NUM_COLUMNA,COLUMNA,FILAS,VACIOS,REVISAR_GENERICO,REVISIONES_ESPECIFICAS,CONFLICTOS,VALORES_UNICOS,EJEMPLOS,ESTADO,SECCION,FILA_EXCEL_APROX,CODIGO_UNICO,VALOR,TIPO,VALOR_ACTUAL,VALOR_ESPERADO,STATUS
1.0,CODIGO_UNICO,71.0,0.0,0.0,0.0,0.0,71.0,I162S2C101J4V1 | I162S2C102J4V1 | I162S2C103J4V1 | I162S2C104J4V1 | I162S2C105J4V1 | I162S2C10J1V1 | I162S2C10J4V1 | I162S2C111J4V1,OK,AUDITORIA_COLUMNAS,,,,,,,
2.0,CODIGO_IES_NUM,71.0,0.0,0.0,0.0,0.0,1.0,162,OK,AUDITORIA_COLUMNAS,,,,,,,
3.0,COD_SEDE,71.0,0.0,0.0,0.0,0.0,2.0,2 | 3,OK,AUDITORIA_COLUMNAS,,,,,,,
4.0,COD_CARRERA_DERIVADO,71.0,0.0,0.0,0.0,0.0,51.0,101 | 102 | 103 | 104 | 105 | 10 | 111 | 112,OK,AUDITORIA_COLUMNAS,,,,,,,
5.0,JORNADA,71.0,0.0,0.0,0.0,0.0,4.0,4 | 1 | 2 | 3,OK,AUDITORIA_COLUMNAS,,,,,,,
6.0,VERSION_DERIVADA,71.0,0.0,0.0,0.0,0.0,3.0,1 | 2 | 3,OK,AUDITORIA_COLUMNAS,,,,,,,
7.0,NOMBRE_CARRERA_ORIGINAL,71.0,0.0,0.0,0.0,0.0,51.0,DIPLOMADO EN SALUD FAMILIAR CON ENFOQUE COMUNITARIO | DIPLOMADO SALUD CON FOCO EN MIGRACION | DIPLOMADO ABORDAJE INTEGRAL DE LA VIOLENCIA DE GENERO EN ATENCION PRIMARIA DE SALUD | DIPLOMADO EN INNOVACION PARA LA DOCENCIA | DIPLOMADO EN HUMANIZACION EN SALUD | TECNICO EN PREVENCION DE RIESGOS | INGENIERIA EN FINANZAS | INGENIERIA EN MARKETING DIGITAL,OK,AUDITORIA_COLUMNAS,,,,,,,
8.0,NOMBRE_CARRERA_NORMALIZADO,71.0,0.0,0.0,0.0,0.0,51.0,DIPLOMADO EN SALUD FAMILIAR CON ENFOQUE COMUNITARIO | DIPLOMADO SALUD CON FOCO EN MIGRACION | DIPLOMADO ABORDAJE INTEGRAL DE LA VIOLENCIA DE GENERO EN ATENCION PRIMARIA DE SALUD | DIPLOMADO EN INNOVACION PARA LA DOCENCIA | DIPLOMADO EN HUMANIZACION EN SALUD | TECNICO EN PREVENCION DE RIESGOS | INGENIERIA EN FINANZAS | INGENIERIA EN MARKETING DIGITAL,OK,AUDITORIA_COLUMNAS,,,,,,,
9.0,MODALIDAD_ORIGINAL,71.0,0.0,0.0,0.0,0.0,3.0,3 | 1 | 2,OK,AUDITORIA_COLUMNAS,,,,,,,
10.0,TIPO_PLAN_CARRERA_ORIGINAL,71.0,0.0,0.0,0.0,0.0,2.0,1 | 3,OK,AUDITORIA_COLUMNAS,,,,,,,
11.0,CARACT_PLAN_ESPECIAL_ORIGINAL,71.0,0.0,0.0,0.0,0.0,1.0,NO APLICA,OK,AUDITORIA_COLUMNAS,,,,,,,
12.0,NIVEL_GLOBAL,71.0,0.0,0.0,0.0,0.0,2.0,3 | 1,OK,AUDITORIA_COLUMNAS,,,,,,,
13.0,NIVEL_CARRERA,71.0,0.0,0.0,0.0,0.0,3.0,5 | 1 | 2,OK,AUDITORIA_COLUMNAS,,,,,,,
14.0,VIGENCIA,71.0,0.0,0.0,0.0,0.0,1.0,1,OK,AUDITORIA_COLUMNAS,,,,,,,
15.0,ESTADO_CRUCE_INDICES,71.0,0.0,0.0,0.0,0.0,1.0,FALTA_CREAR_EN_INDICES,OK,AUDITORIA_COLUMNAS,,,,,,,
16.0,MOTIVO_ESTADO_CRUCE,71.0,0.0,0.0,0.0,0.0,1.0,No existe coincidencia exacta por CODIGO_UNICO ni match auxiliar fuerte,OK,AUDITORIA_COLUMNAS,,,,,,,
17.0,FUENTE,71.0,0.0,0.0,0.0,0.0,1.0,PROMEDIOSDEALUMNOS_7804.xlsx / hoja matriz,OK,AUDITORIA_COLUMNAS,,,,,,,
18.0,REVISADO_MANUALMENTE,71.0,0.0,0.0,0.0,0.0,1.0,NO,OK,AUDITORIA_COLUMNAS,,,,,,,
19.0,OBSERVACION_AUDITORIA,71.0,0.0,0.0,0.0,0.0,1.0,Crear según PROMEDIOSDEALUMNOS_7804.xlsx hoja matriz; no encontrado en listado existente INDICES por CODIGO_UNICO.,OK,AUDITORIA_COLUMNAS,,,,,,,
20.0,Sede,71.0,0.0,0.0,0.0,0.0,2.0,Santiago | Concepción,OK,AUDITORIA_COLUMNAS,,,,,,,
21.0,Tipo de Carrera,71.0,0.0,0.0,0.0,0.0,3.0,Diplomado | Técnico Nivel Superior | Profesional,OK,AUDITORIA_COLUMNAS,,,,,,,
22.0,Nombre,71.0,0.0,0.0,0.0,0.0,51.0,DIPLOMADO EN SALUD FAMILIAR CON ENFOQUE COMUNITARIO | DIPLOMADO SALUD CON FOCO EN MIGRACION | DIPLOMADO ABORDAJE INTEGRAL DE LA VIOLENCIA DE GENERO EN ATENCION PRIMARIA DE SALUD | DIPLOMADO EN INNOVACION PARA LA DOCENCIA | DIPLOMADO EN HUMANIZACION EN SALUD | TECNICO EN PREVENCION DE RIESGOS | INGENIERIA EN FINANZAS | INGENIERIA EN MARKETING DIGITAL,OK,AUDITORIA_COLUMNAS,,,,,,,
23.0,Mención o Especialidad,71.0,0.0,0.0,0.0,0.0,1.0,No aplica,OK,AUDITORIA_COLUMNAS,,,,,,,
24.0,Año de inicio de Actividades,71.0,0.0,0.0,10.0,0.0,10.0,2025 | 2013 | 2026 | DECISION_MANUAL_ANIO_INICIO | 1992 | 2019 | 2017 | 2023,REVISION_ESPECIFICA,AUDITORIA_COLUMNAS,,,,,,,
25.0,Campus,71.0,0.0,0.0,3.0,0.0,2.0,República | REVISAR_SEDE_CONCEPCION,REVISION_ESPECIFICA,AUDITORIA_COLUMNAS,,,,,,,
26.0,Horario,71.0,0.0,0.0,1.0,0.0,4.0,Otro | Diurno | Vespertino | REVISAR_HORARIO_3,REVISION_ESPECIFICA,AUDITORIA_COLUMNAS,,,,,,,
27.0,Estado,71.0,0.0,0.0,0.0,0.0,1.0,Programa o Carrera Nueva(o),OK,AUDITORIA_COLUMNAS,,,,,,,
28.0,Tipo Programa,71.0,0.0,0.0,0.0,0.0,2.0,Programa Regular | Programa Especial,OK,AUDITORIA_COLUMNAS,,,,,,,
29.0,Detalle del Tipo de Programa (especiales),71.0,0.0,0.0,14.0,0.0,2.0,No aplica | REVISAR_DETALLE_PROGRAMA_ESPECIAL,REVISION_ESPECIFICA,AUDITORIA_COLUMNAS,,,,,,,
30.0,Modalidad del Programa,71.0,0.0,0.0,2.0,0.0,3.0,No presencial | Presencial | REVISAR_MODALIDAD_2,REVISION_ESPECIFICA,AUDITORIA_COLUMNAS,,,,,,,
31.0,Área del Conocimiento,71.0,0.0,0.0,71.0,0.0,9.0,REVISAR_AREA_CODIGO_8 | REVISAR_AREA_CODIGO_6 | REVISAR_AREA_CODIGO_9 | REVISAR_AREA_CODIGO_1 | REVISAR_AREA_CODIGO_10 | REVISAR_AREA_SIN_FUENTE_DIRECTA | REVISAR_AREA_CONOCIMIENTO_10 | REVISAR_AREA_CODIGO_7,REVISION_ESPECIFICA,AUDITORIA_COLUMNAS,,,,,,,
32.0,Sub Área,71.0,0.0,0.0,71.0,0.0,1.0,REVISAR_SUB_AREA_SIN_FUENTE_DIRECTA,REVISION_ESPECIFICA,AUDITORIA_COLUMNAS,,,,,,,
33.0,Carrera Genérica,71.0,0.0,0.0,71.0,0.0,1.0,REVISAR_CARRERA_GENERICA_SIN_FUENTE_DIRECTA,REVISION_ESPECIFICA,AUDITORIA_COLUMNAS,,,,,,,
34.0,Título que otorga el programa,71.0,0.0,0.0,10.0,0.0,47.0,DIPLOMADO EN SALUD FAMILIAR CON ENFOQUE COMUNITARIO | DIPLOMADO SALUD CON FOCO EN MIGRACION | DIPLOMADO ABORDAJE INTEGRAL DE LA VIOLENCIA DE GENERO EN APS | DIPLOMADO EN INNOVACION PARA LA DOCENCIA | DIPLOMADO EN HUMANIZACION EN SALUD | TECNICO EN PREVENCION DE RIESGOS | INGENIERO EN FINANZAS | INGENIERO EN MARKETING DIGITAL,REVISION_ESPECIFICA,AUDITORIA_COLUMNAS,,,,,,,
35.0,Grado Académico que otorga el programa,71.0,0.0,0.0,71.0,0.0,1.0,REVISAR_GRADO_ACADEMICO_SIN_FUENTE_DIRECTA,REVISION_ESPECIFICA,AUDITORIA_COLUMNAS,,,,,,,
36.0,Dependencia,71.0,0.0,0.0,71.0,0.0,1.0,REVISAR_DEPENDENCIA_SIN_FUENTE_DIRECTA,REVISION_ESPECIFICA,AUDITORIA_COLUMNAS,,,,,,,
37.0,Régimen,71.0,0.0,0.0,71.0,0.0,4.0,REVISAR_REGIMEN_CODIGO_1 | REVISAR_REGIMEN_CODIGO_2 | REVISAR_REGIMEN_SIN_FUENTE | REVISAR_REGIMEN_MATCH_AMBIGUO,REVISION_ESPECIFICA,AUDITORIA_COLUMNAS,,,,,,,
38.0,Duración del programa en Semestres,71.0,0.0,0.0,0.0,0.0,6.0,1 | 5 | 8 | 4 | 6 | 2,OK,AUDITORIA_COLUMNAS,,,,,,,
39.0,Ingreso Directo,71.0,0.0,0.0,71.0,0.0,6.0,REVISAR_INGRESO_DIRECTO_CODIGO_REQUISITO_INGRESO_2 | REVISAR_INGRESO_DIRECTO_CODIGO_REQUISITO_INGRESO_1 | REVISAR_INGRESO_DIRECTO_CODIGO_REQUISITO_INGRESO_2_SEMESTRES_RECONOCIDOS_5 | REVISAR_INGRESO_DIRECTO_SIN_FUENTE_DIRECTA | REVISAR_INGRESO_DIRECTO_CODIGO_REQUISITO_INGRESO_2_SEMESTRES_RECONOCIDOS_4 | REVISAR_INGRESO_DIRECTO_MATCH_AMBIGUO,REVISION_ESPECIFICA,AUDITORIA_COLUMNAS,,,,,,,
40.0,Ingreso desde un plan Común,71.0,0.0,0.0,0.0,0.0,1.0,NO_APLICA_SIN_EVIDENCIA_PLAN_COMUN,OK,AUDITORIA_COLUMNAS,,,,,,,
41.0,Ingreso desde Bachillerato,71.0,0.0,0.0,0.0,0.0,1.0,NO_APLICA_SIN_EVIDENCIA_BACHILLERATO,OK,AUDITORIA_COLUMNAS,,,,,,,
42.0,Otro Tipo de Ingreso,71.0,0.0,0.0,35.0,0.0,5.0,REVISAR_OTRO_TIPO_INGRESO_CODIGO_REQUISITO_INGRESO_2 | NO_APLICA_SIN_EVIDENCIA_OTRO_INGRESO | REVISAR_OTRO_TIPO_INGRESO_CODIGO_REQUISITO_INGRESO_2_SEMESTRES_RECONOCIDOS_5 | REVISAR_OTRO_TIPO_INGRESO_CODIGO_REQUISITO_INGRESO_2_SEMESTRES_RECONOCIDOS_4 | REVISAR_OTRO_TIPO_INGRESO_MATCH_AMBIGUO,REVISION_ESPECIFICA,AUDITORIA_COLUMNAS,,,,,,,
43.0,Ingreso otro,71.0,0.0,0.0,35.0,0.0,3.0,REVISAR_DESCRIPCION_OTRO_INGRESO_SIN_TEXTO_FUENTE | NO APLICA | REVISAR_DESCRIPCION_OTRO_INGRESO_MATCH_AMBIGUO,REVISION_ESPECIFICA,AUDITORIA_COLUMNAS,,,,,,,
44.0,Observaciones,71.0,0.0,0.0,0.0,0.0,3.0,Crear según matriz PROMEDIOSDEALUMNOS_7804.xlsx / hoja matriz; conciliado contra diccionario oferta 2026; no encontrado en listado existente INDICES por CODIGO_UNICO; campos sin fuente directa quedan con revisión específica. | Crear según matriz PROMEDIOSDEALUMNOS_7804.xlsx / hoja matriz; conciliado contra diccionario oferta 2026; no encontrado en listado existente INDICES por CODIGO_UNICO; campos sin fuente directa quedan con revisión específica; Requiere revisión por match no directo/ambiguo; no completar campos críticos por inferencia. Corrección quirúrgica: 15 campos completados por unanimidad de candidatos de la familia I162S2C3J2; 5 campos quedan como conflicto real por valores divergentes. | Crear según matriz PROMEDIOSDEALUMNOS_7804.xlsx / hoja matriz; conciliado contra diccionario oferta 2026; no encontrado en listado existente INDICES por CODIGO_UNICO; campos sin fuente directa quedan con revisión específica; Revisión por alternativa estructural no exacta: I162S2C6J4V2.,OK,AUDITORIA_COLUMNAS,,,,,,,
45.0,ANIO_INICIO,71.0,0.0,0.0,10.0,1.0,11.0,2025 | 2013 | 2026 | REVISAR_ANIO_INICIO_SIN_FUENTE | 1992 | 2019 | CONFLICTO_REVISAR_ANIO_INICIO_VERSIONES_MULTIPLES_2002_2017_2019 | 2017,CONFLICTO_CONTROLADO,AUDITORIA_COLUMNAS,,,,,,,
46.0,REGIMEN,71.0,0.0,0.0,10.0,0.0,3.0,1 | 2 | REVISAR_REGIMEN_SIN_FUENTE,REVISION_ESPECIFICA,AUDITORIA_COLUMNAS,,,,,,,
47.0,DURACION_REGIMEN,71.0,0.0,0.0,10.0,1.0,9.0,1 | 5 | 7 | 12 | 6 | REVISAR_DURACION_REGIMEN_SIN_FUENTE | 4 | CONFLICTO_REVISAR_DURACION_REGIMEN_VERSIONES_MULTIPLES_4_8,CONFLICTO_CONTROLADO,AUDITORIA_COLUMNAS,,,,,,,
48.0,NOMBRE_TITULO,71.0,0.0,0.0,10.0,0.0,47.0,DIPLOMADO EN SALUD FAMILIAR CON ENFOQUE COMUNITARIO | DIPLOMADO SALUD CON FOCO EN MIGRACION | DIPLOMADO ABORDAJE INTEGRAL DE LA VIOLENCIA DE GENERO EN APS | DIPLOMADO EN INNOVACION PARA LA DOCENCIA | DIPLOMADO EN HUMANIZACION EN SALUD | TECNICO EN PREVENCION DE RIESGOS | INGENIERO EN FINANZAS | INGENIERO EN MARKETING DIGITAL,REVISION_ESPECIFICA,AUDITORIA_COLUMNAS,,,,,,,
49.0,ACREDITACION,71.0,0.0,0.0,10.0,0.0,2.0,2 | REVISAR_ACREDITACION_SIN_FUENTE,REVISION_ESPECIFICA,AUDITORIA_COLUMNAS,,,,,,,
50.0,REQUISITO_INGRESO,71.0,0.0,0.0,10.0,1.0,4.0,2 | 1 | REVISAR_REQUISITO_INGRESO_SIN_FUENTE | CONFLICTO_REVISAR_REQUISITO_INGRESO_VERSIONES_MULTIPLES_1_2,CONFLICTO_CONTROLADO,AUDITORIA_COLUMNAS,,,,,,,
51.0,SEMESTRES_RECONOCIDOS,71.0,0.0,0.0,10.0,1.0,5.0,0 | 5 | REVISAR_SEMESTRES_RECONOCIDOS_SIN_FUENTE | 4 | CONFLICTO_REVISAR_SEMESTRES_RECONOCIDOS_VERSIONES_MULTIPLES_0_4,CONFLICTO_CONTROLADO,AUDITORIA_COLUMNAS,,,,,,,
52.0,AREA_ACTUAL,71.0,0.0,0.0,10.0,0.0,8.0,8 | 6 | 9 | 1 | 10 | REVISAR_AREA_ACTUAL_SIN_FUENTE | 7 | 4,REVISION_ESPECIFICA,AUDITORIA_COLUMNAS,,,,,,,
53.0,AREA_ADMIN_DERECHO,71.0,0.0,0.0,10.0,0.0,3.0,0 | 1 | REVISAR_AREA_ADMIN_DERECHO_SIN_FUENTE,REVISION_ESPECIFICA,AUDITORIA_COLUMNAS,,,,,,,
54.0,AREA_AGRI_SILVI_PESCA_VET,71.0,0.0,0.0,10.0,0.0,2.0,0 | REVISAR_AREA_AGRI_SILVI_PESCA_VET_SIN_FUENTE,REVISION_ESPECIFICA,AUDITORIA_COLUMNAS,,,,,,,
55.0,AREA_ARTES_HUMANIDADES,71.0,0.0,0.0,10.0,0.0,2.0,0 | REVISAR_AREA_ARTES_HUMANIDADES_SIN_FUENTE,REVISION_ESPECIFICA,AUDITORIA_COLUMNAS,,,,,,,
56.0,AREA_CIENCIAS_NAT_MAT_ESTAD,71.0,0.0,0.0,10.0,0.0,3.0,0 | REVISAR_AREA_CIENCIAS_NAT_MAT_ESTAD_SIN_FUENTE | 1,REVISION_ESPECIFICA,AUDITORIA_COLUMNAS,,,,,,,
57.0,AREA_CS_SOCIAL_PERIODISMO_INFO,71.0,0.0,0.0,10.0,0.0,2.0,0 | REVISAR_AREA_CS_SOCIAL_PERIODISMO_INFO_SIN_FUENTE,REVISION_ESPECIFICA,AUDITORIA_COLUMNAS,,,,,,,
58.0,AREA_EDUCACION,71.0,0.0,0.0,10.0,0.0,2.0,0 | REVISAR_AREA_EDUCACION_SIN_FUENTE,REVISION_ESPECIFICA,AUDITORIA_COLUMNAS,,,,,,,
59.0,AREA_INGE_INDUSTRIA_CONSTRUC,71.0,0.0,0.0,10.0,0.0,2.0,0 | REVISAR_AREA_INGE_INDUSTRIA_CONSTRUC_SIN_FUENTE,REVISION_ESPECIFICA,AUDITORIA_COLUMNAS,,,,,,,
60.0,AREA_SALUD_BIENESTAR,71.0,0.0,0.0,10.0,0.0,3.0,0 | 1 | REVISAR_AREA_SALUD_BIENESTAR_SIN_FUENTE,REVISION_ESPECIFICA,AUDITORIA_COLUMNAS,,,,,,,
61.0,AREA_SERVICIOS,71.0,0.0,0.0,10.0,0.0,3.0,0 | 1 | REVISAR_AREA_SERVICIOS_SIN_FUENTE,REVISION_ESPECIFICA,AUDITORIA_COLUMNAS,,,,,,,
62.0,AREA_TECNO_INFO_COMUNICA,71.0,0.0,0.0,10.0,0.0,3.0,0 | 1 | REVISAR_AREA_TECNO_INFO_COMUNICA_SIN_FUENTE,REVISION_ESPECIFICA,AUDITORIA_COLUMNAS,,,,,,,
63.0,VACANTES_PRIMER_SEMESTRE,71.0,0.0,0.0,10.0,1.0,15.0,25 | 0 | 45 | 5 | 55 | 90 | 30 | 60,CONFLICTO_CONTROLADO,AUDITORIA_COLUMNAS,,,,,,,
64.0,VACANTES_SEGUNDO_SEMESTRE,71.0,0.0,0.0,10.0,0.0,3.0,25 | 0 | REVISAR_VACANTES_SEGUNDO_SEMESTRE_SIN_FUENTE,REVISION_ESPECIFICA,AUDITORIA_COLUMNAS,,,,,,,
65.0,FECHA_ADMISION_INICIAL,71.0,0.0,0.0,71.0,0.0,1.0,REVISAR_FECHA_ADMISION_INICIAL_SIN_FUENTE,REVISION_ESPECIFICA,AUDITORIA_COLUMNAS,,,,,,,
66.0,MALLA_CURRICULAR,71.0,0.0,0.0,71.0,0.0,1.0,REVISAR_MALLA_CURRICULAR_SIN_FUENTE,REVISION_ESPECIFICA,AUDITORIA_COLUMNAS,,,,,,,
67.0,PERFIL_EGRESO,71.0,0.0,0.0,71.0,0.0,1.0,REVISAR_PERFIL_EGRESO_SIN_FUENTE,REVISION_ESPECIFICA,AUDITORIA_COLUMNAS,,,,,,,
68.0,TEXTO_REQUISITO_INGRESO,71.0,0.0,0.0,71.0,0.0,1.0,REVISAR_TEXTO_REQUISITO_INGRESO_SIN_FUENTE,REVISION_ESPECIFICA,AUDITORIA_COLUMNAS,,,,,,,
69.0,LICENCIA_ENS_MEDIA,71.0,0.0,0.0,71.0,0.0,1.0,REVISAR_LICENCIA_ENS_MEDIA_SIN_FUENTE,REVISION_ESPECIFICA,AUDITORIA_COLUMNAS,,,,,,,
70.0,NOTAS_ENS_MEDIA,71.0,0.0,0.0,71.0,0.0,1.0,REVISAR_NOTAS_ENS_MEDIA_SIN_FUENTE,REVISION_ESPECIFICA,AUDITORIA_COLUMNAS,,,,,,,
71.0,PROMEDIO_MIN_ENS_MEDIA,71.0,0.0,0.0,71.0,0.0,1.0,REVISAR_PROMEDIO_MIN_ENS_MEDIA_SIN_FUENTE,REVISION_ESPECIFICA,AUDITORIA_COLUMNAS,,,,,,,
72.0,RECONOCIMIENTOS_APREN_PREVIOS,71.0,0.0,0.0,71.0,0.0,1.0,REVISAR_RECONOCIMIENTOS_APREN_PREVIOS_SIN_FUENTE,REVISION_ESPECIFICA,AUDITORIA_COLUMNAS,,,,,,,
73.0,EXPERIENCIA_LABORAL,71.0,0.0,0.0,71.0,0.0,1.0,REVISAR_EXPERIENCIA_LABORAL_SIN_FUENTE,REVISION_ESPECIFICA,AUDITORIA_COLUMNAS,,,,,,,
74.0,OTROS_REQUISITOS,71.0,0.0,0.0,71.0,0.0,1.0,REVISAR_OTROS_REQUISITOS_SIN_FUENTE,REVISION_ESPECIFICA,AUDITORIA_COLUMNAS,,,,,,,
75.0,MAIL_DIFUSION_CARRERA,71.0,0.0,0.0,71.0,0.0,1.0,REVISAR_MAIL_DIFUSION_CARRERA_SIN_FUENTE,REVISION_ESPECIFICA,AUDITORIA_COLUMNAS,,,,,,,
76.0,FORMATO_VALOR,71.0,0.0,0.0,71.0,0.0,1.0,REVISAR_FORMATO_VALOR_SIN_FUENTE,REVISION_ESPECIFICA,AUDITORIA_COLUMNAS,,,,,,,
77.0,VALOR_MATRICULA_ANUAL,71.0,0.0,0.0,71.0,0.0,1.0,REVISAR_VALOR_MATRICULA_ANUAL_SIN_FUENTE,REVISION_ESPECIFICA,AUDITORIA_COLUMNAS,,,,,,,
78.0,COSTO_TITULACION,71.0,0.0,0.0,71.0,0.0,1.0,REVISAR_COSTO_TITULACION_SIN_FUENTE,REVISION_ESPECIFICA,AUDITORIA_COLUMNAS,,,,,,,
79.0,VALOR_CERTIFICADO_DIPLOMA,71.0,0.0,0.0,71.0,0.0,1.0,REVISAR_VALOR_CERTIFICADO_DIPLOMA_SIN_FUENTE,REVISION_ESPECIFICA,AUDITORIA_COLUMNAS,,,,,,,
80.0,ARANCEL_ANUAL,71.0,0.0,0.0,71.0,0.0,1.0,REVISAR_ARANCEL_ANUAL_SIN_FUENTE,REVISION_ESPECIFICA,AUDITORIA_COLUMNAS,,,,,,,
81.0,VIGENCIA_CARRERA,71.0,0.0,0.0,62.0,0.0,2.0,REVISAR_VIGENCIA_CARRERA_SIN_FUENTE_DIRECTA | 1,REVISION_ESPECIFICA,AUDITORIA_COLUMNAS,,,,,,,
82.0,MATCH_STATUS,71.0,0.0,0.0,0.0,0.0,2.0,MATCH_UNICO | MATCH_AMBIGUO,OK,AUDITORIA_COLUMNAS,,,,,,,
83.0,MATCH_METHOD,71.0,0.0,0.0,0.0,0.0,3.0,MATCH_R1_CODIGO_UNICO_DERIVADO | MATCH_R4_AUXILIAR_AMBIGUO_CON_UNANIMIDAD_PARCIAL | MATCH_R3_ESTRUCTURAL_FUERTE,OK,AUDITORIA_COLUMNAS,,,,,,,
84.0,MATCH_KEY,71.0,0.0,0.0,0.0,0.0,71.0,I162S2C101J4V1 | I162S2C102J4V1 | I162S2C103J4V1 | I162S2C104J4V1 | I162S2C105J4V1 | I162S2C10J1V1 | I162S2C10J4V1 | I162S2C111J4V1,OK,AUDITORIA_COLUMNAS,,,,,,,
85.0,MATCH_COUNT,71.0,0.0,0.0,0.0,0.0,2.0,1 | 3,OK,AUDITORIA_COLUMNAS,,,,,,,
86.0,MATCH_CODIGO_UNICO_DERIVADO,71.0,0.0,0.0,0.0,0.0,71.0,I162S2C101J4V1 | I162S2C102J4V1 | I162S2C103J4V1 | I162S2C104J4V1 | I162S2C105J4V1 | I162S2C10J1V1 | I162S2C10J4V1 | I162S2C111J4V1,OK,AUDITORIA_COLUMNAS,,,,,,,
,Año de inicio de Actividades,,,,,,,,,CELDAS_PENDIENTES,25.0,I162S2C13J1V1,DECISION_MANUAL_ANIO_INICIO,REVISION_ESPECIFICA_O_DECISION_MANUAL,,,
,Año de inicio de Actividades,,,,,,,,,CELDAS_PENDIENTES,26.0,I162S2C13J2V1,DECISION_MANUAL_ANIO_INICIO,REVISION_ESPECIFICA_O_DECISION_MANUAL,,,
,Año de inicio de Actividades,,,,,,,,,CELDAS_PENDIENTES,29.0,I162S2C21J1V1,DECISION_MANUAL_ANIO_INICIO,REVISION_ESPECIFICA_O_DECISION_MANUAL,,,
,Año de inicio de Actividades,,,,,,,,,CELDAS_PENDIENTES,30.0,I162S2C21J2V1,DECISION_MANUAL_ANIO_INICIO,REVISION_ESPECIFICA_O_DECISION_MANUAL,,,
,Año de inicio de Actividades,,,,,,,,,CELDAS_PENDIENTES,31.0,I162S2C23J1V1,DECISION_MANUAL_ANIO_INICIO,REVISION_ESPECIFICA_O_DECISION_MANUAL,,,
,Año de inicio de Actividades,,,,,,,,,CELDAS_PENDIENTES,32.0,I162S2C23J2V1,DECISION_MANUAL_ANIO_INICIO,REVISION_ESPECIFICA_O_DECISION_MANUAL,,,
,Año de inicio de Actividades,,,,,,,,,CELDAS_PENDIENTES,33.0,I162S2C24J1V1,DECISION_MANUAL_ANIO_INICIO,REVISION_ESPECIFICA_O_DECISION_MANUAL,,,
,Año de inicio de Actividades,,,,,,,,,CELDAS_PENDIENTES,34.0,I162S2C24J2V1,DECISION_MANUAL_ANIO_INICIO,REVISION_ESPECIFICA_O_DECISION_MANUAL,,,
,Año de inicio de Actividades,,,,,,,,,CELDAS_PENDIENTES,41.0,I162S2C3J2V2,DECISION_MANUAL_ANIO_INICIO,REVISION_ESPECIFICA_O_DECISION_MANUAL,,,
,Año de inicio de Actividades,,,,,,,,,CELDAS_PENDIENTES,43.0,I162S2C41J2V1,DECISION_MANUAL_ANIO_INICIO,REVISION_ESPECIFICA_O_DECISION_MANUAL,,,
,Campus,,,,,,,,,CELDAS_PENDIENTES,70.0,I162S3C114J2V1,REVISAR_SEDE_CONCEPCION,REVISION_ESPECIFICA_O_DECISION_MANUAL,,,
,Campus,,,,,,,,,CELDAS_PENDIENTES,71.0,I162S3C115J2V1,REVISAR_SEDE_CONCEPCION,REVISION_ESPECIFICA_O_DECISION_MANUAL,,,
,Campus,,,,,,,,,CELDAS_PENDIENTES,72.0,I162S3C91J2V1,REVISAR_SEDE_CONCEPCION,REVISION_ESPECIFICA_O_DECISION_MANUAL,,,
,Horario,,,,,,,,,CELDAS_PENDIENTES,44.0,I162S2C53J3V1,REVISAR_HORARIO_3,REVISION_ESPECIFICA_O_DECISION_MANUAL,,,
,Detalle del Tipo de Programa (especiales),,,,,,,,,CELDAS_PENDIENTES,10.0,I162S2C111J4V2,REVISAR_DETALLE_PROGRAMA_ESPECIAL,REVISION_ESPECIFICA_O_DECISION_MANUAL,,,
,Detalle del Tipo de Programa (especiales),,,,,,,,,CELDAS_PENDIENTES,12.0,I162S2C112J4V2,REVISAR_DETALLE_PROGRAMA_ESPECIAL,REVISION_ESPECIFICA_O_DECISION_MANUAL,,,
,Detalle del Tipo de Programa (especiales),,,,,,,,,CELDAS_PENDIENTES,14.0,I162S2C113J4V2,REVISAR_DETALLE_PROGRAMA_ESPECIAL,REVISION_ESPECIFICA_O_DECISION_MANUAL,,,
,Detalle del Tipo de Programa (especiales),,,,,,,,,CELDAS_PENDIENTES,22.0,I162S2C124J4V2,REVISAR_DETALLE_PROGRAMA_ESPECIAL,REVISION_ESPECIFICA_O_DECISION_MANUAL,,,
,Detalle del Tipo de Programa (especiales),,,,,,,,,CELDAS_PENDIENTES,24.0,I162S2C125J4V2,REVISAR_DETALLE_PROGRAMA_ESPECIAL,REVISION_ESPECIFICA_O_DECISION_MANUAL,,,
,Detalle del Tipo de Programa (especiales),,,,,,,,,CELDAS_PENDIENTES,27.0,I162S2C1J2V2,REVISAR_DETALLE_PROGRAMA_ESPECIAL,REVISION_ESPECIFICA_O_DECISION_MANUAL,,,
,Detalle del Tipo de Programa (especiales),,,,,,,,,CELDAS_PENDIENTES,28.0,I162S2C1J4V3,REVISAR_DETALLE_PROGRAMA_ESPECIAL,REVISION_ESPECIFICA_O_DECISION_MANUAL,,,
,Detalle del Tipo de Programa (especiales),,,,,,,,,CELDAS_PENDIENTES,41.0,I162S2C3J2V2,REVISAR_DETALLE_PROGRAMA_ESPECIAL,REVISION_ESPECIFICA_O_DECISION_MANUAL,,,
,Detalle del Tipo de Programa (especiales),,,,,,,,,CELDAS_PENDIENTES,57.0,I162S2C76J4V2,REVISAR_DETALLE_PROGRAMA_ESPECIAL,REVISION_ESPECIFICA_O_DECISION_MANUAL,,,
,Detalle del Tipo de Programa (especiales),,,,,,,,,CELDAS_PENDIENTES,58.0,I162S2C77J4V2,REVISAR_DETALLE_PROGRAMA_ESPECIAL,REVISION_ESPECIFICA_O_DECISION_MANUAL,,,
,Detalle del Tipo de Programa (especiales),,,,,,,,,CELDAS_PENDIENTES,59.0,I162S2C83J4V2,REVISAR_DETALLE_PROGRAMA_ESPECIAL,REVISION_ESPECIFICA_O_DECISION_MANUAL,,,
,Detalle del Tipo de Programa (especiales),,,,,,,,,CELDAS_PENDIENTES,60.0,I162S2C86J4V2,REVISAR_DETALLE_PROGRAMA_ESPECIAL,REVISION_ESPECIFICA_O_DECISION_MANUAL,,,
,Detalle del Tipo de Programa (especiales),,,,,,,,,CELDAS_PENDIENTES,62.0,I162S2C88J4V2,REVISAR_DETALLE_PROGRAMA_ESPECIAL,REVISION_ESPECIFICA_O_DECISION_MANUAL,,,
,Detalle del Tipo de Programa (especiales),,,,,,,,,CELDAS_PENDIENTES,63.0,I162S2C90J2V1,REVISAR_DETALLE_PROGRAMA_ESPECIAL,REVISION_ESPECIFICA_O_DECISION_MANUAL,,,
,Modalidad del Programa,,,,,,,,,CELDAS_PENDIENTES,42.0,I162S2C40J2V1,REVISAR_MODALIDAD_2,REVISION_ESPECIFICA_O_DECISION_MANUAL,,,
,Modalidad del Programa,,,,,,,,,CELDAS_PENDIENTES,44.0,I162S2C53J3V1,REVISAR_MODALIDAD_2,REVISION_ESPECIFICA_O_DECISION_MANUAL,,,
,Área del Conocimiento,,,,,,,,,CELDAS_PENDIENTES,2.0,I162S2C101J4V1,REVISAR_AREA_CODIGO_8,REVISION_ESPECIFICA_O_DECISION_MANUAL,,,
,Área del Conocimiento,,,,,,,,,CELDAS_PENDIENTES,3.0,I162S2C102J4V1,REVISAR_AREA_CODIGO_8,REVISION_ESPECIFICA_O_DECISION_MANUAL,,,
,Área del Conocimiento,,,,,,,,,CELDAS_PENDIENTES,4.0,I162S2C103J4V1,REVISAR_AREA_CODIGO_8,REVISION_ESPECIFICA_O_DECISION_MANUAL,,,
,Área del Conocimiento,,,,,,,,,CELDAS_PENDIENTES,5.0,I162S2C104J4V1,REVISAR_AREA_CODIGO_6,REVISION_ESPECIFICA_O_DECISION_MANUAL,,,
,Área del Conocimiento,,,,,,,,,CELDAS_PENDIENTES,6.0,I162S2C105J4V1,REVISAR_AREA_CODIGO_8,REVISION_ESPECIFICA_O_DECISION_MANUAL,,,
,Área del Conocimiento,,,,,,,,,CELDAS_PENDIENTES,7.0,I162S2C10J1V1,REVISAR_AREA_CODIGO_9,REVISION_ESPECIFICA_O_DECISION_MANUAL,,,
,Área del Conocimiento,,,,,,,,,CELDAS_PENDIENTES,8.0,I162S2C10J4V1,REVISAR_AREA_CODIGO_9,REVISION_ESPECIFICA_O_DECISION_MANUAL,,,
,Área del Conocimiento,,,,,,,,,CELDAS_PENDIENTES,9.0,I162S2C111J4V1,REVISAR_AREA_CODIGO_1,REVISION_ESPECIFICA_O_DECISION_MANUAL,,,
,Área del Conocimiento,,,,,,,,,CELDAS_PENDIENTES,10.0,I162S2C111J4V2,REVISAR_AREA_CODIGO_1,REVISION_ESPECIFICA_O_DECISION_MANUAL,,,
,Área del Conocimiento,,,,,,,,,CELDAS_PENDIENTES,11.0,I162S2C112J4V1,REVISAR_AREA_CODIGO_1,REVISION_ESPECIFICA_O_DECISION_MANUAL,,,
,Área del Conocimiento,,,,,,,,,CELDAS_PENDIENTES,12.0,I162S2C112J4V2,REVISAR_AREA_CODIGO_1,REVISION_ESPECIFICA_O_DECISION_MANUAL,,,
,Área del Conocimiento,,,,,,,,,CELDAS_PENDIENTES,13.0,I162S2C113J4V1,REVISAR_AREA_CODIGO_1,REVISION_ESPECIFICA_O_DECISION_MANUAL,,,
,Área del Conocimiento,,,,,,,,,CELDAS_PENDIENTES,14.0,I162S2C113J4V2,REVISAR_AREA_CODIGO_1,REVISION_ESPECIFICA_O_DECISION_MANUAL,,,
,Área del Conocimiento,,,,,,,,,CELDAS_PENDIENTES,15.0,I162S2C114J2V1,REVISAR_AREA_CODIGO_8,REVISION_ESPECIFICA_O_DECISION_MANUAL,,,
,Área del Conocimiento,,,,,,,,,CELDAS_PENDIENTES,16.0,I162S2C115J2V1,REVISAR_AREA_CODIGO_8,REVISION_ESPECIFICA_O_DECISION_MANUAL,,,
,Área del Conocimiento,,,,,,,,,CELDAS_PENDIENTES,17.0,I162S2C116J4V1,REVISAR_AREA_CODIGO_1,REVISION_ESPECIFICA_O_DECISION_MANUAL,,,
,Área del Conocimiento,,,,,,,,,CELDAS_PENDIENTES,18.0,I162S2C117J4V1,REVISAR_AREA_CODIGO_10,REVISION_ESPECIFICA_O_DECISION_MANUAL,,,
,Área del Conocimiento,,,,,,,,,CELDAS_PENDIENTES,19.0,I162S2C118J4V1,REVISAR_AREA_CODIGO_1,REVISION_ESPECIFICA_O_DECISION_MANUAL,,,
,Área del Conocimiento,,,,,,,,,CELDAS_PENDIENTES,20.0,I162S2C119J4V1,REVISAR_AREA_CODIGO_1,REVISION_ESPECIFICA_O_DECISION_MANUAL,,,
,Área del Conocimiento,,,,,,,,,CELDAS_PENDIENTES,21.0,I162S2C124J4V1,REVISAR_AREA_CODIGO_9,REVISION_ESPECIFICA_O_DECISION_MANUAL,,,
,Área del Conocimiento,,,,,,,,,CELDAS_PENDIENTES,22.0,I162S2C124J4V2,REVISAR_AREA_CODIGO_9,REVISION_ESPECIFICA_O_DECISION_MANUAL,,,
,Área del Conocimiento,,,,,,,,,CELDAS_PENDIENTES,23.0,I162S2C125J4V1,REVISAR_AREA_CODIGO_9,REVISION_ESPECIFICA_O_DECISION_MANUAL,,,
,Área del Conocimiento,,,,,,,,,CELDAS_PENDIENTES,24.0,I162S2C125J4V2,REVISAR_AREA_CODIGO_9,REVISION_ESPECIFICA_O_DECISION_MANUAL,,,
,Área del Conocimiento,,,,,,,,,CELDAS_PENDIENTES,25.0,I162S2C13J1V1,REVISAR_AREA_SIN_FUENTE_DIRECTA,REVISION_ESPECIFICA_O_DECISION_MANUAL,,,
,Área del Conocimiento,,,,,,,,,CELDAS_PENDIENTES,26.0,I162S2C13J2V1,REVISAR_AREA_SIN_FUENTE_DIRECTA,REVISION_ESPECIFICA_O_DECISION_MANUAL,,,
,Área del Conocimiento,,,,,,,,,CELDAS_PENDIENTES,27.0,I162S2C1J2V2,REVISAR_AREA_CODIGO_10,REVISION_ESPECIFICA_O_DECISION_MANUAL,,,
,Área del Conocimiento,,,,,,,,,CELDAS_PENDIENTES,28.0,I162S2C1J4V3,REVISAR_AREA_CODIGO_10,REVISION_ESPECIFICA_O_DECISION_MANUAL,,,
,Área del Conocimiento,,,,,,,,,CELDAS_PENDIENTES,29.0,I162S2C21J1V1,REVISAR_AREA_SIN_FUENTE_DIRECTA,REVISION_ESPECIFICA_O_DECISION_MANUAL,,,
,Área del Conocimiento,,,,,,,,,CELDAS_PENDIENTES,30.0,I162S2C21J2V1,REVISAR_AREA_SIN_FUENTE_DIRECTA,REVISION_ESPECIFICA_O_DECISION_MANUAL,,,
,Área del Conocimiento,,,,,,,,,CELDAS_PENDIENTES,31.0,I162S2C23J1V1,REVISAR_AREA_SIN_FUENTE_DIRECTA,REVISION_ESPECIFICA_O_DECISION_MANUAL,,,
,Área del Conocimiento,,,,,,,,,CELDAS_PENDIENTES,32.0,I162S2C23J2V1,REVISAR_AREA_SIN_FUENTE_DIRECTA,REVISION_ESPECIFICA_O_DECISION_MANUAL,,,
,Área del Conocimiento,,,,,,,,,CELDAS_PENDIENTES,33.0,I162S2C24J1V1,REVISAR_AREA_SIN_FUENTE_DIRECTA,REVISION_ESPECIFICA_O_DECISION_MANUAL,,,
,Área del Conocimiento,,,,,,,,,CELDAS_PENDIENTES,34.0,I162S2C24J2V1,REVISAR_AREA_SIN_FUENTE_DIRECTA,REVISION_ESPECIFICA_O_DECISION_MANUAL,,,
,Área del Conocimiento,,,,,,,,,CELDAS_PENDIENTES,35.0,I162S2C2J1V2,REVISAR_AREA_CODIGO_10,REVISION_ESPECIFICA_O_DECISION_MANUAL,,,
,Área del Conocimiento,,,,,,,,,CELDAS_PENDIENTES,36.0,I162S2C2J2V2,REVISAR_AREA_CODIGO_10,REVISION_ESPECIFICA_O_DECISION_MANUAL,,,
,Área del Conocimiento,,,,,,,,,CELDAS_PENDIENTES,37.0,I162S2C2J4V2,REVISAR_AREA_CODIGO_10,REVISION_ESPECIFICA_O_DECISION_MANUAL,,,
,Área del Conocimiento,,,,,,,,,CELDAS_PENDIENTES,38.0,I162S2C35J1V2,REVISAR_AREA_CODIGO_10,REVISION_ESPECIFICA_O_DECISION_MANUAL,,,
,Área del Conocimiento,,,,,,,,,CELDAS_PENDIENTES,39.0,I162S2C35J2V2,REVISAR_AREA_CODIGO_10,REVISION_ESPECIFICA_O_DECISION_MANUAL,,,
,Área del Conocimiento,,,,,,,,,CELDAS_PENDIENTES,40.0,I162S2C35J4V2,REVISAR_AREA_CODIGO_10,REVISION_ESPECIFICA_O_DECISION_MANUAL,,,
,Área del Conocimiento,,,,,,,,,CELDAS_PENDIENTES,41.0,I162S2C3J2V2,REVISAR_AREA_CONOCIMIENTO_10,REVISION_ESPECIFICA_O_DECISION_MANUAL,,,
,Área del Conocimiento,,,,,,,,,CELDAS_PENDIENTES,42.0,I162S2C40J2V1,REVISAR_AREA_CODIGO_6,REVISION_ESPECIFICA_O_DECISION_MANUAL,,,
,Área del Conocimiento,,,,,,,,,CELDAS_PENDIENTES,43.0,I162S2C41J2V1,REVISAR_AREA_SIN_FUENTE_DIRECTA,REVISION_ESPECIFICA_O_DECISION_MANUAL,,,
,Área del Conocimiento,,,,,,,,,CELDAS_PENDIENTES,44.0,I162S2C53J3V1,REVISAR_AREA_CODIGO_10,REVISION_ESPECIFICA_O_DECISION_MANUAL,,,
,Área del Conocimiento,,,,,,,,,CELDAS_PENDIENTES,45.0,I162S2C63J4V1,REVISAR_AREA_CODIGO_10,REVISION_ESPECIFICA_O_DECISION_MANUAL,,,
,Área del Conocimiento,,,,,,,,,CELDAS_PENDIENTES,46.0,I162S2C64J4V1,REVISAR_AREA_CODIGO_10,REVISION_ESPECIFICA_O_DECISION_MANUAL,,,
,Área del Conocimiento,,,,,,,,,CELDAS_PENDIENTES,47.0,I162S2C65J4V1,REVISAR_AREA_CODIGO_10,REVISION_ESPECIFICA_O_DECISION_MANUAL,,,
,Área del Conocimiento,,,,,,,,,CELDAS_PENDIENTES,48.0,I162S2C66J4V1,REVISAR_AREA_CODIGO_10,REVISION_ESPECIFICA_O_DECISION_MANUAL,,,
,Área del Conocimiento,,,,,,,,,CELDAS_PENDIENTES,49.0,I162S2C67J4V1,REVISAR_AREA_CODIGO_1,REVISION_ESPECIFICA_O_DECISION_MANUAL,,,
,Área del Conocimiento,,,,,,,,,CELDAS_PENDIENTES,50.0,I162S2C68J4V1,REVISAR_AREA_CODIGO_9,REVISION_ESPECIFICA_O_DECISION_MANUAL,,,
,Área del Conocimiento,,,,,,,,,CELDAS_PENDIENTES,51.0,I162S2C69J4V1,REVISAR_AREA_CODIGO_10,REVISION_ESPECIFICA_O_DECISION_MANUAL,,,
,Área del Conocimiento,,,,,,,,,CELDAS_PENDIENTES,52.0,I162S2C6J1V1,REVISAR_AREA_CODIGO_10,REVISION_ESPECIFICA_O_DECISION_MANUAL,,,
,Área del Conocimiento,,,,,,,,,CELDAS_PENDIENTES,53.0,I162S2C6J2V1,REVISAR_AREA_CODIGO_10,REVISION_ESPECIFICA_O_DECISION_MANUAL,,,
,Área del Conocimiento,,,,,,,,,CELDAS_PENDIENTES,54.0,I162S2C6J4V1,REVISAR_AREA_CONOCIMIENTO_10,REVISION_ESPECIFICA_O_DECISION_MANUAL,,,
,Área del Conocimiento,,,,,,,,,CELDAS_PENDIENTES,55.0,I162S2C70J4V1,REVISAR_AREA_CODIGO_7,REVISION_ESPECIFICA_O_DECISION_MANUAL,,,
,Área del Conocimiento,,,,,,,,,CELDAS_PENDIENTES,56.0,I162S2C71J4V1,REVISAR_AREA_CODIGO_10,REVISION_ESPECIFICA_O_DECISION_MANUAL,,,
,Área del Conocimiento,,,,,,,,,CELDAS_PENDIENTES,57.0,I162S2C76J4V2,REVISAR_AREA_CODIGO_1,REVISION_ESPECIFICA_O_DECISION_MANUAL,,,
,Área del Conocimiento,,,,,,,,,CELDAS_PENDIENTES,58.0,I162S2C77J4V2,REVISAR_AREA_CODIGO_1,REVISION_ESPECIFICA_O_DECISION_MANUAL,,,
,Área del Conocimiento,,,,,,,,,CELDAS_PENDIENTES,59.0,I162S2C83J4V2,REVISAR_AREA_CODIGO_1,REVISION_ESPECIFICA_O_DECISION_MANUAL,,,
,Área del Conocimiento,,,,,,,,,CELDAS_PENDIENTES,60.0,I162S2C86J4V2,REVISAR_AREA_CODIGO_1,REVISION_ESPECIFICA_O_DECISION_MANUAL,,,
,Área del Conocimiento,,,,,,,,,CELDAS_PENDIENTES,61.0,I162S2C87J4V2,REVISAR_AREA_CODIGO_7,REVISION_ESPECIFICA_O_DECISION_MANUAL,,,
,Área del Conocimiento,,,,,,,,,CELDAS_PENDIENTES,62.0,I162S2C88J4V2,REVISAR_AREA_CODIGO_4,REVISION_ESPECIFICA_O_DECISION_MANUAL,,,
,Área del Conocimiento,,,,,,,,,CELDAS_PENDIENTES,63.0,I162S2C90J2V1,REVISAR_AREA_CODIGO_8,REVISION_ESPECIFICA_O_DECISION_MANUAL,,,
,Área del Conocimiento,,,,,,,,,CELDAS_PENDIENTES,64.0,I162S2C90J2V2,REVISAR_AREA_CODIGO_8,REVISION_ESPECIFICA_O_DECISION_MANUAL,,,
,Área del Conocimiento,,,,,,,,,CELDAS_PENDIENTES,65.0,I162S2C95J4V1,REVISAR_AREA_CODIGO_10,REVISION_ESPECIFICA_O_DECISION_MANUAL,,,
,Área del Conocimiento,,,,,,,,,CELDAS_PENDIENTES,66.0,I162S2C96J4V1,REVISAR_AREA_CODIGO_4,REVISION_ESPECIFICA_O_DECISION_MANUAL,,,
,Área del Conocimiento,,,,,,,,,CELDAS_PENDIENTES,67.0,I162S2C97J4V1,REVISAR_AREA_CODIGO_1,REVISION_ESPECIFICA_O_DECISION_MANUAL,,,
,Área del Conocimiento,,,,,,,,,CELDAS_PENDIENTES,68.0,I162S2C98J4V1,REVISAR_AREA_CODIGO_1,REVISION_ESPECIFICA_O_DECISION_MANUAL,,,
,Área del Conocimiento,,,,,,,,,CELDAS_PENDIENTES,69.0,I162S2C99J4V1,REVISAR_AREA_CODIGO_1,REVISION_ESPECIFICA_O_DECISION_MANUAL,,,
,Área del Conocimiento,,,,,,,,,CELDAS_PENDIENTES,70.0,I162S3C114J2V1,REVISAR_AREA_CODIGO_8,REVISION_ESPECIFICA_O_DECISION_MANUAL,,,
,Área del Conocimiento,,,,,,,,,CELDAS_PENDIENTES,71.0,I162S3C115J2V1,REVISAR_AREA_CODIGO_8,REVISION_ESPECIFICA_O_DECISION_MANUAL,,,
,Área del Conocimiento,,,,,,,,,CELDAS_PENDIENTES,72.0,I162S3C91J2V1,REVISAR_AREA_CODIGO_8,REVISION_ESPECIFICA_O_DECISION_MANUAL,,,
,Sub Área,,,,,,,,,CELDAS_PENDIENTES,2.0,I162S2C101J4V1,REVISAR_SUB_AREA_SIN_FUENTE_DIRECTA,REVISION_ESPECIFICA_O_DECISION_MANUAL,,,
,Sub Área,,,,,,,,,CELDAS_PENDIENTES,3.0,I162S2C102J4V1,REVISAR_SUB_AREA_SIN_FUENTE_DIRECTA,REVISION_ESPECIFICA_O_DECISION_MANUAL,,,
,Sub Área,,,,,,,,,CELDAS_PENDIENTES,4.0,I162S2C103J4V1,REVISAR_SUB_AREA_SIN_FUENTE_DIRECTA,REVISION_ESPECIFICA_O_DECISION_MANUAL,,,
,Sub Área,,,,,,,,,CELDAS_PENDIENTES,5.0,I162S2C104J4V1,REVISAR_SUB_AREA_SIN_FUENTE_DIRECTA,REVISION_ESPECIFICA_O_DECISION_MANUAL,,,
,Sub Área,,,,,,,,,CELDAS_PENDIENTES,6.0,I162S2C105J4V1,REVISAR_SUB_AREA_SIN_FUENTE_DIRECTA,REVISION_ESPECIFICA_O_DECISION_MANUAL,,,
,Sub Área,,,,,,,,,CELDAS_PENDIENTES,7.0,I162S2C10J1V1,REVISAR_SUB_AREA_SIN_FUENTE_DIRECTA,REVISION_ESPECIFICA_O_DECISION_MANUAL,,,
,Sub Área,,,,,,,,,CELDAS_PENDIENTES,8.0,I162S2C10J4V1,REVISAR_SUB_AREA_SIN_FUENTE_DIRECTA,REVISION_ESPECIFICA_O_DECISION_MANUAL,,,
,Sub Área,,,,,,,,,CELDAS_PENDIENTES,9.0,I162S2C111J4V1,REVISAR_SUB_AREA_SIN_FUENTE_DIRECTA,REVISION_ESPECIFICA_O_DECISION_MANUAL,,,
,Sub Área,,,,,,,,,CELDAS_PENDIENTES,10.0,I162S2C111J4V2,REVISAR_SUB_AREA_SIN_FUENTE_DIRECTA,REVISION_ESPECIFICA_O_DECISION_MANUAL,,,
,Sub Área,,,,,,,,,CELDAS_PENDIENTES,11.0,I162S2C112J4V1,REVISAR_SUB_AREA_SIN_FUENTE_DIRECTA,REVISION_ESPECIFICA_O_DECISION_MANUAL,,,
,Sub Área,,,,,,,,,CELDAS_PENDIENTES,12.0,I162S2C112J4V2,REVISAR_SUB_AREA_SIN_FUENTE_DIRECTA,REVISION_ESPECIFICA_O_DECISION_MANUAL,,,
,Sub Área,,,,,,,,,CELDAS_PENDIENTES,13.0,I162S2C113J4V1,REVISAR_SUB_AREA_SIN_FUENTE_DIRECTA,REVISION_ESPECIFICA_O_DECISION_MANUAL,,,
,Sub Área,,,,,,,,,CELDAS_PENDIENTES,14.0,I162S2C113J4V2,REVISAR_SUB_AREA_SIN_FUENTE_DIRECTA,REVISION_ESPECIFICA_O_DECISION_MANUAL,,,
,Sub Área,,,,,,,,,CELDAS_PENDIENTES,15.0,I162S2C114J2V1,REVISAR_SUB_AREA_SIN_FUENTE_DIRECTA,REVISION_ESPECIFICA_O_DECISION_MANUAL,,,
,Sub Área,,,,,,,,,CELDAS_PENDIENTES,16.0,I162S2C115J2V1,REVISAR_SUB_AREA_SIN_FUENTE_DIRECTA,REVISION_ESPECIFICA_O_DECISION_MANUAL,,,
,Sub Área,,,,,,,,,CELDAS_PENDIENTES,17.0,I162S2C116J4V1,REVISAR_SUB_AREA_SIN_FUENTE_DIRECTA,REVISION_ESPECIFICA_O_DECISION_MANUAL,,,
,Sub Área,,,,,,,,,CELDAS_PENDIENTES,18.0,I162S2C117J4V1,REVISAR_SUB_AREA_SIN_FUENTE_DIRECTA,REVISION_ESPECIFICA_O_DECISION_MANUAL,,,
,Sub Área,,,,,,,,,CELDAS_PENDIENTES,19.0,I162S2C118J4V1,REVISAR_SUB_AREA_SIN_FUENTE_DIRECTA,REVISION_ESPECIFICA_O_DECISION_MANUAL,,,
,Sub Área,,,,,,,,,CELDAS_PENDIENTES,20.0,I162S2C119J4V1,REVISAR_SUB_AREA_SIN_FUENTE_DIRECTA,REVISION_ESPECIFICA_O_DECISION_MANUAL,,,
,Sub Área,,,,,,,,,CELDAS_PENDIENTES,21.0,I162S2C124J4V1,REVISAR_SUB_AREA_SIN_FUENTE_DIRECTA,REVISION_ESPECIFICA_O_DECISION_MANUAL,,,
,Sub Área,,,,,,,,,CELDAS_PENDIENTES,22.0,I162S2C124J4V2,REVISAR_SUB_AREA_SIN_FUENTE_DIRECTA,REVISION_ESPECIFICA_O_DECISION_MANUAL,,,
,Sub Área,,,,,,,,,CELDAS_PENDIENTES,23.0,I162S2C125J4V1,REVISAR_SUB_AREA_SIN_FUENTE_DIRECTA,REVISION_ESPECIFICA_O_DECISION_MANUAL,,,
,Sub Área,,,,,,,,,CELDAS_PENDIENTES,24.0,I162S2C125J4V2,REVISAR_SUB_AREA_SIN_FUENTE_DIRECTA,REVISION_ESPECIFICA_O_DECISION_MANUAL,,,
,Sub Área,,,,,,,,,CELDAS_PENDIENTES,25.0,I162S2C13J1V1,REVISAR_SUB_AREA_SIN_FUENTE_DIRECTA,REVISION_ESPECIFICA_O_DECISION_MANUAL,,,
,Sub Área,,,,,,,,,CELDAS_PENDIENTES,26.0,I162S2C13J2V1,REVISAR_SUB_AREA_SIN_FUENTE_DIRECTA,REVISION_ESPECIFICA_O_DECISION_MANUAL,,,
,Sub Área,,,,,,,,,CELDAS_PENDIENTES,27.0,I162S2C1J2V2,REVISAR_SUB_AREA_SIN_FUENTE_DIRECTA,REVISION_ESPECIFICA_O_DECISION_MANUAL,,,
,Sub Área,,,,,,,,,CELDAS_PENDIENTES,28.0,I162S2C1J4V3,REVISAR_SUB_AREA_SIN_FUENTE_DIRECTA,REVISION_ESPECIFICA_O_DECISION_MANUAL,,,
,Sub Área,,,,,,,,,CELDAS_PENDIENTES,29.0,I162S2C21J1V1,REVISAR_SUB_AREA_SIN_FUENTE_DIRECTA,REVISION_ESPECIFICA_O_DECISION_MANUAL,,,
,Sub Área,,,,,,,,,CELDAS_PENDIENTES,30.0,I162S2C21J2V1,REVISAR_SUB_AREA_SIN_FUENTE_DIRECTA,REVISION_ESPECIFICA_O_DECISION_MANUAL,,,
,Sub Área,,,,,,,,,CELDAS_PENDIENTES,31.0,I162S2C23J1V1,REVISAR_SUB_AREA_SIN_FUENTE_DIRECTA,REVISION_ESPECIFICA_O_DECISION_MANUAL,,,
,Sub Área,,,,,,,,,CELDAS_PENDIENTES,32.0,I162S2C23J2V1,REVISAR_SUB_AREA_SIN_FUENTE_DIRECTA,REVISION_ESPECIFICA_O_DECISION_MANUAL,,,
,Sub Área,,,,,,,,,CELDAS_PENDIENTES,33.0,I162S2C24J1V1,REVISAR_SUB_AREA_SIN_FUENTE_DIRECTA,REVISION_ESPECIFICA_O_DECISION_MANUAL,,,
,Sub Área,,,,,,,,,CELDAS_PENDIENTES,34.0,I162S2C24J2V1,REVISAR_SUB_AREA_SIN_FUENTE_DIRECTA,REVISION_ESPECIFICA_O_DECISION_MANUAL,,,
,Sub Área,,,,,,,,,CELDAS_PENDIENTES,35.0,I162S2C2J1V2,REVISAR_SUB_AREA_SIN_FUENTE_DIRECTA,REVISION_ESPECIFICA_O_DECISION_MANUAL,,,
,Sub Área,,,,,,,,,CELDAS_PENDIENTES,36.0,I162S2C2J2V2,REVISAR_SUB_AREA_SIN_FUENTE_DIRECTA,REVISION_ESPECIFICA_O_DECISION_MANUAL,,,
,Sub Área,,,,,,,,,CELDAS_PENDIENTES,37.0,I162S2C2J4V2,REVISAR_SUB_AREA_SIN_FUENTE_DIRECTA,REVISION_ESPECIFICA_O_DECISION_MANUAL,,,
,Sub Área,,,,,,,,,CELDAS_PENDIENTES,38.0,I162S2C35J1V2,REVISAR_SUB_AREA_SIN_FUENTE_DIRECTA,REVISION_ESPECIFICA_O_DECISION_MANUAL,,,
,Sub Área,,,,,,,,,CELDAS_PENDIENTES,39.0,I162S2C35J2V2,REVISAR_SUB_AREA_SIN_FUENTE_DIRECTA,REVISION_ESPECIFICA_O_DECISION_MANUAL,,,
,Sub Área,,,,,,,,,CELDAS_PENDIENTES,40.0,I162S2C35J4V2,REVISAR_SUB_AREA_SIN_FUENTE_DIRECTA,REVISION_ESPECIFICA_O_DECISION_MANUAL,,,
,Sub Área,,,,,,,,,CELDAS_PENDIENTES,41.0,I162S2C3J2V2,REVISAR_SUB_AREA_SIN_FUENTE_DIRECTA,REVISION_ESPECIFICA_O_DECISION_MANUAL,,,
,Sub Área,,,,,,,,,CELDAS_PENDIENTES,42.0,I162S2C40J2V1,REVISAR_SUB_AREA_SIN_FUENTE_DIRECTA,REVISION_ESPECIFICA_O_DECISION_MANUAL,,,
,Sub Área,,,,,,,,,CELDAS_PENDIENTES,43.0,I162S2C41J2V1,REVISAR_SUB_AREA_SIN_FUENTE_DIRECTA,REVISION_ESPECIFICA_O_DECISION_MANUAL,,,
,Sub Área,,,,,,,,,CELDAS_PENDIENTES,44.0,I162S2C53J3V1,REVISAR_SUB_AREA_SIN_FUENTE_DIRECTA,REVISION_ESPECIFICA_O_DECISION_MANUAL,,,
,Sub Área,,,,,,,,,CELDAS_PENDIENTES,45.0,I162S2C63J4V1,REVISAR_SUB_AREA_SIN_FUENTE_DIRECTA,REVISION_ESPECIFICA_O_DECISION_MANUAL,,,
,Sub Área,,,,,,,,,CELDAS_PENDIENTES,46.0,I162S2C64J4V1,REVISAR_SUB_AREA_SIN_FUENTE_DIRECTA,REVISION_ESPECIFICA_O_DECISION_MANUAL,,,
,Sub Área,,,,,,,,,CELDAS_PENDIENTES,47.0,I162S2C65J4V1,REVISAR_SUB_AREA_SIN_FUENTE_DIRECTA,REVISION_ESPECIFICA_O_DECISION_MANUAL,,,
,Sub Área,,,,,,,,,CELDAS_PENDIENTES,48.0,I162S2C66J4V1,REVISAR_SUB_AREA_SIN_FUENTE_DIRECTA,REVISION_ESPECIFICA_O_DECISION_MANUAL,,,
,Sub Área,,,,,,,,,CELDAS_PENDIENTES,49.0,I162S2C67J4V1,REVISAR_SUB_AREA_SIN_FUENTE_DIRECTA,REVISION_ESPECIFICA_O_DECISION_MANUAL,,,
,Sub Área,,,,,,,,,CELDAS_PENDIENTES,50.0,I162S2C68J4V1,REVISAR_SUB_AREA_SIN_FUENTE_DIRECTA,REVISION_ESPECIFICA_O_DECISION_MANUAL,,,
,Sub Área,,,,,,,,,CELDAS_PENDIENTES,51.0,I162S2C69J4V1,REVISAR_SUB_AREA_SIN_FUENTE_DIRECTA,REVISION_ESPECIFICA_O_DECISION_MANUAL,,,
,Sub Área,,,,,,,,,CELDAS_PENDIENTES,52.0,I162S2C6J1V1,REVISAR_SUB_AREA_SIN_FUENTE_DIRECTA,REVISION_ESPECIFICA_O_DECISION_MANUAL,,,
,Sub Área,,,,,,,,,CELDAS_PENDIENTES,53.0,I162S2C6J2V1,REVISAR_SUB_AREA_SIN_FUENTE_DIRECTA,REVISION_ESPECIFICA_O_DECISION_MANUAL,,,
,Sub Área,,,,,,,,,CELDAS_PENDIENTES,54.0,I162S2C6J4V1,REVISAR_SUB_AREA_SIN_FUENTE_DIRECTA,REVISION_ESPECIFICA_O_DECISION_MANUAL,,,
,Sub Área,,,,,,,,,CELDAS_PENDIENTES,55.0,I162S2C70J4V1,REVISAR_SUB_AREA_SIN_FUENTE_DIRECTA,REVISION_ESPECIFICA_O_DECISION_MANUAL,,,
,Sub Área,,,,,,,,,CELDAS_PENDIENTES,56.0,I162S2C71J4V1,REVISAR_SUB_AREA_SIN_FUENTE_DIRECTA,REVISION_ESPECIFICA_O_DECISION_MANUAL,,,
,Sub Área,,,,,,,,,CELDAS_PENDIENTES,57.0,I162S2C76J4V2,REVISAR_SUB_AREA_SIN_FUENTE_DIRECTA,REVISION_ESPECIFICA_O_DECISION_MANUAL,,,
,Sub Área,,,,,,,,,CELDAS_PENDIENTES,58.0,I162S2C77J4V2,REVISAR_SUB_AREA_SIN_FUENTE_DIRECTA,REVISION_ESPECIFICA_O_DECISION_MANUAL,,,
,Sub Área,,,,,,,,,CELDAS_PENDIENTES,59.0,I162S2C83J4V2,REVISAR_SUB_AREA_SIN_FUENTE_DIRECTA,REVISION_ESPECIFICA_O_DECISION_MANUAL,,,
,Sub Área,,,,,,,,,CELDAS_PENDIENTES,60.0,I162S2C86J4V2,REVISAR_SUB_AREA_SIN_FUENTE_DIRECTA,REVISION_ESPECIFICA_O_DECISION_MANUAL,,,
,Sub Área,,,,,,,,,CELDAS_PENDIENTES,61.0,I162S2C87J4V2,REVISAR_SUB_AREA_SIN_FUENTE_DIRECTA,REVISION_ESPECIFICA_O_DECISION_MANUAL,,,
,Sub Área,,,,,,,,,CELDAS_PENDIENTES,62.0,I162S2C88J4V2,REVISAR_SUB_AREA_SIN_FUENTE_DIRECTA,REVISION_ESPECIFICA_O_DECISION_MANUAL,,,
,Sub Área,,,,,,,,,CELDAS_PENDIENTES,63.0,I162S2C90J2V1,REVISAR_SUB_AREA_SIN_FUENTE_DIRECTA,REVISION_ESPECIFICA_O_DECISION_MANUAL,,,
,Sub Área,,,,,,,,,CELDAS_PENDIENTES,64.0,I162S2C90J2V2,REVISAR_SUB_AREA_SIN_FUENTE_DIRECTA,REVISION_ESPECIFICA_O_DECISION_MANUAL,,,
,Sub Área,,,,,,,,,CELDAS_PENDIENTES,65.0,I162S2C95J4V1,REVISAR_SUB_AREA_SIN_FUENTE_DIRECTA,REVISION_ESPECIFICA_O_DECISION_MANUAL,,,
,Sub Área,,,,,,,,,CELDAS_PENDIENTES,66.0,I162S2C96J4V1,REVISAR_SUB_AREA_SIN_FUENTE_DIRECTA,REVISION_ESPECIFICA_O_DECISION_MANUAL,,,
,Sub Área,,,,,,,,,CELDAS_PENDIENTES,67.0,I162S2C97J4V1,REVISAR_SUB_AREA_SIN_FUENTE_DIRECTA,REVISION_ESPECIFICA_O_DECISION_MANUAL,,,
,Sub Área,,,,,,,,,CELDAS_PENDIENTES,68.0,I162S2C98J4V1,REVISAR_SUB_AREA_SIN_FUENTE_DIRECTA,REVISION_ESPECIFICA_O_DECISION_MANUAL,,,
,Sub Área,,,,,,,,,CELDAS_PENDIENTES,69.0,I162S2C99J4V1,REVISAR_SUB_AREA_SIN_FUENTE_DIRECTA,REVISION_ESPECIFICA_O_DECISION_MANUAL,,,
,Sub Área,,,,,,,,,CELDAS_PENDIENTES,70.0,I162S3C114J2V1,REVISAR_SUB_AREA_SIN_FUENTE_DIRECTA,REVISION_ESPECIFICA_O_DECISION_MANUAL,,,
,Sub Área,,,,,,,,,CELDAS_PENDIENTES,71.0,I162S3C115J2V1,REVISAR_SUB_AREA_SIN_FUENTE_DIRECTA,REVISION_ESPECIFICA_O_DECISION_MANUAL,,,
,Sub Área,,,,,,,,,CELDAS_PENDIENTES,72.0,I162S3C91J2V1,REVISAR_SUB_AREA_SIN_FUENTE_DIRECTA,REVISION_ESPECIFICA_O_DECISION_MANUAL,,,
,Carrera Genérica,,,,,,,,,CELDAS_PENDIENTES,2.0,I162S2C101J4V1,REVISAR_CARRERA_GENERICA_SIN_FUENTE_DIRECTA,REVISION_ESPECIFICA_O_DECISION_MANUAL,,,
,Carrera Genérica,,,,,,,,,CELDAS_PENDIENTES,3.0,I162S2C102J4V1,REVISAR_CARRERA_GENERICA_SIN_FUENTE_DIRECTA,REVISION_ESPECIFICA_O_DECISION_MANUAL,,,
,Carrera Genérica,,,,,,,,,CELDAS_PENDIENTES,4.0,I162S2C103J4V1,REVISAR_CARRERA_GENERICA_SIN_FUENTE_DIRECTA,REVISION_ESPECIFICA_O_DECISION_MANUAL,,,
,Carrera Genérica,,,,,,,,,CELDAS_PENDIENTES,5.0,I162S2C104J4V1,REVISAR_CARRERA_GENERICA_SIN_FUENTE_DIRECTA,REVISION_ESPECIFICA_O_DECISION_MANUAL,,,
,Carrera Genérica,,,,,,,,,CELDAS_PENDIENTES,6.0,I162S2C105J4V1,REVISAR_CARRERA_GENERICA_SIN_FUENTE_DIRECTA,REVISION_ESPECIFICA_O_DECISION_MANUAL,,,
,Carrera Genérica,,,,,,,,,CELDAS_PENDIENTES,7.0,I162S2C10J1V1,REVISAR_CARRERA_GENERICA_SIN_FUENTE_DIRECTA,REVISION_ESPECIFICA_O_DECISION_MANUAL,,,
,Carrera Genérica,,,,,,,,,CELDAS_PENDIENTES,8.0,I162S2C10J4V1,REVISAR_CARRERA_GENERICA_SIN_FUENTE_DIRECTA,REVISION_ESPECIFICA_O_DECISION_MANUAL,,,
,Carrera Genérica,,,,,,,,,CELDAS_PENDIENTES,9.0,I162S2C111J4V1,REVISAR_CARRERA_GENERICA_SIN_FUENTE_DIRECTA,REVISION_ESPECIFICA_O_DECISION_MANUAL,,,
,Carrera Genérica,,,,,,,,,CELDAS_PENDIENTES,10.0,I162S2C111J4V2,REVISAR_CARRERA_GENERICA_SIN_FUENTE_DIRECTA,REVISION_ESPECIFICA_O_DECISION_MANUAL,,,
,Carrera Genérica,,,,,,,,,CELDAS_PENDIENTES,11.0,I162S2C112J4V1,REVISAR_CARRERA_GENERICA_SIN_FUENTE_DIRECTA,REVISION_ESPECIFICA_O_DECISION_MANUAL,,,
,Carrera Genérica,,,,,,,,,CELDAS_PENDIENTES,12.0,I162S2C112J4V2,REVISAR_CARRERA_GENERICA_SIN_FUENTE_DIRECTA,REVISION_ESPECIFICA_O_DECISION_MANUAL,,,
,Carrera Genérica,,,,,,,,,CELDAS_PENDIENTES,13.0,I162S2C113J4V1,REVISAR_CARRERA_GENERICA_SIN_FUENTE_DIRECTA,REVISION_ESPECIFICA_O_DECISION_MANUAL,,,
,Carrera Genérica,,,,,,,,,CELDAS_PENDIENTES,14.0,I162S2C113J4V2,REVISAR_CARRERA_GENERICA_SIN_FUENTE_DIRECTA,REVISION_ESPECIFICA_O_DECISION_MANUAL,,,
,Carrera Genérica,,,,,,,,,CELDAS_PENDIENTES,15.0,I162S2C114J2V1,REVISAR_CARRERA_GENERICA_SIN_FUENTE_DIRECTA,REVISION_ESPECIFICA_O_DECISION_MANUAL,,,
,Carrera Genérica,,,,,,,,,CELDAS_PENDIENTES,16.0,I162S2C115J2V1,REVISAR_CARRERA_GENERICA_SIN_FUENTE_DIRECTA,REVISION_ESPECIFICA_O_DECISION_MANUAL,,,
,Carrera Genérica,,,,,,,,,CELDAS_PENDIENTES,17.0,I162S2C116J4V1,REVISAR_CARRERA_GENERICA_SIN_FUENTE_DIRECTA,REVISION_ESPECIFICA_O_DECISION_MANUAL,,,
,Carrera Genérica,,,,,,,,,CELDAS_PENDIENTES,18.0,I162S2C117J4V1,REVISAR_CARRERA_GENERICA_SIN_FUENTE_DIRECTA,REVISION_ESPECIFICA_O_DECISION_MANUAL,,,
,Carrera Genérica,,,,,,,,,CELDAS_PENDIENTES,19.0,I162S2C118J4V1,REVISAR_CARRERA_GENERICA_SIN_FUENTE_DIRECTA,REVISION_ESPECIFICA_O_DECISION_MANUAL,,,
,Carrera Genérica,,,,,,,,,CELDAS_PENDIENTES,20.0,I162S2C119J4V1,REVISAR_CARRERA_GENERICA_SIN_FUENTE_DIRECTA,REVISION_ESPECIFICA_O_DECISION_MANUAL,,,
,Carrera Genérica,,,,,,,,,CELDAS_PENDIENTES,21.0,I162S2C124J4V1,REVISAR_CARRERA_GENERICA_SIN_FUENTE_DIRECTA,REVISION_ESPECIFICA_O_DECISION_MANUAL,,,
,Carrera Genérica,,,,,,,,,CELDAS_PENDIENTES,22.0,I162S2C124J4V2,REVISAR_CARRERA_GENERICA_SIN_FUENTE_DIRECTA,REVISION_ESPECIFICA_O_DECISION_MANUAL,,,
,Carrera Genérica,,,,,,,,,CELDAS_PENDIENTES,23.0,I162S2C125J4V1,REVISAR_CARRERA_GENERICA_SIN_FUENTE_DIRECTA,REVISION_ESPECIFICA_O_DECISION_MANUAL,,,
,Carrera Genérica,,,,,,,,,CELDAS_PENDIENTES,24.0,I162S2C125J4V2,REVISAR_CARRERA_GENERICA_SIN_FUENTE_DIRECTA,REVISION_ESPECIFICA_O_DECISION_MANUAL,,,
,Carrera Genérica,,,,,,,,,CELDAS_PENDIENTES,25.0,I162S2C13J1V1,REVISAR_CARRERA_GENERICA_SIN_FUENTE_DIRECTA,REVISION_ESPECIFICA_O_DECISION_MANUAL,,,
,Carrera Genérica,,,,,,,,,CELDAS_PENDIENTES,26.0,I162S2C13J2V1,REVISAR_CARRERA_GENERICA_SIN_FUENTE_DIRECTA,REVISION_ESPECIFICA_O_DECISION_MANUAL,,,
,Carrera Genérica,,,,,,,,,CELDAS_PENDIENTES,27.0,I162S2C1J2V2,REVISAR_CARRERA_GENERICA_SIN_FUENTE_DIRECTA,REVISION_ESPECIFICA_O_DECISION_MANUAL,,,
,Carrera Genérica,,,,,,,,,CELDAS_PENDIENTES,28.0,I162S2C1J4V3,REVISAR_CARRERA_GENERICA_SIN_FUENTE_DIRECTA,REVISION_ESPECIFICA_O_DECISION_MANUAL,,,
,Carrera Genérica,,,,,,,,,CELDAS_PENDIENTES,29.0,I162S2C21J1V1,REVISAR_CARRERA_GENERICA_SIN_FUENTE_DIRECTA,REVISION_ESPECIFICA_O_DECISION_MANUAL,,,
,Carrera Genérica,,,,,,,,,CELDAS_PENDIENTES,30.0,I162S2C21J2V1,REVISAR_CARRERA_GENERICA_SIN_FUENTE_DIRECTA,REVISION_ESPECIFICA_O_DECISION_MANUAL,,,
,Carrera Genérica,,,,,,,,,CELDAS_PENDIENTES,31.0,I162S2C23J1V1,REVISAR_CARRERA_GENERICA_SIN_FUENTE_DIRECTA,REVISION_ESPECIFICA_O_DECISION_MANUAL,,,
,Carrera Genérica,,,,,,,,,CELDAS_PENDIENTES,32.0,I162S2C23J2V1,REVISAR_CARRERA_GENERICA_SIN_FUENTE_DIRECTA,REVISION_ESPECIFICA_O_DECISION_MANUAL,,,
,Carrera Genérica,,,,,,,,,CELDAS_PENDIENTES,33.0,I162S2C24J1V1,REVISAR_CARRERA_GENERICA_SIN_FUENTE_DIRECTA,REVISION_ESPECIFICA_O_DECISION_MANUAL,,,
,Carrera Genérica,,,,,,,,,CELDAS_PENDIENTES,34.0,I162S2C24J2V1,REVISAR_CARRERA_GENERICA_SIN_FUENTE_DIRECTA,REVISION_ESPECIFICA_O_DECISION_MANUAL,,,
,Carrera Genérica,,,,,,,,,CELDAS_PENDIENTES,35.0,I162S2C2J1V2,REVISAR_CARRERA_GENERICA_SIN_FUENTE_DIRECTA,REVISION_ESPECIFICA_O_DECISION_MANUAL,,,
,Carrera Genérica,,,,,,,,,CELDAS_PENDIENTES,36.0,I162S2C2J2V2,REVISAR_CARRERA_GENERICA_SIN_FUENTE_DIRECTA,REVISION_ESPECIFICA_O_DECISION_MANUAL,,,
,Carrera Genérica,,,,,,,,,CELDAS_PENDIENTES,37.0,I162S2C2J4V2,REVISAR_CARRERA_GENERICA_SIN_FUENTE_DIRECTA,REVISION_ESPECIFICA_O_DECISION_MANUAL,,,
,Carrera Genérica,,,,,,,,,CELDAS_PENDIENTES,38.0,I162S2C35J1V2,REVISAR_CARRERA_GENERICA_SIN_FUENTE_DIRECTA,REVISION_ESPECIFICA_O_DECISION_MANUAL,,,
,Carrera Genérica,,,,,,,,,CELDAS_PENDIENTES,39.0,I162S2C35J2V2,REVISAR_CARRERA_GENERICA_SIN_FUENTE_DIRECTA,REVISION_ESPECIFICA_O_DECISION_MANUAL,,,
,Carrera Genérica,,,,,,,,,CELDAS_PENDIENTES,40.0,I162S2C35J4V2,REVISAR_CARRERA_GENERICA_SIN_FUENTE_DIRECTA,REVISION_ESPECIFICA_O_DECISION_MANUAL,,,
,Carrera Genérica,,,,,,,,,CELDAS_PENDIENTES,41.0,I162S2C3J2V2,REVISAR_CARRERA_GENERICA_SIN_FUENTE_DIRECTA,REVISION_ESPECIFICA_O_DECISION_MANUAL,,,
,Carrera Genérica,,,,,,,,,CELDAS_PENDIENTES,42.0,I162S2C40J2V1,REVISAR_CARRERA_GENERICA_SIN_FUENTE_DIRECTA,REVISION_ESPECIFICA_O_DECISION_MANUAL,,,
,Carrera Genérica,,,,,,,,,CELDAS_PENDIENTES,43.0,I162S2C41J2V1,REVISAR_CARRERA_GENERICA_SIN_FUENTE_DIRECTA,REVISION_ESPECIFICA_O_DECISION_MANUAL,,,
,Carrera Genérica,,,,,,,,,CELDAS_PENDIENTES,44.0,I162S2C53J3V1,REVISAR_CARRERA_GENERICA_SIN_FUENTE_DIRECTA,REVISION_ESPECIFICA_O_DECISION_MANUAL,,,
,Carrera Genérica,,,,,,,,,CELDAS_PENDIENTES,45.0,I162S2C63J4V1,REVISAR_CARRERA_GENERICA_SIN_FUENTE_DIRECTA,REVISION_ESPECIFICA_O_DECISION_MANUAL,,,
,Carrera Genérica,,,,,,,,,CELDAS_PENDIENTES,46.0,I162S2C64J4V1,REVISAR_CARRERA_GENERICA_SIN_FUENTE_DIRECTA,REVISION_ESPECIFICA_O_DECISION_MANUAL,,,
,Carrera Genérica,,,,,,,,,CELDAS_PENDIENTES,47.0,I162S2C65J4V1,REVISAR_CARRERA_GENERICA_SIN_FUENTE_DIRECTA,REVISION_ESPECIFICA_O_DECISION_MANUAL,,,
,Carrera Genérica,,,,,,,,,CELDAS_PENDIENTES,48.0,I162S2C66J4V1,REVISAR_CARRERA_GENERICA_SIN_FUENTE_DIRECTA,REVISION_ESPECIFICA_O_DECISION_MANUAL,,,
,Carrera Genérica,,,,,,,,,CELDAS_PENDIENTES,49.0,I162S2C67J4V1,REVISAR_CARRERA_GENERICA_SIN_FUENTE_DIRECTA,REVISION_ESPECIFICA_O_DECISION_MANUAL,,,
,Carrera Genérica,,,,,,,,,CELDAS_PENDIENTES,50.0,I162S2C68J4V1,REVISAR_CARRERA_GENERICA_SIN_FUENTE_DIRECTA,REVISION_ESPECIFICA_O_DECISION_MANUAL,,,
,Carrera Genérica,,,,,,,,,CELDAS_PENDIENTES,51.0,I162S2C69J4V1,REVISAR_CARRERA_GENERICA_SIN_FUENTE_DIRECTA,REVISION_ESPECIFICA_O_DECISION_MANUAL,,,
,Carrera Genérica,,,,,,,,,CELDAS_PENDIENTES,52.0,I162S2C6J1V1,REVISAR_CARRERA_GENERICA_SIN_FUENTE_DIRECTA,REVISION_ESPECIFICA_O_DECISION_MANUAL,,,
,Carrera Genérica,,,,,,,,,CELDAS_PENDIENTES,53.0,I162S2C6J2V1,REVISAR_CARRERA_GENERICA_SIN_FUENTE_DIRECTA,REVISION_ESPECIFICA_O_DECISION_MANUAL,,,
,Carrera Genérica,,,,,,,,,CELDAS_PENDIENTES,54.0,I162S2C6J4V1,REVISAR_CARRERA_GENERICA_SIN_FUENTE_DIRECTA,REVISION_ESPECIFICA_O_DECISION_MANUAL,,,
,Carrera Genérica,,,,,,,,,CELDAS_PENDIENTES,55.0,I162S2C70J4V1,REVISAR_CARRERA_GENERICA_SIN_FUENTE_DIRECTA,REVISION_ESPECIFICA_O_DECISION_MANUAL,,,
,Carrera Genérica,,,,,,,,,CELDAS_PENDIENTES,56.0,I162S2C71J4V1,REVISAR_CARRERA_GENERICA_SIN_FUENTE_DIRECTA,REVISION_ESPECIFICA_O_DECISION_MANUAL,,,
,Carrera Genérica,,,,,,,,,CELDAS_PENDIENTES,57.0,I162S2C76J4V2,REVISAR_CARRERA_GENERICA_SIN_FUENTE_DIRECTA,REVISION_ESPECIFICA_O_DECISION_MANUAL,,,
,Carrera Genérica,,,,,,,,,CELDAS_PENDIENTES,58.0,I162S2C77J4V2,REVISAR_CARRERA_GENERICA_SIN_FUENTE_DIRECTA,REVISION_ESPECIFICA_O_DECISION_MANUAL,,,
,Carrera Genérica,,,,,,,,,CELDAS_PENDIENTES,59.0,I162S2C83J4V2,REVISAR_CARRERA_GENERICA_SIN_FUENTE_DIRECTA,REVISION_ESPECIFICA_O_DECISION_MANUAL,,,
,Carrera Genérica,,,,,,,,,CELDAS_PENDIENTES,60.0,I162S2C86J4V2,REVISAR_CARRERA_GENERICA_SIN_FUENTE_DIRECTA,REVISION_ESPECIFICA_O_DECISION_MANUAL,,,
,Carrera Genérica,,,,,,,,,CELDAS_PENDIENTES,61.0,I162S2C87J4V2,REVISAR_CARRERA_GENERICA_SIN_FUENTE_DIRECTA,REVISION_ESPECIFICA_O_DECISION_MANUAL,,,
,Carrera Genérica,,,,,,,,,CELDAS_PENDIENTES,62.0,I162S2C88J4V2,REVISAR_CARRERA_GENERICA_SIN_FUENTE_DIRECTA,REVISION_ESPECIFICA_O_DECISION_MANUAL,,,
,Carrera Genérica,,,,,,,,,CELDAS_PENDIENTES,63.0,I162S2C90J2V1,REVISAR_CARRERA_GENERICA_SIN_FUENTE_DIRECTA,REVISION_ESPECIFICA_O_DECISION_MANUAL,,,
,Carrera Genérica,,,,,,,,,CELDAS_PENDIENTES,64.0,I162S2C90J2V2,REVISAR_CARRERA_GENERICA_SIN_FUENTE_DIRECTA,REVISION_ESPECIFICA_O_DECISION_MANUAL,,,
,Carrera Genérica,,,,,,,,,CELDAS_PENDIENTES,65.0,I162S2C95J4V1,REVISAR_CARRERA_GENERICA_SIN_FUENTE_DIRECTA,REVISION_ESPECIFICA_O_DECISION_MANUAL,,,
,Carrera Genérica,,,,,,,,,CELDAS_PENDIENTES,66.0,I162S2C96J4V1,REVISAR_CARRERA_GENERICA_SIN_FUENTE_DIRECTA,REVISION_ESPECIFICA_O_DECISION_MANUAL,,,
,Carrera Genérica,,,,,,,,,CELDAS_PENDIENTES,67.0,I162S2C97J4V1,REVISAR_CARRERA_GENERICA_SIN_FUENTE_DIRECTA,REVISION_ESPECIFICA_O_DECISION_MANUAL,,,
,Carrera Genérica,,,,,,,,,CELDAS_PENDIENTES,68.0,I162S2C98J4V1,REVISAR_CARRERA_GENERICA_SIN_FUENTE_DIRECTA,REVISION_ESPECIFICA_O_DECISION_MANUAL,,,
,Carrera Genérica,,,,,,,,,CELDAS_PENDIENTES,69.0,I162S2C99J4V1,REVISAR_CARRERA_GENERICA_SIN_FUENTE_DIRECTA,REVISION_ESPECIFICA_O_DECISION_MANUAL,,,
,Carrera Genérica,,,,,,,,,CELDAS_PENDIENTES,70.0,I162S3C114J2V1,REVISAR_CARRERA_GENERICA_SIN_FUENTE_DIRECTA,REVISION_ESPECIFICA_O_DECISION_MANUAL,,,
,Carrera Genérica,,,,,,,,,CELDAS_PENDIENTES,71.0,I162S3C115J2V1,REVISAR_CARRERA_GENERICA_SIN_FUENTE_DIRECTA,REVISION_ESPECIFICA_O_DECISION_MANUAL,,,
,Carrera Genérica,,,,,,,,,CELDAS_PENDIENTES,72.0,I162S3C91J2V1,REVISAR_CARRERA_GENERICA_SIN_FUENTE_DIRECTA,REVISION_ESPECIFICA_O_DECISION_MANUAL,,,
,Título que otorga el programa,,,,,,,,,CELDAS_PENDIENTES,25.0,I162S2C13J1V1,REVISAR_TITULO_SIN_FUENTE_DIRECTA,REVISION_ESPECIFICA_O_DECISION_MANUAL,,,
,Título que otorga el programa,,,,,,,,,CELDAS_PENDIENTES,26.0,I162S2C13J2V1,REVISAR_TITULO_SIN_FUENTE_DIRECTA,REVISION_ESPECIFICA_O_DECISION_MANUAL,,,
,Título que otorga el programa,,,,,,,,,CELDAS_PENDIENTES,29.0,I162S2C21J1V1,REVISAR_TITULO_SIN_FUENTE_DIRECTA,REVISION_ESPECIFICA_O_DECISION_MANUAL,,,
,Título que otorga el programa,,,,,,,,,CELDAS_PENDIENTES,30.0,I162S2C21J2V1,REVISAR_TITULO_SIN_FUENTE_DIRECTA,REVISION_ESPECIFICA_O_DECISION_MANUAL,,,
,Título que otorga el programa,,,,,,,,,CELDAS_PENDIENTES,31.0,I162S2C23J1V1,REVISAR_TITULO_SIN_FUENTE_DIRECTA,REVISION_ESPECIFICA_O_DECISION_MANUAL,,,
,Título que otorga el programa,,,,,,,,,CELDAS_PENDIENTES,32.0,I162S2C23J2V1,REVISAR_TITULO_SIN_FUENTE_DIRECTA,REVISION_ESPECIFICA_O_DECISION_MANUAL,,,
,Título que otorga el programa,,,,,,,,,CELDAS_PENDIENTES,33.0,I162S2C24J1V1,REVISAR_TITULO_SIN_FUENTE_DIRECTA,REVISION_ESPECIFICA_O_DECISION_MANUAL,,,
,Título que otorga el programa,,,,,,,,,CELDAS_PENDIENTES,34.0,I162S2C24J2V1,REVISAR_TITULO_SIN_FUENTE_DIRECTA,REVISION_ESPECIFICA_O_DECISION_MANUAL,,,
,Título que otorga el programa,,,,,,,,,CELDAS_PENDIENTES,41.0,I162S2C3J2V2,REVISAR_TITULO_MATCH_AMBIGUO,REVISION_ESPECIFICA_O_DECISION_MANUAL,,,
,Título que otorga el programa,,,,,,,,,CELDAS_PENDIENTES,43.0,I162S2C41J2V1,REVISAR_TITULO_SIN_FUENTE_DIRECTA,REVISION_ESPECIFICA_O_DECISION_MANUAL,,,
,Grado Académico que otorga el programa,,,,,,,,,CELDAS_PENDIENTES,2.0,I162S2C101J4V1,REVISAR_GRADO_ACADEMICO_SIN_FUENTE_DIRECTA,REVISION_ESPECIFICA_O_DECISION_MANUAL,,,
,Grado Académico que otorga el programa,,,,,,,,,CELDAS_PENDIENTES,3.0,I162S2C102J4V1,REVISAR_GRADO_ACADEMICO_SIN_FUENTE_DIRECTA,REVISION_ESPECIFICA_O_DECISION_MANUAL,,,
,Grado Académico que otorga el programa,,,,,,,,,CELDAS_PENDIENTES,4.0,I162S2C103J4V1,REVISAR_GRADO_ACADEMICO_SIN_FUENTE_DIRECTA,REVISION_ESPECIFICA_O_DECISION_MANUAL,,,
,Grado Académico que otorga el programa,,,,,,,,,CELDAS_PENDIENTES,5.0,I162S2C104J4V1,REVISAR_GRADO_ACADEMICO_SIN_FUENTE_DIRECTA,REVISION_ESPECIFICA_O_DECISION_MANUAL,,,
,Grado Académico que otorga el programa,,,,,,,,,CELDAS_PENDIENTES,6.0,I162S2C105J4V1,REVISAR_GRADO_ACADEMICO_SIN_FUENTE_DIRECTA,REVISION_ESPECIFICA_O_DECISION_MANUAL,,,
,Grado Académico que otorga el programa,,,,,,,,,CELDAS_PENDIENTES,7.0,I162S2C10J1V1,REVISAR_GRADO_ACADEMICO_SIN_FUENTE_DIRECTA,REVISION_ESPECIFICA_O_DECISION_MANUAL,,,
,Grado Académico que otorga el programa,,,,,,,,,CELDAS_PENDIENTES,8.0,I162S2C10J4V1,REVISAR_GRADO_ACADEMICO_SIN_FUENTE_DIRECTA,REVISION_ESPECIFICA_O_DECISION_MANUAL,,,
,Grado Académico que otorga el programa,,,,,,,,,CELDAS_PENDIENTES,9.0,I162S2C111J4V1,REVISAR_GRADO_ACADEMICO_SIN_FUENTE_DIRECTA,REVISION_ESPECIFICA_O_DECISION_MANUAL,,,
,Grado Académico que otorga el programa,,,,,,,,,CELDAS_PENDIENTES,10.0,I162S2C111J4V2,REVISAR_GRADO_ACADEMICO_SIN_FUENTE_DIRECTA,REVISION_ESPECIFICA_O_DECISION_MANUAL,,,
,Grado Académico que otorga el programa,,,,,,,,,CELDAS_PENDIENTES,11.0,I162S2C112J4V1,REVISAR_GRADO_ACADEMICO_SIN_FUENTE_DIRECTA,REVISION_ESPECIFICA_O_DECISION_MANUAL,,,
,Grado Académico que otorga el programa,,,,,,,,,CELDAS_PENDIENTES,12.0,I162S2C112J4V2,REVISAR_GRADO_ACADEMICO_SIN_FUENTE_DIRECTA,REVISION_ESPECIFICA_O_DECISION_MANUAL,,,
,Grado Académico que otorga el programa,,,,,,,,,CELDAS_PENDIENTES,13.0,I162S2C113J4V1,REVISAR_GRADO_ACADEMICO_SIN_FUENTE_DIRECTA,REVISION_ESPECIFICA_O_DECISION_MANUAL,,,
,Grado Académico que otorga el programa,,,,,,,,,CELDAS_PENDIENTES,14.0,I162S2C113J4V2,REVISAR_GRADO_ACADEMICO_SIN_FUENTE_DIRECTA,REVISION_ESPECIFICA_O_DECISION_MANUAL,,,
,Grado Académico que otorga el programa,,,,,,,,,CELDAS_PENDIENTES,15.0,I162S2C114J2V1,REVISAR_GRADO_ACADEMICO_SIN_FUENTE_DIRECTA,REVISION_ESPECIFICA_O_DECISION_MANUAL,,,
,Grado Académico que otorga el programa,,,,,,,,,CELDAS_PENDIENTES,16.0,I162S2C115J2V1,REVISAR_GRADO_ACADEMICO_SIN_FUENTE_DIRECTA,REVISION_ESPECIFICA_O_DECISION_MANUAL,,,
,Grado Académico que otorga el programa,,,,,,,,,CELDAS_PENDIENTES,17.0,I162S2C116J4V1,REVISAR_GRADO_ACADEMICO_SIN_FUENTE_DIRECTA,REVISION_ESPECIFICA_O_DECISION_MANUAL,,,
,Grado Académico que otorga el programa,,,,,,,,,CELDAS_PENDIENTES,18.0,I162S2C117J4V1,REVISAR_GRADO_ACADEMICO_SIN_FUENTE_DIRECTA,REVISION_ESPECIFICA_O_DECISION_MANUAL,,,
,Grado Académico que otorga el programa,,,,,,,,,CELDAS_PENDIENTES,19.0,I162S2C118J4V1,REVISAR_GRADO_ACADEMICO_SIN_FUENTE_DIRECTA,REVISION_ESPECIFICA_O_DECISION_MANUAL,,,
,Grado Académico que otorga el programa,,,,,,,,,CELDAS_PENDIENTES,20.0,I162S2C119J4V1,REVISAR_GRADO_ACADEMICO_SIN_FUENTE_DIRECTA,REVISION_ESPECIFICA_O_DECISION_MANUAL,,,
,Grado Académico que otorga el programa,,,,,,,,,CELDAS_PENDIENTES,21.0,I162S2C124J4V1,REVISAR_GRADO_ACADEMICO_SIN_FUENTE_DIRECTA,REVISION_ESPECIFICA_O_DECISION_MANUAL,,,
,Grado Académico que otorga el programa,,,,,,,,,CELDAS_PENDIENTES,22.0,I162S2C124J4V2,REVISAR_GRADO_ACADEMICO_SIN_FUENTE_DIRECTA,REVISION_ESPECIFICA_O_DECISION_MANUAL,,,
,Grado Académico que otorga el programa,,,,,,,,,CELDAS_PENDIENTES,23.0,I162S2C125J4V1,REVISAR_GRADO_ACADEMICO_SIN_FUENTE_DIRECTA,REVISION_ESPECIFICA_O_DECISION_MANUAL,,,
,Grado Académico que otorga el programa,,,,,,,,,CELDAS_PENDIENTES,24.0,I162S2C125J4V2,REVISAR_GRADO_ACADEMICO_SIN_FUENTE_DIRECTA,REVISION_ESPECIFICA_O_DECISION_MANUAL,,,
,Grado Académico que otorga el programa,,,,,,,,,CELDAS_PENDIENTES,25.0,I162S2C13J1V1,REVISAR_GRADO_ACADEMICO_SIN_FUENTE_DIRECTA,REVISION_ESPECIFICA_O_DECISION_MANUAL,,,
,Grado Académico que otorga el programa,,,,,,,,,CELDAS_PENDIENTES,26.0,I162S2C13J2V1,REVISAR_GRADO_ACADEMICO_SIN_FUENTE_DIRECTA,REVISION_ESPECIFICA_O_DECISION_MANUAL,,,
,Grado Académico que otorga el programa,,,,,,,,,CELDAS_PENDIENTES,27.0,I162S2C1J2V2,REVISAR_GRADO_ACADEMICO_SIN_FUENTE_DIRECTA,REVISION_ESPECIFICA_O_DECISION_MANUAL,,,
,Grado Académico que otorga el programa,,,,,,,,,CELDAS_PENDIENTES,28.0,I162S2C1J4V3,REVISAR_GRADO_ACADEMICO_SIN_FUENTE_DIRECTA,REVISION_ESPECIFICA_O_DECISION_MANUAL,,,
,Grado Académico que otorga el programa,,,,,,,,,CELDAS_PENDIENTES,29.0,I162S2C21J1V1,REVISAR_GRADO_ACADEMICO_SIN_FUENTE_DIRECTA,REVISION_ESPECIFICA_O_DECISION_MANUAL,,,
,Grado Académico que otorga el programa,,,,,,,,,CELDAS_PENDIENTES,30.0,I162S2C21J2V1,REVISAR_GRADO_ACADEMICO_SIN_FUENTE_DIRECTA,REVISION_ESPECIFICA_O_DECISION_MANUAL,,,
,Grado Académico que otorga el programa,,,,,,,,,CELDAS_PENDIENTES,31.0,I162S2C23J1V1,REVISAR_GRADO_ACADEMICO_SIN_FUENTE_DIRECTA,REVISION_ESPECIFICA_O_DECISION_MANUAL,,,
,Grado Académico que otorga el programa,,,,,,,,,CELDAS_PENDIENTES,32.0,I162S2C23J2V1,REVISAR_GRADO_ACADEMICO_SIN_FUENTE_DIRECTA,REVISION_ESPECIFICA_O_DECISION_MANUAL,,,
,Grado Académico que otorga el programa,,,,,,,,,CELDAS_PENDIENTES,33.0,I162S2C24J1V1,REVISAR_GRADO_ACADEMICO_SIN_FUENTE_DIRECTA,REVISION_ESPECIFICA_O_DECISION_MANUAL,,,
,Grado Académico que otorga el programa,,,,,,,,,CELDAS_PENDIENTES,34.0,I162S2C24J2V1,REVISAR_GRADO_ACADEMICO_SIN_FUENTE_DIRECTA,REVISION_ESPECIFICA_O_DECISION_MANUAL,,,
,Grado Académico que otorga el programa,,,,,,,,,CELDAS_PENDIENTES,35.0,I162S2C2J1V2,REVISAR_GRADO_ACADEMICO_SIN_FUENTE_DIRECTA,REVISION_ESPECIFICA_O_DECISION_MANUAL,,,
,Grado Académico que otorga el programa,,,,,,,,,CELDAS_PENDIENTES,36.0,I162S2C2J2V2,REVISAR_GRADO_ACADEMICO_SIN_FUENTE_DIRECTA,REVISION_ESPECIFICA_O_DECISION_MANUAL,,,
,Grado Académico que otorga el programa,,,,,,,,,CELDAS_PENDIENTES,37.0,I162S2C2J4V2,REVISAR_GRADO_ACADEMICO_SIN_FUENTE_DIRECTA,REVISION_ESPECIFICA_O_DECISION_MANUAL,,,
,Grado Académico que otorga el programa,,,,,,,,,CELDAS_PENDIENTES,38.0,I162S2C35J1V2,REVISAR_GRADO_ACADEMICO_SIN_FUENTE_DIRECTA,REVISION_ESPECIFICA_O_DECISION_MANUAL,,,
,Grado Académico que otorga el programa,,,,,,,,,CELDAS_PENDIENTES,39.0,I162S2C35J2V2,REVISAR_GRADO_ACADEMICO_SIN_FUENTE_DIRECTA,REVISION_ESPECIFICA_O_DECISION_MANUAL,,,
,Grado Académico que otorga el programa,,,,,,,,,CELDAS_PENDIENTES,40.0,I162S2C35J4V2,REVISAR_GRADO_ACADEMICO_SIN_FUENTE_DIRECTA,REVISION_ESPECIFICA_O_DECISION_MANUAL,,,
,Grado Académico que otorga el programa,,,,,,,,,CELDAS_PENDIENTES,41.0,I162S2C3J2V2,REVISAR_GRADO_ACADEMICO_SIN_FUENTE_DIRECTA,REVISION_ESPECIFICA_O_DECISION_MANUAL,,,
,Grado Académico que otorga el programa,,,,,,,,,CELDAS_PENDIENTES,42.0,I162S2C40J2V1,REVISAR_GRADO_ACADEMICO_SIN_FUENTE_DIRECTA,REVISION_ESPECIFICA_O_DECISION_MANUAL,,,
,Grado Académico que otorga el programa,,,,,,,,,CELDAS_PENDIENTES,43.0,I162S2C41J2V1,REVISAR_GRADO_ACADEMICO_SIN_FUENTE_DIRECTA,REVISION_ESPECIFICA_O_DECISION_MANUAL,,,
,Grado Académico que otorga el programa,,,,,,,,,CELDAS_PENDIENTES,44.0,I162S2C53J3V1,REVISAR_GRADO_ACADEMICO_SIN_FUENTE_DIRECTA,REVISION_ESPECIFICA_O_DECISION_MANUAL,,,
,Grado Académico que otorga el programa,,,,,,,,,CELDAS_PENDIENTES,45.0,I162S2C63J4V1,REVISAR_GRADO_ACADEMICO_SIN_FUENTE_DIRECTA,REVISION_ESPECIFICA_O_DECISION_MANUAL,,,
,Grado Académico que otorga el programa,,,,,,,,,CELDAS_PENDIENTES,46.0,I162S2C64J4V1,REVISAR_GRADO_ACADEMICO_SIN_FUENTE_DIRECTA,REVISION_ESPECIFICA_O_DECISION_MANUAL,,,
,Grado Académico que otorga el programa,,,,,,,,,CELDAS_PENDIENTES,47.0,I162S2C65J4V1,REVISAR_GRADO_ACADEMICO_SIN_FUENTE_DIRECTA,REVISION_ESPECIFICA_O_DECISION_MANUAL,,,
,Grado Académico que otorga el programa,,,,,,,,,CELDAS_PENDIENTES,48.0,I162S2C66J4V1,REVISAR_GRADO_ACADEMICO_SIN_FUENTE_DIRECTA,REVISION_ESPECIFICA_O_DECISION_MANUAL,,,
,Grado Académico que otorga el programa,,,,,,,,,CELDAS_PENDIENTES,49.0,I162S2C67J4V1,REVISAR_GRADO_ACADEMICO_SIN_FUENTE_DIRECTA,REVISION_ESPECIFICA_O_DECISION_MANUAL,,,
,Grado Académico que otorga el programa,,,,,,,,,CELDAS_PENDIENTES,50.0,I162S2C68J4V1,REVISAR_GRADO_ACADEMICO_SIN_FUENTE_DIRECTA,REVISION_ESPECIFICA_O_DECISION_MANUAL,,,
,Grado Académico que otorga el programa,,,,,,,,,CELDAS_PENDIENTES,51.0,I162S2C69J4V1,REVISAR_GRADO_ACADEMICO_SIN_FUENTE_DIRECTA,REVISION_ESPECIFICA_O_DECISION_MANUAL,,,
,Grado Académico que otorga el programa,,,,,,,,,CELDAS_PENDIENTES,52.0,I162S2C6J1V1,REVISAR_GRADO_ACADEMICO_SIN_FUENTE_DIRECTA,REVISION_ESPECIFICA_O_DECISION_MANUAL,,,
,Grado Académico que otorga el programa,,,,,,,,,CELDAS_PENDIENTES,53.0,I162S2C6J2V1,REVISAR_GRADO_ACADEMICO_SIN_FUENTE_DIRECTA,REVISION_ESPECIFICA_O_DECISION_MANUAL,,,
,Grado Académico que otorga el programa,,,,,,,,,CELDAS_PENDIENTES,54.0,I162S2C6J4V1,REVISAR_GRADO_ACADEMICO_SIN_FUENTE_DIRECTA,REVISION_ESPECIFICA_O_DECISION_MANUAL,,,
,Grado Académico que otorga el programa,,,,,,,,,CELDAS_PENDIENTES,55.0,I162S2C70J4V1,REVISAR_GRADO_ACADEMICO_SIN_FUENTE_DIRECTA,REVISION_ESPECIFICA_O_DECISION_MANUAL,,,
,Grado Académico que otorga el programa,,,,,,,,,CELDAS_PENDIENTES,56.0,I162S2C71J4V1,REVISAR_GRADO_ACADEMICO_SIN_FUENTE_DIRECTA,REVISION_ESPECIFICA_O_DECISION_MANUAL,,,
,Grado Académico que otorga el programa,,,,,,,,,CELDAS_PENDIENTES,57.0,I162S2C76J4V2,REVISAR_GRADO_ACADEMICO_SIN_FUENTE_DIRECTA,REVISION_ESPECIFICA_O_DECISION_MANUAL,,,
,Grado Académico que otorga el programa,,,,,,,,,CELDAS_PENDIENTES,58.0,I162S2C77J4V2,REVISAR_GRADO_ACADEMICO_SIN_FUENTE_DIRECTA,REVISION_ESPECIFICA_O_DECISION_MANUAL,,,
,Grado Académico que otorga el programa,,,,,,,,,CELDAS_PENDIENTES,59.0,I162S2C83J4V2,REVISAR_GRADO_ACADEMICO_SIN_FUENTE_DIRECTA,REVISION_ESPECIFICA_O_DECISION_MANUAL,,,
,Grado Académico que otorga el programa,,,,,,,,,CELDAS_PENDIENTES,60.0,I162S2C86J4V2,REVISAR_GRADO_ACADEMICO_SIN_FUENTE_DIRECTA,REVISION_ESPECIFICA_O_DECISION_MANUAL,,,
,Grado Académico que otorga el programa,,,,,,,,,CELDAS_PENDIENTES,61.0,I162S2C87J4V2,REVISAR_GRADO_ACADEMICO_SIN_FUENTE_DIRECTA,REVISION_ESPECIFICA_O_DECISION_MANUAL,,,
,Grado Académico que otorga el programa,,,,,,,,,CELDAS_PENDIENTES,62.0,I162S2C88J4V2,REVISAR_GRADO_ACADEMICO_SIN_FUENTE_DIRECTA,REVISION_ESPECIFICA_O_DECISION_MANUAL,,,
,Grado Académico que otorga el programa,,,,,,,,,CELDAS_PENDIENTES,63.0,I162S2C90J2V1,REVISAR_GRADO_ACADEMICO_SIN_FUENTE_DIRECTA,REVISION_ESPECIFICA_O_DECISION_MANUAL,,,
,Grado Académico que otorga el programa,,,,,,,,,CELDAS_PENDIENTES,64.0,I162S2C90J2V2,REVISAR_GRADO_ACADEMICO_SIN_FUENTE_DIRECTA,REVISION_ESPECIFICA_O_DECISION_MANUAL,,,
,Grado Académico que otorga el programa,,,,,,,,,CELDAS_PENDIENTES,65.0,I162S2C95J4V1,REVISAR_GRADO_ACADEMICO_SIN_FUENTE_DIRECTA,REVISION_ESPECIFICA_O_DECISION_MANUAL,,,
,Grado Académico que otorga el programa,,,,,,,,,CELDAS_PENDIENTES,66.0,I162S2C96J4V1,REVISAR_GRADO_ACADEMICO_SIN_FUENTE_DIRECTA,REVISION_ESPECIFICA_O_DECISION_MANUAL,,,
,Grado Académico que otorga el programa,,,,,,,,,CELDAS_PENDIENTES,67.0,I162S2C97J4V1,REVISAR_GRADO_ACADEMICO_SIN_FUENTE_DIRECTA,REVISION_ESPECIFICA_O_DECISION_MANUAL,,,
,Grado Académico que otorga el programa,,,,,,,,,CELDAS_PENDIENTES,68.0,I162S2C98J4V1,REVISAR_GRADO_ACADEMICO_SIN_FUENTE_DIRECTA,REVISION_ESPECIFICA_O_DECISION_MANUAL,,,
,Grado Académico que otorga el programa,,,,,,,,,CELDAS_PENDIENTES,69.0,I162S2C99J4V1,REVISAR_GRADO_ACADEMICO_SIN_FUENTE_DIRECTA,REVISION_ESPECIFICA_O_DECISION_MANUAL,,,
,Grado Académico que otorga el programa,,,,,,,,,CELDAS_PENDIENTES,70.0,I162S3C114J2V1,REVISAR_GRADO_ACADEMICO_SIN_FUENTE_DIRECTA,REVISION_ESPECIFICA_O_DECISION_MANUAL,,,
,Grado Académico que otorga el programa,,,,,,,,,CELDAS_PENDIENTES,71.0,I162S3C115J2V1,REVISAR_GRADO_ACADEMICO_SIN_FUENTE_DIRECTA,REVISION_ESPECIFICA_O_DECISION_MANUAL,,,
,Grado Académico que otorga el programa,,,,,,,,,CELDAS_PENDIENTES,72.0,I162S3C91J2V1,REVISAR_GRADO_ACADEMICO_SIN_FUENTE_DIRECTA,REVISION_ESPECIFICA_O_DECISION_MANUAL,,,
,Dependencia,,,,,,,,,CELDAS_PENDIENTES,2.0,I162S2C101J4V1,REVISAR_DEPENDENCIA_SIN_FUENTE_DIRECTA,REVISION_ESPECIFICA_O_DECISION_MANUAL,,,
,Dependencia,,,,,,,,,CELDAS_PENDIENTES,3.0,I162S2C102J4V1,REVISAR_DEPENDENCIA_SIN_FUENTE_DIRECTA,REVISION_ESPECIFICA_O_DECISION_MANUAL,,,
,Dependencia,,,,,,,,,CELDAS_PENDIENTES,4.0,I162S2C103J4V1,REVISAR_DEPENDENCIA_SIN_FUENTE_DIRECTA,REVISION_ESPECIFICA_O_DECISION_MANUAL,,,
,Dependencia,,,,,,,,,CELDAS_PENDIENTES,5.0,I162S2C104J4V1,REVISAR_DEPENDENCIA_SIN_FUENTE_DIRECTA,REVISION_ESPECIFICA_O_DECISION_MANUAL,,,
,Dependencia,,,,,,,,,CELDAS_PENDIENTES,6.0,I162S2C105J4V1,REVISAR_DEPENDENCIA_SIN_FUENTE_DIRECTA,REVISION_ESPECIFICA_O_DECISION_MANUAL,,,
,Dependencia,,,,,,,,,CELDAS_PENDIENTES,7.0,I162S2C10J1V1,REVISAR_DEPENDENCIA_SIN_FUENTE_DIRECTA,REVISION_ESPECIFICA_O_DECISION_MANUAL,,,
,Dependencia,,,,,,,,,CELDAS_PENDIENTES,8.0,I162S2C10J4V1,REVISAR_DEPENDENCIA_SIN_FUENTE_DIRECTA,REVISION_ESPECIFICA_O_DECISION_MANUAL,,,
,Dependencia,,,,,,,,,CELDAS_PENDIENTES,9.0,I162S2C111J4V1,REVISAR_DEPENDENCIA_SIN_FUENTE_DIRECTA,REVISION_ESPECIFICA_O_DECISION_MANUAL,,,
,Dependencia,,,,,,,,,CELDAS_PENDIENTES,10.0,I162S2C111J4V2,REVISAR_DEPENDENCIA_SIN_FUENTE_DIRECTA,REVISION_ESPECIFICA_O_DECISION_MANUAL,,,
,Dependencia,,,,,,,,,CELDAS_PENDIENTES,11.0,I162S2C112J4V1,REVISAR_DEPENDENCIA_SIN_FUENTE_DIRECTA,REVISION_ESPECIFICA_O_DECISION_MANUAL,,,
,Dependencia,,,,,,,,,CELDAS_PENDIENTES,12.0,I162S2C112J4V2,REVISAR_DEPENDENCIA_SIN_FUENTE_DIRECTA,REVISION_ESPECIFICA_O_DECISION_MANUAL,,,
,Dependencia,,,,,,,,,CELDAS_PENDIENTES,13.0,I162S2C113J4V1,REVISAR_DEPENDENCIA_SIN_FUENTE_DIRECTA,REVISION_ESPECIFICA_O_DECISION_MANUAL,,,
,Dependencia,,,,,,,,,CELDAS_PENDIENTES,14.0,I162S2C113J4V2,REVISAR_DEPENDENCIA_SIN_FUENTE_DIRECTA,REVISION_ESPECIFICA_O_DECISION_MANUAL,,,
,Dependencia,,,,,,,,,CELDAS_PENDIENTES,15.0,I162S2C114J2V1,REVISAR_DEPENDENCIA_SIN_FUENTE_DIRECTA,REVISION_ESPECIFICA_O_DECISION_MANUAL,,,
,Dependencia,,,,,,,,,CELDAS_PENDIENTES,16.0,I162S2C115J2V1,REVISAR_DEPENDENCIA_SIN_FUENTE_DIRECTA,REVISION_ESPECIFICA_O_DECISION_MANUAL,,,
,Dependencia,,,,,,,,,CELDAS_PENDIENTES,17.0,I162S2C116J4V1,REVISAR_DEPENDENCIA_SIN_FUENTE_DIRECTA,REVISION_ESPECIFICA_O_DECISION_MANUAL,,,
,Dependencia,,,,,,,,,CELDAS_PENDIENTES,18.0,I162S2C117J4V1,REVISAR_DEPENDENCIA_SIN_FUENTE_DIRECTA,REVISION_ESPECIFICA_O_DECISION_MANUAL,,,
,Dependencia,,,,,,,,,CELDAS_PENDIENTES,19.0,I162S2C118J4V1,REVISAR_DEPENDENCIA_SIN_FUENTE_DIRECTA,REVISION_ESPECIFICA_O_DECISION_MANUAL,,,
,Dependencia,,,,,,,,,CELDAS_PENDIENTES,20.0,I162S2C119J4V1,REVISAR_DEPENDENCIA_SIN_FUENTE_DIRECTA,REVISION_ESPECIFICA_O_DECISION_MANUAL,,,
,Dependencia,,,,,,,,,CELDAS_PENDIENTES,21.0,I162S2C124J4V1,REVISAR_DEPENDENCIA_SIN_FUENTE_DIRECTA,REVISION_ESPECIFICA_O_DECISION_MANUAL,,,
,Dependencia,,,,,,,,,CELDAS_PENDIENTES,22.0,I162S2C124J4V2,REVISAR_DEPENDENCIA_SIN_FUENTE_DIRECTA,REVISION_ESPECIFICA_O_DECISION_MANUAL,,,
,Dependencia,,,,,,,,,CELDAS_PENDIENTES,23.0,I162S2C125J4V1,REVISAR_DEPENDENCIA_SIN_FUENTE_DIRECTA,REVISION_ESPECIFICA_O_DECISION_MANUAL,,,
,Dependencia,,,,,,,,,CELDAS_PENDIENTES,24.0,I162S2C125J4V2,REVISAR_DEPENDENCIA_SIN_FUENTE_DIRECTA,REVISION_ESPECIFICA_O_DECISION_MANUAL,,,
,Dependencia,,,,,,,,,CELDAS_PENDIENTES,25.0,I162S2C13J1V1,REVISAR_DEPENDENCIA_SIN_FUENTE_DIRECTA,REVISION_ESPECIFICA_O_DECISION_MANUAL,,,
,Dependencia,,,,,,,,,CELDAS_PENDIENTES,26.0,I162S2C13J2V1,REVISAR_DEPENDENCIA_SIN_FUENTE_DIRECTA,REVISION_ESPECIFICA_O_DECISION_MANUAL,,,
,Dependencia,,,,,,,,,CELDAS_PENDIENTES,27.0,I162S2C1J2V2,REVISAR_DEPENDENCIA_SIN_FUENTE_DIRECTA,REVISION_ESPECIFICA_O_DECISION_MANUAL,,,
,Dependencia,,,,,,,,,CELDAS_PENDIENTES,28.0,I162S2C1J4V3,REVISAR_DEPENDENCIA_SIN_FUENTE_DIRECTA,REVISION_ESPECIFICA_O_DECISION_MANUAL,,,
,Dependencia,,,,,,,,,CELDAS_PENDIENTES,29.0,I162S2C21J1V1,REVISAR_DEPENDENCIA_SIN_FUENTE_DIRECTA,REVISION_ESPECIFICA_O_DECISION_MANUAL,,,
,Dependencia,,,,,,,,,CELDAS_PENDIENTES,30.0,I162S2C21J2V1,REVISAR_DEPENDENCIA_SIN_FUENTE_DIRECTA,REVISION_ESPECIFICA_O_DECISION_MANUAL,,,
,Dependencia,,,,,,,,,CELDAS_PENDIENTES,31.0,I162S2C23J1V1,REVISAR_DEPENDENCIA_SIN_FUENTE_DIRECTA,REVISION_ESPECIFICA_O_DECISION_MANUAL,,,
,Dependencia,,,,,,,,,CELDAS_PENDIENTES,32.0,I162S2C23J2V1,REVISAR_DEPENDENCIA_SIN_FUENTE_DIRECTA,REVISION_ESPECIFICA_O_DECISION_MANUAL,,,
,Dependencia,,,,,,,,,CELDAS_PENDIENTES,33.0,I162S2C24J1V1,REVISAR_DEPENDENCIA_SIN_FUENTE_DIRECTA,REVISION_ESPECIFICA_O_DECISION_MANUAL,,,
,Dependencia,,,,,,,,,CELDAS_PENDIENTES,34.0,I162S2C24J2V1,REVISAR_DEPENDENCIA_SIN_FUENTE_DIRECTA,REVISION_ESPECIFICA_O_DECISION_MANUAL,,,
,Dependencia,,,,,,,,,CELDAS_PENDIENTES,35.0,I162S2C2J1V2,REVISAR_DEPENDENCIA_SIN_FUENTE_DIRECTA,REVISION_ESPECIFICA_O_DECISION_MANUAL,,,
,Dependencia,,,,,,,,,CELDAS_PENDIENTES,36.0,I162S2C2J2V2,REVISAR_DEPENDENCIA_SIN_FUENTE_DIRECTA,REVISION_ESPECIFICA_O_DECISION_MANUAL,,,
,Dependencia,,,,,,,,,CELDAS_PENDIENTES,37.0,I162S2C2J4V2,REVISAR_DEPENDENCIA_SIN_FUENTE_DIRECTA,REVISION_ESPECIFICA_O_DECISION_MANUAL,,,
,Dependencia,,,,,,,,,CELDAS_PENDIENTES,38.0,I162S2C35J1V2,REVISAR_DEPENDENCIA_SIN_FUENTE_DIRECTA,REVISION_ESPECIFICA_O_DECISION_MANUAL,,,
,Dependencia,,,,,,,,,CELDAS_PENDIENTES,39.0,I162S2C35J2V2,REVISAR_DEPENDENCIA_SIN_FUENTE_DIRECTA,REVISION_ESPECIFICA_O_DECISION_MANUAL,,,
,Dependencia,,,,,,,,,CELDAS_PENDIENTES,40.0,I162S2C35J4V2,REVISAR_DEPENDENCIA_SIN_FUENTE_DIRECTA,REVISION_ESPECIFICA_O_DECISION_MANUAL,,,
,Dependencia,,,,,,,,,CELDAS_PENDIENTES,41.0,I162S2C3J2V2,REVISAR_DEPENDENCIA_SIN_FUENTE_DIRECTA,REVISION_ESPECIFICA_O_DECISION_MANUAL,,,
,Dependencia,,,,,,,,,CELDAS_PENDIENTES,42.0,I162S2C40J2V1,REVISAR_DEPENDENCIA_SIN_FUENTE_DIRECTA,REVISION_ESPECIFICA_O_DECISION_MANUAL,,,
,Dependencia,,,,,,,,,CELDAS_PENDIENTES,43.0,I162S2C41J2V1,REVISAR_DEPENDENCIA_SIN_FUENTE_DIRECTA,REVISION_ESPECIFICA_O_DECISION_MANUAL,,,
,Dependencia,,,,,,,,,CELDAS_PENDIENTES,44.0,I162S2C53J3V1,REVISAR_DEPENDENCIA_SIN_FUENTE_DIRECTA,REVISION_ESPECIFICA_O_DECISION_MANUAL,,,
,Dependencia,,,,,,,,,CELDAS_PENDIENTES,45.0,I162S2C63J4V1,REVISAR_DEPENDENCIA_SIN_FUENTE_DIRECTA,REVISION_ESPECIFICA_O_DECISION_MANUAL,,,
,Dependencia,,,,,,,,,CELDAS_PENDIENTES,46.0,I162S2C64J4V1,REVISAR_DEPENDENCIA_SIN_FUENTE_DIRECTA,REVISION_ESPECIFICA_O_DECISION_MANUAL,,,
,Dependencia,,,,,,,,,CELDAS_PENDIENTES,47.0,I162S2C65J4V1,REVISAR_DEPENDENCIA_SIN_FUENTE_DIRECTA,REVISION_ESPECIFICA_O_DECISION_MANUAL,,,
,Dependencia,,,,,,,,,CELDAS_PENDIENTES,48.0,I162S2C66J4V1,REVISAR_DEPENDENCIA_SIN_FUENTE_DIRECTA,REVISION_ESPECIFICA_O_DECISION_MANUAL,,,
,Dependencia,,,,,,,,,CELDAS_PENDIENTES,49.0,I162S2C67J4V1,REVISAR_DEPENDENCIA_SIN_FUENTE_DIRECTA,REVISION_ESPECIFICA_O_DECISION_MANUAL,,,
,Dependencia,,,,,,,,,CELDAS_PENDIENTES,50.0,I162S2C68J4V1,REVISAR_DEPENDENCIA_SIN_FUENTE_DIRECTA,REVISION_ESPECIFICA_O_DECISION_MANUAL,,,
,Dependencia,,,,,,,,,CELDAS_PENDIENTES,51.0,I162S2C69J4V1,REVISAR_DEPENDENCIA_SIN_FUENTE_DIRECTA,REVISION_ESPECIFICA_O_DECISION_MANUAL,,,
,Dependencia,,,,,,,,,CELDAS_PENDIENTES,52.0,I162S2C6J1V1,REVISAR_DEPENDENCIA_SIN_FUENTE_DIRECTA,REVISION_ESPECIFICA_O_DECISION_MANUAL,,,
,Dependencia,,,,,,,,,CELDAS_PENDIENTES,53.0,I162S2C6J2V1,REVISAR_DEPENDENCIA_SIN_FUENTE_DIRECTA,REVISION_ESPECIFICA_O_DECISION_MANUAL,,,
,Dependencia,,,,,,,,,CELDAS_PENDIENTES,54.0,I162S2C6J4V1,REVISAR_DEPENDENCIA_SIN_FUENTE_DIRECTA,REVISION_ESPECIFICA_O_DECISION_MANUAL,,,
,Dependencia,,,,,,,,,CELDAS_PENDIENTES,55.0,I162S2C70J4V1,REVISAR_DEPENDENCIA_SIN_FUENTE_DIRECTA,REVISION_ESPECIFICA_O_DECISION_MANUAL,,,
,Dependencia,,,,,,,,,CELDAS_PENDIENTES,56.0,I162S2C71J4V1,REVISAR_DEPENDENCIA_SIN_FUENTE_DIRECTA,REVISION_ESPECIFICA_O_DECISION_MANUAL,,,
,Dependencia,,,,,,,,,CELDAS_PENDIENTES,57.0,I162S2C76J4V2,REVISAR_DEPENDENCIA_SIN_FUENTE_DIRECTA,REVISION_ESPECIFICA_O_DECISION_MANUAL,,,
,Dependencia,,,,,,,,,CELDAS_PENDIENTES,58.0,I162S2C77J4V2,REVISAR_DEPENDENCIA_SIN_FUENTE_DIRECTA,REVISION_ESPECIFICA_O_DECISION_MANUAL,,,
,Dependencia,,,,,,,,,CELDAS_PENDIENTES,59.0,I162S2C83J4V2,REVISAR_DEPENDENCIA_SIN_FUENTE_DIRECTA,REVISION_ESPECIFICA_O_DECISION_MANUAL,,,
,Dependencia,,,,,,,,,CELDAS_PENDIENTES,60.0,I162S2C86J4V2,REVISAR_DEPENDENCIA_SIN_FUENTE_DIRECTA,REVISION_ESPECIFICA_O_DECISION_MANUAL,,,
,Dependencia,,,,,,,,,CELDAS_PENDIENTES,61.0,I162S2C87J4V2,REVISAR_DEPENDENCIA_SIN_FUENTE_DIRECTA,REVISION_ESPECIFICA_O_DECISION_MANUAL,,,
,Dependencia,,,,,,,,,CELDAS_PENDIENTES,62.0,I162S2C88J4V2,REVISAR_DEPENDENCIA_SIN_FUENTE_DIRECTA,REVISION_ESPECIFICA_O_DECISION_MANUAL,,,
,Dependencia,,,,,,,,,CELDAS_PENDIENTES,63.0,I162S2C90J2V1,REVISAR_DEPENDENCIA_SIN_FUENTE_DIRECTA,REVISION_ESPECIFICA_O_DECISION_MANUAL,,,
,Dependencia,,,,,,,,,CELDAS_PENDIENTES,64.0,I162S2C90J2V2,REVISAR_DEPENDENCIA_SIN_FUENTE_DIRECTA,REVISION_ESPECIFICA_O_DECISION_MANUAL,,,
,Dependencia,,,,,,,,,CELDAS_PENDIENTES,65.0,I162S2C95J4V1,REVISAR_DEPENDENCIA_SIN_FUENTE_DIRECTA,REVISION_ESPECIFICA_O_DECISION_MANUAL,,,
,Dependencia,,,,,,,,,CELDAS_PENDIENTES,66.0,I162S2C96J4V1,REVISAR_DEPENDENCIA_SIN_FUENTE_DIRECTA,REVISION_ESPECIFICA_O_DECISION_MANUAL,,,
,Dependencia,,,,,,,,,CELDAS_PENDIENTES,67.0,I162S2C97J4V1,REVISAR_DEPENDENCIA_SIN_FUENTE_DIRECTA,REVISION_ESPECIFICA_O_DECISION_MANUAL,,,
,Dependencia,,,,,,,,,CELDAS_PENDIENTES,68.0,I162S2C98J4V1,REVISAR_DEPENDENCIA_SIN_FUENTE_DIRECTA,REVISION_ESPECIFICA_O_DECISION_MANUAL,,,
,Dependencia,,,,,,,,,CELDAS_PENDIENTES,69.0,I162S2C99J4V1,REVISAR_DEPENDENCIA_SIN_FUENTE_DIRECTA,REVISION_ESPECIFICA_O_DECISION_MANUAL,,,
,Dependencia,,,,,,,,,CELDAS_PENDIENTES,70.0,I162S3C114J2V1,REVISAR_DEPENDENCIA_SIN_FUENTE_DIRECTA,REVISION_ESPECIFICA_O_DECISION_MANUAL,,,
,Dependencia,,,,,,,,,CELDAS_PENDIENTES,71.0,I162S3C115J2V1,REVISAR_DEPENDENCIA_SIN_FUENTE_DIRECTA,REVISION_ESPECIFICA_O_DECISION_MANUAL,,,
,Dependencia,,,,,,,,,CELDAS_PENDIENTES,72.0,I162S3C91J2V1,REVISAR_DEPENDENCIA_SIN_FUENTE_DIRECTA,REVISION_ESPECIFICA_O_DECISION_MANUAL,,,
,Régimen,,,,,,,,,CELDAS_PENDIENTES,2.0,I162S2C101J4V1,REVISAR_REGIMEN_CODIGO_1,REVISION_ESPECIFICA_O_DECISION_MANUAL,,,
,Régimen,,,,,,,,,CELDAS_PENDIENTES,3.0,I162S2C102J4V1,REVISAR_REGIMEN_CODIGO_1,REVISION_ESPECIFICA_O_DECISION_MANUAL,,,
,Régimen,,,,,,,,,CELDAS_PENDIENTES,4.0,I162S2C103J4V1,REVISAR_REGIMEN_CODIGO_1,REVISION_ESPECIFICA_O_DECISION_MANUAL,,,
,Régimen,,,,,,,,,CELDAS_PENDIENTES,5.0,I162S2C104J4V1,REVISAR_REGIMEN_CODIGO_1,REVISION_ESPECIFICA_O_DECISION_MANUAL,,,
,Régimen,,,,,,,,,CELDAS_PENDIENTES,6.0,I162S2C105J4V1,REVISAR_REGIMEN_CODIGO_1,REVISION_ESPECIFICA_O_DECISION_MANUAL,,,
,Régimen,,,,,,,,,CELDAS_PENDIENTES,7.0,I162S2C10J1V1,REVISAR_REGIMEN_CODIGO_1,REVISION_ESPECIFICA_O_DECISION_MANUAL,,,
,Régimen,,,,,,,,,CELDAS_PENDIENTES,8.0,I162S2C10J4V1,REVISAR_REGIMEN_CODIGO_2,REVISION_ESPECIFICA_O_DECISION_MANUAL,,,
,Régimen,,,,,,,,,CELDAS_PENDIENTES,9.0,I162S2C111J4V1,REVISAR_REGIMEN_CODIGO_2,REVISION_ESPECIFICA_O_DECISION_MANUAL,,,
,Régimen,,,,,,,,,CELDAS_PENDIENTES,10.0,I162S2C111J4V2,REVISAR_REGIMEN_CODIGO_2,REVISION_ESPECIFICA_O_DECISION_MANUAL,,,
,Régimen,,,,,,,,,CELDAS_PENDIENTES,11.0,I162S2C112J4V1,REVISAR_REGIMEN_CODIGO_2,REVISION_ESPECIFICA_O_DECISION_MANUAL,,,
,Régimen,,,,,,,,,CELDAS_PENDIENTES,12.0,I162S2C112J4V2,REVISAR_REGIMEN_CODIGO_2,REVISION_ESPECIFICA_O_DECISION_MANUAL,,,
,Régimen,,,,,,,,,CELDAS_PENDIENTES,13.0,I162S2C113J4V1,REVISAR_REGIMEN_CODIGO_2,REVISION_ESPECIFICA_O_DECISION_MANUAL,,,
,Régimen,,,,,,,,,CELDAS_PENDIENTES,14.0,I162S2C113J4V2,REVISAR_REGIMEN_CODIGO_2,REVISION_ESPECIFICA_O_DECISION_MANUAL,,,
,Régimen,,,,,,,,,CELDAS_PENDIENTES,15.0,I162S2C114J2V1,REVISAR_REGIMEN_CODIGO_2,REVISION_ESPECIFICA_O_DECISION_MANUAL,,,
,Régimen,,,,,,,,,CELDAS_PENDIENTES,16.0,I162S2C115J2V1,REVISAR_REGIMEN_CODIGO_2,REVISION_ESPECIFICA_O_DECISION_MANUAL,,,
,Régimen,,,,,,,,,CELDAS_PENDIENTES,17.0,I162S2C116J4V1,REVISAR_REGIMEN_CODIGO_2,REVISION_ESPECIFICA_O_DECISION_MANUAL,,,
,Régimen,,,,,,,,,CELDAS_PENDIENTES,18.0,I162S2C117J4V1,REVISAR_REGIMEN_CODIGO_2,REVISION_ESPECIFICA_O_DECISION_MANUAL,,,
,Régimen,,,,,,,,,CELDAS_PENDIENTES,19.0,I162S2C118J4V1,REVISAR_REGIMEN_CODIGO_2,REVISION_ESPECIFICA_O_DECISION_MANUAL,,,
,Régimen,,,,,,,,,CELDAS_PENDIENTES,20.0,I162S2C119J4V1,REVISAR_REGIMEN_CODIGO_2,REVISION_ESPECIFICA_O_DECISION_MANUAL,,,
,Régimen,,,,,,,,,CELDAS_PENDIENTES,21.0,I162S2C124J4V1,REVISAR_REGIMEN_CODIGO_2,REVISION_ESPECIFICA_O_DECISION_MANUAL,,,
,Régimen,,,,,,,,,CELDAS_PENDIENTES,22.0,I162S2C124J4V2,REVISAR_REGIMEN_CODIGO_2,REVISION_ESPECIFICA_O_DECISION_MANUAL,,,
,Régimen,,,,,,,,,CELDAS_PENDIENTES,23.0,I162S2C125J4V1,REVISAR_REGIMEN_CODIGO_2,REVISION_ESPECIFICA_O_DECISION_MANUAL,,,
,Régimen,,,,,,,,,CELDAS_PENDIENTES,24.0,I162S2C125J4V2,REVISAR_REGIMEN_CODIGO_2,REVISION_ESPECIFICA_O_DECISION_MANUAL,,,
,Régimen,,,,,,,,,CELDAS_PENDIENTES,25.0,I162S2C13J1V1,REVISAR_REGIMEN_SIN_FUENTE,REVISION_ESPECIFICA_O_DECISION_MANUAL,,,
,Régimen,,,,,,,,,CELDAS_PENDIENTES,26.0,I162S2C13J2V1,REVISAR_REGIMEN_SIN_FUENTE,REVISION_ESPECIFICA_O_DECISION_MANUAL,,,
,Régimen,,,,,,,,,CELDAS_PENDIENTES,27.0,I162S2C1J2V2,REVISAR_REGIMEN_CODIGO_1,REVISION_ESPECIFICA_O_DECISION_MANUAL,,,
,Régimen,,,,,,,,,CELDAS_PENDIENTES,28.0,I162S2C1J4V3,REVISAR_REGIMEN_CODIGO_1,REVISION_ESPECIFICA_O_DECISION_MANUAL,,,
,Régimen,,,,,,,,,CELDAS_PENDIENTES,29.0,I162S2C21J1V1,REVISAR_REGIMEN_SIN_FUENTE,REVISION_ESPECIFICA_O_DECISION_MANUAL,,,
,Régimen,,,,,,,,,CELDAS_PENDIENTES,30.0,I162S2C21J2V1,REVISAR_REGIMEN_SIN_FUENTE,REVISION_ESPECIFICA_O_DECISION_MANUAL,,,
,Régimen,,,,,,,,,CELDAS_PENDIENTES,31.0,I162S2C23J1V1,REVISAR_REGIMEN_SIN_FUENTE,REVISION_ESPECIFICA_O_DECISION_MANUAL,,,
,Régimen,,,,,,,,,CELDAS_PENDIENTES,32.0,I162S2C23J2V1,REVISAR_REGIMEN_SIN_FUENTE,REVISION_ESPECIFICA_O_DECISION_MANUAL,,,
,Régimen,,,,,,,,,CELDAS_PENDIENTES,33.0,I162S2C24J1V1,REVISAR_REGIMEN_SIN_FUENTE,REVISION_ESPECIFICA_O_DECISION_MANUAL,,,
,Régimen,,,,,,,,,CELDAS_PENDIENTES,34.0,I162S2C24J2V1,REVISAR_REGIMEN_SIN_FUENTE,REVISION_ESPECIFICA_O_DECISION_MANUAL,,,
,Régimen,,,,,,,,,CELDAS_PENDIENTES,35.0,I162S2C2J1V2,REVISAR_REGIMEN_CODIGO_1,REVISION_ESPECIFICA_O_DECISION_MANUAL,,,
,Régimen,,,,,,,,,CELDAS_PENDIENTES,36.0,I162S2C2J2V2,REVISAR_REGIMEN_CODIGO_1,REVISION_ESPECIFICA_O_DECISION_MANUAL,,,
,Régimen,,,,,,,,,CELDAS_PENDIENTES,37.0,I162S2C2J4V2,REVISAR_REGIMEN_CODIGO_1,REVISION_ESPECIFICA_O_DECISION_MANUAL,,,
,Régimen,,,,,,,,,CELDAS_PENDIENTES,38.0,I162S2C35J1V2,REVISAR_REGIMEN_CODIGO_1,REVISION_ESPECIFICA_O_DECISION_MANUAL,,,
,Régimen,,,,,,,,,CELDAS_PENDIENTES,39.0,I162S2C35J2V2,REVISAR_REGIMEN_CODIGO_1,REVISION_ESPECIFICA_O_DECISION_MANUAL,,,
,Régimen,,,,,,,,,CELDAS_PENDIENTES,40.0,I162S2C35J4V2,REVISAR_REGIMEN_CODIGO_1,REVISION_ESPECIFICA_O_DECISION_MANUAL,,,
,Régimen,,,,,,,,,CELDAS_PENDIENTES,41.0,I162S2C3J2V2,REVISAR_REGIMEN_MATCH_AMBIGUO,REVISION_ESPECIFICA_O_DECISION_MANUAL,,,
,Régimen,,,,,,,,,CELDAS_PENDIENTES,42.0,I162S2C40J2V1,REVISAR_REGIMEN_CODIGO_1,REVISION_ESPECIFICA_O_DECISION_MANUAL,,,
,Régimen,,,,,,,,,CELDAS_PENDIENTES,43.0,I162S2C41J2V1,REVISAR_REGIMEN_SIN_FUENTE,REVISION_ESPECIFICA_O_DECISION_MANUAL,,,
,Régimen,,,,,,,,,CELDAS_PENDIENTES,44.0,I162S2C53J3V1,REVISAR_REGIMEN_CODIGO_1,REVISION_ESPECIFICA_O_DECISION_MANUAL,,,
,Régimen,,,,,,,,,CELDAS_PENDIENTES,45.0,I162S2C63J4V1,REVISAR_REGIMEN_CODIGO_1,REVISION_ESPECIFICA_O_DECISION_MANUAL,,,
,Régimen,,,,,,,,,CELDAS_PENDIENTES,46.0,I162S2C64J4V1,REVISAR_REGIMEN_CODIGO_1,REVISION_ESPECIFICA_O_DECISION_MANUAL,,,
,Régimen,,,,,,,,,CELDAS_PENDIENTES,47.0,I162S2C65J4V1,REVISAR_REGIMEN_CODIGO_1,REVISION_ESPECIFICA_O_DECISION_MANUAL,,,
,Régimen,,,,,,,,,CELDAS_PENDIENTES,48.0,I162S2C66J4V1,REVISAR_REGIMEN_CODIGO_1,REVISION_ESPECIFICA_O_DECISION_MANUAL,,,
,Régimen,,,,,,,,,CELDAS_PENDIENTES,49.0,I162S2C67J4V1,REVISAR_REGIMEN_CODIGO_1,REVISION_ESPECIFICA_O_DECISION_MANUAL,,,
,Régimen,,,,,,,,,CELDAS_PENDIENTES,50.0,I162S2C68J4V1,REVISAR_REGIMEN_CODIGO_1,REVISION_ESPECIFICA_O_DECISION_MANUAL,,,
,Régimen,,,,,,,,,CELDAS_PENDIENTES,51.0,I162S2C69J4V1,REVISAR_REGIMEN_CODIGO_1,REVISION_ESPECIFICA_O_DECISION_MANUAL,,,
,Régimen,,,,,,,,,CELDAS_PENDIENTES,52.0,I162S2C6J1V1,REVISAR_REGIMEN_CODIGO_1,REVISION_ESPECIFICA_O_DECISION_MANUAL,,,
,Régimen,,,,,,,,,CELDAS_PENDIENTES,53.0,I162S2C6J2V1,REVISAR_REGIMEN_CODIGO_1,REVISION_ESPECIFICA_O_DECISION_MANUAL,,,
,Régimen,,,,,,,,,CELDAS_PENDIENTES,54.0,I162S2C6J4V1,REVISAR_REGIMEN_CODIGO_1,REVISION_ESPECIFICA_O_DECISION_MANUAL,,,
,Régimen,,,,,,,,,CELDAS_PENDIENTES,55.0,I162S2C70J4V1,REVISAR_REGIMEN_CODIGO_1,REVISION_ESPECIFICA_O_DECISION_MANUAL,,,
,Régimen,,,,,,,,,CELDAS_PENDIENTES,56.0,I162S2C71J4V1,REVISAR_REGIMEN_CODIGO_1,REVISION_ESPECIFICA_O_DECISION_MANUAL,,,
,Régimen,,,,,,,,,CELDAS_PENDIENTES,57.0,I162S2C76J4V2,REVISAR_REGIMEN_CODIGO_1,REVISION_ESPECIFICA_O_DECISION_MANUAL,,,
,Régimen,,,,,,,,,CELDAS_PENDIENTES,58.0,I162S2C77J4V2,REVISAR_REGIMEN_CODIGO_1,REVISION_ESPECIFICA_O_DECISION_MANUAL,,,
,Régimen,,,,,,,,,CELDAS_PENDIENTES,59.0,I162S2C83J4V2,REVISAR_REGIMEN_CODIGO_1,REVISION_ESPECIFICA_O_DECISION_MANUAL,,,
,Régimen,,,,,,,,,CELDAS_PENDIENTES,60.0,I162S2C86J4V2,REVISAR_REGIMEN_CODIGO_1,REVISION_ESPECIFICA_O_DECISION_MANUAL,,,
,Régimen,,,,,,,,,CELDAS_PENDIENTES,61.0,I162S2C87J4V2,REVISAR_REGIMEN_CODIGO_2,REVISION_ESPECIFICA_O_DECISION_MANUAL,,,
,Régimen,,,,,,,,,CELDAS_PENDIENTES,62.0,I162S2C88J4V2,REVISAR_REGIMEN_CODIGO_1,REVISION_ESPECIFICA_O_DECISION_MANUAL,,,
,Régimen,,,,,,,,,CELDAS_PENDIENTES,63.0,I162S2C90J2V1,REVISAR_REGIMEN_CODIGO_1,REVISION_ESPECIFICA_O_DECISION_MANUAL,,,
,Régimen,,,,,,,,,CELDAS_PENDIENTES,64.0,I162S2C90J2V2,REVISAR_REGIMEN_CODIGO_2,REVISION_ESPECIFICA_O_DECISION_MANUAL,,,
,Régimen,,,,,,,,,CELDAS_PENDIENTES,65.0,I162S2C95J4V1,REVISAR_REGIMEN_CODIGO_1,REVISION_ESPECIFICA_O_DECISION_MANUAL,,,
,Régimen,,,,,,,,,CELDAS_PENDIENTES,66.0,I162S2C96J4V1,REVISAR_REGIMEN_CODIGO_1,REVISION_ESPECIFICA_O_DECISION_MANUAL,,,
,Régimen,,,,,,,,,CELDAS_PENDIENTES,67.0,I162S2C97J4V1,REVISAR_REGIMEN_CODIGO_1,REVISION_ESPECIFICA_O_DECISION_MANUAL,,,
,Régimen,,,,,,,,,CELDAS_PENDIENTES,68.0,I162S2C98J4V1,REVISAR_REGIMEN_CODIGO_1,REVISION_ESPECIFICA_O_DECISION_MANUAL,,,
,Régimen,,,,,,,,,CELDAS_PENDIENTES,69.0,I162S2C99J4V1,REVISAR_REGIMEN_CODIGO_1,REVISION_ESPECIFICA_O_DECISION_MANUAL,,,
,Régimen,,,,,,,,,CELDAS_PENDIENTES,70.0,I162S3C114J2V1,REVISAR_REGIMEN_CODIGO_2,REVISION_ESPECIFICA_O_DECISION_MANUAL,,,
,Régimen,,,,,,,,,CELDAS_PENDIENTES,71.0,I162S3C115J2V1,REVISAR_REGIMEN_CODIGO_2,REVISION_ESPECIFICA_O_DECISION_MANUAL,,,
,Régimen,,,,,,,,,CELDAS_PENDIENTES,72.0,I162S3C91J2V1,REVISAR_REGIMEN_CODIGO_2,REVISION_ESPECIFICA_O_DECISION_MANUAL,,,
,Ingreso Directo,,,,,,,,,CELDAS_PENDIENTES,2.0,I162S2C101J4V1,REVISAR_INGRESO_DIRECTO_CODIGO_REQUISITO_INGRESO_2,REVISION_ESPECIFICA_O_DECISION_MANUAL,,,
,Ingreso Directo,,,,,,,,,CELDAS_PENDIENTES,3.0,I162S2C102J4V1,REVISAR_INGRESO_DIRECTO_CODIGO_REQUISITO_INGRESO_2,REVISION_ESPECIFICA_O_DECISION_MANUAL,,,
,Ingreso Directo,,,,,,,,,CELDAS_PENDIENTES,4.0,I162S2C103J4V1,REVISAR_INGRESO_DIRECTO_CODIGO_REQUISITO_INGRESO_2,REVISION_ESPECIFICA_O_DECISION_MANUAL,,,
,Ingreso Directo,,,,,,,,,CELDAS_PENDIENTES,5.0,I162S2C104J4V1,REVISAR_INGRESO_DIRECTO_CODIGO_REQUISITO_INGRESO_2,REVISION_ESPECIFICA_O_DECISION_MANUAL,,,
,Ingreso Directo,,,,,,,,,CELDAS_PENDIENTES,6.0,I162S2C105J4V1,REVISAR_INGRESO_DIRECTO_CODIGO_REQUISITO_INGRESO_2,REVISION_ESPECIFICA_O_DECISION_MANUAL,,,
,Ingreso Directo,,,,,,,,,CELDAS_PENDIENTES,7.0,I162S2C10J1V1,REVISAR_INGRESO_DIRECTO_CODIGO_REQUISITO_INGRESO_1,REVISION_ESPECIFICA_O_DECISION_MANUAL,,,
,Ingreso Directo,,,,,,,,,CELDAS_PENDIENTES,8.0,I162S2C10J4V1,REVISAR_INGRESO_DIRECTO_CODIGO_REQUISITO_INGRESO_1,REVISION_ESPECIFICA_O_DECISION_MANUAL,,,
,Ingreso Directo,,,,,,,,,CELDAS_PENDIENTES,9.0,I162S2C111J4V1,REVISAR_INGRESO_DIRECTO_CODIGO_REQUISITO_INGRESO_1,REVISION_ESPECIFICA_O_DECISION_MANUAL,,,
,Ingreso Directo,,,,,,,,,CELDAS_PENDIENTES,10.0,I162S2C111J4V2,REVISAR_INGRESO_DIRECTO_CODIGO_REQUISITO_INGRESO_2_SEMESTRES_RECONOCIDOS_5,REVISION_ESPECIFICA_O_DECISION_MANUAL,,,
,Ingreso Directo,,,,,,,,,CELDAS_PENDIENTES,11.0,I162S2C112J4V1,REVISAR_INGRESO_DIRECTO_CODIGO_REQUISITO_INGRESO_1,REVISION_ESPECIFICA_O_DECISION_MANUAL,,,
,Ingreso Directo,,,,,,,,,CELDAS_PENDIENTES,12.0,I162S2C112J4V2,REVISAR_INGRESO_DIRECTO_CODIGO_REQUISITO_INGRESO_2_SEMESTRES_RECONOCIDOS_5,REVISION_ESPECIFICA_O_DECISION_MANUAL,,,
,Ingreso Directo,,,,,,,,,CELDAS_PENDIENTES,13.0,I162S2C113J4V1,REVISAR_INGRESO_DIRECTO_CODIGO_REQUISITO_INGRESO_1,REVISION_ESPECIFICA_O_DECISION_MANUAL,,,
,Ingreso Directo,,,,,,,,,CELDAS_PENDIENTES,14.0,I162S2C113J4V2,REVISAR_INGRESO_DIRECTO_CODIGO_REQUISITO_INGRESO_2_SEMESTRES_RECONOCIDOS_5,REVISION_ESPECIFICA_O_DECISION_MANUAL,,,
,Ingreso Directo,,,,,,,,,CELDAS_PENDIENTES,15.0,I162S2C114J2V1,REVISAR_INGRESO_DIRECTO_CODIGO_REQUISITO_INGRESO_1,REVISION_ESPECIFICA_O_DECISION_MANUAL,,,
,Ingreso Directo,,,,,,,,,CELDAS_PENDIENTES,16.0,I162S2C115J2V1,REVISAR_INGRESO_DIRECTO_CODIGO_REQUISITO_INGRESO_1,REVISION_ESPECIFICA_O_DECISION_MANUAL,,,
,Ingreso Directo,,,,,,,,,CELDAS_PENDIENTES,17.0,I162S2C116J4V1,REVISAR_INGRESO_DIRECTO_CODIGO_REQUISITO_INGRESO_1,REVISION_ESPECIFICA_O_DECISION_MANUAL,,,
,Ingreso Directo,,,,,,,,,CELDAS_PENDIENTES,18.0,I162S2C117J4V1,REVISAR_INGRESO_DIRECTO_CODIGO_REQUISITO_INGRESO_1,REVISION_ESPECIFICA_O_DECISION_MANUAL,,,
,Ingreso Directo,,,,,,,,,CELDAS_PENDIENTES,19.0,I162S2C118J4V1,REVISAR_INGRESO_DIRECTO_CODIGO_REQUISITO_INGRESO_1,REVISION_ESPECIFICA_O_DECISION_MANUAL,,,
,Ingreso Directo,,,,,,,,,CELDAS_PENDIENTES,20.0,I162S2C119J4V1,REVISAR_INGRESO_DIRECTO_CODIGO_REQUISITO_INGRESO_1,REVISION_ESPECIFICA_O_DECISION_MANUAL,,,
,Ingreso Directo,,,,,,,,,CELDAS_PENDIENTES,21.0,I162S2C124J4V1,REVISAR_INGRESO_DIRECTO_CODIGO_REQUISITO_INGRESO_1,REVISION_ESPECIFICA_O_DECISION_MANUAL,,,
,Ingreso Directo,,,,,,,,,CELDAS_PENDIENTES,22.0,I162S2C124J4V2,REVISAR_INGRESO_DIRECTO_CODIGO_REQUISITO_INGRESO_2_SEMESTRES_RECONOCIDOS_5,REVISION_ESPECIFICA_O_DECISION_MANUAL,,,
,Ingreso Directo,,,,,,,,,CELDAS_PENDIENTES,23.0,I162S2C125J4V1,REVISAR_INGRESO_DIRECTO_CODIGO_REQUISITO_INGRESO_1,REVISION_ESPECIFICA_O_DECISION_MANUAL,,,
,Ingreso Directo,,,,,,,,,CELDAS_PENDIENTES,24.0,I162S2C125J4V2,REVISAR_INGRESO_DIRECTO_CODIGO_REQUISITO_INGRESO_2_SEMESTRES_RECONOCIDOS_5,REVISION_ESPECIFICA_O_DECISION_MANUAL,,,
,Ingreso Directo,,,,,,,,,CELDAS_PENDIENTES,25.0,I162S2C13J1V1,REVISAR_INGRESO_DIRECTO_SIN_FUENTE_DIRECTA,REVISION_ESPECIFICA_O_DECISION_MANUAL,,,
,Ingreso Directo,,,,,,,,,CELDAS_PENDIENTES,26.0,I162S2C13J2V1,REVISAR_INGRESO_DIRECTO_SIN_FUENTE_DIRECTA,REVISION_ESPECIFICA_O_DECISION_MANUAL,,,
,Ingreso Directo,,,,,,,,,CELDAS_PENDIENTES,27.0,I162S2C1J2V2,REVISAR_INGRESO_DIRECTO_CODIGO_REQUISITO_INGRESO_2_SEMESTRES_RECONOCIDOS_5,REVISION_ESPECIFICA_O_DECISION_MANUAL,,,
,Ingreso Directo,,,,,,,,,CELDAS_PENDIENTES,28.0,I162S2C1J4V3,REVISAR_INGRESO_DIRECTO_CODIGO_REQUISITO_INGRESO_2_SEMESTRES_RECONOCIDOS_4,REVISION_ESPECIFICA_O_DECISION_MANUAL,,,
,Ingreso Directo,,,,,,,,,CELDAS_PENDIENTES,29.0,I162S2C21J1V1,REVISAR_INGRESO_DIRECTO_SIN_FUENTE_DIRECTA,REVISION_ESPECIFICA_O_DECISION_MANUAL,,,
,Ingreso Directo,,,,,,,,,CELDAS_PENDIENTES,30.0,I162S2C21J2V1,REVISAR_INGRESO_DIRECTO_SIN_FUENTE_DIRECTA,REVISION_ESPECIFICA_O_DECISION_MANUAL,,,
,Ingreso Directo,,,,,,,,,CELDAS_PENDIENTES,31.0,I162S2C23J1V1,REVISAR_INGRESO_DIRECTO_SIN_FUENTE_DIRECTA,REVISION_ESPECIFICA_O_DECISION_MANUAL,,,
,Ingreso Directo,,,,,,,,,CELDAS_PENDIENTES,32.0,I162S2C23J2V1,REVISAR_INGRESO_DIRECTO_SIN_FUENTE_DIRECTA,REVISION_ESPECIFICA_O_DECISION_MANUAL,,,
,Ingreso Directo,,,,,,,,,CELDAS_PENDIENTES,33.0,I162S2C24J1V1,REVISAR_INGRESO_DIRECTO_SIN_FUENTE_DIRECTA,REVISION_ESPECIFICA_O_DECISION_MANUAL,,,
,Ingreso Directo,,,,,,,,,CELDAS_PENDIENTES,34.0,I162S2C24J2V1,REVISAR_INGRESO_DIRECTO_SIN_FUENTE_DIRECTA,REVISION_ESPECIFICA_O_DECISION_MANUAL,,,
,Ingreso Directo,,,,,,,,,CELDAS_PENDIENTES,35.0,I162S2C2J1V2,REVISAR_INGRESO_DIRECTO_CODIGO_REQUISITO_INGRESO_1,REVISION_ESPECIFICA_O_DECISION_MANUAL,,,
,Ingreso Directo,,,,,,,,,CELDAS_PENDIENTES,36.0,I162S2C2J2V2,REVISAR_INGRESO_DIRECTO_CODIGO_REQUISITO_INGRESO_1,REVISION_ESPECIFICA_O_DECISION_MANUAL,,,
,Ingreso Directo,,,,,,,,,CELDAS_PENDIENTES,37.0,I162S2C2J4V2,REVISAR_INGRESO_DIRECTO_CODIGO_REQUISITO_INGRESO_1,REVISION_ESPECIFICA_O_DECISION_MANUAL,,,
,Ingreso Directo,,,,,,,,,CELDAS_PENDIENTES,38.0,I162S2C35J1V2,REVISAR_INGRESO_DIRECTO_CODIGO_REQUISITO_INGRESO_1,REVISION_ESPECIFICA_O_DECISION_MANUAL,,,
,Ingreso Directo,,,,,,,,,CELDAS_PENDIENTES,39.0,I162S2C35J2V2,REVISAR_INGRESO_DIRECTO_CODIGO_REQUISITO_INGRESO_1,REVISION_ESPECIFICA_O_DECISION_MANUAL,,,
,Ingreso Directo,,,,,,,,,CELDAS_PENDIENTES,40.0,I162S2C35J4V2,REVISAR_INGRESO_DIRECTO_CODIGO_REQUISITO_INGRESO_1,REVISION_ESPECIFICA_O_DECISION_MANUAL,,,
,Ingreso Directo,,,,,,,,,CELDAS_PENDIENTES,41.0,I162S2C3J2V2,REVISAR_INGRESO_DIRECTO_MATCH_AMBIGUO,REVISION_ESPECIFICA_O_DECISION_MANUAL,,,
,Ingreso Directo,,,,,,,,,CELDAS_PENDIENTES,42.0,I162S2C40J2V1,REVISAR_INGRESO_DIRECTO_CODIGO_REQUISITO_INGRESO_2,REVISION_ESPECIFICA_O_DECISION_MANUAL,,,
,Ingreso Directo,,,,,,,,,CELDAS_PENDIENTES,43.0,I162S2C41J2V1,REVISAR_INGRESO_DIRECTO_SIN_FUENTE_DIRECTA,REVISION_ESPECIFICA_O_DECISION_MANUAL,,,
,Ingreso Directo,,,,,,,,,CELDAS_PENDIENTES,44.0,I162S2C53J3V1,REVISAR_INGRESO_DIRECTO_CODIGO_REQUISITO_INGRESO_2,REVISION_ESPECIFICA_O_DECISION_MANUAL,,,
,Ingreso Directo,,,,,,,,,CELDAS_PENDIENTES,45.0,I162S2C63J4V1,REVISAR_INGRESO_DIRECTO_CODIGO_REQUISITO_INGRESO_2,REVISION_ESPECIFICA_O_DECISION_MANUAL,,,
,Ingreso Directo,,,,,,,,,CELDAS_PENDIENTES,46.0,I162S2C64J4V1,REVISAR_INGRESO_DIRECTO_CODIGO_REQUISITO_INGRESO_2,REVISION_ESPECIFICA_O_DECISION_MANUAL,,,
,Ingreso Directo,,,,,,,,,CELDAS_PENDIENTES,47.0,I162S2C65J4V1,REVISAR_INGRESO_DIRECTO_CODIGO_REQUISITO_INGRESO_2,REVISION_ESPECIFICA_O_DECISION_MANUAL,,,
,Ingreso Directo,,,,,,,,,CELDAS_PENDIENTES,48.0,I162S2C66J4V1,REVISAR_INGRESO_DIRECTO_CODIGO_REQUISITO_INGRESO_2,REVISION_ESPECIFICA_O_DECISION_MANUAL,,,
,Ingreso Directo,,,,,,,,,CELDAS_PENDIENTES,49.0,I162S2C67J4V1,REVISAR_INGRESO_DIRECTO_CODIGO_REQUISITO_INGRESO_2,REVISION_ESPECIFICA_O_DECISION_MANUAL,,,
,Ingreso Directo,,,,,,,,,CELDAS_PENDIENTES,50.0,I162S2C68J4V1,REVISAR_INGRESO_DIRECTO_CODIGO_REQUISITO_INGRESO_2,REVISION_ESPECIFICA_O_DECISION_MANUAL,,,
,Ingreso Directo,,,,,,,,,CELDAS_PENDIENTES,51.0,I162S2C69J4V1,REVISAR_INGRESO_DIRECTO_CODIGO_REQUISITO_INGRESO_2,REVISION_ESPECIFICA_O_DECISION_MANUAL,,,
,Ingreso Directo,,,,,,,,,CELDAS_PENDIENTES,52.0,I162S2C6J1V1,REVISAR_INGRESO_DIRECTO_CODIGO_REQUISITO_INGRESO_1,REVISION_ESPECIFICA_O_DECISION_MANUAL,,,
,Ingreso Directo,,,,,,,,,CELDAS_PENDIENTES,53.0,I162S2C6J2V1,REVISAR_INGRESO_DIRECTO_CODIGO_REQUISITO_INGRESO_1,REVISION_ESPECIFICA_O_DECISION_MANUAL,,,
,Ingreso Directo,,,,,,,,,CELDAS_PENDIENTES,54.0,I162S2C6J4V1,REVISAR_INGRESO_DIRECTO_CODIGO_REQUISITO_INGRESO_1,REVISION_ESPECIFICA_O_DECISION_MANUAL,,,
,Ingreso Directo,,,,,,,,,CELDAS_PENDIENTES,55.0,I162S2C70J4V1,REVISAR_INGRESO_DIRECTO_CODIGO_REQUISITO_INGRESO_2,REVISION_ESPECIFICA_O_DECISION_MANUAL,,,
,Ingreso Directo,,,,,,,,,CELDAS_PENDIENTES,56.0,I162S2C71J4V1,REVISAR_INGRESO_DIRECTO_CODIGO_REQUISITO_INGRESO_2,REVISION_ESPECIFICA_O_DECISION_MANUAL,,,
,Ingreso Directo,,,,,,,,,CELDAS_PENDIENTES,57.0,I162S2C76J4V2,REVISAR_INGRESO_DIRECTO_CODIGO_REQUISITO_INGRESO_2_SEMESTRES_RECONOCIDOS_4,REVISION_ESPECIFICA_O_DECISION_MANUAL,,,
,Ingreso Directo,,,,,,,,,CELDAS_PENDIENTES,58.0,I162S2C77J4V2,REVISAR_INGRESO_DIRECTO_CODIGO_REQUISITO_INGRESO_2_SEMESTRES_RECONOCIDOS_4,REVISION_ESPECIFICA_O_DECISION_MANUAL,,,
,Ingreso Directo,,,,,,,,,CELDAS_PENDIENTES,59.0,I162S2C83J4V2,REVISAR_INGRESO_DIRECTO_CODIGO_REQUISITO_INGRESO_2_SEMESTRES_RECONOCIDOS_4,REVISION_ESPECIFICA_O_DECISION_MANUAL,,,
,Ingreso Directo,,,,,,,,,CELDAS_PENDIENTES,60.0,I162S2C86J4V2,REVISAR_INGRESO_DIRECTO_CODIGO_REQUISITO_INGRESO_2_SEMESTRES_RECONOCIDOS_4,REVISION_ESPECIFICA_O_DECISION_MANUAL,,,
,Ingreso Directo,,,,,,,,,CELDAS_PENDIENTES,61.0,I162S2C87J4V2,REVISAR_INGRESO_DIRECTO_CODIGO_REQUISITO_INGRESO_1,REVISION_ESPECIFICA_O_DECISION_MANUAL,,,
,Ingreso Directo,,,,,,,,,CELDAS_PENDIENTES,62.0,I162S2C88J4V2,REVISAR_INGRESO_DIRECTO_CODIGO_REQUISITO_INGRESO_2_SEMESTRES_RECONOCIDOS_4,REVISION_ESPECIFICA_O_DECISION_MANUAL,,,
,Ingreso Directo,,,,,,,,,CELDAS_PENDIENTES,63.0,I162S2C90J2V1,REVISAR_INGRESO_DIRECTO_CODIGO_REQUISITO_INGRESO_2_SEMESTRES_RECONOCIDOS_5,REVISION_ESPECIFICA_O_DECISION_MANUAL,,,
,Ingreso Directo,,,,,,,,,CELDAS_PENDIENTES,64.0,I162S2C90J2V2,REVISAR_INGRESO_DIRECTO_CODIGO_REQUISITO_INGRESO_1,REVISION_ESPECIFICA_O_DECISION_MANUAL,,,
,Ingreso Directo,,,,,,,,,CELDAS_PENDIENTES,65.0,I162S2C95J4V1,REVISAR_INGRESO_DIRECTO_CODIGO_REQUISITO_INGRESO_2,REVISION_ESPECIFICA_O_DECISION_MANUAL,,,
,Ingreso Directo,,,,,,,,,CELDAS_PENDIENTES,66.0,I162S2C96J4V1,REVISAR_INGRESO_DIRECTO_CODIGO_REQUISITO_INGRESO_2,REVISION_ESPECIFICA_O_DECISION_MANUAL,,,
,Ingreso Directo,,,,,,,,,CELDAS_PENDIENTES,67.0,I162S2C97J4V1,REVISAR_INGRESO_DIRECTO_CODIGO_REQUISITO_INGRESO_2,REVISION_ESPECIFICA_O_DECISION_MANUAL,,,
,Ingreso Directo,,,,,,,,,CELDAS_PENDIENTES,68.0,I162S2C98J4V1,REVISAR_INGRESO_DIRECTO_CODIGO_REQUISITO_INGRESO_2,REVISION_ESPECIFICA_O_DECISION_MANUAL,,,
,Ingreso Directo,,,,,,,,,CELDAS_PENDIENTES,69.0,I162S2C99J4V1,REVISAR_INGRESO_DIRECTO_CODIGO_REQUISITO_INGRESO_2,REVISION_ESPECIFICA_O_DECISION_MANUAL,,,
,Ingreso Directo,,,,,,,,,CELDAS_PENDIENTES,70.0,I162S3C114J2V1,REVISAR_INGRESO_DIRECTO_CODIGO_REQUISITO_INGRESO_1,REVISION_ESPECIFICA_O_DECISION_MANUAL,,,
,Ingreso Directo,,,,,,,,,CELDAS_PENDIENTES,71.0,I162S3C115J2V1,REVISAR_INGRESO_DIRECTO_CODIGO_REQUISITO_INGRESO_1,REVISION_ESPECIFICA_O_DECISION_MANUAL,,,
,Ingreso Directo,,,,,,,,,CELDAS_PENDIENTES,72.0,I162S3C91J2V1,REVISAR_INGRESO_DIRECTO_CODIGO_REQUISITO_INGRESO_1,REVISION_ESPECIFICA_O_DECISION_MANUAL,,,
,Otro Tipo de Ingreso,,,,,,,,,CELDAS_PENDIENTES,2.0,I162S2C101J4V1,REVISAR_OTRO_TIPO_INGRESO_CODIGO_REQUISITO_INGRESO_2,REVISION_ESPECIFICA_O_DECISION_MANUAL,,,
,Otro Tipo de Ingreso,,,,,,,,,CELDAS_PENDIENTES,3.0,I162S2C102J4V1,REVISAR_OTRO_TIPO_INGRESO_CODIGO_REQUISITO_INGRESO_2,REVISION_ESPECIFICA_O_DECISION_MANUAL,,,
,Otro Tipo de Ingreso,,,,,,,,,CELDAS_PENDIENTES,4.0,I162S2C103J4V1,REVISAR_OTRO_TIPO_INGRESO_CODIGO_REQUISITO_INGRESO_2,REVISION_ESPECIFICA_O_DECISION_MANUAL,,,
,Otro Tipo de Ingreso,,,,,,,,,CELDAS_PENDIENTES,5.0,I162S2C104J4V1,REVISAR_OTRO_TIPO_INGRESO_CODIGO_REQUISITO_INGRESO_2,REVISION_ESPECIFICA_O_DECISION_MANUAL,,,
,Otro Tipo de Ingreso,,,,,,,,,CELDAS_PENDIENTES,6.0,I162S2C105J4V1,REVISAR_OTRO_TIPO_INGRESO_CODIGO_REQUISITO_INGRESO_2,REVISION_ESPECIFICA_O_DECISION_MANUAL,,,
,Otro Tipo de Ingreso,,,,,,,,,CELDAS_PENDIENTES,10.0,I162S2C111J4V2,REVISAR_OTRO_TIPO_INGRESO_CODIGO_REQUISITO_INGRESO_2_SEMESTRES_RECONOCIDOS_5,REVISION_ESPECIFICA_O_DECISION_MANUAL,,,
,Otro Tipo de Ingreso,,,,,,,,,CELDAS_PENDIENTES,12.0,I162S2C112J4V2,REVISAR_OTRO_TIPO_INGRESO_CODIGO_REQUISITO_INGRESO_2_SEMESTRES_RECONOCIDOS_5,REVISION_ESPECIFICA_O_DECISION_MANUAL,,,
,Otro Tipo de Ingreso,,,,,,,,,CELDAS_PENDIENTES,14.0,I162S2C113J4V2,REVISAR_OTRO_TIPO_INGRESO_CODIGO_REQUISITO_INGRESO_2_SEMESTRES_RECONOCIDOS_5,REVISION_ESPECIFICA_O_DECISION_MANUAL,,,
,Otro Tipo de Ingreso,,,,,,,,,CELDAS_PENDIENTES,22.0,I162S2C124J4V2,REVISAR_OTRO_TIPO_INGRESO_CODIGO_REQUISITO_INGRESO_2_SEMESTRES_RECONOCIDOS_5,REVISION_ESPECIFICA_O_DECISION_MANUAL,,,
,Otro Tipo de Ingreso,,,,,,,,,CELDAS_PENDIENTES,24.0,I162S2C125J4V2,REVISAR_OTRO_TIPO_INGRESO_CODIGO_REQUISITO_INGRESO_2_SEMESTRES_RECONOCIDOS_5,REVISION_ESPECIFICA_O_DECISION_MANUAL,,,
,Otro Tipo de Ingreso,,,,,,,,,CELDAS_PENDIENTES,27.0,I162S2C1J2V2,REVISAR_OTRO_TIPO_INGRESO_CODIGO_REQUISITO_INGRESO_2_SEMESTRES_RECONOCIDOS_5,REVISION_ESPECIFICA_O_DECISION_MANUAL,,,
,Otro Tipo de Ingreso,,,,,,,,,CELDAS_PENDIENTES,28.0,I162S2C1J4V3,REVISAR_OTRO_TIPO_INGRESO_CODIGO_REQUISITO_INGRESO_2_SEMESTRES_RECONOCIDOS_4,REVISION_ESPECIFICA_O_DECISION_MANUAL,,,
,Otro Tipo de Ingreso,,,,,,,,,CELDAS_PENDIENTES,41.0,I162S2C3J2V2,REVISAR_OTRO_TIPO_INGRESO_MATCH_AMBIGUO,REVISION_ESPECIFICA_O_DECISION_MANUAL,,,
,Otro Tipo de Ingreso,,,,,,,,,CELDAS_PENDIENTES,42.0,I162S2C40J2V1,REVISAR_OTRO_TIPO_INGRESO_CODIGO_REQUISITO_INGRESO_2,REVISION_ESPECIFICA_O_DECISION_MANUAL,,,
,Otro Tipo de Ingreso,,,,,,,,,CELDAS_PENDIENTES,44.0,I162S2C53J3V1,REVISAR_OTRO_TIPO_INGRESO_CODIGO_REQUISITO_INGRESO_2,REVISION_ESPECIFICA_O_DECISION_MANUAL,,,
,Otro Tipo de Ingreso,,,,,,,,,CELDAS_PENDIENTES,45.0,I162S2C63J4V1,REVISAR_OTRO_TIPO_INGRESO_CODIGO_REQUISITO_INGRESO_2,REVISION_ESPECIFICA_O_DECISION_MANUAL,,,
,Otro Tipo de Ingreso,,,,,,,,,CELDAS_PENDIENTES,46.0,I162S2C64J4V1,REVISAR_OTRO_TIPO_INGRESO_CODIGO_REQUISITO_INGRESO_2,REVISION_ESPECIFICA_O_DECISION_MANUAL,,,
,Otro Tipo de Ingreso,,,,,,,,,CELDAS_PENDIENTES,47.0,I162S2C65J4V1,REVISAR_OTRO_TIPO_INGRESO_CODIGO_REQUISITO_INGRESO_2,REVISION_ESPECIFICA_O_DECISION_MANUAL,,,
,Otro Tipo de Ingreso,,,,,,,,,CELDAS_PENDIENTES,48.0,I162S2C66J4V1,REVISAR_OTRO_TIPO_INGRESO_CODIGO_REQUISITO_INGRESO_2,REVISION_ESPECIFICA_O_DECISION_MANUAL,,,
,Otro Tipo de Ingreso,,,,,,,,,CELDAS_PENDIENTES,49.0,I162S2C67J4V1,REVISAR_OTRO_TIPO_INGRESO_CODIGO_REQUISITO_INGRESO_2,REVISION_ESPECIFICA_O_DECISION_MANUAL,,,
,Otro Tipo de Ingreso,,,,,,,,,CELDAS_PENDIENTES,50.0,I162S2C68J4V1,REVISAR_OTRO_TIPO_INGRESO_CODIGO_REQUISITO_INGRESO_2,REVISION_ESPECIFICA_O_DECISION_MANUAL,,,
,Otro Tipo de Ingreso,,,,,,,,,CELDAS_PENDIENTES,51.0,I162S2C69J4V1,REVISAR_OTRO_TIPO_INGRESO_CODIGO_REQUISITO_INGRESO_2,REVISION_ESPECIFICA_O_DECISION_MANUAL,,,
,Otro Tipo de Ingreso,,,,,,,,,CELDAS_PENDIENTES,55.0,I162S2C70J4V1,REVISAR_OTRO_TIPO_INGRESO_CODIGO_REQUISITO_INGRESO_2,REVISION_ESPECIFICA_O_DECISION_MANUAL,,,
,Otro Tipo de Ingreso,,,,,,,,,CELDAS_PENDIENTES,56.0,I162S2C71J4V1,REVISAR_OTRO_TIPO_INGRESO_CODIGO_REQUISITO_INGRESO_2,REVISION_ESPECIFICA_O_DECISION_MANUAL,,,
,Otro Tipo de Ingreso,,,,,,,,,CELDAS_PENDIENTES,57.0,I162S2C76J4V2,REVISAR_OTRO_TIPO_INGRESO_CODIGO_REQUISITO_INGRESO_2_SEMESTRES_RECONOCIDOS_4,REVISION_ESPECIFICA_O_DECISION_MANUAL,,,
,Otro Tipo de Ingreso,,,,,,,,,CELDAS_PENDIENTES,58.0,I162S2C77J4V2,REVISAR_OTRO_TIPO_INGRESO_CODIGO_REQUISITO_INGRESO_2_SEMESTRES_RECONOCIDOS_4,REVISION_ESPECIFICA_O_DECISION_MANUAL,,,
,Otro Tipo de Ingreso,,,,,,,,,CELDAS_PENDIENTES,59.0,I162S2C83J4V2,REVISAR_OTRO_TIPO_INGRESO_CODIGO_REQUISITO_INGRESO_2_SEMESTRES_RECONOCIDOS_4,REVISION_ESPECIFICA_O_DECISION_MANUAL,,,
,Otro Tipo de Ingreso,,,,,,,,,CELDAS_PENDIENTES,60.0,I162S2C86J4V2,REVISAR_OTRO_TIPO_INGRESO_CODIGO_REQUISITO_INGRESO_2_SEMESTRES_RECONOCIDOS_4,REVISION_ESPECIFICA_O_DECISION_MANUAL,,,
,Otro Tipo de Ingreso,,,,,,,,,CELDAS_PENDIENTES,62.0,I162S2C88J4V2,REVISAR_OTRO_TIPO_INGRESO_CODIGO_REQUISITO_INGRESO_2_SEMESTRES_RECONOCIDOS_4,REVISION_ESPECIFICA_O_DECISION_MANUAL,,,
,Otro Tipo de Ingreso,,,,,,,,,CELDAS_PENDIENTES,63.0,I162S2C90J2V1,REVISAR_OTRO_TIPO_INGRESO_CODIGO_REQUISITO_INGRESO_2_SEMESTRES_RECONOCIDOS_5,REVISION_ESPECIFICA_O_DECISION_MANUAL,,,
,Otro Tipo de Ingreso,,,,,,,,,CELDAS_PENDIENTES,65.0,I162S2C95J4V1,REVISAR_OTRO_TIPO_INGRESO_CODIGO_REQUISITO_INGRESO_2,REVISION_ESPECIFICA_O_DECISION_MANUAL,,,
,Otro Tipo de Ingreso,,,,,,,,,CELDAS_PENDIENTES,66.0,I162S2C96J4V1,REVISAR_OTRO_TIPO_INGRESO_CODIGO_REQUISITO_INGRESO_2,REVISION_ESPECIFICA_O_DECISION_MANUAL,,,
,Otro Tipo de Ingreso,,,,,,,,,CELDAS_PENDIENTES,67.0,I162S2C97J4V1,REVISAR_OTRO_TIPO_INGRESO_CODIGO_REQUISITO_INGRESO_2,REVISION_ESPECIFICA_O_DECISION_MANUAL,,,
,Otro Tipo de Ingreso,,,,,,,,,CELDAS_PENDIENTES,68.0,I162S2C98J4V1,REVISAR_OTRO_TIPO_INGRESO_CODIGO_REQUISITO_INGRESO_2,REVISION_ESPECIFICA_O_DECISION_MANUAL,,,
,Otro Tipo de Ingreso,,,,,,,,,CELDAS_PENDIENTES,69.0,I162S2C99J4V1,REVISAR_OTRO_TIPO_INGRESO_CODIGO_REQUISITO_INGRESO_2,REVISION_ESPECIFICA_O_DECISION_MANUAL,,,
,Ingreso otro,,,,,,,,,CELDAS_PENDIENTES,2.0,I162S2C101J4V1,REVISAR_DESCRIPCION_OTRO_INGRESO_SIN_TEXTO_FUENTE,REVISION_ESPECIFICA_O_DECISION_MANUAL,,,
,Ingreso otro,,,,,,,,,CELDAS_PENDIENTES,3.0,I162S2C102J4V1,REVISAR_DESCRIPCION_OTRO_INGRESO_SIN_TEXTO_FUENTE,REVISION_ESPECIFICA_O_DECISION_MANUAL,,,
,Ingreso otro,,,,,,,,,CELDAS_PENDIENTES,4.0,I162S2C103J4V1,REVISAR_DESCRIPCION_OTRO_INGRESO_SIN_TEXTO_FUENTE,REVISION_ESPECIFICA_O_DECISION_MANUAL,,,
,Ingreso otro,,,,,,,,,CELDAS_PENDIENTES,5.0,I162S2C104J4V1,REVISAR_DESCRIPCION_OTRO_INGRESO_SIN_TEXTO_FUENTE,REVISION_ESPECIFICA_O_DECISION_MANUAL,,,
,Ingreso otro,,,,,,,,,CELDAS_PENDIENTES,6.0,I162S2C105J4V1,REVISAR_DESCRIPCION_OTRO_INGRESO_SIN_TEXTO_FUENTE,REVISION_ESPECIFICA_O_DECISION_MANUAL,,,
,Ingreso otro,,,,,,,,,CELDAS_PENDIENTES,10.0,I162S2C111J4V2,REVISAR_DESCRIPCION_OTRO_INGRESO_SIN_TEXTO_FUENTE,REVISION_ESPECIFICA_O_DECISION_MANUAL,,,
,Ingreso otro,,,,,,,,,CELDAS_PENDIENTES,12.0,I162S2C112J4V2,REVISAR_DESCRIPCION_OTRO_INGRESO_SIN_TEXTO_FUENTE,REVISION_ESPECIFICA_O_DECISION_MANUAL,,,
,Ingreso otro,,,,,,,,,CELDAS_PENDIENTES,14.0,I162S2C113J4V2,REVISAR_DESCRIPCION_OTRO_INGRESO_SIN_TEXTO_FUENTE,REVISION_ESPECIFICA_O_DECISION_MANUAL,,,
,Ingreso otro,,,,,,,,,CELDAS_PENDIENTES,22.0,I162S2C124J4V2,REVISAR_DESCRIPCION_OTRO_INGRESO_SIN_TEXTO_FUENTE,REVISION_ESPECIFICA_O_DECISION_MANUAL,,,
,Ingreso otro,,,,,,,,,CELDAS_PENDIENTES,24.0,I162S2C125J4V2,REVISAR_DESCRIPCION_OTRO_INGRESO_SIN_TEXTO_FUENTE,REVISION_ESPECIFICA_O_DECISION_MANUAL,,,
,Ingreso otro,,,,,,,,,CELDAS_PENDIENTES,27.0,I162S2C1J2V2,REVISAR_DESCRIPCION_OTRO_INGRESO_SIN_TEXTO_FUENTE,REVISION_ESPECIFICA_O_DECISION_MANUAL,,,
,Ingreso otro,,,,,,,,,CELDAS_PENDIENTES,28.0,I162S2C1J4V3,REVISAR_DESCRIPCION_OTRO_INGRESO_SIN_TEXTO_FUENTE,REVISION_ESPECIFICA_O_DECISION_MANUAL,,,
,Ingreso otro,,,,,,,,,CELDAS_PENDIENTES,41.0,I162S2C3J2V2,REVISAR_DESCRIPCION_OTRO_INGRESO_MATCH_AMBIGUO,REVISION_ESPECIFICA_O_DECISION_MANUAL,,,
,Ingreso otro,,,,,,,,,CELDAS_PENDIENTES,42.0,I162S2C40J2V1,REVISAR_DESCRIPCION_OTRO_INGRESO_SIN_TEXTO_FUENTE,REVISION_ESPECIFICA_O_DECISION_MANUAL,,,
,Ingreso otro,,,,,,,,,CELDAS_PENDIENTES,44.0,I162S2C53J3V1,REVISAR_DESCRIPCION_OTRO_INGRESO_SIN_TEXTO_FUENTE,REVISION_ESPECIFICA_O_DECISION_MANUAL,,,
,Ingreso otro,,,,,,,,,CELDAS_PENDIENTES,45.0,I162S2C63J4V1,REVISAR_DESCRIPCION_OTRO_INGRESO_SIN_TEXTO_FUENTE,REVISION_ESPECIFICA_O_DECISION_MANUAL,,,
,Ingreso otro,,,,,,,,,CELDAS_PENDIENTES,46.0,I162S2C64J4V1,REVISAR_DESCRIPCION_OTRO_INGRESO_SIN_TEXTO_FUENTE,REVISION_ESPECIFICA_O_DECISION_MANUAL,,,
,Ingreso otro,,,,,,,,,CELDAS_PENDIENTES,47.0,I162S2C65J4V1,REVISAR_DESCRIPCION_OTRO_INGRESO_SIN_TEXTO_FUENTE,REVISION_ESPECIFICA_O_DECISION_MANUAL,,,
,Ingreso otro,,,,,,,,,CELDAS_PENDIENTES,48.0,I162S2C66J4V1,REVISAR_DESCRIPCION_OTRO_INGRESO_SIN_TEXTO_FUENTE,REVISION_ESPECIFICA_O_DECISION_MANUAL,,,
,Ingreso otro,,,,,,,,,CELDAS_PENDIENTES,49.0,I162S2C67J4V1,REVISAR_DESCRIPCION_OTRO_INGRESO_SIN_TEXTO_FUENTE,REVISION_ESPECIFICA_O_DECISION_MANUAL,,,
,Ingreso otro,,,,,,,,,CELDAS_PENDIENTES,50.0,I162S2C68J4V1,REVISAR_DESCRIPCION_OTRO_INGRESO_SIN_TEXTO_FUENTE,REVISION_ESPECIFICA_O_DECISION_MANUAL,,,
,Ingreso otro,,,,,,,,,CELDAS_PENDIENTES,51.0,I162S2C69J4V1,REVISAR_DESCRIPCION_OTRO_INGRESO_SIN_TEXTO_FUENTE,REVISION_ESPECIFICA_O_DECISION_MANUAL,,,
,Ingreso otro,,,,,,,,,CELDAS_PENDIENTES,55.0,I162S2C70J4V1,REVISAR_DESCRIPCION_OTRO_INGRESO_SIN_TEXTO_FUENTE,REVISION_ESPECIFICA_O_DECISION_MANUAL,,,
,Ingreso otro,,,,,,,,,CELDAS_PENDIENTES,56.0,I162S2C71J4V1,REVISAR_DESCRIPCION_OTRO_INGRESO_SIN_TEXTO_FUENTE,REVISION_ESPECIFICA_O_DECISION_MANUAL,,,
,Ingreso otro,,,,,,,,,CELDAS_PENDIENTES,57.0,I162S2C76J4V2,REVISAR_DESCRIPCION_OTRO_INGRESO_SIN_TEXTO_FUENTE,REVISION_ESPECIFICA_O_DECISION_MANUAL,,,
,Ingreso otro,,,,,,,,,CELDAS_PENDIENTES,58.0,I162S2C77J4V2,REVISAR_DESCRIPCION_OTRO_INGRESO_SIN_TEXTO_FUENTE,REVISION_ESPECIFICA_O_DECISION_MANUAL,,,
,Ingreso otro,,,,,,,,,CELDAS_PENDIENTES,59.0,I162S2C83J4V2,REVISAR_DESCRIPCION_OTRO_INGRESO_SIN_TEXTO_FUENTE,REVISION_ESPECIFICA_O_DECISION_MANUAL,,,
,Ingreso otro,,,,,,,,,CELDAS_PENDIENTES,60.0,I162S2C86J4V2,REVISAR_DESCRIPCION_OTRO_INGRESO_SIN_TEXTO_FUENTE,REVISION_ESPECIFICA_O_DECISION_MANUAL,,,
,Ingreso otro,,,,,,,,,CELDAS_PENDIENTES,62.0,I162S2C88J4V2,REVISAR_DESCRIPCION_OTRO_INGRESO_SIN_TEXTO_FUENTE,REVISION_ESPECIFICA_O_DECISION_MANUAL,,,
,Ingreso otro,,,,,,,,,CELDAS_PENDIENTES,63.0,I162S2C90J2V1,REVISAR_DESCRIPCION_OTRO_INGRESO_SIN_TEXTO_FUENTE,REVISION_ESPECIFICA_O_DECISION_MANUAL,,,
,Ingreso otro,,,,,,,,,CELDAS_PENDIENTES,65.0,I162S2C95J4V1,REVISAR_DESCRIPCION_OTRO_INGRESO_SIN_TEXTO_FUENTE,REVISION_ESPECIFICA_O_DECISION_MANUAL,,,
,Ingreso otro,,,,,,,,,CELDAS_PENDIENTES,66.0,I162S2C96J4V1,REVISAR_DESCRIPCION_OTRO_INGRESO_SIN_TEXTO_FUENTE,REVISION_ESPECIFICA_O_DECISION_MANUAL,,,
,Ingreso otro,,,,,,,,,CELDAS_PENDIENTES,67.0,I162S2C97J4V1,REVISAR_DESCRIPCION_OTRO_INGRESO_SIN_TEXTO_FUENTE,REVISION_ESPECIFICA_O_DECISION_MANUAL,,,
,Ingreso otro,,,,,,,,,CELDAS_PENDIENTES,68.0,I162S2C98J4V1,REVISAR_DESCRIPCION_OTRO_INGRESO_SIN_TEXTO_FUENTE,REVISION_ESPECIFICA_O_DECISION_MANUAL,,,
,Ingreso otro,,,,,,,,,CELDAS_PENDIENTES,69.0,I162S2C99J4V1,REVISAR_DESCRIPCION_OTRO_INGRESO_SIN_TEXTO_FUENTE,REVISION_ESPECIFICA_O_DECISION_MANUAL,,,
,ANIO_INICIO,,,,,,,,,CELDAS_PENDIENTES,25.0,I162S2C13J1V1,REVISAR_ANIO_INICIO_SIN_FUENTE,REVISION_ESPECIFICA_O_DECISION_MANUAL,,,
,ANIO_INICIO,,,,,,,,,CELDAS_PENDIENTES,26.0,I162S2C13J2V1,REVISAR_ANIO_INICIO_SIN_FUENTE,REVISION_ESPECIFICA_O_DECISION_MANUAL,,,
,ANIO_INICIO,,,,,,,,,CELDAS_PENDIENTES,29.0,I162S2C21J1V1,REVISAR_ANIO_INICIO_SIN_FUENTE,REVISION_ESPECIFICA_O_DECISION_MANUAL,,,
,ANIO_INICIO,,,,,,,,,CELDAS_PENDIENTES,30.0,I162S2C21J2V1,REVISAR_ANIO_INICIO_SIN_FUENTE,REVISION_ESPECIFICA_O_DECISION_MANUAL,,,
,ANIO_INICIO,,,,,,,,,CELDAS_PENDIENTES,31.0,I162S2C23J1V1,REVISAR_ANIO_INICIO_SIN_FUENTE,REVISION_ESPECIFICA_O_DECISION_MANUAL,,,
,ANIO_INICIO,,,,,,,,,CELDAS_PENDIENTES,32.0,I162S2C23J2V1,REVISAR_ANIO_INICIO_SIN_FUENTE,REVISION_ESPECIFICA_O_DECISION_MANUAL,,,
,ANIO_INICIO,,,,,,,,,CELDAS_PENDIENTES,33.0,I162S2C24J1V1,REVISAR_ANIO_INICIO_SIN_FUENTE,REVISION_ESPECIFICA_O_DECISION_MANUAL,,,
,ANIO_INICIO,,,,,,,,,CELDAS_PENDIENTES,34.0,I162S2C24J2V1,REVISAR_ANIO_INICIO_SIN_FUENTE,REVISION_ESPECIFICA_O_DECISION_MANUAL,,,
,ANIO_INICIO,,,,,,,,,CELDAS_PENDIENTES,41.0,I162S2C3J2V2,CONFLICTO_REVISAR_ANIO_INICIO_VERSIONES_MULTIPLES_2002_2017_2019,CONFLICTO,,,
,ANIO_INICIO,,,,,,,,,CELDAS_PENDIENTES,43.0,I162S2C41J2V1,REVISAR_ANIO_INICIO_SIN_FUENTE,REVISION_ESPECIFICA_O_DECISION_MANUAL,,,
,ANIO_INICIO,,,,,,,,,CELDAS_PENDIENTES,54.0,I162S2C6J4V1,REVISAR_ANIO_INICIO_SIN_FUENTE,REVISION_ESPECIFICA_O_DECISION_MANUAL,,,
,REGIMEN,,,,,,,,,CELDAS_PENDIENTES,25.0,I162S2C13J1V1,REVISAR_REGIMEN_SIN_FUENTE,REVISION_ESPECIFICA_O_DECISION_MANUAL,,,
,REGIMEN,,,,,,,,,CELDAS_PENDIENTES,26.0,I162S2C13J2V1,REVISAR_REGIMEN_SIN_FUENTE,REVISION_ESPECIFICA_O_DECISION_MANUAL,,,
,REGIMEN,,,,,,,,,CELDAS_PENDIENTES,29.0,I162S2C21J1V1,REVISAR_REGIMEN_SIN_FUENTE,REVISION_ESPECIFICA_O_DECISION_MANUAL,,,
,REGIMEN,,,,,,,,,CELDAS_PENDIENTES,30.0,I162S2C21J2V1,REVISAR_REGIMEN_SIN_FUENTE,REVISION_ESPECIFICA_O_DECISION_MANUAL,,,
,REGIMEN,,,,,,,,,CELDAS_PENDIENTES,31.0,I162S2C23J1V1,REVISAR_REGIMEN_SIN_FUENTE,REVISION_ESPECIFICA_O_DECISION_MANUAL,,,
,REGIMEN,,,,,,,,,CELDAS_PENDIENTES,32.0,I162S2C23J2V1,REVISAR_REGIMEN_SIN_FUENTE,REVISION_ESPECIFICA_O_DECISION_MANUAL,,,
,REGIMEN,,,,,,,,,CELDAS_PENDIENTES,33.0,I162S2C24J1V1,REVISAR_REGIMEN_SIN_FUENTE,REVISION_ESPECIFICA_O_DECISION_MANUAL,,,
,REGIMEN,,,,,,,,,CELDAS_PENDIENTES,34.0,I162S2C24J2V1,REVISAR_REGIMEN_SIN_FUENTE,REVISION_ESPECIFICA_O_DECISION_MANUAL,,,
,REGIMEN,,,,,,,,,CELDAS_PENDIENTES,43.0,I162S2C41J2V1,REVISAR_REGIMEN_SIN_FUENTE,REVISION_ESPECIFICA_O_DECISION_MANUAL,,,
,REGIMEN,,,,,,,,,CELDAS_PENDIENTES,54.0,I162S2C6J4V1,REVISAR_REGIMEN_SIN_FUENTE,REVISION_ESPECIFICA_O_DECISION_MANUAL,,,
,DURACION_REGIMEN,,,,,,,,,CELDAS_PENDIENTES,25.0,I162S2C13J1V1,REVISAR_DURACION_REGIMEN_SIN_FUENTE,REVISION_ESPECIFICA_O_DECISION_MANUAL,,,
,DURACION_REGIMEN,,,,,,,,,CELDAS_PENDIENTES,26.0,I162S2C13J2V1,REVISAR_DURACION_REGIMEN_SIN_FUENTE,REVISION_ESPECIFICA_O_DECISION_MANUAL,,,
,DURACION_REGIMEN,,,,,,,,,CELDAS_PENDIENTES,29.0,I162S2C21J1V1,REVISAR_DURACION_REGIMEN_SIN_FUENTE,REVISION_ESPECIFICA_O_DECISION_MANUAL,,,
,DURACION_REGIMEN,,,,,,,,,CELDAS_PENDIENTES,30.0,I162S2C21J2V1,REVISAR_DURACION_REGIMEN_SIN_FUENTE,REVISION_ESPECIFICA_O_DECISION_MANUAL,,,
,DURACION_REGIMEN,,,,,,,,,CELDAS_PENDIENTES,31.0,I162S2C23J1V1,REVISAR_DURACION_REGIMEN_SIN_FUENTE,REVISION_ESPECIFICA_O_DECISION_MANUAL,,,
,DURACION_REGIMEN,,,,,,,,,CELDAS_PENDIENTES,32.0,I162S2C23J2V1,REVISAR_DURACION_REGIMEN_SIN_FUENTE,REVISION_ESPECIFICA_O_DECISION_MANUAL,,,
,DURACION_REGIMEN,,,,,,,,,CELDAS_PENDIENTES,33.0,I162S2C24J1V1,REVISAR_DURACION_REGIMEN_SIN_FUENTE,REVISION_ESPECIFICA_O_DECISION_MANUAL,,,
,DURACION_REGIMEN,,,,,,,,,CELDAS_PENDIENTES,34.0,I162S2C24J2V1,REVISAR_DURACION_REGIMEN_SIN_FUENTE,REVISION_ESPECIFICA_O_DECISION_MANUAL,,,
,DURACION_REGIMEN,,,,,,,,,CELDAS_PENDIENTES,41.0,I162S2C3J2V2,CONFLICTO_REVISAR_DURACION_REGIMEN_VERSIONES_MULTIPLES_4_8,CONFLICTO,,,
,DURACION_REGIMEN,,,,,,,,,CELDAS_PENDIENTES,43.0,I162S2C41J2V1,REVISAR_DURACION_REGIMEN_SIN_FUENTE,REVISION_ESPECIFICA_O_DECISION_MANUAL,,,
,DURACION_REGIMEN,,,,,,,,,CELDAS_PENDIENTES,54.0,I162S2C6J4V1,REVISAR_DURACION_REGIMEN_SIN_FUENTE,REVISION_ESPECIFICA_O_DECISION_MANUAL,,,
,NOMBRE_TITULO,,,,,,,,,CELDAS_PENDIENTES,25.0,I162S2C13J1V1,REVISAR_NOMBRE_TITULO_SIN_FUENTE_CONFIABLE,REVISION_ESPECIFICA_O_DECISION_MANUAL,,,
,NOMBRE_TITULO,,,,,,,,,CELDAS_PENDIENTES,26.0,I162S2C13J2V1,REVISAR_NOMBRE_TITULO_SIN_FUENTE_CONFIABLE,REVISION_ESPECIFICA_O_DECISION_MANUAL,,,
,NOMBRE_TITULO,,,,,,,,,CELDAS_PENDIENTES,29.0,I162S2C21J1V1,REVISAR_NOMBRE_TITULO_SIN_FUENTE_CONFIABLE,REVISION_ESPECIFICA_O_DECISION_MANUAL,,,
,NOMBRE_TITULO,,,,,,,,,CELDAS_PENDIENTES,30.0,I162S2C21J2V1,REVISAR_NOMBRE_TITULO_SIN_FUENTE_CONFIABLE,REVISION_ESPECIFICA_O_DECISION_MANUAL,,,
,NOMBRE_TITULO,,,,,,,,,CELDAS_PENDIENTES,31.0,I162S2C23J1V1,REVISAR_NOMBRE_TITULO_SIN_FUENTE_CONFIABLE,REVISION_ESPECIFICA_O_DECISION_MANUAL,,,
,NOMBRE_TITULO,,,,,,,,,CELDAS_PENDIENTES,32.0,I162S2C23J2V1,REVISAR_NOMBRE_TITULO_SIN_FUENTE_CONFIABLE,REVISION_ESPECIFICA_O_DECISION_MANUAL,,,
,NOMBRE_TITULO,,,,,,,,,CELDAS_PENDIENTES,33.0,I162S2C24J1V1,REVISAR_NOMBRE_TITULO_SIN_FUENTE_CONFIABLE,REVISION_ESPECIFICA_O_DECISION_MANUAL,,,
,NOMBRE_TITULO,,,,,,,,,CELDAS_PENDIENTES,34.0,I162S2C24J2V1,REVISAR_NOMBRE_TITULO_SIN_FUENTE_CONFIABLE,REVISION_ESPECIFICA_O_DECISION_MANUAL,,,
,NOMBRE_TITULO,,,,,,,,,CELDAS_PENDIENTES,43.0,I162S2C41J2V1,REVISAR_NOMBRE_TITULO_SIN_FUENTE_CONFIABLE,REVISION_ESPECIFICA_O_DECISION_MANUAL,,,
,NOMBRE_TITULO,,,,,,,,,CELDAS_PENDIENTES,54.0,I162S2C6J4V1,REVISAR_NOMBRE_TITULO_SIN_FUENTE_CONFIABLE,REVISION_ESPECIFICA_O_DECISION_MANUAL,,,
,ACREDITACION,,,,,,,,,CELDAS_PENDIENTES,25.0,I162S2C13J1V1,REVISAR_ACREDITACION_SIN_FUENTE,REVISION_ESPECIFICA_O_DECISION_MANUAL,,,
,ACREDITACION,,,,,,,,,CELDAS_PENDIENTES,26.0,I162S2C13J2V1,REVISAR_ACREDITACION_SIN_FUENTE,REVISION_ESPECIFICA_O_DECISION_MANUAL,,,
,ACREDITACION,,,,,,,,,CELDAS_PENDIENTES,29.0,I162S2C21J1V1,REVISAR_ACREDITACION_SIN_FUENTE,REVISION_ESPECIFICA_O_DECISION_MANUAL,,,
,ACREDITACION,,,,,,,,,CELDAS_PENDIENTES,30.0,I162S2C21J2V1,REVISAR_ACREDITACION_SIN_FUENTE,REVISION_ESPECIFICA_O_DECISION_MANUAL,,,
,ACREDITACION,,,,,,,,,CELDAS_PENDIENTES,31.0,I162S2C23J1V1,REVISAR_ACREDITACION_SIN_FUENTE,REVISION_ESPECIFICA_O_DECISION_MANUAL,,,
,ACREDITACION,,,,,,,,,CELDAS_PENDIENTES,32.0,I162S2C23J2V1,REVISAR_ACREDITACION_SIN_FUENTE,REVISION_ESPECIFICA_O_DECISION_MANUAL,,,
,ACREDITACION,,,,,,,,,CELDAS_PENDIENTES,33.0,I162S2C24J1V1,REVISAR_ACREDITACION_SIN_FUENTE,REVISION_ESPECIFICA_O_DECISION_MANUAL,,,
,ACREDITACION,,,,,,,,,CELDAS_PENDIENTES,34.0,I162S2C24J2V1,REVISAR_ACREDITACION_SIN_FUENTE,REVISION_ESPECIFICA_O_DECISION_MANUAL,,,
,ACREDITACION,,,,,,,,,CELDAS_PENDIENTES,43.0,I162S2C41J2V1,REVISAR_ACREDITACION_SIN_FUENTE,REVISION_ESPECIFICA_O_DECISION_MANUAL,,,
,ACREDITACION,,,,,,,,,CELDAS_PENDIENTES,54.0,I162S2C6J4V1,REVISAR_ACREDITACION_SIN_FUENTE,REVISION_ESPECIFICA_O_DECISION_MANUAL,,,
,REQUISITO_INGRESO,,,,,,,,,CELDAS_PENDIENTES,25.0,I162S2C13J1V1,REVISAR_REQUISITO_INGRESO_SIN_FUENTE,REVISION_ESPECIFICA_O_DECISION_MANUAL,,,
,REQUISITO_INGRESO,,,,,,,,,CELDAS_PENDIENTES,26.0,I162S2C13J2V1,REVISAR_REQUISITO_INGRESO_SIN_FUENTE,REVISION_ESPECIFICA_O_DECISION_MANUAL,,,
,REQUISITO_INGRESO,,,,,,,,,CELDAS_PENDIENTES,29.0,I162S2C21J1V1,REVISAR_REQUISITO_INGRESO_SIN_FUENTE,REVISION_ESPECIFICA_O_DECISION_MANUAL,,,
,REQUISITO_INGRESO,,,,,,,,,CELDAS_PENDIENTES,30.0,I162S2C21J2V1,REVISAR_REQUISITO_INGRESO_SIN_FUENTE,REVISION_ESPECIFICA_O_DECISION_MANUAL,,,
,REQUISITO_INGRESO,,,,,,,,,CELDAS_PENDIENTES,31.0,I162S2C23J1V1,REVISAR_REQUISITO_INGRESO_SIN_FUENTE,REVISION_ESPECIFICA_O_DECISION_MANUAL,,,
,REQUISITO_INGRESO,,,,,,,,,CELDAS_PENDIENTES,32.0,I162S2C23J2V1,REVISAR_REQUISITO_INGRESO_SIN_FUENTE,REVISION_ESPECIFICA_O_DECISION_MANUAL,,,
,REQUISITO_INGRESO,,,,,,,,,CELDAS_PENDIENTES,33.0,I162S2C24J1V1,REVISAR_REQUISITO_INGRESO_SIN_FUENTE,REVISION_ESPECIFICA_O_DECISION_MANUAL,,,
,REQUISITO_INGRESO,,,,,,,,,CELDAS_PENDIENTES,34.0,I162S2C24J2V1,REVISAR_REQUISITO_INGRESO_SIN_FUENTE,REVISION_ESPECIFICA_O_DECISION_MANUAL,,,
,REQUISITO_INGRESO,,,,,,,,,CELDAS_PENDIENTES,41.0,I162S2C3J2V2,CONFLICTO_REVISAR_REQUISITO_INGRESO_VERSIONES_MULTIPLES_1_2,CONFLICTO,,,
,REQUISITO_INGRESO,,,,,,,,,CELDAS_PENDIENTES,43.0,I162S2C41J2V1,REVISAR_REQUISITO_INGRESO_SIN_FUENTE,REVISION_ESPECIFICA_O_DECISION_MANUAL,,,
,REQUISITO_INGRESO,,,,,,,,,CELDAS_PENDIENTES,54.0,I162S2C6J4V1,REVISAR_REQUISITO_INGRESO_SIN_FUENTE,REVISION_ESPECIFICA_O_DECISION_MANUAL,,,
,SEMESTRES_RECONOCIDOS,,,,,,,,,CELDAS_PENDIENTES,25.0,I162S2C13J1V1,REVISAR_SEMESTRES_RECONOCIDOS_SIN_FUENTE,REVISION_ESPECIFICA_O_DECISION_MANUAL,,,
,SEMESTRES_RECONOCIDOS,,,,,,,,,CELDAS_PENDIENTES,26.0,I162S2C13J2V1,REVISAR_SEMESTRES_RECONOCIDOS_SIN_FUENTE,REVISION_ESPECIFICA_O_DECISION_MANUAL,,,
,SEMESTRES_RECONOCIDOS,,,,,,,,,CELDAS_PENDIENTES,29.0,I162S2C21J1V1,REVISAR_SEMESTRES_RECONOCIDOS_SIN_FUENTE,REVISION_ESPECIFICA_O_DECISION_MANUAL,,,
,SEMESTRES_RECONOCIDOS,,,,,,,,,CELDAS_PENDIENTES,30.0,I162S2C21J2V1,REVISAR_SEMESTRES_RECONOCIDOS_SIN_FUENTE,REVISION_ESPECIFICA_O_DECISION_MANUAL,,,
,SEMESTRES_RECONOCIDOS,,,,,,,,,CELDAS_PENDIENTES,31.0,I162S2C23J1V1,REVISAR_SEMESTRES_RECONOCIDOS_SIN_FUENTE,REVISION_ESPECIFICA_O_DECISION_MANUAL,,,
,SEMESTRES_RECONOCIDOS,,,,,,,,,CELDAS_PENDIENTES,32.0,I162S2C23J2V1,REVISAR_SEMESTRES_RECONOCIDOS_SIN_FUENTE,REVISION_ESPECIFICA_O_DECISION_MANUAL,,,
,SEMESTRES_RECONOCIDOS,,,,,,,,,CELDAS_PENDIENTES,33.0,I162S2C24J1V1,REVISAR_SEMESTRES_RECONOCIDOS_SIN_FUENTE,REVISION_ESPECIFICA_O_DECISION_MANUAL,,,
,SEMESTRES_RECONOCIDOS,,,,,,,,,CELDAS_PENDIENTES,34.0,I162S2C24J2V1,REVISAR_SEMESTRES_RECONOCIDOS_SIN_FUENTE,REVISION_ESPECIFICA_O_DECISION_MANUAL,,,
,SEMESTRES_RECONOCIDOS,,,,,,,,,CELDAS_PENDIENTES,41.0,I162S2C3J2V2,CONFLICTO_REVISAR_SEMESTRES_RECONOCIDOS_VERSIONES_MULTIPLES_0_4,CONFLICTO,,,
,SEMESTRES_RECONOCIDOS,,,,,,,,,CELDAS_PENDIENTES,43.0,I162S2C41J2V1,REVISAR_SEMESTRES_RECONOCIDOS_SIN_FUENTE,REVISION_ESPECIFICA_O_DECISION_MANUAL,,,
,SEMESTRES_RECONOCIDOS,,,,,,,,,CELDAS_PENDIENTES,54.0,I162S2C6J4V1,REVISAR_SEMESTRES_RECONOCIDOS_SIN_FUENTE,REVISION_ESPECIFICA_O_DECISION_MANUAL,,,
,AREA_ACTUAL,,,,,,,,,CELDAS_PENDIENTES,25.0,I162S2C13J1V1,REVISAR_AREA_ACTUAL_SIN_FUENTE,REVISION_ESPECIFICA_O_DECISION_MANUAL,,,
,AREA_ACTUAL,,,,,,,,,CELDAS_PENDIENTES,26.0,I162S2C13J2V1,REVISAR_AREA_ACTUAL_SIN_FUENTE,REVISION_ESPECIFICA_O_DECISION_MANUAL,,,
,AREA_ACTUAL,,,,,,,,,CELDAS_PENDIENTES,29.0,I162S2C21J1V1,REVISAR_AREA_ACTUAL_SIN_FUENTE,REVISION_ESPECIFICA_O_DECISION_MANUAL,,,
,AREA_ACTUAL,,,,,,,,,CELDAS_PENDIENTES,30.0,I162S2C21J2V1,REVISAR_AREA_ACTUAL_SIN_FUENTE,REVISION_ESPECIFICA_O_DECISION_MANUAL,,,
,AREA_ACTUAL,,,,,,,,,CELDAS_PENDIENTES,31.0,I162S2C23J1V1,REVISAR_AREA_ACTUAL_SIN_FUENTE,REVISION_ESPECIFICA_O_DECISION_MANUAL,,,
,AREA_ACTUAL,,,,,,,,,CELDAS_PENDIENTES,32.0,I162S2C23J2V1,REVISAR_AREA_ACTUAL_SIN_FUENTE,REVISION_ESPECIFICA_O_DECISION_MANUAL,,,
,AREA_ACTUAL,,,,,,,,,CELDAS_PENDIENTES,33.0,I162S2C24J1V1,REVISAR_AREA_ACTUAL_SIN_FUENTE,REVISION_ESPECIFICA_O_DECISION_MANUAL,,,
,AREA_ACTUAL,,,,,,,,,CELDAS_PENDIENTES,34.0,I162S2C24J2V1,REVISAR_AREA_ACTUAL_SIN_FUENTE,REVISION_ESPECIFICA_O_DECISION_MANUAL,,,
,AREA_ACTUAL,,,,,,,,,CELDAS_PENDIENTES,43.0,I162S2C41J2V1,REVISAR_AREA_ACTUAL_SIN_FUENTE,REVISION_ESPECIFICA_O_DECISION_MANUAL,,,
,AREA_ACTUAL,,,,,,,,,CELDAS_PENDIENTES,54.0,I162S2C6J4V1,REVISAR_AREA_ACTUAL_SIN_FUENTE,REVISION_ESPECIFICA_O_DECISION_MANUAL,,,
,AREA_ADMIN_DERECHO,,,,,,,,,CELDAS_PENDIENTES,25.0,I162S2C13J1V1,REVISAR_AREA_ADMIN_DERECHO_SIN_FUENTE,REVISION_ESPECIFICA_O_DECISION_MANUAL,,,
,AREA_ADMIN_DERECHO,,,,,,,,,CELDAS_PENDIENTES,26.0,I162S2C13J2V1,REVISAR_AREA_ADMIN_DERECHO_SIN_FUENTE,REVISION_ESPECIFICA_O_DECISION_MANUAL,,,
,AREA_ADMIN_DERECHO,,,,,,,,,CELDAS_PENDIENTES,29.0,I162S2C21J1V1,REVISAR_AREA_ADMIN_DERECHO_SIN_FUENTE,REVISION_ESPECIFICA_O_DECISION_MANUAL,,,
,AREA_ADMIN_DERECHO,,,,,,,,,CELDAS_PENDIENTES,30.0,I162S2C21J2V1,REVISAR_AREA_ADMIN_DERECHO_SIN_FUENTE,REVISION_ESPECIFICA_O_DECISION_MANUAL,,,
,AREA_ADMIN_DERECHO,,,,,,,,,CELDAS_PENDIENTES,31.0,I162S2C23J1V1,REVISAR_AREA_ADMIN_DERECHO_SIN_FUENTE,REVISION_ESPECIFICA_O_DECISION_MANUAL,,,
,AREA_ADMIN_DERECHO,,,,,,,,,CELDAS_PENDIENTES,32.0,I162S2C23J2V1,REVISAR_AREA_ADMIN_DERECHO_SIN_FUENTE,REVISION_ESPECIFICA_O_DECISION_MANUAL,,,
,AREA_ADMIN_DERECHO,,,,,,,,,CELDAS_PENDIENTES,33.0,I162S2C24J1V1,REVISAR_AREA_ADMIN_DERECHO_SIN_FUENTE,REVISION_ESPECIFICA_O_DECISION_MANUAL,,,
,AREA_ADMIN_DERECHO,,,,,,,,,CELDAS_PENDIENTES,34.0,I162S2C24J2V1,REVISAR_AREA_ADMIN_DERECHO_SIN_FUENTE,REVISION_ESPECIFICA_O_DECISION_MANUAL,,,
,AREA_ADMIN_DERECHO,,,,,,,,,CELDAS_PENDIENTES,43.0,I162S2C41J2V1,REVISAR_AREA_ADMIN_DERECHO_SIN_FUENTE,REVISION_ESPECIFICA_O_DECISION_MANUAL,,,
,AREA_ADMIN_DERECHO,,,,,,,,,CELDAS_PENDIENTES,54.0,I162S2C6J4V1,REVISAR_AREA_ADMIN_DERECHO_SIN_FUENTE,REVISION_ESPECIFICA_O_DECISION_MANUAL,,,
,AREA_AGRI_SILVI_PESCA_VET,,,,,,,,,CELDAS_PENDIENTES,25.0,I162S2C13J1V1,REVISAR_AREA_AGRI_SILVI_PESCA_VET_SIN_FUENTE,REVISION_ESPECIFICA_O_DECISION_MANUAL,,,
,AREA_AGRI_SILVI_PESCA_VET,,,,,,,,,CELDAS_PENDIENTES,26.0,I162S2C13J2V1,REVISAR_AREA_AGRI_SILVI_PESCA_VET_SIN_FUENTE,REVISION_ESPECIFICA_O_DECISION_MANUAL,,,
,AREA_AGRI_SILVI_PESCA_VET,,,,,,,,,CELDAS_PENDIENTES,29.0,I162S2C21J1V1,REVISAR_AREA_AGRI_SILVI_PESCA_VET_SIN_FUENTE,REVISION_ESPECIFICA_O_DECISION_MANUAL,,,
,AREA_AGRI_SILVI_PESCA_VET,,,,,,,,,CELDAS_PENDIENTES,30.0,I162S2C21J2V1,REVISAR_AREA_AGRI_SILVI_PESCA_VET_SIN_FUENTE,REVISION_ESPECIFICA_O_DECISION_MANUAL,,,
,AREA_AGRI_SILVI_PESCA_VET,,,,,,,,,CELDAS_PENDIENTES,31.0,I162S2C23J1V1,REVISAR_AREA_AGRI_SILVI_PESCA_VET_SIN_FUENTE,REVISION_ESPECIFICA_O_DECISION_MANUAL,,,
,AREA_AGRI_SILVI_PESCA_VET,,,,,,,,,CELDAS_PENDIENTES,32.0,I162S2C23J2V1,REVISAR_AREA_AGRI_SILVI_PESCA_VET_SIN_FUENTE,REVISION_ESPECIFICA_O_DECISION_MANUAL,,,
,AREA_AGRI_SILVI_PESCA_VET,,,,,,,,,CELDAS_PENDIENTES,33.0,I162S2C24J1V1,REVISAR_AREA_AGRI_SILVI_PESCA_VET_SIN_FUENTE,REVISION_ESPECIFICA_O_DECISION_MANUAL,,,
,AREA_AGRI_SILVI_PESCA_VET,,,,,,,,,CELDAS_PENDIENTES,34.0,I162S2C24J2V1,REVISAR_AREA_AGRI_SILVI_PESCA_VET_SIN_FUENTE,REVISION_ESPECIFICA_O_DECISION_MANUAL,,,
,AREA_AGRI_SILVI_PESCA_VET,,,,,,,,,CELDAS_PENDIENTES,43.0,I162S2C41J2V1,REVISAR_AREA_AGRI_SILVI_PESCA_VET_SIN_FUENTE,REVISION_ESPECIFICA_O_DECISION_MANUAL,,,
,AREA_AGRI_SILVI_PESCA_VET,,,,,,,,,CELDAS_PENDIENTES,54.0,I162S2C6J4V1,REVISAR_AREA_AGRI_SILVI_PESCA_VET_SIN_FUENTE,REVISION_ESPECIFICA_O_DECISION_MANUAL,,,
,AREA_ARTES_HUMANIDADES,,,,,,,,,CELDAS_PENDIENTES,25.0,I162S2C13J1V1,REVISAR_AREA_ARTES_HUMANIDADES_SIN_FUENTE,REVISION_ESPECIFICA_O_DECISION_MANUAL,,,
,AREA_ARTES_HUMANIDADES,,,,,,,,,CELDAS_PENDIENTES,26.0,I162S2C13J2V1,REVISAR_AREA_ARTES_HUMANIDADES_SIN_FUENTE,REVISION_ESPECIFICA_O_DECISION_MANUAL,,,
,AREA_ARTES_HUMANIDADES,,,,,,,,,CELDAS_PENDIENTES,29.0,I162S2C21J1V1,REVISAR_AREA_ARTES_HUMANIDADES_SIN_FUENTE,REVISION_ESPECIFICA_O_DECISION_MANUAL,,,
,AREA_ARTES_HUMANIDADES,,,,,,,,,CELDAS_PENDIENTES,30.0,I162S2C21J2V1,REVISAR_AREA_ARTES_HUMANIDADES_SIN_FUENTE,REVISION_ESPECIFICA_O_DECISION_MANUAL,,,
,AREA_ARTES_HUMANIDADES,,,,,,,,,CELDAS_PENDIENTES,31.0,I162S2C23J1V1,REVISAR_AREA_ARTES_HUMANIDADES_SIN_FUENTE,REVISION_ESPECIFICA_O_DECISION_MANUAL,,,
,AREA_ARTES_HUMANIDADES,,,,,,,,,CELDAS_PENDIENTES,32.0,I162S2C23J2V1,REVISAR_AREA_ARTES_HUMANIDADES_SIN_FUENTE,REVISION_ESPECIFICA_O_DECISION_MANUAL,,,
,AREA_ARTES_HUMANIDADES,,,,,,,,,CELDAS_PENDIENTES,33.0,I162S2C24J1V1,REVISAR_AREA_ARTES_HUMANIDADES_SIN_FUENTE,REVISION_ESPECIFICA_O_DECISION_MANUAL,,,
,AREA_ARTES_HUMANIDADES,,,,,,,,,CELDAS_PENDIENTES,34.0,I162S2C24J2V1,REVISAR_AREA_ARTES_HUMANIDADES_SIN_FUENTE,REVISION_ESPECIFICA_O_DECISION_MANUAL,,,
,AREA_ARTES_HUMANIDADES,,,,,,,,,CELDAS_PENDIENTES,43.0,I162S2C41J2V1,REVISAR_AREA_ARTES_HUMANIDADES_SIN_FUENTE,REVISION_ESPECIFICA_O_DECISION_MANUAL,,,
,AREA_ARTES_HUMANIDADES,,,,,,,,,CELDAS_PENDIENTES,54.0,I162S2C6J4V1,REVISAR_AREA_ARTES_HUMANIDADES_SIN_FUENTE,REVISION_ESPECIFICA_O_DECISION_MANUAL,,,
,AREA_CIENCIAS_NAT_MAT_ESTAD,,,,,,,,,CELDAS_PENDIENTES,25.0,I162S2C13J1V1,REVISAR_AREA_CIENCIAS_NAT_MAT_ESTAD_SIN_FUENTE,REVISION_ESPECIFICA_O_DECISION_MANUAL,,,
,AREA_CIENCIAS_NAT_MAT_ESTAD,,,,,,,,,CELDAS_PENDIENTES,26.0,I162S2C13J2V1,REVISAR_AREA_CIENCIAS_NAT_MAT_ESTAD_SIN_FUENTE,REVISION_ESPECIFICA_O_DECISION_MANUAL,,,
,AREA_CIENCIAS_NAT_MAT_ESTAD,,,,,,,,,CELDAS_PENDIENTES,29.0,I162S2C21J1V1,REVISAR_AREA_CIENCIAS_NAT_MAT_ESTAD_SIN_FUENTE,REVISION_ESPECIFICA_O_DECISION_MANUAL,,,
,AREA_CIENCIAS_NAT_MAT_ESTAD,,,,,,,,,CELDAS_PENDIENTES,30.0,I162S2C21J2V1,REVISAR_AREA_CIENCIAS_NAT_MAT_ESTAD_SIN_FUENTE,REVISION_ESPECIFICA_O_DECISION_MANUAL,,,
,AREA_CIENCIAS_NAT_MAT_ESTAD,,,,,,,,,CELDAS_PENDIENTES,31.0,I162S2C23J1V1,REVISAR_AREA_CIENCIAS_NAT_MAT_ESTAD_SIN_FUENTE,REVISION_ESPECIFICA_O_DECISION_MANUAL,,,
,AREA_CIENCIAS_NAT_MAT_ESTAD,,,,,,,,,CELDAS_PENDIENTES,32.0,I162S2C23J2V1,REVISAR_AREA_CIENCIAS_NAT_MAT_ESTAD_SIN_FUENTE,REVISION_ESPECIFICA_O_DECISION_MANUAL,,,
,AREA_CIENCIAS_NAT_MAT_ESTAD,,,,,,,,,CELDAS_PENDIENTES,33.0,I162S2C24J1V1,REVISAR_AREA_CIENCIAS_NAT_MAT_ESTAD_SIN_FUENTE,REVISION_ESPECIFICA_O_DECISION_MANUAL,,,
,AREA_CIENCIAS_NAT_MAT_ESTAD,,,,,,,,,CELDAS_PENDIENTES,34.0,I162S2C24J2V1,REVISAR_AREA_CIENCIAS_NAT_MAT_ESTAD_SIN_FUENTE,REVISION_ESPECIFICA_O_DECISION_MANUAL,,,
,AREA_CIENCIAS_NAT_MAT_ESTAD,,,,,,,,,CELDAS_PENDIENTES,43.0,I162S2C41J2V1,REVISAR_AREA_CIENCIAS_NAT_MAT_ESTAD_SIN_FUENTE,REVISION_ESPECIFICA_O_DECISION_MANUAL,,,
,AREA_CIENCIAS_NAT_MAT_ESTAD,,,,,,,,,CELDAS_PENDIENTES,54.0,I162S2C6J4V1,REVISAR_AREA_CIENCIAS_NAT_MAT_ESTAD_SIN_FUENTE,REVISION_ESPECIFICA_O_DECISION_MANUAL,,,
,AREA_CS_SOCIAL_PERIODISMO_INFO,,,,,,,,,CELDAS_PENDIENTES,25.0,I162S2C13J1V1,REVISAR_AREA_CS_SOCIAL_PERIODISMO_INFO_SIN_FUENTE,REVISION_ESPECIFICA_O_DECISION_MANUAL,,,
,AREA_CS_SOCIAL_PERIODISMO_INFO,,,,,,,,,CELDAS_PENDIENTES,26.0,I162S2C13J2V1,REVISAR_AREA_CS_SOCIAL_PERIODISMO_INFO_SIN_FUENTE,REVISION_ESPECIFICA_O_DECISION_MANUAL,,,
,AREA_CS_SOCIAL_PERIODISMO_INFO,,,,,,,,,CELDAS_PENDIENTES,29.0,I162S2C21J1V1,REVISAR_AREA_CS_SOCIAL_PERIODISMO_INFO_SIN_FUENTE,REVISION_ESPECIFICA_O_DECISION_MANUAL,,,
,AREA_CS_SOCIAL_PERIODISMO_INFO,,,,,,,,,CELDAS_PENDIENTES,30.0,I162S2C21J2V1,REVISAR_AREA_CS_SOCIAL_PERIODISMO_INFO_SIN_FUENTE,REVISION_ESPECIFICA_O_DECISION_MANUAL,,,
,AREA_CS_SOCIAL_PERIODISMO_INFO,,,,,,,,,CELDAS_PENDIENTES,31.0,I162S2C23J1V1,REVISAR_AREA_CS_SOCIAL_PERIODISMO_INFO_SIN_FUENTE,REVISION_ESPECIFICA_O_DECISION_MANUAL,,,
,AREA_CS_SOCIAL_PERIODISMO_INFO,,,,,,,,,CELDAS_PENDIENTES,32.0,I162S2C23J2V1,REVISAR_AREA_CS_SOCIAL_PERIODISMO_INFO_SIN_FUENTE,REVISION_ESPECIFICA_O_DECISION_MANUAL,,,
,AREA_CS_SOCIAL_PERIODISMO_INFO,,,,,,,,,CELDAS_PENDIENTES,33.0,I162S2C24J1V1,REVISAR_AREA_CS_SOCIAL_PERIODISMO_INFO_SIN_FUENTE,REVISION_ESPECIFICA_O_DECISION_MANUAL,,,
,AREA_CS_SOCIAL_PERIODISMO_INFO,,,,,,,,,CELDAS_PENDIENTES,34.0,I162S2C24J2V1,REVISAR_AREA_CS_SOCIAL_PERIODISMO_INFO_SIN_FUENTE,REVISION_ESPECIFICA_O_DECISION_MANUAL,,,
,AREA_CS_SOCIAL_PERIODISMO_INFO,,,,,,,,,CELDAS_PENDIENTES,43.0,I162S2C41J2V1,REVISAR_AREA_CS_SOCIAL_PERIODISMO_INFO_SIN_FUENTE,REVISION_ESPECIFICA_O_DECISION_MANUAL,,,
,AREA_CS_SOCIAL_PERIODISMO_INFO,,,,,,,,,CELDAS_PENDIENTES,54.0,I162S2C6J4V1,REVISAR_AREA_CS_SOCIAL_PERIODISMO_INFO_SIN_FUENTE,REVISION_ESPECIFICA_O_DECISION_MANUAL,,,
,AREA_EDUCACION,,,,,,,,,CELDAS_PENDIENTES,25.0,I162S2C13J1V1,REVISAR_AREA_EDUCACION_SIN_FUENTE,REVISION_ESPECIFICA_O_DECISION_MANUAL,,,
,AREA_EDUCACION,,,,,,,,,CELDAS_PENDIENTES,26.0,I162S2C13J2V1,REVISAR_AREA_EDUCACION_SIN_FUENTE,REVISION_ESPECIFICA_O_DECISION_MANUAL,,,
,AREA_EDUCACION,,,,,,,,,CELDAS_PENDIENTES,29.0,I162S2C21J1V1,REVISAR_AREA_EDUCACION_SIN_FUENTE,REVISION_ESPECIFICA_O_DECISION_MANUAL,,,
,AREA_EDUCACION,,,,,,,,,CELDAS_PENDIENTES,30.0,I162S2C21J2V1,REVISAR_AREA_EDUCACION_SIN_FUENTE,REVISION_ESPECIFICA_O_DECISION_MANUAL,,,
,AREA_EDUCACION,,,,,,,,,CELDAS_PENDIENTES,31.0,I162S2C23J1V1,REVISAR_AREA_EDUCACION_SIN_FUENTE,REVISION_ESPECIFICA_O_DECISION_MANUAL,,,
,AREA_EDUCACION,,,,,,,,,CELDAS_PENDIENTES,32.0,I162S2C23J2V1,REVISAR_AREA_EDUCACION_SIN_FUENTE,REVISION_ESPECIFICA_O_DECISION_MANUAL,,,
,AREA_EDUCACION,,,,,,,,,CELDAS_PENDIENTES,33.0,I162S2C24J1V1,REVISAR_AREA_EDUCACION_SIN_FUENTE,REVISION_ESPECIFICA_O_DECISION_MANUAL,,,
,AREA_EDUCACION,,,,,,,,,CELDAS_PENDIENTES,34.0,I162S2C24J2V1,REVISAR_AREA_EDUCACION_SIN_FUENTE,REVISION_ESPECIFICA_O_DECISION_MANUAL,,,
,AREA_EDUCACION,,,,,,,,,CELDAS_PENDIENTES,43.0,I162S2C41J2V1,REVISAR_AREA_EDUCACION_SIN_FUENTE,REVISION_ESPECIFICA_O_DECISION_MANUAL,,,
,AREA_EDUCACION,,,,,,,,,CELDAS_PENDIENTES,54.0,I162S2C6J4V1,REVISAR_AREA_EDUCACION_SIN_FUENTE,REVISION_ESPECIFICA_O_DECISION_MANUAL,,,
,AREA_INGE_INDUSTRIA_CONSTRUC,,,,,,,,,CELDAS_PENDIENTES,25.0,I162S2C13J1V1,REVISAR_AREA_INGE_INDUSTRIA_CONSTRUC_SIN_FUENTE,REVISION_ESPECIFICA_O_DECISION_MANUAL,,,
,AREA_INGE_INDUSTRIA_CONSTRUC,,,,,,,,,CELDAS_PENDIENTES,26.0,I162S2C13J2V1,REVISAR_AREA_INGE_INDUSTRIA_CONSTRUC_SIN_FUENTE,REVISION_ESPECIFICA_O_DECISION_MANUAL,,,
,AREA_INGE_INDUSTRIA_CONSTRUC,,,,,,,,,CELDAS_PENDIENTES,29.0,I162S2C21J1V1,REVISAR_AREA_INGE_INDUSTRIA_CONSTRUC_SIN_FUENTE,REVISION_ESPECIFICA_O_DECISION_MANUAL,,,
,AREA_INGE_INDUSTRIA_CONSTRUC,,,,,,,,,CELDAS_PENDIENTES,30.0,I162S2C21J2V1,REVISAR_AREA_INGE_INDUSTRIA_CONSTRUC_SIN_FUENTE,REVISION_ESPECIFICA_O_DECISION_MANUAL,,,
,AREA_INGE_INDUSTRIA_CONSTRUC,,,,,,,,,CELDAS_PENDIENTES,31.0,I162S2C23J1V1,REVISAR_AREA_INGE_INDUSTRIA_CONSTRUC_SIN_FUENTE,REVISION_ESPECIFICA_O_DECISION_MANUAL,,,
,AREA_INGE_INDUSTRIA_CONSTRUC,,,,,,,,,CELDAS_PENDIENTES,32.0,I162S2C23J2V1,REVISAR_AREA_INGE_INDUSTRIA_CONSTRUC_SIN_FUENTE,REVISION_ESPECIFICA_O_DECISION_MANUAL,,,
,AREA_INGE_INDUSTRIA_CONSTRUC,,,,,,,,,CELDAS_PENDIENTES,33.0,I162S2C24J1V1,REVISAR_AREA_INGE_INDUSTRIA_CONSTRUC_SIN_FUENTE,REVISION_ESPECIFICA_O_DECISION_MANUAL,,,
,AREA_INGE_INDUSTRIA_CONSTRUC,,,,,,,,,CELDAS_PENDIENTES,34.0,I162S2C24J2V1,REVISAR_AREA_INGE_INDUSTRIA_CONSTRUC_SIN_FUENTE,REVISION_ESPECIFICA_O_DECISION_MANUAL,,,
,AREA_INGE_INDUSTRIA_CONSTRUC,,,,,,,,,CELDAS_PENDIENTES,43.0,I162S2C41J2V1,REVISAR_AREA_INGE_INDUSTRIA_CONSTRUC_SIN_FUENTE,REVISION_ESPECIFICA_O_DECISION_MANUAL,,,
,AREA_INGE_INDUSTRIA_CONSTRUC,,,,,,,,,CELDAS_PENDIENTES,54.0,I162S2C6J4V1,REVISAR_AREA_INGE_INDUSTRIA_CONSTRUC_SIN_FUENTE,REVISION_ESPECIFICA_O_DECISION_MANUAL,,,
,AREA_SALUD_BIENESTAR,,,,,,,,,CELDAS_PENDIENTES,25.0,I162S2C13J1V1,REVISAR_AREA_SALUD_BIENESTAR_SIN_FUENTE,REVISION_ESPECIFICA_O_DECISION_MANUAL,,,
,AREA_SALUD_BIENESTAR,,,,,,,,,CELDAS_PENDIENTES,26.0,I162S2C13J2V1,REVISAR_AREA_SALUD_BIENESTAR_SIN_FUENTE,REVISION_ESPECIFICA_O_DECISION_MANUAL,,,
,AREA_SALUD_BIENESTAR,,,,,,,,,CELDAS_PENDIENTES,29.0,I162S2C21J1V1,REVISAR_AREA_SALUD_BIENESTAR_SIN_FUENTE,REVISION_ESPECIFICA_O_DECISION_MANUAL,,,
,AREA_SALUD_BIENESTAR,,,,,,,,,CELDAS_PENDIENTES,30.0,I162S2C21J2V1,REVISAR_AREA_SALUD_BIENESTAR_SIN_FUENTE,REVISION_ESPECIFICA_O_DECISION_MANUAL,,,
,AREA_SALUD_BIENESTAR,,,,,,,,,CELDAS_PENDIENTES,31.0,I162S2C23J1V1,REVISAR_AREA_SALUD_BIENESTAR_SIN_FUENTE,REVISION_ESPECIFICA_O_DECISION_MANUAL,,,
,AREA_SALUD_BIENESTAR,,,,,,,,,CELDAS_PENDIENTES,32.0,I162S2C23J2V1,REVISAR_AREA_SALUD_BIENESTAR_SIN_FUENTE,REVISION_ESPECIFICA_O_DECISION_MANUAL,,,
,AREA_SALUD_BIENESTAR,,,,,,,,,CELDAS_PENDIENTES,33.0,I162S2C24J1V1,REVISAR_AREA_SALUD_BIENESTAR_SIN_FUENTE,REVISION_ESPECIFICA_O_DECISION_MANUAL,,,
,AREA_SALUD_BIENESTAR,,,,,,,,,CELDAS_PENDIENTES,34.0,I162S2C24J2V1,REVISAR_AREA_SALUD_BIENESTAR_SIN_FUENTE,REVISION_ESPECIFICA_O_DECISION_MANUAL,,,
,AREA_SALUD_BIENESTAR,,,,,,,,,CELDAS_PENDIENTES,43.0,I162S2C41J2V1,REVISAR_AREA_SALUD_BIENESTAR_SIN_FUENTE,REVISION_ESPECIFICA_O_DECISION_MANUAL,,,
,AREA_SALUD_BIENESTAR,,,,,,,,,CELDAS_PENDIENTES,54.0,I162S2C6J4V1,REVISAR_AREA_SALUD_BIENESTAR_SIN_FUENTE,REVISION_ESPECIFICA_O_DECISION_MANUAL,,,
,AREA_SERVICIOS,,,,,,,,,CELDAS_PENDIENTES,25.0,I162S2C13J1V1,REVISAR_AREA_SERVICIOS_SIN_FUENTE,REVISION_ESPECIFICA_O_DECISION_MANUAL,,,
,AREA_SERVICIOS,,,,,,,,,CELDAS_PENDIENTES,26.0,I162S2C13J2V1,REVISAR_AREA_SERVICIOS_SIN_FUENTE,REVISION_ESPECIFICA_O_DECISION_MANUAL,,,
,AREA_SERVICIOS,,,,,,,,,CELDAS_PENDIENTES,29.0,I162S2C21J1V1,REVISAR_AREA_SERVICIOS_SIN_FUENTE,REVISION_ESPECIFICA_O_DECISION_MANUAL,,,
,AREA_SERVICIOS,,,,,,,,,CELDAS_PENDIENTES,30.0,I162S2C21J2V1,REVISAR_AREA_SERVICIOS_SIN_FUENTE,REVISION_ESPECIFICA_O_DECISION_MANUAL,,,
,AREA_SERVICIOS,,,,,,,,,CELDAS_PENDIENTES,31.0,I162S2C23J1V1,REVISAR_AREA_SERVICIOS_SIN_FUENTE,REVISION_ESPECIFICA_O_DECISION_MANUAL,,,
,AREA_SERVICIOS,,,,,,,,,CELDAS_PENDIENTES,32.0,I162S2C23J2V1,REVISAR_AREA_SERVICIOS_SIN_FUENTE,REVISION_ESPECIFICA_O_DECISION_MANUAL,,,
,AREA_SERVICIOS,,,,,,,,,CELDAS_PENDIENTES,33.0,I162S2C24J1V1,REVISAR_AREA_SERVICIOS_SIN_FUENTE,REVISION_ESPECIFICA_O_DECISION_MANUAL,,,
,AREA_SERVICIOS,,,,,,,,,CELDAS_PENDIENTES,34.0,I162S2C24J2V1,REVISAR_AREA_SERVICIOS_SIN_FUENTE,REVISION_ESPECIFICA_O_DECISION_MANUAL,,,
,AREA_SERVICIOS,,,,,,,,,CELDAS_PENDIENTES,43.0,I162S2C41J2V1,REVISAR_AREA_SERVICIOS_SIN_FUENTE,REVISION_ESPECIFICA_O_DECISION_MANUAL,,,
,AREA_SERVICIOS,,,,,,,,,CELDAS_PENDIENTES,54.0,I162S2C6J4V1,REVISAR_AREA_SERVICIOS_SIN_FUENTE,REVISION_ESPECIFICA_O_DECISION_MANUAL,,,
,AREA_TECNO_INFO_COMUNICA,,,,,,,,,CELDAS_PENDIENTES,25.0,I162S2C13J1V1,REVISAR_AREA_TECNO_INFO_COMUNICA_SIN_FUENTE,REVISION_ESPECIFICA_O_DECISION_MANUAL,,,
,AREA_TECNO_INFO_COMUNICA,,,,,,,,,CELDAS_PENDIENTES,26.0,I162S2C13J2V1,REVISAR_AREA_TECNO_INFO_COMUNICA_SIN_FUENTE,REVISION_ESPECIFICA_O_DECISION_MANUAL,,,
,AREA_TECNO_INFO_COMUNICA,,,,,,,,,CELDAS_PENDIENTES,29.0,I162S2C21J1V1,REVISAR_AREA_TECNO_INFO_COMUNICA_SIN_FUENTE,REVISION_ESPECIFICA_O_DECISION_MANUAL,,,
,AREA_TECNO_INFO_COMUNICA,,,,,,,,,CELDAS_PENDIENTES,30.0,I162S2C21J2V1,REVISAR_AREA_TECNO_INFO_COMUNICA_SIN_FUENTE,REVISION_ESPECIFICA_O_DECISION_MANUAL,,,
,AREA_TECNO_INFO_COMUNICA,,,,,,,,,CELDAS_PENDIENTES,31.0,I162S2C23J1V1,REVISAR_AREA_TECNO_INFO_COMUNICA_SIN_FUENTE,REVISION_ESPECIFICA_O_DECISION_MANUAL,,,
,AREA_TECNO_INFO_COMUNICA,,,,,,,,,CELDAS_PENDIENTES,32.0,I162S2C23J2V1,REVISAR_AREA_TECNO_INFO_COMUNICA_SIN_FUENTE,REVISION_ESPECIFICA_O_DECISION_MANUAL,,,
,AREA_TECNO_INFO_COMUNICA,,,,,,,,,CELDAS_PENDIENTES,33.0,I162S2C24J1V1,REVISAR_AREA_TECNO_INFO_COMUNICA_SIN_FUENTE,REVISION_ESPECIFICA_O_DECISION_MANUAL,,,
,AREA_TECNO_INFO_COMUNICA,,,,,,,,,CELDAS_PENDIENTES,34.0,I162S2C24J2V1,REVISAR_AREA_TECNO_INFO_COMUNICA_SIN_FUENTE,REVISION_ESPECIFICA_O_DECISION_MANUAL,,,
,AREA_TECNO_INFO_COMUNICA,,,,,,,,,CELDAS_PENDIENTES,43.0,I162S2C41J2V1,REVISAR_AREA_TECNO_INFO_COMUNICA_SIN_FUENTE,REVISION_ESPECIFICA_O_DECISION_MANUAL,,,
,AREA_TECNO_INFO_COMUNICA,,,,,,,,,CELDAS_PENDIENTES,54.0,I162S2C6J4V1,REVISAR_AREA_TECNO_INFO_COMUNICA_SIN_FUENTE,REVISION_ESPECIFICA_O_DECISION_MANUAL,,,
,VACANTES_PRIMER_SEMESTRE,,,,,,,,,CELDAS_PENDIENTES,25.0,I162S2C13J1V1,REVISAR_VACANTES_PRIMER_SEMESTRE_SIN_FUENTE,REVISION_ESPECIFICA_O_DECISION_MANUAL,,,
,VACANTES_PRIMER_SEMESTRE,,,,,,,,,CELDAS_PENDIENTES,26.0,I162S2C13J2V1,REVISAR_VACANTES_PRIMER_SEMESTRE_SIN_FUENTE,REVISION_ESPECIFICA_O_DECISION_MANUAL,,,
,VACANTES_PRIMER_SEMESTRE,,,,,,,,,CELDAS_PENDIENTES,29.0,I162S2C21J1V1,REVISAR_VACANTES_PRIMER_SEMESTRE_SIN_FUENTE,REVISION_ESPECIFICA_O_DECISION_MANUAL,,,
,VACANTES_PRIMER_SEMESTRE,,,,,,,,,CELDAS_PENDIENTES,30.0,I162S2C21J2V1,REVISAR_VACANTES_PRIMER_SEMESTRE_SIN_FUENTE,REVISION_ESPECIFICA_O_DECISION_MANUAL,,,
,VACANTES_PRIMER_SEMESTRE,,,,,,,,,CELDAS_PENDIENTES,31.0,I162S2C23J1V1,REVISAR_VACANTES_PRIMER_SEMESTRE_SIN_FUENTE,REVISION_ESPECIFICA_O_DECISION_MANUAL,,,
,VACANTES_PRIMER_SEMESTRE,,,,,,,,,CELDAS_PENDIENTES,32.0,I162S2C23J2V1,REVISAR_VACANTES_PRIMER_SEMESTRE_SIN_FUENTE,REVISION_ESPECIFICA_O_DECISION_MANUAL,,,
,VACANTES_PRIMER_SEMESTRE,,,,,,,,,CELDAS_PENDIENTES,33.0,I162S2C24J1V1,REVISAR_VACANTES_PRIMER_SEMESTRE_SIN_FUENTE,REVISION_ESPECIFICA_O_DECISION_MANUAL,,,
,VACANTES_PRIMER_SEMESTRE,,,,,,,,,CELDAS_PENDIENTES,34.0,I162S2C24J2V1,REVISAR_VACANTES_PRIMER_SEMESTRE_SIN_FUENTE,REVISION_ESPECIFICA_O_DECISION_MANUAL,,,
,VACANTES_PRIMER_SEMESTRE,,,,,,,,,CELDAS_PENDIENTES,41.0,I162S2C3J2V2,CONFLICTO_REVISAR_VACANTES_PRIMER_SEMESTRE_VERSIONES_MULTIPLES_0_30,CONFLICTO,,,
,VACANTES_PRIMER_SEMESTRE,,,,,,,,,CELDAS_PENDIENTES,43.0,I162S2C41J2V1,REVISAR_VACANTES_PRIMER_SEMESTRE_SIN_FUENTE,REVISION_ESPECIFICA_O_DECISION_MANUAL,,,
,VACANTES_PRIMER_SEMESTRE,,,,,,,,,CELDAS_PENDIENTES,54.0,I162S2C6J4V1,REVISAR_VACANTES_PRIMER_SEMESTRE_SIN_FUENTE,REVISION_ESPECIFICA_O_DECISION_MANUAL,,,
,VACANTES_SEGUNDO_SEMESTRE,,,,,,,,,CELDAS_PENDIENTES,25.0,I162S2C13J1V1,REVISAR_VACANTES_SEGUNDO_SEMESTRE_SIN_FUENTE,REVISION_ESPECIFICA_O_DECISION_MANUAL,,,
,VACANTES_SEGUNDO_SEMESTRE,,,,,,,,,CELDAS_PENDIENTES,26.0,I162S2C13J2V1,REVISAR_VACANTES_SEGUNDO_SEMESTRE_SIN_FUENTE,REVISION_ESPECIFICA_O_DECISION_MANUAL,,,
,VACANTES_SEGUNDO_SEMESTRE,,,,,,,,,CELDAS_PENDIENTES,29.0,I162S2C21J1V1,REVISAR_VACANTES_SEGUNDO_SEMESTRE_SIN_FUENTE,REVISION_ESPECIFICA_O_DECISION_MANUAL,,,
,VACANTES_SEGUNDO_SEMESTRE,,,,,,,,,CELDAS_PENDIENTES,30.0,I162S2C21J2V1,REVISAR_VACANTES_SEGUNDO_SEMESTRE_SIN_FUENTE,REVISION_ESPECIFICA_O_DECISION_MANUAL,,,
,VACANTES_SEGUNDO_SEMESTRE,,,,,,,,,CELDAS_PENDIENTES,31.0,I162S2C23J1V1,REVISAR_VACANTES_SEGUNDO_SEMESTRE_SIN_FUENTE,REVISION_ESPECIFICA_O_DECISION_MANUAL,,,
,VACANTES_SEGUNDO_SEMESTRE,,,,,,,,,CELDAS_PENDIENTES,32.0,I162S2C23J2V1,REVISAR_VACANTES_SEGUNDO_SEMESTRE_SIN_FUENTE,REVISION_ESPECIFICA_O_DECISION_MANUAL,,,
,VACANTES_SEGUNDO_SEMESTRE,,,,,,,,,CELDAS_PENDIENTES,33.0,I162S2C24J1V1,REVISAR_VACANTES_SEGUNDO_SEMESTRE_SIN_FUENTE,REVISION_ESPECIFICA_O_DECISION_MANUAL,,,
,VACANTES_SEGUNDO_SEMESTRE,,,,,,,,,CELDAS_PENDIENTES,34.0,I162S2C24J2V1,REVISAR_VACANTES_SEGUNDO_SEMESTRE_SIN_FUENTE,REVISION_ESPECIFICA_O_DECISION_MANUAL,,,
,VACANTES_SEGUNDO_SEMESTRE,,,,,,,,,CELDAS_PENDIENTES,43.0,I162S2C41J2V1,REVISAR_VACANTES_SEGUNDO_SEMESTRE_SIN_FUENTE,REVISION_ESPECIFICA_O_DECISION_MANUAL,,,
,VACANTES_SEGUNDO_SEMESTRE,,,,,,,,,CELDAS_PENDIENTES,54.0,I162S2C6J4V1,REVISAR_VACANTES_SEGUNDO_SEMESTRE_SIN_FUENTE,REVISION_ESPECIFICA_O_DECISION_MANUAL,,,
,FECHA_ADMISION_INICIAL,,,,,,,,,CELDAS_PENDIENTES,2.0,I162S2C101J4V1,REVISAR_FECHA_ADMISION_INICIAL_SIN_FUENTE,REVISION_ESPECIFICA_O_DECISION_MANUAL,,,
,FECHA_ADMISION_INICIAL,,,,,,,,,CELDAS_PENDIENTES,3.0,I162S2C102J4V1,REVISAR_FECHA_ADMISION_INICIAL_SIN_FUENTE,REVISION_ESPECIFICA_O_DECISION_MANUAL,,,
,FECHA_ADMISION_INICIAL,,,,,,,,,CELDAS_PENDIENTES,4.0,I162S2C103J4V1,REVISAR_FECHA_ADMISION_INICIAL_SIN_FUENTE,REVISION_ESPECIFICA_O_DECISION_MANUAL,,,
,FECHA_ADMISION_INICIAL,,,,,,,,,CELDAS_PENDIENTES,5.0,I162S2C104J4V1,REVISAR_FECHA_ADMISION_INICIAL_SIN_FUENTE,REVISION_ESPECIFICA_O_DECISION_MANUAL,,,
,FECHA_ADMISION_INICIAL,,,,,,,,,CELDAS_PENDIENTES,6.0,I162S2C105J4V1,REVISAR_FECHA_ADMISION_INICIAL_SIN_FUENTE,REVISION_ESPECIFICA_O_DECISION_MANUAL,,,
,FECHA_ADMISION_INICIAL,,,,,,,,,CELDAS_PENDIENTES,7.0,I162S2C10J1V1,REVISAR_FECHA_ADMISION_INICIAL_SIN_FUENTE,REVISION_ESPECIFICA_O_DECISION_MANUAL,,,
,FECHA_ADMISION_INICIAL,,,,,,,,,CELDAS_PENDIENTES,8.0,I162S2C10J4V1,REVISAR_FECHA_ADMISION_INICIAL_SIN_FUENTE,REVISION_ESPECIFICA_O_DECISION_MANUAL,,,
,FECHA_ADMISION_INICIAL,,,,,,,,,CELDAS_PENDIENTES,9.0,I162S2C111J4V1,REVISAR_FECHA_ADMISION_INICIAL_SIN_FUENTE,REVISION_ESPECIFICA_O_DECISION_MANUAL,,,
,FECHA_ADMISION_INICIAL,,,,,,,,,CELDAS_PENDIENTES,10.0,I162S2C111J4V2,REVISAR_FECHA_ADMISION_INICIAL_SIN_FUENTE,REVISION_ESPECIFICA_O_DECISION_MANUAL,,,
,FECHA_ADMISION_INICIAL,,,,,,,,,CELDAS_PENDIENTES,11.0,I162S2C112J4V1,REVISAR_FECHA_ADMISION_INICIAL_SIN_FUENTE,REVISION_ESPECIFICA_O_DECISION_MANUAL,,,
,FECHA_ADMISION_INICIAL,,,,,,,,,CELDAS_PENDIENTES,12.0,I162S2C112J4V2,REVISAR_FECHA_ADMISION_INICIAL_SIN_FUENTE,REVISION_ESPECIFICA_O_DECISION_MANUAL,,,
,FECHA_ADMISION_INICIAL,,,,,,,,,CELDAS_PENDIENTES,13.0,I162S2C113J4V1,REVISAR_FECHA_ADMISION_INICIAL_SIN_FUENTE,REVISION_ESPECIFICA_O_DECISION_MANUAL,,,
,FECHA_ADMISION_INICIAL,,,,,,,,,CELDAS_PENDIENTES,14.0,I162S2C113J4V2,REVISAR_FECHA_ADMISION_INICIAL_SIN_FUENTE,REVISION_ESPECIFICA_O_DECISION_MANUAL,,,
,FECHA_ADMISION_INICIAL,,,,,,,,,CELDAS_PENDIENTES,15.0,I162S2C114J2V1,REVISAR_FECHA_ADMISION_INICIAL_SIN_FUENTE,REVISION_ESPECIFICA_O_DECISION_MANUAL,,,
,FECHA_ADMISION_INICIAL,,,,,,,,,CELDAS_PENDIENTES,16.0,I162S2C115J2V1,REVISAR_FECHA_ADMISION_INICIAL_SIN_FUENTE,REVISION_ESPECIFICA_O_DECISION_MANUAL,,,
,FECHA_ADMISION_INICIAL,,,,,,,,,CELDAS_PENDIENTES,17.0,I162S2C116J4V1,REVISAR_FECHA_ADMISION_INICIAL_SIN_FUENTE,REVISION_ESPECIFICA_O_DECISION_MANUAL,,,
,FECHA_ADMISION_INICIAL,,,,,,,,,CELDAS_PENDIENTES,18.0,I162S2C117J4V1,REVISAR_FECHA_ADMISION_INICIAL_SIN_FUENTE,REVISION_ESPECIFICA_O_DECISION_MANUAL,,,
,FECHA_ADMISION_INICIAL,,,,,,,,,CELDAS_PENDIENTES,19.0,I162S2C118J4V1,REVISAR_FECHA_ADMISION_INICIAL_SIN_FUENTE,REVISION_ESPECIFICA_O_DECISION_MANUAL,,,
,FECHA_ADMISION_INICIAL,,,,,,,,,CELDAS_PENDIENTES,20.0,I162S2C119J4V1,REVISAR_FECHA_ADMISION_INICIAL_SIN_FUENTE,REVISION_ESPECIFICA_O_DECISION_MANUAL,,,
,FECHA_ADMISION_INICIAL,,,,,,,,,CELDAS_PENDIENTES,21.0,I162S2C124J4V1,REVISAR_FECHA_ADMISION_INICIAL_SIN_FUENTE,REVISION_ESPECIFICA_O_DECISION_MANUAL,,,
,FECHA_ADMISION_INICIAL,,,,,,,,,CELDAS_PENDIENTES,22.0,I162S2C124J4V2,REVISAR_FECHA_ADMISION_INICIAL_SIN_FUENTE,REVISION_ESPECIFICA_O_DECISION_MANUAL,,,
,FECHA_ADMISION_INICIAL,,,,,,,,,CELDAS_PENDIENTES,23.0,I162S2C125J4V1,REVISAR_FECHA_ADMISION_INICIAL_SIN_FUENTE,REVISION_ESPECIFICA_O_DECISION_MANUAL,,,
,FECHA_ADMISION_INICIAL,,,,,,,,,CELDAS_PENDIENTES,24.0,I162S2C125J4V2,REVISAR_FECHA_ADMISION_INICIAL_SIN_FUENTE,REVISION_ESPECIFICA_O_DECISION_MANUAL,,,
,FECHA_ADMISION_INICIAL,,,,,,,,,CELDAS_PENDIENTES,25.0,I162S2C13J1V1,REVISAR_FECHA_ADMISION_INICIAL_SIN_FUENTE,REVISION_ESPECIFICA_O_DECISION_MANUAL,,,
,FECHA_ADMISION_INICIAL,,,,,,,,,CELDAS_PENDIENTES,26.0,I162S2C13J2V1,REVISAR_FECHA_ADMISION_INICIAL_SIN_FUENTE,REVISION_ESPECIFICA_O_DECISION_MANUAL,,,
,FECHA_ADMISION_INICIAL,,,,,,,,,CELDAS_PENDIENTES,27.0,I162S2C1J2V2,REVISAR_FECHA_ADMISION_INICIAL_SIN_FUENTE,REVISION_ESPECIFICA_O_DECISION_MANUAL,,,
,FECHA_ADMISION_INICIAL,,,,,,,,,CELDAS_PENDIENTES,28.0,I162S2C1J4V3,REVISAR_FECHA_ADMISION_INICIAL_SIN_FUENTE,REVISION_ESPECIFICA_O_DECISION_MANUAL,,,
,FECHA_ADMISION_INICIAL,,,,,,,,,CELDAS_PENDIENTES,29.0,I162S2C21J1V1,REVISAR_FECHA_ADMISION_INICIAL_SIN_FUENTE,REVISION_ESPECIFICA_O_DECISION_MANUAL,,,
,FECHA_ADMISION_INICIAL,,,,,,,,,CELDAS_PENDIENTES,30.0,I162S2C21J2V1,REVISAR_FECHA_ADMISION_INICIAL_SIN_FUENTE,REVISION_ESPECIFICA_O_DECISION_MANUAL,,,
,FECHA_ADMISION_INICIAL,,,,,,,,,CELDAS_PENDIENTES,31.0,I162S2C23J1V1,REVISAR_FECHA_ADMISION_INICIAL_SIN_FUENTE,REVISION_ESPECIFICA_O_DECISION_MANUAL,,,
,FECHA_ADMISION_INICIAL,,,,,,,,,CELDAS_PENDIENTES,32.0,I162S2C23J2V1,REVISAR_FECHA_ADMISION_INICIAL_SIN_FUENTE,REVISION_ESPECIFICA_O_DECISION_MANUAL,,,
,FECHA_ADMISION_INICIAL,,,,,,,,,CELDAS_PENDIENTES,33.0,I162S2C24J1V1,REVISAR_FECHA_ADMISION_INICIAL_SIN_FUENTE,REVISION_ESPECIFICA_O_DECISION_MANUAL,,,
,FECHA_ADMISION_INICIAL,,,,,,,,,CELDAS_PENDIENTES,34.0,I162S2C24J2V1,REVISAR_FECHA_ADMISION_INICIAL_SIN_FUENTE,REVISION_ESPECIFICA_O_DECISION_MANUAL,,,
,FECHA_ADMISION_INICIAL,,,,,,,,,CELDAS_PENDIENTES,35.0,I162S2C2J1V2,REVISAR_FECHA_ADMISION_INICIAL_SIN_FUENTE,REVISION_ESPECIFICA_O_DECISION_MANUAL,,,
,FECHA_ADMISION_INICIAL,,,,,,,,,CELDAS_PENDIENTES,36.0,I162S2C2J2V2,REVISAR_FECHA_ADMISION_INICIAL_SIN_FUENTE,REVISION_ESPECIFICA_O_DECISION_MANUAL,,,
,FECHA_ADMISION_INICIAL,,,,,,,,,CELDAS_PENDIENTES,37.0,I162S2C2J4V2,REVISAR_FECHA_ADMISION_INICIAL_SIN_FUENTE,REVISION_ESPECIFICA_O_DECISION_MANUAL,,,
,FECHA_ADMISION_INICIAL,,,,,,,,,CELDAS_PENDIENTES,38.0,I162S2C35J1V2,REVISAR_FECHA_ADMISION_INICIAL_SIN_FUENTE,REVISION_ESPECIFICA_O_DECISION_MANUAL,,,
,FECHA_ADMISION_INICIAL,,,,,,,,,CELDAS_PENDIENTES,39.0,I162S2C35J2V2,REVISAR_FECHA_ADMISION_INICIAL_SIN_FUENTE,REVISION_ESPECIFICA_O_DECISION_MANUAL,,,
,FECHA_ADMISION_INICIAL,,,,,,,,,CELDAS_PENDIENTES,40.0,I162S2C35J4V2,REVISAR_FECHA_ADMISION_INICIAL_SIN_FUENTE,REVISION_ESPECIFICA_O_DECISION_MANUAL,,,
,FECHA_ADMISION_INICIAL,,,,,,,,,CELDAS_PENDIENTES,41.0,I162S2C3J2V2,REVISAR_FECHA_ADMISION_INICIAL_SIN_FUENTE,REVISION_ESPECIFICA_O_DECISION_MANUAL,,,
,FECHA_ADMISION_INICIAL,,,,,,,,,CELDAS_PENDIENTES,42.0,I162S2C40J2V1,REVISAR_FECHA_ADMISION_INICIAL_SIN_FUENTE,REVISION_ESPECIFICA_O_DECISION_MANUAL,,,
,FECHA_ADMISION_INICIAL,,,,,,,,,CELDAS_PENDIENTES,43.0,I162S2C41J2V1,REVISAR_FECHA_ADMISION_INICIAL_SIN_FUENTE,REVISION_ESPECIFICA_O_DECISION_MANUAL,,,
,FECHA_ADMISION_INICIAL,,,,,,,,,CELDAS_PENDIENTES,44.0,I162S2C53J3V1,REVISAR_FECHA_ADMISION_INICIAL_SIN_FUENTE,REVISION_ESPECIFICA_O_DECISION_MANUAL,,,
,FECHA_ADMISION_INICIAL,,,,,,,,,CELDAS_PENDIENTES,45.0,I162S2C63J4V1,REVISAR_FECHA_ADMISION_INICIAL_SIN_FUENTE,REVISION_ESPECIFICA_O_DECISION_MANUAL,,,
,FECHA_ADMISION_INICIAL,,,,,,,,,CELDAS_PENDIENTES,46.0,I162S2C64J4V1,REVISAR_FECHA_ADMISION_INICIAL_SIN_FUENTE,REVISION_ESPECIFICA_O_DECISION_MANUAL,,,
,FECHA_ADMISION_INICIAL,,,,,,,,,CELDAS_PENDIENTES,47.0,I162S2C65J4V1,REVISAR_FECHA_ADMISION_INICIAL_SIN_FUENTE,REVISION_ESPECIFICA_O_DECISION_MANUAL,,,
,FECHA_ADMISION_INICIAL,,,,,,,,,CELDAS_PENDIENTES,48.0,I162S2C66J4V1,REVISAR_FECHA_ADMISION_INICIAL_SIN_FUENTE,REVISION_ESPECIFICA_O_DECISION_MANUAL,,,
,FECHA_ADMISION_INICIAL,,,,,,,,,CELDAS_PENDIENTES,49.0,I162S2C67J4V1,REVISAR_FECHA_ADMISION_INICIAL_SIN_FUENTE,REVISION_ESPECIFICA_O_DECISION_MANUAL,,,
,FECHA_ADMISION_INICIAL,,,,,,,,,CELDAS_PENDIENTES,50.0,I162S2C68J4V1,REVISAR_FECHA_ADMISION_INICIAL_SIN_FUENTE,REVISION_ESPECIFICA_O_DECISION_MANUAL,,,
,FECHA_ADMISION_INICIAL,,,,,,,,,CELDAS_PENDIENTES,51.0,I162S2C69J4V1,REVISAR_FECHA_ADMISION_INICIAL_SIN_FUENTE,REVISION_ESPECIFICA_O_DECISION_MANUAL,,,
,FECHA_ADMISION_INICIAL,,,,,,,,,CELDAS_PENDIENTES,52.0,I162S2C6J1V1,REVISAR_FECHA_ADMISION_INICIAL_SIN_FUENTE,REVISION_ESPECIFICA_O_DECISION_MANUAL,,,
,FECHA_ADMISION_INICIAL,,,,,,,,,CELDAS_PENDIENTES,53.0,I162S2C6J2V1,REVISAR_FECHA_ADMISION_INICIAL_SIN_FUENTE,REVISION_ESPECIFICA_O_DECISION_MANUAL,,,
,FECHA_ADMISION_INICIAL,,,,,,,,,CELDAS_PENDIENTES,54.0,I162S2C6J4V1,REVISAR_FECHA_ADMISION_INICIAL_SIN_FUENTE,REVISION_ESPECIFICA_O_DECISION_MANUAL,,,
,FECHA_ADMISION_INICIAL,,,,,,,,,CELDAS_PENDIENTES,55.0,I162S2C70J4V1,REVISAR_FECHA_ADMISION_INICIAL_SIN_FUENTE,REVISION_ESPECIFICA_O_DECISION_MANUAL,,,
,FECHA_ADMISION_INICIAL,,,,,,,,,CELDAS_PENDIENTES,56.0,I162S2C71J4V1,REVISAR_FECHA_ADMISION_INICIAL_SIN_FUENTE,REVISION_ESPECIFICA_O_DECISION_MANUAL,,,
,FECHA_ADMISION_INICIAL,,,,,,,,,CELDAS_PENDIENTES,57.0,I162S2C76J4V2,REVISAR_FECHA_ADMISION_INICIAL_SIN_FUENTE,REVISION_ESPECIFICA_O_DECISION_MANUAL,,,
,FECHA_ADMISION_INICIAL,,,,,,,,,CELDAS_PENDIENTES,58.0,I162S2C77J4V2,REVISAR_FECHA_ADMISION_INICIAL_SIN_FUENTE,REVISION_ESPECIFICA_O_DECISION_MANUAL,,,
,FECHA_ADMISION_INICIAL,,,,,,,,,CELDAS_PENDIENTES,59.0,I162S2C83J4V2,REVISAR_FECHA_ADMISION_INICIAL_SIN_FUENTE,REVISION_ESPECIFICA_O_DECISION_MANUAL,,,
,FECHA_ADMISION_INICIAL,,,,,,,,,CELDAS_PENDIENTES,60.0,I162S2C86J4V2,REVISAR_FECHA_ADMISION_INICIAL_SIN_FUENTE,REVISION_ESPECIFICA_O_DECISION_MANUAL,,,
,FECHA_ADMISION_INICIAL,,,,,,,,,CELDAS_PENDIENTES,61.0,I162S2C87J4V2,REVISAR_FECHA_ADMISION_INICIAL_SIN_FUENTE,REVISION_ESPECIFICA_O_DECISION_MANUAL,,,
,FECHA_ADMISION_INICIAL,,,,,,,,,CELDAS_PENDIENTES,62.0,I162S2C88J4V2,REVISAR_FECHA_ADMISION_INICIAL_SIN_FUENTE,REVISION_ESPECIFICA_O_DECISION_MANUAL,,,
,FECHA_ADMISION_INICIAL,,,,,,,,,CELDAS_PENDIENTES,63.0,I162S2C90J2V1,REVISAR_FECHA_ADMISION_INICIAL_SIN_FUENTE,REVISION_ESPECIFICA_O_DECISION_MANUAL,,,
,FECHA_ADMISION_INICIAL,,,,,,,,,CELDAS_PENDIENTES,64.0,I162S2C90J2V2,REVISAR_FECHA_ADMISION_INICIAL_SIN_FUENTE,REVISION_ESPECIFICA_O_DECISION_MANUAL,,,
,FECHA_ADMISION_INICIAL,,,,,,,,,CELDAS_PENDIENTES,65.0,I162S2C95J4V1,REVISAR_FECHA_ADMISION_INICIAL_SIN_FUENTE,REVISION_ESPECIFICA_O_DECISION_MANUAL,,,
,FECHA_ADMISION_INICIAL,,,,,,,,,CELDAS_PENDIENTES,66.0,I162S2C96J4V1,REVISAR_FECHA_ADMISION_INICIAL_SIN_FUENTE,REVISION_ESPECIFICA_O_DECISION_MANUAL,,,
,FECHA_ADMISION_INICIAL,,,,,,,,,CELDAS_PENDIENTES,67.0,I162S2C97J4V1,REVISAR_FECHA_ADMISION_INICIAL_SIN_FUENTE,REVISION_ESPECIFICA_O_DECISION_MANUAL,,,
,FECHA_ADMISION_INICIAL,,,,,,,,,CELDAS_PENDIENTES,68.0,I162S2C98J4V1,REVISAR_FECHA_ADMISION_INICIAL_SIN_FUENTE,REVISION_ESPECIFICA_O_DECISION_MANUAL,,,
,FECHA_ADMISION_INICIAL,,,,,,,,,CELDAS_PENDIENTES,69.0,I162S2C99J4V1,REVISAR_FECHA_ADMISION_INICIAL_SIN_FUENTE,REVISION_ESPECIFICA_O_DECISION_MANUAL,,,
,FECHA_ADMISION_INICIAL,,,,,,,,,CELDAS_PENDIENTES,70.0,I162S3C114J2V1,REVISAR_FECHA_ADMISION_INICIAL_SIN_FUENTE,REVISION_ESPECIFICA_O_DECISION_MANUAL,,,
,FECHA_ADMISION_INICIAL,,,,,,,,,CELDAS_PENDIENTES,71.0,I162S3C115J2V1,REVISAR_FECHA_ADMISION_INICIAL_SIN_FUENTE,REVISION_ESPECIFICA_O_DECISION_MANUAL,,,
,FECHA_ADMISION_INICIAL,,,,,,,,,CELDAS_PENDIENTES,72.0,I162S3C91J2V1,REVISAR_FECHA_ADMISION_INICIAL_SIN_FUENTE,REVISION_ESPECIFICA_O_DECISION_MANUAL,,,
,MALLA_CURRICULAR,,,,,,,,,CELDAS_PENDIENTES,2.0,I162S2C101J4V1,REVISAR_MALLA_CURRICULAR_SIN_FUENTE,REVISION_ESPECIFICA_O_DECISION_MANUAL,,,
,MALLA_CURRICULAR,,,,,,,,,CELDAS_PENDIENTES,3.0,I162S2C102J4V1,REVISAR_MALLA_CURRICULAR_SIN_FUENTE,REVISION_ESPECIFICA_O_DECISION_MANUAL,,,
,MALLA_CURRICULAR,,,,,,,,,CELDAS_PENDIENTES,4.0,I162S2C103J4V1,REVISAR_MALLA_CURRICULAR_SIN_FUENTE,REVISION_ESPECIFICA_O_DECISION_MANUAL,,,
,MALLA_CURRICULAR,,,,,,,,,CELDAS_PENDIENTES,5.0,I162S2C104J4V1,REVISAR_MALLA_CURRICULAR_SIN_FUENTE,REVISION_ESPECIFICA_O_DECISION_MANUAL,,,
,MALLA_CURRICULAR,,,,,,,,,CELDAS_PENDIENTES,6.0,I162S2C105J4V1,REVISAR_MALLA_CURRICULAR_SIN_FUENTE,REVISION_ESPECIFICA_O_DECISION_MANUAL,,,
,MALLA_CURRICULAR,,,,,,,,,CELDAS_PENDIENTES,7.0,I162S2C10J1V1,REVISAR_MALLA_CURRICULAR_SIN_FUENTE,REVISION_ESPECIFICA_O_DECISION_MANUAL,,,
,MALLA_CURRICULAR,,,,,,,,,CELDAS_PENDIENTES,8.0,I162S2C10J4V1,REVISAR_MALLA_CURRICULAR_SIN_FUENTE,REVISION_ESPECIFICA_O_DECISION_MANUAL,,,
,MALLA_CURRICULAR,,,,,,,,,CELDAS_PENDIENTES,9.0,I162S2C111J4V1,REVISAR_MALLA_CURRICULAR_SIN_FUENTE,REVISION_ESPECIFICA_O_DECISION_MANUAL,,,
,MALLA_CURRICULAR,,,,,,,,,CELDAS_PENDIENTES,10.0,I162S2C111J4V2,REVISAR_MALLA_CURRICULAR_SIN_FUENTE,REVISION_ESPECIFICA_O_DECISION_MANUAL,,,
,MALLA_CURRICULAR,,,,,,,,,CELDAS_PENDIENTES,11.0,I162S2C112J4V1,REVISAR_MALLA_CURRICULAR_SIN_FUENTE,REVISION_ESPECIFICA_O_DECISION_MANUAL,,,
,MALLA_CURRICULAR,,,,,,,,,CELDAS_PENDIENTES,12.0,I162S2C112J4V2,REVISAR_MALLA_CURRICULAR_SIN_FUENTE,REVISION_ESPECIFICA_O_DECISION_MANUAL,,,
,MALLA_CURRICULAR,,,,,,,,,CELDAS_PENDIENTES,13.0,I162S2C113J4V1,REVISAR_MALLA_CURRICULAR_SIN_FUENTE,REVISION_ESPECIFICA_O_DECISION_MANUAL,,,
,MALLA_CURRICULAR,,,,,,,,,CELDAS_PENDIENTES,14.0,I162S2C113J4V2,REVISAR_MALLA_CURRICULAR_SIN_FUENTE,REVISION_ESPECIFICA_O_DECISION_MANUAL,,,
,MALLA_CURRICULAR,,,,,,,,,CELDAS_PENDIENTES,15.0,I162S2C114J2V1,REVISAR_MALLA_CURRICULAR_SIN_FUENTE,REVISION_ESPECIFICA_O_DECISION_MANUAL,,,
,MALLA_CURRICULAR,,,,,,,,,CELDAS_PENDIENTES,16.0,I162S2C115J2V1,REVISAR_MALLA_CURRICULAR_SIN_FUENTE,REVISION_ESPECIFICA_O_DECISION_MANUAL,,,
,MALLA_CURRICULAR,,,,,,,,,CELDAS_PENDIENTES,17.0,I162S2C116J4V1,REVISAR_MALLA_CURRICULAR_SIN_FUENTE,REVISION_ESPECIFICA_O_DECISION_MANUAL,,,
,MALLA_CURRICULAR,,,,,,,,,CELDAS_PENDIENTES,18.0,I162S2C117J4V1,REVISAR_MALLA_CURRICULAR_SIN_FUENTE,REVISION_ESPECIFICA_O_DECISION_MANUAL,,,
,MALLA_CURRICULAR,,,,,,,,,CELDAS_PENDIENTES,19.0,I162S2C118J4V1,REVISAR_MALLA_CURRICULAR_SIN_FUENTE,REVISION_ESPECIFICA_O_DECISION_MANUAL,,,
,MALLA_CURRICULAR,,,,,,,,,CELDAS_PENDIENTES,20.0,I162S2C119J4V1,REVISAR_MALLA_CURRICULAR_SIN_FUENTE,REVISION_ESPECIFICA_O_DECISION_MANUAL,,,
,MALLA_CURRICULAR,,,,,,,,,CELDAS_PENDIENTES,21.0,I162S2C124J4V1,REVISAR_MALLA_CURRICULAR_SIN_FUENTE,REVISION_ESPECIFICA_O_DECISION_MANUAL,,,
,MALLA_CURRICULAR,,,,,,,,,CELDAS_PENDIENTES,22.0,I162S2C124J4V2,REVISAR_MALLA_CURRICULAR_SIN_FUENTE,REVISION_ESPECIFICA_O_DECISION_MANUAL,,,
,MALLA_CURRICULAR,,,,,,,,,CELDAS_PENDIENTES,23.0,I162S2C125J4V1,REVISAR_MALLA_CURRICULAR_SIN_FUENTE,REVISION_ESPECIFICA_O_DECISION_MANUAL,,,
,MALLA_CURRICULAR,,,,,,,,,CELDAS_PENDIENTES,24.0,I162S2C125J4V2,REVISAR_MALLA_CURRICULAR_SIN_FUENTE,REVISION_ESPECIFICA_O_DECISION_MANUAL,,,
,MALLA_CURRICULAR,,,,,,,,,CELDAS_PENDIENTES,25.0,I162S2C13J1V1,REVISAR_MALLA_CURRICULAR_SIN_FUENTE,REVISION_ESPECIFICA_O_DECISION_MANUAL,,,
,MALLA_CURRICULAR,,,,,,,,,CELDAS_PENDIENTES,26.0,I162S2C13J2V1,REVISAR_MALLA_CURRICULAR_SIN_FUENTE,REVISION_ESPECIFICA_O_DECISION_MANUAL,,,
,MALLA_CURRICULAR,,,,,,,,,CELDAS_PENDIENTES,27.0,I162S2C1J2V2,REVISAR_MALLA_CURRICULAR_SIN_FUENTE,REVISION_ESPECIFICA_O_DECISION_MANUAL,,,
,MALLA_CURRICULAR,,,,,,,,,CELDAS_PENDIENTES,28.0,I162S2C1J4V3,REVISAR_MALLA_CURRICULAR_SIN_FUENTE,REVISION_ESPECIFICA_O_DECISION_MANUAL,,,
,MALLA_CURRICULAR,,,,,,,,,CELDAS_PENDIENTES,29.0,I162S2C21J1V1,REVISAR_MALLA_CURRICULAR_SIN_FUENTE,REVISION_ESPECIFICA_O_DECISION_MANUAL,,,
,MALLA_CURRICULAR,,,,,,,,,CELDAS_PENDIENTES,30.0,I162S2C21J2V1,REVISAR_MALLA_CURRICULAR_SIN_FUENTE,REVISION_ESPECIFICA_O_DECISION_MANUAL,,,
,MALLA_CURRICULAR,,,,,,,,,CELDAS_PENDIENTES,31.0,I162S2C23J1V1,REVISAR_MALLA_CURRICULAR_SIN_FUENTE,REVISION_ESPECIFICA_O_DECISION_MANUAL,,,
,MALLA_CURRICULAR,,,,,,,,,CELDAS_PENDIENTES,32.0,I162S2C23J2V1,REVISAR_MALLA_CURRICULAR_SIN_FUENTE,REVISION_ESPECIFICA_O_DECISION_MANUAL,,,
,MALLA_CURRICULAR,,,,,,,,,CELDAS_PENDIENTES,33.0,I162S2C24J1V1,REVISAR_MALLA_CURRICULAR_SIN_FUENTE,REVISION_ESPECIFICA_O_DECISION_MANUAL,,,
,MALLA_CURRICULAR,,,,,,,,,CELDAS_PENDIENTES,34.0,I162S2C24J2V1,REVISAR_MALLA_CURRICULAR_SIN_FUENTE,REVISION_ESPECIFICA_O_DECISION_MANUAL,,,
,MALLA_CURRICULAR,,,,,,,,,CELDAS_PENDIENTES,35.0,I162S2C2J1V2,REVISAR_MALLA_CURRICULAR_SIN_FUENTE,REVISION_ESPECIFICA_O_DECISION_MANUAL,,,
,MALLA_CURRICULAR,,,,,,,,,CELDAS_PENDIENTES,36.0,I162S2C2J2V2,REVISAR_MALLA_CURRICULAR_SIN_FUENTE,REVISION_ESPECIFICA_O_DECISION_MANUAL,,,
,MALLA_CURRICULAR,,,,,,,,,CELDAS_PENDIENTES,37.0,I162S2C2J4V2,REVISAR_MALLA_CURRICULAR_SIN_FUENTE,REVISION_ESPECIFICA_O_DECISION_MANUAL,,,
,MALLA_CURRICULAR,,,,,,,,,CELDAS_PENDIENTES,38.0,I162S2C35J1V2,REVISAR_MALLA_CURRICULAR_SIN_FUENTE,REVISION_ESPECIFICA_O_DECISION_MANUAL,,,
,MALLA_CURRICULAR,,,,,,,,,CELDAS_PENDIENTES,39.0,I162S2C35J2V2,REVISAR_MALLA_CURRICULAR_SIN_FUENTE,REVISION_ESPECIFICA_O_DECISION_MANUAL,,,
,MALLA_CURRICULAR,,,,,,,,,CELDAS_PENDIENTES,40.0,I162S2C35J4V2,REVISAR_MALLA_CURRICULAR_SIN_FUENTE,REVISION_ESPECIFICA_O_DECISION_MANUAL,,,
,MALLA_CURRICULAR,,,,,,,,,CELDAS_PENDIENTES,41.0,I162S2C3J2V2,REVISAR_MALLA_CURRICULAR_SIN_FUENTE,REVISION_ESPECIFICA_O_DECISION_MANUAL,,,
,MALLA_CURRICULAR,,,,,,,,,CELDAS_PENDIENTES,42.0,I162S2C40J2V1,REVISAR_MALLA_CURRICULAR_SIN_FUENTE,REVISION_ESPECIFICA_O_DECISION_MANUAL,,,
,MALLA_CURRICULAR,,,,,,,,,CELDAS_PENDIENTES,43.0,I162S2C41J2V1,REVISAR_MALLA_CURRICULAR_SIN_FUENTE,REVISION_ESPECIFICA_O_DECISION_MANUAL,,,
,MALLA_CURRICULAR,,,,,,,,,CELDAS_PENDIENTES,44.0,I162S2C53J3V1,REVISAR_MALLA_CURRICULAR_SIN_FUENTE,REVISION_ESPECIFICA_O_DECISION_MANUAL,,,
,MALLA_CURRICULAR,,,,,,,,,CELDAS_PENDIENTES,45.0,I162S2C63J4V1,REVISAR_MALLA_CURRICULAR_SIN_FUENTE,REVISION_ESPECIFICA_O_DECISION_MANUAL,,,
,MALLA_CURRICULAR,,,,,,,,,CELDAS_PENDIENTES,46.0,I162S2C64J4V1,REVISAR_MALLA_CURRICULAR_SIN_FUENTE,REVISION_ESPECIFICA_O_DECISION_MANUAL,,,
,MALLA_CURRICULAR,,,,,,,,,CELDAS_PENDIENTES,47.0,I162S2C65J4V1,REVISAR_MALLA_CURRICULAR_SIN_FUENTE,REVISION_ESPECIFICA_O_DECISION_MANUAL,,,
,MALLA_CURRICULAR,,,,,,,,,CELDAS_PENDIENTES,48.0,I162S2C66J4V1,REVISAR_MALLA_CURRICULAR_SIN_FUENTE,REVISION_ESPECIFICA_O_DECISION_MANUAL,,,
,MALLA_CURRICULAR,,,,,,,,,CELDAS_PENDIENTES,49.0,I162S2C67J4V1,REVISAR_MALLA_CURRICULAR_SIN_FUENTE,REVISION_ESPECIFICA_O_DECISION_MANUAL,,,
,MALLA_CURRICULAR,,,,,,,,,CELDAS_PENDIENTES,50.0,I162S2C68J4V1,REVISAR_MALLA_CURRICULAR_SIN_FUENTE,REVISION_ESPECIFICA_O_DECISION_MANUAL,,,
,MALLA_CURRICULAR,,,,,,,,,CELDAS_PENDIENTES,51.0,I162S2C69J4V1,REVISAR_MALLA_CURRICULAR_SIN_FUENTE,REVISION_ESPECIFICA_O_DECISION_MANUAL,,,
,MALLA_CURRICULAR,,,,,,,,,CELDAS_PENDIENTES,52.0,I162S2C6J1V1,REVISAR_MALLA_CURRICULAR_SIN_FUENTE,REVISION_ESPECIFICA_O_DECISION_MANUAL,,,
,MALLA_CURRICULAR,,,,,,,,,CELDAS_PENDIENTES,53.0,I162S2C6J2V1,REVISAR_MALLA_CURRICULAR_SIN_FUENTE,REVISION_ESPECIFICA_O_DECISION_MANUAL,,,
,MALLA_CURRICULAR,,,,,,,,,CELDAS_PENDIENTES,54.0,I162S2C6J4V1,REVISAR_MALLA_CURRICULAR_SIN_FUENTE,REVISION_ESPECIFICA_O_DECISION_MANUAL,,,
,MALLA_CURRICULAR,,,,,,,,,CELDAS_PENDIENTES,55.0,I162S2C70J4V1,REVISAR_MALLA_CURRICULAR_SIN_FUENTE,REVISION_ESPECIFICA_O_DECISION_MANUAL,,,
,MALLA_CURRICULAR,,,,,,,,,CELDAS_PENDIENTES,56.0,I162S2C71J4V1,REVISAR_MALLA_CURRICULAR_SIN_FUENTE,REVISION_ESPECIFICA_O_DECISION_MANUAL,,,
,MALLA_CURRICULAR,,,,,,,,,CELDAS_PENDIENTES,57.0,I162S2C76J4V2,REVISAR_MALLA_CURRICULAR_SIN_FUENTE,REVISION_ESPECIFICA_O_DECISION_MANUAL,,,
,MALLA_CURRICULAR,,,,,,,,,CELDAS_PENDIENTES,58.0,I162S2C77J4V2,REVISAR_MALLA_CURRICULAR_SIN_FUENTE,REVISION_ESPECIFICA_O_DECISION_MANUAL,,,
,MALLA_CURRICULAR,,,,,,,,,CELDAS_PENDIENTES,59.0,I162S2C83J4V2,REVISAR_MALLA_CURRICULAR_SIN_FUENTE,REVISION_ESPECIFICA_O_DECISION_MANUAL,,,
,MALLA_CURRICULAR,,,,,,,,,CELDAS_PENDIENTES,60.0,I162S2C86J4V2,REVISAR_MALLA_CURRICULAR_SIN_FUENTE,REVISION_ESPECIFICA_O_DECISION_MANUAL,,,
,MALLA_CURRICULAR,,,,,,,,,CELDAS_PENDIENTES,61.0,I162S2C87J4V2,REVISAR_MALLA_CURRICULAR_SIN_FUENTE,REVISION_ESPECIFICA_O_DECISION_MANUAL,,,
,MALLA_CURRICULAR,,,,,,,,,CELDAS_PENDIENTES,62.0,I162S2C88J4V2,REVISAR_MALLA_CURRICULAR_SIN_FUENTE,REVISION_ESPECIFICA_O_DECISION_MANUAL,,,
,MALLA_CURRICULAR,,,,,,,,,CELDAS_PENDIENTES,63.0,I162S2C90J2V1,REVISAR_MALLA_CURRICULAR_SIN_FUENTE,REVISION_ESPECIFICA_O_DECISION_MANUAL,,,
,MALLA_CURRICULAR,,,,,,,,,CELDAS_PENDIENTES,64.0,I162S2C90J2V2,REVISAR_MALLA_CURRICULAR_SIN_FUENTE,REVISION_ESPECIFICA_O_DECISION_MANUAL,,,
,MALLA_CURRICULAR,,,,,,,,,CELDAS_PENDIENTES,65.0,I162S2C95J4V1,REVISAR_MALLA_CURRICULAR_SIN_FUENTE,REVISION_ESPECIFICA_O_DECISION_MANUAL,,,
,MALLA_CURRICULAR,,,,,,,,,CELDAS_PENDIENTES,66.0,I162S2C96J4V1,REVISAR_MALLA_CURRICULAR_SIN_FUENTE,REVISION_ESPECIFICA_O_DECISION_MANUAL,,,
,MALLA_CURRICULAR,,,,,,,,,CELDAS_PENDIENTES,67.0,I162S2C97J4V1,REVISAR_MALLA_CURRICULAR_SIN_FUENTE,REVISION_ESPECIFICA_O_DECISION_MANUAL,,,
,MALLA_CURRICULAR,,,,,,,,,CELDAS_PENDIENTES,68.0,I162S2C98J4V1,REVISAR_MALLA_CURRICULAR_SIN_FUENTE,REVISION_ESPECIFICA_O_DECISION_MANUAL,,,
,MALLA_CURRICULAR,,,,,,,,,CELDAS_PENDIENTES,69.0,I162S2C99J4V1,REVISAR_MALLA_CURRICULAR_SIN_FUENTE,REVISION_ESPECIFICA_O_DECISION_MANUAL,,,
,MALLA_CURRICULAR,,,,,,,,,CELDAS_PENDIENTES,70.0,I162S3C114J2V1,REVISAR_MALLA_CURRICULAR_SIN_FUENTE,REVISION_ESPECIFICA_O_DECISION_MANUAL,,,
,MALLA_CURRICULAR,,,,,,,,,CELDAS_PENDIENTES,71.0,I162S3C115J2V1,REVISAR_MALLA_CURRICULAR_SIN_FUENTE,REVISION_ESPECIFICA_O_DECISION_MANUAL,,,
,MALLA_CURRICULAR,,,,,,,,,CELDAS_PENDIENTES,72.0,I162S3C91J2V1,REVISAR_MALLA_CURRICULAR_SIN_FUENTE,REVISION_ESPECIFICA_O_DECISION_MANUAL,,,
,PERFIL_EGRESO,,,,,,,,,CELDAS_PENDIENTES,2.0,I162S2C101J4V1,REVISAR_PERFIL_EGRESO_SIN_FUENTE,REVISION_ESPECIFICA_O_DECISION_MANUAL,,,
,PERFIL_EGRESO,,,,,,,,,CELDAS_PENDIENTES,3.0,I162S2C102J4V1,REVISAR_PERFIL_EGRESO_SIN_FUENTE,REVISION_ESPECIFICA_O_DECISION_MANUAL,,,
,PERFIL_EGRESO,,,,,,,,,CELDAS_PENDIENTES,4.0,I162S2C103J4V1,REVISAR_PERFIL_EGRESO_SIN_FUENTE,REVISION_ESPECIFICA_O_DECISION_MANUAL,,,
,PERFIL_EGRESO,,,,,,,,,CELDAS_PENDIENTES,5.0,I162S2C104J4V1,REVISAR_PERFIL_EGRESO_SIN_FUENTE,REVISION_ESPECIFICA_O_DECISION_MANUAL,,,
,PERFIL_EGRESO,,,,,,,,,CELDAS_PENDIENTES,6.0,I162S2C105J4V1,REVISAR_PERFIL_EGRESO_SIN_FUENTE,REVISION_ESPECIFICA_O_DECISION_MANUAL,,,
,PERFIL_EGRESO,,,,,,,,,CELDAS_PENDIENTES,7.0,I162S2C10J1V1,REVISAR_PERFIL_EGRESO_SIN_FUENTE,REVISION_ESPECIFICA_O_DECISION_MANUAL,,,
,PERFIL_EGRESO,,,,,,,,,CELDAS_PENDIENTES,8.0,I162S2C10J4V1,REVISAR_PERFIL_EGRESO_SIN_FUENTE,REVISION_ESPECIFICA_O_DECISION_MANUAL,,,
,PERFIL_EGRESO,,,,,,,,,CELDAS_PENDIENTES,9.0,I162S2C111J4V1,REVISAR_PERFIL_EGRESO_SIN_FUENTE,REVISION_ESPECIFICA_O_DECISION_MANUAL,,,
,PERFIL_EGRESO,,,,,,,,,CELDAS_PENDIENTES,10.0,I162S2C111J4V2,REVISAR_PERFIL_EGRESO_SIN_FUENTE,REVISION_ESPECIFICA_O_DECISION_MANUAL,,,
,PERFIL_EGRESO,,,,,,,,,CELDAS_PENDIENTES,11.0,I162S2C112J4V1,REVISAR_PERFIL_EGRESO_SIN_FUENTE,REVISION_ESPECIFICA_O_DECISION_MANUAL,,,
,PERFIL_EGRESO,,,,,,,,,CELDAS_PENDIENTES,12.0,I162S2C112J4V2,REVISAR_PERFIL_EGRESO_SIN_FUENTE,REVISION_ESPECIFICA_O_DECISION_MANUAL,,,
,PERFIL_EGRESO,,,,,,,,,CELDAS_PENDIENTES,13.0,I162S2C113J4V1,REVISAR_PERFIL_EGRESO_SIN_FUENTE,REVISION_ESPECIFICA_O_DECISION_MANUAL,,,
,PERFIL_EGRESO,,,,,,,,,CELDAS_PENDIENTES,14.0,I162S2C113J4V2,REVISAR_PERFIL_EGRESO_SIN_FUENTE,REVISION_ESPECIFICA_O_DECISION_MANUAL,,,
,PERFIL_EGRESO,,,,,,,,,CELDAS_PENDIENTES,15.0,I162S2C114J2V1,REVISAR_PERFIL_EGRESO_SIN_FUENTE,REVISION_ESPECIFICA_O_DECISION_MANUAL,,,
,PERFIL_EGRESO,,,,,,,,,CELDAS_PENDIENTES,16.0,I162S2C115J2V1,REVISAR_PERFIL_EGRESO_SIN_FUENTE,REVISION_ESPECIFICA_O_DECISION_MANUAL,,,
,PERFIL_EGRESO,,,,,,,,,CELDAS_PENDIENTES,17.0,I162S2C116J4V1,REVISAR_PERFIL_EGRESO_SIN_FUENTE,REVISION_ESPECIFICA_O_DECISION_MANUAL,,,
,PERFIL_EGRESO,,,,,,,,,CELDAS_PENDIENTES,18.0,I162S2C117J4V1,REVISAR_PERFIL_EGRESO_SIN_FUENTE,REVISION_ESPECIFICA_O_DECISION_MANUAL,,,
,PERFIL_EGRESO,,,,,,,,,CELDAS_PENDIENTES,19.0,I162S2C118J4V1,REVISAR_PERFIL_EGRESO_SIN_FUENTE,REVISION_ESPECIFICA_O_DECISION_MANUAL,,,
,PERFIL_EGRESO,,,,,,,,,CELDAS_PENDIENTES,20.0,I162S2C119J4V1,REVISAR_PERFIL_EGRESO_SIN_FUENTE,REVISION_ESPECIFICA_O_DECISION_MANUAL,,,
,PERFIL_EGRESO,,,,,,,,,CELDAS_PENDIENTES,21.0,I162S2C124J4V1,REVISAR_PERFIL_EGRESO_SIN_FUENTE,REVISION_ESPECIFICA_O_DECISION_MANUAL,,,
,PERFIL_EGRESO,,,,,,,,,CELDAS_PENDIENTES,22.0,I162S2C124J4V2,REVISAR_PERFIL_EGRESO_SIN_FUENTE,REVISION_ESPECIFICA_O_DECISION_MANUAL,,,
,PERFIL_EGRESO,,,,,,,,,CELDAS_PENDIENTES,23.0,I162S2C125J4V1,REVISAR_PERFIL_EGRESO_SIN_FUENTE,REVISION_ESPECIFICA_O_DECISION_MANUAL,,,
,PERFIL_EGRESO,,,,,,,,,CELDAS_PENDIENTES,24.0,I162S2C125J4V2,REVISAR_PERFIL_EGRESO_SIN_FUENTE,REVISION_ESPECIFICA_O_DECISION_MANUAL,,,
,PERFIL_EGRESO,,,,,,,,,CELDAS_PENDIENTES,25.0,I162S2C13J1V1,REVISAR_PERFIL_EGRESO_SIN_FUENTE,REVISION_ESPECIFICA_O_DECISION_MANUAL,,,
,PERFIL_EGRESO,,,,,,,,,CELDAS_PENDIENTES,26.0,I162S2C13J2V1,REVISAR_PERFIL_EGRESO_SIN_FUENTE,REVISION_ESPECIFICA_O_DECISION_MANUAL,,,
,PERFIL_EGRESO,,,,,,,,,CELDAS_PENDIENTES,27.0,I162S2C1J2V2,REVISAR_PERFIL_EGRESO_SIN_FUENTE,REVISION_ESPECIFICA_O_DECISION_MANUAL,,,
,PERFIL_EGRESO,,,,,,,,,CELDAS_PENDIENTES,28.0,I162S2C1J4V3,REVISAR_PERFIL_EGRESO_SIN_FUENTE,REVISION_ESPECIFICA_O_DECISION_MANUAL,,,
,PERFIL_EGRESO,,,,,,,,,CELDAS_PENDIENTES,29.0,I162S2C21J1V1,REVISAR_PERFIL_EGRESO_SIN_FUENTE,REVISION_ESPECIFICA_O_DECISION_MANUAL,,,
,PERFIL_EGRESO,,,,,,,,,CELDAS_PENDIENTES,30.0,I162S2C21J2V1,REVISAR_PERFIL_EGRESO_SIN_FUENTE,REVISION_ESPECIFICA_O_DECISION_MANUAL,,,
,PERFIL_EGRESO,,,,,,,,,CELDAS_PENDIENTES,31.0,I162S2C23J1V1,REVISAR_PERFIL_EGRESO_SIN_FUENTE,REVISION_ESPECIFICA_O_DECISION_MANUAL,,,
,PERFIL_EGRESO,,,,,,,,,CELDAS_PENDIENTES,32.0,I162S2C23J2V1,REVISAR_PERFIL_EGRESO_SIN_FUENTE,REVISION_ESPECIFICA_O_DECISION_MANUAL,,,
,PERFIL_EGRESO,,,,,,,,,CELDAS_PENDIENTES,33.0,I162S2C24J1V1,REVISAR_PERFIL_EGRESO_SIN_FUENTE,REVISION_ESPECIFICA_O_DECISION_MANUAL,,,
,PERFIL_EGRESO,,,,,,,,,CELDAS_PENDIENTES,34.0,I162S2C24J2V1,REVISAR_PERFIL_EGRESO_SIN_FUENTE,REVISION_ESPECIFICA_O_DECISION_MANUAL,,,
,PERFIL_EGRESO,,,,,,,,,CELDAS_PENDIENTES,35.0,I162S2C2J1V2,REVISAR_PERFIL_EGRESO_SIN_FUENTE,REVISION_ESPECIFICA_O_DECISION_MANUAL,,,
,PERFIL_EGRESO,,,,,,,,,CELDAS_PENDIENTES,36.0,I162S2C2J2V2,REVISAR_PERFIL_EGRESO_SIN_FUENTE,REVISION_ESPECIFICA_O_DECISION_MANUAL,,,
,PERFIL_EGRESO,,,,,,,,,CELDAS_PENDIENTES,37.0,I162S2C2J4V2,REVISAR_PERFIL_EGRESO_SIN_FUENTE,REVISION_ESPECIFICA_O_DECISION_MANUAL,,,
,PERFIL_EGRESO,,,,,,,,,CELDAS_PENDIENTES,38.0,I162S2C35J1V2,REVISAR_PERFIL_EGRESO_SIN_FUENTE,REVISION_ESPECIFICA_O_DECISION_MANUAL,,,
,PERFIL_EGRESO,,,,,,,,,CELDAS_PENDIENTES,39.0,I162S2C35J2V2,REVISAR_PERFIL_EGRESO_SIN_FUENTE,REVISION_ESPECIFICA_O_DECISION_MANUAL,,,
,PERFIL_EGRESO,,,,,,,,,CELDAS_PENDIENTES,40.0,I162S2C35J4V2,REVISAR_PERFIL_EGRESO_SIN_FUENTE,REVISION_ESPECIFICA_O_DECISION_MANUAL,,,
,PERFIL_EGRESO,,,,,,,,,CELDAS_PENDIENTES,41.0,I162S2C3J2V2,REVISAR_PERFIL_EGRESO_SIN_FUENTE,REVISION_ESPECIFICA_O_DECISION_MANUAL,,,
,PERFIL_EGRESO,,,,,,,,,CELDAS_PENDIENTES,42.0,I162S2C40J2V1,REVISAR_PERFIL_EGRESO_SIN_FUENTE,REVISION_ESPECIFICA_O_DECISION_MANUAL,,,
,PERFIL_EGRESO,,,,,,,,,CELDAS_PENDIENTES,43.0,I162S2C41J2V1,REVISAR_PERFIL_EGRESO_SIN_FUENTE,REVISION_ESPECIFICA_O_DECISION_MANUAL,,,
,PERFIL_EGRESO,,,,,,,,,CELDAS_PENDIENTES,44.0,I162S2C53J3V1,REVISAR_PERFIL_EGRESO_SIN_FUENTE,REVISION_ESPECIFICA_O_DECISION_MANUAL,,,
,PERFIL_EGRESO,,,,,,,,,CELDAS_PENDIENTES,45.0,I162S2C63J4V1,REVISAR_PERFIL_EGRESO_SIN_FUENTE,REVISION_ESPECIFICA_O_DECISION_MANUAL,,,
,PERFIL_EGRESO,,,,,,,,,CELDAS_PENDIENTES,46.0,I162S2C64J4V1,REVISAR_PERFIL_EGRESO_SIN_FUENTE,REVISION_ESPECIFICA_O_DECISION_MANUAL,,,
,PERFIL_EGRESO,,,,,,,,,CELDAS_PENDIENTES,47.0,I162S2C65J4V1,REVISAR_PERFIL_EGRESO_SIN_FUENTE,REVISION_ESPECIFICA_O_DECISION_MANUAL,,,
,PERFIL_EGRESO,,,,,,,,,CELDAS_PENDIENTES,48.0,I162S2C66J4V1,REVISAR_PERFIL_EGRESO_SIN_FUENTE,REVISION_ESPECIFICA_O_DECISION_MANUAL,,,
,PERFIL_EGRESO,,,,,,,,,CELDAS_PENDIENTES,49.0,I162S2C67J4V1,REVISAR_PERFIL_EGRESO_SIN_FUENTE,REVISION_ESPECIFICA_O_DECISION_MANUAL,,,
,PERFIL_EGRESO,,,,,,,,,CELDAS_PENDIENTES,50.0,I162S2C68J4V1,REVISAR_PERFIL_EGRESO_SIN_FUENTE,REVISION_ESPECIFICA_O_DECISION_MANUAL,,,
,PERFIL_EGRESO,,,,,,,,,CELDAS_PENDIENTES,51.0,I162S2C69J4V1,REVISAR_PERFIL_EGRESO_SIN_FUENTE,REVISION_ESPECIFICA_O_DECISION_MANUAL,,,
,PERFIL_EGRESO,,,,,,,,,CELDAS_PENDIENTES,52.0,I162S2C6J1V1,REVISAR_PERFIL_EGRESO_SIN_FUENTE,REVISION_ESPECIFICA_O_DECISION_MANUAL,,,
,PERFIL_EGRESO,,,,,,,,,CELDAS_PENDIENTES,53.0,I162S2C6J2V1,REVISAR_PERFIL_EGRESO_SIN_FUENTE,REVISION_ESPECIFICA_O_DECISION_MANUAL,,,
,PERFIL_EGRESO,,,,,,,,,CELDAS_PENDIENTES,54.0,I162S2C6J4V1,REVISAR_PERFIL_EGRESO_SIN_FUENTE,REVISION_ESPECIFICA_O_DECISION_MANUAL,,,
,PERFIL_EGRESO,,,,,,,,,CELDAS_PENDIENTES,55.0,I162S2C70J4V1,REVISAR_PERFIL_EGRESO_SIN_FUENTE,REVISION_ESPECIFICA_O_DECISION_MANUAL,,,
,PERFIL_EGRESO,,,,,,,,,CELDAS_PENDIENTES,56.0,I162S2C71J4V1,REVISAR_PERFIL_EGRESO_SIN_FUENTE,REVISION_ESPECIFICA_O_DECISION_MANUAL,,,
,PERFIL_EGRESO,,,,,,,,,CELDAS_PENDIENTES,57.0,I162S2C76J4V2,REVISAR_PERFIL_EGRESO_SIN_FUENTE,REVISION_ESPECIFICA_O_DECISION_MANUAL,,,
,PERFIL_EGRESO,,,,,,,,,CELDAS_PENDIENTES,58.0,I162S2C77J4V2,REVISAR_PERFIL_EGRESO_SIN_FUENTE,REVISION_ESPECIFICA_O_DECISION_MANUAL,,,
,PERFIL_EGRESO,,,,,,,,,CELDAS_PENDIENTES,59.0,I162S2C83J4V2,REVISAR_PERFIL_EGRESO_SIN_FUENTE,REVISION_ESPECIFICA_O_DECISION_MANUAL,,,
,PERFIL_EGRESO,,,,,,,,,CELDAS_PENDIENTES,60.0,I162S2C86J4V2,REVISAR_PERFIL_EGRESO_SIN_FUENTE,REVISION_ESPECIFICA_O_DECISION_MANUAL,,,
,PERFIL_EGRESO,,,,,,,,,CELDAS_PENDIENTES,61.0,I162S2C87J4V2,REVISAR_PERFIL_EGRESO_SIN_FUENTE,REVISION_ESPECIFICA_O_DECISION_MANUAL,,,
,PERFIL_EGRESO,,,,,,,,,CELDAS_PENDIENTES,62.0,I162S2C88J4V2,REVISAR_PERFIL_EGRESO_SIN_FUENTE,REVISION_ESPECIFICA_O_DECISION_MANUAL,,,
,PERFIL_EGRESO,,,,,,,,,CELDAS_PENDIENTES,63.0,I162S2C90J2V1,REVISAR_PERFIL_EGRESO_SIN_FUENTE,REVISION_ESPECIFICA_O_DECISION_MANUAL,,,
,PERFIL_EGRESO,,,,,,,,,CELDAS_PENDIENTES,64.0,I162S2C90J2V2,REVISAR_PERFIL_EGRESO_SIN_FUENTE,REVISION_ESPECIFICA_O_DECISION_MANUAL,,,
,PERFIL_EGRESO,,,,,,,,,CELDAS_PENDIENTES,65.0,I162S2C95J4V1,REVISAR_PERFIL_EGRESO_SIN_FUENTE,REVISION_ESPECIFICA_O_DECISION_MANUAL,,,
,PERFIL_EGRESO,,,,,,,,,CELDAS_PENDIENTES,66.0,I162S2C96J4V1,REVISAR_PERFIL_EGRESO_SIN_FUENTE,REVISION_ESPECIFICA_O_DECISION_MANUAL,,,
,PERFIL_EGRESO,,,,,,,,,CELDAS_PENDIENTES,67.0,I162S2C97J4V1,REVISAR_PERFIL_EGRESO_SIN_FUENTE,REVISION_ESPECIFICA_O_DECISION_MANUAL,,,
,PERFIL_EGRESO,,,,,,,,,CELDAS_PENDIENTES,68.0,I162S2C98J4V1,REVISAR_PERFIL_EGRESO_SIN_FUENTE,REVISION_ESPECIFICA_O_DECISION_MANUAL,,,
,PERFIL_EGRESO,,,,,,,,,CELDAS_PENDIENTES,69.0,I162S2C99J4V1,REVISAR_PERFIL_EGRESO_SIN_FUENTE,REVISION_ESPECIFICA_O_DECISION_MANUAL,,,
,PERFIL_EGRESO,,,,,,,,,CELDAS_PENDIENTES,70.0,I162S3C114J2V1,REVISAR_PERFIL_EGRESO_SIN_FUENTE,REVISION_ESPECIFICA_O_DECISION_MANUAL,,,
,PERFIL_EGRESO,,,,,,,,,CELDAS_PENDIENTES,71.0,I162S3C115J2V1,REVISAR_PERFIL_EGRESO_SIN_FUENTE,REVISION_ESPECIFICA_O_DECISION_MANUAL,,,
,PERFIL_EGRESO,,,,,,,,,CELDAS_PENDIENTES,72.0,I162S3C91J2V1,REVISAR_PERFIL_EGRESO_SIN_FUENTE,REVISION_ESPECIFICA_O_DECISION_MANUAL,,,
,TEXTO_REQUISITO_INGRESO,,,,,,,,,CELDAS_PENDIENTES,2.0,I162S2C101J4V1,REVISAR_TEXTO_REQUISITO_INGRESO_SIN_FUENTE,REVISION_ESPECIFICA_O_DECISION_MANUAL,,,
,TEXTO_REQUISITO_INGRESO,,,,,,,,,CELDAS_PENDIENTES,3.0,I162S2C102J4V1,REVISAR_TEXTO_REQUISITO_INGRESO_SIN_FUENTE,REVISION_ESPECIFICA_O_DECISION_MANUAL,,,
,TEXTO_REQUISITO_INGRESO,,,,,,,,,CELDAS_PENDIENTES,4.0,I162S2C103J4V1,REVISAR_TEXTO_REQUISITO_INGRESO_SIN_FUENTE,REVISION_ESPECIFICA_O_DECISION_MANUAL,,,
,TEXTO_REQUISITO_INGRESO,,,,,,,,,CELDAS_PENDIENTES,5.0,I162S2C104J4V1,REVISAR_TEXTO_REQUISITO_INGRESO_SIN_FUENTE,REVISION_ESPECIFICA_O_DECISION_MANUAL,,,
,TEXTO_REQUISITO_INGRESO,,,,,,,,,CELDAS_PENDIENTES,6.0,I162S2C105J4V1,REVISAR_TEXTO_REQUISITO_INGRESO_SIN_FUENTE,REVISION_ESPECIFICA_O_DECISION_MANUAL,,,
,TEXTO_REQUISITO_INGRESO,,,,,,,,,CELDAS_PENDIENTES,7.0,I162S2C10J1V1,REVISAR_TEXTO_REQUISITO_INGRESO_SIN_FUENTE,REVISION_ESPECIFICA_O_DECISION_MANUAL,,,
,TEXTO_REQUISITO_INGRESO,,,,,,,,,CELDAS_PENDIENTES,8.0,I162S2C10J4V1,REVISAR_TEXTO_REQUISITO_INGRESO_SIN_FUENTE,REVISION_ESPECIFICA_O_DECISION_MANUAL,,,
,TEXTO_REQUISITO_INGRESO,,,,,,,,,CELDAS_PENDIENTES,9.0,I162S2C111J4V1,REVISAR_TEXTO_REQUISITO_INGRESO_SIN_FUENTE,REVISION_ESPECIFICA_O_DECISION_MANUAL,,,
,TEXTO_REQUISITO_INGRESO,,,,,,,,,CELDAS_PENDIENTES,10.0,I162S2C111J4V2,REVISAR_TEXTO_REQUISITO_INGRESO_SIN_FUENTE,REVISION_ESPECIFICA_O_DECISION_MANUAL,,,
,TEXTO_REQUISITO_INGRESO,,,,,,,,,CELDAS_PENDIENTES,11.0,I162S2C112J4V1,REVISAR_TEXTO_REQUISITO_INGRESO_SIN_FUENTE,REVISION_ESPECIFICA_O_DECISION_MANUAL,,,
,TEXTO_REQUISITO_INGRESO,,,,,,,,,CELDAS_PENDIENTES,12.0,I162S2C112J4V2,REVISAR_TEXTO_REQUISITO_INGRESO_SIN_FUENTE,REVISION_ESPECIFICA_O_DECISION_MANUAL,,,
,TEXTO_REQUISITO_INGRESO,,,,,,,,,CELDAS_PENDIENTES,13.0,I162S2C113J4V1,REVISAR_TEXTO_REQUISITO_INGRESO_SIN_FUENTE,REVISION_ESPECIFICA_O_DECISION_MANUAL,,,
,TEXTO_REQUISITO_INGRESO,,,,,,,,,CELDAS_PENDIENTES,14.0,I162S2C113J4V2,REVISAR_TEXTO_REQUISITO_INGRESO_SIN_FUENTE,REVISION_ESPECIFICA_O_DECISION_MANUAL,,,
,TEXTO_REQUISITO_INGRESO,,,,,,,,,CELDAS_PENDIENTES,15.0,I162S2C114J2V1,REVISAR_TEXTO_REQUISITO_INGRESO_SIN_FUENTE,REVISION_ESPECIFICA_O_DECISION_MANUAL,,,
,TEXTO_REQUISITO_INGRESO,,,,,,,,,CELDAS_PENDIENTES,16.0,I162S2C115J2V1,REVISAR_TEXTO_REQUISITO_INGRESO_SIN_FUENTE,REVISION_ESPECIFICA_O_DECISION_MANUAL,,,
,TEXTO_REQUISITO_INGRESO,,,,,,,,,CELDAS_PENDIENTES,17.0,I162S2C116J4V1,REVISAR_TEXTO_REQUISITO_INGRESO_SIN_FUENTE,REVISION_ESPECIFICA_O_DECISION_MANUAL,,,
,TEXTO_REQUISITO_INGRESO,,,,,,,,,CELDAS_PENDIENTES,18.0,I162S2C117J4V1,REVISAR_TEXTO_REQUISITO_INGRESO_SIN_FUENTE,REVISION_ESPECIFICA_O_DECISION_MANUAL,,,
,TEXTO_REQUISITO_INGRESO,,,,,,,,,CELDAS_PENDIENTES,19.0,I162S2C118J4V1,REVISAR_TEXTO_REQUISITO_INGRESO_SIN_FUENTE,REVISION_ESPECIFICA_O_DECISION_MANUAL,,,
,TEXTO_REQUISITO_INGRESO,,,,,,,,,CELDAS_PENDIENTES,20.0,I162S2C119J4V1,REVISAR_TEXTO_REQUISITO_INGRESO_SIN_FUENTE,REVISION_ESPECIFICA_O_DECISION_MANUAL,,,
,TEXTO_REQUISITO_INGRESO,,,,,,,,,CELDAS_PENDIENTES,21.0,I162S2C124J4V1,REVISAR_TEXTO_REQUISITO_INGRESO_SIN_FUENTE,REVISION_ESPECIFICA_O_DECISION_MANUAL,,,
,TEXTO_REQUISITO_INGRESO,,,,,,,,,CELDAS_PENDIENTES,22.0,I162S2C124J4V2,REVISAR_TEXTO_REQUISITO_INGRESO_SIN_FUENTE,REVISION_ESPECIFICA_O_DECISION_MANUAL,,,
,TEXTO_REQUISITO_INGRESO,,,,,,,,,CELDAS_PENDIENTES,23.0,I162S2C125J4V1,REVISAR_TEXTO_REQUISITO_INGRESO_SIN_FUENTE,REVISION_ESPECIFICA_O_DECISION_MANUAL,,,
,TEXTO_REQUISITO_INGRESO,,,,,,,,,CELDAS_PENDIENTES,24.0,I162S2C125J4V2,REVISAR_TEXTO_REQUISITO_INGRESO_SIN_FUENTE,REVISION_ESPECIFICA_O_DECISION_MANUAL,,,
,TEXTO_REQUISITO_INGRESO,,,,,,,,,CELDAS_PENDIENTES,25.0,I162S2C13J1V1,REVISAR_TEXTO_REQUISITO_INGRESO_SIN_FUENTE,REVISION_ESPECIFICA_O_DECISION_MANUAL,,,
,TEXTO_REQUISITO_INGRESO,,,,,,,,,CELDAS_PENDIENTES,26.0,I162S2C13J2V1,REVISAR_TEXTO_REQUISITO_INGRESO_SIN_FUENTE,REVISION_ESPECIFICA_O_DECISION_MANUAL,,,
,TEXTO_REQUISITO_INGRESO,,,,,,,,,CELDAS_PENDIENTES,27.0,I162S2C1J2V2,REVISAR_TEXTO_REQUISITO_INGRESO_SIN_FUENTE,REVISION_ESPECIFICA_O_DECISION_MANUAL,,,
,TEXTO_REQUISITO_INGRESO,,,,,,,,,CELDAS_PENDIENTES,28.0,I162S2C1J4V3,REVISAR_TEXTO_REQUISITO_INGRESO_SIN_FUENTE,REVISION_ESPECIFICA_O_DECISION_MANUAL,,,
,TEXTO_REQUISITO_INGRESO,,,,,,,,,CELDAS_PENDIENTES,29.0,I162S2C21J1V1,REVISAR_TEXTO_REQUISITO_INGRESO_SIN_FUENTE,REVISION_ESPECIFICA_O_DECISION_MANUAL,,,
,TEXTO_REQUISITO_INGRESO,,,,,,,,,CELDAS_PENDIENTES,30.0,I162S2C21J2V1,REVISAR_TEXTO_REQUISITO_INGRESO_SIN_FUENTE,REVISION_ESPECIFICA_O_DECISION_MANUAL,,,
,TEXTO_REQUISITO_INGRESO,,,,,,,,,CELDAS_PENDIENTES,31.0,I162S2C23J1V1,REVISAR_TEXTO_REQUISITO_INGRESO_SIN_FUENTE,REVISION_ESPECIFICA_O_DECISION_MANUAL,,,
,TEXTO_REQUISITO_INGRESO,,,,,,,,,CELDAS_PENDIENTES,32.0,I162S2C23J2V1,REVISAR_TEXTO_REQUISITO_INGRESO_SIN_FUENTE,REVISION_ESPECIFICA_O_DECISION_MANUAL,,,
,TEXTO_REQUISITO_INGRESO,,,,,,,,,CELDAS_PENDIENTES,33.0,I162S2C24J1V1,REVISAR_TEXTO_REQUISITO_INGRESO_SIN_FUENTE,REVISION_ESPECIFICA_O_DECISION_MANUAL,,,
,TEXTO_REQUISITO_INGRESO,,,,,,,,,CELDAS_PENDIENTES,34.0,I162S2C24J2V1,REVISAR_TEXTO_REQUISITO_INGRESO_SIN_FUENTE,REVISION_ESPECIFICA_O_DECISION_MANUAL,,,
,TEXTO_REQUISITO_INGRESO,,,,,,,,,CELDAS_PENDIENTES,35.0,I162S2C2J1V2,REVISAR_TEXTO_REQUISITO_INGRESO_SIN_FUENTE,REVISION_ESPECIFICA_O_DECISION_MANUAL,,,
,TEXTO_REQUISITO_INGRESO,,,,,,,,,CELDAS_PENDIENTES,36.0,I162S2C2J2V2,REVISAR_TEXTO_REQUISITO_INGRESO_SIN_FUENTE,REVISION_ESPECIFICA_O_DECISION_MANUAL,,,
,TEXTO_REQUISITO_INGRESO,,,,,,,,,CELDAS_PENDIENTES,37.0,I162S2C2J4V2,REVISAR_TEXTO_REQUISITO_INGRESO_SIN_FUENTE,REVISION_ESPECIFICA_O_DECISION_MANUAL,,,
,TEXTO_REQUISITO_INGRESO,,,,,,,,,CELDAS_PENDIENTES,38.0,I162S2C35J1V2,REVISAR_TEXTO_REQUISITO_INGRESO_SIN_FUENTE,REVISION_ESPECIFICA_O_DECISION_MANUAL,,,
,TEXTO_REQUISITO_INGRESO,,,,,,,,,CELDAS_PENDIENTES,39.0,I162S2C35J2V2,REVISAR_TEXTO_REQUISITO_INGRESO_SIN_FUENTE,REVISION_ESPECIFICA_O_DECISION_MANUAL,,,
,TEXTO_REQUISITO_INGRESO,,,,,,,,,CELDAS_PENDIENTES,40.0,I162S2C35J4V2,REVISAR_TEXTO_REQUISITO_INGRESO_SIN_FUENTE,REVISION_ESPECIFICA_O_DECISION_MANUAL,,,
,TEXTO_REQUISITO_INGRESO,,,,,,,,,CELDAS_PENDIENTES,41.0,I162S2C3J2V2,REVISAR_TEXTO_REQUISITO_INGRESO_SIN_FUENTE,REVISION_ESPECIFICA_O_DECISION_MANUAL,,,
,TEXTO_REQUISITO_INGRESO,,,,,,,,,CELDAS_PENDIENTES,42.0,I162S2C40J2V1,REVISAR_TEXTO_REQUISITO_INGRESO_SIN_FUENTE,REVISION_ESPECIFICA_O_DECISION_MANUAL,,,
,TEXTO_REQUISITO_INGRESO,,,,,,,,,CELDAS_PENDIENTES,43.0,I162S2C41J2V1,REVISAR_TEXTO_REQUISITO_INGRESO_SIN_FUENTE,REVISION_ESPECIFICA_O_DECISION_MANUAL,,,
,TEXTO_REQUISITO_INGRESO,,,,,,,,,CELDAS_PENDIENTES,44.0,I162S2C53J3V1,REVISAR_TEXTO_REQUISITO_INGRESO_SIN_FUENTE,REVISION_ESPECIFICA_O_DECISION_MANUAL,,,
,TEXTO_REQUISITO_INGRESO,,,,,,,,,CELDAS_PENDIENTES,45.0,I162S2C63J4V1,REVISAR_TEXTO_REQUISITO_INGRESO_SIN_FUENTE,REVISION_ESPECIFICA_O_DECISION_MANUAL,,,
,TEXTO_REQUISITO_INGRESO,,,,,,,,,CELDAS_PENDIENTES,46.0,I162S2C64J4V1,REVISAR_TEXTO_REQUISITO_INGRESO_SIN_FUENTE,REVISION_ESPECIFICA_O_DECISION_MANUAL,,,
,TEXTO_REQUISITO_INGRESO,,,,,,,,,CELDAS_PENDIENTES,47.0,I162S2C65J4V1,REVISAR_TEXTO_REQUISITO_INGRESO_SIN_FUENTE,REVISION_ESPECIFICA_O_DECISION_MANUAL,,,
,TEXTO_REQUISITO_INGRESO,,,,,,,,,CELDAS_PENDIENTES,48.0,I162S2C66J4V1,REVISAR_TEXTO_REQUISITO_INGRESO_SIN_FUENTE,REVISION_ESPECIFICA_O_DECISION_MANUAL,,,
,TEXTO_REQUISITO_INGRESO,,,,,,,,,CELDAS_PENDIENTES,49.0,I162S2C67J4V1,REVISAR_TEXTO_REQUISITO_INGRESO_SIN_FUENTE,REVISION_ESPECIFICA_O_DECISION_MANUAL,,,
,TEXTO_REQUISITO_INGRESO,,,,,,,,,CELDAS_PENDIENTES,50.0,I162S2C68J4V1,REVISAR_TEXTO_REQUISITO_INGRESO_SIN_FUENTE,REVISION_ESPECIFICA_O_DECISION_MANUAL,,,
,TEXTO_REQUISITO_INGRESO,,,,,,,,,CELDAS_PENDIENTES,51.0,I162S2C69J4V1,REVISAR_TEXTO_REQUISITO_INGRESO_SIN_FUENTE,REVISION_ESPECIFICA_O_DECISION_MANUAL,,,
,TEXTO_REQUISITO_INGRESO,,,,,,,,,CELDAS_PENDIENTES,52.0,I162S2C6J1V1,REVISAR_TEXTO_REQUISITO_INGRESO_SIN_FUENTE,REVISION_ESPECIFICA_O_DECISION_MANUAL,,,
,TEXTO_REQUISITO_INGRESO,,,,,,,,,CELDAS_PENDIENTES,53.0,I162S2C6J2V1,REVISAR_TEXTO_REQUISITO_INGRESO_SIN_FUENTE,REVISION_ESPECIFICA_O_DECISION_MANUAL,,,
,TEXTO_REQUISITO_INGRESO,,,,,,,,,CELDAS_PENDIENTES,54.0,I162S2C6J4V1,REVISAR_TEXTO_REQUISITO_INGRESO_SIN_FUENTE,REVISION_ESPECIFICA_O_DECISION_MANUAL,,,
,TEXTO_REQUISITO_INGRESO,,,,,,,,,CELDAS_PENDIENTES,55.0,I162S2C70J4V1,REVISAR_TEXTO_REQUISITO_INGRESO_SIN_FUENTE,REVISION_ESPECIFICA_O_DECISION_MANUAL,,,
,TEXTO_REQUISITO_INGRESO,,,,,,,,,CELDAS_PENDIENTES,56.0,I162S2C71J4V1,REVISAR_TEXTO_REQUISITO_INGRESO_SIN_FUENTE,REVISION_ESPECIFICA_O_DECISION_MANUAL,,,
,TEXTO_REQUISITO_INGRESO,,,,,,,,,CELDAS_PENDIENTES,57.0,I162S2C76J4V2,REVISAR_TEXTO_REQUISITO_INGRESO_SIN_FUENTE,REVISION_ESPECIFICA_O_DECISION_MANUAL,,,
,TEXTO_REQUISITO_INGRESO,,,,,,,,,CELDAS_PENDIENTES,58.0,I162S2C77J4V2,REVISAR_TEXTO_REQUISITO_INGRESO_SIN_FUENTE,REVISION_ESPECIFICA_O_DECISION_MANUAL,,,
,TEXTO_REQUISITO_INGRESO,,,,,,,,,CELDAS_PENDIENTES,59.0,I162S2C83J4V2,REVISAR_TEXTO_REQUISITO_INGRESO_SIN_FUENTE,REVISION_ESPECIFICA_O_DECISION_MANUAL,,,
,TEXTO_REQUISITO_INGRESO,,,,,,,,,CELDAS_PENDIENTES,60.0,I162S2C86J4V2,REVISAR_TEXTO_REQUISITO_INGRESO_SIN_FUENTE,REVISION_ESPECIFICA_O_DECISION_MANUAL,,,
,TEXTO_REQUISITO_INGRESO,,,,,,,,,CELDAS_PENDIENTES,61.0,I162S2C87J4V2,REVISAR_TEXTO_REQUISITO_INGRESO_SIN_FUENTE,REVISION_ESPECIFICA_O_DECISION_MANUAL,,,
,TEXTO_REQUISITO_INGRESO,,,,,,,,,CELDAS_PENDIENTES,62.0,I162S2C88J4V2,REVISAR_TEXTO_REQUISITO_INGRESO_SIN_FUENTE,REVISION_ESPECIFICA_O_DECISION_MANUAL,,,
,TEXTO_REQUISITO_INGRESO,,,,,,,,,CELDAS_PENDIENTES,63.0,I162S2C90J2V1,REVISAR_TEXTO_REQUISITO_INGRESO_SIN_FUENTE,REVISION_ESPECIFICA_O_DECISION_MANUAL,,,
,TEXTO_REQUISITO_INGRESO,,,,,,,,,CELDAS_PENDIENTES,64.0,I162S2C90J2V2,REVISAR_TEXTO_REQUISITO_INGRESO_SIN_FUENTE,REVISION_ESPECIFICA_O_DECISION_MANUAL,,,
,TEXTO_REQUISITO_INGRESO,,,,,,,,,CELDAS_PENDIENTES,65.0,I162S2C95J4V1,REVISAR_TEXTO_REQUISITO_INGRESO_SIN_FUENTE,REVISION_ESPECIFICA_O_DECISION_MANUAL,,,
,TEXTO_REQUISITO_INGRESO,,,,,,,,,CELDAS_PENDIENTES,66.0,I162S2C96J4V1,REVISAR_TEXTO_REQUISITO_INGRESO_SIN_FUENTE,REVISION_ESPECIFICA_O_DECISION_MANUAL,,,
,TEXTO_REQUISITO_INGRESO,,,,,,,,,CELDAS_PENDIENTES,67.0,I162S2C97J4V1,REVISAR_TEXTO_REQUISITO_INGRESO_SIN_FUENTE,REVISION_ESPECIFICA_O_DECISION_MANUAL,,,
,TEXTO_REQUISITO_INGRESO,,,,,,,,,CELDAS_PENDIENTES,68.0,I162S2C98J4V1,REVISAR_TEXTO_REQUISITO_INGRESO_SIN_FUENTE,REVISION_ESPECIFICA_O_DECISION_MANUAL,,,
,TEXTO_REQUISITO_INGRESO,,,,,,,,,CELDAS_PENDIENTES,69.0,I162S2C99J4V1,REVISAR_TEXTO_REQUISITO_INGRESO_SIN_FUENTE,REVISION_ESPECIFICA_O_DECISION_MANUAL,,,
,TEXTO_REQUISITO_INGRESO,,,,,,,,,CELDAS_PENDIENTES,70.0,I162S3C114J2V1,REVISAR_TEXTO_REQUISITO_INGRESO_SIN_FUENTE,REVISION_ESPECIFICA_O_DECISION_MANUAL,,,
,TEXTO_REQUISITO_INGRESO,,,,,,,,,CELDAS_PENDIENTES,71.0,I162S3C115J2V1,REVISAR_TEXTO_REQUISITO_INGRESO_SIN_FUENTE,REVISION_ESPECIFICA_O_DECISION_MANUAL,,,
,TEXTO_REQUISITO_INGRESO,,,,,,,,,CELDAS_PENDIENTES,72.0,I162S3C91J2V1,REVISAR_TEXTO_REQUISITO_INGRESO_SIN_FUENTE,REVISION_ESPECIFICA_O_DECISION_MANUAL,,,
,LICENCIA_ENS_MEDIA,,,,,,,,,CELDAS_PENDIENTES,2.0,I162S2C101J4V1,REVISAR_LICENCIA_ENS_MEDIA_SIN_FUENTE,REVISION_ESPECIFICA_O_DECISION_MANUAL,,,
,LICENCIA_ENS_MEDIA,,,,,,,,,CELDAS_PENDIENTES,3.0,I162S2C102J4V1,REVISAR_LICENCIA_ENS_MEDIA_SIN_FUENTE,REVISION_ESPECIFICA_O_DECISION_MANUAL,,,
,LICENCIA_ENS_MEDIA,,,,,,,,,CELDAS_PENDIENTES,4.0,I162S2C103J4V1,REVISAR_LICENCIA_ENS_MEDIA_SIN_FUENTE,REVISION_ESPECIFICA_O_DECISION_MANUAL,,,
,LICENCIA_ENS_MEDIA,,,,,,,,,CELDAS_PENDIENTES,5.0,I162S2C104J4V1,REVISAR_LICENCIA_ENS_MEDIA_SIN_FUENTE,REVISION_ESPECIFICA_O_DECISION_MANUAL,,,
,LICENCIA_ENS_MEDIA,,,,,,,,,CELDAS_PENDIENTES,6.0,I162S2C105J4V1,REVISAR_LICENCIA_ENS_MEDIA_SIN_FUENTE,REVISION_ESPECIFICA_O_DECISION_MANUAL,,,
,LICENCIA_ENS_MEDIA,,,,,,,,,CELDAS_PENDIENTES,7.0,I162S2C10J1V1,REVISAR_LICENCIA_ENS_MEDIA_SIN_FUENTE,REVISION_ESPECIFICA_O_DECISION_MANUAL,,,
,LICENCIA_ENS_MEDIA,,,,,,,,,CELDAS_PENDIENTES,8.0,I162S2C10J4V1,REVISAR_LICENCIA_ENS_MEDIA_SIN_FUENTE,REVISION_ESPECIFICA_O_DECISION_MANUAL,,,
,LICENCIA_ENS_MEDIA,,,,,,,,,CELDAS_PENDIENTES,9.0,I162S2C111J4V1,REVISAR_LICENCIA_ENS_MEDIA_SIN_FUENTE,REVISION_ESPECIFICA_O_DECISION_MANUAL,,,
,LICENCIA_ENS_MEDIA,,,,,,,,,CELDAS_PENDIENTES,10.0,I162S2C111J4V2,REVISAR_LICENCIA_ENS_MEDIA_SIN_FUENTE,REVISION_ESPECIFICA_O_DECISION_MANUAL,,,
,LICENCIA_ENS_MEDIA,,,,,,,,,CELDAS_PENDIENTES,11.0,I162S2C112J4V1,REVISAR_LICENCIA_ENS_MEDIA_SIN_FUENTE,REVISION_ESPECIFICA_O_DECISION_MANUAL,,,
,LICENCIA_ENS_MEDIA,,,,,,,,,CELDAS_PENDIENTES,12.0,I162S2C112J4V2,REVISAR_LICENCIA_ENS_MEDIA_SIN_FUENTE,REVISION_ESPECIFICA_O_DECISION_MANUAL,,,
,LICENCIA_ENS_MEDIA,,,,,,,,,CELDAS_PENDIENTES,13.0,I162S2C113J4V1,REVISAR_LICENCIA_ENS_MEDIA_SIN_FUENTE,REVISION_ESPECIFICA_O_DECISION_MANUAL,,,
,LICENCIA_ENS_MEDIA,,,,,,,,,CELDAS_PENDIENTES,14.0,I162S2C113J4V2,REVISAR_LICENCIA_ENS_MEDIA_SIN_FUENTE,REVISION_ESPECIFICA_O_DECISION_MANUAL,,,
,LICENCIA_ENS_MEDIA,,,,,,,,,CELDAS_PENDIENTES,15.0,I162S2C114J2V1,REVISAR_LICENCIA_ENS_MEDIA_SIN_FUENTE,REVISION_ESPECIFICA_O_DECISION_MANUAL,,,
,LICENCIA_ENS_MEDIA,,,,,,,,,CELDAS_PENDIENTES,16.0,I162S2C115J2V1,REVISAR_LICENCIA_ENS_MEDIA_SIN_FUENTE,REVISION_ESPECIFICA_O_DECISION_MANUAL,,,
,LICENCIA_ENS_MEDIA,,,,,,,,,CELDAS_PENDIENTES,17.0,I162S2C116J4V1,REVISAR_LICENCIA_ENS_MEDIA_SIN_FUENTE,REVISION_ESPECIFICA_O_DECISION_MANUAL,,,
,LICENCIA_ENS_MEDIA,,,,,,,,,CELDAS_PENDIENTES,18.0,I162S2C117J4V1,REVISAR_LICENCIA_ENS_MEDIA_SIN_FUENTE,REVISION_ESPECIFICA_O_DECISION_MANUAL,,,
,LICENCIA_ENS_MEDIA,,,,,,,,,CELDAS_PENDIENTES,19.0,I162S2C118J4V1,REVISAR_LICENCIA_ENS_MEDIA_SIN_FUENTE,REVISION_ESPECIFICA_O_DECISION_MANUAL,,,
,LICENCIA_ENS_MEDIA,,,,,,,,,CELDAS_PENDIENTES,20.0,I162S2C119J4V1,REVISAR_LICENCIA_ENS_MEDIA_SIN_FUENTE,REVISION_ESPECIFICA_O_DECISION_MANUAL,,,
,LICENCIA_ENS_MEDIA,,,,,,,,,CELDAS_PENDIENTES,21.0,I162S2C124J4V1,REVISAR_LICENCIA_ENS_MEDIA_SIN_FUENTE,REVISION_ESPECIFICA_O_DECISION_MANUAL,,,
,LICENCIA_ENS_MEDIA,,,,,,,,,CELDAS_PENDIENTES,22.0,I162S2C124J4V2,REVISAR_LICENCIA_ENS_MEDIA_SIN_FUENTE,REVISION_ESPECIFICA_O_DECISION_MANUAL,,,
,LICENCIA_ENS_MEDIA,,,,,,,,,CELDAS_PENDIENTES,23.0,I162S2C125J4V1,REVISAR_LICENCIA_ENS_MEDIA_SIN_FUENTE,REVISION_ESPECIFICA_O_DECISION_MANUAL,,,
,LICENCIA_ENS_MEDIA,,,,,,,,,CELDAS_PENDIENTES,24.0,I162S2C125J4V2,REVISAR_LICENCIA_ENS_MEDIA_SIN_FUENTE,REVISION_ESPECIFICA_O_DECISION_MANUAL,,,
,LICENCIA_ENS_MEDIA,,,,,,,,,CELDAS_PENDIENTES,25.0,I162S2C13J1V1,REVISAR_LICENCIA_ENS_MEDIA_SIN_FUENTE,REVISION_ESPECIFICA_O_DECISION_MANUAL,,,
,LICENCIA_ENS_MEDIA,,,,,,,,,CELDAS_PENDIENTES,26.0,I162S2C13J2V1,REVISAR_LICENCIA_ENS_MEDIA_SIN_FUENTE,REVISION_ESPECIFICA_O_DECISION_MANUAL,,,
,LICENCIA_ENS_MEDIA,,,,,,,,,CELDAS_PENDIENTES,27.0,I162S2C1J2V2,REVISAR_LICENCIA_ENS_MEDIA_SIN_FUENTE,REVISION_ESPECIFICA_O_DECISION_MANUAL,,,
,LICENCIA_ENS_MEDIA,,,,,,,,,CELDAS_PENDIENTES,28.0,I162S2C1J4V3,REVISAR_LICENCIA_ENS_MEDIA_SIN_FUENTE,REVISION_ESPECIFICA_O_DECISION_MANUAL,,,
,LICENCIA_ENS_MEDIA,,,,,,,,,CELDAS_PENDIENTES,29.0,I162S2C21J1V1,REVISAR_LICENCIA_ENS_MEDIA_SIN_FUENTE,REVISION_ESPECIFICA_O_DECISION_MANUAL,,,
,LICENCIA_ENS_MEDIA,,,,,,,,,CELDAS_PENDIENTES,30.0,I162S2C21J2V1,REVISAR_LICENCIA_ENS_MEDIA_SIN_FUENTE,REVISION_ESPECIFICA_O_DECISION_MANUAL,,,
,LICENCIA_ENS_MEDIA,,,,,,,,,CELDAS_PENDIENTES,31.0,I162S2C23J1V1,REVISAR_LICENCIA_ENS_MEDIA_SIN_FUENTE,REVISION_ESPECIFICA_O_DECISION_MANUAL,,,
,LICENCIA_ENS_MEDIA,,,,,,,,,CELDAS_PENDIENTES,32.0,I162S2C23J2V1,REVISAR_LICENCIA_ENS_MEDIA_SIN_FUENTE,REVISION_ESPECIFICA_O_DECISION_MANUAL,,,
,LICENCIA_ENS_MEDIA,,,,,,,,,CELDAS_PENDIENTES,33.0,I162S2C24J1V1,REVISAR_LICENCIA_ENS_MEDIA_SIN_FUENTE,REVISION_ESPECIFICA_O_DECISION_MANUAL,,,
,LICENCIA_ENS_MEDIA,,,,,,,,,CELDAS_PENDIENTES,34.0,I162S2C24J2V1,REVISAR_LICENCIA_ENS_MEDIA_SIN_FUENTE,REVISION_ESPECIFICA_O_DECISION_MANUAL,,,
,LICENCIA_ENS_MEDIA,,,,,,,,,CELDAS_PENDIENTES,35.0,I162S2C2J1V2,REVISAR_LICENCIA_ENS_MEDIA_SIN_FUENTE,REVISION_ESPECIFICA_O_DECISION_MANUAL,,,
,LICENCIA_ENS_MEDIA,,,,,,,,,CELDAS_PENDIENTES,36.0,I162S2C2J2V2,REVISAR_LICENCIA_ENS_MEDIA_SIN_FUENTE,REVISION_ESPECIFICA_O_DECISION_MANUAL,,,
,LICENCIA_ENS_MEDIA,,,,,,,,,CELDAS_PENDIENTES,37.0,I162S2C2J4V2,REVISAR_LICENCIA_ENS_MEDIA_SIN_FUENTE,REVISION_ESPECIFICA_O_DECISION_MANUAL,,,
,LICENCIA_ENS_MEDIA,,,,,,,,,CELDAS_PENDIENTES,38.0,I162S2C35J1V2,REVISAR_LICENCIA_ENS_MEDIA_SIN_FUENTE,REVISION_ESPECIFICA_O_DECISION_MANUAL,,,
,LICENCIA_ENS_MEDIA,,,,,,,,,CELDAS_PENDIENTES,39.0,I162S2C35J2V2,REVISAR_LICENCIA_ENS_MEDIA_SIN_FUENTE,REVISION_ESPECIFICA_O_DECISION_MANUAL,,,
,LICENCIA_ENS_MEDIA,,,,,,,,,CELDAS_PENDIENTES,40.0,I162S2C35J4V2,REVISAR_LICENCIA_ENS_MEDIA_SIN_FUENTE,REVISION_ESPECIFICA_O_DECISION_MANUAL,,,
,LICENCIA_ENS_MEDIA,,,,,,,,,CELDAS_PENDIENTES,41.0,I162S2C3J2V2,REVISAR_LICENCIA_ENS_MEDIA_SIN_FUENTE,REVISION_ESPECIFICA_O_DECISION_MANUAL,,,
,LICENCIA_ENS_MEDIA,,,,,,,,,CELDAS_PENDIENTES,42.0,I162S2C40J2V1,REVISAR_LICENCIA_ENS_MEDIA_SIN_FUENTE,REVISION_ESPECIFICA_O_DECISION_MANUAL,,,
,LICENCIA_ENS_MEDIA,,,,,,,,,CELDAS_PENDIENTES,43.0,I162S2C41J2V1,REVISAR_LICENCIA_ENS_MEDIA_SIN_FUENTE,REVISION_ESPECIFICA_O_DECISION_MANUAL,,,
,LICENCIA_ENS_MEDIA,,,,,,,,,CELDAS_PENDIENTES,44.0,I162S2C53J3V1,REVISAR_LICENCIA_ENS_MEDIA_SIN_FUENTE,REVISION_ESPECIFICA_O_DECISION_MANUAL,,,
,LICENCIA_ENS_MEDIA,,,,,,,,,CELDAS_PENDIENTES,45.0,I162S2C63J4V1,REVISAR_LICENCIA_ENS_MEDIA_SIN_FUENTE,REVISION_ESPECIFICA_O_DECISION_MANUAL,,,
,LICENCIA_ENS_MEDIA,,,,,,,,,CELDAS_PENDIENTES,46.0,I162S2C64J4V1,REVISAR_LICENCIA_ENS_MEDIA_SIN_FUENTE,REVISION_ESPECIFICA_O_DECISION_MANUAL,,,
,LICENCIA_ENS_MEDIA,,,,,,,,,CELDAS_PENDIENTES,47.0,I162S2C65J4V1,REVISAR_LICENCIA_ENS_MEDIA_SIN_FUENTE,REVISION_ESPECIFICA_O_DECISION_MANUAL,,,
,LICENCIA_ENS_MEDIA,,,,,,,,,CELDAS_PENDIENTES,48.0,I162S2C66J4V1,REVISAR_LICENCIA_ENS_MEDIA_SIN_FUENTE,REVISION_ESPECIFICA_O_DECISION_MANUAL,,,
,LICENCIA_ENS_MEDIA,,,,,,,,,CELDAS_PENDIENTES,49.0,I162S2C67J4V1,REVISAR_LICENCIA_ENS_MEDIA_SIN_FUENTE,REVISION_ESPECIFICA_O_DECISION_MANUAL,,,
,LICENCIA_ENS_MEDIA,,,,,,,,,CELDAS_PENDIENTES,50.0,I162S2C68J4V1,REVISAR_LICENCIA_ENS_MEDIA_SIN_FUENTE,REVISION_ESPECIFICA_O_DECISION_MANUAL,,,
,LICENCIA_ENS_MEDIA,,,,,,,,,CELDAS_PENDIENTES,51.0,I162S2C69J4V1,REVISAR_LICENCIA_ENS_MEDIA_SIN_FUENTE,REVISION_ESPECIFICA_O_DECISION_MANUAL,,,
,LICENCIA_ENS_MEDIA,,,,,,,,,CELDAS_PENDIENTES,52.0,I162S2C6J1V1,REVISAR_LICENCIA_ENS_MEDIA_SIN_FUENTE,REVISION_ESPECIFICA_O_DECISION_MANUAL,,,
,LICENCIA_ENS_MEDIA,,,,,,,,,CELDAS_PENDIENTES,53.0,I162S2C6J2V1,REVISAR_LICENCIA_ENS_MEDIA_SIN_FUENTE,REVISION_ESPECIFICA_O_DECISION_MANUAL,,,
,LICENCIA_ENS_MEDIA,,,,,,,,,CELDAS_PENDIENTES,54.0,I162S2C6J4V1,REVISAR_LICENCIA_ENS_MEDIA_SIN_FUENTE,REVISION_ESPECIFICA_O_DECISION_MANUAL,,,
,LICENCIA_ENS_MEDIA,,,,,,,,,CELDAS_PENDIENTES,55.0,I162S2C70J4V1,REVISAR_LICENCIA_ENS_MEDIA_SIN_FUENTE,REVISION_ESPECIFICA_O_DECISION_MANUAL,,,
,LICENCIA_ENS_MEDIA,,,,,,,,,CELDAS_PENDIENTES,56.0,I162S2C71J4V1,REVISAR_LICENCIA_ENS_MEDIA_SIN_FUENTE,REVISION_ESPECIFICA_O_DECISION_MANUAL,,,
,LICENCIA_ENS_MEDIA,,,,,,,,,CELDAS_PENDIENTES,57.0,I162S2C76J4V2,REVISAR_LICENCIA_ENS_MEDIA_SIN_FUENTE,REVISION_ESPECIFICA_O_DECISION_MANUAL,,,
,LICENCIA_ENS_MEDIA,,,,,,,,,CELDAS_PENDIENTES,58.0,I162S2C77J4V2,REVISAR_LICENCIA_ENS_MEDIA_SIN_FUENTE,REVISION_ESPECIFICA_O_DECISION_MANUAL,,,
,LICENCIA_ENS_MEDIA,,,,,,,,,CELDAS_PENDIENTES,59.0,I162S2C83J4V2,REVISAR_LICENCIA_ENS_MEDIA_SIN_FUENTE,REVISION_ESPECIFICA_O_DECISION_MANUAL,,,
,LICENCIA_ENS_MEDIA,,,,,,,,,CELDAS_PENDIENTES,60.0,I162S2C86J4V2,REVISAR_LICENCIA_ENS_MEDIA_SIN_FUENTE,REVISION_ESPECIFICA_O_DECISION_MANUAL,,,
,LICENCIA_ENS_MEDIA,,,,,,,,,CELDAS_PENDIENTES,61.0,I162S2C87J4V2,REVISAR_LICENCIA_ENS_MEDIA_SIN_FUENTE,REVISION_ESPECIFICA_O_DECISION_MANUAL,,,
,LICENCIA_ENS_MEDIA,,,,,,,,,CELDAS_PENDIENTES,62.0,I162S2C88J4V2,REVISAR_LICENCIA_ENS_MEDIA_SIN_FUENTE,REVISION_ESPECIFICA_O_DECISION_MANUAL,,,
,LICENCIA_ENS_MEDIA,,,,,,,,,CELDAS_PENDIENTES,63.0,I162S2C90J2V1,REVISAR_LICENCIA_ENS_MEDIA_SIN_FUENTE,REVISION_ESPECIFICA_O_DECISION_MANUAL,,,
,LICENCIA_ENS_MEDIA,,,,,,,,,CELDAS_PENDIENTES,64.0,I162S2C90J2V2,REVISAR_LICENCIA_ENS_MEDIA_SIN_FUENTE,REVISION_ESPECIFICA_O_DECISION_MANUAL,,,
,LICENCIA_ENS_MEDIA,,,,,,,,,CELDAS_PENDIENTES,65.0,I162S2C95J4V1,REVISAR_LICENCIA_ENS_MEDIA_SIN_FUENTE,REVISION_ESPECIFICA_O_DECISION_MANUAL,,,
,LICENCIA_ENS_MEDIA,,,,,,,,,CELDAS_PENDIENTES,66.0,I162S2C96J4V1,REVISAR_LICENCIA_ENS_MEDIA_SIN_FUENTE,REVISION_ESPECIFICA_O_DECISION_MANUAL,,,
,LICENCIA_ENS_MEDIA,,,,,,,,,CELDAS_PENDIENTES,67.0,I162S2C97J4V1,REVISAR_LICENCIA_ENS_MEDIA_SIN_FUENTE,REVISION_ESPECIFICA_O_DECISION_MANUAL,,,
,LICENCIA_ENS_MEDIA,,,,,,,,,CELDAS_PENDIENTES,68.0,I162S2C98J4V1,REVISAR_LICENCIA_ENS_MEDIA_SIN_FUENTE,REVISION_ESPECIFICA_O_DECISION_MANUAL,,,
,LICENCIA_ENS_MEDIA,,,,,,,,,CELDAS_PENDIENTES,69.0,I162S2C99J4V1,REVISAR_LICENCIA_ENS_MEDIA_SIN_FUENTE,REVISION_ESPECIFICA_O_DECISION_MANUAL,,,
,LICENCIA_ENS_MEDIA,,,,,,,,,CELDAS_PENDIENTES,70.0,I162S3C114J2V1,REVISAR_LICENCIA_ENS_MEDIA_SIN_FUENTE,REVISION_ESPECIFICA_O_DECISION_MANUAL,,,
,LICENCIA_ENS_MEDIA,,,,,,,,,CELDAS_PENDIENTES,71.0,I162S3C115J2V1,REVISAR_LICENCIA_ENS_MEDIA_SIN_FUENTE,REVISION_ESPECIFICA_O_DECISION_MANUAL,,,
,LICENCIA_ENS_MEDIA,,,,,,,,,CELDAS_PENDIENTES,72.0,I162S3C91J2V1,REVISAR_LICENCIA_ENS_MEDIA_SIN_FUENTE,REVISION_ESPECIFICA_O_DECISION_MANUAL,,,
,NOTAS_ENS_MEDIA,,,,,,,,,CELDAS_PENDIENTES,2.0,I162S2C101J4V1,REVISAR_NOTAS_ENS_MEDIA_SIN_FUENTE,REVISION_ESPECIFICA_O_DECISION_MANUAL,,,
,NOTAS_ENS_MEDIA,,,,,,,,,CELDAS_PENDIENTES,3.0,I162S2C102J4V1,REVISAR_NOTAS_ENS_MEDIA_SIN_FUENTE,REVISION_ESPECIFICA_O_DECISION_MANUAL,,,
,NOTAS_ENS_MEDIA,,,,,,,,,CELDAS_PENDIENTES,4.0,I162S2C103J4V1,REVISAR_NOTAS_ENS_MEDIA_SIN_FUENTE,REVISION_ESPECIFICA_O_DECISION_MANUAL,,,
,NOTAS_ENS_MEDIA,,,,,,,,,CELDAS_PENDIENTES,5.0,I162S2C104J4V1,REVISAR_NOTAS_ENS_MEDIA_SIN_FUENTE,REVISION_ESPECIFICA_O_DECISION_MANUAL,,,
,NOTAS_ENS_MEDIA,,,,,,,,,CELDAS_PENDIENTES,6.0,I162S2C105J4V1,REVISAR_NOTAS_ENS_MEDIA_SIN_FUENTE,REVISION_ESPECIFICA_O_DECISION_MANUAL,,,
,NOTAS_ENS_MEDIA,,,,,,,,,CELDAS_PENDIENTES,7.0,I162S2C10J1V1,REVISAR_NOTAS_ENS_MEDIA_SIN_FUENTE,REVISION_ESPECIFICA_O_DECISION_MANUAL,,,
,NOTAS_ENS_MEDIA,,,,,,,,,CELDAS_PENDIENTES,8.0,I162S2C10J4V1,REVISAR_NOTAS_ENS_MEDIA_SIN_FUENTE,REVISION_ESPECIFICA_O_DECISION_MANUAL,,,
,NOTAS_ENS_MEDIA,,,,,,,,,CELDAS_PENDIENTES,9.0,I162S2C111J4V1,REVISAR_NOTAS_ENS_MEDIA_SIN_FUENTE,REVISION_ESPECIFICA_O_DECISION_MANUAL,,,
,NOTAS_ENS_MEDIA,,,,,,,,,CELDAS_PENDIENTES,10.0,I162S2C111J4V2,REVISAR_NOTAS_ENS_MEDIA_SIN_FUENTE,REVISION_ESPECIFICA_O_DECISION_MANUAL,,,
,NOTAS_ENS_MEDIA,,,,,,,,,CELDAS_PENDIENTES,11.0,I162S2C112J4V1,REVISAR_NOTAS_ENS_MEDIA_SIN_FUENTE,REVISION_ESPECIFICA_O_DECISION_MANUAL,,,
,NOTAS_ENS_MEDIA,,,,,,,,,CELDAS_PENDIENTES,12.0,I162S2C112J4V2,REVISAR_NOTAS_ENS_MEDIA_SIN_FUENTE,REVISION_ESPECIFICA_O_DECISION_MANUAL,,,
,NOTAS_ENS_MEDIA,,,,,,,,,CELDAS_PENDIENTES,13.0,I162S2C113J4V1,REVISAR_NOTAS_ENS_MEDIA_SIN_FUENTE,REVISION_ESPECIFICA_O_DECISION_MANUAL,,,
,NOTAS_ENS_MEDIA,,,,,,,,,CELDAS_PENDIENTES,14.0,I162S2C113J4V2,REVISAR_NOTAS_ENS_MEDIA_SIN_FUENTE,REVISION_ESPECIFICA_O_DECISION_MANUAL,,,
,NOTAS_ENS_MEDIA,,,,,,,,,CELDAS_PENDIENTES,15.0,I162S2C114J2V1,REVISAR_NOTAS_ENS_MEDIA_SIN_FUENTE,REVISION_ESPECIFICA_O_DECISION_MANUAL,,,
,NOTAS_ENS_MEDIA,,,,,,,,,CELDAS_PENDIENTES,16.0,I162S2C115J2V1,REVISAR_NOTAS_ENS_MEDIA_SIN_FUENTE,REVISION_ESPECIFICA_O_DECISION_MANUAL,,,
,NOTAS_ENS_MEDIA,,,,,,,,,CELDAS_PENDIENTES,17.0,I162S2C116J4V1,REVISAR_NOTAS_ENS_MEDIA_SIN_FUENTE,REVISION_ESPECIFICA_O_DECISION_MANUAL,,,
,NOTAS_ENS_MEDIA,,,,,,,,,CELDAS_PENDIENTES,18.0,I162S2C117J4V1,REVISAR_NOTAS_ENS_MEDIA_SIN_FUENTE,REVISION_ESPECIFICA_O_DECISION_MANUAL,,,
,NOTAS_ENS_MEDIA,,,,,,,,,CELDAS_PENDIENTES,19.0,I162S2C118J4V1,REVISAR_NOTAS_ENS_MEDIA_SIN_FUENTE,REVISION_ESPECIFICA_O_DECISION_MANUAL,,,
,NOTAS_ENS_MEDIA,,,,,,,,,CELDAS_PENDIENTES,20.0,I162S2C119J4V1,REVISAR_NOTAS_ENS_MEDIA_SIN_FUENTE,REVISION_ESPECIFICA_O_DECISION_MANUAL,,,
,NOTAS_ENS_MEDIA,,,,,,,,,CELDAS_PENDIENTES,21.0,I162S2C124J4V1,REVISAR_NOTAS_ENS_MEDIA_SIN_FUENTE,REVISION_ESPECIFICA_O_DECISION_MANUAL,,,
,NOTAS_ENS_MEDIA,,,,,,,,,CELDAS_PENDIENTES,22.0,I162S2C124J4V2,REVISAR_NOTAS_ENS_MEDIA_SIN_FUENTE,REVISION_ESPECIFICA_O_DECISION_MANUAL,,,
,NOTAS_ENS_MEDIA,,,,,,,,,CELDAS_PENDIENTES,23.0,I162S2C125J4V1,REVISAR_NOTAS_ENS_MEDIA_SIN_FUENTE,REVISION_ESPECIFICA_O_DECISION_MANUAL,,,
,NOTAS_ENS_MEDIA,,,,,,,,,CELDAS_PENDIENTES,24.0,I162S2C125J4V2,REVISAR_NOTAS_ENS_MEDIA_SIN_FUENTE,REVISION_ESPECIFICA_O_DECISION_MANUAL,,,
,NOTAS_ENS_MEDIA,,,,,,,,,CELDAS_PENDIENTES,25.0,I162S2C13J1V1,REVISAR_NOTAS_ENS_MEDIA_SIN_FUENTE,REVISION_ESPECIFICA_O_DECISION_MANUAL,,,
,NOTAS_ENS_MEDIA,,,,,,,,,CELDAS_PENDIENTES,26.0,I162S2C13J2V1,REVISAR_NOTAS_ENS_MEDIA_SIN_FUENTE,REVISION_ESPECIFICA_O_DECISION_MANUAL,,,
,NOTAS_ENS_MEDIA,,,,,,,,,CELDAS_PENDIENTES,27.0,I162S2C1J2V2,REVISAR_NOTAS_ENS_MEDIA_SIN_FUENTE,REVISION_ESPECIFICA_O_DECISION_MANUAL,,,
,NOTAS_ENS_MEDIA,,,,,,,,,CELDAS_PENDIENTES,28.0,I162S2C1J4V3,REVISAR_NOTAS_ENS_MEDIA_SIN_FUENTE,REVISION_ESPECIFICA_O_DECISION_MANUAL,,,
,NOTAS_ENS_MEDIA,,,,,,,,,CELDAS_PENDIENTES,29.0,I162S2C21J1V1,REVISAR_NOTAS_ENS_MEDIA_SIN_FUENTE,REVISION_ESPECIFICA_O_DECISION_MANUAL,,,
,NOTAS_ENS_MEDIA,,,,,,,,,CELDAS_PENDIENTES,30.0,I162S2C21J2V1,REVISAR_NOTAS_ENS_MEDIA_SIN_FUENTE,REVISION_ESPECIFICA_O_DECISION_MANUAL,,,
,NOTAS_ENS_MEDIA,,,,,,,,,CELDAS_PENDIENTES,31.0,I162S2C23J1V1,REVISAR_NOTAS_ENS_MEDIA_SIN_FUENTE,REVISION_ESPECIFICA_O_DECISION_MANUAL,,,
,NOTAS_ENS_MEDIA,,,,,,,,,CELDAS_PENDIENTES,32.0,I162S2C23J2V1,REVISAR_NOTAS_ENS_MEDIA_SIN_FUENTE,REVISION_ESPECIFICA_O_DECISION_MANUAL,,,
,NOTAS_ENS_MEDIA,,,,,,,,,CELDAS_PENDIENTES,33.0,I162S2C24J1V1,REVISAR_NOTAS_ENS_MEDIA_SIN_FUENTE,REVISION_ESPECIFICA_O_DECISION_MANUAL,,,
,NOTAS_ENS_MEDIA,,,,,,,,,CELDAS_PENDIENTES,34.0,I162S2C24J2V1,REVISAR_NOTAS_ENS_MEDIA_SIN_FUENTE,REVISION_ESPECIFICA_O_DECISION_MANUAL,,,
,NOTAS_ENS_MEDIA,,,,,,,,,CELDAS_PENDIENTES,35.0,I162S2C2J1V2,REVISAR_NOTAS_ENS_MEDIA_SIN_FUENTE,REVISION_ESPECIFICA_O_DECISION_MANUAL,,,
,NOTAS_ENS_MEDIA,,,,,,,,,CELDAS_PENDIENTES,36.0,I162S2C2J2V2,REVISAR_NOTAS_ENS_MEDIA_SIN_FUENTE,REVISION_ESPECIFICA_O_DECISION_MANUAL,,,
,NOTAS_ENS_MEDIA,,,,,,,,,CELDAS_PENDIENTES,37.0,I162S2C2J4V2,REVISAR_NOTAS_ENS_MEDIA_SIN_FUENTE,REVISION_ESPECIFICA_O_DECISION_MANUAL,,,
,NOTAS_ENS_MEDIA,,,,,,,,,CELDAS_PENDIENTES,38.0,I162S2C35J1V2,REVISAR_NOTAS_ENS_MEDIA_SIN_FUENTE,REVISION_ESPECIFICA_O_DECISION_MANUAL,,,
,NOTAS_ENS_MEDIA,,,,,,,,,CELDAS_PENDIENTES,39.0,I162S2C35J2V2,REVISAR_NOTAS_ENS_MEDIA_SIN_FUENTE,REVISION_ESPECIFICA_O_DECISION_MANUAL,,,
,NOTAS_ENS_MEDIA,,,,,,,,,CELDAS_PENDIENTES,40.0,I162S2C35J4V2,REVISAR_NOTAS_ENS_MEDIA_SIN_FUENTE,REVISION_ESPECIFICA_O_DECISION_MANUAL,,,
,NOTAS_ENS_MEDIA,,,,,,,,,CELDAS_PENDIENTES,41.0,I162S2C3J2V2,REVISAR_NOTAS_ENS_MEDIA_SIN_FUENTE,REVISION_ESPECIFICA_O_DECISION_MANUAL,,,
,NOTAS_ENS_MEDIA,,,,,,,,,CELDAS_PENDIENTES,42.0,I162S2C40J2V1,REVISAR_NOTAS_ENS_MEDIA_SIN_FUENTE,REVISION_ESPECIFICA_O_DECISION_MANUAL,,,
,NOTAS_ENS_MEDIA,,,,,,,,,CELDAS_PENDIENTES,43.0,I162S2C41J2V1,REVISAR_NOTAS_ENS_MEDIA_SIN_FUENTE,REVISION_ESPECIFICA_O_DECISION_MANUAL,,,
,NOTAS_ENS_MEDIA,,,,,,,,,CELDAS_PENDIENTES,44.0,I162S2C53J3V1,REVISAR_NOTAS_ENS_MEDIA_SIN_FUENTE,REVISION_ESPECIFICA_O_DECISION_MANUAL,,,
,NOTAS_ENS_MEDIA,,,,,,,,,CELDAS_PENDIENTES,45.0,I162S2C63J4V1,REVISAR_NOTAS_ENS_MEDIA_SIN_FUENTE,REVISION_ESPECIFICA_O_DECISION_MANUAL,,,
,NOTAS_ENS_MEDIA,,,,,,,,,CELDAS_PENDIENTES,46.0,I162S2C64J4V1,REVISAR_NOTAS_ENS_MEDIA_SIN_FUENTE,REVISION_ESPECIFICA_O_DECISION_MANUAL,,,
,NOTAS_ENS_MEDIA,,,,,,,,,CELDAS_PENDIENTES,47.0,I162S2C65J4V1,REVISAR_NOTAS_ENS_MEDIA_SIN_FUENTE,REVISION_ESPECIFICA_O_DECISION_MANUAL,,,
,NOTAS_ENS_MEDIA,,,,,,,,,CELDAS_PENDIENTES,48.0,I162S2C66J4V1,REVISAR_NOTAS_ENS_MEDIA_SIN_FUENTE,REVISION_ESPECIFICA_O_DECISION_MANUAL,,,
,NOTAS_ENS_MEDIA,,,,,,,,,CELDAS_PENDIENTES,49.0,I162S2C67J4V1,REVISAR_NOTAS_ENS_MEDIA_SIN_FUENTE,REVISION_ESPECIFICA_O_DECISION_MANUAL,,,
,NOTAS_ENS_MEDIA,,,,,,,,,CELDAS_PENDIENTES,50.0,I162S2C68J4V1,REVISAR_NOTAS_ENS_MEDIA_SIN_FUENTE,REVISION_ESPECIFICA_O_DECISION_MANUAL,,,
,NOTAS_ENS_MEDIA,,,,,,,,,CELDAS_PENDIENTES,51.0,I162S2C69J4V1,REVISAR_NOTAS_ENS_MEDIA_SIN_FUENTE,REVISION_ESPECIFICA_O_DECISION_MANUAL,,,
,NOTAS_ENS_MEDIA,,,,,,,,,CELDAS_PENDIENTES,52.0,I162S2C6J1V1,REVISAR_NOTAS_ENS_MEDIA_SIN_FUENTE,REVISION_ESPECIFICA_O_DECISION_MANUAL,,,
,NOTAS_ENS_MEDIA,,,,,,,,,CELDAS_PENDIENTES,53.0,I162S2C6J2V1,REVISAR_NOTAS_ENS_MEDIA_SIN_FUENTE,REVISION_ESPECIFICA_O_DECISION_MANUAL,,,
,NOTAS_ENS_MEDIA,,,,,,,,,CELDAS_PENDIENTES,54.0,I162S2C6J4V1,REVISAR_NOTAS_ENS_MEDIA_SIN_FUENTE,REVISION_ESPECIFICA_O_DECISION_MANUAL,,,
,NOTAS_ENS_MEDIA,,,,,,,,,CELDAS_PENDIENTES,55.0,I162S2C70J4V1,REVISAR_NOTAS_ENS_MEDIA_SIN_FUENTE,REVISION_ESPECIFICA_O_DECISION_MANUAL,,,
,NOTAS_ENS_MEDIA,,,,,,,,,CELDAS_PENDIENTES,56.0,I162S2C71J4V1,REVISAR_NOTAS_ENS_MEDIA_SIN_FUENTE,REVISION_ESPECIFICA_O_DECISION_MANUAL,,,
,NOTAS_ENS_MEDIA,,,,,,,,,CELDAS_PENDIENTES,57.0,I162S2C76J4V2,REVISAR_NOTAS_ENS_MEDIA_SIN_FUENTE,REVISION_ESPECIFICA_O_DECISION_MANUAL,,,
,NOTAS_ENS_MEDIA,,,,,,,,,CELDAS_PENDIENTES,58.0,I162S2C77J4V2,REVISAR_NOTAS_ENS_MEDIA_SIN_FUENTE,REVISION_ESPECIFICA_O_DECISION_MANUAL,,,
,NOTAS_ENS_MEDIA,,,,,,,,,CELDAS_PENDIENTES,59.0,I162S2C83J4V2,REVISAR_NOTAS_ENS_MEDIA_SIN_FUENTE,REVISION_ESPECIFICA_O_DECISION_MANUAL,,,
,NOTAS_ENS_MEDIA,,,,,,,,,CELDAS_PENDIENTES,60.0,I162S2C86J4V2,REVISAR_NOTAS_ENS_MEDIA_SIN_FUENTE,REVISION_ESPECIFICA_O_DECISION_MANUAL,,,
,NOTAS_ENS_MEDIA,,,,,,,,,CELDAS_PENDIENTES,61.0,I162S2C87J4V2,REVISAR_NOTAS_ENS_MEDIA_SIN_FUENTE,REVISION_ESPECIFICA_O_DECISION_MANUAL,,,
,NOTAS_ENS_MEDIA,,,,,,,,,CELDAS_PENDIENTES,62.0,I162S2C88J4V2,REVISAR_NOTAS_ENS_MEDIA_SIN_FUENTE,REVISION_ESPECIFICA_O_DECISION_MANUAL,,,
,NOTAS_ENS_MEDIA,,,,,,,,,CELDAS_PENDIENTES,63.0,I162S2C90J2V1,REVISAR_NOTAS_ENS_MEDIA_SIN_FUENTE,REVISION_ESPECIFICA_O_DECISION_MANUAL,,,
,NOTAS_ENS_MEDIA,,,,,,,,,CELDAS_PENDIENTES,64.0,I162S2C90J2V2,REVISAR_NOTAS_ENS_MEDIA_SIN_FUENTE,REVISION_ESPECIFICA_O_DECISION_MANUAL,,,
,NOTAS_ENS_MEDIA,,,,,,,,,CELDAS_PENDIENTES,65.0,I162S2C95J4V1,REVISAR_NOTAS_ENS_MEDIA_SIN_FUENTE,REVISION_ESPECIFICA_O_DECISION_MANUAL,,,
,NOTAS_ENS_MEDIA,,,,,,,,,CELDAS_PENDIENTES,66.0,I162S2C96J4V1,REVISAR_NOTAS_ENS_MEDIA_SIN_FUENTE,REVISION_ESPECIFICA_O_DECISION_MANUAL,,,
,NOTAS_ENS_MEDIA,,,,,,,,,CELDAS_PENDIENTES,67.0,I162S2C97J4V1,REVISAR_NOTAS_ENS_MEDIA_SIN_FUENTE,REVISION_ESPECIFICA_O_DECISION_MANUAL,,,
,NOTAS_ENS_MEDIA,,,,,,,,,CELDAS_PENDIENTES,68.0,I162S2C98J4V1,REVISAR_NOTAS_ENS_MEDIA_SIN_FUENTE,REVISION_ESPECIFICA_O_DECISION_MANUAL,,,
,NOTAS_ENS_MEDIA,,,,,,,,,CELDAS_PENDIENTES,69.0,I162S2C99J4V1,REVISAR_NOTAS_ENS_MEDIA_SIN_FUENTE,REVISION_ESPECIFICA_O_DECISION_MANUAL,,,
,NOTAS_ENS_MEDIA,,,,,,,,,CELDAS_PENDIENTES,70.0,I162S3C114J2V1,REVISAR_NOTAS_ENS_MEDIA_SIN_FUENTE,REVISION_ESPECIFICA_O_DECISION_MANUAL,,,
,NOTAS_ENS_MEDIA,,,,,,,,,CELDAS_PENDIENTES,71.0,I162S3C115J2V1,REVISAR_NOTAS_ENS_MEDIA_SIN_FUENTE,REVISION_ESPECIFICA_O_DECISION_MANUAL,,,
,NOTAS_ENS_MEDIA,,,,,,,,,CELDAS_PENDIENTES,72.0,I162S3C91J2V1,REVISAR_NOTAS_ENS_MEDIA_SIN_FUENTE,REVISION_ESPECIFICA_O_DECISION_MANUAL,,,
,PROMEDIO_MIN_ENS_MEDIA,,,,,,,,,CELDAS_PENDIENTES,2.0,I162S2C101J4V1,REVISAR_PROMEDIO_MIN_ENS_MEDIA_SIN_FUENTE,REVISION_ESPECIFICA_O_DECISION_MANUAL,,,
,PROMEDIO_MIN_ENS_MEDIA,,,,,,,,,CELDAS_PENDIENTES,3.0,I162S2C102J4V1,REVISAR_PROMEDIO_MIN_ENS_MEDIA_SIN_FUENTE,REVISION_ESPECIFICA_O_DECISION_MANUAL,,,
,PROMEDIO_MIN_ENS_MEDIA,,,,,,,,,CELDAS_PENDIENTES,4.0,I162S2C103J4V1,REVISAR_PROMEDIO_MIN_ENS_MEDIA_SIN_FUENTE,REVISION_ESPECIFICA_O_DECISION_MANUAL,,,
,PROMEDIO_MIN_ENS_MEDIA,,,,,,,,,CELDAS_PENDIENTES,5.0,I162S2C104J4V1,REVISAR_PROMEDIO_MIN_ENS_MEDIA_SIN_FUENTE,REVISION_ESPECIFICA_O_DECISION_MANUAL,,,
,PROMEDIO_MIN_ENS_MEDIA,,,,,,,,,CELDAS_PENDIENTES,6.0,I162S2C105J4V1,REVISAR_PROMEDIO_MIN_ENS_MEDIA_SIN_FUENTE,REVISION_ESPECIFICA_O_DECISION_MANUAL,,,
,PROMEDIO_MIN_ENS_MEDIA,,,,,,,,,CELDAS_PENDIENTES,7.0,I162S2C10J1V1,REVISAR_PROMEDIO_MIN_ENS_MEDIA_SIN_FUENTE,REVISION_ESPECIFICA_O_DECISION_MANUAL,,,
,PROMEDIO_MIN_ENS_MEDIA,,,,,,,,,CELDAS_PENDIENTES,8.0,I162S2C10J4V1,REVISAR_PROMEDIO_MIN_ENS_MEDIA_SIN_FUENTE,REVISION_ESPECIFICA_O_DECISION_MANUAL,,,
,PROMEDIO_MIN_ENS_MEDIA,,,,,,,,,CELDAS_PENDIENTES,9.0,I162S2C111J4V1,REVISAR_PROMEDIO_MIN_ENS_MEDIA_SIN_FUENTE,REVISION_ESPECIFICA_O_DECISION_MANUAL,,,
,PROMEDIO_MIN_ENS_MEDIA,,,,,,,,,CELDAS_PENDIENTES,10.0,I162S2C111J4V2,REVISAR_PROMEDIO_MIN_ENS_MEDIA_SIN_FUENTE,REVISION_ESPECIFICA_O_DECISION_MANUAL,,,
,PROMEDIO_MIN_ENS_MEDIA,,,,,,,,,CELDAS_PENDIENTES,11.0,I162S2C112J4V1,REVISAR_PROMEDIO_MIN_ENS_MEDIA_SIN_FUENTE,REVISION_ESPECIFICA_O_DECISION_MANUAL,,,
,PROMEDIO_MIN_ENS_MEDIA,,,,,,,,,CELDAS_PENDIENTES,12.0,I162S2C112J4V2,REVISAR_PROMEDIO_MIN_ENS_MEDIA_SIN_FUENTE,REVISION_ESPECIFICA_O_DECISION_MANUAL,,,
,PROMEDIO_MIN_ENS_MEDIA,,,,,,,,,CELDAS_PENDIENTES,13.0,I162S2C113J4V1,REVISAR_PROMEDIO_MIN_ENS_MEDIA_SIN_FUENTE,REVISION_ESPECIFICA_O_DECISION_MANUAL,,,
,PROMEDIO_MIN_ENS_MEDIA,,,,,,,,,CELDAS_PENDIENTES,14.0,I162S2C113J4V2,REVISAR_PROMEDIO_MIN_ENS_MEDIA_SIN_FUENTE,REVISION_ESPECIFICA_O_DECISION_MANUAL,,,
,PROMEDIO_MIN_ENS_MEDIA,,,,,,,,,CELDAS_PENDIENTES,15.0,I162S2C114J2V1,REVISAR_PROMEDIO_MIN_ENS_MEDIA_SIN_FUENTE,REVISION_ESPECIFICA_O_DECISION_MANUAL,,,
,PROMEDIO_MIN_ENS_MEDIA,,,,,,,,,CELDAS_PENDIENTES,16.0,I162S2C115J2V1,REVISAR_PROMEDIO_MIN_ENS_MEDIA_SIN_FUENTE,REVISION_ESPECIFICA_O_DECISION_MANUAL,,,
,PROMEDIO_MIN_ENS_MEDIA,,,,,,,,,CELDAS_PENDIENTES,17.0,I162S2C116J4V1,REVISAR_PROMEDIO_MIN_ENS_MEDIA_SIN_FUENTE,REVISION_ESPECIFICA_O_DECISION_MANUAL,,,
,PROMEDIO_MIN_ENS_MEDIA,,,,,,,,,CELDAS_PENDIENTES,18.0,I162S2C117J4V1,REVISAR_PROMEDIO_MIN_ENS_MEDIA_SIN_FUENTE,REVISION_ESPECIFICA_O_DECISION_MANUAL,,,
,PROMEDIO_MIN_ENS_MEDIA,,,,,,,,,CELDAS_PENDIENTES,19.0,I162S2C118J4V1,REVISAR_PROMEDIO_MIN_ENS_MEDIA_SIN_FUENTE,REVISION_ESPECIFICA_O_DECISION_MANUAL,,,
,PROMEDIO_MIN_ENS_MEDIA,,,,,,,,,CELDAS_PENDIENTES,20.0,I162S2C119J4V1,REVISAR_PROMEDIO_MIN_ENS_MEDIA_SIN_FUENTE,REVISION_ESPECIFICA_O_DECISION_MANUAL,,,
,PROMEDIO_MIN_ENS_MEDIA,,,,,,,,,CELDAS_PENDIENTES,21.0,I162S2C124J4V1,REVISAR_PROMEDIO_MIN_ENS_MEDIA_SIN_FUENTE,REVISION_ESPECIFICA_O_DECISION_MANUAL,,,
,PROMEDIO_MIN_ENS_MEDIA,,,,,,,,,CELDAS_PENDIENTES,22.0,I162S2C124J4V2,REVISAR_PROMEDIO_MIN_ENS_MEDIA_SIN_FUENTE,REVISION_ESPECIFICA_O_DECISION_MANUAL,,,
,PROMEDIO_MIN_ENS_MEDIA,,,,,,,,,CELDAS_PENDIENTES,23.0,I162S2C125J4V1,REVISAR_PROMEDIO_MIN_ENS_MEDIA_SIN_FUENTE,REVISION_ESPECIFICA_O_DECISION_MANUAL,,,
,PROMEDIO_MIN_ENS_MEDIA,,,,,,,,,CELDAS_PENDIENTES,24.0,I162S2C125J4V2,REVISAR_PROMEDIO_MIN_ENS_MEDIA_SIN_FUENTE,REVISION_ESPECIFICA_O_DECISION_MANUAL,,,
,PROMEDIO_MIN_ENS_MEDIA,,,,,,,,,CELDAS_PENDIENTES,25.0,I162S2C13J1V1,REVISAR_PROMEDIO_MIN_ENS_MEDIA_SIN_FUENTE,REVISION_ESPECIFICA_O_DECISION_MANUAL,,,
,PROMEDIO_MIN_ENS_MEDIA,,,,,,,,,CELDAS_PENDIENTES,26.0,I162S2C13J2V1,REVISAR_PROMEDIO_MIN_ENS_MEDIA_SIN_FUENTE,REVISION_ESPECIFICA_O_DECISION_MANUAL,,,
,PROMEDIO_MIN_ENS_MEDIA,,,,,,,,,CELDAS_PENDIENTES,27.0,I162S2C1J2V2,REVISAR_PROMEDIO_MIN_ENS_MEDIA_SIN_FUENTE,REVISION_ESPECIFICA_O_DECISION_MANUAL,,,
,PROMEDIO_MIN_ENS_MEDIA,,,,,,,,,CELDAS_PENDIENTES,28.0,I162S2C1J4V3,REVISAR_PROMEDIO_MIN_ENS_MEDIA_SIN_FUENTE,REVISION_ESPECIFICA_O_DECISION_MANUAL,,,
,PROMEDIO_MIN_ENS_MEDIA,,,,,,,,,CELDAS_PENDIENTES,29.0,I162S2C21J1V1,REVISAR_PROMEDIO_MIN_ENS_MEDIA_SIN_FUENTE,REVISION_ESPECIFICA_O_DECISION_MANUAL,,,
,PROMEDIO_MIN_ENS_MEDIA,,,,,,,,,CELDAS_PENDIENTES,30.0,I162S2C21J2V1,REVISAR_PROMEDIO_MIN_ENS_MEDIA_SIN_FUENTE,REVISION_ESPECIFICA_O_DECISION_MANUAL,,,
,PROMEDIO_MIN_ENS_MEDIA,,,,,,,,,CELDAS_PENDIENTES,31.0,I162S2C23J1V1,REVISAR_PROMEDIO_MIN_ENS_MEDIA_SIN_FUENTE,REVISION_ESPECIFICA_O_DECISION_MANUAL,,,
,PROMEDIO_MIN_ENS_MEDIA,,,,,,,,,CELDAS_PENDIENTES,32.0,I162S2C23J2V1,REVISAR_PROMEDIO_MIN_ENS_MEDIA_SIN_FUENTE,REVISION_ESPECIFICA_O_DECISION_MANUAL,,,
,PROMEDIO_MIN_ENS_MEDIA,,,,,,,,,CELDAS_PENDIENTES,33.0,I162S2C24J1V1,REVISAR_PROMEDIO_MIN_ENS_MEDIA_SIN_FUENTE,REVISION_ESPECIFICA_O_DECISION_MANUAL,,,
,PROMEDIO_MIN_ENS_MEDIA,,,,,,,,,CELDAS_PENDIENTES,34.0,I162S2C24J2V1,REVISAR_PROMEDIO_MIN_ENS_MEDIA_SIN_FUENTE,REVISION_ESPECIFICA_O_DECISION_MANUAL,,,
,PROMEDIO_MIN_ENS_MEDIA,,,,,,,,,CELDAS_PENDIENTES,35.0,I162S2C2J1V2,REVISAR_PROMEDIO_MIN_ENS_MEDIA_SIN_FUENTE,REVISION_ESPECIFICA_O_DECISION_MANUAL,,,
,PROMEDIO_MIN_ENS_MEDIA,,,,,,,,,CELDAS_PENDIENTES,36.0,I162S2C2J2V2,REVISAR_PROMEDIO_MIN_ENS_MEDIA_SIN_FUENTE,REVISION_ESPECIFICA_O_DECISION_MANUAL,,,
,PROMEDIO_MIN_ENS_MEDIA,,,,,,,,,CELDAS_PENDIENTES,37.0,I162S2C2J4V2,REVISAR_PROMEDIO_MIN_ENS_MEDIA_SIN_FUENTE,REVISION_ESPECIFICA_O_DECISION_MANUAL,,,
,PROMEDIO_MIN_ENS_MEDIA,,,,,,,,,CELDAS_PENDIENTES,38.0,I162S2C35J1V2,REVISAR_PROMEDIO_MIN_ENS_MEDIA_SIN_FUENTE,REVISION_ESPECIFICA_O_DECISION_MANUAL,,,
,PROMEDIO_MIN_ENS_MEDIA,,,,,,,,,CELDAS_PENDIENTES,39.0,I162S2C35J2V2,REVISAR_PROMEDIO_MIN_ENS_MEDIA_SIN_FUENTE,REVISION_ESPECIFICA_O_DECISION_MANUAL,,,
,PROMEDIO_MIN_ENS_MEDIA,,,,,,,,,CELDAS_PENDIENTES,40.0,I162S2C35J4V2,REVISAR_PROMEDIO_MIN_ENS_MEDIA_SIN_FUENTE,REVISION_ESPECIFICA_O_DECISION_MANUAL,,,
,PROMEDIO_MIN_ENS_MEDIA,,,,,,,,,CELDAS_PENDIENTES,41.0,I162S2C3J2V2,REVISAR_PROMEDIO_MIN_ENS_MEDIA_SIN_FUENTE,REVISION_ESPECIFICA_O_DECISION_MANUAL,,,
,PROMEDIO_MIN_ENS_MEDIA,,,,,,,,,CELDAS_PENDIENTES,42.0,I162S2C40J2V1,REVISAR_PROMEDIO_MIN_ENS_MEDIA_SIN_FUENTE,REVISION_ESPECIFICA_O_DECISION_MANUAL,,,
,PROMEDIO_MIN_ENS_MEDIA,,,,,,,,,CELDAS_PENDIENTES,43.0,I162S2C41J2V1,REVISAR_PROMEDIO_MIN_ENS_MEDIA_SIN_FUENTE,REVISION_ESPECIFICA_O_DECISION_MANUAL,,,
,PROMEDIO_MIN_ENS_MEDIA,,,,,,,,,CELDAS_PENDIENTES,44.0,I162S2C53J3V1,REVISAR_PROMEDIO_MIN_ENS_MEDIA_SIN_FUENTE,REVISION_ESPECIFICA_O_DECISION_MANUAL,,,
,PROMEDIO_MIN_ENS_MEDIA,,,,,,,,,CELDAS_PENDIENTES,45.0,I162S2C63J4V1,REVISAR_PROMEDIO_MIN_ENS_MEDIA_SIN_FUENTE,REVISION_ESPECIFICA_O_DECISION_MANUAL,,,
,PROMEDIO_MIN_ENS_MEDIA,,,,,,,,,CELDAS_PENDIENTES,46.0,I162S2C64J4V1,REVISAR_PROMEDIO_MIN_ENS_MEDIA_SIN_FUENTE,REVISION_ESPECIFICA_O_DECISION_MANUAL,,,
,PROMEDIO_MIN_ENS_MEDIA,,,,,,,,,CELDAS_PENDIENTES,47.0,I162S2C65J4V1,REVISAR_PROMEDIO_MIN_ENS_MEDIA_SIN_FUENTE,REVISION_ESPECIFICA_O_DECISION_MANUAL,,,
,PROMEDIO_MIN_ENS_MEDIA,,,,,,,,,CELDAS_PENDIENTES,48.0,I162S2C66J4V1,REVISAR_PROMEDIO_MIN_ENS_MEDIA_SIN_FUENTE,REVISION_ESPECIFICA_O_DECISION_MANUAL,,,
,PROMEDIO_MIN_ENS_MEDIA,,,,,,,,,CELDAS_PENDIENTES,49.0,I162S2C67J4V1,REVISAR_PROMEDIO_MIN_ENS_MEDIA_SIN_FUENTE,REVISION_ESPECIFICA_O_DECISION_MANUAL,,,
,PROMEDIO_MIN_ENS_MEDIA,,,,,,,,,CELDAS_PENDIENTES,50.0,I162S2C68J4V1,REVISAR_PROMEDIO_MIN_ENS_MEDIA_SIN_FUENTE,REVISION_ESPECIFICA_O_DECISION_MANUAL,,,
,PROMEDIO_MIN_ENS_MEDIA,,,,,,,,,CELDAS_PENDIENTES,51.0,I162S2C69J4V1,REVISAR_PROMEDIO_MIN_ENS_MEDIA_SIN_FUENTE,REVISION_ESPECIFICA_O_DECISION_MANUAL,,,
,PROMEDIO_MIN_ENS_MEDIA,,,,,,,,,CELDAS_PENDIENTES,52.0,I162S2C6J1V1,REVISAR_PROMEDIO_MIN_ENS_MEDIA_SIN_FUENTE,REVISION_ESPECIFICA_O_DECISION_MANUAL,,,
,PROMEDIO_MIN_ENS_MEDIA,,,,,,,,,CELDAS_PENDIENTES,53.0,I162S2C6J2V1,REVISAR_PROMEDIO_MIN_ENS_MEDIA_SIN_FUENTE,REVISION_ESPECIFICA_O_DECISION_MANUAL,,,
,PROMEDIO_MIN_ENS_MEDIA,,,,,,,,,CELDAS_PENDIENTES,54.0,I162S2C6J4V1,REVISAR_PROMEDIO_MIN_ENS_MEDIA_SIN_FUENTE,REVISION_ESPECIFICA_O_DECISION_MANUAL,,,
,PROMEDIO_MIN_ENS_MEDIA,,,,,,,,,CELDAS_PENDIENTES,55.0,I162S2C70J4V1,REVISAR_PROMEDIO_MIN_ENS_MEDIA_SIN_FUENTE,REVISION_ESPECIFICA_O_DECISION_MANUAL,,,
,PROMEDIO_MIN_ENS_MEDIA,,,,,,,,,CELDAS_PENDIENTES,56.0,I162S2C71J4V1,REVISAR_PROMEDIO_MIN_ENS_MEDIA_SIN_FUENTE,REVISION_ESPECIFICA_O_DECISION_MANUAL,,,
,PROMEDIO_MIN_ENS_MEDIA,,,,,,,,,CELDAS_PENDIENTES,57.0,I162S2C76J4V2,REVISAR_PROMEDIO_MIN_ENS_MEDIA_SIN_FUENTE,REVISION_ESPECIFICA_O_DECISION_MANUAL,,,
,PROMEDIO_MIN_ENS_MEDIA,,,,,,,,,CELDAS_PENDIENTES,58.0,I162S2C77J4V2,REVISAR_PROMEDIO_MIN_ENS_MEDIA_SIN_FUENTE,REVISION_ESPECIFICA_O_DECISION_MANUAL,,,
,PROMEDIO_MIN_ENS_MEDIA,,,,,,,,,CELDAS_PENDIENTES,59.0,I162S2C83J4V2,REVISAR_PROMEDIO_MIN_ENS_MEDIA_SIN_FUENTE,REVISION_ESPECIFICA_O_DECISION_MANUAL,,,
,PROMEDIO_MIN_ENS_MEDIA,,,,,,,,,CELDAS_PENDIENTES,60.0,I162S2C86J4V2,REVISAR_PROMEDIO_MIN_ENS_MEDIA_SIN_FUENTE,REVISION_ESPECIFICA_O_DECISION_MANUAL,,,
,PROMEDIO_MIN_ENS_MEDIA,,,,,,,,,CELDAS_PENDIENTES,61.0,I162S2C87J4V2,REVISAR_PROMEDIO_MIN_ENS_MEDIA_SIN_FUENTE,REVISION_ESPECIFICA_O_DECISION_MANUAL,,,
,PROMEDIO_MIN_ENS_MEDIA,,,,,,,,,CELDAS_PENDIENTES,62.0,I162S2C88J4V2,REVISAR_PROMEDIO_MIN_ENS_MEDIA_SIN_FUENTE,REVISION_ESPECIFICA_O_DECISION_MANUAL,,,
,PROMEDIO_MIN_ENS_MEDIA,,,,,,,,,CELDAS_PENDIENTES,63.0,I162S2C90J2V1,REVISAR_PROMEDIO_MIN_ENS_MEDIA_SIN_FUENTE,REVISION_ESPECIFICA_O_DECISION_MANUAL,,,
,PROMEDIO_MIN_ENS_MEDIA,,,,,,,,,CELDAS_PENDIENTES,64.0,I162S2C90J2V2,REVISAR_PROMEDIO_MIN_ENS_MEDIA_SIN_FUENTE,REVISION_ESPECIFICA_O_DECISION_MANUAL,,,
,PROMEDIO_MIN_ENS_MEDIA,,,,,,,,,CELDAS_PENDIENTES,65.0,I162S2C95J4V1,REVISAR_PROMEDIO_MIN_ENS_MEDIA_SIN_FUENTE,REVISION_ESPECIFICA_O_DECISION_MANUAL,,,
,PROMEDIO_MIN_ENS_MEDIA,,,,,,,,,CELDAS_PENDIENTES,66.0,I162S2C96J4V1,REVISAR_PROMEDIO_MIN_ENS_MEDIA_SIN_FUENTE,REVISION_ESPECIFICA_O_DECISION_MANUAL,,,
,PROMEDIO_MIN_ENS_MEDIA,,,,,,,,,CELDAS_PENDIENTES,67.0,I162S2C97J4V1,REVISAR_PROMEDIO_MIN_ENS_MEDIA_SIN_FUENTE,REVISION_ESPECIFICA_O_DECISION_MANUAL,,,
,PROMEDIO_MIN_ENS_MEDIA,,,,,,,,,CELDAS_PENDIENTES,68.0,I162S2C98J4V1,REVISAR_PROMEDIO_MIN_ENS_MEDIA_SIN_FUENTE,REVISION_ESPECIFICA_O_DECISION_MANUAL,,,
,PROMEDIO_MIN_ENS_MEDIA,,,,,,,,,CELDAS_PENDIENTES,69.0,I162S2C99J4V1,REVISAR_PROMEDIO_MIN_ENS_MEDIA_SIN_FUENTE,REVISION_ESPECIFICA_O_DECISION_MANUAL,,,
,PROMEDIO_MIN_ENS_MEDIA,,,,,,,,,CELDAS_PENDIENTES,70.0,I162S3C114J2V1,REVISAR_PROMEDIO_MIN_ENS_MEDIA_SIN_FUENTE,REVISION_ESPECIFICA_O_DECISION_MANUAL,,,
,PROMEDIO_MIN_ENS_MEDIA,,,,,,,,,CELDAS_PENDIENTES,71.0,I162S3C115J2V1,REVISAR_PROMEDIO_MIN_ENS_MEDIA_SIN_FUENTE,REVISION_ESPECIFICA_O_DECISION_MANUAL,,,
,PROMEDIO_MIN_ENS_MEDIA,,,,,,,,,CELDAS_PENDIENTES,72.0,I162S3C91J2V1,REVISAR_PROMEDIO_MIN_ENS_MEDIA_SIN_FUENTE,REVISION_ESPECIFICA_O_DECISION_MANUAL,,,
,RECONOCIMIENTOS_APREN_PREVIOS,,,,,,,,,CELDAS_PENDIENTES,2.0,I162S2C101J4V1,REVISAR_RECONOCIMIENTOS_APREN_PREVIOS_SIN_FUENTE,REVISION_ESPECIFICA_O_DECISION_MANUAL,,,
,RECONOCIMIENTOS_APREN_PREVIOS,,,,,,,,,CELDAS_PENDIENTES,3.0,I162S2C102J4V1,REVISAR_RECONOCIMIENTOS_APREN_PREVIOS_SIN_FUENTE,REVISION_ESPECIFICA_O_DECISION_MANUAL,,,
,RECONOCIMIENTOS_APREN_PREVIOS,,,,,,,,,CELDAS_PENDIENTES,4.0,I162S2C103J4V1,REVISAR_RECONOCIMIENTOS_APREN_PREVIOS_SIN_FUENTE,REVISION_ESPECIFICA_O_DECISION_MANUAL,,,
,RECONOCIMIENTOS_APREN_PREVIOS,,,,,,,,,CELDAS_PENDIENTES,5.0,I162S2C104J4V1,REVISAR_RECONOCIMIENTOS_APREN_PREVIOS_SIN_FUENTE,REVISION_ESPECIFICA_O_DECISION_MANUAL,,,
,RECONOCIMIENTOS_APREN_PREVIOS,,,,,,,,,CELDAS_PENDIENTES,6.0,I162S2C105J4V1,REVISAR_RECONOCIMIENTOS_APREN_PREVIOS_SIN_FUENTE,REVISION_ESPECIFICA_O_DECISION_MANUAL,,,
,RECONOCIMIENTOS_APREN_PREVIOS,,,,,,,,,CELDAS_PENDIENTES,7.0,I162S2C10J1V1,REVISAR_RECONOCIMIENTOS_APREN_PREVIOS_SIN_FUENTE,REVISION_ESPECIFICA_O_DECISION_MANUAL,,,
,RECONOCIMIENTOS_APREN_PREVIOS,,,,,,,,,CELDAS_PENDIENTES,8.0,I162S2C10J4V1,REVISAR_RECONOCIMIENTOS_APREN_PREVIOS_SIN_FUENTE,REVISION_ESPECIFICA_O_DECISION_MANUAL,,,
,RECONOCIMIENTOS_APREN_PREVIOS,,,,,,,,,CELDAS_PENDIENTES,9.0,I162S2C111J4V1,REVISAR_RECONOCIMIENTOS_APREN_PREVIOS_SIN_FUENTE,REVISION_ESPECIFICA_O_DECISION_MANUAL,,,
,RECONOCIMIENTOS_APREN_PREVIOS,,,,,,,,,CELDAS_PENDIENTES,10.0,I162S2C111J4V2,REVISAR_RECONOCIMIENTOS_APREN_PREVIOS_SIN_FUENTE,REVISION_ESPECIFICA_O_DECISION_MANUAL,,,
,RECONOCIMIENTOS_APREN_PREVIOS,,,,,,,,,CELDAS_PENDIENTES,11.0,I162S2C112J4V1,REVISAR_RECONOCIMIENTOS_APREN_PREVIOS_SIN_FUENTE,REVISION_ESPECIFICA_O_DECISION_MANUAL,,,
,RECONOCIMIENTOS_APREN_PREVIOS,,,,,,,,,CELDAS_PENDIENTES,12.0,I162S2C112J4V2,REVISAR_RECONOCIMIENTOS_APREN_PREVIOS_SIN_FUENTE,REVISION_ESPECIFICA_O_DECISION_MANUAL,,,
,RECONOCIMIENTOS_APREN_PREVIOS,,,,,,,,,CELDAS_PENDIENTES,13.0,I162S2C113J4V1,REVISAR_RECONOCIMIENTOS_APREN_PREVIOS_SIN_FUENTE,REVISION_ESPECIFICA_O_DECISION_MANUAL,,,
,RECONOCIMIENTOS_APREN_PREVIOS,,,,,,,,,CELDAS_PENDIENTES,14.0,I162S2C113J4V2,REVISAR_RECONOCIMIENTOS_APREN_PREVIOS_SIN_FUENTE,REVISION_ESPECIFICA_O_DECISION_MANUAL,,,
,RECONOCIMIENTOS_APREN_PREVIOS,,,,,,,,,CELDAS_PENDIENTES,15.0,I162S2C114J2V1,REVISAR_RECONOCIMIENTOS_APREN_PREVIOS_SIN_FUENTE,REVISION_ESPECIFICA_O_DECISION_MANUAL,,,
,RECONOCIMIENTOS_APREN_PREVIOS,,,,,,,,,CELDAS_PENDIENTES,16.0,I162S2C115J2V1,REVISAR_RECONOCIMIENTOS_APREN_PREVIOS_SIN_FUENTE,REVISION_ESPECIFICA_O_DECISION_MANUAL,,,
,RECONOCIMIENTOS_APREN_PREVIOS,,,,,,,,,CELDAS_PENDIENTES,17.0,I162S2C116J4V1,REVISAR_RECONOCIMIENTOS_APREN_PREVIOS_SIN_FUENTE,REVISION_ESPECIFICA_O_DECISION_MANUAL,,,
,RECONOCIMIENTOS_APREN_PREVIOS,,,,,,,,,CELDAS_PENDIENTES,18.0,I162S2C117J4V1,REVISAR_RECONOCIMIENTOS_APREN_PREVIOS_SIN_FUENTE,REVISION_ESPECIFICA_O_DECISION_MANUAL,,,
,RECONOCIMIENTOS_APREN_PREVIOS,,,,,,,,,CELDAS_PENDIENTES,19.0,I162S2C118J4V1,REVISAR_RECONOCIMIENTOS_APREN_PREVIOS_SIN_FUENTE,REVISION_ESPECIFICA_O_DECISION_MANUAL,,,
,RECONOCIMIENTOS_APREN_PREVIOS,,,,,,,,,CELDAS_PENDIENTES,20.0,I162S2C119J4V1,REVISAR_RECONOCIMIENTOS_APREN_PREVIOS_SIN_FUENTE,REVISION_ESPECIFICA_O_DECISION_MANUAL,,,
,RECONOCIMIENTOS_APREN_PREVIOS,,,,,,,,,CELDAS_PENDIENTES,21.0,I162S2C124J4V1,REVISAR_RECONOCIMIENTOS_APREN_PREVIOS_SIN_FUENTE,REVISION_ESPECIFICA_O_DECISION_MANUAL,,,
,RECONOCIMIENTOS_APREN_PREVIOS,,,,,,,,,CELDAS_PENDIENTES,22.0,I162S2C124J4V2,REVISAR_RECONOCIMIENTOS_APREN_PREVIOS_SIN_FUENTE,REVISION_ESPECIFICA_O_DECISION_MANUAL,,,
,RECONOCIMIENTOS_APREN_PREVIOS,,,,,,,,,CELDAS_PENDIENTES,23.0,I162S2C125J4V1,REVISAR_RECONOCIMIENTOS_APREN_PREVIOS_SIN_FUENTE,REVISION_ESPECIFICA_O_DECISION_MANUAL,,,
,RECONOCIMIENTOS_APREN_PREVIOS,,,,,,,,,CELDAS_PENDIENTES,24.0,I162S2C125J4V2,REVISAR_RECONOCIMIENTOS_APREN_PREVIOS_SIN_FUENTE,REVISION_ESPECIFICA_O_DECISION_MANUAL,,,
,RECONOCIMIENTOS_APREN_PREVIOS,,,,,,,,,CELDAS_PENDIENTES,25.0,I162S2C13J1V1,REVISAR_RECONOCIMIENTOS_APREN_PREVIOS_SIN_FUENTE,REVISION_ESPECIFICA_O_DECISION_MANUAL,,,
,RECONOCIMIENTOS_APREN_PREVIOS,,,,,,,,,CELDAS_PENDIENTES,26.0,I162S2C13J2V1,REVISAR_RECONOCIMIENTOS_APREN_PREVIOS_SIN_FUENTE,REVISION_ESPECIFICA_O_DECISION_MANUAL,,,
,RECONOCIMIENTOS_APREN_PREVIOS,,,,,,,,,CELDAS_PENDIENTES,27.0,I162S2C1J2V2,REVISAR_RECONOCIMIENTOS_APREN_PREVIOS_SIN_FUENTE,REVISION_ESPECIFICA_O_DECISION_MANUAL,,,
,RECONOCIMIENTOS_APREN_PREVIOS,,,,,,,,,CELDAS_PENDIENTES,28.0,I162S2C1J4V3,REVISAR_RECONOCIMIENTOS_APREN_PREVIOS_SIN_FUENTE,REVISION_ESPECIFICA_O_DECISION_MANUAL,,,
,RECONOCIMIENTOS_APREN_PREVIOS,,,,,,,,,CELDAS_PENDIENTES,29.0,I162S2C21J1V1,REVISAR_RECONOCIMIENTOS_APREN_PREVIOS_SIN_FUENTE,REVISION_ESPECIFICA_O_DECISION_MANUAL,,,
,RECONOCIMIENTOS_APREN_PREVIOS,,,,,,,,,CELDAS_PENDIENTES,30.0,I162S2C21J2V1,REVISAR_RECONOCIMIENTOS_APREN_PREVIOS_SIN_FUENTE,REVISION_ESPECIFICA_O_DECISION_MANUAL,,,
,RECONOCIMIENTOS_APREN_PREVIOS,,,,,,,,,CELDAS_PENDIENTES,31.0,I162S2C23J1V1,REVISAR_RECONOCIMIENTOS_APREN_PREVIOS_SIN_FUENTE,REVISION_ESPECIFICA_O_DECISION_MANUAL,,,
,RECONOCIMIENTOS_APREN_PREVIOS,,,,,,,,,CELDAS_PENDIENTES,32.0,I162S2C23J2V1,REVISAR_RECONOCIMIENTOS_APREN_PREVIOS_SIN_FUENTE,REVISION_ESPECIFICA_O_DECISION_MANUAL,,,
,RECONOCIMIENTOS_APREN_PREVIOS,,,,,,,,,CELDAS_PENDIENTES,33.0,I162S2C24J1V1,REVISAR_RECONOCIMIENTOS_APREN_PREVIOS_SIN_FUENTE,REVISION_ESPECIFICA_O_DECISION_MANUAL,,,
,RECONOCIMIENTOS_APREN_PREVIOS,,,,,,,,,CELDAS_PENDIENTES,34.0,I162S2C24J2V1,REVISAR_RECONOCIMIENTOS_APREN_PREVIOS_SIN_FUENTE,REVISION_ESPECIFICA_O_DECISION_MANUAL,,,
,RECONOCIMIENTOS_APREN_PREVIOS,,,,,,,,,CELDAS_PENDIENTES,35.0,I162S2C2J1V2,REVISAR_RECONOCIMIENTOS_APREN_PREVIOS_SIN_FUENTE,REVISION_ESPECIFICA_O_DECISION_MANUAL,,,
,RECONOCIMIENTOS_APREN_PREVIOS,,,,,,,,,CELDAS_PENDIENTES,36.0,I162S2C2J2V2,REVISAR_RECONOCIMIENTOS_APREN_PREVIOS_SIN_FUENTE,REVISION_ESPECIFICA_O_DECISION_MANUAL,,,
,RECONOCIMIENTOS_APREN_PREVIOS,,,,,,,,,CELDAS_PENDIENTES,37.0,I162S2C2J4V2,REVISAR_RECONOCIMIENTOS_APREN_PREVIOS_SIN_FUENTE,REVISION_ESPECIFICA_O_DECISION_MANUAL,,,
,RECONOCIMIENTOS_APREN_PREVIOS,,,,,,,,,CELDAS_PENDIENTES,38.0,I162S2C35J1V2,REVISAR_RECONOCIMIENTOS_APREN_PREVIOS_SIN_FUENTE,REVISION_ESPECIFICA_O_DECISION_MANUAL,,,
,RECONOCIMIENTOS_APREN_PREVIOS,,,,,,,,,CELDAS_PENDIENTES,39.0,I162S2C35J2V2,REVISAR_RECONOCIMIENTOS_APREN_PREVIOS_SIN_FUENTE,REVISION_ESPECIFICA_O_DECISION_MANUAL,,,
,RECONOCIMIENTOS_APREN_PREVIOS,,,,,,,,,CELDAS_PENDIENTES,40.0,I162S2C35J4V2,REVISAR_RECONOCIMIENTOS_APREN_PREVIOS_SIN_FUENTE,REVISION_ESPECIFICA_O_DECISION_MANUAL,,,
,RECONOCIMIENTOS_APREN_PREVIOS,,,,,,,,,CELDAS_PENDIENTES,41.0,I162S2C3J2V2,REVISAR_RECONOCIMIENTOS_APREN_PREVIOS_SIN_FUENTE,REVISION_ESPECIFICA_O_DECISION_MANUAL,,,
,RECONOCIMIENTOS_APREN_PREVIOS,,,,,,,,,CELDAS_PENDIENTES,42.0,I162S2C40J2V1,REVISAR_RECONOCIMIENTOS_APREN_PREVIOS_SIN_FUENTE,REVISION_ESPECIFICA_O_DECISION_MANUAL,,,
,RECONOCIMIENTOS_APREN_PREVIOS,,,,,,,,,CELDAS_PENDIENTES,43.0,I162S2C41J2V1,REVISAR_RECONOCIMIENTOS_APREN_PREVIOS_SIN_FUENTE,REVISION_ESPECIFICA_O_DECISION_MANUAL,,,
,RECONOCIMIENTOS_APREN_PREVIOS,,,,,,,,,CELDAS_PENDIENTES,44.0,I162S2C53J3V1,REVISAR_RECONOCIMIENTOS_APREN_PREVIOS_SIN_FUENTE,REVISION_ESPECIFICA_O_DECISION_MANUAL,,,
,RECONOCIMIENTOS_APREN_PREVIOS,,,,,,,,,CELDAS_PENDIENTES,45.0,I162S2C63J4V1,REVISAR_RECONOCIMIENTOS_APREN_PREVIOS_SIN_FUENTE,REVISION_ESPECIFICA_O_DECISION_MANUAL,,,
,RECONOCIMIENTOS_APREN_PREVIOS,,,,,,,,,CELDAS_PENDIENTES,46.0,I162S2C64J4V1,REVISAR_RECONOCIMIENTOS_APREN_PREVIOS_SIN_FUENTE,REVISION_ESPECIFICA_O_DECISION_MANUAL,,,
,RECONOCIMIENTOS_APREN_PREVIOS,,,,,,,,,CELDAS_PENDIENTES,47.0,I162S2C65J4V1,REVISAR_RECONOCIMIENTOS_APREN_PREVIOS_SIN_FUENTE,REVISION_ESPECIFICA_O_DECISION_MANUAL,,,
,RECONOCIMIENTOS_APREN_PREVIOS,,,,,,,,,CELDAS_PENDIENTES,48.0,I162S2C66J4V1,REVISAR_RECONOCIMIENTOS_APREN_PREVIOS_SIN_FUENTE,REVISION_ESPECIFICA_O_DECISION_MANUAL,,,
,RECONOCIMIENTOS_APREN_PREVIOS,,,,,,,,,CELDAS_PENDIENTES,49.0,I162S2C67J4V1,REVISAR_RECONOCIMIENTOS_APREN_PREVIOS_SIN_FUENTE,REVISION_ESPECIFICA_O_DECISION_MANUAL,,,
,RECONOCIMIENTOS_APREN_PREVIOS,,,,,,,,,CELDAS_PENDIENTES,50.0,I162S2C68J4V1,REVISAR_RECONOCIMIENTOS_APREN_PREVIOS_SIN_FUENTE,REVISION_ESPECIFICA_O_DECISION_MANUAL,,,
,RECONOCIMIENTOS_APREN_PREVIOS,,,,,,,,,CELDAS_PENDIENTES,51.0,I162S2C69J4V1,REVISAR_RECONOCIMIENTOS_APREN_PREVIOS_SIN_FUENTE,REVISION_ESPECIFICA_O_DECISION_MANUAL,,,
,RECONOCIMIENTOS_APREN_PREVIOS,,,,,,,,,CELDAS_PENDIENTES,52.0,I162S2C6J1V1,REVISAR_RECONOCIMIENTOS_APREN_PREVIOS_SIN_FUENTE,REVISION_ESPECIFICA_O_DECISION_MANUAL,,,
,RECONOCIMIENTOS_APREN_PREVIOS,,,,,,,,,CELDAS_PENDIENTES,53.0,I162S2C6J2V1,REVISAR_RECONOCIMIENTOS_APREN_PREVIOS_SIN_FUENTE,REVISION_ESPECIFICA_O_DECISION_MANUAL,,,
,RECONOCIMIENTOS_APREN_PREVIOS,,,,,,,,,CELDAS_PENDIENTES,54.0,I162S2C6J4V1,REVISAR_RECONOCIMIENTOS_APREN_PREVIOS_SIN_FUENTE,REVISION_ESPECIFICA_O_DECISION_MANUAL,,,
,RECONOCIMIENTOS_APREN_PREVIOS,,,,,,,,,CELDAS_PENDIENTES,55.0,I162S2C70J4V1,REVISAR_RECONOCIMIENTOS_APREN_PREVIOS_SIN_FUENTE,REVISION_ESPECIFICA_O_DECISION_MANUAL,,,
,RECONOCIMIENTOS_APREN_PREVIOS,,,,,,,,,CELDAS_PENDIENTES,56.0,I162S2C71J4V1,REVISAR_RECONOCIMIENTOS_APREN_PREVIOS_SIN_FUENTE,REVISION_ESPECIFICA_O_DECISION_MANUAL,,,
,RECONOCIMIENTOS_APREN_PREVIOS,,,,,,,,,CELDAS_PENDIENTES,57.0,I162S2C76J4V2,REVISAR_RECONOCIMIENTOS_APREN_PREVIOS_SIN_FUENTE,REVISION_ESPECIFICA_O_DECISION_MANUAL,,,
,RECONOCIMIENTOS_APREN_PREVIOS,,,,,,,,,CELDAS_PENDIENTES,58.0,I162S2C77J4V2,REVISAR_RECONOCIMIENTOS_APREN_PREVIOS_SIN_FUENTE,REVISION_ESPECIFICA_O_DECISION_MANUAL,,,
,RECONOCIMIENTOS_APREN_PREVIOS,,,,,,,,,CELDAS_PENDIENTES,59.0,I162S2C83J4V2,REVISAR_RECONOCIMIENTOS_APREN_PREVIOS_SIN_FUENTE,REVISION_ESPECIFICA_O_DECISION_MANUAL,,,
,RECONOCIMIENTOS_APREN_PREVIOS,,,,,,,,,CELDAS_PENDIENTES,60.0,I162S2C86J4V2,REVISAR_RECONOCIMIENTOS_APREN_PREVIOS_SIN_FUENTE,REVISION_ESPECIFICA_O_DECISION_MANUAL,,,
,RECONOCIMIENTOS_APREN_PREVIOS,,,,,,,,,CELDAS_PENDIENTES,61.0,I162S2C87J4V2,REVISAR_RECONOCIMIENTOS_APREN_PREVIOS_SIN_FUENTE,REVISION_ESPECIFICA_O_DECISION_MANUAL,,,
,RECONOCIMIENTOS_APREN_PREVIOS,,,,,,,,,CELDAS_PENDIENTES,62.0,I162S2C88J4V2,REVISAR_RECONOCIMIENTOS_APREN_PREVIOS_SIN_FUENTE,REVISION_ESPECIFICA_O_DECISION_MANUAL,,,
,RECONOCIMIENTOS_APREN_PREVIOS,,,,,,,,,CELDAS_PENDIENTES,63.0,I162S2C90J2V1,REVISAR_RECONOCIMIENTOS_APREN_PREVIOS_SIN_FUENTE,REVISION_ESPECIFICA_O_DECISION_MANUAL,,,
,RECONOCIMIENTOS_APREN_PREVIOS,,,,,,,,,CELDAS_PENDIENTES,64.0,I162S2C90J2V2,REVISAR_RECONOCIMIENTOS_APREN_PREVIOS_SIN_FUENTE,REVISION_ESPECIFICA_O_DECISION_MANUAL,,,
,RECONOCIMIENTOS_APREN_PREVIOS,,,,,,,,,CELDAS_PENDIENTES,65.0,I162S2C95J4V1,REVISAR_RECONOCIMIENTOS_APREN_PREVIOS_SIN_FUENTE,REVISION_ESPECIFICA_O_DECISION_MANUAL,,,
,RECONOCIMIENTOS_APREN_PREVIOS,,,,,,,,,CELDAS_PENDIENTES,66.0,I162S2C96J4V1,REVISAR_RECONOCIMIENTOS_APREN_PREVIOS_SIN_FUENTE,REVISION_ESPECIFICA_O_DECISION_MANUAL,,,
,RECONOCIMIENTOS_APREN_PREVIOS,,,,,,,,,CELDAS_PENDIENTES,67.0,I162S2C97J4V1,REVISAR_RECONOCIMIENTOS_APREN_PREVIOS_SIN_FUENTE,REVISION_ESPECIFICA_O_DECISION_MANUAL,,,
,RECONOCIMIENTOS_APREN_PREVIOS,,,,,,,,,CELDAS_PENDIENTES,68.0,I162S2C98J4V1,REVISAR_RECONOCIMIENTOS_APREN_PREVIOS_SIN_FUENTE,REVISION_ESPECIFICA_O_DECISION_MANUAL,,,
,RECONOCIMIENTOS_APREN_PREVIOS,,,,,,,,,CELDAS_PENDIENTES,69.0,I162S2C99J4V1,REVISAR_RECONOCIMIENTOS_APREN_PREVIOS_SIN_FUENTE,REVISION_ESPECIFICA_O_DECISION_MANUAL,,,
,RECONOCIMIENTOS_APREN_PREVIOS,,,,,,,,,CELDAS_PENDIENTES,70.0,I162S3C114J2V1,REVISAR_RECONOCIMIENTOS_APREN_PREVIOS_SIN_FUENTE,REVISION_ESPECIFICA_O_DECISION_MANUAL,,,
,RECONOCIMIENTOS_APREN_PREVIOS,,,,,,,,,CELDAS_PENDIENTES,71.0,I162S3C115J2V1,REVISAR_RECONOCIMIENTOS_APREN_PREVIOS_SIN_FUENTE,REVISION_ESPECIFICA_O_DECISION_MANUAL,,,
,RECONOCIMIENTOS_APREN_PREVIOS,,,,,,,,,CELDAS_PENDIENTES,72.0,I162S3C91J2V1,REVISAR_RECONOCIMIENTOS_APREN_PREVIOS_SIN_FUENTE,REVISION_ESPECIFICA_O_DECISION_MANUAL,,,
,EXPERIENCIA_LABORAL,,,,,,,,,CELDAS_PENDIENTES,2.0,I162S2C101J4V1,REVISAR_EXPERIENCIA_LABORAL_SIN_FUENTE,REVISION_ESPECIFICA_O_DECISION_MANUAL,,,
,EXPERIENCIA_LABORAL,,,,,,,,,CELDAS_PENDIENTES,3.0,I162S2C102J4V1,REVISAR_EXPERIENCIA_LABORAL_SIN_FUENTE,REVISION_ESPECIFICA_O_DECISION_MANUAL,,,
,EXPERIENCIA_LABORAL,,,,,,,,,CELDAS_PENDIENTES,4.0,I162S2C103J4V1,REVISAR_EXPERIENCIA_LABORAL_SIN_FUENTE,REVISION_ESPECIFICA_O_DECISION_MANUAL,,,
,EXPERIENCIA_LABORAL,,,,,,,,,CELDAS_PENDIENTES,5.0,I162S2C104J4V1,REVISAR_EXPERIENCIA_LABORAL_SIN_FUENTE,REVISION_ESPECIFICA_O_DECISION_MANUAL,,,
,EXPERIENCIA_LABORAL,,,,,,,,,CELDAS_PENDIENTES,6.0,I162S2C105J4V1,REVISAR_EXPERIENCIA_LABORAL_SIN_FUENTE,REVISION_ESPECIFICA_O_DECISION_MANUAL,,,
,EXPERIENCIA_LABORAL,,,,,,,,,CELDAS_PENDIENTES,7.0,I162S2C10J1V1,REVISAR_EXPERIENCIA_LABORAL_SIN_FUENTE,REVISION_ESPECIFICA_O_DECISION_MANUAL,,,
,EXPERIENCIA_LABORAL,,,,,,,,,CELDAS_PENDIENTES,8.0,I162S2C10J4V1,REVISAR_EXPERIENCIA_LABORAL_SIN_FUENTE,REVISION_ESPECIFICA_O_DECISION_MANUAL,,,
,EXPERIENCIA_LABORAL,,,,,,,,,CELDAS_PENDIENTES,9.0,I162S2C111J4V1,REVISAR_EXPERIENCIA_LABORAL_SIN_FUENTE,REVISION_ESPECIFICA_O_DECISION_MANUAL,,,
,EXPERIENCIA_LABORAL,,,,,,,,,CELDAS_PENDIENTES,10.0,I162S2C111J4V2,REVISAR_EXPERIENCIA_LABORAL_SIN_FUENTE,REVISION_ESPECIFICA_O_DECISION_MANUAL,,,
,EXPERIENCIA_LABORAL,,,,,,,,,CELDAS_PENDIENTES,11.0,I162S2C112J4V1,REVISAR_EXPERIENCIA_LABORAL_SIN_FUENTE,REVISION_ESPECIFICA_O_DECISION_MANUAL,,,
,EXPERIENCIA_LABORAL,,,,,,,,,CELDAS_PENDIENTES,12.0,I162S2C112J4V2,REVISAR_EXPERIENCIA_LABORAL_SIN_FUENTE,REVISION_ESPECIFICA_O_DECISION_MANUAL,,,
,EXPERIENCIA_LABORAL,,,,,,,,,CELDAS_PENDIENTES,13.0,I162S2C113J4V1,REVISAR_EXPERIENCIA_LABORAL_SIN_FUENTE,REVISION_ESPECIFICA_O_DECISION_MANUAL,,,
,EXPERIENCIA_LABORAL,,,,,,,,,CELDAS_PENDIENTES,14.0,I162S2C113J4V2,REVISAR_EXPERIENCIA_LABORAL_SIN_FUENTE,REVISION_ESPECIFICA_O_DECISION_MANUAL,,,
,EXPERIENCIA_LABORAL,,,,,,,,,CELDAS_PENDIENTES,15.0,I162S2C114J2V1,REVISAR_EXPERIENCIA_LABORAL_SIN_FUENTE,REVISION_ESPECIFICA_O_DECISION_MANUAL,,,
,EXPERIENCIA_LABORAL,,,,,,,,,CELDAS_PENDIENTES,16.0,I162S2C115J2V1,REVISAR_EXPERIENCIA_LABORAL_SIN_FUENTE,REVISION_ESPECIFICA_O_DECISION_MANUAL,,,
,EXPERIENCIA_LABORAL,,,,,,,,,CELDAS_PENDIENTES,17.0,I162S2C116J4V1,REVISAR_EXPERIENCIA_LABORAL_SIN_FUENTE,REVISION_ESPECIFICA_O_DECISION_MANUAL,,,
,EXPERIENCIA_LABORAL,,,,,,,,,CELDAS_PENDIENTES,18.0,I162S2C117J4V1,REVISAR_EXPERIENCIA_LABORAL_SIN_FUENTE,REVISION_ESPECIFICA_O_DECISION_MANUAL,,,
,EXPERIENCIA_LABORAL,,,,,,,,,CELDAS_PENDIENTES,19.0,I162S2C118J4V1,REVISAR_EXPERIENCIA_LABORAL_SIN_FUENTE,REVISION_ESPECIFICA_O_DECISION_MANUAL,,,
,EXPERIENCIA_LABORAL,,,,,,,,,CELDAS_PENDIENTES,20.0,I162S2C119J4V1,REVISAR_EXPERIENCIA_LABORAL_SIN_FUENTE,REVISION_ESPECIFICA_O_DECISION_MANUAL,,,
,EXPERIENCIA_LABORAL,,,,,,,,,CELDAS_PENDIENTES,21.0,I162S2C124J4V1,REVISAR_EXPERIENCIA_LABORAL_SIN_FUENTE,REVISION_ESPECIFICA_O_DECISION_MANUAL,,,
,EXPERIENCIA_LABORAL,,,,,,,,,CELDAS_PENDIENTES,22.0,I162S2C124J4V2,REVISAR_EXPERIENCIA_LABORAL_SIN_FUENTE,REVISION_ESPECIFICA_O_DECISION_MANUAL,,,
,EXPERIENCIA_LABORAL,,,,,,,,,CELDAS_PENDIENTES,23.0,I162S2C125J4V1,REVISAR_EXPERIENCIA_LABORAL_SIN_FUENTE,REVISION_ESPECIFICA_O_DECISION_MANUAL,,,
,EXPERIENCIA_LABORAL,,,,,,,,,CELDAS_PENDIENTES,24.0,I162S2C125J4V2,REVISAR_EXPERIENCIA_LABORAL_SIN_FUENTE,REVISION_ESPECIFICA_O_DECISION_MANUAL,,,
,EXPERIENCIA_LABORAL,,,,,,,,,CELDAS_PENDIENTES,25.0,I162S2C13J1V1,REVISAR_EXPERIENCIA_LABORAL_SIN_FUENTE,REVISION_ESPECIFICA_O_DECISION_MANUAL,,,
,EXPERIENCIA_LABORAL,,,,,,,,,CELDAS_PENDIENTES,26.0,I162S2C13J2V1,REVISAR_EXPERIENCIA_LABORAL_SIN_FUENTE,REVISION_ESPECIFICA_O_DECISION_MANUAL,,,
,EXPERIENCIA_LABORAL,,,,,,,,,CELDAS_PENDIENTES,27.0,I162S2C1J2V2,REVISAR_EXPERIENCIA_LABORAL_SIN_FUENTE,REVISION_ESPECIFICA_O_DECISION_MANUAL,,,
,EXPERIENCIA_LABORAL,,,,,,,,,CELDAS_PENDIENTES,28.0,I162S2C1J4V3,REVISAR_EXPERIENCIA_LABORAL_SIN_FUENTE,REVISION_ESPECIFICA_O_DECISION_MANUAL,,,
,EXPERIENCIA_LABORAL,,,,,,,,,CELDAS_PENDIENTES,29.0,I162S2C21J1V1,REVISAR_EXPERIENCIA_LABORAL_SIN_FUENTE,REVISION_ESPECIFICA_O_DECISION_MANUAL,,,
,EXPERIENCIA_LABORAL,,,,,,,,,CELDAS_PENDIENTES,30.0,I162S2C21J2V1,REVISAR_EXPERIENCIA_LABORAL_SIN_FUENTE,REVISION_ESPECIFICA_O_DECISION_MANUAL,,,
,EXPERIENCIA_LABORAL,,,,,,,,,CELDAS_PENDIENTES,31.0,I162S2C23J1V1,REVISAR_EXPERIENCIA_LABORAL_SIN_FUENTE,REVISION_ESPECIFICA_O_DECISION_MANUAL,,,
,EXPERIENCIA_LABORAL,,,,,,,,,CELDAS_PENDIENTES,32.0,I162S2C23J2V1,REVISAR_EXPERIENCIA_LABORAL_SIN_FUENTE,REVISION_ESPECIFICA_O_DECISION_MANUAL,,,
,EXPERIENCIA_LABORAL,,,,,,,,,CELDAS_PENDIENTES,33.0,I162S2C24J1V1,REVISAR_EXPERIENCIA_LABORAL_SIN_FUENTE,REVISION_ESPECIFICA_O_DECISION_MANUAL,,,
,EXPERIENCIA_LABORAL,,,,,,,,,CELDAS_PENDIENTES,34.0,I162S2C24J2V1,REVISAR_EXPERIENCIA_LABORAL_SIN_FUENTE,REVISION_ESPECIFICA_O_DECISION_MANUAL,,,
,EXPERIENCIA_LABORAL,,,,,,,,,CELDAS_PENDIENTES,35.0,I162S2C2J1V2,REVISAR_EXPERIENCIA_LABORAL_SIN_FUENTE,REVISION_ESPECIFICA_O_DECISION_MANUAL,,,
,EXPERIENCIA_LABORAL,,,,,,,,,CELDAS_PENDIENTES,36.0,I162S2C2J2V2,REVISAR_EXPERIENCIA_LABORAL_SIN_FUENTE,REVISION_ESPECIFICA_O_DECISION_MANUAL,,,
,EXPERIENCIA_LABORAL,,,,,,,,,CELDAS_PENDIENTES,37.0,I162S2C2J4V2,REVISAR_EXPERIENCIA_LABORAL_SIN_FUENTE,REVISION_ESPECIFICA_O_DECISION_MANUAL,,,
,EXPERIENCIA_LABORAL,,,,,,,,,CELDAS_PENDIENTES,38.0,I162S2C35J1V2,REVISAR_EXPERIENCIA_LABORAL_SIN_FUENTE,REVISION_ESPECIFICA_O_DECISION_MANUAL,,,
,EXPERIENCIA_LABORAL,,,,,,,,,CELDAS_PENDIENTES,39.0,I162S2C35J2V2,REVISAR_EXPERIENCIA_LABORAL_SIN_FUENTE,REVISION_ESPECIFICA_O_DECISION_MANUAL,,,
,EXPERIENCIA_LABORAL,,,,,,,,,CELDAS_PENDIENTES,40.0,I162S2C35J4V2,REVISAR_EXPERIENCIA_LABORAL_SIN_FUENTE,REVISION_ESPECIFICA_O_DECISION_MANUAL,,,
,EXPERIENCIA_LABORAL,,,,,,,,,CELDAS_PENDIENTES,41.0,I162S2C3J2V2,REVISAR_EXPERIENCIA_LABORAL_SIN_FUENTE,REVISION_ESPECIFICA_O_DECISION_MANUAL,,,
,EXPERIENCIA_LABORAL,,,,,,,,,CELDAS_PENDIENTES,42.0,I162S2C40J2V1,REVISAR_EXPERIENCIA_LABORAL_SIN_FUENTE,REVISION_ESPECIFICA_O_DECISION_MANUAL,,,
,EXPERIENCIA_LABORAL,,,,,,,,,CELDAS_PENDIENTES,43.0,I162S2C41J2V1,REVISAR_EXPERIENCIA_LABORAL_SIN_FUENTE,REVISION_ESPECIFICA_O_DECISION_MANUAL,,,
,EXPERIENCIA_LABORAL,,,,,,,,,CELDAS_PENDIENTES,44.0,I162S2C53J3V1,REVISAR_EXPERIENCIA_LABORAL_SIN_FUENTE,REVISION_ESPECIFICA_O_DECISION_MANUAL,,,
,EXPERIENCIA_LABORAL,,,,,,,,,CELDAS_PENDIENTES,45.0,I162S2C63J4V1,REVISAR_EXPERIENCIA_LABORAL_SIN_FUENTE,REVISION_ESPECIFICA_O_DECISION_MANUAL,,,
,EXPERIENCIA_LABORAL,,,,,,,,,CELDAS_PENDIENTES,46.0,I162S2C64J4V1,REVISAR_EXPERIENCIA_LABORAL_SIN_FUENTE,REVISION_ESPECIFICA_O_DECISION_MANUAL,,,
,EXPERIENCIA_LABORAL,,,,,,,,,CELDAS_PENDIENTES,47.0,I162S2C65J4V1,REVISAR_EXPERIENCIA_LABORAL_SIN_FUENTE,REVISION_ESPECIFICA_O_DECISION_MANUAL,,,
,EXPERIENCIA_LABORAL,,,,,,,,,CELDAS_PENDIENTES,48.0,I162S2C66J4V1,REVISAR_EXPERIENCIA_LABORAL_SIN_FUENTE,REVISION_ESPECIFICA_O_DECISION_MANUAL,,,
,EXPERIENCIA_LABORAL,,,,,,,,,CELDAS_PENDIENTES,49.0,I162S2C67J4V1,REVISAR_EXPERIENCIA_LABORAL_SIN_FUENTE,REVISION_ESPECIFICA_O_DECISION_MANUAL,,,
,EXPERIENCIA_LABORAL,,,,,,,,,CELDAS_PENDIENTES,50.0,I162S2C68J4V1,REVISAR_EXPERIENCIA_LABORAL_SIN_FUENTE,REVISION_ESPECIFICA_O_DECISION_MANUAL,,,
,EXPERIENCIA_LABORAL,,,,,,,,,CELDAS_PENDIENTES,51.0,I162S2C69J4V1,REVISAR_EXPERIENCIA_LABORAL_SIN_FUENTE,REVISION_ESPECIFICA_O_DECISION_MANUAL,,,
,EXPERIENCIA_LABORAL,,,,,,,,,CELDAS_PENDIENTES,52.0,I162S2C6J1V1,REVISAR_EXPERIENCIA_LABORAL_SIN_FUENTE,REVISION_ESPECIFICA_O_DECISION_MANUAL,,,
,EXPERIENCIA_LABORAL,,,,,,,,,CELDAS_PENDIENTES,53.0,I162S2C6J2V1,REVISAR_EXPERIENCIA_LABORAL_SIN_FUENTE,REVISION_ESPECIFICA_O_DECISION_MANUAL,,,
,EXPERIENCIA_LABORAL,,,,,,,,,CELDAS_PENDIENTES,54.0,I162S2C6J4V1,REVISAR_EXPERIENCIA_LABORAL_SIN_FUENTE,REVISION_ESPECIFICA_O_DECISION_MANUAL,,,
,EXPERIENCIA_LABORAL,,,,,,,,,CELDAS_PENDIENTES,55.0,I162S2C70J4V1,REVISAR_EXPERIENCIA_LABORAL_SIN_FUENTE,REVISION_ESPECIFICA_O_DECISION_MANUAL,,,
,EXPERIENCIA_LABORAL,,,,,,,,,CELDAS_PENDIENTES,56.0,I162S2C71J4V1,REVISAR_EXPERIENCIA_LABORAL_SIN_FUENTE,REVISION_ESPECIFICA_O_DECISION_MANUAL,,,
,EXPERIENCIA_LABORAL,,,,,,,,,CELDAS_PENDIENTES,57.0,I162S2C76J4V2,REVISAR_EXPERIENCIA_LABORAL_SIN_FUENTE,REVISION_ESPECIFICA_O_DECISION_MANUAL,,,
,EXPERIENCIA_LABORAL,,,,,,,,,CELDAS_PENDIENTES,58.0,I162S2C77J4V2,REVISAR_EXPERIENCIA_LABORAL_SIN_FUENTE,REVISION_ESPECIFICA_O_DECISION_MANUAL,,,
,EXPERIENCIA_LABORAL,,,,,,,,,CELDAS_PENDIENTES,59.0,I162S2C83J4V2,REVISAR_EXPERIENCIA_LABORAL_SIN_FUENTE,REVISION_ESPECIFICA_O_DECISION_MANUAL,,,
,EXPERIENCIA_LABORAL,,,,,,,,,CELDAS_PENDIENTES,60.0,I162S2C86J4V2,REVISAR_EXPERIENCIA_LABORAL_SIN_FUENTE,REVISION_ESPECIFICA_O_DECISION_MANUAL,,,
,EXPERIENCIA_LABORAL,,,,,,,,,CELDAS_PENDIENTES,61.0,I162S2C87J4V2,REVISAR_EXPERIENCIA_LABORAL_SIN_FUENTE,REVISION_ESPECIFICA_O_DECISION_MANUAL,,,
,EXPERIENCIA_LABORAL,,,,,,,,,CELDAS_PENDIENTES,62.0,I162S2C88J4V2,REVISAR_EXPERIENCIA_LABORAL_SIN_FUENTE,REVISION_ESPECIFICA_O_DECISION_MANUAL,,,
,EXPERIENCIA_LABORAL,,,,,,,,,CELDAS_PENDIENTES,63.0,I162S2C90J2V1,REVISAR_EXPERIENCIA_LABORAL_SIN_FUENTE,REVISION_ESPECIFICA_O_DECISION_MANUAL,,,
,EXPERIENCIA_LABORAL,,,,,,,,,CELDAS_PENDIENTES,64.0,I162S2C90J2V2,REVISAR_EXPERIENCIA_LABORAL_SIN_FUENTE,REVISION_ESPECIFICA_O_DECISION_MANUAL,,,
,EXPERIENCIA_LABORAL,,,,,,,,,CELDAS_PENDIENTES,65.0,I162S2C95J4V1,REVISAR_EXPERIENCIA_LABORAL_SIN_FUENTE,REVISION_ESPECIFICA_O_DECISION_MANUAL,,,
,EXPERIENCIA_LABORAL,,,,,,,,,CELDAS_PENDIENTES,66.0,I162S2C96J4V1,REVISAR_EXPERIENCIA_LABORAL_SIN_FUENTE,REVISION_ESPECIFICA_O_DECISION_MANUAL,,,
,EXPERIENCIA_LABORAL,,,,,,,,,CELDAS_PENDIENTES,67.0,I162S2C97J4V1,REVISAR_EXPERIENCIA_LABORAL_SIN_FUENTE,REVISION_ESPECIFICA_O_DECISION_MANUAL,,,
,EXPERIENCIA_LABORAL,,,,,,,,,CELDAS_PENDIENTES,68.0,I162S2C98J4V1,REVISAR_EXPERIENCIA_LABORAL_SIN_FUENTE,REVISION_ESPECIFICA_O_DECISION_MANUAL,,,
,EXPERIENCIA_LABORAL,,,,,,,,,CELDAS_PENDIENTES,69.0,I162S2C99J4V1,REVISAR_EXPERIENCIA_LABORAL_SIN_FUENTE,REVISION_ESPECIFICA_O_DECISION_MANUAL,,,
,EXPERIENCIA_LABORAL,,,,,,,,,CELDAS_PENDIENTES,70.0,I162S3C114J2V1,REVISAR_EXPERIENCIA_LABORAL_SIN_FUENTE,REVISION_ESPECIFICA_O_DECISION_MANUAL,,,
,EXPERIENCIA_LABORAL,,,,,,,,,CELDAS_PENDIENTES,71.0,I162S3C115J2V1,REVISAR_EXPERIENCIA_LABORAL_SIN_FUENTE,REVISION_ESPECIFICA_O_DECISION_MANUAL,,,
,EXPERIENCIA_LABORAL,,,,,,,,,CELDAS_PENDIENTES,72.0,I162S3C91J2V1,REVISAR_EXPERIENCIA_LABORAL_SIN_FUENTE,REVISION_ESPECIFICA_O_DECISION_MANUAL,,,
,OTROS_REQUISITOS,,,,,,,,,CELDAS_PENDIENTES,2.0,I162S2C101J4V1,REVISAR_OTROS_REQUISITOS_SIN_FUENTE,REVISION_ESPECIFICA_O_DECISION_MANUAL,,,
,OTROS_REQUISITOS,,,,,,,,,CELDAS_PENDIENTES,3.0,I162S2C102J4V1,REVISAR_OTROS_REQUISITOS_SIN_FUENTE,REVISION_ESPECIFICA_O_DECISION_MANUAL,,,
,OTROS_REQUISITOS,,,,,,,,,CELDAS_PENDIENTES,4.0,I162S2C103J4V1,REVISAR_OTROS_REQUISITOS_SIN_FUENTE,REVISION_ESPECIFICA_O_DECISION_MANUAL,,,
,OTROS_REQUISITOS,,,,,,,,,CELDAS_PENDIENTES,5.0,I162S2C104J4V1,REVISAR_OTROS_REQUISITOS_SIN_FUENTE,REVISION_ESPECIFICA_O_DECISION_MANUAL,,,
,OTROS_REQUISITOS,,,,,,,,,CELDAS_PENDIENTES,6.0,I162S2C105J4V1,REVISAR_OTROS_REQUISITOS_SIN_FUENTE,REVISION_ESPECIFICA_O_DECISION_MANUAL,,,
,OTROS_REQUISITOS,,,,,,,,,CELDAS_PENDIENTES,7.0,I162S2C10J1V1,REVISAR_OTROS_REQUISITOS_SIN_FUENTE,REVISION_ESPECIFICA_O_DECISION_MANUAL,,,
,OTROS_REQUISITOS,,,,,,,,,CELDAS_PENDIENTES,8.0,I162S2C10J4V1,REVISAR_OTROS_REQUISITOS_SIN_FUENTE,REVISION_ESPECIFICA_O_DECISION_MANUAL,,,
,OTROS_REQUISITOS,,,,,,,,,CELDAS_PENDIENTES,9.0,I162S2C111J4V1,REVISAR_OTROS_REQUISITOS_SIN_FUENTE,REVISION_ESPECIFICA_O_DECISION_MANUAL,,,
,OTROS_REQUISITOS,,,,,,,,,CELDAS_PENDIENTES,10.0,I162S2C111J4V2,REVISAR_OTROS_REQUISITOS_SIN_FUENTE,REVISION_ESPECIFICA_O_DECISION_MANUAL,,,
,OTROS_REQUISITOS,,,,,,,,,CELDAS_PENDIENTES,11.0,I162S2C112J4V1,REVISAR_OTROS_REQUISITOS_SIN_FUENTE,REVISION_ESPECIFICA_O_DECISION_MANUAL,,,
,OTROS_REQUISITOS,,,,,,,,,CELDAS_PENDIENTES,12.0,I162S2C112J4V2,REVISAR_OTROS_REQUISITOS_SIN_FUENTE,REVISION_ESPECIFICA_O_DECISION_MANUAL,,,
,OTROS_REQUISITOS,,,,,,,,,CELDAS_PENDIENTES,13.0,I162S2C113J4V1,REVISAR_OTROS_REQUISITOS_SIN_FUENTE,REVISION_ESPECIFICA_O_DECISION_MANUAL,,,
,OTROS_REQUISITOS,,,,,,,,,CELDAS_PENDIENTES,14.0,I162S2C113J4V2,REVISAR_OTROS_REQUISITOS_SIN_FUENTE,REVISION_ESPECIFICA_O_DECISION_MANUAL,,,
,OTROS_REQUISITOS,,,,,,,,,CELDAS_PENDIENTES,15.0,I162S2C114J2V1,REVISAR_OTROS_REQUISITOS_SIN_FUENTE,REVISION_ESPECIFICA_O_DECISION_MANUAL,,,
,OTROS_REQUISITOS,,,,,,,,,CELDAS_PENDIENTES,16.0,I162S2C115J2V1,REVISAR_OTROS_REQUISITOS_SIN_FUENTE,REVISION_ESPECIFICA_O_DECISION_MANUAL,,,
,OTROS_REQUISITOS,,,,,,,,,CELDAS_PENDIENTES,17.0,I162S2C116J4V1,REVISAR_OTROS_REQUISITOS_SIN_FUENTE,REVISION_ESPECIFICA_O_DECISION_MANUAL,,,
,OTROS_REQUISITOS,,,,,,,,,CELDAS_PENDIENTES,18.0,I162S2C117J4V1,REVISAR_OTROS_REQUISITOS_SIN_FUENTE,REVISION_ESPECIFICA_O_DECISION_MANUAL,,,
,OTROS_REQUISITOS,,,,,,,,,CELDAS_PENDIENTES,19.0,I162S2C118J4V1,REVISAR_OTROS_REQUISITOS_SIN_FUENTE,REVISION_ESPECIFICA_O_DECISION_MANUAL,,,
,OTROS_REQUISITOS,,,,,,,,,CELDAS_PENDIENTES,20.0,I162S2C119J4V1,REVISAR_OTROS_REQUISITOS_SIN_FUENTE,REVISION_ESPECIFICA_O_DECISION_MANUAL,,,
,OTROS_REQUISITOS,,,,,,,,,CELDAS_PENDIENTES,21.0,I162S2C124J4V1,REVISAR_OTROS_REQUISITOS_SIN_FUENTE,REVISION_ESPECIFICA_O_DECISION_MANUAL,,,
,OTROS_REQUISITOS,,,,,,,,,CELDAS_PENDIENTES,22.0,I162S2C124J4V2,REVISAR_OTROS_REQUISITOS_SIN_FUENTE,REVISION_ESPECIFICA_O_DECISION_MANUAL,,,
,OTROS_REQUISITOS,,,,,,,,,CELDAS_PENDIENTES,23.0,I162S2C125J4V1,REVISAR_OTROS_REQUISITOS_SIN_FUENTE,REVISION_ESPECIFICA_O_DECISION_MANUAL,,,
,OTROS_REQUISITOS,,,,,,,,,CELDAS_PENDIENTES,24.0,I162S2C125J4V2,REVISAR_OTROS_REQUISITOS_SIN_FUENTE,REVISION_ESPECIFICA_O_DECISION_MANUAL,,,
,OTROS_REQUISITOS,,,,,,,,,CELDAS_PENDIENTES,25.0,I162S2C13J1V1,REVISAR_OTROS_REQUISITOS_SIN_FUENTE,REVISION_ESPECIFICA_O_DECISION_MANUAL,,,
,OTROS_REQUISITOS,,,,,,,,,CELDAS_PENDIENTES,26.0,I162S2C13J2V1,REVISAR_OTROS_REQUISITOS_SIN_FUENTE,REVISION_ESPECIFICA_O_DECISION_MANUAL,,,
,OTROS_REQUISITOS,,,,,,,,,CELDAS_PENDIENTES,27.0,I162S2C1J2V2,REVISAR_OTROS_REQUISITOS_SIN_FUENTE,REVISION_ESPECIFICA_O_DECISION_MANUAL,,,
,OTROS_REQUISITOS,,,,,,,,,CELDAS_PENDIENTES,28.0,I162S2C1J4V3,REVISAR_OTROS_REQUISITOS_SIN_FUENTE,REVISION_ESPECIFICA_O_DECISION_MANUAL,,,
,OTROS_REQUISITOS,,,,,,,,,CELDAS_PENDIENTES,29.0,I162S2C21J1V1,REVISAR_OTROS_REQUISITOS_SIN_FUENTE,REVISION_ESPECIFICA_O_DECISION_MANUAL,,,
,OTROS_REQUISITOS,,,,,,,,,CELDAS_PENDIENTES,30.0,I162S2C21J2V1,REVISAR_OTROS_REQUISITOS_SIN_FUENTE,REVISION_ESPECIFICA_O_DECISION_MANUAL,,,
,OTROS_REQUISITOS,,,,,,,,,CELDAS_PENDIENTES,31.0,I162S2C23J1V1,REVISAR_OTROS_REQUISITOS_SIN_FUENTE,REVISION_ESPECIFICA_O_DECISION_MANUAL,,,
,OTROS_REQUISITOS,,,,,,,,,CELDAS_PENDIENTES,32.0,I162S2C23J2V1,REVISAR_OTROS_REQUISITOS_SIN_FUENTE,REVISION_ESPECIFICA_O_DECISION_MANUAL,,,
,OTROS_REQUISITOS,,,,,,,,,CELDAS_PENDIENTES,33.0,I162S2C24J1V1,REVISAR_OTROS_REQUISITOS_SIN_FUENTE,REVISION_ESPECIFICA_O_DECISION_MANUAL,,,
,OTROS_REQUISITOS,,,,,,,,,CELDAS_PENDIENTES,34.0,I162S2C24J2V1,REVISAR_OTROS_REQUISITOS_SIN_FUENTE,REVISION_ESPECIFICA_O_DECISION_MANUAL,,,
,OTROS_REQUISITOS,,,,,,,,,CELDAS_PENDIENTES,35.0,I162S2C2J1V2,REVISAR_OTROS_REQUISITOS_SIN_FUENTE,REVISION_ESPECIFICA_O_DECISION_MANUAL,,,
,OTROS_REQUISITOS,,,,,,,,,CELDAS_PENDIENTES,36.0,I162S2C2J2V2,REVISAR_OTROS_REQUISITOS_SIN_FUENTE,REVISION_ESPECIFICA_O_DECISION_MANUAL,,,
,OTROS_REQUISITOS,,,,,,,,,CELDAS_PENDIENTES,37.0,I162S2C2J4V2,REVISAR_OTROS_REQUISITOS_SIN_FUENTE,REVISION_ESPECIFICA_O_DECISION_MANUAL,,,
,OTROS_REQUISITOS,,,,,,,,,CELDAS_PENDIENTES,38.0,I162S2C35J1V2,REVISAR_OTROS_REQUISITOS_SIN_FUENTE,REVISION_ESPECIFICA_O_DECISION_MANUAL,,,
,OTROS_REQUISITOS,,,,,,,,,CELDAS_PENDIENTES,39.0,I162S2C35J2V2,REVISAR_OTROS_REQUISITOS_SIN_FUENTE,REVISION_ESPECIFICA_O_DECISION_MANUAL,,,
,OTROS_REQUISITOS,,,,,,,,,CELDAS_PENDIENTES,40.0,I162S2C35J4V2,REVISAR_OTROS_REQUISITOS_SIN_FUENTE,REVISION_ESPECIFICA_O_DECISION_MANUAL,,,
,OTROS_REQUISITOS,,,,,,,,,CELDAS_PENDIENTES,41.0,I162S2C3J2V2,REVISAR_OTROS_REQUISITOS_SIN_FUENTE,REVISION_ESPECIFICA_O_DECISION_MANUAL,,,
,OTROS_REQUISITOS,,,,,,,,,CELDAS_PENDIENTES,42.0,I162S2C40J2V1,REVISAR_OTROS_REQUISITOS_SIN_FUENTE,REVISION_ESPECIFICA_O_DECISION_MANUAL,,,
,OTROS_REQUISITOS,,,,,,,,,CELDAS_PENDIENTES,43.0,I162S2C41J2V1,REVISAR_OTROS_REQUISITOS_SIN_FUENTE,REVISION_ESPECIFICA_O_DECISION_MANUAL,,,
,OTROS_REQUISITOS,,,,,,,,,CELDAS_PENDIENTES,44.0,I162S2C53J3V1,REVISAR_OTROS_REQUISITOS_SIN_FUENTE,REVISION_ESPECIFICA_O_DECISION_MANUAL,,,
,OTROS_REQUISITOS,,,,,,,,,CELDAS_PENDIENTES,45.0,I162S2C63J4V1,REVISAR_OTROS_REQUISITOS_SIN_FUENTE,REVISION_ESPECIFICA_O_DECISION_MANUAL,,,
,OTROS_REQUISITOS,,,,,,,,,CELDAS_PENDIENTES,46.0,I162S2C64J4V1,REVISAR_OTROS_REQUISITOS_SIN_FUENTE,REVISION_ESPECIFICA_O_DECISION_MANUAL,,,
,OTROS_REQUISITOS,,,,,,,,,CELDAS_PENDIENTES,47.0,I162S2C65J4V1,REVISAR_OTROS_REQUISITOS_SIN_FUENTE,REVISION_ESPECIFICA_O_DECISION_MANUAL,,,
,OTROS_REQUISITOS,,,,,,,,,CELDAS_PENDIENTES,48.0,I162S2C66J4V1,REVISAR_OTROS_REQUISITOS_SIN_FUENTE,REVISION_ESPECIFICA_O_DECISION_MANUAL,,,
,OTROS_REQUISITOS,,,,,,,,,CELDAS_PENDIENTES,49.0,I162S2C67J4V1,REVISAR_OTROS_REQUISITOS_SIN_FUENTE,REVISION_ESPECIFICA_O_DECISION_MANUAL,,,
,OTROS_REQUISITOS,,,,,,,,,CELDAS_PENDIENTES,50.0,I162S2C68J4V1,REVISAR_OTROS_REQUISITOS_SIN_FUENTE,REVISION_ESPECIFICA_O_DECISION_MANUAL,,,
,OTROS_REQUISITOS,,,,,,,,,CELDAS_PENDIENTES,51.0,I162S2C69J4V1,REVISAR_OTROS_REQUISITOS_SIN_FUENTE,REVISION_ESPECIFICA_O_DECISION_MANUAL,,,
,OTROS_REQUISITOS,,,,,,,,,CELDAS_PENDIENTES,52.0,I162S2C6J1V1,REVISAR_OTROS_REQUISITOS_SIN_FUENTE,REVISION_ESPECIFICA_O_DECISION_MANUAL,,,
,OTROS_REQUISITOS,,,,,,,,,CELDAS_PENDIENTES,53.0,I162S2C6J2V1,REVISAR_OTROS_REQUISITOS_SIN_FUENTE,REVISION_ESPECIFICA_O_DECISION_MANUAL,,,
,OTROS_REQUISITOS,,,,,,,,,CELDAS_PENDIENTES,54.0,I162S2C6J4V1,REVISAR_OTROS_REQUISITOS_SIN_FUENTE,REVISION_ESPECIFICA_O_DECISION_MANUAL,,,
,OTROS_REQUISITOS,,,,,,,,,CELDAS_PENDIENTES,55.0,I162S2C70J4V1,REVISAR_OTROS_REQUISITOS_SIN_FUENTE,REVISION_ESPECIFICA_O_DECISION_MANUAL,,,
,OTROS_REQUISITOS,,,,,,,,,CELDAS_PENDIENTES,56.0,I162S2C71J4V1,REVISAR_OTROS_REQUISITOS_SIN_FUENTE,REVISION_ESPECIFICA_O_DECISION_MANUAL,,,
,OTROS_REQUISITOS,,,,,,,,,CELDAS_PENDIENTES,57.0,I162S2C76J4V2,REVISAR_OTROS_REQUISITOS_SIN_FUENTE,REVISION_ESPECIFICA_O_DECISION_MANUAL,,,
,OTROS_REQUISITOS,,,,,,,,,CELDAS_PENDIENTES,58.0,I162S2C77J4V2,REVISAR_OTROS_REQUISITOS_SIN_FUENTE,REVISION_ESPECIFICA_O_DECISION_MANUAL,,,
,OTROS_REQUISITOS,,,,,,,,,CELDAS_PENDIENTES,59.0,I162S2C83J4V2,REVISAR_OTROS_REQUISITOS_SIN_FUENTE,REVISION_ESPECIFICA_O_DECISION_MANUAL,,,
,OTROS_REQUISITOS,,,,,,,,,CELDAS_PENDIENTES,60.0,I162S2C86J4V2,REVISAR_OTROS_REQUISITOS_SIN_FUENTE,REVISION_ESPECIFICA_O_DECISION_MANUAL,,,
,OTROS_REQUISITOS,,,,,,,,,CELDAS_PENDIENTES,61.0,I162S2C87J4V2,REVISAR_OTROS_REQUISITOS_SIN_FUENTE,REVISION_ESPECIFICA_O_DECISION_MANUAL,,,
,OTROS_REQUISITOS,,,,,,,,,CELDAS_PENDIENTES,62.0,I162S2C88J4V2,REVISAR_OTROS_REQUISITOS_SIN_FUENTE,REVISION_ESPECIFICA_O_DECISION_MANUAL,,,
,OTROS_REQUISITOS,,,,,,,,,CELDAS_PENDIENTES,63.0,I162S2C90J2V1,REVISAR_OTROS_REQUISITOS_SIN_FUENTE,REVISION_ESPECIFICA_O_DECISION_MANUAL,,,
,OTROS_REQUISITOS,,,,,,,,,CELDAS_PENDIENTES,64.0,I162S2C90J2V2,REVISAR_OTROS_REQUISITOS_SIN_FUENTE,REVISION_ESPECIFICA_O_DECISION_MANUAL,,,
,OTROS_REQUISITOS,,,,,,,,,CELDAS_PENDIENTES,65.0,I162S2C95J4V1,REVISAR_OTROS_REQUISITOS_SIN_FUENTE,REVISION_ESPECIFICA_O_DECISION_MANUAL,,,
,OTROS_REQUISITOS,,,,,,,,,CELDAS_PENDIENTES,66.0,I162S2C96J4V1,REVISAR_OTROS_REQUISITOS_SIN_FUENTE,REVISION_ESPECIFICA_O_DECISION_MANUAL,,,
,OTROS_REQUISITOS,,,,,,,,,CELDAS_PENDIENTES,67.0,I162S2C97J4V1,REVISAR_OTROS_REQUISITOS_SIN_FUENTE,REVISION_ESPECIFICA_O_DECISION_MANUAL,,,
,OTROS_REQUISITOS,,,,,,,,,CELDAS_PENDIENTES,68.0,I162S2C98J4V1,REVISAR_OTROS_REQUISITOS_SIN_FUENTE,REVISION_ESPECIFICA_O_DECISION_MANUAL,,,
,OTROS_REQUISITOS,,,,,,,,,CELDAS_PENDIENTES,69.0,I162S2C99J4V1,REVISAR_OTROS_REQUISITOS_SIN_FUENTE,REVISION_ESPECIFICA_O_DECISION_MANUAL,,,
,OTROS_REQUISITOS,,,,,,,,,CELDAS_PENDIENTES,70.0,I162S3C114J2V1,REVISAR_OTROS_REQUISITOS_SIN_FUENTE,REVISION_ESPECIFICA_O_DECISION_MANUAL,,,
,OTROS_REQUISITOS,,,,,,,,,CELDAS_PENDIENTES,71.0,I162S3C115J2V1,REVISAR_OTROS_REQUISITOS_SIN_FUENTE,REVISION_ESPECIFICA_O_DECISION_MANUAL,,,
,OTROS_REQUISITOS,,,,,,,,,CELDAS_PENDIENTES,72.0,I162S3C91J2V1,REVISAR_OTROS_REQUISITOS_SIN_FUENTE,REVISION_ESPECIFICA_O_DECISION_MANUAL,,,
,MAIL_DIFUSION_CARRERA,,,,,,,,,CELDAS_PENDIENTES,2.0,I162S2C101J4V1,REVISAR_MAIL_DIFUSION_CARRERA_SIN_FUENTE,REVISION_ESPECIFICA_O_DECISION_MANUAL,,,
,MAIL_DIFUSION_CARRERA,,,,,,,,,CELDAS_PENDIENTES,3.0,I162S2C102J4V1,REVISAR_MAIL_DIFUSION_CARRERA_SIN_FUENTE,REVISION_ESPECIFICA_O_DECISION_MANUAL,,,
,MAIL_DIFUSION_CARRERA,,,,,,,,,CELDAS_PENDIENTES,4.0,I162S2C103J4V1,REVISAR_MAIL_DIFUSION_CARRERA_SIN_FUENTE,REVISION_ESPECIFICA_O_DECISION_MANUAL,,,
,MAIL_DIFUSION_CARRERA,,,,,,,,,CELDAS_PENDIENTES,5.0,I162S2C104J4V1,REVISAR_MAIL_DIFUSION_CARRERA_SIN_FUENTE,REVISION_ESPECIFICA_O_DECISION_MANUAL,,,
,MAIL_DIFUSION_CARRERA,,,,,,,,,CELDAS_PENDIENTES,6.0,I162S2C105J4V1,REVISAR_MAIL_DIFUSION_CARRERA_SIN_FUENTE,REVISION_ESPECIFICA_O_DECISION_MANUAL,,,
,MAIL_DIFUSION_CARRERA,,,,,,,,,CELDAS_PENDIENTES,7.0,I162S2C10J1V1,REVISAR_MAIL_DIFUSION_CARRERA_SIN_FUENTE,REVISION_ESPECIFICA_O_DECISION_MANUAL,,,
,MAIL_DIFUSION_CARRERA,,,,,,,,,CELDAS_PENDIENTES,8.0,I162S2C10J4V1,REVISAR_MAIL_DIFUSION_CARRERA_SIN_FUENTE,REVISION_ESPECIFICA_O_DECISION_MANUAL,,,
,MAIL_DIFUSION_CARRERA,,,,,,,,,CELDAS_PENDIENTES,9.0,I162S2C111J4V1,REVISAR_MAIL_DIFUSION_CARRERA_SIN_FUENTE,REVISION_ESPECIFICA_O_DECISION_MANUAL,,,
,MAIL_DIFUSION_CARRERA,,,,,,,,,CELDAS_PENDIENTES,10.0,I162S2C111J4V2,REVISAR_MAIL_DIFUSION_CARRERA_SIN_FUENTE,REVISION_ESPECIFICA_O_DECISION_MANUAL,,,
,MAIL_DIFUSION_CARRERA,,,,,,,,,CELDAS_PENDIENTES,11.0,I162S2C112J4V1,REVISAR_MAIL_DIFUSION_CARRERA_SIN_FUENTE,REVISION_ESPECIFICA_O_DECISION_MANUAL,,,
,MAIL_DIFUSION_CARRERA,,,,,,,,,CELDAS_PENDIENTES,12.0,I162S2C112J4V2,REVISAR_MAIL_DIFUSION_CARRERA_SIN_FUENTE,REVISION_ESPECIFICA_O_DECISION_MANUAL,,,
,MAIL_DIFUSION_CARRERA,,,,,,,,,CELDAS_PENDIENTES,13.0,I162S2C113J4V1,REVISAR_MAIL_DIFUSION_CARRERA_SIN_FUENTE,REVISION_ESPECIFICA_O_DECISION_MANUAL,,,
,MAIL_DIFUSION_CARRERA,,,,,,,,,CELDAS_PENDIENTES,14.0,I162S2C113J4V2,REVISAR_MAIL_DIFUSION_CARRERA_SIN_FUENTE,REVISION_ESPECIFICA_O_DECISION_MANUAL,,,
,MAIL_DIFUSION_CARRERA,,,,,,,,,CELDAS_PENDIENTES,15.0,I162S2C114J2V1,REVISAR_MAIL_DIFUSION_CARRERA_SIN_FUENTE,REVISION_ESPECIFICA_O_DECISION_MANUAL,,,
,MAIL_DIFUSION_CARRERA,,,,,,,,,CELDAS_PENDIENTES,16.0,I162S2C115J2V1,REVISAR_MAIL_DIFUSION_CARRERA_SIN_FUENTE,REVISION_ESPECIFICA_O_DECISION_MANUAL,,,
,MAIL_DIFUSION_CARRERA,,,,,,,,,CELDAS_PENDIENTES,17.0,I162S2C116J4V1,REVISAR_MAIL_DIFUSION_CARRERA_SIN_FUENTE,REVISION_ESPECIFICA_O_DECISION_MANUAL,,,
,MAIL_DIFUSION_CARRERA,,,,,,,,,CELDAS_PENDIENTES,18.0,I162S2C117J4V1,REVISAR_MAIL_DIFUSION_CARRERA_SIN_FUENTE,REVISION_ESPECIFICA_O_DECISION_MANUAL,,,
,MAIL_DIFUSION_CARRERA,,,,,,,,,CELDAS_PENDIENTES,19.0,I162S2C118J4V1,REVISAR_MAIL_DIFUSION_CARRERA_SIN_FUENTE,REVISION_ESPECIFICA_O_DECISION_MANUAL,,,
,MAIL_DIFUSION_CARRERA,,,,,,,,,CELDAS_PENDIENTES,20.0,I162S2C119J4V1,REVISAR_MAIL_DIFUSION_CARRERA_SIN_FUENTE,REVISION_ESPECIFICA_O_DECISION_MANUAL,,,
,MAIL_DIFUSION_CARRERA,,,,,,,,,CELDAS_PENDIENTES,21.0,I162S2C124J4V1,REVISAR_MAIL_DIFUSION_CARRERA_SIN_FUENTE,REVISION_ESPECIFICA_O_DECISION_MANUAL,,,
,MAIL_DIFUSION_CARRERA,,,,,,,,,CELDAS_PENDIENTES,22.0,I162S2C124J4V2,REVISAR_MAIL_DIFUSION_CARRERA_SIN_FUENTE,REVISION_ESPECIFICA_O_DECISION_MANUAL,,,
,MAIL_DIFUSION_CARRERA,,,,,,,,,CELDAS_PENDIENTES,23.0,I162S2C125J4V1,REVISAR_MAIL_DIFUSION_CARRERA_SIN_FUENTE,REVISION_ESPECIFICA_O_DECISION_MANUAL,,,
,MAIL_DIFUSION_CARRERA,,,,,,,,,CELDAS_PENDIENTES,24.0,I162S2C125J4V2,REVISAR_MAIL_DIFUSION_CARRERA_SIN_FUENTE,REVISION_ESPECIFICA_O_DECISION_MANUAL,,,
,MAIL_DIFUSION_CARRERA,,,,,,,,,CELDAS_PENDIENTES,25.0,I162S2C13J1V1,REVISAR_MAIL_DIFUSION_CARRERA_SIN_FUENTE,REVISION_ESPECIFICA_O_DECISION_MANUAL,,,
,MAIL_DIFUSION_CARRERA,,,,,,,,,CELDAS_PENDIENTES,26.0,I162S2C13J2V1,REVISAR_MAIL_DIFUSION_CARRERA_SIN_FUENTE,REVISION_ESPECIFICA_O_DECISION_MANUAL,,,
,MAIL_DIFUSION_CARRERA,,,,,,,,,CELDAS_PENDIENTES,27.0,I162S2C1J2V2,REVISAR_MAIL_DIFUSION_CARRERA_SIN_FUENTE,REVISION_ESPECIFICA_O_DECISION_MANUAL,,,
,MAIL_DIFUSION_CARRERA,,,,,,,,,CELDAS_PENDIENTES,28.0,I162S2C1J4V3,REVISAR_MAIL_DIFUSION_CARRERA_SIN_FUENTE,REVISION_ESPECIFICA_O_DECISION_MANUAL,,,
,MAIL_DIFUSION_CARRERA,,,,,,,,,CELDAS_PENDIENTES,29.0,I162S2C21J1V1,REVISAR_MAIL_DIFUSION_CARRERA_SIN_FUENTE,REVISION_ESPECIFICA_O_DECISION_MANUAL,,,
,MAIL_DIFUSION_CARRERA,,,,,,,,,CELDAS_PENDIENTES,30.0,I162S2C21J2V1,REVISAR_MAIL_DIFUSION_CARRERA_SIN_FUENTE,REVISION_ESPECIFICA_O_DECISION_MANUAL,,,
,MAIL_DIFUSION_CARRERA,,,,,,,,,CELDAS_PENDIENTES,31.0,I162S2C23J1V1,REVISAR_MAIL_DIFUSION_CARRERA_SIN_FUENTE,REVISION_ESPECIFICA_O_DECISION_MANUAL,,,
,MAIL_DIFUSION_CARRERA,,,,,,,,,CELDAS_PENDIENTES,32.0,I162S2C23J2V1,REVISAR_MAIL_DIFUSION_CARRERA_SIN_FUENTE,REVISION_ESPECIFICA_O_DECISION_MANUAL,,,
,MAIL_DIFUSION_CARRERA,,,,,,,,,CELDAS_PENDIENTES,33.0,I162S2C24J1V1,REVISAR_MAIL_DIFUSION_CARRERA_SIN_FUENTE,REVISION_ESPECIFICA_O_DECISION_MANUAL,,,
,MAIL_DIFUSION_CARRERA,,,,,,,,,CELDAS_PENDIENTES,34.0,I162S2C24J2V1,REVISAR_MAIL_DIFUSION_CARRERA_SIN_FUENTE,REVISION_ESPECIFICA_O_DECISION_MANUAL,,,
,MAIL_DIFUSION_CARRERA,,,,,,,,,CELDAS_PENDIENTES,35.0,I162S2C2J1V2,REVISAR_MAIL_DIFUSION_CARRERA_SIN_FUENTE,REVISION_ESPECIFICA_O_DECISION_MANUAL,,,
,MAIL_DIFUSION_CARRERA,,,,,,,,,CELDAS_PENDIENTES,36.0,I162S2C2J2V2,REVISAR_MAIL_DIFUSION_CARRERA_SIN_FUENTE,REVISION_ESPECIFICA_O_DECISION_MANUAL,,,
,MAIL_DIFUSION_CARRERA,,,,,,,,,CELDAS_PENDIENTES,37.0,I162S2C2J4V2,REVISAR_MAIL_DIFUSION_CARRERA_SIN_FUENTE,REVISION_ESPECIFICA_O_DECISION_MANUAL,,,
,MAIL_DIFUSION_CARRERA,,,,,,,,,CELDAS_PENDIENTES,38.0,I162S2C35J1V2,REVISAR_MAIL_DIFUSION_CARRERA_SIN_FUENTE,REVISION_ESPECIFICA_O_DECISION_MANUAL,,,
,MAIL_DIFUSION_CARRERA,,,,,,,,,CELDAS_PENDIENTES,39.0,I162S2C35J2V2,REVISAR_MAIL_DIFUSION_CARRERA_SIN_FUENTE,REVISION_ESPECIFICA_O_DECISION_MANUAL,,,
,MAIL_DIFUSION_CARRERA,,,,,,,,,CELDAS_PENDIENTES,40.0,I162S2C35J4V2,REVISAR_MAIL_DIFUSION_CARRERA_SIN_FUENTE,REVISION_ESPECIFICA_O_DECISION_MANUAL,,,
,MAIL_DIFUSION_CARRERA,,,,,,,,,CELDAS_PENDIENTES,41.0,I162S2C3J2V2,REVISAR_MAIL_DIFUSION_CARRERA_SIN_FUENTE,REVISION_ESPECIFICA_O_DECISION_MANUAL,,,
,MAIL_DIFUSION_CARRERA,,,,,,,,,CELDAS_PENDIENTES,42.0,I162S2C40J2V1,REVISAR_MAIL_DIFUSION_CARRERA_SIN_FUENTE,REVISION_ESPECIFICA_O_DECISION_MANUAL,,,
,MAIL_DIFUSION_CARRERA,,,,,,,,,CELDAS_PENDIENTES,43.0,I162S2C41J2V1,REVISAR_MAIL_DIFUSION_CARRERA_SIN_FUENTE,REVISION_ESPECIFICA_O_DECISION_MANUAL,,,
,MAIL_DIFUSION_CARRERA,,,,,,,,,CELDAS_PENDIENTES,44.0,I162S2C53J3V1,REVISAR_MAIL_DIFUSION_CARRERA_SIN_FUENTE,REVISION_ESPECIFICA_O_DECISION_MANUAL,,,
,MAIL_DIFUSION_CARRERA,,,,,,,,,CELDAS_PENDIENTES,45.0,I162S2C63J4V1,REVISAR_MAIL_DIFUSION_CARRERA_SIN_FUENTE,REVISION_ESPECIFICA_O_DECISION_MANUAL,,,
,MAIL_DIFUSION_CARRERA,,,,,,,,,CELDAS_PENDIENTES,46.0,I162S2C64J4V1,REVISAR_MAIL_DIFUSION_CARRERA_SIN_FUENTE,REVISION_ESPECIFICA_O_DECISION_MANUAL,,,
,MAIL_DIFUSION_CARRERA,,,,,,,,,CELDAS_PENDIENTES,47.0,I162S2C65J4V1,REVISAR_MAIL_DIFUSION_CARRERA_SIN_FUENTE,REVISION_ESPECIFICA_O_DECISION_MANUAL,,,
,MAIL_DIFUSION_CARRERA,,,,,,,,,CELDAS_PENDIENTES,48.0,I162S2C66J4V1,REVISAR_MAIL_DIFUSION_CARRERA_SIN_FUENTE,REVISION_ESPECIFICA_O_DECISION_MANUAL,,,
,MAIL_DIFUSION_CARRERA,,,,,,,,,CELDAS_PENDIENTES,49.0,I162S2C67J4V1,REVISAR_MAIL_DIFUSION_CARRERA_SIN_FUENTE,REVISION_ESPECIFICA_O_DECISION_MANUAL,,,
,MAIL_DIFUSION_CARRERA,,,,,,,,,CELDAS_PENDIENTES,50.0,I162S2C68J4V1,REVISAR_MAIL_DIFUSION_CARRERA_SIN_FUENTE,REVISION_ESPECIFICA_O_DECISION_MANUAL,,,
,MAIL_DIFUSION_CARRERA,,,,,,,,,CELDAS_PENDIENTES,51.0,I162S2C69J4V1,REVISAR_MAIL_DIFUSION_CARRERA_SIN_FUENTE,REVISION_ESPECIFICA_O_DECISION_MANUAL,,,
,MAIL_DIFUSION_CARRERA,,,,,,,,,CELDAS_PENDIENTES,52.0,I162S2C6J1V1,REVISAR_MAIL_DIFUSION_CARRERA_SIN_FUENTE,REVISION_ESPECIFICA_O_DECISION_MANUAL,,,
,MAIL_DIFUSION_CARRERA,,,,,,,,,CELDAS_PENDIENTES,53.0,I162S2C6J2V1,REVISAR_MAIL_DIFUSION_CARRERA_SIN_FUENTE,REVISION_ESPECIFICA_O_DECISION_MANUAL,,,
,MAIL_DIFUSION_CARRERA,,,,,,,,,CELDAS_PENDIENTES,54.0,I162S2C6J4V1,REVISAR_MAIL_DIFUSION_CARRERA_SIN_FUENTE,REVISION_ESPECIFICA_O_DECISION_MANUAL,,,
,MAIL_DIFUSION_CARRERA,,,,,,,,,CELDAS_PENDIENTES,55.0,I162S2C70J4V1,REVISAR_MAIL_DIFUSION_CARRERA_SIN_FUENTE,REVISION_ESPECIFICA_O_DECISION_MANUAL,,,
,MAIL_DIFUSION_CARRERA,,,,,,,,,CELDAS_PENDIENTES,56.0,I162S2C71J4V1,REVISAR_MAIL_DIFUSION_CARRERA_SIN_FUENTE,REVISION_ESPECIFICA_O_DECISION_MANUAL,,,
,MAIL_DIFUSION_CARRERA,,,,,,,,,CELDAS_PENDIENTES,57.0,I162S2C76J4V2,REVISAR_MAIL_DIFUSION_CARRERA_SIN_FUENTE,REVISION_ESPECIFICA_O_DECISION_MANUAL,,,
,MAIL_DIFUSION_CARRERA,,,,,,,,,CELDAS_PENDIENTES,58.0,I162S2C77J4V2,REVISAR_MAIL_DIFUSION_CARRERA_SIN_FUENTE,REVISION_ESPECIFICA_O_DECISION_MANUAL,,,
,MAIL_DIFUSION_CARRERA,,,,,,,,,CELDAS_PENDIENTES,59.0,I162S2C83J4V2,REVISAR_MAIL_DIFUSION_CARRERA_SIN_FUENTE,REVISION_ESPECIFICA_O_DECISION_MANUAL,,,
,MAIL_DIFUSION_CARRERA,,,,,,,,,CELDAS_PENDIENTES,60.0,I162S2C86J4V2,REVISAR_MAIL_DIFUSION_CARRERA_SIN_FUENTE,REVISION_ESPECIFICA_O_DECISION_MANUAL,,,
,MAIL_DIFUSION_CARRERA,,,,,,,,,CELDAS_PENDIENTES,61.0,I162S2C87J4V2,REVISAR_MAIL_DIFUSION_CARRERA_SIN_FUENTE,REVISION_ESPECIFICA_O_DECISION_MANUAL,,,
,MAIL_DIFUSION_CARRERA,,,,,,,,,CELDAS_PENDIENTES,62.0,I162S2C88J4V2,REVISAR_MAIL_DIFUSION_CARRERA_SIN_FUENTE,REVISION_ESPECIFICA_O_DECISION_MANUAL,,,
,MAIL_DIFUSION_CARRERA,,,,,,,,,CELDAS_PENDIENTES,63.0,I162S2C90J2V1,REVISAR_MAIL_DIFUSION_CARRERA_SIN_FUENTE,REVISION_ESPECIFICA_O_DECISION_MANUAL,,,
,MAIL_DIFUSION_CARRERA,,,,,,,,,CELDAS_PENDIENTES,64.0,I162S2C90J2V2,REVISAR_MAIL_DIFUSION_CARRERA_SIN_FUENTE,REVISION_ESPECIFICA_O_DECISION_MANUAL,,,
,MAIL_DIFUSION_CARRERA,,,,,,,,,CELDAS_PENDIENTES,65.0,I162S2C95J4V1,REVISAR_MAIL_DIFUSION_CARRERA_SIN_FUENTE,REVISION_ESPECIFICA_O_DECISION_MANUAL,,,
,MAIL_DIFUSION_CARRERA,,,,,,,,,CELDAS_PENDIENTES,66.0,I162S2C96J4V1,REVISAR_MAIL_DIFUSION_CARRERA_SIN_FUENTE,REVISION_ESPECIFICA_O_DECISION_MANUAL,,,
,MAIL_DIFUSION_CARRERA,,,,,,,,,CELDAS_PENDIENTES,67.0,I162S2C97J4V1,REVISAR_MAIL_DIFUSION_CARRERA_SIN_FUENTE,REVISION_ESPECIFICA_O_DECISION_MANUAL,,,
,MAIL_DIFUSION_CARRERA,,,,,,,,,CELDAS_PENDIENTES,68.0,I162S2C98J4V1,REVISAR_MAIL_DIFUSION_CARRERA_SIN_FUENTE,REVISION_ESPECIFICA_O_DECISION_MANUAL,,,
,MAIL_DIFUSION_CARRERA,,,,,,,,,CELDAS_PENDIENTES,69.0,I162S2C99J4V1,REVISAR_MAIL_DIFUSION_CARRERA_SIN_FUENTE,REVISION_ESPECIFICA_O_DECISION_MANUAL,,,
,MAIL_DIFUSION_CARRERA,,,,,,,,,CELDAS_PENDIENTES,70.0,I162S3C114J2V1,REVISAR_MAIL_DIFUSION_CARRERA_SIN_FUENTE,REVISION_ESPECIFICA_O_DECISION_MANUAL,,,
,MAIL_DIFUSION_CARRERA,,,,,,,,,CELDAS_PENDIENTES,71.0,I162S3C115J2V1,REVISAR_MAIL_DIFUSION_CARRERA_SIN_FUENTE,REVISION_ESPECIFICA_O_DECISION_MANUAL,,,
,MAIL_DIFUSION_CARRERA,,,,,,,,,CELDAS_PENDIENTES,72.0,I162S3C91J2V1,REVISAR_MAIL_DIFUSION_CARRERA_SIN_FUENTE,REVISION_ESPECIFICA_O_DECISION_MANUAL,,,
,FORMATO_VALOR,,,,,,,,,CELDAS_PENDIENTES,2.0,I162S2C101J4V1,REVISAR_FORMATO_VALOR_SIN_FUENTE,REVISION_ESPECIFICA_O_DECISION_MANUAL,,,
,FORMATO_VALOR,,,,,,,,,CELDAS_PENDIENTES,3.0,I162S2C102J4V1,REVISAR_FORMATO_VALOR_SIN_FUENTE,REVISION_ESPECIFICA_O_DECISION_MANUAL,,,
,FORMATO_VALOR,,,,,,,,,CELDAS_PENDIENTES,4.0,I162S2C103J4V1,REVISAR_FORMATO_VALOR_SIN_FUENTE,REVISION_ESPECIFICA_O_DECISION_MANUAL,,,
,FORMATO_VALOR,,,,,,,,,CELDAS_PENDIENTES,5.0,I162S2C104J4V1,REVISAR_FORMATO_VALOR_SIN_FUENTE,REVISION_ESPECIFICA_O_DECISION_MANUAL,,,
,FORMATO_VALOR,,,,,,,,,CELDAS_PENDIENTES,6.0,I162S2C105J4V1,REVISAR_FORMATO_VALOR_SIN_FUENTE,REVISION_ESPECIFICA_O_DECISION_MANUAL,,,
,FORMATO_VALOR,,,,,,,,,CELDAS_PENDIENTES,7.0,I162S2C10J1V1,REVISAR_FORMATO_VALOR_SIN_FUENTE,REVISION_ESPECIFICA_O_DECISION_MANUAL,,,
,FORMATO_VALOR,,,,,,,,,CELDAS_PENDIENTES,8.0,I162S2C10J4V1,REVISAR_FORMATO_VALOR_SIN_FUENTE,REVISION_ESPECIFICA_O_DECISION_MANUAL,,,
,FORMATO_VALOR,,,,,,,,,CELDAS_PENDIENTES,9.0,I162S2C111J4V1,REVISAR_FORMATO_VALOR_SIN_FUENTE,REVISION_ESPECIFICA_O_DECISION_MANUAL,,,
,FORMATO_VALOR,,,,,,,,,CELDAS_PENDIENTES,10.0,I162S2C111J4V2,REVISAR_FORMATO_VALOR_SIN_FUENTE,REVISION_ESPECIFICA_O_DECISION_MANUAL,,,
,FORMATO_VALOR,,,,,,,,,CELDAS_PENDIENTES,11.0,I162S2C112J4V1,REVISAR_FORMATO_VALOR_SIN_FUENTE,REVISION_ESPECIFICA_O_DECISION_MANUAL,,,
,FORMATO_VALOR,,,,,,,,,CELDAS_PENDIENTES,12.0,I162S2C112J4V2,REVISAR_FORMATO_VALOR_SIN_FUENTE,REVISION_ESPECIFICA_O_DECISION_MANUAL,,,
,FORMATO_VALOR,,,,,,,,,CELDAS_PENDIENTES,13.0,I162S2C113J4V1,REVISAR_FORMATO_VALOR_SIN_FUENTE,REVISION_ESPECIFICA_O_DECISION_MANUAL,,,
,FORMATO_VALOR,,,,,,,,,CELDAS_PENDIENTES,14.0,I162S2C113J4V2,REVISAR_FORMATO_VALOR_SIN_FUENTE,REVISION_ESPECIFICA_O_DECISION_MANUAL,,,
,FORMATO_VALOR,,,,,,,,,CELDAS_PENDIENTES,15.0,I162S2C114J2V1,REVISAR_FORMATO_VALOR_SIN_FUENTE,REVISION_ESPECIFICA_O_DECISION_MANUAL,,,
,FORMATO_VALOR,,,,,,,,,CELDAS_PENDIENTES,16.0,I162S2C115J2V1,REVISAR_FORMATO_VALOR_SIN_FUENTE,REVISION_ESPECIFICA_O_DECISION_MANUAL,,,
,FORMATO_VALOR,,,,,,,,,CELDAS_PENDIENTES,17.0,I162S2C116J4V1,REVISAR_FORMATO_VALOR_SIN_FUENTE,REVISION_ESPECIFICA_O_DECISION_MANUAL,,,
,FORMATO_VALOR,,,,,,,,,CELDAS_PENDIENTES,18.0,I162S2C117J4V1,REVISAR_FORMATO_VALOR_SIN_FUENTE,REVISION_ESPECIFICA_O_DECISION_MANUAL,,,
,FORMATO_VALOR,,,,,,,,,CELDAS_PENDIENTES,19.0,I162S2C118J4V1,REVISAR_FORMATO_VALOR_SIN_FUENTE,REVISION_ESPECIFICA_O_DECISION_MANUAL,,,
,FORMATO_VALOR,,,,,,,,,CELDAS_PENDIENTES,20.0,I162S2C119J4V1,REVISAR_FORMATO_VALOR_SIN_FUENTE,REVISION_ESPECIFICA_O_DECISION_MANUAL,,,
,FORMATO_VALOR,,,,,,,,,CELDAS_PENDIENTES,21.0,I162S2C124J4V1,REVISAR_FORMATO_VALOR_SIN_FUENTE,REVISION_ESPECIFICA_O_DECISION_MANUAL,,,
,FORMATO_VALOR,,,,,,,,,CELDAS_PENDIENTES,22.0,I162S2C124J4V2,REVISAR_FORMATO_VALOR_SIN_FUENTE,REVISION_ESPECIFICA_O_DECISION_MANUAL,,,
,FORMATO_VALOR,,,,,,,,,CELDAS_PENDIENTES,23.0,I162S2C125J4V1,REVISAR_FORMATO_VALOR_SIN_FUENTE,REVISION_ESPECIFICA_O_DECISION_MANUAL,,,
,FORMATO_VALOR,,,,,,,,,CELDAS_PENDIENTES,24.0,I162S2C125J4V2,REVISAR_FORMATO_VALOR_SIN_FUENTE,REVISION_ESPECIFICA_O_DECISION_MANUAL,,,
,FORMATO_VALOR,,,,,,,,,CELDAS_PENDIENTES,25.0,I162S2C13J1V1,REVISAR_FORMATO_VALOR_SIN_FUENTE,REVISION_ESPECIFICA_O_DECISION_MANUAL,,,
,FORMATO_VALOR,,,,,,,,,CELDAS_PENDIENTES,26.0,I162S2C13J2V1,REVISAR_FORMATO_VALOR_SIN_FUENTE,REVISION_ESPECIFICA_O_DECISION_MANUAL,,,
,FORMATO_VALOR,,,,,,,,,CELDAS_PENDIENTES,27.0,I162S2C1J2V2,REVISAR_FORMATO_VALOR_SIN_FUENTE,REVISION_ESPECIFICA_O_DECISION_MANUAL,,,
,FORMATO_VALOR,,,,,,,,,CELDAS_PENDIENTES,28.0,I162S2C1J4V3,REVISAR_FORMATO_VALOR_SIN_FUENTE,REVISION_ESPECIFICA_O_DECISION_MANUAL,,,
,FORMATO_VALOR,,,,,,,,,CELDAS_PENDIENTES,29.0,I162S2C21J1V1,REVISAR_FORMATO_VALOR_SIN_FUENTE,REVISION_ESPECIFICA_O_DECISION_MANUAL,,,
,FORMATO_VALOR,,,,,,,,,CELDAS_PENDIENTES,30.0,I162S2C21J2V1,REVISAR_FORMATO_VALOR_SIN_FUENTE,REVISION_ESPECIFICA_O_DECISION_MANUAL,,,
,FORMATO_VALOR,,,,,,,,,CELDAS_PENDIENTES,31.0,I162S2C23J1V1,REVISAR_FORMATO_VALOR_SIN_FUENTE,REVISION_ESPECIFICA_O_DECISION_MANUAL,,,
,FORMATO_VALOR,,,,,,,,,CELDAS_PENDIENTES,32.0,I162S2C23J2V1,REVISAR_FORMATO_VALOR_SIN_FUENTE,REVISION_ESPECIFICA_O_DECISION_MANUAL,,,
,FORMATO_VALOR,,,,,,,,,CELDAS_PENDIENTES,33.0,I162S2C24J1V1,REVISAR_FORMATO_VALOR_SIN_FUENTE,REVISION_ESPECIFICA_O_DECISION_MANUAL,,,
,FORMATO_VALOR,,,,,,,,,CELDAS_PENDIENTES,34.0,I162S2C24J2V1,REVISAR_FORMATO_VALOR_SIN_FUENTE,REVISION_ESPECIFICA_O_DECISION_MANUAL,,,
,FORMATO_VALOR,,,,,,,,,CELDAS_PENDIENTES,35.0,I162S2C2J1V2,REVISAR_FORMATO_VALOR_SIN_FUENTE,REVISION_ESPECIFICA_O_DECISION_MANUAL,,,
,FORMATO_VALOR,,,,,,,,,CELDAS_PENDIENTES,36.0,I162S2C2J2V2,REVISAR_FORMATO_VALOR_SIN_FUENTE,REVISION_ESPECIFICA_O_DECISION_MANUAL,,,
,FORMATO_VALOR,,,,,,,,,CELDAS_PENDIENTES,37.0,I162S2C2J4V2,REVISAR_FORMATO_VALOR_SIN_FUENTE,REVISION_ESPECIFICA_O_DECISION_MANUAL,,,
,FORMATO_VALOR,,,,,,,,,CELDAS_PENDIENTES,38.0,I162S2C35J1V2,REVISAR_FORMATO_VALOR_SIN_FUENTE,REVISION_ESPECIFICA_O_DECISION_MANUAL,,,
,FORMATO_VALOR,,,,,,,,,CELDAS_PENDIENTES,39.0,I162S2C35J2V2,REVISAR_FORMATO_VALOR_SIN_FUENTE,REVISION_ESPECIFICA_O_DECISION_MANUAL,,,
,FORMATO_VALOR,,,,,,,,,CELDAS_PENDIENTES,40.0,I162S2C35J4V2,REVISAR_FORMATO_VALOR_SIN_FUENTE,REVISION_ESPECIFICA_O_DECISION_MANUAL,,,
,FORMATO_VALOR,,,,,,,,,CELDAS_PENDIENTES,41.0,I162S2C3J2V2,REVISAR_FORMATO_VALOR_SIN_FUENTE,REVISION_ESPECIFICA_O_DECISION_MANUAL,,,
,FORMATO_VALOR,,,,,,,,,CELDAS_PENDIENTES,42.0,I162S2C40J2V1,REVISAR_FORMATO_VALOR_SIN_FUENTE,REVISION_ESPECIFICA_O_DECISION_MANUAL,,,
,FORMATO_VALOR,,,,,,,,,CELDAS_PENDIENTES,43.0,I162S2C41J2V1,REVISAR_FORMATO_VALOR_SIN_FUENTE,REVISION_ESPECIFICA_O_DECISION_MANUAL,,,
,FORMATO_VALOR,,,,,,,,,CELDAS_PENDIENTES,44.0,I162S2C53J3V1,REVISAR_FORMATO_VALOR_SIN_FUENTE,REVISION_ESPECIFICA_O_DECISION_MANUAL,,,
,FORMATO_VALOR,,,,,,,,,CELDAS_PENDIENTES,45.0,I162S2C63J4V1,REVISAR_FORMATO_VALOR_SIN_FUENTE,REVISION_ESPECIFICA_O_DECISION_MANUAL,,,
,FORMATO_VALOR,,,,,,,,,CELDAS_PENDIENTES,46.0,I162S2C64J4V1,REVISAR_FORMATO_VALOR_SIN_FUENTE,REVISION_ESPECIFICA_O_DECISION_MANUAL,,,
,FORMATO_VALOR,,,,,,,,,CELDAS_PENDIENTES,47.0,I162S2C65J4V1,REVISAR_FORMATO_VALOR_SIN_FUENTE,REVISION_ESPECIFICA_O_DECISION_MANUAL,,,
,FORMATO_VALOR,,,,,,,,,CELDAS_PENDIENTES,48.0,I162S2C66J4V1,REVISAR_FORMATO_VALOR_SIN_FUENTE,REVISION_ESPECIFICA_O_DECISION_MANUAL,,,
,FORMATO_VALOR,,,,,,,,,CELDAS_PENDIENTES,49.0,I162S2C67J4V1,REVISAR_FORMATO_VALOR_SIN_FUENTE,REVISION_ESPECIFICA_O_DECISION_MANUAL,,,
,FORMATO_VALOR,,,,,,,,,CELDAS_PENDIENTES,50.0,I162S2C68J4V1,REVISAR_FORMATO_VALOR_SIN_FUENTE,REVISION_ESPECIFICA_O_DECISION_MANUAL,,,
,FORMATO_VALOR,,,,,,,,,CELDAS_PENDIENTES,51.0,I162S2C69J4V1,REVISAR_FORMATO_VALOR_SIN_FUENTE,REVISION_ESPECIFICA_O_DECISION_MANUAL,,,
,FORMATO_VALOR,,,,,,,,,CELDAS_PENDIENTES,52.0,I162S2C6J1V1,REVISAR_FORMATO_VALOR_SIN_FUENTE,REVISION_ESPECIFICA_O_DECISION_MANUAL,,,
,FORMATO_VALOR,,,,,,,,,CELDAS_PENDIENTES,53.0,I162S2C6J2V1,REVISAR_FORMATO_VALOR_SIN_FUENTE,REVISION_ESPECIFICA_O_DECISION_MANUAL,,,
,FORMATO_VALOR,,,,,,,,,CELDAS_PENDIENTES,54.0,I162S2C6J4V1,REVISAR_FORMATO_VALOR_SIN_FUENTE,REVISION_ESPECIFICA_O_DECISION_MANUAL,,,
,FORMATO_VALOR,,,,,,,,,CELDAS_PENDIENTES,55.0,I162S2C70J4V1,REVISAR_FORMATO_VALOR_SIN_FUENTE,REVISION_ESPECIFICA_O_DECISION_MANUAL,,,
,FORMATO_VALOR,,,,,,,,,CELDAS_PENDIENTES,56.0,I162S2C71J4V1,REVISAR_FORMATO_VALOR_SIN_FUENTE,REVISION_ESPECIFICA_O_DECISION_MANUAL,,,
,FORMATO_VALOR,,,,,,,,,CELDAS_PENDIENTES,57.0,I162S2C76J4V2,REVISAR_FORMATO_VALOR_SIN_FUENTE,REVISION_ESPECIFICA_O_DECISION_MANUAL,,,
,FORMATO_VALOR,,,,,,,,,CELDAS_PENDIENTES,58.0,I162S2C77J4V2,REVISAR_FORMATO_VALOR_SIN_FUENTE,REVISION_ESPECIFICA_O_DECISION_MANUAL,,,
,FORMATO_VALOR,,,,,,,,,CELDAS_PENDIENTES,59.0,I162S2C83J4V2,REVISAR_FORMATO_VALOR_SIN_FUENTE,REVISION_ESPECIFICA_O_DECISION_MANUAL,,,
,FORMATO_VALOR,,,,,,,,,CELDAS_PENDIENTES,60.0,I162S2C86J4V2,REVISAR_FORMATO_VALOR_SIN_FUENTE,REVISION_ESPECIFICA_O_DECISION_MANUAL,,,
,FORMATO_VALOR,,,,,,,,,CELDAS_PENDIENTES,61.0,I162S2C87J4V2,REVISAR_FORMATO_VALOR_SIN_FUENTE,REVISION_ESPECIFICA_O_DECISION_MANUAL,,,
,FORMATO_VALOR,,,,,,,,,CELDAS_PENDIENTES,62.0,I162S2C88J4V2,REVISAR_FORMATO_VALOR_SIN_FUENTE,REVISION_ESPECIFICA_O_DECISION_MANUAL,,,
,FORMATO_VALOR,,,,,,,,,CELDAS_PENDIENTES,63.0,I162S2C90J2V1,REVISAR_FORMATO_VALOR_SIN_FUENTE,REVISION_ESPECIFICA_O_DECISION_MANUAL,,,
,FORMATO_VALOR,,,,,,,,,CELDAS_PENDIENTES,64.0,I162S2C90J2V2,REVISAR_FORMATO_VALOR_SIN_FUENTE,REVISION_ESPECIFICA_O_DECISION_MANUAL,,,
,FORMATO_VALOR,,,,,,,,,CELDAS_PENDIENTES,65.0,I162S2C95J4V1,REVISAR_FORMATO_VALOR_SIN_FUENTE,REVISION_ESPECIFICA_O_DECISION_MANUAL,,,
,FORMATO_VALOR,,,,,,,,,CELDAS_PENDIENTES,66.0,I162S2C96J4V1,REVISAR_FORMATO_VALOR_SIN_FUENTE,REVISION_ESPECIFICA_O_DECISION_MANUAL,,,
,FORMATO_VALOR,,,,,,,,,CELDAS_PENDIENTES,67.0,I162S2C97J4V1,REVISAR_FORMATO_VALOR_SIN_FUENTE,REVISION_ESPECIFICA_O_DECISION_MANUAL,,,
,FORMATO_VALOR,,,,,,,,,CELDAS_PENDIENTES,68.0,I162S2C98J4V1,REVISAR_FORMATO_VALOR_SIN_FUENTE,REVISION_ESPECIFICA_O_DECISION_MANUAL,,,
,FORMATO_VALOR,,,,,,,,,CELDAS_PENDIENTES,69.0,I162S2C99J4V1,REVISAR_FORMATO_VALOR_SIN_FUENTE,REVISION_ESPECIFICA_O_DECISION_MANUAL,,,
,FORMATO_VALOR,,,,,,,,,CELDAS_PENDIENTES,70.0,I162S3C114J2V1,REVISAR_FORMATO_VALOR_SIN_FUENTE,REVISION_ESPECIFICA_O_DECISION_MANUAL,,,
,FORMATO_VALOR,,,,,,,,,CELDAS_PENDIENTES,71.0,I162S3C115J2V1,REVISAR_FORMATO_VALOR_SIN_FUENTE,REVISION_ESPECIFICA_O_DECISION_MANUAL,,,
,FORMATO_VALOR,,,,,,,,,CELDAS_PENDIENTES,72.0,I162S3C91J2V1,REVISAR_FORMATO_VALOR_SIN_FUENTE,REVISION_ESPECIFICA_O_DECISION_MANUAL,,,
,VALOR_MATRICULA_ANUAL,,,,,,,,,CELDAS_PENDIENTES,2.0,I162S2C101J4V1,REVISAR_VALOR_MATRICULA_ANUAL_SIN_FUENTE,REVISION_ESPECIFICA_O_DECISION_MANUAL,,,
,VALOR_MATRICULA_ANUAL,,,,,,,,,CELDAS_PENDIENTES,3.0,I162S2C102J4V1,REVISAR_VALOR_MATRICULA_ANUAL_SIN_FUENTE,REVISION_ESPECIFICA_O_DECISION_MANUAL,,,
,VALOR_MATRICULA_ANUAL,,,,,,,,,CELDAS_PENDIENTES,4.0,I162S2C103J4V1,REVISAR_VALOR_MATRICULA_ANUAL_SIN_FUENTE,REVISION_ESPECIFICA_O_DECISION_MANUAL,,,
,VALOR_MATRICULA_ANUAL,,,,,,,,,CELDAS_PENDIENTES,5.0,I162S2C104J4V1,REVISAR_VALOR_MATRICULA_ANUAL_SIN_FUENTE,REVISION_ESPECIFICA_O_DECISION_MANUAL,,,
,VALOR_MATRICULA_ANUAL,,,,,,,,,CELDAS_PENDIENTES,6.0,I162S2C105J4V1,REVISAR_VALOR_MATRICULA_ANUAL_SIN_FUENTE,REVISION_ESPECIFICA_O_DECISION_MANUAL,,,
,VALOR_MATRICULA_ANUAL,,,,,,,,,CELDAS_PENDIENTES,7.0,I162S2C10J1V1,REVISAR_VALOR_MATRICULA_ANUAL_SIN_FUENTE,REVISION_ESPECIFICA_O_DECISION_MANUAL,,,
,VALOR_MATRICULA_ANUAL,,,,,,,,,CELDAS_PENDIENTES,8.0,I162S2C10J4V1,REVISAR_VALOR_MATRICULA_ANUAL_SIN_FUENTE,REVISION_ESPECIFICA_O_DECISION_MANUAL,,,
,VALOR_MATRICULA_ANUAL,,,,,,,,,CELDAS_PENDIENTES,9.0,I162S2C111J4V1,REVISAR_VALOR_MATRICULA_ANUAL_SIN_FUENTE,REVISION_ESPECIFICA_O_DECISION_MANUAL,,,
,VALOR_MATRICULA_ANUAL,,,,,,,,,CELDAS_PENDIENTES,10.0,I162S2C111J4V2,REVISAR_VALOR_MATRICULA_ANUAL_SIN_FUENTE,REVISION_ESPECIFICA_O_DECISION_MANUAL,,,
,VALOR_MATRICULA_ANUAL,,,,,,,,,CELDAS_PENDIENTES,11.0,I162S2C112J4V1,REVISAR_VALOR_MATRICULA_ANUAL_SIN_FUENTE,REVISION_ESPECIFICA_O_DECISION_MANUAL,,,
,VALOR_MATRICULA_ANUAL,,,,,,,,,CELDAS_PENDIENTES,12.0,I162S2C112J4V2,REVISAR_VALOR_MATRICULA_ANUAL_SIN_FUENTE,REVISION_ESPECIFICA_O_DECISION_MANUAL,,,
,VALOR_MATRICULA_ANUAL,,,,,,,,,CELDAS_PENDIENTES,13.0,I162S2C113J4V1,REVISAR_VALOR_MATRICULA_ANUAL_SIN_FUENTE,REVISION_ESPECIFICA_O_DECISION_MANUAL,,,
,VALOR_MATRICULA_ANUAL,,,,,,,,,CELDAS_PENDIENTES,14.0,I162S2C113J4V2,REVISAR_VALOR_MATRICULA_ANUAL_SIN_FUENTE,REVISION_ESPECIFICA_O_DECISION_MANUAL,,,
,VALOR_MATRICULA_ANUAL,,,,,,,,,CELDAS_PENDIENTES,15.0,I162S2C114J2V1,REVISAR_VALOR_MATRICULA_ANUAL_SIN_FUENTE,REVISION_ESPECIFICA_O_DECISION_MANUAL,,,
,VALOR_MATRICULA_ANUAL,,,,,,,,,CELDAS_PENDIENTES,16.0,I162S2C115J2V1,REVISAR_VALOR_MATRICULA_ANUAL_SIN_FUENTE,REVISION_ESPECIFICA_O_DECISION_MANUAL,,,
,VALOR_MATRICULA_ANUAL,,,,,,,,,CELDAS_PENDIENTES,17.0,I162S2C116J4V1,REVISAR_VALOR_MATRICULA_ANUAL_SIN_FUENTE,REVISION_ESPECIFICA_O_DECISION_MANUAL,,,
,VALOR_MATRICULA_ANUAL,,,,,,,,,CELDAS_PENDIENTES,18.0,I162S2C117J4V1,REVISAR_VALOR_MATRICULA_ANUAL_SIN_FUENTE,REVISION_ESPECIFICA_O_DECISION_MANUAL,,,
,VALOR_MATRICULA_ANUAL,,,,,,,,,CELDAS_PENDIENTES,19.0,I162S2C118J4V1,REVISAR_VALOR_MATRICULA_ANUAL_SIN_FUENTE,REVISION_ESPECIFICA_O_DECISION_MANUAL,,,
,VALOR_MATRICULA_ANUAL,,,,,,,,,CELDAS_PENDIENTES,20.0,I162S2C119J4V1,REVISAR_VALOR_MATRICULA_ANUAL_SIN_FUENTE,REVISION_ESPECIFICA_O_DECISION_MANUAL,,,
,VALOR_MATRICULA_ANUAL,,,,,,,,,CELDAS_PENDIENTES,21.0,I162S2C124J4V1,REVISAR_VALOR_MATRICULA_ANUAL_SIN_FUENTE,REVISION_ESPECIFICA_O_DECISION_MANUAL,,,
,VALOR_MATRICULA_ANUAL,,,,,,,,,CELDAS_PENDIENTES,22.0,I162S2C124J4V2,REVISAR_VALOR_MATRICULA_ANUAL_SIN_FUENTE,REVISION_ESPECIFICA_O_DECISION_MANUAL,,,
,VALOR_MATRICULA_ANUAL,,,,,,,,,CELDAS_PENDIENTES,23.0,I162S2C125J4V1,REVISAR_VALOR_MATRICULA_ANUAL_SIN_FUENTE,REVISION_ESPECIFICA_O_DECISION_MANUAL,,,
,VALOR_MATRICULA_ANUAL,,,,,,,,,CELDAS_PENDIENTES,24.0,I162S2C125J4V2,REVISAR_VALOR_MATRICULA_ANUAL_SIN_FUENTE,REVISION_ESPECIFICA_O_DECISION_MANUAL,,,
,VALOR_MATRICULA_ANUAL,,,,,,,,,CELDAS_PENDIENTES,25.0,I162S2C13J1V1,REVISAR_VALOR_MATRICULA_ANUAL_SIN_FUENTE,REVISION_ESPECIFICA_O_DECISION_MANUAL,,,
,VALOR_MATRICULA_ANUAL,,,,,,,,,CELDAS_PENDIENTES,26.0,I162S2C13J2V1,REVISAR_VALOR_MATRICULA_ANUAL_SIN_FUENTE,REVISION_ESPECIFICA_O_DECISION_MANUAL,,,
,VALOR_MATRICULA_ANUAL,,,,,,,,,CELDAS_PENDIENTES,27.0,I162S2C1J2V2,REVISAR_VALOR_MATRICULA_ANUAL_SIN_FUENTE,REVISION_ESPECIFICA_O_DECISION_MANUAL,,,
,VALOR_MATRICULA_ANUAL,,,,,,,,,CELDAS_PENDIENTES,28.0,I162S2C1J4V3,REVISAR_VALOR_MATRICULA_ANUAL_SIN_FUENTE,REVISION_ESPECIFICA_O_DECISION_MANUAL,,,
,VALOR_MATRICULA_ANUAL,,,,,,,,,CELDAS_PENDIENTES,29.0,I162S2C21J1V1,REVISAR_VALOR_MATRICULA_ANUAL_SIN_FUENTE,REVISION_ESPECIFICA_O_DECISION_MANUAL,,,
,VALOR_MATRICULA_ANUAL,,,,,,,,,CELDAS_PENDIENTES,30.0,I162S2C21J2V1,REVISAR_VALOR_MATRICULA_ANUAL_SIN_FUENTE,REVISION_ESPECIFICA_O_DECISION_MANUAL,,,
,VALOR_MATRICULA_ANUAL,,,,,,,,,CELDAS_PENDIENTES,31.0,I162S2C23J1V1,REVISAR_VALOR_MATRICULA_ANUAL_SIN_FUENTE,REVISION_ESPECIFICA_O_DECISION_MANUAL,,,
,VALOR_MATRICULA_ANUAL,,,,,,,,,CELDAS_PENDIENTES,32.0,I162S2C23J2V1,REVISAR_VALOR_MATRICULA_ANUAL_SIN_FUENTE,REVISION_ESPECIFICA_O_DECISION_MANUAL,,,
,VALOR_MATRICULA_ANUAL,,,,,,,,,CELDAS_PENDIENTES,33.0,I162S2C24J1V1,REVISAR_VALOR_MATRICULA_ANUAL_SIN_FUENTE,REVISION_ESPECIFICA_O_DECISION_MANUAL,,,
,VALOR_MATRICULA_ANUAL,,,,,,,,,CELDAS_PENDIENTES,34.0,I162S2C24J2V1,REVISAR_VALOR_MATRICULA_ANUAL_SIN_FUENTE,REVISION_ESPECIFICA_O_DECISION_MANUAL,,,
,VALOR_MATRICULA_ANUAL,,,,,,,,,CELDAS_PENDIENTES,35.0,I162S2C2J1V2,REVISAR_VALOR_MATRICULA_ANUAL_SIN_FUENTE,REVISION_ESPECIFICA_O_DECISION_MANUAL,,,
,VALOR_MATRICULA_ANUAL,,,,,,,,,CELDAS_PENDIENTES,36.0,I162S2C2J2V2,REVISAR_VALOR_MATRICULA_ANUAL_SIN_FUENTE,REVISION_ESPECIFICA_O_DECISION_MANUAL,,,
,VALOR_MATRICULA_ANUAL,,,,,,,,,CELDAS_PENDIENTES,37.0,I162S2C2J4V2,REVISAR_VALOR_MATRICULA_ANUAL_SIN_FUENTE,REVISION_ESPECIFICA_O_DECISION_MANUAL,,,
,VALOR_MATRICULA_ANUAL,,,,,,,,,CELDAS_PENDIENTES,38.0,I162S2C35J1V2,REVISAR_VALOR_MATRICULA_ANUAL_SIN_FUENTE,REVISION_ESPECIFICA_O_DECISION_MANUAL,,,
,VALOR_MATRICULA_ANUAL,,,,,,,,,CELDAS_PENDIENTES,39.0,I162S2C35J2V2,REVISAR_VALOR_MATRICULA_ANUAL_SIN_FUENTE,REVISION_ESPECIFICA_O_DECISION_MANUAL,,,
,VALOR_MATRICULA_ANUAL,,,,,,,,,CELDAS_PENDIENTES,40.0,I162S2C35J4V2,REVISAR_VALOR_MATRICULA_ANUAL_SIN_FUENTE,REVISION_ESPECIFICA_O_DECISION_MANUAL,,,
,VALOR_MATRICULA_ANUAL,,,,,,,,,CELDAS_PENDIENTES,41.0,I162S2C3J2V2,REVISAR_VALOR_MATRICULA_ANUAL_SIN_FUENTE,REVISION_ESPECIFICA_O_DECISION_MANUAL,,,
,VALOR_MATRICULA_ANUAL,,,,,,,,,CELDAS_PENDIENTES,42.0,I162S2C40J2V1,REVISAR_VALOR_MATRICULA_ANUAL_SIN_FUENTE,REVISION_ESPECIFICA_O_DECISION_MANUAL,,,
,VALOR_MATRICULA_ANUAL,,,,,,,,,CELDAS_PENDIENTES,43.0,I162S2C41J2V1,REVISAR_VALOR_MATRICULA_ANUAL_SIN_FUENTE,REVISION_ESPECIFICA_O_DECISION_MANUAL,,,
,VALOR_MATRICULA_ANUAL,,,,,,,,,CELDAS_PENDIENTES,44.0,I162S2C53J3V1,REVISAR_VALOR_MATRICULA_ANUAL_SIN_FUENTE,REVISION_ESPECIFICA_O_DECISION_MANUAL,,,
,VALOR_MATRICULA_ANUAL,,,,,,,,,CELDAS_PENDIENTES,45.0,I162S2C63J4V1,REVISAR_VALOR_MATRICULA_ANUAL_SIN_FUENTE,REVISION_ESPECIFICA_O_DECISION_MANUAL,,,
,VALOR_MATRICULA_ANUAL,,,,,,,,,CELDAS_PENDIENTES,46.0,I162S2C64J4V1,REVISAR_VALOR_MATRICULA_ANUAL_SIN_FUENTE,REVISION_ESPECIFICA_O_DECISION_MANUAL,,,
,VALOR_MATRICULA_ANUAL,,,,,,,,,CELDAS_PENDIENTES,47.0,I162S2C65J4V1,REVISAR_VALOR_MATRICULA_ANUAL_SIN_FUENTE,REVISION_ESPECIFICA_O_DECISION_MANUAL,,,
,VALOR_MATRICULA_ANUAL,,,,,,,,,CELDAS_PENDIENTES,48.0,I162S2C66J4V1,REVISAR_VALOR_MATRICULA_ANUAL_SIN_FUENTE,REVISION_ESPECIFICA_O_DECISION_MANUAL,,,
,VALOR_MATRICULA_ANUAL,,,,,,,,,CELDAS_PENDIENTES,49.0,I162S2C67J4V1,REVISAR_VALOR_MATRICULA_ANUAL_SIN_FUENTE,REVISION_ESPECIFICA_O_DECISION_MANUAL,,,
,VALOR_MATRICULA_ANUAL,,,,,,,,,CELDAS_PENDIENTES,50.0,I162S2C68J4V1,REVISAR_VALOR_MATRICULA_ANUAL_SIN_FUENTE,REVISION_ESPECIFICA_O_DECISION_MANUAL,,,
,VALOR_MATRICULA_ANUAL,,,,,,,,,CELDAS_PENDIENTES,51.0,I162S2C69J4V1,REVISAR_VALOR_MATRICULA_ANUAL_SIN_FUENTE,REVISION_ESPECIFICA_O_DECISION_MANUAL,,,
,VALOR_MATRICULA_ANUAL,,,,,,,,,CELDAS_PENDIENTES,52.0,I162S2C6J1V1,REVISAR_VALOR_MATRICULA_ANUAL_SIN_FUENTE,REVISION_ESPECIFICA_O_DECISION_MANUAL,,,
,VALOR_MATRICULA_ANUAL,,,,,,,,,CELDAS_PENDIENTES,53.0,I162S2C6J2V1,REVISAR_VALOR_MATRICULA_ANUAL_SIN_FUENTE,REVISION_ESPECIFICA_O_DECISION_MANUAL,,,
,VALOR_MATRICULA_ANUAL,,,,,,,,,CELDAS_PENDIENTES,54.0,I162S2C6J4V1,REVISAR_VALOR_MATRICULA_ANUAL_SIN_FUENTE,REVISION_ESPECIFICA_O_DECISION_MANUAL,,,
,VALOR_MATRICULA_ANUAL,,,,,,,,,CELDAS_PENDIENTES,55.0,I162S2C70J4V1,REVISAR_VALOR_MATRICULA_ANUAL_SIN_FUENTE,REVISION_ESPECIFICA_O_DECISION_MANUAL,,,
,VALOR_MATRICULA_ANUAL,,,,,,,,,CELDAS_PENDIENTES,56.0,I162S2C71J4V1,REVISAR_VALOR_MATRICULA_ANUAL_SIN_FUENTE,REVISION_ESPECIFICA_O_DECISION_MANUAL,,,
,VALOR_MATRICULA_ANUAL,,,,,,,,,CELDAS_PENDIENTES,57.0,I162S2C76J4V2,REVISAR_VALOR_MATRICULA_ANUAL_SIN_FUENTE,REVISION_ESPECIFICA_O_DECISION_MANUAL,,,
,VALOR_MATRICULA_ANUAL,,,,,,,,,CELDAS_PENDIENTES,58.0,I162S2C77J4V2,REVISAR_VALOR_MATRICULA_ANUAL_SIN_FUENTE,REVISION_ESPECIFICA_O_DECISION_MANUAL,,,
,VALOR_MATRICULA_ANUAL,,,,,,,,,CELDAS_PENDIENTES,59.0,I162S2C83J4V2,REVISAR_VALOR_MATRICULA_ANUAL_SIN_FUENTE,REVISION_ESPECIFICA_O_DECISION_MANUAL,,,
,VALOR_MATRICULA_ANUAL,,,,,,,,,CELDAS_PENDIENTES,60.0,I162S2C86J4V2,REVISAR_VALOR_MATRICULA_ANUAL_SIN_FUENTE,REVISION_ESPECIFICA_O_DECISION_MANUAL,,,
,VALOR_MATRICULA_ANUAL,,,,,,,,,CELDAS_PENDIENTES,61.0,I162S2C87J4V2,REVISAR_VALOR_MATRICULA_ANUAL_SIN_FUENTE,REVISION_ESPECIFICA_O_DECISION_MANUAL,,,
,VALOR_MATRICULA_ANUAL,,,,,,,,,CELDAS_PENDIENTES,62.0,I162S2C88J4V2,REVISAR_VALOR_MATRICULA_ANUAL_SIN_FUENTE,REVISION_ESPECIFICA_O_DECISION_MANUAL,,,
,VALOR_MATRICULA_ANUAL,,,,,,,,,CELDAS_PENDIENTES,63.0,I162S2C90J2V1,REVISAR_VALOR_MATRICULA_ANUAL_SIN_FUENTE,REVISION_ESPECIFICA_O_DECISION_MANUAL,,,
,VALOR_MATRICULA_ANUAL,,,,,,,,,CELDAS_PENDIENTES,64.0,I162S2C90J2V2,REVISAR_VALOR_MATRICULA_ANUAL_SIN_FUENTE,REVISION_ESPECIFICA_O_DECISION_MANUAL,,,
,VALOR_MATRICULA_ANUAL,,,,,,,,,CELDAS_PENDIENTES,65.0,I162S2C95J4V1,REVISAR_VALOR_MATRICULA_ANUAL_SIN_FUENTE,REVISION_ESPECIFICA_O_DECISION_MANUAL,,,
,VALOR_MATRICULA_ANUAL,,,,,,,,,CELDAS_PENDIENTES,66.0,I162S2C96J4V1,REVISAR_VALOR_MATRICULA_ANUAL_SIN_FUENTE,REVISION_ESPECIFICA_O_DECISION_MANUAL,,,
,VALOR_MATRICULA_ANUAL,,,,,,,,,CELDAS_PENDIENTES,67.0,I162S2C97J4V1,REVISAR_VALOR_MATRICULA_ANUAL_SIN_FUENTE,REVISION_ESPECIFICA_O_DECISION_MANUAL,,,
,VALOR_MATRICULA_ANUAL,,,,,,,,,CELDAS_PENDIENTES,68.0,I162S2C98J4V1,REVISAR_VALOR_MATRICULA_ANUAL_SIN_FUENTE,REVISION_ESPECIFICA_O_DECISION_MANUAL,,,
,VALOR_MATRICULA_ANUAL,,,,,,,,,CELDAS_PENDIENTES,69.0,I162S2C99J4V1,REVISAR_VALOR_MATRICULA_ANUAL_SIN_FUENTE,REVISION_ESPECIFICA_O_DECISION_MANUAL,,,
,VALOR_MATRICULA_ANUAL,,,,,,,,,CELDAS_PENDIENTES,70.0,I162S3C114J2V1,REVISAR_VALOR_MATRICULA_ANUAL_SIN_FUENTE,REVISION_ESPECIFICA_O_DECISION_MANUAL,,,
,VALOR_MATRICULA_ANUAL,,,,,,,,,CELDAS_PENDIENTES,71.0,I162S3C115J2V1,REVISAR_VALOR_MATRICULA_ANUAL_SIN_FUENTE,REVISION_ESPECIFICA_O_DECISION_MANUAL,,,
,VALOR_MATRICULA_ANUAL,,,,,,,,,CELDAS_PENDIENTES,72.0,I162S3C91J2V1,REVISAR_VALOR_MATRICULA_ANUAL_SIN_FUENTE,REVISION_ESPECIFICA_O_DECISION_MANUAL,,,
,COSTO_TITULACION,,,,,,,,,CELDAS_PENDIENTES,2.0,I162S2C101J4V1,REVISAR_COSTO_TITULACION_SIN_FUENTE,REVISION_ESPECIFICA_O_DECISION_MANUAL,,,
,COSTO_TITULACION,,,,,,,,,CELDAS_PENDIENTES,3.0,I162S2C102J4V1,REVISAR_COSTO_TITULACION_SIN_FUENTE,REVISION_ESPECIFICA_O_DECISION_MANUAL,,,
,COSTO_TITULACION,,,,,,,,,CELDAS_PENDIENTES,4.0,I162S2C103J4V1,REVISAR_COSTO_TITULACION_SIN_FUENTE,REVISION_ESPECIFICA_O_DECISION_MANUAL,,,
,COSTO_TITULACION,,,,,,,,,CELDAS_PENDIENTES,5.0,I162S2C104J4V1,REVISAR_COSTO_TITULACION_SIN_FUENTE,REVISION_ESPECIFICA_O_DECISION_MANUAL,,,
,COSTO_TITULACION,,,,,,,,,CELDAS_PENDIENTES,6.0,I162S2C105J4V1,REVISAR_COSTO_TITULACION_SIN_FUENTE,REVISION_ESPECIFICA_O_DECISION_MANUAL,,,
,COSTO_TITULACION,,,,,,,,,CELDAS_PENDIENTES,7.0,I162S2C10J1V1,REVISAR_COSTO_TITULACION_SIN_FUENTE,REVISION_ESPECIFICA_O_DECISION_MANUAL,,,
,COSTO_TITULACION,,,,,,,,,CELDAS_PENDIENTES,8.0,I162S2C10J4V1,REVISAR_COSTO_TITULACION_SIN_FUENTE,REVISION_ESPECIFICA_O_DECISION_MANUAL,,,
,COSTO_TITULACION,,,,,,,,,CELDAS_PENDIENTES,9.0,I162S2C111J4V1,REVISAR_COSTO_TITULACION_SIN_FUENTE,REVISION_ESPECIFICA_O_DECISION_MANUAL,,,
,COSTO_TITULACION,,,,,,,,,CELDAS_PENDIENTES,10.0,I162S2C111J4V2,REVISAR_COSTO_TITULACION_SIN_FUENTE,REVISION_ESPECIFICA_O_DECISION_MANUAL,,,
,COSTO_TITULACION,,,,,,,,,CELDAS_PENDIENTES,11.0,I162S2C112J4V1,REVISAR_COSTO_TITULACION_SIN_FUENTE,REVISION_ESPECIFICA_O_DECISION_MANUAL,,,
,COSTO_TITULACION,,,,,,,,,CELDAS_PENDIENTES,12.0,I162S2C112J4V2,REVISAR_COSTO_TITULACION_SIN_FUENTE,REVISION_ESPECIFICA_O_DECISION_MANUAL,,,
,COSTO_TITULACION,,,,,,,,,CELDAS_PENDIENTES,13.0,I162S2C113J4V1,REVISAR_COSTO_TITULACION_SIN_FUENTE,REVISION_ESPECIFICA_O_DECISION_MANUAL,,,
,COSTO_TITULACION,,,,,,,,,CELDAS_PENDIENTES,14.0,I162S2C113J4V2,REVISAR_COSTO_TITULACION_SIN_FUENTE,REVISION_ESPECIFICA_O_DECISION_MANUAL,,,
,COSTO_TITULACION,,,,,,,,,CELDAS_PENDIENTES,15.0,I162S2C114J2V1,REVISAR_COSTO_TITULACION_SIN_FUENTE,REVISION_ESPECIFICA_O_DECISION_MANUAL,,,
,COSTO_TITULACION,,,,,,,,,CELDAS_PENDIENTES,16.0,I162S2C115J2V1,REVISAR_COSTO_TITULACION_SIN_FUENTE,REVISION_ESPECIFICA_O_DECISION_MANUAL,,,
,COSTO_TITULACION,,,,,,,,,CELDAS_PENDIENTES,17.0,I162S2C116J4V1,REVISAR_COSTO_TITULACION_SIN_FUENTE,REVISION_ESPECIFICA_O_DECISION_MANUAL,,,
,COSTO_TITULACION,,,,,,,,,CELDAS_PENDIENTES,18.0,I162S2C117J4V1,REVISAR_COSTO_TITULACION_SIN_FUENTE,REVISION_ESPECIFICA_O_DECISION_MANUAL,,,
,COSTO_TITULACION,,,,,,,,,CELDAS_PENDIENTES,19.0,I162S2C118J4V1,REVISAR_COSTO_TITULACION_SIN_FUENTE,REVISION_ESPECIFICA_O_DECISION_MANUAL,,,
,COSTO_TITULACION,,,,,,,,,CELDAS_PENDIENTES,20.0,I162S2C119J4V1,REVISAR_COSTO_TITULACION_SIN_FUENTE,REVISION_ESPECIFICA_O_DECISION_MANUAL,,,
,COSTO_TITULACION,,,,,,,,,CELDAS_PENDIENTES,21.0,I162S2C124J4V1,REVISAR_COSTO_TITULACION_SIN_FUENTE,REVISION_ESPECIFICA_O_DECISION_MANUAL,,,
,COSTO_TITULACION,,,,,,,,,CELDAS_PENDIENTES,22.0,I162S2C124J4V2,REVISAR_COSTO_TITULACION_SIN_FUENTE,REVISION_ESPECIFICA_O_DECISION_MANUAL,,,
,COSTO_TITULACION,,,,,,,,,CELDAS_PENDIENTES,23.0,I162S2C125J4V1,REVISAR_COSTO_TITULACION_SIN_FUENTE,REVISION_ESPECIFICA_O_DECISION_MANUAL,,,
,COSTO_TITULACION,,,,,,,,,CELDAS_PENDIENTES,24.0,I162S2C125J4V2,REVISAR_COSTO_TITULACION_SIN_FUENTE,REVISION_ESPECIFICA_O_DECISION_MANUAL,,,
,COSTO_TITULACION,,,,,,,,,CELDAS_PENDIENTES,25.0,I162S2C13J1V1,REVISAR_COSTO_TITULACION_SIN_FUENTE,REVISION_ESPECIFICA_O_DECISION_MANUAL,,,
,COSTO_TITULACION,,,,,,,,,CELDAS_PENDIENTES,26.0,I162S2C13J2V1,REVISAR_COSTO_TITULACION_SIN_FUENTE,REVISION_ESPECIFICA_O_DECISION_MANUAL,,,
,COSTO_TITULACION,,,,,,,,,CELDAS_PENDIENTES,27.0,I162S2C1J2V2,REVISAR_COSTO_TITULACION_SIN_FUENTE,REVISION_ESPECIFICA_O_DECISION_MANUAL,,,
,COSTO_TITULACION,,,,,,,,,CELDAS_PENDIENTES,28.0,I162S2C1J4V3,REVISAR_COSTO_TITULACION_SIN_FUENTE,REVISION_ESPECIFICA_O_DECISION_MANUAL,,,
,COSTO_TITULACION,,,,,,,,,CELDAS_PENDIENTES,29.0,I162S2C21J1V1,REVISAR_COSTO_TITULACION_SIN_FUENTE,REVISION_ESPECIFICA_O_DECISION_MANUAL,,,
,COSTO_TITULACION,,,,,,,,,CELDAS_PENDIENTES,30.0,I162S2C21J2V1,REVISAR_COSTO_TITULACION_SIN_FUENTE,REVISION_ESPECIFICA_O_DECISION_MANUAL,,,
,COSTO_TITULACION,,,,,,,,,CELDAS_PENDIENTES,31.0,I162S2C23J1V1,REVISAR_COSTO_TITULACION_SIN_FUENTE,REVISION_ESPECIFICA_O_DECISION_MANUAL,,,
,COSTO_TITULACION,,,,,,,,,CELDAS_PENDIENTES,32.0,I162S2C23J2V1,REVISAR_COSTO_TITULACION_SIN_FUENTE,REVISION_ESPECIFICA_O_DECISION_MANUAL,,,
,COSTO_TITULACION,,,,,,,,,CELDAS_PENDIENTES,33.0,I162S2C24J1V1,REVISAR_COSTO_TITULACION_SIN_FUENTE,REVISION_ESPECIFICA_O_DECISION_MANUAL,,,
,COSTO_TITULACION,,,,,,,,,CELDAS_PENDIENTES,34.0,I162S2C24J2V1,REVISAR_COSTO_TITULACION_SIN_FUENTE,REVISION_ESPECIFICA_O_DECISION_MANUAL,,,
,COSTO_TITULACION,,,,,,,,,CELDAS_PENDIENTES,35.0,I162S2C2J1V2,REVISAR_COSTO_TITULACION_SIN_FUENTE,REVISION_ESPECIFICA_O_DECISION_MANUAL,,,
,COSTO_TITULACION,,,,,,,,,CELDAS_PENDIENTES,36.0,I162S2C2J2V2,REVISAR_COSTO_TITULACION_SIN_FUENTE,REVISION_ESPECIFICA_O_DECISION_MANUAL,,,
,COSTO_TITULACION,,,,,,,,,CELDAS_PENDIENTES,37.0,I162S2C2J4V2,REVISAR_COSTO_TITULACION_SIN_FUENTE,REVISION_ESPECIFICA_O_DECISION_MANUAL,,,
,COSTO_TITULACION,,,,,,,,,CELDAS_PENDIENTES,38.0,I162S2C35J1V2,REVISAR_COSTO_TITULACION_SIN_FUENTE,REVISION_ESPECIFICA_O_DECISION_MANUAL,,,
,COSTO_TITULACION,,,,,,,,,CELDAS_PENDIENTES,39.0,I162S2C35J2V2,REVISAR_COSTO_TITULACION_SIN_FUENTE,REVISION_ESPECIFICA_O_DECISION_MANUAL,,,
,COSTO_TITULACION,,,,,,,,,CELDAS_PENDIENTES,40.0,I162S2C35J4V2,REVISAR_COSTO_TITULACION_SIN_FUENTE,REVISION_ESPECIFICA_O_DECISION_MANUAL,,,
,COSTO_TITULACION,,,,,,,,,CELDAS_PENDIENTES,41.0,I162S2C3J2V2,REVISAR_COSTO_TITULACION_SIN_FUENTE,REVISION_ESPECIFICA_O_DECISION_MANUAL,,,
,COSTO_TITULACION,,,,,,,,,CELDAS_PENDIENTES,42.0,I162S2C40J2V1,REVISAR_COSTO_TITULACION_SIN_FUENTE,REVISION_ESPECIFICA_O_DECISION_MANUAL,,,
,COSTO_TITULACION,,,,,,,,,CELDAS_PENDIENTES,43.0,I162S2C41J2V1,REVISAR_COSTO_TITULACION_SIN_FUENTE,REVISION_ESPECIFICA_O_DECISION_MANUAL,,,
,COSTO_TITULACION,,,,,,,,,CELDAS_PENDIENTES,44.0,I162S2C53J3V1,REVISAR_COSTO_TITULACION_SIN_FUENTE,REVISION_ESPECIFICA_O_DECISION_MANUAL,,,
,COSTO_TITULACION,,,,,,,,,CELDAS_PENDIENTES,45.0,I162S2C63J4V1,REVISAR_COSTO_TITULACION_SIN_FUENTE,REVISION_ESPECIFICA_O_DECISION_MANUAL,,,
,COSTO_TITULACION,,,,,,,,,CELDAS_PENDIENTES,46.0,I162S2C64J4V1,REVISAR_COSTO_TITULACION_SIN_FUENTE,REVISION_ESPECIFICA_O_DECISION_MANUAL,,,
,COSTO_TITULACION,,,,,,,,,CELDAS_PENDIENTES,47.0,I162S2C65J4V1,REVISAR_COSTO_TITULACION_SIN_FUENTE,REVISION_ESPECIFICA_O_DECISION_MANUAL,,,
,COSTO_TITULACION,,,,,,,,,CELDAS_PENDIENTES,48.0,I162S2C66J4V1,REVISAR_COSTO_TITULACION_SIN_FUENTE,REVISION_ESPECIFICA_O_DECISION_MANUAL,,,
,COSTO_TITULACION,,,,,,,,,CELDAS_PENDIENTES,49.0,I162S2C67J4V1,REVISAR_COSTO_TITULACION_SIN_FUENTE,REVISION_ESPECIFICA_O_DECISION_MANUAL,,,
,COSTO_TITULACION,,,,,,,,,CELDAS_PENDIENTES,50.0,I162S2C68J4V1,REVISAR_COSTO_TITULACION_SIN_FUENTE,REVISION_ESPECIFICA_O_DECISION_MANUAL,,,
,COSTO_TITULACION,,,,,,,,,CELDAS_PENDIENTES,51.0,I162S2C69J4V1,REVISAR_COSTO_TITULACION_SIN_FUENTE,REVISION_ESPECIFICA_O_DECISION_MANUAL,,,
,COSTO_TITULACION,,,,,,,,,CELDAS_PENDIENTES,52.0,I162S2C6J1V1,REVISAR_COSTO_TITULACION_SIN_FUENTE,REVISION_ESPECIFICA_O_DECISION_MANUAL,,,
,COSTO_TITULACION,,,,,,,,,CELDAS_PENDIENTES,53.0,I162S2C6J2V1,REVISAR_COSTO_TITULACION_SIN_FUENTE,REVISION_ESPECIFICA_O_DECISION_MANUAL,,,
,COSTO_TITULACION,,,,,,,,,CELDAS_PENDIENTES,54.0,I162S2C6J4V1,REVISAR_COSTO_TITULACION_SIN_FUENTE,REVISION_ESPECIFICA_O_DECISION_MANUAL,,,
,COSTO_TITULACION,,,,,,,,,CELDAS_PENDIENTES,55.0,I162S2C70J4V1,REVISAR_COSTO_TITULACION_SIN_FUENTE,REVISION_ESPECIFICA_O_DECISION_MANUAL,,,
,COSTO_TITULACION,,,,,,,,,CELDAS_PENDIENTES,56.0,I162S2C71J4V1,REVISAR_COSTO_TITULACION_SIN_FUENTE,REVISION_ESPECIFICA_O_DECISION_MANUAL,,,
,COSTO_TITULACION,,,,,,,,,CELDAS_PENDIENTES,57.0,I162S2C76J4V2,REVISAR_COSTO_TITULACION_SIN_FUENTE,REVISION_ESPECIFICA_O_DECISION_MANUAL,,,
,COSTO_TITULACION,,,,,,,,,CELDAS_PENDIENTES,58.0,I162S2C77J4V2,REVISAR_COSTO_TITULACION_SIN_FUENTE,REVISION_ESPECIFICA_O_DECISION_MANUAL,,,
,COSTO_TITULACION,,,,,,,,,CELDAS_PENDIENTES,59.0,I162S2C83J4V2,REVISAR_COSTO_TITULACION_SIN_FUENTE,REVISION_ESPECIFICA_O_DECISION_MANUAL,,,
,COSTO_TITULACION,,,,,,,,,CELDAS_PENDIENTES,60.0,I162S2C86J4V2,REVISAR_COSTO_TITULACION_SIN_FUENTE,REVISION_ESPECIFICA_O_DECISION_MANUAL,,,
,COSTO_TITULACION,,,,,,,,,CELDAS_PENDIENTES,61.0,I162S2C87J4V2,REVISAR_COSTO_TITULACION_SIN_FUENTE,REVISION_ESPECIFICA_O_DECISION_MANUAL,,,
,COSTO_TITULACION,,,,,,,,,CELDAS_PENDIENTES,62.0,I162S2C88J4V2,REVISAR_COSTO_TITULACION_SIN_FUENTE,REVISION_ESPECIFICA_O_DECISION_MANUAL,,,
,COSTO_TITULACION,,,,,,,,,CELDAS_PENDIENTES,63.0,I162S2C90J2V1,REVISAR_COSTO_TITULACION_SIN_FUENTE,REVISION_ESPECIFICA_O_DECISION_MANUAL,,,
,COSTO_TITULACION,,,,,,,,,CELDAS_PENDIENTES,64.0,I162S2C90J2V2,REVISAR_COSTO_TITULACION_SIN_FUENTE,REVISION_ESPECIFICA_O_DECISION_MANUAL,,,
,COSTO_TITULACION,,,,,,,,,CELDAS_PENDIENTES,65.0,I162S2C95J4V1,REVISAR_COSTO_TITULACION_SIN_FUENTE,REVISION_ESPECIFICA_O_DECISION_MANUAL,,,
,COSTO_TITULACION,,,,,,,,,CELDAS_PENDIENTES,66.0,I162S2C96J4V1,REVISAR_COSTO_TITULACION_SIN_FUENTE,REVISION_ESPECIFICA_O_DECISION_MANUAL,,,
,COSTO_TITULACION,,,,,,,,,CELDAS_PENDIENTES,67.0,I162S2C97J4V1,REVISAR_COSTO_TITULACION_SIN_FUENTE,REVISION_ESPECIFICA_O_DECISION_MANUAL,,,
,COSTO_TITULACION,,,,,,,,,CELDAS_PENDIENTES,68.0,I162S2C98J4V1,REVISAR_COSTO_TITULACION_SIN_FUENTE,REVISION_ESPECIFICA_O_DECISION_MANUAL,,,
,COSTO_TITULACION,,,,,,,,,CELDAS_PENDIENTES,69.0,I162S2C99J4V1,REVISAR_COSTO_TITULACION_SIN_FUENTE,REVISION_ESPECIFICA_O_DECISION_MANUAL,,,
,COSTO_TITULACION,,,,,,,,,CELDAS_PENDIENTES,70.0,I162S3C114J2V1,REVISAR_COSTO_TITULACION_SIN_FUENTE,REVISION_ESPECIFICA_O_DECISION_MANUAL,,,
,COSTO_TITULACION,,,,,,,,,CELDAS_PENDIENTES,71.0,I162S3C115J2V1,REVISAR_COSTO_TITULACION_SIN_FUENTE,REVISION_ESPECIFICA_O_DECISION_MANUAL,,,
,COSTO_TITULACION,,,,,,,,,CELDAS_PENDIENTES,72.0,I162S3C91J2V1,REVISAR_COSTO_TITULACION_SIN_FUENTE,REVISION_ESPECIFICA_O_DECISION_MANUAL,,,
,VALOR_CERTIFICADO_DIPLOMA,,,,,,,,,CELDAS_PENDIENTES,2.0,I162S2C101J4V1,REVISAR_VALOR_CERTIFICADO_DIPLOMA_SIN_FUENTE,REVISION_ESPECIFICA_O_DECISION_MANUAL,,,
,VALOR_CERTIFICADO_DIPLOMA,,,,,,,,,CELDAS_PENDIENTES,3.0,I162S2C102J4V1,REVISAR_VALOR_CERTIFICADO_DIPLOMA_SIN_FUENTE,REVISION_ESPECIFICA_O_DECISION_MANUAL,,,
,VALOR_CERTIFICADO_DIPLOMA,,,,,,,,,CELDAS_PENDIENTES,4.0,I162S2C103J4V1,REVISAR_VALOR_CERTIFICADO_DIPLOMA_SIN_FUENTE,REVISION_ESPECIFICA_O_DECISION_MANUAL,,,
,VALOR_CERTIFICADO_DIPLOMA,,,,,,,,,CELDAS_PENDIENTES,5.0,I162S2C104J4V1,REVISAR_VALOR_CERTIFICADO_DIPLOMA_SIN_FUENTE,REVISION_ESPECIFICA_O_DECISION_MANUAL,,,
,VALOR_CERTIFICADO_DIPLOMA,,,,,,,,,CELDAS_PENDIENTES,6.0,I162S2C105J4V1,REVISAR_VALOR_CERTIFICADO_DIPLOMA_SIN_FUENTE,REVISION_ESPECIFICA_O_DECISION_MANUAL,,,
,VALOR_CERTIFICADO_DIPLOMA,,,,,,,,,CELDAS_PENDIENTES,7.0,I162S2C10J1V1,REVISAR_VALOR_CERTIFICADO_DIPLOMA_SIN_FUENTE,REVISION_ESPECIFICA_O_DECISION_MANUAL,,,
,VALOR_CERTIFICADO_DIPLOMA,,,,,,,,,CELDAS_PENDIENTES,8.0,I162S2C10J4V1,REVISAR_VALOR_CERTIFICADO_DIPLOMA_SIN_FUENTE,REVISION_ESPECIFICA_O_DECISION_MANUAL,,,
,VALOR_CERTIFICADO_DIPLOMA,,,,,,,,,CELDAS_PENDIENTES,9.0,I162S2C111J4V1,REVISAR_VALOR_CERTIFICADO_DIPLOMA_SIN_FUENTE,REVISION_ESPECIFICA_O_DECISION_MANUAL,,,
,VALOR_CERTIFICADO_DIPLOMA,,,,,,,,,CELDAS_PENDIENTES,10.0,I162S2C111J4V2,REVISAR_VALOR_CERTIFICADO_DIPLOMA_SIN_FUENTE,REVISION_ESPECIFICA_O_DECISION_MANUAL,,,
,VALOR_CERTIFICADO_DIPLOMA,,,,,,,,,CELDAS_PENDIENTES,11.0,I162S2C112J4V1,REVISAR_VALOR_CERTIFICADO_DIPLOMA_SIN_FUENTE,REVISION_ESPECIFICA_O_DECISION_MANUAL,,,
,VALOR_CERTIFICADO_DIPLOMA,,,,,,,,,CELDAS_PENDIENTES,12.0,I162S2C112J4V2,REVISAR_VALOR_CERTIFICADO_DIPLOMA_SIN_FUENTE,REVISION_ESPECIFICA_O_DECISION_MANUAL,,,
,VALOR_CERTIFICADO_DIPLOMA,,,,,,,,,CELDAS_PENDIENTES,13.0,I162S2C113J4V1,REVISAR_VALOR_CERTIFICADO_DIPLOMA_SIN_FUENTE,REVISION_ESPECIFICA_O_DECISION_MANUAL,,,
,VALOR_CERTIFICADO_DIPLOMA,,,,,,,,,CELDAS_PENDIENTES,14.0,I162S2C113J4V2,REVISAR_VALOR_CERTIFICADO_DIPLOMA_SIN_FUENTE,REVISION_ESPECIFICA_O_DECISION_MANUAL,,,
,VALOR_CERTIFICADO_DIPLOMA,,,,,,,,,CELDAS_PENDIENTES,15.0,I162S2C114J2V1,REVISAR_VALOR_CERTIFICADO_DIPLOMA_SIN_FUENTE,REVISION_ESPECIFICA_O_DECISION_MANUAL,,,
,VALOR_CERTIFICADO_DIPLOMA,,,,,,,,,CELDAS_PENDIENTES,16.0,I162S2C115J2V1,REVISAR_VALOR_CERTIFICADO_DIPLOMA_SIN_FUENTE,REVISION_ESPECIFICA_O_DECISION_MANUAL,,,
,VALOR_CERTIFICADO_DIPLOMA,,,,,,,,,CELDAS_PENDIENTES,17.0,I162S2C116J4V1,REVISAR_VALOR_CERTIFICADO_DIPLOMA_SIN_FUENTE,REVISION_ESPECIFICA_O_DECISION_MANUAL,,,
,VALOR_CERTIFICADO_DIPLOMA,,,,,,,,,CELDAS_PENDIENTES,18.0,I162S2C117J4V1,REVISAR_VALOR_CERTIFICADO_DIPLOMA_SIN_FUENTE,REVISION_ESPECIFICA_O_DECISION_MANUAL,,,
,VALOR_CERTIFICADO_DIPLOMA,,,,,,,,,CELDAS_PENDIENTES,19.0,I162S2C118J4V1,REVISAR_VALOR_CERTIFICADO_DIPLOMA_SIN_FUENTE,REVISION_ESPECIFICA_O_DECISION_MANUAL,,,
,VALOR_CERTIFICADO_DIPLOMA,,,,,,,,,CELDAS_PENDIENTES,20.0,I162S2C119J4V1,REVISAR_VALOR_CERTIFICADO_DIPLOMA_SIN_FUENTE,REVISION_ESPECIFICA_O_DECISION_MANUAL,,,
,VALOR_CERTIFICADO_DIPLOMA,,,,,,,,,CELDAS_PENDIENTES,21.0,I162S2C124J4V1,REVISAR_VALOR_CERTIFICADO_DIPLOMA_SIN_FUENTE,REVISION_ESPECIFICA_O_DECISION_MANUAL,,,
,VALOR_CERTIFICADO_DIPLOMA,,,,,,,,,CELDAS_PENDIENTES,22.0,I162S2C124J4V2,REVISAR_VALOR_CERTIFICADO_DIPLOMA_SIN_FUENTE,REVISION_ESPECIFICA_O_DECISION_MANUAL,,,
,VALOR_CERTIFICADO_DIPLOMA,,,,,,,,,CELDAS_PENDIENTES,23.0,I162S2C125J4V1,REVISAR_VALOR_CERTIFICADO_DIPLOMA_SIN_FUENTE,REVISION_ESPECIFICA_O_DECISION_MANUAL,,,
,VALOR_CERTIFICADO_DIPLOMA,,,,,,,,,CELDAS_PENDIENTES,24.0,I162S2C125J4V2,REVISAR_VALOR_CERTIFICADO_DIPLOMA_SIN_FUENTE,REVISION_ESPECIFICA_O_DECISION_MANUAL,,,
,VALOR_CERTIFICADO_DIPLOMA,,,,,,,,,CELDAS_PENDIENTES,25.0,I162S2C13J1V1,REVISAR_VALOR_CERTIFICADO_DIPLOMA_SIN_FUENTE,REVISION_ESPECIFICA_O_DECISION_MANUAL,,,
,VALOR_CERTIFICADO_DIPLOMA,,,,,,,,,CELDAS_PENDIENTES,26.0,I162S2C13J2V1,REVISAR_VALOR_CERTIFICADO_DIPLOMA_SIN_FUENTE,REVISION_ESPECIFICA_O_DECISION_MANUAL,,,
,VALOR_CERTIFICADO_DIPLOMA,,,,,,,,,CELDAS_PENDIENTES,27.0,I162S2C1J2V2,REVISAR_VALOR_CERTIFICADO_DIPLOMA_SIN_FUENTE,REVISION_ESPECIFICA_O_DECISION_MANUAL,,,
,VALOR_CERTIFICADO_DIPLOMA,,,,,,,,,CELDAS_PENDIENTES,28.0,I162S2C1J4V3,REVISAR_VALOR_CERTIFICADO_DIPLOMA_SIN_FUENTE,REVISION_ESPECIFICA_O_DECISION_MANUAL,,,
,VALOR_CERTIFICADO_DIPLOMA,,,,,,,,,CELDAS_PENDIENTES,29.0,I162S2C21J1V1,REVISAR_VALOR_CERTIFICADO_DIPLOMA_SIN_FUENTE,REVISION_ESPECIFICA_O_DECISION_MANUAL,,,
,VALOR_CERTIFICADO_DIPLOMA,,,,,,,,,CELDAS_PENDIENTES,30.0,I162S2C21J2V1,REVISAR_VALOR_CERTIFICADO_DIPLOMA_SIN_FUENTE,REVISION_ESPECIFICA_O_DECISION_MANUAL,,,
,VALOR_CERTIFICADO_DIPLOMA,,,,,,,,,CELDAS_PENDIENTES,31.0,I162S2C23J1V1,REVISAR_VALOR_CERTIFICADO_DIPLOMA_SIN_FUENTE,REVISION_ESPECIFICA_O_DECISION_MANUAL,,,
,VALOR_CERTIFICADO_DIPLOMA,,,,,,,,,CELDAS_PENDIENTES,32.0,I162S2C23J2V1,REVISAR_VALOR_CERTIFICADO_DIPLOMA_SIN_FUENTE,REVISION_ESPECIFICA_O_DECISION_MANUAL,,,
,VALOR_CERTIFICADO_DIPLOMA,,,,,,,,,CELDAS_PENDIENTES,33.0,I162S2C24J1V1,REVISAR_VALOR_CERTIFICADO_DIPLOMA_SIN_FUENTE,REVISION_ESPECIFICA_O_DECISION_MANUAL,,,
,VALOR_CERTIFICADO_DIPLOMA,,,,,,,,,CELDAS_PENDIENTES,34.0,I162S2C24J2V1,REVISAR_VALOR_CERTIFICADO_DIPLOMA_SIN_FUENTE,REVISION_ESPECIFICA_O_DECISION_MANUAL,,,
,VALOR_CERTIFICADO_DIPLOMA,,,,,,,,,CELDAS_PENDIENTES,35.0,I162S2C2J1V2,REVISAR_VALOR_CERTIFICADO_DIPLOMA_SIN_FUENTE,REVISION_ESPECIFICA_O_DECISION_MANUAL,,,
,VALOR_CERTIFICADO_DIPLOMA,,,,,,,,,CELDAS_PENDIENTES,36.0,I162S2C2J2V2,REVISAR_VALOR_CERTIFICADO_DIPLOMA_SIN_FUENTE,REVISION_ESPECIFICA_O_DECISION_MANUAL,,,
,VALOR_CERTIFICADO_DIPLOMA,,,,,,,,,CELDAS_PENDIENTES,37.0,I162S2C2J4V2,REVISAR_VALOR_CERTIFICADO_DIPLOMA_SIN_FUENTE,REVISION_ESPECIFICA_O_DECISION_MANUAL,,,
,VALOR_CERTIFICADO_DIPLOMA,,,,,,,,,CELDAS_PENDIENTES,38.0,I162S2C35J1V2,REVISAR_VALOR_CERTIFICADO_DIPLOMA_SIN_FUENTE,REVISION_ESPECIFICA_O_DECISION_MANUAL,,,
,VALOR_CERTIFICADO_DIPLOMA,,,,,,,,,CELDAS_PENDIENTES,39.0,I162S2C35J2V2,REVISAR_VALOR_CERTIFICADO_DIPLOMA_SIN_FUENTE,REVISION_ESPECIFICA_O_DECISION_MANUAL,,,
,VALOR_CERTIFICADO_DIPLOMA,,,,,,,,,CELDAS_PENDIENTES,40.0,I162S2C35J4V2,REVISAR_VALOR_CERTIFICADO_DIPLOMA_SIN_FUENTE,REVISION_ESPECIFICA_O_DECISION_MANUAL,,,
,VALOR_CERTIFICADO_DIPLOMA,,,,,,,,,CELDAS_PENDIENTES,41.0,I162S2C3J2V2,REVISAR_VALOR_CERTIFICADO_DIPLOMA_SIN_FUENTE,REVISION_ESPECIFICA_O_DECISION_MANUAL,,,
,VALOR_CERTIFICADO_DIPLOMA,,,,,,,,,CELDAS_PENDIENTES,42.0,I162S2C40J2V1,REVISAR_VALOR_CERTIFICADO_DIPLOMA_SIN_FUENTE,REVISION_ESPECIFICA_O_DECISION_MANUAL,,,
,VALOR_CERTIFICADO_DIPLOMA,,,,,,,,,CELDAS_PENDIENTES,43.0,I162S2C41J2V1,REVISAR_VALOR_CERTIFICADO_DIPLOMA_SIN_FUENTE,REVISION_ESPECIFICA_O_DECISION_MANUAL,,,
,VALOR_CERTIFICADO_DIPLOMA,,,,,,,,,CELDAS_PENDIENTES,44.0,I162S2C53J3V1,REVISAR_VALOR_CERTIFICADO_DIPLOMA_SIN_FUENTE,REVISION_ESPECIFICA_O_DECISION_MANUAL,,,
,VALOR_CERTIFICADO_DIPLOMA,,,,,,,,,CELDAS_PENDIENTES,45.0,I162S2C63J4V1,REVISAR_VALOR_CERTIFICADO_DIPLOMA_SIN_FUENTE,REVISION_ESPECIFICA_O_DECISION_MANUAL,,,
,VALOR_CERTIFICADO_DIPLOMA,,,,,,,,,CELDAS_PENDIENTES,46.0,I162S2C64J4V1,REVISAR_VALOR_CERTIFICADO_DIPLOMA_SIN_FUENTE,REVISION_ESPECIFICA_O_DECISION_MANUAL,,,
,VALOR_CERTIFICADO_DIPLOMA,,,,,,,,,CELDAS_PENDIENTES,47.0,I162S2C65J4V1,REVISAR_VALOR_CERTIFICADO_DIPLOMA_SIN_FUENTE,REVISION_ESPECIFICA_O_DECISION_MANUAL,,,
,VALOR_CERTIFICADO_DIPLOMA,,,,,,,,,CELDAS_PENDIENTES,48.0,I162S2C66J4V1,REVISAR_VALOR_CERTIFICADO_DIPLOMA_SIN_FUENTE,REVISION_ESPECIFICA_O_DECISION_MANUAL,,,
,VALOR_CERTIFICADO_DIPLOMA,,,,,,,,,CELDAS_PENDIENTES,49.0,I162S2C67J4V1,REVISAR_VALOR_CERTIFICADO_DIPLOMA_SIN_FUENTE,REVISION_ESPECIFICA_O_DECISION_MANUAL,,,
,VALOR_CERTIFICADO_DIPLOMA,,,,,,,,,CELDAS_PENDIENTES,50.0,I162S2C68J4V1,REVISAR_VALOR_CERTIFICADO_DIPLOMA_SIN_FUENTE,REVISION_ESPECIFICA_O_DECISION_MANUAL,,,
,VALOR_CERTIFICADO_DIPLOMA,,,,,,,,,CELDAS_PENDIENTES,51.0,I162S2C69J4V1,REVISAR_VALOR_CERTIFICADO_DIPLOMA_SIN_FUENTE,REVISION_ESPECIFICA_O_DECISION_MANUAL,,,
,VALOR_CERTIFICADO_DIPLOMA,,,,,,,,,CELDAS_PENDIENTES,52.0,I162S2C6J1V1,REVISAR_VALOR_CERTIFICADO_DIPLOMA_SIN_FUENTE,REVISION_ESPECIFICA_O_DECISION_MANUAL,,,
,VALOR_CERTIFICADO_DIPLOMA,,,,,,,,,CELDAS_PENDIENTES,53.0,I162S2C6J2V1,REVISAR_VALOR_CERTIFICADO_DIPLOMA_SIN_FUENTE,REVISION_ESPECIFICA_O_DECISION_MANUAL,,,
,VALOR_CERTIFICADO_DIPLOMA,,,,,,,,,CELDAS_PENDIENTES,54.0,I162S2C6J4V1,REVISAR_VALOR_CERTIFICADO_DIPLOMA_SIN_FUENTE,REVISION_ESPECIFICA_O_DECISION_MANUAL,,,
,VALOR_CERTIFICADO_DIPLOMA,,,,,,,,,CELDAS_PENDIENTES,55.0,I162S2C70J4V1,REVISAR_VALOR_CERTIFICADO_DIPLOMA_SIN_FUENTE,REVISION_ESPECIFICA_O_DECISION_MANUAL,,,
,VALOR_CERTIFICADO_DIPLOMA,,,,,,,,,CELDAS_PENDIENTES,56.0,I162S2C71J4V1,REVISAR_VALOR_CERTIFICADO_DIPLOMA_SIN_FUENTE,REVISION_ESPECIFICA_O_DECISION_MANUAL,,,
,VALOR_CERTIFICADO_DIPLOMA,,,,,,,,,CELDAS_PENDIENTES,57.0,I162S2C76J4V2,REVISAR_VALOR_CERTIFICADO_DIPLOMA_SIN_FUENTE,REVISION_ESPECIFICA_O_DECISION_MANUAL,,,
,VALOR_CERTIFICADO_DIPLOMA,,,,,,,,,CELDAS_PENDIENTES,58.0,I162S2C77J4V2,REVISAR_VALOR_CERTIFICADO_DIPLOMA_SIN_FUENTE,REVISION_ESPECIFICA_O_DECISION_MANUAL,,,
,VALOR_CERTIFICADO_DIPLOMA,,,,,,,,,CELDAS_PENDIENTES,59.0,I162S2C83J4V2,REVISAR_VALOR_CERTIFICADO_DIPLOMA_SIN_FUENTE,REVISION_ESPECIFICA_O_DECISION_MANUAL,,,
,VALOR_CERTIFICADO_DIPLOMA,,,,,,,,,CELDAS_PENDIENTES,60.0,I162S2C86J4V2,REVISAR_VALOR_CERTIFICADO_DIPLOMA_SIN_FUENTE,REVISION_ESPECIFICA_O_DECISION_MANUAL,,,
,VALOR_CERTIFICADO_DIPLOMA,,,,,,,,,CELDAS_PENDIENTES,61.0,I162S2C87J4V2,REVISAR_VALOR_CERTIFICADO_DIPLOMA_SIN_FUENTE,REVISION_ESPECIFICA_O_DECISION_MANUAL,,,
,VALOR_CERTIFICADO_DIPLOMA,,,,,,,,,CELDAS_PENDIENTES,62.0,I162S2C88J4V2,REVISAR_VALOR_CERTIFICADO_DIPLOMA_SIN_FUENTE,REVISION_ESPECIFICA_O_DECISION_MANUAL,,,
,VALOR_CERTIFICADO_DIPLOMA,,,,,,,,,CELDAS_PENDIENTES,63.0,I162S2C90J2V1,REVISAR_VALOR_CERTIFICADO_DIPLOMA_SIN_FUENTE,REVISION_ESPECIFICA_O_DECISION_MANUAL,,,
,VALOR_CERTIFICADO_DIPLOMA,,,,,,,,,CELDAS_PENDIENTES,64.0,I162S2C90J2V2,REVISAR_VALOR_CERTIFICADO_DIPLOMA_SIN_FUENTE,REVISION_ESPECIFICA_O_DECISION_MANUAL,,,
,VALOR_CERTIFICADO_DIPLOMA,,,,,,,,,CELDAS_PENDIENTES,65.0,I162S2C95J4V1,REVISAR_VALOR_CERTIFICADO_DIPLOMA_SIN_FUENTE,REVISION_ESPECIFICA_O_DECISION_MANUAL,,,
,VALOR_CERTIFICADO_DIPLOMA,,,,,,,,,CELDAS_PENDIENTES,66.0,I162S2C96J4V1,REVISAR_VALOR_CERTIFICADO_DIPLOMA_SIN_FUENTE,REVISION_ESPECIFICA_O_DECISION_MANUAL,,,
,VALOR_CERTIFICADO_DIPLOMA,,,,,,,,,CELDAS_PENDIENTES,67.0,I162S2C97J4V1,REVISAR_VALOR_CERTIFICADO_DIPLOMA_SIN_FUENTE,REVISION_ESPECIFICA_O_DECISION_MANUAL,,,
,VALOR_CERTIFICADO_DIPLOMA,,,,,,,,,CELDAS_PENDIENTES,68.0,I162S2C98J4V1,REVISAR_VALOR_CERTIFICADO_DIPLOMA_SIN_FUENTE,REVISION_ESPECIFICA_O_DECISION_MANUAL,,,
,VALOR_CERTIFICADO_DIPLOMA,,,,,,,,,CELDAS_PENDIENTES,69.0,I162S2C99J4V1,REVISAR_VALOR_CERTIFICADO_DIPLOMA_SIN_FUENTE,REVISION_ESPECIFICA_O_DECISION_MANUAL,,,
,VALOR_CERTIFICADO_DIPLOMA,,,,,,,,,CELDAS_PENDIENTES,70.0,I162S3C114J2V1,REVISAR_VALOR_CERTIFICADO_DIPLOMA_SIN_FUENTE,REVISION_ESPECIFICA_O_DECISION_MANUAL,,,
,VALOR_CERTIFICADO_DIPLOMA,,,,,,,,,CELDAS_PENDIENTES,71.0,I162S3C115J2V1,REVISAR_VALOR_CERTIFICADO_DIPLOMA_SIN_FUENTE,REVISION_ESPECIFICA_O_DECISION_MANUAL,,,
,VALOR_CERTIFICADO_DIPLOMA,,,,,,,,,CELDAS_PENDIENTES,72.0,I162S3C91J2V1,REVISAR_VALOR_CERTIFICADO_DIPLOMA_SIN_FUENTE,REVISION_ESPECIFICA_O_DECISION_MANUAL,,,
,ARANCEL_ANUAL,,,,,,,,,CELDAS_PENDIENTES,2.0,I162S2C101J4V1,REVISAR_ARANCEL_ANUAL_SIN_FUENTE,REVISION_ESPECIFICA_O_DECISION_MANUAL,,,
,ARANCEL_ANUAL,,,,,,,,,CELDAS_PENDIENTES,3.0,I162S2C102J4V1,REVISAR_ARANCEL_ANUAL_SIN_FUENTE,REVISION_ESPECIFICA_O_DECISION_MANUAL,,,
,ARANCEL_ANUAL,,,,,,,,,CELDAS_PENDIENTES,4.0,I162S2C103J4V1,REVISAR_ARANCEL_ANUAL_SIN_FUENTE,REVISION_ESPECIFICA_O_DECISION_MANUAL,,,
,ARANCEL_ANUAL,,,,,,,,,CELDAS_PENDIENTES,5.0,I162S2C104J4V1,REVISAR_ARANCEL_ANUAL_SIN_FUENTE,REVISION_ESPECIFICA_O_DECISION_MANUAL,,,
,ARANCEL_ANUAL,,,,,,,,,CELDAS_PENDIENTES,6.0,I162S2C105J4V1,REVISAR_ARANCEL_ANUAL_SIN_FUENTE,REVISION_ESPECIFICA_O_DECISION_MANUAL,,,
,ARANCEL_ANUAL,,,,,,,,,CELDAS_PENDIENTES,7.0,I162S2C10J1V1,REVISAR_ARANCEL_ANUAL_SIN_FUENTE,REVISION_ESPECIFICA_O_DECISION_MANUAL,,,
,ARANCEL_ANUAL,,,,,,,,,CELDAS_PENDIENTES,8.0,I162S2C10J4V1,REVISAR_ARANCEL_ANUAL_SIN_FUENTE,REVISION_ESPECIFICA_O_DECISION_MANUAL,,,
,ARANCEL_ANUAL,,,,,,,,,CELDAS_PENDIENTES,9.0,I162S2C111J4V1,REVISAR_ARANCEL_ANUAL_SIN_FUENTE,REVISION_ESPECIFICA_O_DECISION_MANUAL,,,
,ARANCEL_ANUAL,,,,,,,,,CELDAS_PENDIENTES,10.0,I162S2C111J4V2,REVISAR_ARANCEL_ANUAL_SIN_FUENTE,REVISION_ESPECIFICA_O_DECISION_MANUAL,,,
,ARANCEL_ANUAL,,,,,,,,,CELDAS_PENDIENTES,11.0,I162S2C112J4V1,REVISAR_ARANCEL_ANUAL_SIN_FUENTE,REVISION_ESPECIFICA_O_DECISION_MANUAL,,,
,ARANCEL_ANUAL,,,,,,,,,CELDAS_PENDIENTES,12.0,I162S2C112J4V2,REVISAR_ARANCEL_ANUAL_SIN_FUENTE,REVISION_ESPECIFICA_O_DECISION_MANUAL,,,
,ARANCEL_ANUAL,,,,,,,,,CELDAS_PENDIENTES,13.0,I162S2C113J4V1,REVISAR_ARANCEL_ANUAL_SIN_FUENTE,REVISION_ESPECIFICA_O_DECISION_MANUAL,,,
,ARANCEL_ANUAL,,,,,,,,,CELDAS_PENDIENTES,14.0,I162S2C113J4V2,REVISAR_ARANCEL_ANUAL_SIN_FUENTE,REVISION_ESPECIFICA_O_DECISION_MANUAL,,,
,ARANCEL_ANUAL,,,,,,,,,CELDAS_PENDIENTES,15.0,I162S2C114J2V1,REVISAR_ARANCEL_ANUAL_SIN_FUENTE,REVISION_ESPECIFICA_O_DECISION_MANUAL,,,
,ARANCEL_ANUAL,,,,,,,,,CELDAS_PENDIENTES,16.0,I162S2C115J2V1,REVISAR_ARANCEL_ANUAL_SIN_FUENTE,REVISION_ESPECIFICA_O_DECISION_MANUAL,,,
,ARANCEL_ANUAL,,,,,,,,,CELDAS_PENDIENTES,17.0,I162S2C116J4V1,REVISAR_ARANCEL_ANUAL_SIN_FUENTE,REVISION_ESPECIFICA_O_DECISION_MANUAL,,,
,ARANCEL_ANUAL,,,,,,,,,CELDAS_PENDIENTES,18.0,I162S2C117J4V1,REVISAR_ARANCEL_ANUAL_SIN_FUENTE,REVISION_ESPECIFICA_O_DECISION_MANUAL,,,
,ARANCEL_ANUAL,,,,,,,,,CELDAS_PENDIENTES,19.0,I162S2C118J4V1,REVISAR_ARANCEL_ANUAL_SIN_FUENTE,REVISION_ESPECIFICA_O_DECISION_MANUAL,,,
,ARANCEL_ANUAL,,,,,,,,,CELDAS_PENDIENTES,20.0,I162S2C119J4V1,REVISAR_ARANCEL_ANUAL_SIN_FUENTE,REVISION_ESPECIFICA_O_DECISION_MANUAL,,,
,ARANCEL_ANUAL,,,,,,,,,CELDAS_PENDIENTES,21.0,I162S2C124J4V1,REVISAR_ARANCEL_ANUAL_SIN_FUENTE,REVISION_ESPECIFICA_O_DECISION_MANUAL,,,
,ARANCEL_ANUAL,,,,,,,,,CELDAS_PENDIENTES,22.0,I162S2C124J4V2,REVISAR_ARANCEL_ANUAL_SIN_FUENTE,REVISION_ESPECIFICA_O_DECISION_MANUAL,,,
,ARANCEL_ANUAL,,,,,,,,,CELDAS_PENDIENTES,23.0,I162S2C125J4V1,REVISAR_ARANCEL_ANUAL_SIN_FUENTE,REVISION_ESPECIFICA_O_DECISION_MANUAL,,,
,ARANCEL_ANUAL,,,,,,,,,CELDAS_PENDIENTES,24.0,I162S2C125J4V2,REVISAR_ARANCEL_ANUAL_SIN_FUENTE,REVISION_ESPECIFICA_O_DECISION_MANUAL,,,
,ARANCEL_ANUAL,,,,,,,,,CELDAS_PENDIENTES,25.0,I162S2C13J1V1,REVISAR_ARANCEL_ANUAL_SIN_FUENTE,REVISION_ESPECIFICA_O_DECISION_MANUAL,,,
,ARANCEL_ANUAL,,,,,,,,,CELDAS_PENDIENTES,26.0,I162S2C13J2V1,REVISAR_ARANCEL_ANUAL_SIN_FUENTE,REVISION_ESPECIFICA_O_DECISION_MANUAL,,,
,ARANCEL_ANUAL,,,,,,,,,CELDAS_PENDIENTES,27.0,I162S2C1J2V2,REVISAR_ARANCEL_ANUAL_SIN_FUENTE,REVISION_ESPECIFICA_O_DECISION_MANUAL,,,
,ARANCEL_ANUAL,,,,,,,,,CELDAS_PENDIENTES,28.0,I162S2C1J4V3,REVISAR_ARANCEL_ANUAL_SIN_FUENTE,REVISION_ESPECIFICA_O_DECISION_MANUAL,,,
,ARANCEL_ANUAL,,,,,,,,,CELDAS_PENDIENTES,29.0,I162S2C21J1V1,REVISAR_ARANCEL_ANUAL_SIN_FUENTE,REVISION_ESPECIFICA_O_DECISION_MANUAL,,,
,ARANCEL_ANUAL,,,,,,,,,CELDAS_PENDIENTES,30.0,I162S2C21J2V1,REVISAR_ARANCEL_ANUAL_SIN_FUENTE,REVISION_ESPECIFICA_O_DECISION_MANUAL,,,
,ARANCEL_ANUAL,,,,,,,,,CELDAS_PENDIENTES,31.0,I162S2C23J1V1,REVISAR_ARANCEL_ANUAL_SIN_FUENTE,REVISION_ESPECIFICA_O_DECISION_MANUAL,,,
,ARANCEL_ANUAL,,,,,,,,,CELDAS_PENDIENTES,32.0,I162S2C23J2V1,REVISAR_ARANCEL_ANUAL_SIN_FUENTE,REVISION_ESPECIFICA_O_DECISION_MANUAL,,,
,ARANCEL_ANUAL,,,,,,,,,CELDAS_PENDIENTES,33.0,I162S2C24J1V1,REVISAR_ARANCEL_ANUAL_SIN_FUENTE,REVISION_ESPECIFICA_O_DECISION_MANUAL,,,
,ARANCEL_ANUAL,,,,,,,,,CELDAS_PENDIENTES,34.0,I162S2C24J2V1,REVISAR_ARANCEL_ANUAL_SIN_FUENTE,REVISION_ESPECIFICA_O_DECISION_MANUAL,,,
,ARANCEL_ANUAL,,,,,,,,,CELDAS_PENDIENTES,35.0,I162S2C2J1V2,REVISAR_ARANCEL_ANUAL_SIN_FUENTE,REVISION_ESPECIFICA_O_DECISION_MANUAL,,,
,ARANCEL_ANUAL,,,,,,,,,CELDAS_PENDIENTES,36.0,I162S2C2J2V2,REVISAR_ARANCEL_ANUAL_SIN_FUENTE,REVISION_ESPECIFICA_O_DECISION_MANUAL,,,
,ARANCEL_ANUAL,,,,,,,,,CELDAS_PENDIENTES,37.0,I162S2C2J4V2,REVISAR_ARANCEL_ANUAL_SIN_FUENTE,REVISION_ESPECIFICA_O_DECISION_MANUAL,,,
,ARANCEL_ANUAL,,,,,,,,,CELDAS_PENDIENTES,38.0,I162S2C35J1V2,REVISAR_ARANCEL_ANUAL_SIN_FUENTE,REVISION_ESPECIFICA_O_DECISION_MANUAL,,,
,ARANCEL_ANUAL,,,,,,,,,CELDAS_PENDIENTES,39.0,I162S2C35J2V2,REVISAR_ARANCEL_ANUAL_SIN_FUENTE,REVISION_ESPECIFICA_O_DECISION_MANUAL,,,
,ARANCEL_ANUAL,,,,,,,,,CELDAS_PENDIENTES,40.0,I162S2C35J4V2,REVISAR_ARANCEL_ANUAL_SIN_FUENTE,REVISION_ESPECIFICA_O_DECISION_MANUAL,,,
,ARANCEL_ANUAL,,,,,,,,,CELDAS_PENDIENTES,41.0,I162S2C3J2V2,REVISAR_ARANCEL_ANUAL_SIN_FUENTE,REVISION_ESPECIFICA_O_DECISION_MANUAL,,,
,ARANCEL_ANUAL,,,,,,,,,CELDAS_PENDIENTES,42.0,I162S2C40J2V1,REVISAR_ARANCEL_ANUAL_SIN_FUENTE,REVISION_ESPECIFICA_O_DECISION_MANUAL,,,
,ARANCEL_ANUAL,,,,,,,,,CELDAS_PENDIENTES,43.0,I162S2C41J2V1,REVISAR_ARANCEL_ANUAL_SIN_FUENTE,REVISION_ESPECIFICA_O_DECISION_MANUAL,,,
,ARANCEL_ANUAL,,,,,,,,,CELDAS_PENDIENTES,44.0,I162S2C53J3V1,REVISAR_ARANCEL_ANUAL_SIN_FUENTE,REVISION_ESPECIFICA_O_DECISION_MANUAL,,,
,ARANCEL_ANUAL,,,,,,,,,CELDAS_PENDIENTES,45.0,I162S2C63J4V1,REVISAR_ARANCEL_ANUAL_SIN_FUENTE,REVISION_ESPECIFICA_O_DECISION_MANUAL,,,
,ARANCEL_ANUAL,,,,,,,,,CELDAS_PENDIENTES,46.0,I162S2C64J4V1,REVISAR_ARANCEL_ANUAL_SIN_FUENTE,REVISION_ESPECIFICA_O_DECISION_MANUAL,,,
,ARANCEL_ANUAL,,,,,,,,,CELDAS_PENDIENTES,47.0,I162S2C65J4V1,REVISAR_ARANCEL_ANUAL_SIN_FUENTE,REVISION_ESPECIFICA_O_DECISION_MANUAL,,,
,ARANCEL_ANUAL,,,,,,,,,CELDAS_PENDIENTES,48.0,I162S2C66J4V1,REVISAR_ARANCEL_ANUAL_SIN_FUENTE,REVISION_ESPECIFICA_O_DECISION_MANUAL,,,
,ARANCEL_ANUAL,,,,,,,,,CELDAS_PENDIENTES,49.0,I162S2C67J4V1,REVISAR_ARANCEL_ANUAL_SIN_FUENTE,REVISION_ESPECIFICA_O_DECISION_MANUAL,,,
,ARANCEL_ANUAL,,,,,,,,,CELDAS_PENDIENTES,50.0,I162S2C68J4V1,REVISAR_ARANCEL_ANUAL_SIN_FUENTE,REVISION_ESPECIFICA_O_DECISION_MANUAL,,,
,ARANCEL_ANUAL,,,,,,,,,CELDAS_PENDIENTES,51.0,I162S2C69J4V1,REVISAR_ARANCEL_ANUAL_SIN_FUENTE,REVISION_ESPECIFICA_O_DECISION_MANUAL,,,
,ARANCEL_ANUAL,,,,,,,,,CELDAS_PENDIENTES,52.0,I162S2C6J1V1,REVISAR_ARANCEL_ANUAL_SIN_FUENTE,REVISION_ESPECIFICA_O_DECISION_MANUAL,,,
,ARANCEL_ANUAL,,,,,,,,,CELDAS_PENDIENTES,53.0,I162S2C6J2V1,REVISAR_ARANCEL_ANUAL_SIN_FUENTE,REVISION_ESPECIFICA_O_DECISION_MANUAL,,,
,ARANCEL_ANUAL,,,,,,,,,CELDAS_PENDIENTES,54.0,I162S2C6J4V1,REVISAR_ARANCEL_ANUAL_SIN_FUENTE,REVISION_ESPECIFICA_O_DECISION_MANUAL,,,
,ARANCEL_ANUAL,,,,,,,,,CELDAS_PENDIENTES,55.0,I162S2C70J4V1,REVISAR_ARANCEL_ANUAL_SIN_FUENTE,REVISION_ESPECIFICA_O_DECISION_MANUAL,,,
,ARANCEL_ANUAL,,,,,,,,,CELDAS_PENDIENTES,56.0,I162S2C71J4V1,REVISAR_ARANCEL_ANUAL_SIN_FUENTE,REVISION_ESPECIFICA_O_DECISION_MANUAL,,,
,ARANCEL_ANUAL,,,,,,,,,CELDAS_PENDIENTES,57.0,I162S2C76J4V2,REVISAR_ARANCEL_ANUAL_SIN_FUENTE,REVISION_ESPECIFICA_O_DECISION_MANUAL,,,
,ARANCEL_ANUAL,,,,,,,,,CELDAS_PENDIENTES,58.0,I162S2C77J4V2,REVISAR_ARANCEL_ANUAL_SIN_FUENTE,REVISION_ESPECIFICA_O_DECISION_MANUAL,,,
,ARANCEL_ANUAL,,,,,,,,,CELDAS_PENDIENTES,59.0,I162S2C83J4V2,REVISAR_ARANCEL_ANUAL_SIN_FUENTE,REVISION_ESPECIFICA_O_DECISION_MANUAL,,,
,ARANCEL_ANUAL,,,,,,,,,CELDAS_PENDIENTES,60.0,I162S2C86J4V2,REVISAR_ARANCEL_ANUAL_SIN_FUENTE,REVISION_ESPECIFICA_O_DECISION_MANUAL,,,
,ARANCEL_ANUAL,,,,,,,,,CELDAS_PENDIENTES,61.0,I162S2C87J4V2,REVISAR_ARANCEL_ANUAL_SIN_FUENTE,REVISION_ESPECIFICA_O_DECISION_MANUAL,,,
,ARANCEL_ANUAL,,,,,,,,,CELDAS_PENDIENTES,62.0,I162S2C88J4V2,REVISAR_ARANCEL_ANUAL_SIN_FUENTE,REVISION_ESPECIFICA_O_DECISION_MANUAL,,,
,ARANCEL_ANUAL,,,,,,,,,CELDAS_PENDIENTES,63.0,I162S2C90J2V1,REVISAR_ARANCEL_ANUAL_SIN_FUENTE,REVISION_ESPECIFICA_O_DECISION_MANUAL,,,
,ARANCEL_ANUAL,,,,,,,,,CELDAS_PENDIENTES,64.0,I162S2C90J2V2,REVISAR_ARANCEL_ANUAL_SIN_FUENTE,REVISION_ESPECIFICA_O_DECISION_MANUAL,,,
,ARANCEL_ANUAL,,,,,,,,,CELDAS_PENDIENTES,65.0,I162S2C95J4V1,REVISAR_ARANCEL_ANUAL_SIN_FUENTE,REVISION_ESPECIFICA_O_DECISION_MANUAL,,,
,ARANCEL_ANUAL,,,,,,,,,CELDAS_PENDIENTES,66.0,I162S2C96J4V1,REVISAR_ARANCEL_ANUAL_SIN_FUENTE,REVISION_ESPECIFICA_O_DECISION_MANUAL,,,
,ARANCEL_ANUAL,,,,,,,,,CELDAS_PENDIENTES,67.0,I162S2C97J4V1,REVISAR_ARANCEL_ANUAL_SIN_FUENTE,REVISION_ESPECIFICA_O_DECISION_MANUAL,,,
,ARANCEL_ANUAL,,,,,,,,,CELDAS_PENDIENTES,68.0,I162S2C98J4V1,REVISAR_ARANCEL_ANUAL_SIN_FUENTE,REVISION_ESPECIFICA_O_DECISION_MANUAL,,,
,ARANCEL_ANUAL,,,,,,,,,CELDAS_PENDIENTES,69.0,I162S2C99J4V1,REVISAR_ARANCEL_ANUAL_SIN_FUENTE,REVISION_ESPECIFICA_O_DECISION_MANUAL,,,
,ARANCEL_ANUAL,,,,,,,,,CELDAS_PENDIENTES,70.0,I162S3C114J2V1,REVISAR_ARANCEL_ANUAL_SIN_FUENTE,REVISION_ESPECIFICA_O_DECISION_MANUAL,,,
,ARANCEL_ANUAL,,,,,,,,,CELDAS_PENDIENTES,71.0,I162S3C115J2V1,REVISAR_ARANCEL_ANUAL_SIN_FUENTE,REVISION_ESPECIFICA_O_DECISION_MANUAL,,,
,ARANCEL_ANUAL,,,,,,,,,CELDAS_PENDIENTES,72.0,I162S3C91J2V1,REVISAR_ARANCEL_ANUAL_SIN_FUENTE,REVISION_ESPECIFICA_O_DECISION_MANUAL,,,
,VIGENCIA_CARRERA,,,,,,,,,CELDAS_PENDIENTES,2.0,I162S2C101J4V1,REVISAR_VIGENCIA_CARRERA_SIN_FUENTE_DIRECTA,REVISION_ESPECIFICA_O_DECISION_MANUAL,,,
,VIGENCIA_CARRERA,,,,,,,,,CELDAS_PENDIENTES,3.0,I162S2C102J4V1,REVISAR_VIGENCIA_CARRERA_SIN_FUENTE_DIRECTA,REVISION_ESPECIFICA_O_DECISION_MANUAL,,,
,VIGENCIA_CARRERA,,,,,,,,,CELDAS_PENDIENTES,4.0,I162S2C103J4V1,REVISAR_VIGENCIA_CARRERA_SIN_FUENTE_DIRECTA,REVISION_ESPECIFICA_O_DECISION_MANUAL,,,
,VIGENCIA_CARRERA,,,,,,,,,CELDAS_PENDIENTES,5.0,I162S2C104J4V1,REVISAR_VIGENCIA_CARRERA_SIN_FUENTE_DIRECTA,REVISION_ESPECIFICA_O_DECISION_MANUAL,,,
,VIGENCIA_CARRERA,,,,,,,,,CELDAS_PENDIENTES,6.0,I162S2C105J4V1,REVISAR_VIGENCIA_CARRERA_SIN_FUENTE_DIRECTA,REVISION_ESPECIFICA_O_DECISION_MANUAL,,,
,VIGENCIA_CARRERA,,,,,,,,,CELDAS_PENDIENTES,7.0,I162S2C10J1V1,REVISAR_VIGENCIA_CARRERA_SIN_FUENTE_DIRECTA,REVISION_ESPECIFICA_O_DECISION_MANUAL,,,
,VIGENCIA_CARRERA,,,,,,,,,CELDAS_PENDIENTES,8.0,I162S2C10J4V1,REVISAR_VIGENCIA_CARRERA_SIN_FUENTE_DIRECTA,REVISION_ESPECIFICA_O_DECISION_MANUAL,,,
,VIGENCIA_CARRERA,,,,,,,,,CELDAS_PENDIENTES,9.0,I162S2C111J4V1,REVISAR_VIGENCIA_CARRERA_SIN_FUENTE_DIRECTA,REVISION_ESPECIFICA_O_DECISION_MANUAL,,,
,VIGENCIA_CARRERA,,,,,,,,,CELDAS_PENDIENTES,10.0,I162S2C111J4V2,REVISAR_VIGENCIA_CARRERA_SIN_FUENTE_DIRECTA,REVISION_ESPECIFICA_O_DECISION_MANUAL,,,
,VIGENCIA_CARRERA,,,,,,,,,CELDAS_PENDIENTES,11.0,I162S2C112J4V1,REVISAR_VIGENCIA_CARRERA_SIN_FUENTE_DIRECTA,REVISION_ESPECIFICA_O_DECISION_MANUAL,,,
,VIGENCIA_CARRERA,,,,,,,,,CELDAS_PENDIENTES,12.0,I162S2C112J4V2,REVISAR_VIGENCIA_CARRERA_SIN_FUENTE_DIRECTA,REVISION_ESPECIFICA_O_DECISION_MANUAL,,,
,VIGENCIA_CARRERA,,,,,,,,,CELDAS_PENDIENTES,13.0,I162S2C113J4V1,REVISAR_VIGENCIA_CARRERA_SIN_FUENTE_DIRECTA,REVISION_ESPECIFICA_O_DECISION_MANUAL,,,
,VIGENCIA_CARRERA,,,,,,,,,CELDAS_PENDIENTES,14.0,I162S2C113J4V2,REVISAR_VIGENCIA_CARRERA_SIN_FUENTE_DIRECTA,REVISION_ESPECIFICA_O_DECISION_MANUAL,,,
,VIGENCIA_CARRERA,,,,,,,,,CELDAS_PENDIENTES,15.0,I162S2C114J2V1,REVISAR_VIGENCIA_CARRERA_SIN_FUENTE_DIRECTA,REVISION_ESPECIFICA_O_DECISION_MANUAL,,,
,VIGENCIA_CARRERA,,,,,,,,,CELDAS_PENDIENTES,16.0,I162S2C115J2V1,REVISAR_VIGENCIA_CARRERA_SIN_FUENTE_DIRECTA,REVISION_ESPECIFICA_O_DECISION_MANUAL,,,
,VIGENCIA_CARRERA,,,,,,,,,CELDAS_PENDIENTES,17.0,I162S2C116J4V1,REVISAR_VIGENCIA_CARRERA_SIN_FUENTE_DIRECTA,REVISION_ESPECIFICA_O_DECISION_MANUAL,,,
,VIGENCIA_CARRERA,,,,,,,,,CELDAS_PENDIENTES,18.0,I162S2C117J4V1,REVISAR_VIGENCIA_CARRERA_SIN_FUENTE_DIRECTA,REVISION_ESPECIFICA_O_DECISION_MANUAL,,,
,VIGENCIA_CARRERA,,,,,,,,,CELDAS_PENDIENTES,19.0,I162S2C118J4V1,REVISAR_VIGENCIA_CARRERA_SIN_FUENTE_DIRECTA,REVISION_ESPECIFICA_O_DECISION_MANUAL,,,
,VIGENCIA_CARRERA,,,,,,,,,CELDAS_PENDIENTES,20.0,I162S2C119J4V1,REVISAR_VIGENCIA_CARRERA_SIN_FUENTE_DIRECTA,REVISION_ESPECIFICA_O_DECISION_MANUAL,,,
,VIGENCIA_CARRERA,,,,,,,,,CELDAS_PENDIENTES,21.0,I162S2C124J4V1,REVISAR_VIGENCIA_CARRERA_SIN_FUENTE_DIRECTA,REVISION_ESPECIFICA_O_DECISION_MANUAL,,,
,VIGENCIA_CARRERA,,,,,,,,,CELDAS_PENDIENTES,22.0,I162S2C124J4V2,REVISAR_VIGENCIA_CARRERA_SIN_FUENTE_DIRECTA,REVISION_ESPECIFICA_O_DECISION_MANUAL,,,
,VIGENCIA_CARRERA,,,,,,,,,CELDAS_PENDIENTES,23.0,I162S2C125J4V1,REVISAR_VIGENCIA_CARRERA_SIN_FUENTE_DIRECTA,REVISION_ESPECIFICA_O_DECISION_MANUAL,,,
,VIGENCIA_CARRERA,,,,,,,,,CELDAS_PENDIENTES,24.0,I162S2C125J4V2,REVISAR_VIGENCIA_CARRERA_SIN_FUENTE_DIRECTA,REVISION_ESPECIFICA_O_DECISION_MANUAL,,,
,VIGENCIA_CARRERA,,,,,,,,,CELDAS_PENDIENTES,27.0,I162S2C1J2V2,REVISAR_VIGENCIA_CARRERA_SIN_FUENTE_DIRECTA,REVISION_ESPECIFICA_O_DECISION_MANUAL,,,
,VIGENCIA_CARRERA,,,,,,,,,CELDAS_PENDIENTES,28.0,I162S2C1J4V3,REVISAR_VIGENCIA_CARRERA_SIN_FUENTE_DIRECTA,REVISION_ESPECIFICA_O_DECISION_MANUAL,,,
,VIGENCIA_CARRERA,,,,,,,,,CELDAS_PENDIENTES,35.0,I162S2C2J1V2,REVISAR_VIGENCIA_CARRERA_SIN_FUENTE_DIRECTA,REVISION_ESPECIFICA_O_DECISION_MANUAL,,,
,VIGENCIA_CARRERA,,,,,,,,,CELDAS_PENDIENTES,36.0,I162S2C2J2V2,REVISAR_VIGENCIA_CARRERA_SIN_FUENTE_DIRECTA,REVISION_ESPECIFICA_O_DECISION_MANUAL,,,
,VIGENCIA_CARRERA,,,,,,,,,CELDAS_PENDIENTES,37.0,I162S2C2J4V2,REVISAR_VIGENCIA_CARRERA_SIN_FUENTE_DIRECTA,REVISION_ESPECIFICA_O_DECISION_MANUAL,,,
,VIGENCIA_CARRERA,,,,,,,,,CELDAS_PENDIENTES,38.0,I162S2C35J1V2,REVISAR_VIGENCIA_CARRERA_SIN_FUENTE_DIRECTA,REVISION_ESPECIFICA_O_DECISION_MANUAL,,,
,VIGENCIA_CARRERA,,,,,,,,,CELDAS_PENDIENTES,39.0,I162S2C35J2V2,REVISAR_VIGENCIA_CARRERA_SIN_FUENTE_DIRECTA,REVISION_ESPECIFICA_O_DECISION_MANUAL,,,
,VIGENCIA_CARRERA,,,,,,,,,CELDAS_PENDIENTES,40.0,I162S2C35J4V2,REVISAR_VIGENCIA_CARRERA_SIN_FUENTE_DIRECTA,REVISION_ESPECIFICA_O_DECISION_MANUAL,,,
,VIGENCIA_CARRERA,,,,,,,,,CELDAS_PENDIENTES,41.0,I162S2C3J2V2,REVISAR_VIGENCIA_CARRERA_SIN_FUENTE_DIRECTA,REVISION_ESPECIFICA_O_DECISION_MANUAL,,,
,VIGENCIA_CARRERA,,,,,,,,,CELDAS_PENDIENTES,42.0,I162S2C40J2V1,REVISAR_VIGENCIA_CARRERA_SIN_FUENTE_DIRECTA,REVISION_ESPECIFICA_O_DECISION_MANUAL,,,
,VIGENCIA_CARRERA,,,,,,,,,CELDAS_PENDIENTES,44.0,I162S2C53J3V1,REVISAR_VIGENCIA_CARRERA_SIN_FUENTE_DIRECTA,REVISION_ESPECIFICA_O_DECISION_MANUAL,,,
,VIGENCIA_CARRERA,,,,,,,,,CELDAS_PENDIENTES,45.0,I162S2C63J4V1,REVISAR_VIGENCIA_CARRERA_SIN_FUENTE_DIRECTA,REVISION_ESPECIFICA_O_DECISION_MANUAL,,,
,VIGENCIA_CARRERA,,,,,,,,,CELDAS_PENDIENTES,46.0,I162S2C64J4V1,REVISAR_VIGENCIA_CARRERA_SIN_FUENTE_DIRECTA,REVISION_ESPECIFICA_O_DECISION_MANUAL,,,
,VIGENCIA_CARRERA,,,,,,,,,CELDAS_PENDIENTES,47.0,I162S2C65J4V1,REVISAR_VIGENCIA_CARRERA_SIN_FUENTE_DIRECTA,REVISION_ESPECIFICA_O_DECISION_MANUAL,,,
,VIGENCIA_CARRERA,,,,,,,,,CELDAS_PENDIENTES,48.0,I162S2C66J4V1,REVISAR_VIGENCIA_CARRERA_SIN_FUENTE_DIRECTA,REVISION_ESPECIFICA_O_DECISION_MANUAL,,,
,VIGENCIA_CARRERA,,,,,,,,,CELDAS_PENDIENTES,49.0,I162S2C67J4V1,REVISAR_VIGENCIA_CARRERA_SIN_FUENTE_DIRECTA,REVISION_ESPECIFICA_O_DECISION_MANUAL,,,
,VIGENCIA_CARRERA,,,,,,,,,CELDAS_PENDIENTES,50.0,I162S2C68J4V1,REVISAR_VIGENCIA_CARRERA_SIN_FUENTE_DIRECTA,REVISION_ESPECIFICA_O_DECISION_MANUAL,,,
,VIGENCIA_CARRERA,,,,,,,,,CELDAS_PENDIENTES,51.0,I162S2C69J4V1,REVISAR_VIGENCIA_CARRERA_SIN_FUENTE_DIRECTA,REVISION_ESPECIFICA_O_DECISION_MANUAL,,,
,VIGENCIA_CARRERA,,,,,,,,,CELDAS_PENDIENTES,52.0,I162S2C6J1V1,REVISAR_VIGENCIA_CARRERA_SIN_FUENTE_DIRECTA,REVISION_ESPECIFICA_O_DECISION_MANUAL,,,
,VIGENCIA_CARRERA,,,,,,,,,CELDAS_PENDIENTES,53.0,I162S2C6J2V1,REVISAR_VIGENCIA_CARRERA_SIN_FUENTE_DIRECTA,REVISION_ESPECIFICA_O_DECISION_MANUAL,,,
,VIGENCIA_CARRERA,,,,,,,,,CELDAS_PENDIENTES,54.0,I162S2C6J4V1,REVISAR_VIGENCIA_CARRERA_SIN_FUENTE_DIRECTA,REVISION_ESPECIFICA_O_DECISION_MANUAL,,,
,VIGENCIA_CARRERA,,,,,,,,,CELDAS_PENDIENTES,55.0,I162S2C70J4V1,REVISAR_VIGENCIA_CARRERA_SIN_FUENTE_DIRECTA,REVISION_ESPECIFICA_O_DECISION_MANUAL,,,
,VIGENCIA_CARRERA,,,,,,,,,CELDAS_PENDIENTES,56.0,I162S2C71J4V1,REVISAR_VIGENCIA_CARRERA_SIN_FUENTE_DIRECTA,REVISION_ESPECIFICA_O_DECISION_MANUAL,,,
,VIGENCIA_CARRERA,,,,,,,,,CELDAS_PENDIENTES,57.0,I162S2C76J4V2,REVISAR_VIGENCIA_CARRERA_SIN_FUENTE_DIRECTA,REVISION_ESPECIFICA_O_DECISION_MANUAL,,,
,VIGENCIA_CARRERA,,,,,,,,,CELDAS_PENDIENTES,58.0,I162S2C77J4V2,REVISAR_VIGENCIA_CARRERA_SIN_FUENTE_DIRECTA,REVISION_ESPECIFICA_O_DECISION_MANUAL,,,
,VIGENCIA_CARRERA,,,,,,,,,CELDAS_PENDIENTES,59.0,I162S2C83J4V2,REVISAR_VIGENCIA_CARRERA_SIN_FUENTE_DIRECTA,REVISION_ESPECIFICA_O_DECISION_MANUAL,,,
,VIGENCIA_CARRERA,,,,,,,,,CELDAS_PENDIENTES,60.0,I162S2C86J4V2,REVISAR_VIGENCIA_CARRERA_SIN_FUENTE_DIRECTA,REVISION_ESPECIFICA_O_DECISION_MANUAL,,,
,VIGENCIA_CARRERA,,,,,,,,,CELDAS_PENDIENTES,61.0,I162S2C87J4V2,REVISAR_VIGENCIA_CARRERA_SIN_FUENTE_DIRECTA,REVISION_ESPECIFICA_O_DECISION_MANUAL,,,
,VIGENCIA_CARRERA,,,,,,,,,CELDAS_PENDIENTES,62.0,I162S2C88J4V2,REVISAR_VIGENCIA_CARRERA_SIN_FUENTE_DIRECTA,REVISION_ESPECIFICA_O_DECISION_MANUAL,,,
,VIGENCIA_CARRERA,,,,,,,,,CELDAS_PENDIENTES,63.0,I162S2C90J2V1,REVISAR_VIGENCIA_CARRERA_SIN_FUENTE_DIRECTA,REVISION_ESPECIFICA_O_DECISION_MANUAL,,,
,VIGENCIA_CARRERA,,,,,,,,,CELDAS_PENDIENTES,64.0,I162S2C90J2V2,REVISAR_VIGENCIA_CARRERA_SIN_FUENTE_DIRECTA,REVISION_ESPECIFICA_O_DECISION_MANUAL,,,
,VIGENCIA_CARRERA,,,,,,,,,CELDAS_PENDIENTES,65.0,I162S2C95J4V1,REVISAR_VIGENCIA_CARRERA_SIN_FUENTE_DIRECTA,REVISION_ESPECIFICA_O_DECISION_MANUAL,,,
,VIGENCIA_CARRERA,,,,,,,,,CELDAS_PENDIENTES,66.0,I162S2C96J4V1,REVISAR_VIGENCIA_CARRERA_SIN_FUENTE_DIRECTA,REVISION_ESPECIFICA_O_DECISION_MANUAL,,,
,VIGENCIA_CARRERA,,,,,,,,,CELDAS_PENDIENTES,67.0,I162S2C97J4V1,REVISAR_VIGENCIA_CARRERA_SIN_FUENTE_DIRECTA,REVISION_ESPECIFICA_O_DECISION_MANUAL,,,
,VIGENCIA_CARRERA,,,,,,,,,CELDAS_PENDIENTES,68.0,I162S2C98J4V1,REVISAR_VIGENCIA_CARRERA_SIN_FUENTE_DIRECTA,REVISION_ESPECIFICA_O_DECISION_MANUAL,,,
,VIGENCIA_CARRERA,,,,,,,,,CELDAS_PENDIENTES,69.0,I162S2C99J4V1,REVISAR_VIGENCIA_CARRERA_SIN_FUENTE_DIRECTA,REVISION_ESPECIFICA_O_DECISION_MANUAL,,,
,VIGENCIA_CARRERA,,,,,,,,,CELDAS_PENDIENTES,70.0,I162S3C114J2V1,REVISAR_VIGENCIA_CARRERA_SIN_FUENTE_DIRECTA,REVISION_ESPECIFICA_O_DECISION_MANUAL,,,
,VIGENCIA_CARRERA,,,,,,,,,CELDAS_PENDIENTES,71.0,I162S3C115J2V1,REVISAR_VIGENCIA_CARRERA_SIN_FUENTE_DIRECTA,REVISION_ESPECIFICA_O_DECISION_MANUAL,,,
,VIGENCIA_CARRERA,,,,,,,,,CELDAS_PENDIENTES,72.0,I162S3C91J2V1,REVISAR_VIGENCIA_CARRERA_SIN_FUENTE_DIRECTA,REVISION_ESPECIFICA_O_DECISION_MANUAL,,,
,REGIMEN,,,,,,,,,FILA_CRITICA,,,,UNANIMIDAD,1,1,OK
,NOMBRE_TITULO,,,,,,,,,FILA_CRITICA,,,,UNANIMIDAD,INGENIERO EN CONECTIVIDAD Y REDES,INGENIERO EN CONECTIVIDAD Y REDES,OK
,ACREDITACION,,,,,,,,,FILA_CRITICA,,,,UNANIMIDAD,2,2,OK
,AREA_ACTUAL,,,,,,,,,FILA_CRITICA,,,,UNANIMIDAD,10,10,OK
,AREA_ADMIN_DERECHO,,,,,,,,,FILA_CRITICA,,,,UNANIMIDAD,0,0,OK
,AREA_AGRI_SILVI_PESCA_VET,,,,,,,,,FILA_CRITICA,,,,UNANIMIDAD,0,0,OK
,AREA_ARTES_HUMANIDADES,,,,,,,,,FILA_CRITICA,,,,UNANIMIDAD,0,0,OK
,AREA_CIENCIAS_NAT_MAT_ESTAD,,,,,,,,,FILA_CRITICA,,,,UNANIMIDAD,0,0,OK
,AREA_CS_SOCIAL_PERIODISMO_INFO,,,,,,,,,FILA_CRITICA,,,,UNANIMIDAD,0,0,OK
,AREA_EDUCACION,,,,,,,,,FILA_CRITICA,,,,UNANIMIDAD,0,0,OK
,AREA_INGE_INDUSTRIA_CONSTRUC,,,,,,,,,FILA_CRITICA,,,,UNANIMIDAD,0,0,OK
,AREA_SALUD_BIENESTAR,,,,,,,,,FILA_CRITICA,,,,UNANIMIDAD,0,0,OK
,AREA_SERVICIOS,,,,,,,,,FILA_CRITICA,,,,UNANIMIDAD,0,0,OK
,AREA_TECNO_INFO_COMUNICA,,,,,,,,,FILA_CRITICA,,,,UNANIMIDAD,0,0,OK
,VACANTES_SEGUNDO_SEMESTRE,,,,,,,,,FILA_CRITICA,,,,UNANIMIDAD,0,0,OK
,ANIO_INICIO,,,,,,,,,FILA_CRITICA,,,,CONFLICTO_REAL,CONFLICTO_REVISAR_ANIO_INICIO_VERSIONES_MULTIPLES_2002_2017_2019,CONFLICTO_REVISAR_ANIO_INICIO_VERSIONES_MULTIPLES_2002_2017_2019,OK
,DURACION_REGIMEN,,,,,,,,,FILA_CRITICA,,,,CONFLICTO_REAL,CONFLICTO_REVISAR_DURACION_REGIMEN_VERSIONES_MULTIPLES_4_8,CONFLICTO_REVISAR_DURACION_REGIMEN_VERSIONES_MULTIPLES_4_8,OK
,REQUISITO_INGRESO,,,,,,,,,FILA_CRITICA,,,,CONFLICTO_REAL,CONFLICTO_REVISAR_REQUISITO_INGRESO_VERSIONES_MULTIPLES_1_2,CONFLICTO_REVISAR_REQUISITO_INGRESO_VERSIONES_MULTIPLES_1_2,OK
,SEMESTRES_RECONOCIDOS,,,,,,,,,FILA_CRITICA,,,,CONFLICTO_REAL,CONFLICTO_REVISAR_SEMESTRES_RECONOCIDOS_VERSIONES_MULTIPLES_0_4,CONFLICTO_REVISAR_SEMESTRES_RECONOCIDOS_VERSIONES_MULTIPLES_0_4,OK
,VACANTES_PRIMER_SEMESTRE,,,,,,,,,FILA_CRITICA,,,,CONFLICTO_REAL,CONFLICTO_REVISAR_VACANTES_PRIMER_SEMESTRE_VERSIONES_MULTIPLES_0_30,CONFLICTO_REVISAR_VACANTES_PRIMER_SEMESTRE_VERSIONES_MULTIPLES_0_30,OK
,MATCH_STATUS,,,,,,,,,FILA_CRITICA,,,,METADATA,MATCH_AMBIGUO,MATCH_AMBIGUO,OK
,MATCH_METHOD,,,,,,,,,FILA_CRITICA,,,,METADATA,MATCH_R4_AUXILIAR_AMBIGUO_CON_UNANIMIDAD_PARCIAL,MATCH_R4_AUXILIAR_AMBIGUO_CON_UNANIMIDAD_PARCIAL,OK
,MATCH_COUNT,,,,,,,,,FILA_CRITICA,,,,METADATA,3,3,OK
,MATCH_CODIGO_UNICO_DERIVADO,,,,,,,,,FILA_CRITICA,,,,METADATA,MATCH_AMBIGUO_FAMILIA_I162S2C3J2V1_V3_V4,MATCH_AMBIGUO_FAMILIA_I162S2C3J2V1_V3_V4,OK
