fila_cned,Sede,Comuna,Región,Orden Geográfico de Region,Cod.Carr.,Carrera Genérica,Nombre Programa,Mencion Especialidad,Horario,Tipo Programa,Área Conocimiento,Tipo Carrera,Ingreso Directo,Año Inicio Actividades,Campus,Duracion (en semestres),Titulo,Grado Academico,Codigo SIES,Nivel Pregrado/Posgrado,Modalidad Programa,Especial,Facultad,categoria_final,trazabilidad,recomendacion_operativa,motivo,tipo_match,flags_validacion,codigo_sies_norm,cod_carr_norm,nombre_programa_norm,horario_norm,modalidad_norm,tipo_programa_norm,n_match_codigo,n_match_llave2,n_match_llave3,n_match_llave4,n_match_difuso,codigos_match,evidencia_matricula,evidencia_oferta_catalogo,resumen_matches_codigo,resumen_matches_llaves,resumen_matches_difusos,score_difuso_max
1,Santiago,Santiago,Región Metropolitana,7,43930,Técnico Programador Computacional,TNS en Programación y Análisis de Sistemas,,Vespertino,Programa Regular,Tecnología,Técnico Nivel Superior,Ingreso Directo,2020,República,5,Técnico Nivel Sup. en Programación y Análisis de Sistemas,,I162S2C57J2V1,Pregrado,Presencial,Otro objetivo,,INFORMAR_CNED_CON_TRAZABILIDAD_ALTA,ALTA,CARGAR EN CNED,Codigo SIES/CODIGO_UNICO exacto con evidencia en matricula o archivo listo.,Llave 1: Codigo SIES/CODIGO_UNICO exacto,,I162S2C57J2V1,43930,TNS EN PROGRAMACION Y ANALISIS DE SISTEMAS,VESPERTINO,PRESENCIAL,PROGRAMA REGULAR,12,0,0,0,36,I162S2C57J2V1,SI,SI,I162S2C57J2V1 | TECNICO EN PROGRAMACION Y ANALISIS DE SISTEMAS | V | 2024 | resultados/archivo_listo_para_sies.xlsx[ARCHIVO_LISTO_SUBIDA] | n=97 || I162S2C57J2V1 | TECNICO EN PROGRAMACION Y ANALISIS DE SISTEMAS | V | 2025 | resultados/archivo_listo_para_sies.xlsx[ARCHIVO_LISTO_SUBIDA] | n=1 || I162S2C57J2V1 | TECNICO EN PROGRAMACION Y ANALISIS DE SISTEMAS | V | 2025 | resultados/archivo_listo_para_sies.xlsx[ARCHIVO_LISTO_SUBIDA] | n=29 || I162S2C57J2V1 | TECNICO EN PROGRAMACION Y ANALISIS DE SISTEMAS | V | 2025 | resultados/archivo_listo_para_sies.xlsx[ARCHIVO_LISTO_SUBIDA] | n=12 || I162S2C57J2V1 | TECNICO EN PROGRAMACION Y ANALISIS DE SISTEMAS | V | 2025 | resultados/archivo_listo_para_sies.xlsx[ARCHIVO_LISTO_SUBIDA] | n=17 || I162S2C57J2V1 | TECNICO EN PROGRAMACION Y ANALISIS DE SISTEMAS | V | 2025 | resultados/archivo_listo_para_sies.xlsx[ARCHIVO_LISTO_SUBIDA] | n=48,,I162S2C57J2V1 | TECNICO EN PROGRAMACION Y ANALISIS DE SISTEMAS | V | 2024 | resultados/archivo_listo_para_sies.xlsx[ARCHIVO_LISTO_SUBIDA] | n=97 || I162S2C57J2V1 | TECNICO EN PROGRAMACION Y ANALISIS DE SISTEMAS | V | 2025 | resultados/archivo_listo_para_sies.xlsx[ARCHIVO_LISTO_SUBIDA] | n=1 || I162S2C57J2V1 | TECNICO EN PROGRAMACION Y ANALISIS DE SISTEMAS | V |  | control/catalogos/PUENTE_SIES_COMPILADO.tsv | n=1 || I162S2C57J2V1 | TECNICO EN PROGRAMACION Y ANALISIS DE SISTEMAS | V |  | control/catalogos/PUENTE_SIES_COMPILADO.tsv | n=1 ||  | TECNICO EN PROGRAMACION Y ANALISIS DE SISTEMAS | V | 2020 | control/codcarpr_long.tsv | n=1 ||  | TECNICO EN PROGRAMACION Y ANALISIS DE SISTEMAS | V | 2021 | control/codcarpr_long.tsv | n=1,0.9318181818181818
2,Santiago,Santiago,Región Metropolitana,7,43935,Técnico Programador Computacional,TNS en Programación y Análisis de Sistemas,,Diurno,Programa Regular,Tecnología,Técnico Nivel Superior,Ingreso Directo,2020,República,5,Técnico Nivel Sup. en Programación y Análisis de Sistemas,,I162S2C57J1V1,Pregrado,Presencial,Otro objetivo,,INFORMAR_CNED_CON_TRAZABILIDAD_ALTA,ALTA,CARGAR EN CNED,Codigo SIES/CODIGO_UNICO exacto con evidencia en matricula o archivo listo.,Llave 1: Codigo SIES/CODIGO_UNICO exacto,,I162S2C57J1V1,43935,TNS EN PROGRAMACION Y ANALISIS DE SISTEMAS,DIURNO,PRESENCIAL,PROGRAMA REGULAR,13,0,0,0,36,I162S2C57J1V1,SI,SI,I162S2C57J1V1 | TECNICO EN PROGRAMACION Y ANALISIS DE SISTEMAS | D | 2024 | resultados/archivo_listo_para_sies.xlsx[ARCHIVO_LISTO_SUBIDA] | n=15 || I162S2C57J1V1 | TECNICO EN PROGRAMACION Y ANALISIS DE SISTEMAS | D | 2024 | resultados/archivo_listo_para_sies.xlsx[ARCHIVO_LISTO_SUBIDA] | n=13 || I162S2C57J1V1 | TECNICO EN PROGRAMACION Y ANALISIS DE SISTEMAS | D | 2024 | resultados/archivo_listo_para_sies.xlsx[ARCHIVO_LISTO_SUBIDA] | n=29 || I162S2C57J1V1 | TECNICO EN PROGRAMACION Y ANALISIS DE SISTEMAS | D | 2025 | resultados/archivo_listo_para_sies.xlsx[ARCHIVO_LISTO_SUBIDA] | n=8 || I162S2C57J1V1 | TECNICO EN PROGRAMACION Y ANALISIS DE SISTEMAS | D | 2025 | resultados/archivo_listo_para_sies.xlsx[ARCHIVO_LISTO_SUBIDA] | n=60 || I162S2C57J1V1 | TECNICO EN PROGRAMACION Y ANALISIS DE SISTEMAS | D | 2025 | resultados/archivo_listo_para_sies.xlsx[ARCHIVO_LISTO_SUBIDA] | n=17,,I162S2C57J1V1 | TECNICO EN PROGRAMACION Y ANALISIS DE SISTEMAS | D | 2024 | resultados/archivo_listo_para_sies.xlsx[ARCHIVO_LISTO_SUBIDA] | n=15 || I162S2C57J1V1 | TECNICO EN PROGRAMACION Y ANALISIS DE SISTEMAS | D | 2024 | resultados/archivo_listo_para_sies.xlsx[ARCHIVO_LISTO_SUBIDA] | n=13 ||  | TECNICO EN PROGRAMACION Y ANALISIS DE SISTEMAS |  | 2026 | resultados/archivo_listo_para_sies.xlsx[AUDITORIA_CONSOLIDACION] | n=10 ||  | TECNICO EN PROGRAMACION Y ANALISIS DE SISTEMAS |  | 2026 | resultados/archivo_listo_para_sies.xlsx[AUDITORIA_CONSOLIDACION] | n=470 || I162S2C57J1V1 | TECNICO EN PROGRAMACION Y ANALISIS DE SISTEMAS | D |  | control/catalogos/PUENTE_SIES_COMPILADO.tsv | n=1 || I162S2C57J1V1 | TECNICO EN PROGRAMACION Y ANALISIS DE SISTEMAS | D |  | control/catalogos/PUENTE_SIES_COMPILADO.tsv | n=1,0.9318181818181818
3,Santiago,Santiago,Región Metropolitana,7,40715,Ingeniería en Computación e Informática y similares,Ingeniería en Ciberseguridad (P.E.),,Vespertino,Programa Especial,Tecnología,Profesional,Ingreso Directo,2019,República,5,Ingeniero en Ciberseguridad,,I162S2C46J2V2,Pregrado,Presencial,Continuidad (o articulación) de estudios,,DUPLICADO_O_AMBIGUO,BAJA,NO CARGAR HASTA RESOLVER AMBIGUEDAD,Coincidencia difusa con multiples codigos/candidatos posibles.,Llave 5: similitud difusa de nombre,Mismo Nombre Programa y mismo Horario repetido en listado CNED | Programa Especial | Año Inicio Actividades antiguo sin matricula reciente observada,I162S2C46J2V2,40715,INGENIERIA EN CIBERSEGURIDAD P E,VESPERTINO,PRESENCIAL,PROGRAMA ESPECIAL,0,0,0,0,60,I162S2C46J2V1 | I162S2C46J2V3,SI,SI,,,I162S2C46J2V1 | INGENIERIA EN CIBERSEGURIDAD | V | 2023 | resultados/archivo_listo_para_sies.xlsx[ARCHIVO_LISTO_SUBIDA] | n=20 || I162S2C46J2V1 | INGENIERIA EN CIBERSEGURIDAD | V | 2023 | resultados/archivo_listo_para_sies.xlsx[ARCHIVO_LISTO_SUBIDA] | n=36 ||  | INGENIERIA EN CIBERSEGURIDAD | V | 2022 | control/codcarpr_long.tsv | n=1 ||  | INGENIERIA EN CIBERSEGURIDAD | V | 2023 | control/codcarpr_long.tsv | n=1 ||  | INGENIERIA EN CIBERSEGURIDAD | V | 2024 | control/codcarpr_long.tsv | n=1 ||  | INGENIERIA EN CIBERSEGURIDAD | V | 2025 | control/codcarpr_long.tsv | n=1,0.9333333333333333
4,Santiago,Santiago,Región Metropolitana,7,43934,Ingeniería en Computación e Informática y similares,Ingeniería en Ciberseguridad (P.E.),,Otro,Programa Especial,Tecnología,Profesional,No es Ingreso Directo,2020,República,5,Ingeniero en Ciberseguridad,,,Pregrado,No presencial,Continuidad (o articulación) de estudios,,DUPLICADO_O_AMBIGUO,BAJA,NO CARGAR HASTA RESOLVER AMBIGUEDAD,Coincidencia difusa con multiples codigos/candidatos posibles.,Llave 5: similitud difusa de nombre,Codigo SIES vacio en listado CNED | Mismo Nombre Programa y mismo Horario repetido en listado CNED | Programa Especial | No presencial u Horario Otro | No es Ingreso Directo | Año Inicio Actividades antiguo sin matricula reciente observada,,43934,INGENIERIA EN CIBERSEGURIDAD P E,OTRO,NO PRESENCIAL,PROGRAMA ESPECIAL,0,0,0,0,78,I162S2C46J4V1 | I162S2C46J4V3,SI,SI,,,I162S2C46J4V3 | INGENIERIA EN CIBERSEGURIDAD | O | 2022 | resultados/archivo_listo_para_sies.xlsx[ARCHIVO_LISTO_SUBIDA] | n=16 || I162S2C46J4V1 | INGENIERIA EN CIBERSEGURIDAD | O |  | control/catalogos/PUENTE_SIES_COMPILADO.tsv | n=1 ||  | INGENIERIA EN CIBERSEGURIDAD | O | 2023 | control/codcarpr_long.tsv | n=1 ||  | INGENIERIA EN CIBERSEGURIDAD | O | 2022 | control/codcarpr_long.tsv | n=1 ||  | INGENIERIA EN CIBERSEGURIDAD | O | 2021 | control/codcarpr_long.tsv | n=1 || I162S2C46J4V3 | INGENIERIA EN CIBERSEGURIDAD | O |  | control/catalogos/PUENTE_SIES_COMPILADO.tsv | n=1,0.9333333333333333
5,Santiago,Santiago,Región Metropolitana,7,38816,Ingeniería en Conectividad y Redes,Ingeniería en Conectividad y Redes,,Otro,Programa Regular,Tecnología,Profesional,Ingreso Directo,2018,República,8,Ingeniero en Conectividad y Redes,,I162S2C3J4V2,Pregrado,No presencial,Otro objetivo,,INFORMAR_CNED_CON_TRAZABILIDAD_ALTA,ALTA,CARGAR EN CNED,Codigo SIES/CODIGO_UNICO exacto con evidencia en matricula o archivo listo.,Llave 1: Codigo SIES/CODIGO_UNICO exacto,No presencial u Horario Otro | Codigo asociado a nombres similares o distintos en fuentes locales,I162S2C3J4V2,38816,INGENIERIA EN CONECTIVIDAD Y REDES,OTRO,NO PRESENCIAL,PROGRAMA REGULAR,61,0,0,22,96,I162S2C3J4V2 | I162S2C3J4V3,SI,SI,I162S2C3J4V1 | I162S2C3J4V2 | INGENIERIA EN CONECTIVIDAD Y REDES |  |  | resultados/archivo_listo_para_sies.xlsx[REVISION_MANUAL] | n=1 || I162S2C3J4V1 | I162S2C3J4V2 | INGENIERIA EN CONECTIVIDAD Y REDES | O | 2017 | resultados/archivo_listo_para_sies.xlsx[ARCHIVO_LISTO_SUBIDA] | n=1 || I162S2C3J4V1 | I162S2C3J4V2 | I162S2C3J4V3 | CONTINUIDAD INGENIERIA CONECTIVIDAD Y REDES | O | 2024 | resultados/archivo_listo_para_sies.xlsx[ARCHIVO_LISTO_SUBIDA] | n=36 || I162S2C3J4V1 | I162S2C3J4V2 | I162S2C3J4V3 | CONTINUIDAD INGENIERIA CONECTIVIDAD Y REDES | O | 2025 | resultados/archivo_listo_para_sies.xlsx[ARCHIVO_LISTO_SUBIDA] | n=65 || I162S2C3J4V1 | I162S2C3J4V2 | I162S2C3J4V3 | CONTINUIDAD INGENIERIA CONECTIVIDAD Y REDES | O | 2025 | resultados/archivo_listo_para_sies.xlsx[ARCHIVO_LISTO_SUBIDA] | n=13 || I162S2C3J4V1 | I162S2C3J4V2 | I162S2C3J4V3 | CONTINUIDAD INGENIERIA CONECTIVIDAD Y REDES | O | 2025 | resultados/archivo_listo_para_sies.xlsx[ARCHIVO_LISTO_SUBIDA] | n=832,I162S2C3J4V1 | I162S2C3J4V2 | INGENIERIA EN CONECTIVIDAD Y REDES | O | 2017 | resultados/archivo_listo_para_sies.xlsx[ARCHIVO_LISTO_SUBIDA] | n=1 || I162S2C3J4V2 | INGENIERIA EN CONECTIVIDAD Y REDES | O | 2022 | resultados/archivo_listo_para_sies.xlsx[ARCHIVO_LISTO_SUBIDA] | n=39 || I162S2C3J4V2 | INGENIERIA EN CONECTIVIDAD Y REDES | O | 2023 | resultados/archivo_listo_para_sies.xlsx[ARCHIVO_LISTO_SUBIDA] | n=14 || I162S2C3J4V2 | INGENIERIA EN CONECTIVIDAD Y REDES | O | 2023 | resultados/archivo_listo_para_sies.xlsx[ARCHIVO_LISTO_SUBIDA] | n=49 || I162S2C3J4V2 | INGENIERIA EN CONECTIVIDAD Y REDES | O | 2023 | resultados/archivo_listo_para_sies.xlsx[ARCHIVO_LISTO_SUBIDA] | n=254 || I162S2C3J4V2 | INGENIERIA EN CONECTIVIDAD Y REDES | O | 2023 | resultados/archivo_listo_para_sies.xlsx[ARCHIVO_LISTO_SUBIDA] | n=61,I162S2C3J4V1 | I162S2C3J4V2 | INGENIERIA EN CONECTIVIDAD Y REDES |  |  | resultados/archivo_listo_para_sies.xlsx[REVISION_MANUAL] | n=1 || I162S2C3J4V1 | I162S2C3J4V2 | INGENIERIA EN CONECTIVIDAD Y REDES | O | 2017 | resultados/archivo_listo_para_sies.xlsx[ARCHIVO_LISTO_SUBIDA] | n=1 ||  | INGENIERIA EN CONECTIVIDAD Y REDES | O | 2020 | control/codcarpr_long.tsv | n=1 ||  | INGENIERIA EN CONECTIVIDAD Y REDES | O | 2019 | control/codcarpr_long.tsv | n=1 ||  | INGENIERIA EN CONECTIVIDAD Y REDES | O | 2018 | control/codcarpr_long.tsv | n=1 ||  | INGENIERIA EN CONECTIVIDAD Y REDES | O | 2014 | control/codcarpr_long.tsv | n=1,1.0
6,Santiago,Santiago,Región Metropolitana,7,38817,Ingeniería en Computación e Informática y similares,Ingeniería en Informática,,Otro,Programa Regular,Tecnología,Profesional,Ingreso Directo,2018,República,8,Ingeniero en Informática,,I162S2C46J4V2,Pregrado,No presencial,Otro objetivo,,DUPLICADO_O_AMBIGUO,MEDIA,NO CARGAR HASTA RESOLVER AMBIGUEDAD,Las llaves normalizadas entregan mas de un codigo/candidato posible.,Llaves 2-4 normalizadas,No presencial u Horario Otro,I162S2C46J4V2,38817,INGENIERIA EN INFORMATICA,OTRO,NO PRESENCIAL,PROGRAMA REGULAR,0,0,0,26,92,I162S2C1J4V1 | I162S2C1J4V2,SI,NO,,I162S2C1J4V1 | INGENIERIA EN  INFORMATICA | O | 2016 | resultados/archivo_listo_para_sies.xlsx[ARCHIVO_LISTO_SUBIDA] | n=1 || I162S2C1J4V2 | INGENIERIA EN INFORMATICA | O | 2022 | resultados/archivo_listo_para_sies.xlsx[ARCHIVO_LISTO_SUBIDA] | n=32 || I162S2C1J4V2 | INGENIERIA EN INFORMATICA | O | 2022 | resultados/archivo_listo_para_sies.xlsx[ARCHIVO_LISTO_SUBIDA] | n=12 || I162S2C1J4V2 | INGENIERIA EN INFORMATICA | O | 2023 | resultados/archivo_listo_para_sies.xlsx[ARCHIVO_LISTO_SUBIDA] | n=3 || I162S2C1J4V2 | INGENIERIA EN INFORMATICA | O | 2023 | resultados/archivo_listo_para_sies.xlsx[ARCHIVO_LISTO_SUBIDA] | n=12 || I162S2C1J4V2 | INGENIERIA EN INFORMATICA | O | 2023 | resultados/archivo_listo_para_sies.xlsx[ARCHIVO_LISTO_SUBIDA] | n=15,I162S2C1J4V1 | INGENIERIA EN  INFORMATICA | O | 2016 | resultados/archivo_listo_para_sies.xlsx[ARCHIVO_LISTO_SUBIDA] | n=1 ||  | INGENIERIA EN INFORMATICA | O | 2019 | control/codcarpr_long.tsv | n=1 ||  | INGENIERIA EN INFORMATICA | O | 2024 | control/codcarpr_long.tsv | n=1 ||  | INGENIERIA EN INFORMATICA | O | 2023 | control/codcarpr_long.tsv | n=1 ||  | INGENIERIA EN INFORMATICA | O | 2022 | control/codcarpr_long.tsv | n=1 ||  | INGENIERIA EN INFORMATICA | O | 2021 | control/codcarpr_long.tsv | n=1,1.0
7,Santiago,Santiago,Región Metropolitana,7,43932,Técnico Programador Computacional,TNS en Programación y Análisis de Sistemas,,Otro,Programa Regular,Tecnología,Técnico Nivel Superior,Ingreso Directo,2020,República,5,Técnico Nivel Sup. en Programación Computacional y Análisis de Sistemas,,I162S2C57J4V1,Pregrado,No presencial,Otro objetivo,,INFORMAR_CNED_CON_TRAZABILIDAD_ALTA,ALTA,CARGAR EN CNED,Codigo SIES/CODIGO_UNICO exacto con evidencia en matricula o archivo listo.,Llave 1: Codigo SIES/CODIGO_UNICO exacto,No presencial u Horario Otro,I162S2C57J4V1,43932,TNS EN PROGRAMACION Y ANALISIS DE SISTEMAS,OTRO,NO PRESENCIAL,PROGRAMA REGULAR,25,0,0,0,59,I162S2C57J4V1,SI,SI,I162S2C57J4V1 | TECNICO EN PROGRAMACION Y ANALISIS DE SISTEMAS | O | 2023 | resultados/archivo_listo_para_sies.xlsx[ARCHIVO_LISTO_SUBIDA] | n=17 || I162S2C57J4V1 | TECNICO EN PROGRAMACION Y ANALISIS DE SISTEMAS | O | 2023 | resultados/archivo_listo_para_sies.xlsx[ARCHIVO_LISTO_SUBIDA] | n=18 || I162S2C57J4V1 | TECNICO EN PROGRAMACION Y ANALISIS DE SISTEMAS | O | 2023 | resultados/archivo_listo_para_sies.xlsx[ARCHIVO_LISTO_SUBIDA] | n=16 || I162S2C57J4V1 | TECNICO EN PROGRAMACION Y ANALISIS DE SISTEMAS | O | 2023 | resultados/archivo_listo_para_sies.xlsx[ARCHIVO_LISTO_SUBIDA] | n=25 || I162S2C57J4V1 | TECNICO EN PROGRAMACION Y ANALISIS DE SISTEMAS | O | 2024 | resultados/archivo_listo_para_sies.xlsx[ARCHIVO_LISTO_SUBIDA] | n=7 || I162S2C57J4V1 | TECNICO EN PROGRAMACION Y ANALISIS DE SISTEMAS | O | 2024 | resultados/archivo_listo_para_sies.xlsx[ARCHIVO_LISTO_SUBIDA] | n=46,,I162S2C57J4V1 | TECNICO EN PROGRAMACION Y ANALISIS DE SISTEMAS | O | 2023 | resultados/archivo_listo_para_sies.xlsx[ARCHIVO_LISTO_SUBIDA] | n=17 ||  | TECNICO EN PROGRAMACION Y ANALISIS DE SISTEMAS | O | 2024 | control/codcarpr_long.tsv | n=1 ||  | TECNICO EN PROGRAMACION Y ANALISIS DE SISTEMAS |  | 2026 | resultados/archivo_listo_para_sies.xlsx[AUDITORIA_CONSOLIDACION] | n=470 || I162S2C57J4V1 | TECNICO EN PROGRAMACION Y ANALISIS DE SISTEMAS | O |  | control/catalogos/PUENTE_SIES_COMPILADO.tsv | n=1 || I162S2C57J4V1 | TECNICO EN PROGRAMACION Y ANALISIS DE SISTEMAS | O |  | control/catalogos/PUENTE_SIES_COMPILADO.tsv | n=1 ||  | TECNICO EN PROGRAMACION Y ANALISIS DE SISTEMAS | O | 2020 | control/codcarpr_long.tsv | n=1,0.9318181818181818
8,Santiago,Santiago,Región Metropolitana,7,43928,Ingeniería en Computación e Informática y similares,Ingeniería en Ciberseguridad,,Otro,Programa Regular,Tecnología,Profesional,Ingreso Directo,2020,República,4,Ingeniero en Ciberseguridad,,I162S2C46J4V3,Pregrado,No presencial,Otro objetivo,,INFORMAR_CNED_CON_TRAZABILIDAD_ALTA,ALTA,CARGAR EN CNED,Codigo SIES/CODIGO_UNICO exacto con evidencia en matricula o archivo listo.,Llave 1: Codigo SIES/CODIGO_UNICO exacto,Mismo Nombre Programa y mismo Horario repetido en listado CNED | No presencial u Horario Otro,I162S2C46J4V3,43928,INGENIERIA EN CIBERSEGURIDAD,OTRO,NO PRESENCIAL,PROGRAMA REGULAR,38,0,0,30,78,I162S2C46J4V3,SI,SI,I162S2C46J4V3 | INGENIERIA EN CIBERSEGURIDAD | O | 2022 | resultados/archivo_listo_para_sies.xlsx[ARCHIVO_LISTO_SUBIDA] | n=16 || I162S2C46J4V3 | INGENIERIA EN CIBERSEGURIDAD | O | 2022 | resultados/archivo_listo_para_sies.xlsx[ARCHIVO_LISTO_SUBIDA] | n=28 || I162S2C46J4V3 | INGENIERIA EN CIBERSEGURIDAD | O | 2022 | resultados/archivo_listo_para_sies.xlsx[ARCHIVO_LISTO_SUBIDA] | n=13 || I162S2C46J4V3 | INGENIERIA EN CIBERSEGURIDAD | O | 2022 | resultados/archivo_listo_para_sies.xlsx[ARCHIVO_LISTO_SUBIDA] | n=80 || I162S2C46J4V3 | INGENIERIA EN CIBERSEGURIDAD | O | 2023 | resultados/archivo_listo_para_sies.xlsx[ARCHIVO_LISTO_SUBIDA] | n=12 || I162S2C46J4V3 | INGENIERIA EN CIBERSEGURIDAD | O | 2023 | resultados/archivo_listo_para_sies.xlsx[ARCHIVO_LISTO_SUBIDA] | n=15,I162S2C46J4V3 | INGENIERIA EN CIBERSEGURIDAD | O | 2022 | resultados/archivo_listo_para_sies.xlsx[ARCHIVO_LISTO_SUBIDA] | n=16 || I162S2C46J4V3 | INGENIERIA EN CIBERSEGURIDAD | O | 2022 | resultados/archivo_listo_para_sies.xlsx[ARCHIVO_LISTO_SUBIDA] | n=28 || I162S2C46J4V3 | INGENIERIA EN CIBERSEGURIDAD | O | 2022 | resultados/archivo_listo_para_sies.xlsx[ARCHIVO_LISTO_SUBIDA] | n=13 || I162S2C46J4V3 | INGENIERIA EN CIBERSEGURIDAD | O | 2022 | resultados/archivo_listo_para_sies.xlsx[ARCHIVO_LISTO_SUBIDA] | n=80 || I162S2C46J4V3 | INGENIERIA EN CIBERSEGURIDAD | O | 2023 | resultados/archivo_listo_para_sies.xlsx[ARCHIVO_LISTO_SUBIDA] | n=12 || I162S2C46J4V3 | INGENIERIA EN CIBERSEGURIDAD | O | 2023 | resultados/archivo_listo_para_sies.xlsx[ARCHIVO_LISTO_SUBIDA] | n=15,I162S2C46J4V3 | INGENIERIA EN CIBERSEGURIDAD | O | 2022 | resultados/archivo_listo_para_sies.xlsx[ARCHIVO_LISTO_SUBIDA] | n=16 || I162S2C46J4V1 | INGENIERIA EN CIBERSEGURIDAD | O |  | control/catalogos/PUENTE_SIES_COMPILADO.tsv | n=1 ||  | INGENIERIA EN CIBERSEGURIDAD | O | 2023 | control/codcarpr_long.tsv | n=1 ||  | INGENIERIA EN CIBERSEGURIDAD | O | 2022 | control/codcarpr_long.tsv | n=1 ||  | INGENIERIA EN CIBERSEGURIDAD | O | 2021 | control/codcarpr_long.tsv | n=1 || I162S2C46J4V3 | INGENIERIA EN CIBERSEGURIDAD | O |  | control/catalogos/PUENTE_SIES_COMPILADO.tsv | n=1,1.0
9,Santiago,Santiago,Región Metropolitana,7,38818,"Ingeniería en Automatización, Control Industrial y similares",Ingeniero en Automatización y Control Industrial (P.E.),,Vespertino,Programa Especial,Tecnología,Profesional,Ingreso Directo,2018,República,4,Ingeniero en Automatización y Control Industrial,,I162S2C22J2V2,Pregrado,Presencial,Continuidad (o articulación) de estudios,,DUPLICADO_O_AMBIGUO,MEDIA,NO CARGAR HASTA RESOLVER AMBIGUEDAD,La llave de codigo encuentra mas de un codigo/candidato en bases locales.,Llave 1: Codigo SIES/CODIGO_UNICO exacto,Programa Especial | Año Inicio Actividades antiguo sin matricula reciente observada,I162S2C22J2V2,38818,INGENIERIA EN AUTOMATIZACION Y CONTROL INDUSTRIAL P E,VESPERTINO,PRESENCIAL,PROGRAMA ESPECIAL,6,0,0,0,31,I162S2C22J2V1 | I162S2C22J2V2,NO,SI,I162S2C22J2V1 | I162S2C22J2V2 | INGENIERIA EN AUTOMATIZACION Y CONTROL INDUSTRIAL | V |  | resultados/archivo_listo_para_sies.xlsx[PUENTE_SIES] | n=1 || I162S2C22J2V1 | I162S2C22J2V2 | INGENIERIA EN AUTOMATIZACION Y CONTROL INDUSTRIAL | V |  | resultados/archivo_listo_para_sies.xlsx[PUENTE_SIES] | n=1 || I162S2C22J2V1 | I162S2C22J2V2 | INGENIERIA EN AUTOMATIZACION Y CONTROL INDUSTRIAL | V |  | resultados/archivo_listo_para_sies.xlsx[PUENTE_SIES] | n=1 || I162S2C22J2V1 | I162S2C22J2V2 | INGENIERIA EN AUTOMATIZACION Y CONTROL INDUSTRIAL | V |  | control/catalogos/PUENTE_SIES_COMPILADO.tsv | n=1 || I162S2C22J2V1 | I162S2C22J2V2 | INGENIERIA EN AUTOMATIZACION Y CONTROL INDUSTRIAL | V |  | control/catalogos/PUENTE_SIES_COMPILADO.tsv | n=1 || I162S2C22J2V1 | I162S2C22J2V2 | INGENIERIA EN AUTOMATIZACION Y CONTROL INDUSTRIAL | V |  | control/catalogos/PUENTE_SIES_COMPILADO.tsv | n=1,, | INGENIERIA EN AUTOMATIZACION Y CONTROL INDUSTRIAL | V |  | resultados/archivo_listo_para_sies.xlsx[CATALOGO_MANUAL] | n=1 ||  | INGENIERIA EN AUTOMATIZACION Y CONTROL INDUSTRIAL | V | 2021 | control/codcarpr_long.tsv | n=1 ||  | INGENIERIA EN AUTOMATIZACION Y CONTROL INDUSTRIAL | V | 2019 | control/gob_codcarpr_anioingreso_long.tsv | n=1 ||  | INGENIERIA EN AUTOMATIZACION Y CONTROL INDUSTRIAL | V | 2018 | control/gob_codcarpr_anioingreso_long.tsv | n=1 ||  | INGENIERIA EN AUTOMATIZACION Y CONTROL INDUSTRIAL | V | 2021 | control/gob_codcarpr_anioingreso_long.tsv | n=1 ||  | INGENIERIA EN AUTOMATIZACION Y CONTROL INDUSTRIAL | V | 2020 | control/gob_codcarpr_anioingreso_long.tsv | n=1,0.9607843137254902
10,Santiago,Santiago,Región Metropolitana,7,40876,Ingeniería en Computación e Informática y similares,Ingeniería en Informática (P.E.),,Otro,Programa Especial,Tecnología,Profesional,Ingreso Directo,2019,República,4,Ingeniero en Informática,,I162S2C1J4V2,Pregrado,No presencial,Continuidad (o articulación) de estudios,,INFORMAR_CNED_CON_TRAZABILIDAD_ALTA,ALTA,CARGAR EN CNED,Codigo SIES/CODIGO_UNICO exacto con evidencia en matricula o archivo listo.,Llave 1: Codigo SIES/CODIGO_UNICO exacto,Programa Especial | No presencial u Horario Otro | Codigo asociado a nombres similares o distintos en fuentes locales,I162S2C1J4V2,40876,INGENIERIA EN INFORMATICA P E,OTRO,NO PRESENCIAL,PROGRAMA ESPECIAL,48,0,0,0,92,I162S2C1J4V2 | I162S2C1J4V3,SI,SI,I162S2C1J4V1 | I162S2C1J4V2 | I162S2C1J4V3 | CONTINUIDAD INGENIERIA INFORMATICA | O | 2024 | resultados/archivo_listo_para_sies.xlsx[ARCHIVO_LISTO_SUBIDA] | n=4 || I162S2C1J4V1 | I162S2C1J4V2 | I162S2C1J4V3 | CONTINUIDAD INGENIERIA INFORMATICA | O | 2024 | resultados/archivo_listo_para_sies.xlsx[ARCHIVO_LISTO_SUBIDA] | n=8 || I162S2C1J4V1 | I162S2C1J4V2 | I162S2C1J4V3 | CONTINUIDAD INGENIERIA INFORMATICA | O | 2025 | resultados/archivo_listo_para_sies.xlsx[ARCHIVO_LISTO_SUBIDA] | n=17 || I162S2C1J4V1 | I162S2C1J4V2 | I162S2C1J4V3 | CONTINUIDAD INGENIERIA INFORMATICA | O | 2025 | resultados/archivo_listo_para_sies.xlsx[ARCHIVO_LISTO_SUBIDA] | n=37 || I162S2C1J4V1 | I162S2C1J4V2 | I162S2C1J4V3 | CONTINUIDAD INGENIERIA INFORMATICA | O | 2025 | resultados/archivo_listo_para_sies.xlsx[ARCHIVO_LISTO_SUBIDA] | n=698 || I162S2C1J4V1 | I162S2C1J4V2 | I162S2C1J4V3 | CONTINUIDAD INGENIERIA INFORMATICA | O | 2026 | resultados/archivo_listo_para_sies.xlsx[ARCHIVO_LISTO_SUBIDA] | n=4,,I162S2C1J4V1 | INGENIERIA EN  INFORMATICA | O | 2016 | resultados/archivo_listo_para_sies.xlsx[ARCHIVO_LISTO_SUBIDA] | n=1 ||  | INGENIERIA EN INFORMATICA | O | 2019 | control/codcarpr_long.tsv | n=1 ||  | INGENIERIA EN INFORMATICA | O | 2024 | control/codcarpr_long.tsv | n=1 ||  | INGENIERIA EN INFORMATICA | O | 2023 | control/codcarpr_long.tsv | n=1 ||  | INGENIERIA EN INFORMATICA | O | 2022 | control/codcarpr_long.tsv | n=1 ||  | INGENIERIA EN INFORMATICA | O | 2021 | control/codcarpr_long.tsv | n=1,0.9259259259259259
11,Santiago,Santiago,Región Metropolitana,7,43931,Técnico en Análisis de Sistemas Informáticos,TNS en Ciberseguridad,,Otro,Programa Regular,Tecnología,Técnico Nivel Superior,Ingreso Directo,2020,República,5,Técnico Nivel Sup. en Ciberseguridad,,I162S2C47J4V1,Pregrado,No presencial,Otro objetivo,,INFORMAR_CNED_CON_TRAZABILIDAD_ALTA,ALTA,CARGAR EN CNED,Codigo SIES/CODIGO_UNICO exacto con evidencia en matricula o archivo listo.,Llave 1: Codigo SIES/CODIGO_UNICO exacto,No presencial u Horario Otro,I162S2C47J4V1,43931,TNS EN CIBERSEGURIDAD,OTRO,NO PRESENCIAL,PROGRAMA REGULAR,20,0,0,0,0,I162S2C47J4V1,SI,SI,I162S2C47J4V1 | TECNICO EN CIBERSEGURIDAD | O | 2020 | resultados/archivo_listo_para_sies.xlsx[ARCHIVO_LISTO_SUBIDA] | n=9 || I162S2C47J4V1 | TECNICO EN CIBERSEGURIDAD | O | 2021 | resultados/archivo_listo_para_sies.xlsx[ARCHIVO_LISTO_SUBIDA] | n=11 || I162S2C47J4V1 | TECNICO EN CIBERSEGURIDAD | O | 2022 | resultados/archivo_listo_para_sies.xlsx[ARCHIVO_LISTO_SUBIDA] | n=16 || I162S2C47J4V1 | TECNICO EN CIBERSEGURIDAD | O | 2023 | resultados/archivo_listo_para_sies.xlsx[ARCHIVO_LISTO_SUBIDA] | n=14 || I162S2C47J4V1 | TECNICO EN CIBERSEGURIDAD | O | 2023 | resultados/archivo_listo_para_sies.xlsx[ARCHIVO_LISTO_SUBIDA] | n=10 || I162S2C47J4V1 | TECNICO EN CIBERSEGURIDAD | O | 2024 | resultados/archivo_listo_para_sies.xlsx[ARCHIVO_LISTO_SUBIDA] | n=2,,,
12,Santiago,Santiago,Región Metropolitana,7,40716,Ingeniería en Computación e Informática y similares,Ingeniería en Ciberseguridad (P.E.),,Vespertino,Programa Especial,Tecnología,Profesional,Ingreso Directo,2019,República,4,Ingeniero en Ciberseguridad,,I162S2C46J2V3,Pregrado,Presencial,Continuidad (o articulación) de estudios,,INFORMAR_CNED_CON_TRAZABILIDAD_ALTA,ALTA,CARGAR EN CNED,Codigo SIES/CODIGO_UNICO exacto con evidencia en matricula o archivo listo.,Llave 1: Codigo SIES/CODIGO_UNICO exacto,Mismo Nombre Programa y mismo Horario repetido en listado CNED | Programa Especial | Codigo asociado a nombres similares o distintos en fuentes locales,I162S2C46J2V3,40716,INGENIERIA EN CIBERSEGURIDAD P E,VESPERTINO,PRESENCIAL,PROGRAMA ESPECIAL,6,0,0,0,60,I162S2C46J2V3,SI,SI,I162S2C46J2V3 | CONTINUIDAD INGENIERIA  CIBERSEGURIDAD | V | 2025 | resultados/archivo_listo_para_sies.xlsx[ARCHIVO_LISTO_SUBIDA] | n=16 || I162S2C46J2V3 | CONTINUIDAD INGENIERIA  CIBERSEGURIDAD | V | 2026 | resultados/archivo_listo_para_sies.xlsx[ARCHIVO_LISTO_SUBIDA] | n=12 || I162S2C46J2V3 | CONTINUIDAD INGENIERIA CIBERSEGURIDAD | V |  | resultados/archivo_listo_para_sies.xlsx[PUENTE_SIES] | n=1 || I162S2C46J2V3 | INGENIERIA EN CIBERSEGURIDAD | V |  | resultados/archivo_listo_para_sies.xlsx[PUENTE_SIES] | n=1 || I162S2C46J2V3 | CONTINUIDAD INGENIERIA CIBERSEGURIDAD | V |  | control/catalogos/PUENTE_SIES_COMPILADO.tsv | n=1 || I162S2C46J2V3 | INGENIERIA EN CIBERSEGURIDAD | V |  | control/catalogos/PUENTE_SIES_COMPILADO.tsv | n=1,,I162S2C46J2V1 | INGENIERIA EN CIBERSEGURIDAD | V | 2023 | resultados/archivo_listo_para_sies.xlsx[ARCHIVO_LISTO_SUBIDA] | n=20 || I162S2C46J2V1 | INGENIERIA EN CIBERSEGURIDAD | V | 2023 | resultados/archivo_listo_para_sies.xlsx[ARCHIVO_LISTO_SUBIDA] | n=36 ||  | INGENIERIA EN CIBERSEGURIDAD | V | 2022 | control/codcarpr_long.tsv | n=1 ||  | INGENIERIA EN CIBERSEGURIDAD | V | 2023 | control/codcarpr_long.tsv | n=1 ||  | INGENIERIA EN CIBERSEGURIDAD | V | 2024 | control/codcarpr_long.tsv | n=1 ||  | INGENIERIA EN CIBERSEGURIDAD | V | 2025 | control/codcarpr_long.tsv | n=1,0.9333333333333333
13,Santiago,Santiago,Región Metropolitana,7,48339,Ingeniería Ejecución Industrial y similares,Ingeniería en Automatización y Control Industrial,Eficiencia Energética,Otro,Programa Regular,Tecnología,Profesional,Ingreso Directo,2022,República,8,Ingeniero en Automatización y Control Industrial,,I162S2C22J4V1,Pregrado,No presencial,Otro objetivo,,INFORMAR_CNED_CON_TRAZABILIDAD_ALTA,ALTA,CARGAR EN CNED,Codigo SIES/CODIGO_UNICO exacto con evidencia en matricula o archivo listo.,Llave 1: Codigo SIES/CODIGO_UNICO exacto,No presencial u Horario Otro | Codigo asociado a nombres similares o distintos en fuentes locales,I162S2C22J4V1,48339,INGENIERIA EN AUTOMATIZACION Y CONTROL INDUSTRIAL,OTRO,NO PRESENCIAL,PROGRAMA REGULAR,12,0,0,0,10,I162S2C22J4V2,SI,SI,I162S2C22J4V1 | I162S2C22J4V2 | CONTINUIDAD INGENIERIA INDUSTRIAL | O | 2025 | resultados/archivo_listo_para_sies.xlsx[ARCHIVO_LISTO_SUBIDA] | n=67 || I162S2C22J4V1 | I162S2C22J4V2 | CONTINUIDAD INGENIERIA INDUSTRIAL | O | 2025 | resultados/archivo_listo_para_sies.xlsx[ARCHIVO_LISTO_SUBIDA] | n=228 || I162S2C22J4V1 | I162S2C22J4V2 | CONTINUIDAD INGENIERIA INDUSTRIAL | O | 2026 | resultados/archivo_listo_para_sies.xlsx[ARCHIVO_LISTO_SUBIDA] | n=16 || I162S2C22J4V1 | I162S2C22J4V2 | CONTINUIDAD INGENIERIA INDUSTRIAL | O | 2026 | resultados/archivo_listo_para_sies.xlsx[ARCHIVO_LISTO_SUBIDA] | n=70 || I162S2C22J4V1 | I162S2C22J4V2 | CONTINUIDAD INGENIERIA INDUSTRIAL | O |  | resultados/archivo_listo_para_sies.xlsx[PUENTE_SIES] | n=1 || I162S2C22J4V1 | I162S2C22J4V2 | INGENIERIA EN AUTOMATIZACION Y CONTROL INDUSTRIAL | O |  | resultados/archivo_listo_para_sies.xlsx[PUENTE_SIES] | n=1,, | INGENIERIA EN AUTOMATIZACION Y CONTROL INDUSTRIAL | O |  | resultados/archivo_listo_para_sies.xlsx[CATALOGO_MANUAL] | n=1 ||  | INGENIERIA EN AUTOMATIZACION Y CONTROL INDUSTRIAL | O |  | resultados/archivo_listo_para_sies.xlsx[CATALOGO_MANUAL] | n=1 ||  | INGENIERIA EN AUTOMATIZACION Y CONTROL INDUSTRIAL | O |  | resultados/archivo_listo_para_sies.xlsx[CATALOGO_MANUAL] | n=1 ||  | INGENIERIA EN AUTOMATIZACION Y CONTROL INDUSTRIAL | O |  | resultados/archivo_listo_para_sies.xlsx[CATALOGO_MANUAL] | n=1 || I162S2C22J4V1 | I162S2C22J4V2 | INGENIERIA EN AUTOMATIZACION Y CONTROL INDUSTRIAL | O |  | resultados/archivo_listo_para_sies.xlsx[PUENTE_SIES] | n=1 || I162S2C22J4V1 | I162S2C22J4V2 | INGENIERIA EN AUTOMATIZACION Y CONTROL INDUSTRIAL | O |  | resultados/archivo_listo_para_sies.xlsx[PUENTE_SIES] | n=1,1.0
14,Santiago,Santiago,Región Metropolitana,7,48338,"Técnico en Automatización, Control automático y similares",TNS en Automatización y Control Industrial,Eficiencia Energética,Otro,Programa Regular,Tecnología,Técnico Nivel Superior,Ingreso Directo,2022,República,5,Técnico Nivel Sup. en Automatización y Control Industrial,,I162S2C11J4V1,Pregrado,No presencial,Otro objetivo,,NO_INFORMAR_SIN_MATRICULA_O_SIN_EVIDENCIA,BAJA,NO CARGAR SIN NUEVA EVIDENCIA,No aparece evidencia suficiente en las bases revisadas.,Sin coincidencia suficiente,No presencial u Horario Otro,I162S2C11J4V1,48338,TNS EN AUTOMATIZACION Y CONTROL INDUSTRIAL,OTRO,NO PRESENCIAL,PROGRAMA REGULAR,0,0,0,0,0,,NO,NO,,,,
15,Santiago,Santiago,Región Metropolitana,7,51505,"Ingeniería en Administración, Administración de Empresas y similares",Ingeniería en Administración de Empresas,,Otro,Programa Regular,Administración y Comercio,Profesional,Ingreso Directo,2024,,8,Ingeniero en Administración de Empresas,,I162S2C76J4V1,Pregrado,No presencial,Otro objetivo,,INFORMAR_CNED_CON_TRAZABILIDAD_ALTA,ALTA,CARGAR EN CNED,Codigo SIES/CODIGO_UNICO exacto con evidencia en matricula o archivo listo.,Llave 1: Codigo SIES/CODIGO_UNICO exacto,No presencial u Horario Otro | Codigo asociado a nombres similares o distintos en fuentes locales,I162S2C76J4V1,51505,INGENIERIA EN ADMINISTRACION DE EMPRESAS,OTRO,NO PRESENCIAL,PROGRAMA REGULAR,25,0,4,12,31,I162S2C76J4V1 | I162S2C76J4V2,SI,SI,I162S2C76J4V1 | I162S2C76J4V2 | INGENIERIA EN ADMINISTRACION DE EMPRESAS | O | 2024 | resultados/archivo_listo_para_sies.xlsx[ARCHIVO_LISTO_SUBIDA] | n=36 || I162S2C76J4V1 | I162S2C76J4V2 | INGENIERIA EN ADMINISTRACION DE EMPRESAS | O | 2024 | resultados/archivo_listo_para_sies.xlsx[ARCHIVO_LISTO_SUBIDA] | n=9 || I162S2C76J4V1 | I162S2C76J4V2 | INGENIERIA EN ADMINISTRACION DE EMPRESAS | O | 2024 | resultados/archivo_listo_para_sies.xlsx[ARCHIVO_LISTO_SUBIDA] | n=54 || I162S2C76J4V1 | I162S2C76J4V2 | INGENIERIA EN ADMINISTRACION DE EMPRESAS | O | 2024 | resultados/archivo_listo_para_sies.xlsx[ARCHIVO_LISTO_SUBIDA] | n=52 || I162S2C76J4V1 | I162S2C76J4V2 | INGENIERIA EN ADMINISTRACION DE EMPRESAS | O | 2025 | resultados/archivo_listo_para_sies.xlsx[ARCHIVO_LISTO_SUBIDA] | n=198 || I162S2C76J4V1 | I162S2C76J4V2 | INGENIERIA EN ADMINISTRACION DE EMPRESAS | O | 2025 | resultados/archivo_listo_para_sies.xlsx[ARCHIVO_LISTO_SUBIDA] | n=57,I162S2C76J4V1 | I162S2C76J4V2 | INGENIERIA EN ADMINISTRACION DE EMPRESAS | O | 2024 | resultados/archivo_listo_para_sies.xlsx[ARCHIVO_LISTO_SUBIDA] | n=36 || I162S2C76J4V1 | I162S2C76J4V2 | INGENIERIA EN ADMINISTRACION DE EMPRESAS | O | 2024 | resultados/archivo_listo_para_sies.xlsx[ARCHIVO_LISTO_SUBIDA] | n=9 || I162S2C76J4V1 | I162S2C76J4V2 | INGENIERIA EN ADMINISTRACION DE EMPRESAS | O | 2024 | resultados/archivo_listo_para_sies.xlsx[ARCHIVO_LISTO_SUBIDA] | n=54 || I162S2C76J4V1 | I162S2C76J4V2 | INGENIERIA EN ADMINISTRACION DE EMPRESAS | O | 2024 | resultados/archivo_listo_para_sies.xlsx[ARCHIVO_LISTO_SUBIDA] | n=52 || I162S2C76J4V1 | I162S2C76J4V2 | INGENIERIA EN ADMINISTRACION DE EMPRESAS | O | 2025 | resultados/archivo_listo_para_sies.xlsx[ARCHIVO_LISTO_SUBIDA] | n=198 || I162S2C76J4V1 | I162S2C76J4V2 | INGENIERIA EN ADMINISTRACION DE EMPRESAS | O | 2025 | resultados/archivo_listo_para_sies.xlsx[ARCHIVO_LISTO_SUBIDA] | n=57,I162S2C76J4V1 | I162S2C76J4V2 | INGENIERIA EN ADMINISTRACION DE EMPRESAS | O | 2024 | resultados/archivo_listo_para_sies.xlsx[ARCHIVO_LISTO_SUBIDA] | n=36 || I162S2C76J4V1 | I162S2C76J4V2 | INGENIERIA EN ADMINISTRACION DE EMPRESAS | O |  | resultados/archivo_listo_para_sies.xlsx[PUENTE_SIES] | n=1 ||  | INGENIERIA EN ADMINISTRACION DE EMPRESAS | O | 2025 | control/gob_codcarpr_anioingreso_long.tsv | n=1 ||  | INGENIERIA EN ADMINISTRACION DE EMPRESAS | O | 2024 | control/gob_codcarpr_anioingreso_long.tsv | n=1 ||  | INGENIERIA EN ADMINISTRACION DE EMPRESAS | O | 2026 | control/codcarpr_long.tsv | n=1 ||  | INGENIERIA EN ADMINISTRACION DE EMPRESAS | O | 2025 | control/codcarpr_long.tsv | n=1,1.0
16,Santiago,Santiago,Región Metropolitana,7,51514,Técnico en Administración de Empresas,TNS en Administración de Empresas,,Diurno,Programa Regular,Administración y Comercio,Técnico Nivel Superior,Ingreso Directo,2024,,5,Técnico Nivel Sup. en Administración de Empresas,,I162S2C78J1V1,Pregrado,Presencial,Otro objetivo,,INFORMAR_CNED_CON_TRAZABILIDAD_ALTA,ALTA,CARGAR EN CNED,Codigo SIES/CODIGO_UNICO exacto con evidencia en matricula o archivo listo.,Llave 1: Codigo SIES/CODIGO_UNICO exacto,,I162S2C78J1V1,51514,TNS EN ADMINISTRACION DE EMPRESAS,DIURNO,PRESENCIAL,PROGRAMA REGULAR,4,0,0,0,16,I162S2C78J1V1,SI,SI,I162S2C78J1V1 | TECNICO EN ADMINISTRACION DE EMPRESAS | D | 2026 | resultados/archivo_listo_para_sies.xlsx[ARCHIVO_LISTO_SUBIDA] | n=12 || I162S2C78J1V1 | TECNICO EN ADMINISTRACION DE EMPRESAS | D | 2026 | resultados/archivo_listo_para_sies.xlsx[ARCHIVO_LISTO_SUBIDA] | n=42 || I162S2C78J1V1 | TECNICO EN ADMINISTRACION DE EMPRESAS | D |  | resultados/archivo_listo_para_sies.xlsx[PUENTE_SIES] | n=1 || I162S2C78J1V1 | TECNICO EN ADMINISTRACION DE EMPRESAS | D |  | control/catalogos/PUENTE_SIES_COMPILADO.tsv | n=1,,I162S2C78J1V1 | TECNICO EN ADMINISTRACION DE EMPRESAS | D | 2026 | resultados/archivo_listo_para_sies.xlsx[ARCHIVO_LISTO_SUBIDA] | n=12 || I162S2C78J1V1 | TECNICO EN ADMINISTRACION DE EMPRESAS | D | 2026 | resultados/archivo_listo_para_sies.xlsx[ARCHIVO_LISTO_SUBIDA] | n=42 ||  | TECNICO EN ADMINISTRACION DE EMPRESAS | D |  | resultados/archivo_listo_para_sies.xlsx[EXCLUIDOS_CARGA_PREGR] | n=41 ||  | TECNICO EN ADMINISTRACION DE EMPRESAS | D |  | resultados/archivo_listo_para_sies.xlsx[CATALOGO_MANUAL] | n=1 || I162S2C78J1V1 | TECNICO EN ADMINISTRACION DE EMPRESAS | D |  | resultados/archivo_listo_para_sies.xlsx[PUENTE_SIES] | n=1 ||  | TECNICO EN ADMINISTRACION DE EMPRESAS |  | 2024 | resultados/archivo_listo_para_sies.xlsx[AUDITORIA_CONSOLIDACION] | n=82,0.9142857142857143
17,Santiago,Santiago,Región Metropolitana,7,51506,Técnico en Administración de Empresas,TNS en Administración de Empresas,,Vespertino,Programa Regular,Administración y Comercio,Técnico Nivel Superior,Ingreso Directo,2024,,5,Técnico Nivel Sup. en Administración de Empresas,,I162S2C78J2V1,Pregrado,Presencial,Otro objetivo,,INFORMAR_CNED_CON_TRAZABILIDAD_ALTA,ALTA,CARGAR EN CNED,Codigo SIES/CODIGO_UNICO exacto con evidencia en matricula o archivo listo.,Llave 1: Codigo SIES/CODIGO_UNICO exacto,,I162S2C78J2V1,51506,TNS EN ADMINISTRACION DE EMPRESAS,VESPERTINO,PRESENCIAL,PROGRAMA REGULAR,8,0,0,0,20,I162S2C78J2V1,SI,SI,I162S2C78J2V1 | TECNICO EN ADMINISTRACION DE EMPRESAS | V | 2025 | resultados/archivo_listo_para_sies.xlsx[ARCHIVO_LISTO_SUBIDA] | n=16 || I162S2C78J2V1 | TECNICO EN ADMINISTRACION DE EMPRESAS | V | 2025 | resultados/archivo_listo_para_sies.xlsx[ARCHIVO_LISTO_SUBIDA] | n=8 || I162S2C78J2V1 | TECNICO EN ADMINISTRACION DE EMPRESAS | V | 2025 | resultados/archivo_listo_para_sies.xlsx[ARCHIVO_LISTO_SUBIDA] | n=85 || I162S2C78J2V1 | TECNICO EN ADMINISTRACION DE EMPRESAS | V | 2026 | resultados/archivo_listo_para_sies.xlsx[ARCHIVO_LISTO_SUBIDA] | n=24 || I162S2C78J2V1 | TECNICO EN ADMINISTRACION DE EMPRESAS | V | 2026 | resultados/archivo_listo_para_sies.xlsx[ARCHIVO_LISTO_SUBIDA] | n=120 || I162S2C78J2V1 | TECNICO EN ADMINISTRACION DE EMPRESAS | V | 2026 | resultados/archivo_listo_para_sies.xlsx[ARCHIVO_LISTO_SUBIDA] | n=17,,I162S2C78J2V1 | TECNICO EN ADMINISTRACION DE EMPRESAS | V | 2025 | resultados/archivo_listo_para_sies.xlsx[ARCHIVO_LISTO_SUBIDA] | n=16 || I162S2C78J2V1 | TECNICO EN ADMINISTRACION DE EMPRESAS | V | 2025 | resultados/archivo_listo_para_sies.xlsx[ARCHIVO_LISTO_SUBIDA] | n=8 ||  | TECNICO EN ADMINISTRACION DE EMPRESAS | V | 2025 | control/gob_codcarpr_anioingreso_long.tsv | n=1 ||  | TECNICO EN ADMINISTRACION DE EMPRESAS | V | 2024 | control/gob_codcarpr_anioingreso_long.tsv | n=1 ||  | TECNICO EN ADMINISTRACION DE EMPRESAS | V | 2026 | control/codcarpr_long.tsv | n=1 ||  | TECNICO EN ADMINISTRACION DE EMPRESAS | V | 2025 | control/codcarpr_long.tsv | n=1,0.9142857142857143
18,Santiago,Santiago,Región Metropolitana,7,51510,Técnico en Administración de Empresas,TNS en Administración de Empresas,,Otro,Programa Regular,Administración y Comercio,Técnico Nivel Superior,Ingreso Directo,2024,,5,Técnico Nivel Sup. en Administración de Empresas,,I162S2C78J4V1,Pregrado,No presencial,Otro objetivo,,INFORMAR_CNED_CON_TRAZABILIDAD_ALTA,ALTA,CARGAR EN CNED,Codigo SIES/CODIGO_UNICO exacto con evidencia en matricula o archivo listo.,Llave 1: Codigo SIES/CODIGO_UNICO exacto,No presencial u Horario Otro,I162S2C78J4V1,51510,TNS EN ADMINISTRACION DE EMPRESAS,OTRO,NO PRESENCIAL,PROGRAMA REGULAR,11,0,0,0,23,I162S2C78J4V1,SI,SI,I162S2C78J4V1 | TECNICO EN ADMINISTRACION DE EMPRESAS | O | 2024 | resultados/archivo_listo_para_sies.xlsx[ARCHIVO_LISTO_SUBIDA] | n=31 || I162S2C78J4V1 | TECNICO EN ADMINISTRACION DE EMPRESAS | O | 2024 | resultados/archivo_listo_para_sies.xlsx[ARCHIVO_LISTO_SUBIDA] | n=57 || I162S2C78J4V1 | TECNICO EN ADMINISTRACION DE EMPRESAS | O | 2025 | resultados/archivo_listo_para_sies.xlsx[ARCHIVO_LISTO_SUBIDA] | n=16 || I162S2C78J4V1 | TECNICO EN ADMINISTRACION DE EMPRESAS | O | 2025 | resultados/archivo_listo_para_sies.xlsx[ARCHIVO_LISTO_SUBIDA] | n=154 || I162S2C78J4V1 | TECNICO EN ADMINISTRACION DE EMPRESAS | O | 2025 | resultados/archivo_listo_para_sies.xlsx[ARCHIVO_LISTO_SUBIDA] | n=12 || I162S2C78J4V1 | TECNICO EN ADMINISTRACION DE EMPRESAS | O | 2025 | resultados/archivo_listo_para_sies.xlsx[ARCHIVO_LISTO_SUBIDA] | n=102,,I162S2C78J4V1 | TECNICO EN ADMINISTRACION DE EMPRESAS | O | 2024 | resultados/archivo_listo_para_sies.xlsx[ARCHIVO_LISTO_SUBIDA] | n=31 ||  | TECNICO EN ADMINISTRACION DE EMPRESAS |  | 2024 | resultados/archivo_listo_para_sies.xlsx[AUDITORIA_CONSOLIDACION] | n=82 ||  | TECNICO EN ADMINISTRACION DE EMPRESAS | O | 2025 | control/gob_codcarpr_anioingreso_long.tsv | n=1 ||  | TECNICO EN ADMINISTRACION DE EMPRESAS | O | 2024 | control/gob_codcarpr_anioingreso_long.tsv | n=1 ||  | TECNICO EN ADMINISTRACION DE EMPRESAS | O | 2026 | control/codcarpr_long.tsv | n=1 ||  | TECNICO EN ADMINISTRACION DE EMPRESAS | O | 2025 | control/codcarpr_long.tsv | n=1,0.9142857142857143
19,Santiago,Santiago,Región Metropolitana,7,51512,Técnico en Logística y similares,TNS en Logística,,Vespertino,Programa Regular,Tecnología,Técnico Nivel Superior,Ingreso Directo,2024,,5,Técnico Nivel Sup. en Logística,,I162S2C79J2V1,Pregrado,Presencial,Otro objetivo,,INFORMAR_CNED_CON_TRAZABILIDAD_ALTA,ALTA,CARGAR EN CNED,Codigo SIES/CODIGO_UNICO exacto con evidencia en matricula o archivo listo.,Llave 1: Codigo SIES/CODIGO_UNICO exacto,,I162S2C79J2V1,51512,TNS EN LOGISTICA,VESPERTINO,PRESENCIAL,PROGRAMA REGULAR,11,0,0,0,0,I162S2C79J2V1,SI,SI,I162S2C79J2V1 | TECNICO EN LOGISTICA | V | 2024 | resultados/archivo_listo_para_sies.xlsx[ARCHIVO_LISTO_SUBIDA] | n=14 || I162S2C79J2V1 | TECNICO EN LOGISTICA | V | 2024 | resultados/archivo_listo_para_sies.xlsx[ARCHIVO_LISTO_SUBIDA] | n=14 || I162S2C79J2V1 | TECNICO EN LOGISTICA | V | 2025 | resultados/archivo_listo_para_sies.xlsx[ARCHIVO_LISTO_SUBIDA] | n=16 || I162S2C79J2V1 | TECNICO EN LOGISTICA | V | 2025 | resultados/archivo_listo_para_sies.xlsx[ARCHIVO_LISTO_SUBIDA] | n=28 || I162S2C79J2V1 | TECNICO EN LOGISTICA | V | 2025 | resultados/archivo_listo_para_sies.xlsx[ARCHIVO_LISTO_SUBIDA] | n=4 || I162S2C79J2V1 | TECNICO EN LOGISTICA | V | 2025 | resultados/archivo_listo_para_sies.xlsx[ARCHIVO_LISTO_SUBIDA] | n=16,,,
20,Santiago,Santiago,Región Metropolitana,7,51513,Técnico en Logística y similares,TNS en Logística,,Otro,Programa Regular,Tecnología,Técnico Nivel Superior,Ingreso Directo,2024,,5,Técnico Nivel Sup. en Logística,,I162S2C79J4V1,Pregrado,No presencial,Otro objetivo,,INFORMAR_CNED_CON_TRAZABILIDAD_ALTA,ALTA,CARGAR EN CNED,Codigo SIES/CODIGO_UNICO exacto con evidencia en matricula o archivo listo.,Llave 1: Codigo SIES/CODIGO_UNICO exacto,No presencial u Horario Otro,I162S2C79J4V1,51513,TNS EN LOGISTICA,OTRO,NO PRESENCIAL,PROGRAMA REGULAR,12,0,0,0,0,I162S2C79J4V1,SI,SI,I162S2C79J4V1 | TECNICO EN LOGISTICA | O | 2024 | resultados/archivo_listo_para_sies.xlsx[ARCHIVO_LISTO_SUBIDA] | n=14 || I162S2C79J4V1 | TECNICO EN LOGISTICA | O | 2024 | resultados/archivo_listo_para_sies.xlsx[ARCHIVO_LISTO_SUBIDA] | n=43 || I162S2C79J4V1 | TECNICO EN LOGISTICA | O | 2025 | resultados/archivo_listo_para_sies.xlsx[ARCHIVO_LISTO_SUBIDA] | n=2 || I162S2C79J4V1 | TECNICO EN LOGISTICA | O | 2025 | resultados/archivo_listo_para_sies.xlsx[ARCHIVO_LISTO_SUBIDA] | n=168 || I162S2C79J4V1 | TECNICO EN LOGISTICA | O | 2025 | resultados/archivo_listo_para_sies.xlsx[ARCHIVO_LISTO_SUBIDA] | n=8 || I162S2C79J4V1 | TECNICO EN LOGISTICA | O | 2025 | resultados/archivo_listo_para_sies.xlsx[ARCHIVO_LISTO_SUBIDA] | n=118,,,
21,Santiago,Santiago,Región Metropolitana,7,51502,Ingeniería  en Procesos Industriales y similares,Ingeniería en Automatización y Control Industrial  (P.E.),,Otro,Programa Especial,Tecnología,Profesional,Ingreso Directo,2024,,4,Ingeniero en Automatización y Control Industrial,,I162S2C22J4V2,Pregrado,No presencial,Continuidad (o articulación) de estudios,,INFORMAR_CNED_CON_TRAZABILIDAD_ALTA,ALTA,CARGAR EN CNED,Codigo SIES/CODIGO_UNICO exacto con evidencia en matricula o archivo listo.,Llave 1: Codigo SIES/CODIGO_UNICO exacto,Programa Especial | No presencial u Horario Otro | Codigo asociado a nombres similares o distintos en fuentes locales,I162S2C22J4V2,51502,INGENIERIA EN AUTOMATIZACION Y CONTROL INDUSTRIAL P E,OTRO,NO PRESENCIAL,PROGRAMA ESPECIAL,16,0,0,0,10,I162S2C22J4V2,SI,SI,I162S2C22J4V1 | I162S2C22J4V2 | CONTINUIDAD INGENIERIA INDUSTRIAL | O | 2025 | resultados/archivo_listo_para_sies.xlsx[ARCHIVO_LISTO_SUBIDA] | n=67 || I162S2C22J4V1 | I162S2C22J4V2 | CONTINUIDAD INGENIERIA INDUSTRIAL | O | 2025 | resultados/archivo_listo_para_sies.xlsx[ARCHIVO_LISTO_SUBIDA] | n=228 || I162S2C22J4V1 | I162S2C22J4V2 | CONTINUIDAD INGENIERIA INDUSTRIAL | O | 2026 | resultados/archivo_listo_para_sies.xlsx[ARCHIVO_LISTO_SUBIDA] | n=16 || I162S2C22J4V1 | I162S2C22J4V2 | CONTINUIDAD INGENIERIA INDUSTRIAL | O | 2026 | resultados/archivo_listo_para_sies.xlsx[ARCHIVO_LISTO_SUBIDA] | n=70 || I162S2C22J4V1 | I162S2C22J4V2 | CONTINUIDAD INGENIERIA INDUSTRIAL | O |  | resultados/archivo_listo_para_sies.xlsx[PUENTE_SIES] | n=1 || I162S2C22J4V1 | I162S2C22J4V2 | INGENIERIA EN AUTOMATIZACION Y CONTROL INDUSTRIAL | O |  | resultados/archivo_listo_para_sies.xlsx[PUENTE_SIES] | n=1,, | INGENIERIA EN AUTOMATIZACION Y CONTROL INDUSTRIAL | O |  | resultados/archivo_listo_para_sies.xlsx[CATALOGO_MANUAL] | n=1 ||  | INGENIERIA EN AUTOMATIZACION Y CONTROL INDUSTRIAL | O |  | resultados/archivo_listo_para_sies.xlsx[CATALOGO_MANUAL] | n=1 ||  | INGENIERIA EN AUTOMATIZACION Y CONTROL INDUSTRIAL | O |  | resultados/archivo_listo_para_sies.xlsx[CATALOGO_MANUAL] | n=1 ||  | INGENIERIA EN AUTOMATIZACION Y CONTROL INDUSTRIAL | O |  | resultados/archivo_listo_para_sies.xlsx[CATALOGO_MANUAL] | n=1 || I162S2C22J4V1 | I162S2C22J4V2 | INGENIERIA EN AUTOMATIZACION Y CONTROL INDUSTRIAL | O |  | resultados/archivo_listo_para_sies.xlsx[PUENTE_SIES] | n=1 || I162S2C22J4V1 | I162S2C22J4V2 | INGENIERIA EN AUTOMATIZACION Y CONTROL INDUSTRIAL | O |  | resultados/archivo_listo_para_sies.xlsx[PUENTE_SIES] | n=1,0.9607843137254902
22,Santiago,Santiago,Región Metropolitana,7,45921,Ingeniería en Computación e Informática y similares,Ingeniería en Ciberseguridad,,Otro,Programa Regular,Tecnología,Profesional,Ingreso Directo,2021,República,8,Ingeniero en Ciberseguridad,,,Pregrado,No presencial,Otro objetivo,,NO_INFORMAR_CODIGO_FALTANTE,MEDIA,NO CARGAR SIN CONFIRMAR CODIGO,"El programa aparece por llaves normalizadas, pero Codigo SIES esta vacio en el listado CNED.",Llaves 2-4 normalizadas,Codigo SIES vacio en listado CNED | Mismo Nombre Programa y mismo Horario repetido en listado CNED | No presencial u Horario Otro,,45921,INGENIERIA EN CIBERSEGURIDAD,OTRO,NO PRESENCIAL,PROGRAMA REGULAR,0,0,0,30,78,I162S2C46J4V3,SI,NO,,I162S2C46J4V3 | INGENIERIA EN CIBERSEGURIDAD | O | 2022 | resultados/archivo_listo_para_sies.xlsx[ARCHIVO_LISTO_SUBIDA] | n=16 || I162S2C46J4V3 | INGENIERIA EN CIBERSEGURIDAD | O | 2022 | resultados/archivo_listo_para_sies.xlsx[ARCHIVO_LISTO_SUBIDA] | n=28 || I162S2C46J4V3 | INGENIERIA EN CIBERSEGURIDAD | O | 2022 | resultados/archivo_listo_para_sies.xlsx[ARCHIVO_LISTO_SUBIDA] | n=13 || I162S2C46J4V3 | INGENIERIA EN CIBERSEGURIDAD | O | 2022 | resultados/archivo_listo_para_sies.xlsx[ARCHIVO_LISTO_SUBIDA] | n=80 || I162S2C46J4V3 | INGENIERIA EN CIBERSEGURIDAD | O | 2023 | resultados/archivo_listo_para_sies.xlsx[ARCHIVO_LISTO_SUBIDA] | n=12 || I162S2C46J4V3 | INGENIERIA EN CIBERSEGURIDAD | O | 2023 | resultados/archivo_listo_para_sies.xlsx[ARCHIVO_LISTO_SUBIDA] | n=15,I162S2C46J4V3 | INGENIERIA EN CIBERSEGURIDAD | O | 2022 | resultados/archivo_listo_para_sies.xlsx[ARCHIVO_LISTO_SUBIDA] | n=16 || I162S2C46J4V1 | INGENIERIA EN CIBERSEGURIDAD | O |  | control/catalogos/PUENTE_SIES_COMPILADO.tsv | n=1 ||  | INGENIERIA EN CIBERSEGURIDAD | O | 2023 | control/codcarpr_long.tsv | n=1 ||  | INGENIERIA EN CIBERSEGURIDAD | O | 2022 | control/codcarpr_long.tsv | n=1 ||  | INGENIERIA EN CIBERSEGURIDAD | O | 2021 | control/codcarpr_long.tsv | n=1 || I162S2C46J4V3 | INGENIERIA EN CIBERSEGURIDAD | O |  | control/catalogos/PUENTE_SIES_COMPILADO.tsv | n=1,1.0
23,Santiago,Santiago,Región Metropolitana,7,6677,Ingeniería en Computación e Informática y similares,Ingeniería en Informática,,Diurno,Programa Regular,Tecnología,Profesional,Ingreso Directo,1990,,8,Ingeniero en Informática,,I162S2C1J1V2,Pregrado,Presencial,,,INFORMAR_CNED_CON_TRAZABILIDAD_ALTA,ALTA,CARGAR EN CNED,Codigo SIES/CODIGO_UNICO exacto con evidencia en matricula o archivo listo.,Llave 1: Codigo SIES/CODIGO_UNICO exacto,Mismo Nombre Programa y mismo Horario repetido en listado CNED,I162S2C1J1V2,6677,INGENIERIA EN INFORMATICA,DIURNO,PRESENCIAL,PROGRAMA REGULAR,12,0,0,10,64,I162S2C1J1V2,SI,SI,I162S2C1J1V1 | I162S2C1J1V2 | INGENIERIA EN INFORMATICA | D | 2024 | resultados/archivo_listo_para_sies.xlsx[ARCHIVO_LISTO_SUBIDA] | n=19 || I162S2C1J1V1 | I162S2C1J1V2 | INGENIERIA EN INFORMATICA | D | 2024 | resultados/archivo_listo_para_sies.xlsx[ARCHIVO_LISTO_SUBIDA] | n=17 || I162S2C1J1V1 | I162S2C1J1V2 | INGENIERIA EN INFORMATICA | D | 2024 | resultados/archivo_listo_para_sies.xlsx[ARCHIVO_LISTO_SUBIDA] | n=114 || I162S2C1J1V1 | I162S2C1J1V2 | INGENIERIA EN INFORMATICA | D | 2025 | resultados/archivo_listo_para_sies.xlsx[ARCHIVO_LISTO_SUBIDA] | n=7 || I162S2C1J1V1 | I162S2C1J1V2 | INGENIERIA EN INFORMATICA | D | 2025 | resultados/archivo_listo_para_sies.xlsx[ARCHIVO_LISTO_SUBIDA] | n=10 || I162S2C1J1V1 | I162S2C1J1V2 | INGENIERIA EN INFORMATICA | D | 2025 | resultados/archivo_listo_para_sies.xlsx[ARCHIVO_LISTO_SUBIDA] | n=32,I162S2C1J1V1 | I162S2C1J1V2 | INGENIERIA EN INFORMATICA | D | 2024 | resultados/archivo_listo_para_sies.xlsx[ARCHIVO_LISTO_SUBIDA] | n=19 || I162S2C1J1V1 | I162S2C1J1V2 | INGENIERIA EN INFORMATICA | D | 2024 | resultados/archivo_listo_para_sies.xlsx[ARCHIVO_LISTO_SUBIDA] | n=17 || I162S2C1J1V1 | I162S2C1J1V2 | INGENIERIA EN INFORMATICA | D | 2024 | resultados/archivo_listo_para_sies.xlsx[ARCHIVO_LISTO_SUBIDA] | n=114 || I162S2C1J1V1 | I162S2C1J1V2 | INGENIERIA EN INFORMATICA | D | 2025 | resultados/archivo_listo_para_sies.xlsx[ARCHIVO_LISTO_SUBIDA] | n=7 || I162S2C1J1V1 | I162S2C1J1V2 | INGENIERIA EN INFORMATICA | D | 2025 | resultados/archivo_listo_para_sies.xlsx[ARCHIVO_LISTO_SUBIDA] | n=10 || I162S2C1J1V1 | I162S2C1J1V2 | INGENIERIA EN INFORMATICA | D | 2025 | resultados/archivo_listo_para_sies.xlsx[ARCHIVO_LISTO_SUBIDA] | n=32,I162S2C1J1V1 | I162S2C1J1V2 | INGENIERIA EN INFORMATICA | D | 2024 | resultados/archivo_listo_para_sies.xlsx[ARCHIVO_LISTO_SUBIDA] | n=19 || I162S2C1J1V1 | I162S2C1J1V2 | INGENIERIA EN INFORMATICA | D | 2024 | resultados/archivo_listo_para_sies.xlsx[ARCHIVO_LISTO_SUBIDA] | n=17 ||  | INGENIERIA EN INFORMATICA | D | 2016 | control/codcarpr_long.tsv | n=1 ||  | INGENIERIA EN INFORMATICA | D | 2017 | control/codcarpr_long.tsv | n=1 ||  | INGENIERIA EN INFORMATICA | D | 2018 | control/codcarpr_long.tsv | n=1 ||  | INGENIERIA EN INFORMATICA | D | 2019 | control/codcarpr_long.tsv | n=1,1.0
24,Santiago,Santiago,Región Metropolitana,7,6678,Ingeniería en Computación e Informática y similares,Ingeniería en Informática,,Vespertino,Programa Regular,Tecnología,Profesional,Ingreso Directo,1990,,8,Ingeniero en Informática,,I162S2C1J2V4,Pregrado,Presencial,,,INFORMAR_CNED_CON_TRAZABILIDAD_ALTA,ALTA,CARGAR EN CNED,Codigo SIES/CODIGO_UNICO exacto con evidencia en matricula o archivo listo.,Llave 1: Codigo SIES/CODIGO_UNICO exacto,Mismo Nombre Programa y mismo Horario repetido en listado CNED,I162S2C1J2V4,6678,INGENIERIA EN INFORMATICA,VESPERTINO,PRESENCIAL,PROGRAMA REGULAR,19,0,0,9,136,I162S2C1J2V4,SI,SI,I162S2C1J2V1 | I162S2C1J2V2 | I162S2C1J2V3 | I162S2C1J2V4 | INGENIERIA EN INFORMATICA | V | 2024 | resultados/archivo_listo_para_sies.xlsx[ARCHIVO_LISTO_SUBIDA] | n=15 || I162S2C1J2V1 | I162S2C1J2V2 | I162S2C1J2V3 | I162S2C1J2V4 | INGENIERIA EN INFORMATICA | V | 2024 | resultados/archivo_listo_para_sies.xlsx[ARCHIVO_LISTO_SUBIDA] | n=101 || I162S2C1J2V1 | I162S2C1J2V2 | I162S2C1J2V3 | I162S2C1J2V4 | INGENIERIA EN INFORMATICA | V | 2025 | resultados/archivo_listo_para_sies.xlsx[ARCHIVO_LISTO_SUBIDA] | n=25 || I162S2C1J2V1 | I162S2C1J2V2 | I162S2C1J2V3 | I162S2C1J2V4 | INGENIERIA EN INFORMATICA | V | 2025 | resultados/archivo_listo_para_sies.xlsx[ARCHIVO_LISTO_SUBIDA] | n=33 || I162S2C1J2V1 | I162S2C1J2V2 | I162S2C1J2V3 | I162S2C1J2V4 | INGENIERIA EN INFORMATICA | V | 2025 | resultados/archivo_listo_para_sies.xlsx[ARCHIVO_LISTO_SUBIDA] | n=64 || I162S2C1J2V1 | I162S2C1J2V2 | I162S2C1J2V3 | I162S2C1J2V4 | INGENIERIA EN INFORMATICA | V | 2025 | resultados/archivo_listo_para_sies.xlsx[ARCHIVO_LISTO_SUBIDA] | n=41,I162S2C1J2V1 | I162S2C1J2V2 | I162S2C1J2V3 | I162S2C1J2V4 | INGENIERIA EN INFORMATICA | V | 2024 | resultados/archivo_listo_para_sies.xlsx[ARCHIVO_LISTO_SUBIDA] | n=15 || I162S2C1J2V1 | I162S2C1J2V2 | I162S2C1J2V3 | I162S2C1J2V4 | INGENIERIA EN INFORMATICA | V | 2024 | resultados/archivo_listo_para_sies.xlsx[ARCHIVO_LISTO_SUBIDA] | n=101 || I162S2C1J2V1 | I162S2C1J2V2 | I162S2C1J2V3 | I162S2C1J2V4 | INGENIERIA EN INFORMATICA | V | 2025 | resultados/archivo_listo_para_sies.xlsx[ARCHIVO_LISTO_SUBIDA] | n=25 || I162S2C1J2V1 | I162S2C1J2V2 | I162S2C1J2V3 | I162S2C1J2V4 | INGENIERIA EN INFORMATICA | V | 2025 | resultados/archivo_listo_para_sies.xlsx[ARCHIVO_LISTO_SUBIDA] | n=33 || I162S2C1J2V1 | I162S2C1J2V2 | I162S2C1J2V3 | I162S2C1J2V4 | INGENIERIA EN INFORMATICA | V | 2025 | resultados/archivo_listo_para_sies.xlsx[ARCHIVO_LISTO_SUBIDA] | n=64 || I162S2C1J2V1 | I162S2C1J2V2 | I162S2C1J2V3 | I162S2C1J2V4 | INGENIERIA EN INFORMATICA | V | 2025 | resultados/archivo_listo_para_sies.xlsx[ARCHIVO_LISTO_SUBIDA] | n=41,I162S2C1J2V1 | I162S2C1J2V2 | I162S2C1J2V3 | I162S2C1J2V4 | INGENIERIA EN INFORMATICA | V | 2024 | resultados/archivo_listo_para_sies.xlsx[ARCHIVO_LISTO_SUBIDA] | n=15 ||  | INGENIERIA EN INFORMATICA | V | 2009 | control/gob_codcarpr_anioingreso_long.tsv | n=1 ||  | INGENIERIA EN INFORMATICA | V | 2002 | control/gob_codcarpr_anioingreso_long.tsv | n=1 ||  | INGENIERIA EN INFORMATICA | V | 2003 | control/gob_codcarpr_anioingreso_long.tsv | n=1 ||  | INGENIERIA EN INFORMATICA | V | 2005 | control/gob_codcarpr_anioingreso_long.tsv | n=1 ||  | INGENIERIA EN INFORMATICA | V | 2006 | control/gob_codcarpr_anioingreso_long.tsv | n=1,1.0
25,Santiago,Santiago,Región Metropolitana,7,6681,Técnico Programador Computacional,TNS en Programación Computacional,,Diurno,Programa Regular,Tecnología,Técnico Nivel Superior,Ingreso Directo,1990,,4,Técnico Nivel Sup. Programador Computacional,,I162S2C2J1V1,Pregrado,Presencial,,,DUPLICADO_O_AMBIGUO,MEDIA,NO CARGAR HASTA RESOLVER AMBIGUEDAD,La llave de codigo encuentra mas de un codigo/candidato en bases locales.,Llave 1: Codigo SIES/CODIGO_UNICO exacto,Año Inicio Actividades antiguo sin matricula reciente observada,I162S2C2J1V1,6681,TNS EN PROGRAMACION COMPUTACIONAL,DIURNO,PRESENCIAL,PROGRAMA REGULAR,2,0,0,0,28,I162S2C2J1V1 | I162S2C2J1V2,NO,SI,I162S2C2J1V1 | I162S2C2J1V2 | TECNICO EN PROGRAMACION COMPUTACIONAL | D |  | resultados/archivo_listo_para_sies.xlsx[PUENTE_SIES] | n=1 || I162S2C2J1V1 | I162S2C2J1V2 | TECNICO EN PROGRAMACION COMPUTACIONAL | D |  | control/catalogos/PUENTE_SIES_COMPILADO.tsv | n=1,, | TECNICO EN PROGRAMACION COMPUTACIONAL | D |  | resultados/archivo_listo_para_sies.xlsx[CATALOGO_MANUAL] | n=1 ||  | TECNICO EN PROGRAMACION COMPUTACIONAL | D |  | resultados/archivo_listo_para_sies.xlsx[CATALOGO_MANUAL] | n=1 ||  | TECNICO EN PROGRAMACION COMPUTACIONAL | D | 2019 | control/gob_codcarpr_anioingreso_long.tsv | n=1 ||  | TECNICO EN PROGRAMACION COMPUTACIONAL | D | 2018 | control/gob_codcarpr_anioingreso_long.tsv | n=1 ||  | TECNICO EN PROGRAMACION COMPUTACIONAL | D | 2017 | control/gob_codcarpr_anioingreso_long.tsv | n=1 ||  | TECNICO EN PROGRAMACION COMPUTACIONAL | D | 2016 | control/gob_codcarpr_anioingreso_long.tsv | n=2,0.9142857142857143
26,Santiago,Santiago,Región Metropolitana,7,6682,Técnico Programador Computacional,TNS en Programación Computacional,,Vespertino,Programa Regular,Tecnología,Técnico Nivel Superior,Ingreso Directo,1990,,4,Técnico Nivel Sup. Programador Computacional,,I162S2C2J2V1,Pregrado,Presencial,,,DUPLICADO_O_AMBIGUO,MEDIA,NO CARGAR HASTA RESOLVER AMBIGUEDAD,La llave de codigo encuentra mas de un codigo/candidato en bases locales.,Llave 1: Codigo SIES/CODIGO_UNICO exacto,Año Inicio Actividades antiguo sin matricula reciente observada,I162S2C2J2V1,6682,TNS EN PROGRAMACION COMPUTACIONAL,VESPERTINO,PRESENCIAL,PROGRAMA REGULAR,2,0,0,0,38,I162S2C2J2V1 | I162S2C2J2V2,NO,SI,I162S2C2J2V1 | I162S2C2J2V2 | TECNICO EN PROGRAMACION COMPUTACIONAL | V |  | resultados/archivo_listo_para_sies.xlsx[PUENTE_SIES] | n=1 || I162S2C2J2V1 | I162S2C2J2V2 | TECNICO EN PROGRAMACION COMPUTACIONAL | V |  | control/catalogos/PUENTE_SIES_COMPILADO.tsv | n=1,, | TECNICO EN PROGRAMACION COMPUTACIONAL | V |  | resultados/archivo_listo_para_sies.xlsx[CATALOGO_MANUAL] | n=1 ||  | TECNICO EN PROGRAMACION COMPUTACIONAL | V | 2010 | control/gob_codcarpr_anioingreso_long.tsv | n=1 ||  | TECNICO EN PROGRAMACION COMPUTACIONAL | V | 1989 | control/gob_codcarpr_anioingreso_long.tsv | n=1 ||  | TECNICO EN PROGRAMACION COMPUTACIONAL | V | 2000 | control/gob_codcarpr_anioingreso_long.tsv | n=1 ||  | TECNICO EN PROGRAMACION COMPUTACIONAL | V | 2002 | control/gob_codcarpr_anioingreso_long.tsv | n=1 ||  | TECNICO EN PROGRAMACION COMPUTACIONAL | V | 2003 | control/gob_codcarpr_anioingreso_long.tsv | n=1,0.9142857142857143
27,Santiago,Santiago,Región Metropolitana,7,6683,Técnico en Administración de Redes Computacionales,TNS en Conectividad y Redes,,Diurno,Programa Regular,Tecnología,Técnico Nivel Superior,Ingreso Directo,2002,,4,Técnico Nivel Sup. en Conectividad y Redes,,I162S2C6J1V2,Pregrado,Presencial,,,DUPLICADO_O_AMBIGUO,MEDIA,NO CARGAR HASTA RESOLVER AMBIGUEDAD,La llave de codigo encuentra mas de un codigo/candidato en bases locales.,Llave 1: Codigo SIES/CODIGO_UNICO exacto,Año Inicio Actividades antiguo sin matricula reciente observada,I162S2C6J1V2,6683,TNS EN CONECTIVIDAD Y REDES,DIURNO,PRESENCIAL,PROGRAMA REGULAR,4,0,0,0,49,I162S2C6J1V1 | I162S2C6J1V2,NO,SI,I162S2C6J1V1 | I162S2C6J1V2 | TECNICO EN CONECTIVIDAD Y REDES | D |  | resultados/archivo_listo_para_sies.xlsx[PUENTE_SIES] | n=1 || I162S2C6J1V1 | I162S2C6J1V2 | TECNICO EN CONECTIVIDAD Y REDES | D |  | resultados/archivo_listo_para_sies.xlsx[PUENTE_SIES] | n=1 || I162S2C6J1V1 | I162S2C6J1V2 | TECNICO EN CONECTIVIDAD Y REDES | D |  | control/catalogos/PUENTE_SIES_COMPILADO.tsv | n=1 || I162S2C6J1V1 | I162S2C6J1V2 | TECNICO EN CONECTIVIDAD Y REDES | D |  | control/catalogos/PUENTE_SIES_COMPILADO.tsv | n=1,, | TECNICO EN CONECTIVIDAD Y REDES | D |  | resultados/archivo_listo_para_sies.xlsx[CATALOGO_MANUAL] | n=1 ||  | TECNICO EN CONECTIVIDAD Y REDES | D | 2016 | control/codcarpr_long.tsv | n=1 ||  | TECNICO EN CONECTIVIDAD Y REDES | D | 2018 | control/codcarpr_long.tsv | n=1 ||  | TECNICO EN CONECTIVIDAD Y REDES | D | 2019 | control/codcarpr_long.tsv | n=1 ||  | TECNICO EN CONECTIVIDAD Y REDES | D | 2020 | control/codcarpr_long.tsv | n=1 ||  | TECNICO EN CONECTIVIDAD Y REDES | D | 2021 | control/codcarpr_long.tsv | n=1,0.896551724137931
28,Santiago,Santiago,Región Metropolitana,7,6684,Técnico en Administración de Redes Computacionales,TNS en Conectividad y Redes,,Vespertino,Programa Regular,Tecnología,Técnico Nivel Superior,Ingreso Directo,2002,,4,Técnico Nivel Sup. en Conectividad y Redes,,I162S2C6J2V2,Pregrado,Presencial,,,INFORMAR_CNED_CON_TRAZABILIDAD_ALTA,ALTA,CARGAR EN CNED,Codigo SIES/CODIGO_UNICO exacto con evidencia en matricula o archivo listo.,Llave 1: Codigo SIES/CODIGO_UNICO exacto,,I162S2C6J2V2,6684,TNS EN CONECTIVIDAD Y REDES,VESPERTINO,PRESENCIAL,PROGRAMA REGULAR,8,0,0,0,70,I162S2C6J2V2,SI,SI,I162S2C6J2V1 | I162S2C6J2V2 | TECNICO EN CONECTIVIDAD Y REDES | V | 2019 | resultados/archivo_listo_para_sies.xlsx[ARCHIVO_LISTO_SUBIDA] | n=2 || I162S2C6J2V1 | I162S2C6J2V2 | TECNICO EN CONECTIVIDAD Y REDES | V | 2025 | resultados/archivo_listo_para_sies.xlsx[ARCHIVO_LISTO_SUBIDA] | n=19 || I162S2C6J2V1 | I162S2C6J2V2 | TECNICO EN CONECTIVIDAD Y REDES | V | 2025 | resultados/archivo_listo_para_sies.xlsx[ARCHIVO_LISTO_SUBIDA] | n=12 || I162S2C6J2V1 | I162S2C6J2V2 | TECNICO EN CONECTIVIDAD Y REDES | V | 2025 | resultados/archivo_listo_para_sies.xlsx[ARCHIVO_LISTO_SUBIDA] | n=32 || I162S2C6J2V1 | I162S2C6J2V2 | TECNICO EN CONECTIVIDAD Y REDES | V |  | resultados/archivo_listo_para_sies.xlsx[PUENTE_SIES] | n=1 || I162S2C6J2V1 | I162S2C6J2V2 | TECNICO EN CONECTIVIDAD Y REDES | V |  | resultados/archivo_listo_para_sies.xlsx[PUENTE_SIES] | n=1,,I162S2C6J2V1 | I162S2C6J2V2 | TECNICO EN CONECTIVIDAD Y REDES | V | 2019 | resultados/archivo_listo_para_sies.xlsx[ARCHIVO_LISTO_SUBIDA] | n=2 ||  | TECNICO EN CONECTIVIDAD Y REDES | V | 2020 | control/codcarpr_long.tsv | n=1 ||  | TECNICO EN CONECTIVIDAD Y REDES | V | 2025 | control/gob_codcarpr_anioingreso_long.tsv | n=1 ||  | TECNICO EN CONECTIVIDAD Y REDES | V | 2024 | control/gob_codcarpr_anioingreso_long.tsv | n=1 ||  | TECNICO EN CONECTIVIDAD Y REDES | V | 2022 | control/gob_codcarpr_anioingreso_long.tsv | n=1 ||  | TECNICO EN CONECTIVIDAD Y REDES | V | 2021 | control/gob_codcarpr_anioingreso_long.tsv | n=1,0.896551724137931
29,Santiago,Santiago,Región Metropolitana,7,53717,Administración pública y similares,Administración Pública,,Otro,Programa Regular,Administración y Comercio,Profesional,Ingreso Directo,2025,República,8,Administrador Público,,I162S2C83J4V1,Pregrado,No presencial,Otro objetivo,,INFORMAR_CNED_CON_TRAZABILIDAD_ALTA,ALTA,CARGAR EN CNED,Codigo SIES/CODIGO_UNICO exacto con evidencia en matricula o archivo listo.,Llave 1: Codigo SIES/CODIGO_UNICO exacto,No presencial u Horario Otro | Codigo asociado a nombres similares o distintos en fuentes locales,I162S2C83J4V1,53717,ADMINISTRACION PUBLICA,OTRO,NO PRESENCIAL,PROGRAMA REGULAR,18,0,6,8,23,I162S2C83J4V1 | I162S2C83J4V2,SI,SI,I162S2C83J4V1 | I162S2C83J4V2 | ADMINISTRACION PUBLICA | O | 2025 | resultados/archivo_listo_para_sies.xlsx[ARCHIVO_LISTO_SUBIDA] | n=4 || I162S2C83J4V1 | I162S2C83J4V2 | ADMINISTRACION PUBLICA | O | 2025 | resultados/archivo_listo_para_sies.xlsx[ARCHIVO_LISTO_SUBIDA] | n=195 || I162S2C83J4V1 | I162S2C83J4V2 | ADMINISTRACION PUBLICA | O | 2025 | resultados/archivo_listo_para_sies.xlsx[ARCHIVO_LISTO_SUBIDA] | n=21 || I162S2C83J4V1 | I162S2C83J4V2 | ADMINISTRACION PUBLICA | O | 2025 | resultados/archivo_listo_para_sies.xlsx[ARCHIVO_LISTO_SUBIDA] | n=146 || I162S2C83J4V1 | I162S2C83J4V2 | ADMINISTRACION PUBLICA | O | 2025 | resultados/archivo_listo_para_sies.xlsx[ARCHIVO_LISTO_SUBIDA] | n=14 || I162S2C83J4V1 | I162S2C83J4V2 | ADMINISTRACION PUBLICA | O | 2025 | resultados/archivo_listo_para_sies.xlsx[ARCHIVO_LISTO_SUBIDA] | n=320,I162S2C83J4V1 | I162S2C83J4V2 | ADMINISTRACION PUBLICA | O | 2025 | resultados/archivo_listo_para_sies.xlsx[ARCHIVO_LISTO_SUBIDA] | n=4 || I162S2C83J4V1 | I162S2C83J4V2 | ADMINISTRACION PUBLICA | O | 2025 | resultados/archivo_listo_para_sies.xlsx[ARCHIVO_LISTO_SUBIDA] | n=195 || I162S2C83J4V1 | I162S2C83J4V2 | ADMINISTRACION PUBLICA | O | 2025 | resultados/archivo_listo_para_sies.xlsx[ARCHIVO_LISTO_SUBIDA] | n=21 || I162S2C83J4V1 | I162S2C83J4V2 | ADMINISTRACION PUBLICA | O | 2025 | resultados/archivo_listo_para_sies.xlsx[ARCHIVO_LISTO_SUBIDA] | n=146 || I162S2C83J4V1 | I162S2C83J4V2 | ADMINISTRACION PUBLICA | O | 2025 | resultados/archivo_listo_para_sies.xlsx[ARCHIVO_LISTO_SUBIDA] | n=14 || I162S2C83J4V1 | I162S2C83J4V2 | ADMINISTRACION PUBLICA | O | 2025 | resultados/archivo_listo_para_sies.xlsx[ARCHIVO_LISTO_SUBIDA] | n=320,I162S2C83J4V1 | I162S2C83J4V2 | ADMINISTRACION PUBLICA | O | 2025 | resultados/archivo_listo_para_sies.xlsx[ARCHIVO_LISTO_SUBIDA] | n=4 || I162S2C83J4V1 | I162S2C83J4V2 | ADMINISTRACION PUBLICA | O |  | resultados/archivo_listo_para_sies.xlsx[PUENTE_SIES] | n=1 ||  | ADMINISTRACION PUBLICA | O | 2025 | control/gob_codcarpr_anioingreso_long.tsv | n=1 ||  | ADMINISTRACION PUBLICA | O | 2026 | control/codcarpr_long.tsv | n=1 ||  | ADMINISTRACION PUBLICA | O | 2025 | control/codcarpr_long.tsv | n=1 || I162S2C83J4V1 | I162S2C83J4V2 | ADMINISTRACION PUBLICA | O |  | control/catalogos/PUENTE_SIES_COMPILADO.tsv | n=1,1.0
30,Santiago,Santiago,Región Metropolitana,7,53721,"Contabilidad, Auditoría y similares",Auditoria,,Otro,Programa Regular,Administración y Comercio,Profesional,Ingreso Directo,2025,República,8,Contador Auditor,,I162S2C86J4V1,Pregrado,No presencial,Otro objetivo,,INFORMAR_CNED_CON_TRAZABILIDAD_ALTA,ALTA,CARGAR EN CNED,Codigo SIES/CODIGO_UNICO exacto con evidencia en matricula o archivo listo.,Llave 1: Codigo SIES/CODIGO_UNICO exacto,No presencial u Horario Otro,I162S2C86J4V1,53721,AUDITORIA,OTRO,NO PRESENCIAL,PROGRAMA REGULAR,9,0,5,7,22,I162S2C86J4V1,SI,SI,I162S2C86J4V1 | I162S2C86J4V2 | AUDITORIA | O | 2025 | resultados/archivo_listo_para_sies.xlsx[ARCHIVO_LISTO_SUBIDA] | n=1 || I162S2C86J4V1 | I162S2C86J4V2 | AUDITORIA | O | 2025 | resultados/archivo_listo_para_sies.xlsx[ARCHIVO_LISTO_SUBIDA] | n=67 || I162S2C86J4V1 | I162S2C86J4V2 | AUDITORIA | O | 2025 | resultados/archivo_listo_para_sies.xlsx[ARCHIVO_LISTO_SUBIDA] | n=13 || I162S2C86J4V1 | I162S2C86J4V2 | AUDITORIA | O | 2025 | resultados/archivo_listo_para_sies.xlsx[ARCHIVO_LISTO_SUBIDA] | n=292 || I162S2C86J4V1 | I162S2C86J4V2 | AUDITORIA | O | 2025 | resultados/archivo_listo_para_sies.xlsx[ARCHIVO_LISTO_SUBIDA] | n=144 || I162S2C86J4V1 | I162S2C86J4V2 | AUDITORIA | O | 2026 | resultados/archivo_listo_para_sies.xlsx[ARCHIVO_LISTO_SUBIDA] | n=52,I162S2C86J4V1 | I162S2C86J4V2 | AUDITORIA | O | 2025 | resultados/archivo_listo_para_sies.xlsx[ARCHIVO_LISTO_SUBIDA] | n=1 || I162S2C86J4V1 | I162S2C86J4V2 | AUDITORIA | O | 2025 | resultados/archivo_listo_para_sies.xlsx[ARCHIVO_LISTO_SUBIDA] | n=67 || I162S2C86J4V1 | I162S2C86J4V2 | AUDITORIA | O | 2025 | resultados/archivo_listo_para_sies.xlsx[ARCHIVO_LISTO_SUBIDA] | n=13 || I162S2C86J4V1 | I162S2C86J4V2 | AUDITORIA | O | 2025 | resultados/archivo_listo_para_sies.xlsx[ARCHIVO_LISTO_SUBIDA] | n=292 || I162S2C86J4V1 | I162S2C86J4V2 | AUDITORIA | O | 2025 | resultados/archivo_listo_para_sies.xlsx[ARCHIVO_LISTO_SUBIDA] | n=144 || I162S2C86J4V1 | I162S2C86J4V2 | AUDITORIA | O | 2026 | resultados/archivo_listo_para_sies.xlsx[ARCHIVO_LISTO_SUBIDA] | n=52,I162S2C86J4V1 | I162S2C86J4V2 | AUDITORIA | O | 2025 | resultados/archivo_listo_para_sies.xlsx[ARCHIVO_LISTO_SUBIDA] | n=1 || I162S2C86J4V1 | I162S2C86J4V2 | AUDITORIA | O | 2025 | resultados/archivo_listo_para_sies.xlsx[ARCHIVO_LISTO_SUBIDA] | n=67 ||  | AUDITORIA | O | 2025 | control/gob_codcarpr_anioingreso_long.tsv | n=1 ||  | AUDITORIA | O | 2026 | control/codcarpr_long.tsv | n=1 ||  | AUDITORIA | O | 2025 | control/codcarpr_long.tsv | n=1 || I162S2C86J4V2 | AUDITORIA | O |  | control/catalogos/PUENTE_SIES_COMPILADO.tsv | n=1,1.0
31,Santiago,Santiago,Región Metropolitana,7,53722,Ingeniería en Computación e Informática y similares,Ingeniería en Ciencia de Datos,,Otro,Programa Regular,Tecnología,Profesional,Ingreso Directo,2025,República,8,Ingeniero en Ciencia de Datos,,I162S2C88J4V1,Pregrado,No presencial,Otro objetivo,,INFORMAR_CNED_CON_TRAZABILIDAD_ALTA,ALTA,CARGAR EN CNED,Codigo SIES/CODIGO_UNICO exacto con evidencia en matricula o archivo listo.,Llave 1: Codigo SIES/CODIGO_UNICO exacto,No presencial u Horario Otro,I162S2C88J4V1,53722,INGENIERIA EN CIENCIA DE DATOS,OTRO,NO PRESENCIAL,PROGRAMA REGULAR,10,0,6,8,23,I162S2C88J4V1,SI,SI,I162S2C88J4V1 | I162S2C88J4V2 | INGENIERIA EN CIENCIA DE DATOS | O | 2025 | resultados/archivo_listo_para_sies.xlsx[ARCHIVO_LISTO_SUBIDA] | n=4 || I162S2C88J4V1 | I162S2C88J4V2 | INGENIERIA EN CIENCIA DE DATOS | O | 2025 | resultados/archivo_listo_para_sies.xlsx[ARCHIVO_LISTO_SUBIDA] | n=87 || I162S2C88J4V1 | I162S2C88J4V2 | INGENIERIA EN CIENCIA DE DATOS | O | 2025 | resultados/archivo_listo_para_sies.xlsx[ARCHIVO_LISTO_SUBIDA] | n=44 || I162S2C88J4V1 | I162S2C88J4V2 | INGENIERIA EN CIENCIA DE DATOS | O | 2025 | resultados/archivo_listo_para_sies.xlsx[ARCHIVO_LISTO_SUBIDA] | n=88 || I162S2C88J4V1 | I162S2C88J4V2 | INGENIERIA EN CIENCIA DE DATOS | O | 2025 | resultados/archivo_listo_para_sies.xlsx[ARCHIVO_LISTO_SUBIDA] | n=12 || I162S2C88J4V1 | I162S2C88J4V2 | INGENIERIA EN CIENCIA DE DATOS | O | 2025 | resultados/archivo_listo_para_sies.xlsx[ARCHIVO_LISTO_SUBIDA] | n=188,I162S2C88J4V1 | I162S2C88J4V2 | INGENIERIA EN CIENCIA DE DATOS | O | 2025 | resultados/archivo_listo_para_sies.xlsx[ARCHIVO_LISTO_SUBIDA] | n=4 || I162S2C88J4V1 | I162S2C88J4V2 | INGENIERIA EN CIENCIA DE DATOS | O | 2025 | resultados/archivo_listo_para_sies.xlsx[ARCHIVO_LISTO_SUBIDA] | n=87 || I162S2C88J4V1 | I162S2C88J4V2 | INGENIERIA EN CIENCIA DE DATOS | O | 2025 | resultados/archivo_listo_para_sies.xlsx[ARCHIVO_LISTO_SUBIDA] | n=44 || I162S2C88J4V1 | I162S2C88J4V2 | INGENIERIA EN CIENCIA DE DATOS | O | 2025 | resultados/archivo_listo_para_sies.xlsx[ARCHIVO_LISTO_SUBIDA] | n=88 || I162S2C88J4V1 | I162S2C88J4V2 | INGENIERIA EN CIENCIA DE DATOS | O | 2025 | resultados/archivo_listo_para_sies.xlsx[ARCHIVO_LISTO_SUBIDA] | n=12 || I162S2C88J4V1 | I162S2C88J4V2 | INGENIERIA EN CIENCIA DE DATOS | O | 2025 | resultados/archivo_listo_para_sies.xlsx[ARCHIVO_LISTO_SUBIDA] | n=188,I162S2C88J4V1 | I162S2C88J4V2 | INGENIERIA EN CIENCIA DE DATOS | O | 2025 | resultados/archivo_listo_para_sies.xlsx[ARCHIVO_LISTO_SUBIDA] | n=4 || I162S2C88J4V2 | INGENIERIA EN CIENCIA DE DATOS | O |  | resultados/archivo_listo_para_sies.xlsx[PUENTE_SIES] | n=1 ||  | INGENIERIA EN CIENCIA DE DATOS | O | 2025 | control/gob_codcarpr_anioingreso_long.tsv | n=1 ||  | INGENIERIA EN CIENCIA DE DATOS | O | 2026 | control/codcarpr_long.tsv | n=1 ||  | INGENIERIA EN CIENCIA DE DATOS | O | 2025 | control/codcarpr_long.tsv | n=1 || I162S2C88J4V2 | INGENIERIA EN CIENCIA DE DATOS | O |  | control/catalogos/PUENTE_SIES_COMPILADO.tsv | n=1,1.0
32,Santiago,Santiago,Región Metropolitana,7,53723,Ingeniería Ejecución Industrial y similares,Ingeniería Industrial (P.E.),,Otro,Programa Especial,Tecnología,Profesional,No es Ingreso Directo,2025,República,4,Ingeniero Industrial,,I162S2C87J4V1,Pregrado,No presencial,Continuidad (o articulación) de estudios,,INFORMAR_CNED_CON_TRAZABILIDAD_ALTA,ALTA,CARGAR EN CNED,Codigo SIES/CODIGO_UNICO exacto con evidencia en matricula o archivo listo.,Llave 1: Codigo SIES/CODIGO_UNICO exacto,Programa Especial | No presencial u Horario Otro | No es Ingreso Directo,I162S2C87J4V1,53723,INGENIERIA INDUSTRIAL P E,OTRO,NO PRESENCIAL,PROGRAMA ESPECIAL,6,0,0,0,15,I162S2C87J4V2,SI,SI,I162S2C87J4V1 | I162S2C87J4V2 | INGENIERIA INDUSTRIAL | O | 2025 | resultados/archivo_listo_para_sies.xlsx[ARCHIVO_LISTO_SUBIDA] | n=180 || I162S2C87J4V1 | I162S2C87J4V2 | INGENIERIA INDUSTRIAL | O | 2026 | resultados/archivo_listo_para_sies.xlsx[ARCHIVO_LISTO_SUBIDA] | n=145 || I162S2C87J4V1 | I162S2C87J4V2 | INGENIERIA INDUSTRIAL | O | 2026 | resultados/archivo_listo_para_sies.xlsx[ARCHIVO_LISTO_SUBIDA] | n=242 || I162S2C87J4V1 | I162S2C87J4V2 | INGENIERIA INDUSTRIAL | O | 2026 | resultados/archivo_listo_para_sies.xlsx[ARCHIVO_LISTO_SUBIDA] | n=19 || I162S2C87J4V1 | I162S2C87J4V2 | INGENIERIA INDUSTRIAL | O |  | resultados/archivo_listo_para_sies.xlsx[PUENTE_SIES] | n=1 || I162S2C87J4V1 | I162S2C87J4V2 | INGENIERIA INDUSTRIAL | O |  | control/catalogos/PUENTE_SIES_COMPILADO.tsv | n=1,,I162S2C87J4V1 | I162S2C87J4V2 | INGENIERIA INDUSTRIAL | O | 2025 | resultados/archivo_listo_para_sies.xlsx[ARCHIVO_LISTO_SUBIDA] | n=180 || I162S2C87J4V1 | I162S2C87J4V2 | INGENIERIA INDUSTRIAL | O | 2026 | resultados/archivo_listo_para_sies.xlsx[ARCHIVO_LISTO_SUBIDA] | n=145 || I162S2C87J4V1 | I162S2C87J4V2 | INGENIERIA INDUSTRIAL | O | 2026 | resultados/archivo_listo_para_sies.xlsx[ARCHIVO_LISTO_SUBIDA] | n=242 || I162S2C87J4V1 | I162S2C87J4V2 | INGENIERIA INDUSTRIAL | O | 2026 | resultados/archivo_listo_para_sies.xlsx[ARCHIVO_LISTO_SUBIDA] | n=19 ||  | INGENIERIA INDUSTRIAL | O |  | resultados/archivo_listo_para_sies.xlsx[EXCLUIDOS_CARGA_PREGR] | n=481 ||  | INGENIERIA INDUSTRIAL | O |  | resultados/archivo_listo_para_sies.xlsx[CATALOGO_MANUAL] | n=1,0.9130434782608695
33,Santiago,Santiago,Región Metropolitana,7,53724,Medicinas Alternativas,Naturopatía (P.E.),,Vespertino,Programa Especial,Salud,Profesional,No es Ingreso Directo,2025,República,4,Naturópata,,,Pregrado,Presencial,Continuidad (o articulación) de estudios,,NO_INFORMAR_SIN_MATRICULA_O_SIN_EVIDENCIA,BAJA,NO CARGAR,Sin Codigo SIES y sin evidencia suficiente en las bases revisadas.,Sin coincidencia suficiente,Codigo SIES vacio en listado CNED | Programa Especial | No es Ingreso Directo,,53724,NATUROPATIA P E,VESPERTINO,PRESENCIAL,PROGRAMA ESPECIAL,0,0,0,0,0,,NO,NO,,,,
34,Santiago,Santiago,Región Metropolitana,7,53720,Técnico en Administración Pública,TNS en Administración Pública,,Otro,Programa Regular,Administración y Comercio,Técnico Nivel Superior,Ingreso Directo,2025,República,5,Técnico Nivel Sup. en Administración Pública,,I162S2C84J4V1,Pregrado,No presencial,Otro objetivo,,INFORMAR_CNED_CON_TRAZABILIDAD_ALTA,ALTA,CARGAR EN CNED,Codigo SIES/CODIGO_UNICO exacto con evidencia en matricula o archivo listo.,Llave 1: Codigo SIES/CODIGO_UNICO exacto,No presencial u Horario Otro,I162S2C84J4V1,53720,TNS EN ADMINISTRACION PUBLICA,OTRO,NO PRESENCIAL,PROGRAMA REGULAR,8,0,0,0,18,I162S2C84J4V1,SI,SI,I162S2C84J4V1 | TECNICO EN ADMINISTRACION PUBLICA | O | 2025 | resultados/archivo_listo_para_sies.xlsx[ARCHIVO_LISTO_SUBIDA] | n=5 || I162S2C84J4V1 | TECNICO EN ADMINISTRACION PUBLICA | O | 2025 | resultados/archivo_listo_para_sies.xlsx[ARCHIVO_LISTO_SUBIDA] | n=47 || I162S2C84J4V1 | TECNICO EN ADMINISTRACION PUBLICA | O | 2025 | resultados/archivo_listo_para_sies.xlsx[ARCHIVO_LISTO_SUBIDA] | n=60 || I162S2C84J4V1 | TECNICO EN ADMINISTRACION PUBLICA | O | 2025 | resultados/archivo_listo_para_sies.xlsx[ARCHIVO_LISTO_SUBIDA] | n=72 || I162S2C84J4V1 | TECNICO EN ADMINISTRACION PUBLICA | O | 2026 | resultados/archivo_listo_para_sies.xlsx[ARCHIVO_LISTO_SUBIDA] | n=4 || I162S2C84J4V1 | TECNICO EN ADMINISTRACION PUBLICA | O | 2026 | resultados/archivo_listo_para_sies.xlsx[ARCHIVO_LISTO_SUBIDA] | n=84,,I162S2C84J4V1 | TECNICO EN ADMINISTRACION PUBLICA | O | 2025 | resultados/archivo_listo_para_sies.xlsx[ARCHIVO_LISTO_SUBIDA] | n=5 || I162S2C84J4V1 | TECNICO EN ADMINISTRACION PUBLICA | O | 2025 | resultados/archivo_listo_para_sies.xlsx[ARCHIVO_LISTO_SUBIDA] | n=47 ||  | TECNICO EN ADMINISTRACION PUBLICA | O | 2025 | control/gob_codcarpr_anioingreso_long.tsv | n=1 ||  | TECNICO EN ADMINISTRACION PUBLICA | O | 2026 | control/codcarpr_long.tsv | n=1 ||  | TECNICO EN ADMINISTRACION PUBLICA | O | 2025 | control/codcarpr_long.tsv | n=1 || I162S2C84J4V1 | TECNICO EN ADMINISTRACION PUBLICA | O |  | control/catalogos/PUENTE_SIES_COMPILADO.tsv | n=1,0.9032258064516129
35,Santiago,Santiago,Región Metropolitana,7,53719,Técnico en Computación e Informática,TNS en Ciencia de Datos,,Otro,Programa Regular,Tecnología,Técnico Nivel Superior,Ingreso Directo,2025,República,5,Técnico Nivel Sup. en Ciencia de Datos,,I162S2C89J4V1,Pregrado,No presencial,Otro objetivo,,INFORMAR_CNED_CON_TRAZABILIDAD_ALTA,ALTA,CARGAR EN CNED,Codigo SIES/CODIGO_UNICO exacto con evidencia en matricula o archivo listo.,Llave 1: Codigo SIES/CODIGO_UNICO exacto,No presencial u Horario Otro,I162S2C89J4V1,53719,TNS EN CIENCIA DE DATOS,OTRO,NO PRESENCIAL,PROGRAMA REGULAR,10,0,0,0,20,I162S2C89J4V1,SI,SI,I162S2C89J4V1 | TECNICO EN CIENCIA DE DATOS | O | 2025 | resultados/archivo_listo_para_sies.xlsx[ARCHIVO_LISTO_SUBIDA] | n=10 || I162S2C89J4V1 | TECNICO EN CIENCIA DE DATOS | O | 2025 | resultados/archivo_listo_para_sies.xlsx[ARCHIVO_LISTO_SUBIDA] | n=30 || I162S2C89J4V1 | TECNICO EN CIENCIA DE DATOS | O | 2025 | resultados/archivo_listo_para_sies.xlsx[ARCHIVO_LISTO_SUBIDA] | n=16 || I162S2C89J4V1 | TECNICO EN CIENCIA DE DATOS | O | 2025 | resultados/archivo_listo_para_sies.xlsx[ARCHIVO_LISTO_SUBIDA] | n=32 || I162S2C89J4V1 | TECNICO EN CIENCIA DE DATOS | O | 2025 | resultados/archivo_listo_para_sies.xlsx[ARCHIVO_LISTO_SUBIDA] | n=12 || I162S2C89J4V1 | TECNICO EN CIENCIA DE DATOS | O | 2025 | resultados/archivo_listo_para_sies.xlsx[ARCHIVO_LISTO_SUBIDA] | n=108,,I162S2C89J4V1 | TECNICO EN CIENCIA DE DATOS | O | 2025 | resultados/archivo_listo_para_sies.xlsx[ARCHIVO_LISTO_SUBIDA] | n=10 || I162S2C89J4V1 | TECNICO EN CIENCIA DE DATOS | O | 2025 | resultados/archivo_listo_para_sies.xlsx[ARCHIVO_LISTO_SUBIDA] | n=30 ||  | TECNICO EN CIENCIA DE DATOS | O | 2025 | control/gob_codcarpr_anioingreso_long.tsv | n=1 ||  | TECNICO EN CIENCIA DE DATOS | O | 2026 | control/codcarpr_long.tsv | n=1 ||  | TECNICO EN CIENCIA DE DATOS | O | 2025 | control/codcarpr_long.tsv | n=1 || I162S2C89J4V1 | TECNICO EN CIENCIA DE DATOS | O |  | control/catalogos/PUENTE_SIES_COMPILADO.tsv | n=1,0.88
36,Santiago,Santiago,Región Metropolitana,7,53718,"Técnico en Contabilidad, Auditoría y similares",TNS en Contabilidad General,,Otro,Programa Regular,Administración y Comercio,Técnico Nivel Superior,Ingreso Directo,2025,República,5,Técnico Nivel Sup. en Contabilidad General,,I162S2C85J4V1,Pregrado,No presencial,Otro objetivo,,INFORMAR_CNED_CON_TRAZABILIDAD_ALTA,ALTA,CARGAR EN CNED,Codigo SIES/CODIGO_UNICO exacto con evidencia en matricula o archivo listo.,Llave 1: Codigo SIES/CODIGO_UNICO exacto,No presencial u Horario Otro,I162S2C85J4V1,53718,TNS EN CONTABILIDAD GENERAL,OTRO,NO PRESENCIAL,PROGRAMA REGULAR,9,0,0,0,0,I162S2C85J4V1,SI,SI,I162S2C85J4V1 | CONTABILIDAD GENERAL | O | 2025 | resultados/archivo_listo_para_sies.xlsx[ARCHIVO_LISTO_SUBIDA] | n=19 || I162S2C85J4V1 | CONTABILIDAD GENERAL | O | 2025 | resultados/archivo_listo_para_sies.xlsx[ARCHIVO_LISTO_SUBIDA] | n=102 || I162S2C85J4V1 | CONTABILIDAD GENERAL | O | 2025 | resultados/archivo_listo_para_sies.xlsx[ARCHIVO_LISTO_SUBIDA] | n=5 || I162S2C85J4V1 | CONTABILIDAD GENERAL | O | 2025 | resultados/archivo_listo_para_sies.xlsx[ARCHIVO_LISTO_SUBIDA] | n=97 || I162S2C85J4V1 | CONTABILIDAD GENERAL | O | 2025 | resultados/archivo_listo_para_sies.xlsx[ARCHIVO_LISTO_SUBIDA] | n=128 || I162S2C85J4V1 | CONTABILIDAD GENERAL | O | 2026 | resultados/archivo_listo_para_sies.xlsx[ARCHIVO_LISTO_SUBIDA] | n=67,,,
37,Santiago,Santiago,Región Metropolitana,7,53725,Técnico en Enfermería y Similares,TNS en Enfermería,,Diurno,Programa Regular,Salud,Técnico Nivel Superior,Ingreso Directo,2025,República,5,Técnico Nivel Sup. en Enfermería,,I162S2C91J1V1,Pregrado,Presencial,Otro objetivo,,INFORMAR_CNED_CON_TRAZABILIDAD_ALTA,ALTA,CARGAR EN CNED,Codigo SIES/CODIGO_UNICO exacto con evidencia en matricula o archivo listo.,Llave 1: Codigo SIES/CODIGO_UNICO exacto,,I162S2C91J1V1,53725,TNS EN ENFERMERIA,DIURNO,PRESENCIAL,PROGRAMA REGULAR,13,0,0,0,0,I162S2C91J1V1,SI,SI,I162S2C91J1V1 | TECNICO EN ENFERMERIA | D | 2025 | resultados/archivo_listo_para_sies.xlsx[ARCHIVO_LISTO_SUBIDA] | n=26 || I162S2C91J1V1 | TECNICO EN ENFERMERIA | D | 2025 | resultados/archivo_listo_para_sies.xlsx[ARCHIVO_LISTO_SUBIDA] | n=41 || I162S2C91J1V1 | TECNICO EN ENFERMERIA | D | 2025 | resultados/archivo_listo_para_sies.xlsx[ARCHIVO_LISTO_SUBIDA] | n=41 || I162S2C91J1V1 | TECNICO EN ENFERMERIA | D | 2025 | resultados/archivo_listo_para_sies.xlsx[ARCHIVO_LISTO_SUBIDA] | n=306 || I162S2C91J1V1 | TECNICO EN ENFERMERIA | D | 2025 | resultados/archivo_listo_para_sies.xlsx[ARCHIVO_LISTO_SUBIDA] | n=13 || I162S2C91J1V1 | TECNICO EN ENFERMERIA | D | 2025 | resultados/archivo_listo_para_sies.xlsx[ARCHIVO_LISTO_SUBIDA] | n=72,,,
38,Santiago,Santiago,Región Metropolitana,7,53726,Técnico en Enfermería y Similares,TNS en Enfermería,,Vespertino,Programa Regular,Salud,Técnico Nivel Superior,Ingreso Directo,2025,República,5,Técnico Nivel Sup. en Enfermería,,I162S2C91J2V1,Pregrado,Presencial,Otro objetivo,,INFORMAR_CNED_CON_TRAZABILIDAD_ALTA,ALTA,CARGAR EN CNED,Codigo SIES/CODIGO_UNICO exacto con evidencia en matricula o archivo listo.,Llave 1: Codigo SIES/CODIGO_UNICO exacto,,I162S2C91J2V1,53726,TNS EN ENFERMERIA,VESPERTINO,PRESENCIAL,PROGRAMA REGULAR,15,0,0,0,0,I162S2C91J2V1 | I162S3C91J2V1,SI,SI,I162S2C91J2V1 | TECNICO EN ENFERMERIA | V | 2025 | resultados/archivo_listo_para_sies.xlsx[ARCHIVO_LISTO_SUBIDA] | n=52 || I162S2C91J2V1 | TECNICO EN ENFERMERIA | V | 2025 | resultados/archivo_listo_para_sies.xlsx[ARCHIVO_LISTO_SUBIDA] | n=107 || I162S2C91J2V1 | TECNICO EN ENFERMERIA | V | 2025 | resultados/archivo_listo_para_sies.xlsx[ARCHIVO_LISTO_SUBIDA] | n=30 || I162S2C91J2V1 | TECNICO EN ENFERMERIA | V | 2025 | resultados/archivo_listo_para_sies.xlsx[ARCHIVO_LISTO_SUBIDA] | n=327 || I162S2C91J2V1 | TECNICO EN ENFERMERIA | V | 2025 | resultados/archivo_listo_para_sies.xlsx[ARCHIVO_LISTO_SUBIDA] | n=13 || I162S2C91J2V1 | TECNICO EN ENFERMERIA | V | 2025 | resultados/archivo_listo_para_sies.xlsx[ARCHIVO_LISTO_SUBIDA] | n=71,,,
39,Santiago,Santiago,Región Metropolitana,7,43929,Ingeniería en Computación e Informática y similares,Ingeniería en Ciberseguridad (P.E.),,Otro,Programa Especial,Tecnología,Profesional,No es Ingreso Directo,2020,República,5,Ingeniero en Ciberseguridad,,I162S2C46J4V1,Pregrado,No presencial,Continuidad (o articulación) de estudios,,DUPLICADO_O_AMBIGUO,MEDIA,NO CARGAR HASTA RESOLVER DUPLICIDAD,Codigo SIES duplicado en el listado de referencia CNED.,Llave 1: Codigo SIES/CODIGO_UNICO exacto,Codigo SIES duplicado en listado CNED | Mismo Nombre Programa y mismo Horario repetido en listado CNED | Programa Especial | No presencial u Horario Otro | No es Ingreso Directo | Codigo asociado a nombres similares o distintos en fuentes locales,I162S2C46J4V1,43929,INGENIERIA EN CIBERSEGURIDAD P E,OTRO,NO PRESENCIAL,PROGRAMA ESPECIAL,10,0,0,0,78,I162S2C46J4V1,SI,SI,I162S2C46J4V1 | CONTINUIDAD INGENIERIA  CIBERSEGURIDAD | O | 2024 | resultados/archivo_listo_para_sies.xlsx[ARCHIVO_LISTO_SUBIDA] | n=15 || I162S2C46J4V1 | CONTINUIDAD INGENIERIA  CIBERSEGURIDAD | O | 2024 | resultados/archivo_listo_para_sies.xlsx[ARCHIVO_LISTO_SUBIDA] | n=61 || I162S2C46J4V1 | CONTINUIDAD INGENIERIA  CIBERSEGURIDAD | O | 2025 | resultados/archivo_listo_para_sies.xlsx[ARCHIVO_LISTO_SUBIDA] | n=46 || I162S2C46J4V1 | CONTINUIDAD INGENIERIA  CIBERSEGURIDAD | O | 2025 | resultados/archivo_listo_para_sies.xlsx[ARCHIVO_LISTO_SUBIDA] | n=593 || I162S2C46J4V1 | CONTINUIDAD INGENIERIA  CIBERSEGURIDAD | O | 2026 | resultados/archivo_listo_para_sies.xlsx[ARCHIVO_LISTO_SUBIDA] | n=16 || I162S2C46J4V1 | CONTINUIDAD INGENIERIA  CIBERSEGURIDAD | O | 2026 | resultados/archivo_listo_para_sies.xlsx[ARCHIVO_LISTO_SUBIDA] | n=124,,I162S2C46J4V3 | INGENIERIA EN CIBERSEGURIDAD | O | 2022 | resultados/archivo_listo_para_sies.xlsx[ARCHIVO_LISTO_SUBIDA] | n=16 || I162S2C46J4V1 | INGENIERIA EN CIBERSEGURIDAD | O |  | control/catalogos/PUENTE_SIES_COMPILADO.tsv | n=1 ||  | INGENIERIA EN CIBERSEGURIDAD | O | 2023 | control/codcarpr_long.tsv | n=1 ||  | INGENIERIA EN CIBERSEGURIDAD | O | 2022 | control/codcarpr_long.tsv | n=1 ||  | INGENIERIA EN CIBERSEGURIDAD | O | 2021 | control/codcarpr_long.tsv | n=1 || I162S2C46J4V3 | INGENIERIA EN CIBERSEGURIDAD | O |  | control/catalogos/PUENTE_SIES_COMPILADO.tsv | n=1,0.9333333333333333
40,Santiago,Santiago,Región Metropolitana,7,43933,Ingeniería en Computación e Informática y similares,Ingeniería en Ciberseguridad,,Otro,Programa Especial,Tecnología,Profesional,No es Ingreso Directo,2020,República,4,Ingeniero en Ciberseguridad,,I162S2C46J4V1,Pregrado,No presencial,Continuidad (o articulación) de estudios,,DUPLICADO_O_AMBIGUO,MEDIA,NO CARGAR HASTA RESOLVER DUPLICIDAD,Codigo SIES duplicado en el listado de referencia CNED.,Llave 1: Codigo SIES/CODIGO_UNICO exacto,Codigo SIES duplicado en listado CNED | Mismo Nombre Programa y mismo Horario repetido en listado CNED | Programa Especial | No presencial u Horario Otro | No es Ingreso Directo | Codigo asociado a nombres similares o distintos en fuentes locales,I162S2C46J4V1,43933,INGENIERIA EN CIBERSEGURIDAD,OTRO,NO PRESENCIAL,PROGRAMA ESPECIAL,10,0,0,30,78,I162S2C46J4V1,SI,SI,I162S2C46J4V1 | CONTINUIDAD INGENIERIA  CIBERSEGURIDAD | O | 2024 | resultados/archivo_listo_para_sies.xlsx[ARCHIVO_LISTO_SUBIDA] | n=15 || I162S2C46J4V1 | CONTINUIDAD INGENIERIA  CIBERSEGURIDAD | O | 2024 | resultados/archivo_listo_para_sies.xlsx[ARCHIVO_LISTO_SUBIDA] | n=61 || I162S2C46J4V1 | CONTINUIDAD INGENIERIA  CIBERSEGURIDAD | O | 2025 | resultados/archivo_listo_para_sies.xlsx[ARCHIVO_LISTO_SUBIDA] | n=46 || I162S2C46J4V1 | CONTINUIDAD INGENIERIA  CIBERSEGURIDAD | O | 2025 | resultados/archivo_listo_para_sies.xlsx[ARCHIVO_LISTO_SUBIDA] | n=593 || I162S2C46J4V1 | CONTINUIDAD INGENIERIA  CIBERSEGURIDAD | O | 2026 | resultados/archivo_listo_para_sies.xlsx[ARCHIVO_LISTO_SUBIDA] | n=16 || I162S2C46J4V1 | CONTINUIDAD INGENIERIA  CIBERSEGURIDAD | O | 2026 | resultados/archivo_listo_para_sies.xlsx[ARCHIVO_LISTO_SUBIDA] | n=124,I162S2C46J4V3 | INGENIERIA EN CIBERSEGURIDAD | O | 2022 | resultados/archivo_listo_para_sies.xlsx[ARCHIVO_LISTO_SUBIDA] | n=16 || I162S2C46J4V3 | INGENIERIA EN CIBERSEGURIDAD | O | 2022 | resultados/archivo_listo_para_sies.xlsx[ARCHIVO_LISTO_SUBIDA] | n=28 || I162S2C46J4V3 | INGENIERIA EN CIBERSEGURIDAD | O | 2022 | resultados/archivo_listo_para_sies.xlsx[ARCHIVO_LISTO_SUBIDA] | n=13 || I162S2C46J4V3 | INGENIERIA EN CIBERSEGURIDAD | O | 2022 | resultados/archivo_listo_para_sies.xlsx[ARCHIVO_LISTO_SUBIDA] | n=80 || I162S2C46J4V3 | INGENIERIA EN CIBERSEGURIDAD | O | 2023 | resultados/archivo_listo_para_sies.xlsx[ARCHIVO_LISTO_SUBIDA] | n=12 || I162S2C46J4V3 | INGENIERIA EN CIBERSEGURIDAD | O | 2023 | resultados/archivo_listo_para_sies.xlsx[ARCHIVO_LISTO_SUBIDA] | n=15,I162S2C46J4V3 | INGENIERIA EN CIBERSEGURIDAD | O | 2022 | resultados/archivo_listo_para_sies.xlsx[ARCHIVO_LISTO_SUBIDA] | n=16 || I162S2C46J4V1 | INGENIERIA EN CIBERSEGURIDAD | O |  | control/catalogos/PUENTE_SIES_COMPILADO.tsv | n=1 ||  | INGENIERIA EN CIBERSEGURIDAD | O | 2023 | control/codcarpr_long.tsv | n=1 ||  | INGENIERIA EN CIBERSEGURIDAD | O | 2022 | control/codcarpr_long.tsv | n=1 ||  | INGENIERIA EN CIBERSEGURIDAD | O | 2021 | control/codcarpr_long.tsv | n=1 || I162S2C46J4V3 | INGENIERIA EN CIBERSEGURIDAD | O |  | control/catalogos/PUENTE_SIES_COMPILADO.tsv | n=1,1.0
41,Santiago,Santiago,Región Metropolitana,7,28353,Técnico en Minas y similares,TNS en Minería y Operaciones de Planta,,Vespertino,Programa Regular,Tecnología,Técnico Nivel Superior,Ingreso Directo,2013,República,5,Técnico Nivel Sup. en Minería y Operaciones de Planta,,,Pregrado,Presencial,,,NO_INFORMAR_SIN_MATRICULA_O_SIN_EVIDENCIA,BAJA,NO CARGAR,Sin Codigo SIES y sin evidencia suficiente en las bases revisadas.,Sin coincidencia suficiente,Codigo SIES vacio en listado CNED | Año Inicio Actividades antiguo sin matricula reciente observada,,28353,TNS EN MINERIA Y OPERACIONES DE PLANTA,VESPERTINO,PRESENCIAL,PROGRAMA REGULAR,0,0,0,0,0,,NO,NO,,,,
42,Santiago,Santiago,Región Metropolitana,7,28354,Técnico en Minas y similares,TNS en Minería y Operaciones de Planta,,Diurno,Programa Regular,Tecnología,Técnico Nivel Superior,Ingreso Directo,2013,República,5,Técnico Nivel Sup. en Minería y Operaciones de Planta,,I162S2C11J1V1,Pregrado,Presencial,,,NO_INFORMAR_SIN_MATRICULA_O_SIN_EVIDENCIA,BAJA,NO CARGAR SIN NUEVA EVIDENCIA,No aparece evidencia suficiente en las bases revisadas.,Sin coincidencia suficiente,Codigo SIES duplicado en listado CNED | Año Inicio Actividades antiguo sin matricula reciente observada,I162S2C11J1V1,28354,TNS EN MINERIA Y OPERACIONES DE PLANTA,DIURNO,PRESENCIAL,PROGRAMA REGULAR,0,0,0,0,0,,NO,NO,,,,
43,Santiago,Santiago,Región Metropolitana,7,28356,Técnico en Prevención de Riesgos,TNS en Prevención de Riesgos,,Vespertino,Programa Regular,Tecnología,Técnico Nivel Superior,Ingreso Directo,2013,República,5,Técnico Nivel Sup. en Prevención de Riesgos,,I162S2C10J2V1,Pregrado,Presencial,,,INFORMAR_CNED_CON_REVISION,BAJA,VALIDAR MANUALMENTE ANTES DE CARGAR,Solo hay coincidencia difusa de nombre; no se considera match automatico definitivo.,Llave 5: similitud difusa de nombre,Año Inicio Actividades antiguo sin matricula reciente observada,I162S2C10J2V1,28356,TNS EN PREVENCION DE RIESGOS,VESPERTINO,PRESENCIAL,PROGRAMA REGULAR,0,0,0,0,6,,NO,SI,,, | TECNICO EN PREVENCION DE RIESGOS |  | 2026 | resultados/archivo_listo_para_sies.xlsx[AUDITORIA_CONSOLIDACION] | n=3 ||  | TECNICO EN PREVENCION DE RIESGOS |  | 2026 | resultados/archivo_listo_para_sies.xlsx[AUDITORIA_CONSOLIDACION] | n=94 ||  | TECNICO EN PREVENCION DE RIESGOS | V | 2013 | control/codcarpr_long.tsv | n=1 ||  | TECNICO EN PREVENCION DE RIESGOS | V | 2014 | control/codcarpr_long.tsv | n=1 ||  | TECNICO EN PREVENCION DE RIESGOS | V | 2013 | control/gob_codcarpr_anioingreso_long.tsv | n=2 ||  | TECNICO EN PREVENCION DE RIESGOS | V | 2014 | control/gob_codcarpr_anioingreso_long.tsv | n=1,0.9
44,Santiago,Santiago,Región Metropolitana,7,40717,Técnico en Análisis de Sistemas Informáticos,TNS en Ciberseguridad,,Diurno,Programa Regular,Tecnología,Técnico Nivel Superior,Ingreso Directo,2019,República,5,Técnico Nivel Sup. en Ciberseguridad,,I162S2C47J1V1,Pregrado,Presencial,Otro objetivo,,INFORMAR_CNED_CON_TRAZABILIDAD_ALTA,ALTA,CARGAR EN CNED,Codigo SIES/CODIGO_UNICO exacto con evidencia en matricula o archivo listo.,Llave 1: Codigo SIES/CODIGO_UNICO exacto,,I162S2C47J1V1,40717,TNS EN CIBERSEGURIDAD,DIURNO,PRESENCIAL,PROGRAMA REGULAR,12,0,0,0,0,I162S2C47J1V1,SI,SI,I162S2C47J1V1 | TECNICO EN CIBERSEGURIDAD | D | 2025 | resultados/archivo_listo_para_sies.xlsx[ARCHIVO_LISTO_SUBIDA] | n=6 || I162S2C47J1V1 | TECNICO EN CIBERSEGURIDAD | D | 2025 | resultados/archivo_listo_para_sies.xlsx[ARCHIVO_LISTO_SUBIDA] | n=4 || I162S2C47J1V1 | TECNICO EN CIBERSEGURIDAD | D | 2025 | resultados/archivo_listo_para_sies.xlsx[ARCHIVO_LISTO_SUBIDA] | n=17 || I162S2C47J1V1 | TECNICO EN CIBERSEGURIDAD | D | 2025 | resultados/archivo_listo_para_sies.xlsx[ARCHIVO_LISTO_SUBIDA] | n=80 || I162S2C47J1V1 | TECNICO EN CIBERSEGURIDAD | D | 2026 | resultados/archivo_listo_para_sies.xlsx[ARCHIVO_LISTO_SUBIDA] | n=12 || I162S2C47J1V1 | TECNICO EN CIBERSEGURIDAD | D | 2026 | resultados/archivo_listo_para_sies.xlsx[ARCHIVO_LISTO_SUBIDA] | n=49,,,
45,Santiago,Santiago,Región Metropolitana,7,29353,Ingeniería en Minas,Ing. Ejec. en Minería y Operaciones de Planta,,Diurno,Programa Regular,Tecnología,Profesional,Ingreso Directo,2014,República,8,Ingeniero Ejec. en Minería y Operaciones de Planta,,I162S2C22J1V1,Pregrado,Presencial,Otro objetivo,,NO_INFORMAR_SIN_MATRICULA_O_SIN_EVIDENCIA,BAJA,NO CARGAR SIN NUEVA EVIDENCIA,No aparece evidencia suficiente en las bases revisadas.,Sin coincidencia suficiente,Codigo SIES duplicado en listado CNED | Año Inicio Actividades antiguo sin matricula reciente observada,I162S2C22J1V1,29353,INGENIERIA EJECUCION EN MINERIA Y OPERACIONES DE PLANTA,DIURNO,PRESENCIAL,PROGRAMA REGULAR,0,0,0,0,0,,NO,NO,,,,
46,Santiago,Santiago,Región Metropolitana,7,29354,Ingeniería en Minas,Ing. Ejec. en Minería y Operaciones de Planta,,Vespertino,Programa Regular,Tecnología,Profesional,Ingreso Directo,2014,República,8,Ingeniero Ejec. en Minería y Operaciones de Planta,,I162S2C22J2V1,Pregrado,Presencial,Otro objetivo,,DUPLICADO_O_AMBIGUO,MEDIA,NO CARGAR HASTA RESOLVER DUPLICIDAD,Codigo SIES duplicado en el listado de referencia CNED.,Llave 1: Codigo SIES/CODIGO_UNICO exacto,Codigo SIES duplicado en listado CNED | Año Inicio Actividades antiguo sin matricula reciente observada,I162S2C22J2V1,29354,INGENIERIA EJECUCION EN MINERIA Y OPERACIONES DE PLANTA,VESPERTINO,PRESENCIAL,PROGRAMA REGULAR,6,0,0,0,0,I162S2C22J2V1 | I162S2C22J2V2,NO,SI,I162S2C22J2V1 | I162S2C22J2V2 | INGENIERIA EN AUTOMATIZACION Y CONTROL INDUSTRIAL | V |  | resultados/archivo_listo_para_sies.xlsx[PUENTE_SIES] | n=1 || I162S2C22J2V1 | I162S2C22J2V2 | INGENIERIA EN AUTOMATIZACION Y CONTROL INDUSTRIAL | V |  | resultados/archivo_listo_para_sies.xlsx[PUENTE_SIES] | n=1 || I162S2C22J2V1 | I162S2C22J2V2 | INGENIERIA EN AUTOMATIZACION Y CONTROL INDUSTRIAL | V |  | resultados/archivo_listo_para_sies.xlsx[PUENTE_SIES] | n=1 || I162S2C22J2V1 | I162S2C22J2V2 | INGENIERIA EN AUTOMATIZACION Y CONTROL INDUSTRIAL | V |  | control/catalogos/PUENTE_SIES_COMPILADO.tsv | n=1 || I162S2C22J2V1 | I162S2C22J2V2 | INGENIERIA EN AUTOMATIZACION Y CONTROL INDUSTRIAL | V |  | control/catalogos/PUENTE_SIES_COMPILADO.tsv | n=1 || I162S2C22J2V1 | I162S2C22J2V2 | INGENIERIA EN AUTOMATIZACION Y CONTROL INDUSTRIAL | V |  | control/catalogos/PUENTE_SIES_COMPILADO.tsv | n=1,,,
47,Santiago,Santiago,Región Metropolitana,7,29351,"Ingeniería en Automatización, Control Industrial y similares",Ing. Ejec. en Automatización y Control Industrial,,Diurno,Programa Regular,Tecnología,Profesional,Ingreso Directo,2014,República,8,Ingeniero Ejec. en Automatización y Control Industrial,,,Pregrado,Presencial,Otro objetivo,,NO_INFORMAR_CODIGO_FALTANTE,BAJA,NO CARGAR SIN CONFIRMAR CODIGO,Solo hay similitud difusa y Codigo SIES esta vacio.,Llave 5: similitud difusa de nombre,Codigo SIES vacio en listado CNED | Año Inicio Actividades antiguo sin matricula reciente observada,,29351,INGENIERIA EJECUCION EN AUTOMATIZACION Y CONTROL INDUSTRIAL,DIURNO,PRESENCIAL,PROGRAMA REGULAR,0,0,0,0,6,,NO,SI,,, | INGENIERIA EN AUTOMATIZACION Y CONTROL INDUSTRIAL | D | 2024 | control/codcarpr_long.tsv | n=1 ||  | INGENIERIA EN AUTOMATIZACION Y CONTROL INDUSTRIAL | D | 2014 | control/codcarpr_long.tsv | n=1 ||  | INGENIERIA EN AUTOMATIZACION Y CONTROL INDUSTRIAL | D | 2015 | control/codcarpr_long.tsv | n=1 ||  | INGENIERIA EN AUTOMATIZACION Y CONTROL INDUSTRIAL | D | 2024 | control/gob_codcarpr_anioingreso_long.tsv | n=1 ||  | INGENIERIA EN AUTOMATIZACION Y CONTROL INDUSTRIAL | D | 2014 | control/gob_codcarpr_anioingreso_long.tsv | n=1 ||  | INGENIERIA EN AUTOMATIZACION Y CONTROL INDUSTRIAL | D | 2015 | control/gob_codcarpr_anioingreso_long.tsv | n=1,0.9074074074074074
48,Santiago,Santiago,Región Metropolitana,7,29348,"Ingeniería en Automatización, Control Industrial y similares",Ing. Ejec. en Automatización y Control Industrial,,Vespertino,Programa Regular,Tecnología,Profesional,Ingreso Directo,2014,República,8,Ingeniero Ejec. en Automatización y Control Industrial,,,Pregrado,Presencial,Otro objetivo,,DUPLICADO_O_AMBIGUO,BAJA,NO CARGAR HASTA RESOLVER AMBIGUEDAD,Coincidencia difusa con multiples codigos/candidatos posibles.,Llave 5: similitud difusa de nombre,Codigo SIES vacio en listado CNED | Año Inicio Actividades antiguo sin matricula reciente observada,,29348,INGENIERIA EJECUCION EN AUTOMATIZACION Y CONTROL INDUSTRIAL,VESPERTINO,PRESENCIAL,PROGRAMA REGULAR,0,0,0,0,31,I162S2C22J2V1 | I162S2C22J2V2,NO,SI,,, | INGENIERIA EN AUTOMATIZACION Y CONTROL INDUSTRIAL | V |  | resultados/archivo_listo_para_sies.xlsx[CATALOGO_MANUAL] | n=1 ||  | INGENIERIA EN AUTOMATIZACION Y CONTROL INDUSTRIAL | V | 2021 | control/codcarpr_long.tsv | n=1 ||  | INGENIERIA EN AUTOMATIZACION Y CONTROL INDUSTRIAL | V | 2019 | control/gob_codcarpr_anioingreso_long.tsv | n=1 ||  | INGENIERIA EN AUTOMATIZACION Y CONTROL INDUSTRIAL | V | 2018 | control/gob_codcarpr_anioingreso_long.tsv | n=1 ||  | INGENIERIA EN AUTOMATIZACION Y CONTROL INDUSTRIAL | V | 2021 | control/gob_codcarpr_anioingreso_long.tsv | n=1 ||  | INGENIERIA EN AUTOMATIZACION Y CONTROL INDUSTRIAL | V | 2020 | control/gob_codcarpr_anioingreso_long.tsv | n=1,0.9074074074074074
49,Santiago,Santiago,Región Metropolitana,7,29352,Ingeniería en Prevención de Riesgos,Ing. Ejec. en Prevención de Riesgos,,Diurno,Programa Regular,Tecnología,Profesional,Ingreso Directo,2014,República,8,Ingeniero Ejec. en Prevención de Riesgos,,,Pregrado,Presencial,Otro objetivo,,NO_INFORMAR_SIN_MATRICULA_O_SIN_EVIDENCIA,BAJA,NO CARGAR,Sin Codigo SIES y sin evidencia suficiente en las bases revisadas.,Sin coincidencia suficiente,Codigo SIES vacio en listado CNED | Año Inicio Actividades antiguo sin matricula reciente observada,,29352,INGENIERIA EJECUCION EN PREVENCION DE RIESGOS,DIURNO,PRESENCIAL,PROGRAMA REGULAR,0,0,0,0,0,,NO,NO,,,,
50,Santiago,Santiago,Región Metropolitana,7,29347,Ingeniería en Prevención de Riesgos,Ing. Ejec. en Prevención de Riesgos,,Vespertino,Programa Regular,Tecnología,Profesional,Ingreso Directo,2014,República,8,Ingeniero Ejec. en Prevención de Riesgos,,,Pregrado,Presencial,Otro objetivo,,NO_INFORMAR_SIN_MATRICULA_O_SIN_EVIDENCIA,BAJA,NO CARGAR,Sin Codigo SIES y sin evidencia suficiente en las bases revisadas.,Sin coincidencia suficiente,Codigo SIES vacio en listado CNED | Año Inicio Actividades antiguo sin matricula reciente observada,,29347,INGENIERIA EJECUCION EN PREVENCION DE RIESGOS,VESPERTINO,PRESENCIAL,PROGRAMA REGULAR,0,0,0,0,0,,NO,NO,,,,
51,Santiago,Santiago,Región Metropolitana,7,29349,"Técnico en Automatización, Control automático y similares",TNS en Automatización y Control Industrial,,Diurno,Programa Regular,Tecnología,Técnico Nivel Superior,Ingreso Directo,2014,República,5,Técnico Nivel Sup. en Automatización y Control Industrial,,,Pregrado,Presencial,Otro objetivo,,NO_INFORMAR_CODIGO_FALTANTE,BAJA,NO CARGAR SIN CONFIRMAR CODIGO,Solo hay similitud difusa y Codigo SIES esta vacio.,Llave 5: similitud difusa de nombre,Codigo SIES vacio en listado CNED | Mismo Nombre Programa y mismo Horario repetido en listado CNED | Año Inicio Actividades antiguo sin matricula reciente observada,,29349,TNS EN AUTOMATIZACION Y CONTROL INDUSTRIAL,DIURNO,PRESENCIAL,PROGRAMA REGULAR,0,0,0,0,12,,NO,SI,,, | TECNICO EN AUTOMATIZACION Y CONTROL INDUSTRIAL | D | 2013 | control/codcarpr_long.tsv | n=1 ||  | TECNICO EN AUTOMATIZACION Y CONTROL INDUSTRIAL | D | 2014 | control/codcarpr_long.tsv | n=1 ||  | TECNICO EN AUTOMATIZACION Y CONTROL INDUSTRIAL | D | 2015 | control/codcarpr_long.tsv | n=1 ||  | TECNICO EN AUTOMATIZACION Y CONTROL INDUSTRIAL | D | 2017 | control/codcarpr_long.tsv | n=1 ||  | TECNICO EN AUTOMATIZACION Y CONTROL INDUSTRIAL | D | 2018 | control/codcarpr_long.tsv | n=1 ||  | TECNICO EN AUTOMATIZACION Y CONTROL INDUSTRIAL | D | 2019 | control/codcarpr_long.tsv | n=1,0.9318181818181818
52,Santiago,Santiago,Región Metropolitana,7,29350,"Técnico en Automatización, Control automático y similares",TNS en Automatización y Control Industrial,,Vespertino,Programa Regular,Tecnología,Técnico Nivel Superior,Ingreso Directo,2014,República,5,Técnico Nivel Sup. en Automatización y Control Industrial,,,Pregrado,Presencial,Otro objetivo,,NO_INFORMAR_CODIGO_FALTANTE,BAJA,NO CARGAR SIN CONFIRMAR CODIGO,Solo hay similitud difusa y Codigo SIES esta vacio.,Llave 5: similitud difusa de nombre,Codigo SIES vacio en listado CNED | Mismo Nombre Programa y mismo Horario repetido en listado CNED | Año Inicio Actividades antiguo sin matricula reciente observada,,29350,TNS EN AUTOMATIZACION Y CONTROL INDUSTRIAL,VESPERTINO,PRESENCIAL,PROGRAMA REGULAR,0,0,0,0,28,I162S2C11J2V1,NO,SI,,, | TECNICO EN AUTOMATIZACION Y CONTROL INDUSTRIAL | V |  | resultados/archivo_listo_para_sies.xlsx[CATALOGO_MANUAL] | n=1 ||  | TECNICO EN AUTOMATIZACION Y CONTROL INDUSTRIAL | V |  | resultados/archivo_listo_para_sies.xlsx[CATALOGO_MANUAL] | n=1 ||  | TECNICO EN AUTOMATIZACION Y CONTROL INDUSTRIAL | V | 2021 | control/gob_codcarpr_anioingreso_long.tsv | n=1 ||  | TECNICO EN AUTOMATIZACION Y CONTROL INDUSTRIAL | V | 2020 | control/gob_codcarpr_anioingreso_long.tsv | n=1 ||  | TECNICO EN AUTOMATIZACION Y CONTROL INDUSTRIAL | V | 2019 | control/gob_codcarpr_anioingreso_long.tsv | n=1 ||  | TECNICO EN AUTOMATIZACION Y CONTROL INDUSTRIAL | V | 2018 | control/gob_codcarpr_anioingreso_long.tsv | n=1,0.9318181818181818
53,Santiago,Santiago,Región Metropolitana,7,28355,Técnico en Prevención de Riesgos,TNS en Prevención de Riesgos,,Diurno,Programa Regular,Tecnología,Técnico Nivel Superior,Ingreso Directo,2013,República,5,Técnico Nivel Sup. en Prevención de Riesgos,,,Pregrado,,,,NO_INFORMAR_CODIGO_FALTANTE,BAJA,NO CARGAR SIN CONFIRMAR CODIGO,Solo hay similitud difusa y Codigo SIES esta vacio.,Llave 5: similitud difusa de nombre,Codigo SIES vacio en listado CNED | Año Inicio Actividades antiguo sin matricula reciente observada,,28355,TNS EN PREVENCION DE RIESGOS,DIURNO,,PROGRAMA REGULAR,0,0,0,0,8,,NO,SI,,, | TECNICO EN PREVENCION DE RIESGOS |  | 2026 | resultados/archivo_listo_para_sies.xlsx[AUDITORIA_CONSOLIDACION] | n=3 ||  | TECNICO EN PREVENCION DE RIESGOS |  | 2026 | resultados/archivo_listo_para_sies.xlsx[AUDITORIA_CONSOLIDACION] | n=94 ||  | TECNICO EN PREVENCION DE RIESGOS | D | 2013 | control/codcarpr_long.tsv | n=1 ||  | TECNICO EN PREVENCION DE RIESGOS | D | 2014 | control/codcarpr_long.tsv | n=1 ||  | TECNICO EN PREVENCION DE RIESGOS | D | 2015 | control/codcarpr_long.tsv | n=1 ||  | TECNICO EN PREVENCION DE RIESGOS | D | 2013 | control/gob_codcarpr_anioingreso_long.tsv | n=1,0.9
54,Santiago,Santiago,Región Metropolitana,7,40713,Ingeniería en Computación e Informática y similares,Ingeniería en Ciberseguridad,,Diurno,Programa Regular,Tecnología,Profesional,Ingreso Directo,2019,República,8,Ingeniero en Ciberseguridad,,I162S2C46J1V1,Pregrado,Presencial,Otro objetivo,,INFORMAR_CNED_CON_TRAZABILIDAD_ALTA,ALTA,CARGAR EN CNED,Codigo SIES/CODIGO_UNICO exacto con evidencia en matricula o archivo listo.,Llave 1: Codigo SIES/CODIGO_UNICO exacto,,I162S2C46J1V1,40713,INGENIERIA EN CIBERSEGURIDAD,DIURNO,PRESENCIAL,PROGRAMA REGULAR,14,0,0,10,43,I162S2C46J1V1,SI,SI,I162S2C46J1V1 | INGENIERIA EN CIBERSEGURIDAD | D | 2024 | resultados/archivo_listo_para_sies.xlsx[ARCHIVO_LISTO_SUBIDA] | n=15 || I162S2C46J1V1 | INGENIERIA EN CIBERSEGURIDAD | D | 2024 | resultados/archivo_listo_para_sies.xlsx[ARCHIVO_LISTO_SUBIDA] | n=36 || I162S2C46J1V1 | INGENIERIA EN CIBERSEGURIDAD | D | 2024 | resultados/archivo_listo_para_sies.xlsx[ARCHIVO_LISTO_SUBIDA] | n=53 || I162S2C46J1V1 | INGENIERIA EN CIBERSEGURIDAD | D | 2025 | resultados/archivo_listo_para_sies.xlsx[ARCHIVO_LISTO_SUBIDA] | n=5 || I162S2C46J1V1 | INGENIERIA EN CIBERSEGURIDAD | D | 2025 | resultados/archivo_listo_para_sies.xlsx[ARCHIVO_LISTO_SUBIDA] | n=9 || I162S2C46J1V1 | INGENIERIA EN CIBERSEGURIDAD | D | 2025 | resultados/archivo_listo_para_sies.xlsx[ARCHIVO_LISTO_SUBIDA] | n=125,I162S2C46J1V1 | INGENIERIA EN CIBERSEGURIDAD | D | 2024 | resultados/archivo_listo_para_sies.xlsx[ARCHIVO_LISTO_SUBIDA] | n=15 || I162S2C46J1V1 | INGENIERIA EN CIBERSEGURIDAD | D | 2024 | resultados/archivo_listo_para_sies.xlsx[ARCHIVO_LISTO_SUBIDA] | n=36 || I162S2C46J1V1 | INGENIERIA EN CIBERSEGURIDAD | D | 2024 | resultados/archivo_listo_para_sies.xlsx[ARCHIVO_LISTO_SUBIDA] | n=53 || I162S2C46J1V1 | INGENIERIA EN CIBERSEGURIDAD | D | 2025 | resultados/archivo_listo_para_sies.xlsx[ARCHIVO_LISTO_SUBIDA] | n=5 || I162S2C46J1V1 | INGENIERIA EN CIBERSEGURIDAD | D | 2025 | resultados/archivo_listo_para_sies.xlsx[ARCHIVO_LISTO_SUBIDA] | n=9 || I162S2C46J1V1 | INGENIERIA EN CIBERSEGURIDAD | D | 2025 | resultados/archivo_listo_para_sies.xlsx[ARCHIVO_LISTO_SUBIDA] | n=125,I162S2C46J1V1 | INGENIERIA EN CIBERSEGURIDAD | D | 2024 | resultados/archivo_listo_para_sies.xlsx[ARCHIVO_LISTO_SUBIDA] | n=15 ||  | INGENIERIA EN CIBERSEGURIDAD | D | 2023 | control/codcarpr_long.tsv | n=1 || I162S2C46J1V1 | INGENIERIA EN CIBERSEGURIDAD | D |  | control/catalogos/PUENTE_SIES_COMPILADO.tsv | n=1 ||  | INGENIERIA EN CIBERSEGURIDAD | D | 2024 | control/codcarpr_long.tsv | n=1 ||  | INGENIERIA EN CIBERSEGURIDAD | D | 2025 | control/codcarpr_long.tsv | n=1 ||  | INGENIERIA EN CIBERSEGURIDAD | D | 2026 | control/codcarpr_long.tsv | n=1,1.0
55,Santiago,Santiago,Región Metropolitana,7,51503,"Ingeniería en Administración, Administración de Empresas y similares",Ingeniería en Administración de Empresas,,Diurno,Programa Regular,Administración y Comercio,Profesional,Ingreso Directo,2024,,8,Ingeniero en Administración de Empresas,,I162S2C76J1V1,Pregrado,Presencial,Otro objetivo,,INFORMAR_CNED_CON_TRAZABILIDAD_ALTA,ALTA,CARGAR EN CNED,Codigo SIES/CODIGO_UNICO exacto con evidencia en matricula o archivo listo.,Llave 1: Codigo SIES/CODIGO_UNICO exacto,,I162S2C76J1V1,51503,INGENIERIA EN ADMINISTRACION DE EMPRESAS,DIURNO,PRESENCIAL,PROGRAMA REGULAR,4,0,0,2,18,I162S2C76J1V1,SI,SI,I162S2C76J1V1 | INGENIERIA EN ADMINISTRACION DE EMPRESAS | D | 2026 | resultados/archivo_listo_para_sies.xlsx[ARCHIVO_LISTO_SUBIDA] | n=16 || I162S2C76J1V1 | INGENIERIA EN ADMINISTRACION DE EMPRESAS | D | 2026 | resultados/archivo_listo_para_sies.xlsx[ARCHIVO_LISTO_SUBIDA] | n=26 || I162S2C76J1V1 | INGENIERIA EN ADMINISTRACION DE EMPRESAS | D |  | resultados/archivo_listo_para_sies.xlsx[PUENTE_SIES] | n=1 || I162S2C76J1V1 | INGENIERIA EN ADMINISTRACION DE EMPRESAS | D |  | control/catalogos/PUENTE_SIES_COMPILADO.tsv | n=1,I162S2C76J1V1 | INGENIERIA EN ADMINISTRACION DE EMPRESAS | D | 2026 | resultados/archivo_listo_para_sies.xlsx[ARCHIVO_LISTO_SUBIDA] | n=16 || I162S2C76J1V1 | INGENIERIA EN ADMINISTRACION DE EMPRESAS | D | 2026 | resultados/archivo_listo_para_sies.xlsx[ARCHIVO_LISTO_SUBIDA] | n=26,I162S2C76J1V1 | INGENIERIA EN ADMINISTRACION DE EMPRESAS | D | 2026 | resultados/archivo_listo_para_sies.xlsx[ARCHIVO_LISTO_SUBIDA] | n=16 || I162S2C76J1V1 | INGENIERIA EN ADMINISTRACION DE EMPRESAS | D | 2026 | resultados/archivo_listo_para_sies.xlsx[ARCHIVO_LISTO_SUBIDA] | n=26 ||  | INGENIERIA EN ADMINISTRACION DE EMPRESAS | D | 2025 | control/gob_codcarpr_anioingreso_long.tsv | n=1 ||  | INGENIERIA EN ADMINISTRACION DE EMPRESAS | D | 2024 | control/gob_codcarpr_anioingreso_long.tsv | n=1 ||  | INGENIERIA EN ADMINISTRACION DE EMPRESAS | D | 2026 | control/codcarpr_long.tsv | n=1 ||  | INGENIERIA EN ADMINISTRACION DE EMPRESAS | D | 2025 | control/codcarpr_long.tsv | n=1,1.0
56,Santiago,Santiago,Región Metropolitana,7,51504,"Ingeniería en Administración, Administración de Empresas y similares",Ingeniería en Administración de Empresas,,Vespertino,Programa Regular,Administración y Comercio,Profesional,Ingreso Directo,2024,,8,Ingeniero en Administración de Empresas,,I162S2C76J2V1,Pregrado,Presencial,Otro objetivo,,INFORMAR_CNED_CON_TRAZABILIDAD_ALTA,ALTA,CARGAR EN CNED,Codigo SIES/CODIGO_UNICO exacto con evidencia en matricula o archivo listo.,Llave 1: Codigo SIES/CODIGO_UNICO exacto,,I162S2C76J2V1,51504,INGENIERIA EN ADMINISTRACION DE EMPRESAS,VESPERTINO,PRESENCIAL,PROGRAMA REGULAR,8,0,0,6,21,I162S2C76J2V1,SI,SI,I162S2C76J2V1 | INGENIERIA EN ADMINISTRACION DE EMPRESAS | V | 2025 | resultados/archivo_listo_para_sies.xlsx[ARCHIVO_LISTO_SUBIDA] | n=5 || I162S2C76J2V1 | INGENIERIA EN ADMINISTRACION DE EMPRESAS | V | 2025 | resultados/archivo_listo_para_sies.xlsx[ARCHIVO_LISTO_SUBIDA] | n=28 || I162S2C76J2V1 | INGENIERIA EN ADMINISTRACION DE EMPRESAS | V | 2025 | resultados/archivo_listo_para_sies.xlsx[ARCHIVO_LISTO_SUBIDA] | n=34 || I162S2C76J2V1 | INGENIERIA EN ADMINISTRACION DE EMPRESAS | V | 2025 | resultados/archivo_listo_para_sies.xlsx[ARCHIVO_LISTO_SUBIDA] | n=105 || I162S2C76J2V1 | INGENIERIA EN ADMINISTRACION DE EMPRESAS | V | 2026 | resultados/archivo_listo_para_sies.xlsx[ARCHIVO_LISTO_SUBIDA] | n=33 || I162S2C76J2V1 | INGENIERIA EN ADMINISTRACION DE EMPRESAS | V | 2026 | resultados/archivo_listo_para_sies.xlsx[ARCHIVO_LISTO_SUBIDA] | n=38,I162S2C76J2V1 | INGENIERIA EN ADMINISTRACION DE EMPRESAS | V | 2025 | resultados/archivo_listo_para_sies.xlsx[ARCHIVO_LISTO_SUBIDA] | n=5 || I162S2C76J2V1 | INGENIERIA EN ADMINISTRACION DE EMPRESAS | V | 2025 | resultados/archivo_listo_para_sies.xlsx[ARCHIVO_LISTO_SUBIDA] | n=28 || I162S2C76J2V1 | INGENIERIA EN ADMINISTRACION DE EMPRESAS | V | 2025 | resultados/archivo_listo_para_sies.xlsx[ARCHIVO_LISTO_SUBIDA] | n=34 || I162S2C76J2V1 | INGENIERIA EN ADMINISTRACION DE EMPRESAS | V | 2025 | resultados/archivo_listo_para_sies.xlsx[ARCHIVO_LISTO_SUBIDA] | n=105 || I162S2C76J2V1 | INGENIERIA EN ADMINISTRACION DE EMPRESAS | V | 2026 | resultados/archivo_listo_para_sies.xlsx[ARCHIVO_LISTO_SUBIDA] | n=33 || I162S2C76J2V1 | INGENIERIA EN ADMINISTRACION DE EMPRESAS | V | 2026 | resultados/archivo_listo_para_sies.xlsx[ARCHIVO_LISTO_SUBIDA] | n=38,I162S2C76J2V1 | INGENIERIA EN ADMINISTRACION DE EMPRESAS | V | 2025 | resultados/archivo_listo_para_sies.xlsx[ARCHIVO_LISTO_SUBIDA] | n=5 ||  | INGENIERIA EN ADMINISTRACION DE EMPRESAS |  | 2025 | resultados/archivo_listo_para_sies.xlsx[AUDITORIA_CONSOLIDACION] | n=919 ||  | INGENIERIA EN ADMINISTRACION DE EMPRESAS | V | 2025 | control/gob_codcarpr_anioingreso_long.tsv | n=1 ||  | INGENIERIA EN ADMINISTRACION DE EMPRESAS | V | 2024 | control/gob_codcarpr_anioingreso_long.tsv | n=1 ||  | INGENIERIA EN ADMINISTRACION DE EMPRESAS | V | 2026 | control/codcarpr_long.tsv | n=1 ||  | INGENIERIA EN ADMINISTRACION DE EMPRESAS | V | 2025 | control/codcarpr_long.tsv | n=1,1.0
57,Santiago,Santiago,Región Metropolitana,7,40711,Técnico en Análisis de Sistemas Informáticos,TNS en Ciberseguridad,,Vespertino,Programa Regular,Tecnología,Técnico Nivel Superior,Ingreso Directo,2019,República,5,Técnico Nivel Sup. en Ciberseguridad,,I162S2C47J2V1,Pregrado,Presencial,Otro objetivo,,INFORMAR_CNED_CON_TRAZABILIDAD_ALTA,ALTA,CARGAR EN CNED,Codigo SIES/CODIGO_UNICO exacto con evidencia en matricula o archivo listo.,Llave 1: Codigo SIES/CODIGO_UNICO exacto,,I162S2C47J2V1,40711,TNS EN CIBERSEGURIDAD,VESPERTINO,PRESENCIAL,PROGRAMA REGULAR,10,0,0,0,0,I162S2C47J2V1,SI,SI,I162S2C47J2V1 | TECNICO EN CIBERSEGURIDAD | V | 2024 | resultados/archivo_listo_para_sies.xlsx[ARCHIVO_LISTO_SUBIDA] | n=17 || I162S2C47J2V1 | TECNICO EN CIBERSEGURIDAD | V | 2024 | resultados/archivo_listo_para_sies.xlsx[ARCHIVO_LISTO_SUBIDA] | n=40 || I162S2C47J2V1 | TECNICO EN CIBERSEGURIDAD | V | 2025 | resultados/archivo_listo_para_sies.xlsx[ARCHIVO_LISTO_SUBIDA] | n=4 || I162S2C47J2V1 | TECNICO EN CIBERSEGURIDAD | V | 2025 | resultados/archivo_listo_para_sies.xlsx[ARCHIVO_LISTO_SUBIDA] | n=17 || I162S2C47J2V1 | TECNICO EN CIBERSEGURIDAD | V | 2025 | resultados/archivo_listo_para_sies.xlsx[ARCHIVO_LISTO_SUBIDA] | n=64 || I162S2C47J2V1 | TECNICO EN CIBERSEGURIDAD | V | 2026 | resultados/archivo_listo_para_sies.xlsx[ARCHIVO_LISTO_SUBIDA] | n=64,,,
58,Santiago,Santiago,Región Metropolitana,7,40714,Ingeniería en Computación e Informática y similares,Ingeniería en Ciberseguridad,,Vespertino,Programa Regular,Tecnología,Profesional,Ingreso Directo,2019,República,8,Ingeniero en Ciberseguridad,,I162S2C46J2V1,Pregrado,Presencial,Otro objetivo,,INFORMAR_CNED_CON_TRAZABILIDAD_ALTA,ALTA,CARGAR EN CNED,Codigo SIES/CODIGO_UNICO exacto con evidencia en matricula o archivo listo.,Llave 1: Codigo SIES/CODIGO_UNICO exacto,,I162S2C46J2V1,40714,INGENIERIA EN CIBERSEGURIDAD,VESPERTINO,PRESENCIAL,PROGRAMA REGULAR,17,0,0,11,60,I162S2C46J2V1,SI,SI,I162S2C46J2V1 | INGENIERIA EN CIBERSEGURIDAD | V | 2023 | resultados/archivo_listo_para_sies.xlsx[ARCHIVO_LISTO_SUBIDA] | n=20 || I162S2C46J2V1 | INGENIERIA EN CIBERSEGURIDAD | V | 2023 | resultados/archivo_listo_para_sies.xlsx[ARCHIVO_LISTO_SUBIDA] | n=36 || I162S2C46J2V1 | INGENIERIA EN CIBERSEGURIDAD | V | 2024 | resultados/archivo_listo_para_sies.xlsx[ARCHIVO_LISTO_SUBIDA] | n=221 || I162S2C46J2V1 | INGENIERIA EN CIBERSEGURIDAD | V | 2025 | resultados/archivo_listo_para_sies.xlsx[ARCHIVO_LISTO_SUBIDA] | n=2 || I162S2C46J2V1 | INGENIERIA EN CIBERSEGURIDAD | V | 2025 | resultados/archivo_listo_para_sies.xlsx[ARCHIVO_LISTO_SUBIDA] | n=42 || I162S2C46J2V1 | INGENIERIA EN CIBERSEGURIDAD | V | 2025 | resultados/archivo_listo_para_sies.xlsx[ARCHIVO_LISTO_SUBIDA] | n=14,I162S2C46J2V1 | INGENIERIA EN CIBERSEGURIDAD | V | 2023 | resultados/archivo_listo_para_sies.xlsx[ARCHIVO_LISTO_SUBIDA] | n=20 || I162S2C46J2V1 | INGENIERIA EN CIBERSEGURIDAD | V | 2023 | resultados/archivo_listo_para_sies.xlsx[ARCHIVO_LISTO_SUBIDA] | n=36 || I162S2C46J2V1 | INGENIERIA EN CIBERSEGURIDAD | V | 2024 | resultados/archivo_listo_para_sies.xlsx[ARCHIVO_LISTO_SUBIDA] | n=221 || I162S2C46J2V1 | INGENIERIA EN CIBERSEGURIDAD | V | 2025 | resultados/archivo_listo_para_sies.xlsx[ARCHIVO_LISTO_SUBIDA] | n=2 || I162S2C46J2V1 | INGENIERIA EN CIBERSEGURIDAD | V | 2025 | resultados/archivo_listo_para_sies.xlsx[ARCHIVO_LISTO_SUBIDA] | n=42 || I162S2C46J2V1 | INGENIERIA EN CIBERSEGURIDAD | V | 2025 | resultados/archivo_listo_para_sies.xlsx[ARCHIVO_LISTO_SUBIDA] | n=14,I162S2C46J2V1 | INGENIERIA EN CIBERSEGURIDAD | V | 2023 | resultados/archivo_listo_para_sies.xlsx[ARCHIVO_LISTO_SUBIDA] | n=20 || I162S2C46J2V1 | INGENIERIA EN CIBERSEGURIDAD | V | 2023 | resultados/archivo_listo_para_sies.xlsx[ARCHIVO_LISTO_SUBIDA] | n=36 ||  | INGENIERIA EN CIBERSEGURIDAD | V | 2022 | control/codcarpr_long.tsv | n=1 ||  | INGENIERIA EN CIBERSEGURIDAD | V | 2023 | control/codcarpr_long.tsv | n=1 ||  | INGENIERIA EN CIBERSEGURIDAD | V | 2024 | control/codcarpr_long.tsv | n=1 ||  | INGENIERIA EN CIBERSEGURIDAD | V | 2025 | control/codcarpr_long.tsv | n=1,1.0
59,Santiago,Santiago,Región Metropolitana,7,40712,"Técnico en Automatización, Control automático y similares",TNS en Control Industrial,,Otro,Programa Regular,Tecnología,Técnico Nivel Superior,Ingreso Directo,2019,República,5,Técnico Nivel Sup. en Control Industrial,,I162S2C48J4V1,Pregrado,No presencial,Otro objetivo,,INFORMAR_CNED_CON_REVISION,BAJA,VALIDAR MANUALMENTE ANTES DE CARGAR,Solo hay coincidencia difusa de nombre; no se considera match automatico definitivo.,Llave 5: similitud difusa de nombre,No presencial u Horario Otro | Año Inicio Actividades antiguo sin matricula reciente observada,I162S2C48J4V1,40712,TNS EN CONTROL INDUSTRIAL,OTRO,NO PRESENCIAL,PROGRAMA REGULAR,0,0,0,0,2,,NO,SI,,, | TECNICO EN CONTROL INDUSTRIAL | O | 2021 | control/codcarpr_long.tsv | n=1 ||  | TECNICO EN CONTROL INDUSTRIAL | O | 2021 | control/gob_codcarpr_anioingreso_long.tsv | n=1,0.8888888888888888
60,Santiago,Santiago,Región Metropolitana,7,42539,Ingeniería en Conectividad y Redes,Ingeniería en Conectividad y Redes (P.E.),,Otro,Programa Especial,Tecnología,Profesional,Ingreso Directo,2019,República,4,Ingeniero en Conectividad y Redes,,I162S2C3J4V3,Pregrado,No presencial,Continuidad (o articulación) de estudios,,INFORMAR_CNED_CON_TRAZABILIDAD_ALTA,ALTA,CARGAR EN CNED,Codigo SIES/CODIGO_UNICO exacto con evidencia en matricula o archivo listo.,Llave 1: Codigo SIES/CODIGO_UNICO exacto,Programa Especial | No presencial u Horario Otro | Codigo asociado a nombres similares o distintos en fuentes locales,I162S2C3J4V3,42539,INGENIERIA EN CONECTIVIDAD Y REDES P E,OTRO,NO PRESENCIAL,PROGRAMA ESPECIAL,26,0,0,0,96,I162S2C3J4V3,SI,SI,I162S2C3J4V1 | I162S2C3J4V2 | I162S2C3J4V3 | CONTINUIDAD INGENIERIA CONECTIVIDAD Y REDES | O | 2024 | resultados/archivo_listo_para_sies.xlsx[ARCHIVO_LISTO_SUBIDA] | n=36 || I162S2C3J4V1 | I162S2C3J4V2 | I162S2C3J4V3 | CONTINUIDAD INGENIERIA CONECTIVIDAD Y REDES | O | 2025 | resultados/archivo_listo_para_sies.xlsx[ARCHIVO_LISTO_SUBIDA] | n=65 || I162S2C3J4V1 | I162S2C3J4V2 | I162S2C3J4V3 | CONTINUIDAD INGENIERIA CONECTIVIDAD Y REDES | O | 2025 | resultados/archivo_listo_para_sies.xlsx[ARCHIVO_LISTO_SUBIDA] | n=13 || I162S2C3J4V1 | I162S2C3J4V2 | I162S2C3J4V3 | CONTINUIDAD INGENIERIA CONECTIVIDAD Y REDES | O | 2025 | resultados/archivo_listo_para_sies.xlsx[ARCHIVO_LISTO_SUBIDA] | n=832 || I162S2C3J4V1 | I162S2C3J4V2 | I162S2C3J4V3 | CONTINUIDAD INGENIERIA CONECTIVIDAD Y REDES | O | 2026 | resultados/archivo_listo_para_sies.xlsx[ARCHIVO_LISTO_SUBIDA] | n=12 || I162S2C3J4V1 | I162S2C3J4V2 | I162S2C3J4V3 | CONTINUIDAD INGENIERIA CONECTIVIDAD Y REDES | O | 2026 | resultados/archivo_listo_para_sies.xlsx[ARCHIVO_LISTO_SUBIDA] | n=222,,I162S2C3J4V1 | I162S2C3J4V2 | INGENIERIA EN CONECTIVIDAD Y REDES |  |  | resultados/archivo_listo_para_sies.xlsx[REVISION_MANUAL] | n=1 || I162S2C3J4V1 | I162S2C3J4V2 | INGENIERIA EN CONECTIVIDAD Y REDES | O | 2017 | resultados/archivo_listo_para_sies.xlsx[ARCHIVO_LISTO_SUBIDA] | n=1 ||  | INGENIERIA EN CONECTIVIDAD Y REDES | O | 2020 | control/codcarpr_long.tsv | n=1 ||  | INGENIERIA EN CONECTIVIDAD Y REDES | O | 2019 | control/codcarpr_long.tsv | n=1 ||  | INGENIERIA EN CONECTIVIDAD Y REDES | O | 2018 | control/codcarpr_long.tsv | n=1 ||  | INGENIERIA EN CONECTIVIDAD Y REDES | O | 2014 | control/codcarpr_long.tsv | n=1,0.9444444444444444
61,Santiago,Santiago,Región Metropolitana,7,32513,"Técnico en Automatización, Control automático y similares",TNS en Automatización y Control Industrial,,Vespertino,Programa Regular,Tecnología,Técnico Nivel Superior,Ingreso Directo,2015,República,5,Técnico Nivel Sup. en Automatización y Control Industrial,,I162S2C11J2V1,Pregrado,Presencial,Otro objetivo,,INFORMAR_CNED_CON_REVISION,MEDIA,VALIDAR MANUALMENTE ANTES DE CARGAR,"Codigo exacto aparece en oferta/catalogo/puente, pero sin matricula observada en las bases usadas.",Llave 1: Codigo SIES/CODIGO_UNICO exacto,Mismo Nombre Programa y mismo Horario repetido en listado CNED | Año Inicio Actividades antiguo sin matricula reciente observada,I162S2C11J2V1,32513,TNS EN AUTOMATIZACION Y CONTROL INDUSTRIAL,VESPERTINO,PRESENCIAL,PROGRAMA REGULAR,4,0,0,0,28,I162S2C11J2V1,NO,SI,I162S2C11J2V1 | TECNICO EN AUTOMATIZACION Y CONTROL INDUSTRIAL | V |  | resultados/archivo_listo_para_sies.xlsx[PUENTE_SIES] | n=1 || I162S2C11J2V1 | TECNICO EN AUTOMATIZACION Y CONTROL INDUSTRIAL | V |  | resultados/archivo_listo_para_sies.xlsx[PUENTE_SIES] | n=1 || I162S2C11J2V1 | TECNICO EN AUTOMATIZACION Y CONTROL INDUSTRIAL | V |  | control/catalogos/PUENTE_SIES_COMPILADO.tsv | n=1 || I162S2C11J2V1 | TECNICO EN AUTOMATIZACION Y CONTROL INDUSTRIAL | V |  | control/catalogos/PUENTE_SIES_COMPILADO.tsv | n=1,, | TECNICO EN AUTOMATIZACION Y CONTROL INDUSTRIAL | V |  | resultados/archivo_listo_para_sies.xlsx[CATALOGO_MANUAL] | n=1 ||  | TECNICO EN AUTOMATIZACION Y CONTROL INDUSTRIAL | V |  | resultados/archivo_listo_para_sies.xlsx[CATALOGO_MANUAL] | n=1 ||  | TECNICO EN AUTOMATIZACION Y CONTROL INDUSTRIAL | V | 2021 | control/gob_codcarpr_anioingreso_long.tsv | n=1 ||  | TECNICO EN AUTOMATIZACION Y CONTROL INDUSTRIAL | V | 2020 | control/gob_codcarpr_anioingreso_long.tsv | n=1 ||  | TECNICO EN AUTOMATIZACION Y CONTROL INDUSTRIAL | V | 2019 | control/gob_codcarpr_anioingreso_long.tsv | n=1 ||  | TECNICO EN AUTOMATIZACION Y CONTROL INDUSTRIAL | V | 2018 | control/gob_codcarpr_anioingreso_long.tsv | n=1,0.9318181818181818
62,Santiago,Santiago,Región Metropolitana,7,32517,Técnico en Análisis de Sistemas Informáticos,TNS en Análisis de Sistemas,,Diurno,Programa Regular,Tecnología,Técnico Nivel Superior,Ingreso Directo,2015,República,6,Técnico Nivel Sup. en Análisis de Sistemas,,I162S2C35J1V1,Pregrado,Presencial,Otro objetivo,,NO_INFORMAR_SIN_MATRICULA_O_SIN_EVIDENCIA,BAJA,NO CARGAR SIN NUEVA EVIDENCIA,No aparece evidencia suficiente en las bases revisadas.,Sin coincidencia suficiente,Año Inicio Actividades antiguo sin matricula reciente observada,I162S2C35J1V1,32517,TNS EN ANALISIS DE SISTEMAS,DIURNO,PRESENCIAL,PROGRAMA REGULAR,0,0,0,0,0,,NO,NO,,,,
63,Santiago,Santiago,Región Metropolitana,7,32516,Técnico en Análisis de Sistemas Informáticos,TNS Análisis de Sistemas,,Vespertino,Programa Regular,Tecnología,Técnico Nivel Superior,Ingreso Directo,2015,República,6,Técnico Nivel Sup. Análisis de Sistemas,,I162S2C35J2V1,Pregrado,Presencial,Otro objetivo,,NO_INFORMAR_SIN_MATRICULA_O_SIN_EVIDENCIA,BAJA,NO CARGAR SIN NUEVA EVIDENCIA,No aparece evidencia suficiente en las bases revisadas.,Sin coincidencia suficiente,Año Inicio Actividades antiguo sin matricula reciente observada,I162S2C35J2V1,32516,TNS ANALISIS DE SISTEMAS,VESPERTINO,PRESENCIAL,PROGRAMA REGULAR,0,0,0,0,0,,NO,NO,,,,
64,Santiago,Santiago,Región Metropolitana,7,32514,Ingeniería en Computación e Informática y similares,Ingeniería en Informática,,Vespertino,Programa Regular,Tecnología,Profesional,Ingreso Directo,2015,República,8,Ingeniería en Informática,,I162S2C1J2V1,Pregrado,Presencial,Otro objetivo,,INFORMAR_CNED_CON_TRAZABILIDAD_ALTA,ALTA,CARGAR EN CNED,Codigo SIES/CODIGO_UNICO exacto con evidencia en matricula o archivo listo.,Llave 1: Codigo SIES/CODIGO_UNICO exacto,Mismo Nombre Programa y mismo Horario repetido en listado CNED,I162S2C1J2V1,32514,INGENIERIA EN INFORMATICA,VESPERTINO,PRESENCIAL,PROGRAMA REGULAR,19,0,0,9,136,I162S2C1J2V4,SI,SI,I162S2C1J2V1 | I162S2C1J2V2 | I162S2C1J2V3 | I162S2C1J2V4 | INGENIERIA EN INFORMATICA | V | 2024 | resultados/archivo_listo_para_sies.xlsx[ARCHIVO_LISTO_SUBIDA] | n=15 || I162S2C1J2V1 | I162S2C1J2V2 | I162S2C1J2V3 | I162S2C1J2V4 | INGENIERIA EN INFORMATICA | V | 2024 | resultados/archivo_listo_para_sies.xlsx[ARCHIVO_LISTO_SUBIDA] | n=101 || I162S2C1J2V1 | I162S2C1J2V2 | I162S2C1J2V3 | I162S2C1J2V4 | INGENIERIA EN INFORMATICA | V | 2025 | resultados/archivo_listo_para_sies.xlsx[ARCHIVO_LISTO_SUBIDA] | n=25 || I162S2C1J2V1 | I162S2C1J2V2 | I162S2C1J2V3 | I162S2C1J2V4 | INGENIERIA EN INFORMATICA | V | 2025 | resultados/archivo_listo_para_sies.xlsx[ARCHIVO_LISTO_SUBIDA] | n=33 || I162S2C1J2V1 | I162S2C1J2V2 | I162S2C1J2V3 | I162S2C1J2V4 | INGENIERIA EN INFORMATICA | V | 2025 | resultados/archivo_listo_para_sies.xlsx[ARCHIVO_LISTO_SUBIDA] | n=64 || I162S2C1J2V1 | I162S2C1J2V2 | I162S2C1J2V3 | I162S2C1J2V4 | INGENIERIA EN INFORMATICA | V | 2025 | resultados/archivo_listo_para_sies.xlsx[ARCHIVO_LISTO_SUBIDA] | n=41,I162S2C1J2V1 | I162S2C1J2V2 | I162S2C1J2V3 | I162S2C1J2V4 | INGENIERIA EN INFORMATICA | V | 2024 | resultados/archivo_listo_para_sies.xlsx[ARCHIVO_LISTO_SUBIDA] | n=15 || I162S2C1J2V1 | I162S2C1J2V2 | I162S2C1J2V3 | I162S2C1J2V4 | INGENIERIA EN INFORMATICA | V | 2024 | resultados/archivo_listo_para_sies.xlsx[ARCHIVO_LISTO_SUBIDA] | n=101 || I162S2C1J2V1 | I162S2C1J2V2 | I162S2C1J2V3 | I162S2C1J2V4 | INGENIERIA EN INFORMATICA | V | 2025 | resultados/archivo_listo_para_sies.xlsx[ARCHIVO_LISTO_SUBIDA] | n=25 || I162S2C1J2V1 | I162S2C1J2V2 | I162S2C1J2V3 | I162S2C1J2V4 | INGENIERIA EN INFORMATICA | V | 2025 | resultados/archivo_listo_para_sies.xlsx[ARCHIVO_LISTO_SUBIDA] | n=33 || I162S2C1J2V1 | I162S2C1J2V2 | I162S2C1J2V3 | I162S2C1J2V4 | INGENIERIA EN INFORMATICA | V | 2025 | resultados/archivo_listo_para_sies.xlsx[ARCHIVO_LISTO_SUBIDA] | n=64 || I162S2C1J2V1 | I162S2C1J2V2 | I162S2C1J2V3 | I162S2C1J2V4 | INGENIERIA EN INFORMATICA | V | 2025 | resultados/archivo_listo_para_sies.xlsx[ARCHIVO_LISTO_SUBIDA] | n=41,I162S2C1J2V1 | I162S2C1J2V2 | I162S2C1J2V3 | I162S2C1J2V4 | INGENIERIA EN INFORMATICA | V | 2024 | resultados/archivo_listo_para_sies.xlsx[ARCHIVO_LISTO_SUBIDA] | n=15 ||  | INGENIERIA EN INFORMATICA | V | 2009 | control/gob_codcarpr_anioingreso_long.tsv | n=1 ||  | INGENIERIA EN INFORMATICA | V | 2002 | control/gob_codcarpr_anioingreso_long.tsv | n=1 ||  | INGENIERIA EN INFORMATICA | V | 2003 | control/gob_codcarpr_anioingreso_long.tsv | n=1 ||  | INGENIERIA EN INFORMATICA | V | 2005 | control/gob_codcarpr_anioingreso_long.tsv | n=1 ||  | INGENIERIA EN INFORMATICA | V | 2006 | control/gob_codcarpr_anioingreso_long.tsv | n=1,1.0
65,Santiago,Santiago,Región Metropolitana,7,32512,"Ingeniería en Automatización, Control Industrial y similares",Ingeniería  en Automatización y Control Industrial,,Vespertino,Programa Regular,Tecnología,Profesional,Ingreso Directo,2015,República,8,Ingeniero  en Automatización y Control Industrial,,I162S2C22J2V1,Pregrado,Presencial,Otro objetivo,,DUPLICADO_O_AMBIGUO,MEDIA,NO CARGAR HASTA RESOLVER DUPLICIDAD,Codigo SIES duplicado en el listado de referencia CNED.,Llave 1: Codigo SIES/CODIGO_UNICO exacto,Codigo SIES duplicado en listado CNED | Año Inicio Actividades antiguo sin matricula reciente observada,I162S2C22J2V1,32512,INGENIERIA EN AUTOMATIZACION Y CONTROL INDUSTRIAL,VESPERTINO,PRESENCIAL,PROGRAMA REGULAR,6,0,0,0,59,I162S2C22J2V1 | I162S2C22J2V2,NO,SI,I162S2C22J2V1 | I162S2C22J2V2 | INGENIERIA EN AUTOMATIZACION Y CONTROL INDUSTRIAL | V |  | resultados/archivo_listo_para_sies.xlsx[PUENTE_SIES] | n=1 || I162S2C22J2V1 | I162S2C22J2V2 | INGENIERIA EN AUTOMATIZACION Y CONTROL INDUSTRIAL | V |  | resultados/archivo_listo_para_sies.xlsx[PUENTE_SIES] | n=1 || I162S2C22J2V1 | I162S2C22J2V2 | INGENIERIA EN AUTOMATIZACION Y CONTROL INDUSTRIAL | V |  | resultados/archivo_listo_para_sies.xlsx[PUENTE_SIES] | n=1 || I162S2C22J2V1 | I162S2C22J2V2 | INGENIERIA EN AUTOMATIZACION Y CONTROL INDUSTRIAL | V |  | control/catalogos/PUENTE_SIES_COMPILADO.tsv | n=1 || I162S2C22J2V1 | I162S2C22J2V2 | INGENIERIA EN AUTOMATIZACION Y CONTROL INDUSTRIAL | V |  | control/catalogos/PUENTE_SIES_COMPILADO.tsv | n=1 || I162S2C22J2V1 | I162S2C22J2V2 | INGENIERIA EN AUTOMATIZACION Y CONTROL INDUSTRIAL | V |  | control/catalogos/PUENTE_SIES_COMPILADO.tsv | n=1,, | INGENIERIA EN AUTOMATIZACION Y CONTROL INDUSTRIAL | V |  | resultados/archivo_listo_para_sies.xlsx[CATALOGO_MANUAL] | n=1 ||  | INGENIERIA EN AUTOMATIZACION Y CONTROL INDUSTRIAL | V | 2018 | control/codcarpr_long.tsv | n=1 ||  | INGENIERIA EN AUTOMATIZACION Y CONTROL INDUSTRIAL | V | 2020 | control/codcarpr_long.tsv | n=1 ||  | INGENIERIA EN AUTOMATIZACION Y CONTROL INDUSTRIAL | V | 2021 | control/codcarpr_long.tsv | n=1 ||  | INGENIERIA EN AUTOMATIZACION Y CONTROL INDUSTRIAL | V | 2018 | control/codcarpr_long.tsv | n=1 ||  | INGENIERIA EN AUTOMATIZACION Y CONTROL INDUSTRIAL | V | 2019 | control/codcarpr_long.tsv | n=1,1.0
66,Santiago,Santiago,Región Metropolitana,7,6679,Ingeniería en Conectividad y Redes,Ingeniería en Conectividad y Redes,,Diurno,Programa Regular,Tecnología,Profesional,Ingreso Directo,2002,,8,Ingeniería en Conectividad y Redes,,I162S2C3J1V2,Pregrado,Presencial,,,INFORMAR_CNED_CON_REVISION,MEDIA,VALIDAR MANUALMENTE ANTES DE CARGAR,"Codigo exacto aparece en oferta/catalogo/puente, pero sin matricula observada en las bases usadas.",Llave 1: Codigo SIES/CODIGO_UNICO exacto,Año Inicio Actividades antiguo sin matricula reciente observada,I162S2C3J1V2,6679,INGENIERIA EN CONECTIVIDAD Y REDES,DIURNO,PRESENCIAL,PROGRAMA REGULAR,8,0,0,0,48,I162S2C3J1V2,NO,SI,I162S2C3J1V1 | I162S2C3J1V2 | INGENIERIA EN CONECTIVIDAD Y REDES | D |  | resultados/archivo_listo_para_sies.xlsx[PUENTE_SIES] | n=1 || I162S2C3J1V1 | I162S2C3J1V2 | INGENIERIA EN CONECTIVIDAD Y REDES | D |  | resultados/archivo_listo_para_sies.xlsx[PUENTE_SIES] | n=1 || I162S2C3J1V1 | I162S2C3J1V2 | INGENIERIA EN CONECTIVIDAD Y REDES | D |  | resultados/archivo_listo_para_sies.xlsx[PUENTE_SIES] | n=1 || I162S2C3J1V2 | INGENIERIA EN CONECTIVIDAD Y REDES | D |  | resultados/archivo_listo_para_sies.xlsx[PUENTE_SIES] | n=1 || I162S2C3J1V1 | I162S2C3J1V2 | INGENIERIA EN CONECTIVIDAD Y REDES | D |  | control/catalogos/PUENTE_SIES_COMPILADO.tsv | n=1 || I162S2C3J1V1 | I162S2C3J1V2 | INGENIERIA EN CONECTIVIDAD Y REDES | D |  | control/catalogos/PUENTE_SIES_COMPILADO.tsv | n=1,,I162S2C3J4V1 | I162S2C3J4V2 | INGENIERIA EN CONECTIVIDAD Y REDES |  |  | resultados/archivo_listo_para_sies.xlsx[REVISION_MANUAL] | n=1 ||  | INGENIERIA EN CONECTIVIDAD Y REDES | D |  | resultados/archivo_listo_para_sies.xlsx[CATALOGO_MANUAL] | n=1 ||  | INGENIERIA EN CONECTIVIDAD Y REDES | D | 2012 | control/codcarpr_long.tsv | n=1 ||  | INGENIERIA EN CONECTIVIDAD Y REDES | D | 2013 | control/codcarpr_long.tsv | n=1 ||  | INGENIERIA EN CONECTIVIDAD Y REDES | D | 2014 | control/codcarpr_long.tsv | n=1 ||  | INGENIERIA EN CONECTIVIDAD Y REDES | D | 2015 | control/codcarpr_long.tsv | n=1,1.0
67,Santiago,Santiago,Región Metropolitana,7,6680,Ingeniería en Conectividad y Redes,Ingeniería en Conectividad y Redes,,Vespertino,Programa Regular,Tecnología,Profesional,Ingreso Directo,2002,,8,Ingeniero en Conectividad y Redes,,I162S2C3J2V4,Pregrado,,,,INFORMAR_CNED_CON_TRAZABILIDAD_ALTA,ALTA,CARGAR EN CNED,Codigo SIES/CODIGO_UNICO exacto con evidencia en matricula o archivo listo.,Llave 1: Codigo SIES/CODIGO_UNICO exacto,,I162S2C3J2V4,6680,INGENIERIA EN CONECTIVIDAD Y REDES,VESPERTINO,,PROGRAMA REGULAR,11,0,0,0,140,I162S2C3J2V4,SI,SI,I162S2C3J2V1 | I162S2C3J2V2 | I162S2C3J2V3 | I162S2C3J2V4 | INGENIERIA EN CONECTIVIDAD Y REDES | V | 2025 | resultados/archivo_listo_para_sies.xlsx[ARCHIVO_LISTO_SUBIDA] | n=11 || I162S2C3J2V1 | I162S2C3J2V2 | I162S2C3J2V3 | I162S2C3J2V4 | INGENIERIA EN CONECTIVIDAD Y REDES | V | 2025 | resultados/archivo_listo_para_sies.xlsx[ARCHIVO_LISTO_SUBIDA] | n=11 || I162S2C3J2V1 | I162S2C3J2V2 | I162S2C3J2V3 | I162S2C3J2V4 | INGENIERIA EN CONECTIVIDAD Y REDES | V | 2025 | resultados/archivo_listo_para_sies.xlsx[ARCHIVO_LISTO_SUBIDA] | n=96 || I162S2C3J2V1 | I162S2C3J2V2 | I162S2C3J2V3 | I162S2C3J2V4 | INGENIERIA EN CONECTIVIDAD Y REDES | V |  | resultados/archivo_listo_para_sies.xlsx[PUENTE_SIES] | n=1 || I162S2C3J2V1 | I162S2C3J2V2 | I162S2C3J2V3 | I162S2C3J2V4 | INGENIERIA EN CONECTIVIDAD Y REDES | V |  | resultados/archivo_listo_para_sies.xlsx[PUENTE_SIES] | n=1 || I162S2C3J2V1 | I162S2C3J2V4 | INGENIERIA EN CONECTIVIDAD Y REDES | V |  | resultados/archivo_listo_para_sies.xlsx[PUENTE_SIES] | n=1,,I162S2C3J4V1 | I162S2C3J4V2 | INGENIERIA EN CONECTIVIDAD Y REDES |  |  | resultados/archivo_listo_para_sies.xlsx[REVISION_MANUAL] | n=1 ||  | INGENIERIA EN CONECTIVIDAD Y REDES | V | 2009 | control/gob_codcarpr_anioingreso_long.tsv | n=1 ||  | INGENIERIA EN CONECTIVIDAD Y REDES | V | 2024 | control/gob_codcarpr_anioingreso_long.tsv | n=1 ||  | INGENIERIA EN CONECTIVIDAD Y REDES | V | 2025 | control/gob_codcarpr_anioingreso_long.tsv | n=1 ||  | INGENIERIA EN CONECTIVIDAD Y REDES | V | 2026 | control/gob_codcarpr_anioingreso_long.tsv | n=1 ||  | INGENIERIA EN CONECTIVIDAD Y REDES | V | 2004 | control/gob_codcarpr_anioingreso_long.tsv | n=1,1.0
68,Santiago,Santiago,Región Metropolitana,7,32511,"Técnico en Automatización, Control automático y similares",TNS en Automatización y Control Industrial,,Diurno,Programa Regular,Tecnología,Técnico Nivel Superior,Ingreso Directo,2015,República,5,Técnico Nivel Sup. en Automatización y Control Industrial,,I162S2C11J1V1,Pregrado,Presencial,Otro objetivo,,INFORMAR_CNED_CON_REVISION,BAJA,VALIDAR MANUALMENTE ANTES DE CARGAR,Solo hay coincidencia difusa de nombre; no se considera match automatico definitivo.,Llave 5: similitud difusa de nombre,Codigo SIES duplicado en listado CNED | Mismo Nombre Programa y mismo Horario repetido en listado CNED | Año Inicio Actividades antiguo sin matricula reciente observada,I162S2C11J1V1,32511,TNS EN AUTOMATIZACION Y CONTROL INDUSTRIAL,DIURNO,PRESENCIAL,PROGRAMA REGULAR,0,0,0,0,12,,NO,SI,,, | TECNICO EN AUTOMATIZACION Y CONTROL INDUSTRIAL | D | 2013 | control/codcarpr_long.tsv | n=1 ||  | TECNICO EN AUTOMATIZACION Y CONTROL INDUSTRIAL | D | 2014 | control/codcarpr_long.tsv | n=1 ||  | TECNICO EN AUTOMATIZACION Y CONTROL INDUSTRIAL | D | 2015 | control/codcarpr_long.tsv | n=1 ||  | TECNICO EN AUTOMATIZACION Y CONTROL INDUSTRIAL | D | 2017 | control/codcarpr_long.tsv | n=1 ||  | TECNICO EN AUTOMATIZACION Y CONTROL INDUSTRIAL | D | 2018 | control/codcarpr_long.tsv | n=1 ||  | TECNICO EN AUTOMATIZACION Y CONTROL INDUSTRIAL | D | 2019 | control/codcarpr_long.tsv | n=1,0.9318181818181818
69,Santiago,Santiago,Región Metropolitana,7,34525,Ingeniería en Computación e Informática y similares,Ingeniería en Informática (P.E.),,Vespertino,Programa Especial,Tecnología,Profesional,Ingreso Directo,2016,República,5,Ingeniero (a) en Informática,,I162S2C1J2V3,Pregrado,Presencial,Continuidad (o articulación) de estudios,,INFORMAR_CNED_CON_TRAZABILIDAD_ALTA,ALTA,CARGAR EN CNED,Codigo SIES/CODIGO_UNICO exacto con evidencia en matricula o archivo listo.,Llave 1: Codigo SIES/CODIGO_UNICO exacto,Programa Especial,I162S2C1J2V3,34525,INGENIERIA EN INFORMATICA P E,VESPERTINO,PRESENCIAL,PROGRAMA ESPECIAL,17,0,0,0,136,I162S2C1J2V4,SI,SI,I162S2C1J2V1 | I162S2C1J2V2 | I162S2C1J2V3 | I162S2C1J2V4 | INGENIERIA EN INFORMATICA | V | 2024 | resultados/archivo_listo_para_sies.xlsx[ARCHIVO_LISTO_SUBIDA] | n=15 || I162S2C1J2V1 | I162S2C1J2V2 | I162S2C1J2V3 | I162S2C1J2V4 | INGENIERIA EN INFORMATICA | V | 2024 | resultados/archivo_listo_para_sies.xlsx[ARCHIVO_LISTO_SUBIDA] | n=101 || I162S2C1J2V1 | I162S2C1J2V2 | I162S2C1J2V3 | I162S2C1J2V4 | INGENIERIA EN INFORMATICA | V | 2025 | resultados/archivo_listo_para_sies.xlsx[ARCHIVO_LISTO_SUBIDA] | n=25 || I162S2C1J2V1 | I162S2C1J2V2 | I162S2C1J2V3 | I162S2C1J2V4 | INGENIERIA EN INFORMATICA | V | 2025 | resultados/archivo_listo_para_sies.xlsx[ARCHIVO_LISTO_SUBIDA] | n=33 || I162S2C1J2V1 | I162S2C1J2V2 | I162S2C1J2V3 | I162S2C1J2V4 | INGENIERIA EN INFORMATICA | V | 2025 | resultados/archivo_listo_para_sies.xlsx[ARCHIVO_LISTO_SUBIDA] | n=64 || I162S2C1J2V1 | I162S2C1J2V2 | I162S2C1J2V3 | I162S2C1J2V4 | INGENIERIA EN INFORMATICA | V | 2025 | resultados/archivo_listo_para_sies.xlsx[ARCHIVO_LISTO_SUBIDA] | n=41,,I162S2C1J2V1 | I162S2C1J2V2 | I162S2C1J2V3 | I162S2C1J2V4 | INGENIERIA EN INFORMATICA | V | 2024 | resultados/archivo_listo_para_sies.xlsx[ARCHIVO_LISTO_SUBIDA] | n=15 ||  | INGENIERIA EN INFORMATICA | V | 2009 | control/gob_codcarpr_anioingreso_long.tsv | n=1 ||  | INGENIERIA EN INFORMATICA | V | 2002 | control/gob_codcarpr_anioingreso_long.tsv | n=1 ||  | INGENIERIA EN INFORMATICA | V | 2003 | control/gob_codcarpr_anioingreso_long.tsv | n=1 ||  | INGENIERIA EN INFORMATICA | V | 2005 | control/gob_codcarpr_anioingreso_long.tsv | n=1 ||  | INGENIERIA EN INFORMATICA | V | 2006 | control/gob_codcarpr_anioingreso_long.tsv | n=1,0.9259259259259259
70,Santiago,Santiago,Región Metropolitana,7,32510,Ingeniería en Computación e Informática y similares,Ingeniería en Informática,,Diurno,Programa Regular,Tecnología,Profesional,Ingreso Directo,2015,República,8,Ingeniería en Informática,,I162S2C1J1V1,Pregrado,Presencial,Otro objetivo,,INFORMAR_CNED_CON_TRAZABILIDAD_ALTA,ALTA,CARGAR EN CNED,Codigo SIES/CODIGO_UNICO exacto con evidencia en matricula o archivo listo.,Llave 1: Codigo SIES/CODIGO_UNICO exacto,Mismo Nombre Programa y mismo Horario repetido en listado CNED,I162S2C1J1V1,32510,INGENIERIA EN INFORMATICA,DIURNO,PRESENCIAL,PROGRAMA REGULAR,14,0,0,10,64,I162S2C1J1V1 | I162S2C1J1V2,SI,SI,I162S2C1J1V1 | I162S2C1J1V2 | INGENIERIA EN INFORMATICA | D | 2024 | resultados/archivo_listo_para_sies.xlsx[ARCHIVO_LISTO_SUBIDA] | n=19 || I162S2C1J1V1 | I162S2C1J1V2 | INGENIERIA EN INFORMATICA | D | 2024 | resultados/archivo_listo_para_sies.xlsx[ARCHIVO_LISTO_SUBIDA] | n=17 || I162S2C1J1V1 | I162S2C1J1V2 | INGENIERIA EN INFORMATICA | D | 2024 | resultados/archivo_listo_para_sies.xlsx[ARCHIVO_LISTO_SUBIDA] | n=114 || I162S2C1J1V1 | I162S2C1J1V2 | INGENIERIA EN INFORMATICA | D | 2025 | resultados/archivo_listo_para_sies.xlsx[ARCHIVO_LISTO_SUBIDA] | n=7 || I162S2C1J1V1 | I162S2C1J1V2 | INGENIERIA EN INFORMATICA | D | 2025 | resultados/archivo_listo_para_sies.xlsx[ARCHIVO_LISTO_SUBIDA] | n=10 || I162S2C1J1V1 | I162S2C1J1V2 | INGENIERIA EN INFORMATICA | D | 2025 | resultados/archivo_listo_para_sies.xlsx[ARCHIVO_LISTO_SUBIDA] | n=32,I162S2C1J1V1 | I162S2C1J1V2 | INGENIERIA EN INFORMATICA | D | 2024 | resultados/archivo_listo_para_sies.xlsx[ARCHIVO_LISTO_SUBIDA] | n=19 || I162S2C1J1V1 | I162S2C1J1V2 | INGENIERIA EN INFORMATICA | D | 2024 | resultados/archivo_listo_para_sies.xlsx[ARCHIVO_LISTO_SUBIDA] | n=17 || I162S2C1J1V1 | I162S2C1J1V2 | INGENIERIA EN INFORMATICA | D | 2024 | resultados/archivo_listo_para_sies.xlsx[ARCHIVO_LISTO_SUBIDA] | n=114 || I162S2C1J1V1 | I162S2C1J1V2 | INGENIERIA EN INFORMATICA | D | 2025 | resultados/archivo_listo_para_sies.xlsx[ARCHIVO_LISTO_SUBIDA] | n=7 || I162S2C1J1V1 | I162S2C1J1V2 | INGENIERIA EN INFORMATICA | D | 2025 | resultados/archivo_listo_para_sies.xlsx[ARCHIVO_LISTO_SUBIDA] | n=10 || I162S2C1J1V1 | I162S2C1J1V2 | INGENIERIA EN INFORMATICA | D | 2025 | resultados/archivo_listo_para_sies.xlsx[ARCHIVO_LISTO_SUBIDA] | n=32,I162S2C1J1V1 | I162S2C1J1V2 | INGENIERIA EN INFORMATICA | D | 2024 | resultados/archivo_listo_para_sies.xlsx[ARCHIVO_LISTO_SUBIDA] | n=19 || I162S2C1J1V1 | I162S2C1J1V2 | INGENIERIA EN INFORMATICA | D | 2024 | resultados/archivo_listo_para_sies.xlsx[ARCHIVO_LISTO_SUBIDA] | n=17 ||  | INGENIERIA EN INFORMATICA | D | 2016 | control/codcarpr_long.tsv | n=1 ||  | INGENIERIA EN INFORMATICA | D | 2017 | control/codcarpr_long.tsv | n=1 ||  | INGENIERIA EN INFORMATICA | D | 2018 | control/codcarpr_long.tsv | n=1 ||  | INGENIERIA EN INFORMATICA | D | 2019 | control/codcarpr_long.tsv | n=1,1.0
71,Santiago,Santiago,Región Metropolitana,7,32515,"Ingeniería en Automatización, Control Industrial y similares",Ingeniería en Automatización y Control Industrial,,Diurno,Programa Regular,Tecnología,Profesional,Ingreso Directo,2015,República,8,Ingeniero en Automatización y Control Industrial,,I162S2C22J1V1,Pregrado,Presencial,Otro objetivo,,INFORMAR_CNED_CON_REVISION,BAJA,VALIDAR MANUALMENTE ANTES DE CARGAR,Solo hay coincidencia difusa de nombre; no se considera match automatico definitivo.,Llave 5: similitud difusa de nombre,Codigo SIES duplicado en listado CNED | Año Inicio Actividades antiguo sin matricula reciente observada,I162S2C22J1V1,32515,INGENIERIA EN AUTOMATIZACION Y CONTROL INDUSTRIAL,DIURNO,PRESENCIAL,PROGRAMA REGULAR,0,0,0,0,18,,NO,SI,,, | INGENIERIA EN AUTOMATIZACION Y CONTROL INDUSTRIAL | D | 2024 | control/codcarpr_long.tsv | n=1 ||  | INGENIERIA EN AUTOMATIZACION Y CONTROL INDUSTRIAL | D | 2014 | control/codcarpr_long.tsv | n=1 ||  | INGENIERIA EN AUTOMATIZACION Y CONTROL INDUSTRIAL | D | 2015 | control/gob_codcarpr_anioingreso_long.tsv | n=1 ||  | INGENIERIA EN AUTOMATIZACION Y CONTROL INDUSTRIAL | D | 2014 | control/gob_codcarpr_anioingreso_long.tsv | n=1 ||  | INGENIERIA EN AUTOMATIZACION Y CONTROL INDUSTRIAL | D | 2024 | control/gob_codcarpr_anioingreso_long.tsv | n=1 ||  | INGENIERIA EN AUTOMATIZACION Y CONTROL INDUSTRIAL | D | 2015 | control/codcarpr_long.tsv | n=1,1.0
72,Santiago,Santiago,Región Metropolitana,7,34541,Ingeniería en Conectividad y Redes,Ingeniería en Conectividad y Redes (P.E.),,Vespertino,Programa Especial,Tecnología,Profesional,Ingreso Directo,2016,República,5,Ingeniero (a) en Conectividad y Redes,,I162S2C3J2V3,Pregrado,Presencial,Continuidad (o articulación) de estudios,,INFORMAR_CNED_CON_TRAZABILIDAD_ALTA,ALTA,CARGAR EN CNED,Codigo SIES/CODIGO_UNICO exacto con evidencia en matricula o archivo listo.,Llave 1: Codigo SIES/CODIGO_UNICO exacto,Programa Especial | Codigo asociado a nombres similares o distintos en fuentes locales,I162S2C3J2V3,34541,INGENIERIA EN CONECTIVIDAD Y REDES P E,VESPERTINO,PRESENCIAL,PROGRAMA ESPECIAL,21,0,0,0,140,I162S2C3J2V3 | I162S2C3J2V4,SI,SI,I162S2C3J2V1 | I162S2C3J2V2 | I162S2C3J2V3 | I162S2C3J2V4 | INGENIERIA EN CONECTIVIDAD Y REDES | V | 2025 | resultados/archivo_listo_para_sies.xlsx[ARCHIVO_LISTO_SUBIDA] | n=11 || I162S2C3J2V1 | I162S2C3J2V2 | I162S2C3J2V3 | I162S2C3J2V4 | INGENIERIA EN CONECTIVIDAD Y REDES | V | 2025 | resultados/archivo_listo_para_sies.xlsx[ARCHIVO_LISTO_SUBIDA] | n=11 || I162S2C3J2V1 | I162S2C3J2V2 | I162S2C3J2V3 | I162S2C3J2V4 | INGENIERIA EN CONECTIVIDAD Y REDES | V | 2025 | resultados/archivo_listo_para_sies.xlsx[ARCHIVO_LISTO_SUBIDA] | n=96 || I162S2C3J2V3 | CONTINUIDAD INGENIERIA CONECTIVIDAD Y REDES | V | 2025 | resultados/archivo_listo_para_sies.xlsx[ARCHIVO_LISTO_SUBIDA] | n=13 || I162S2C3J2V3 | CONTINUIDAD INGENIERIA CONECTIVIDAD Y REDES | V | 2026 | resultados/archivo_listo_para_sies.xlsx[ARCHIVO_LISTO_SUBIDA] | n=4 || I162S2C3J2V1 | I162S2C3J2V2 | I162S2C3J2V3 | I162S2C3J2V4 | INGENIERIA EN CONECTIVIDAD Y REDES | V |  | resultados/archivo_listo_para_sies.xlsx[PUENTE_SIES] | n=1,,I162S2C3J4V1 | I162S2C3J4V2 | INGENIERIA EN CONECTIVIDAD Y REDES |  |  | resultados/archivo_listo_para_sies.xlsx[REVISION_MANUAL] | n=1 ||  | INGENIERIA EN CONECTIVIDAD Y REDES | V | 2009 | control/gob_codcarpr_anioingreso_long.tsv | n=1 ||  | INGENIERIA EN CONECTIVIDAD Y REDES | V | 2024 | control/gob_codcarpr_anioingreso_long.tsv | n=1 ||  | INGENIERIA EN CONECTIVIDAD Y REDES | V | 2025 | control/gob_codcarpr_anioingreso_long.tsv | n=1 ||  | INGENIERIA EN CONECTIVIDAD Y REDES | V | 2026 | control/gob_codcarpr_anioingreso_long.tsv | n=1 ||  | INGENIERIA EN CONECTIVIDAD Y REDES | V | 2004 | control/gob_codcarpr_anioingreso_long.tsv | n=1,0.9444444444444444
73,Santiago,Santiago,Región Metropolitana,7,36743,Técnico en Análisis de Sistemas Informáticos,TNS Análisis de Sistemas,,Otro,Programa Regular,Tecnología,Técnico Nivel Superior,Ingreso Directo,2017,República,6,Técnico Nivel Sup. Análisis de Sistemas,,I162S2C35J4V1,Pregrado,No presencial,Otro objetivo,,NO_INFORMAR_SIN_MATRICULA_O_SIN_EVIDENCIA,BAJA,NO CARGAR SIN NUEVA EVIDENCIA,No aparece evidencia suficiente en las bases revisadas.,Sin coincidencia suficiente,No presencial u Horario Otro | Año Inicio Actividades antiguo sin matricula reciente observada,I162S2C35J4V1,36743,TNS ANALISIS DE SISTEMAS,OTRO,NO PRESENCIAL,PROGRAMA REGULAR,0,0,0,0,0,,NO,NO,,,,
74,Santiago,Santiago,Región Metropolitana,7,36744,Técnico en Administración de Redes Computacionales,TNS en Conectividad y Redes,,Otro,Programa Regular,Tecnología,Técnico Nivel Superior,Ingreso Directo,2017,República,5,Técnico Nivel Sup. en Conectividad y Redes,,I162S2C6J4V2,Pregrado,No presencial,Otro objetivo,,INFORMAR_CNED_CON_TRAZABILIDAD_ALTA,ALTA,CARGAR EN CNED,Codigo SIES/CODIGO_UNICO exacto con evidencia en matricula o archivo listo.,Llave 1: Codigo SIES/CODIGO_UNICO exacto,No presencial u Horario Otro,I162S2C6J4V2,36744,TNS EN CONECTIVIDAD Y REDES,OTRO,NO PRESENCIAL,PROGRAMA REGULAR,20,0,0,0,68,I162S2C6J4V2,SI,SI,I162S2C6J4V2 | TECNICO EN CONECTIVIDAD Y REDES | O | 2017 | resultados/archivo_listo_para_sies.xlsx[ARCHIVO_LISTO_SUBIDA] | n=16 || I162S2C6J4V2 | TECNICO EN CONECTIVIDAD Y REDES | O | 2021 | resultados/archivo_listo_para_sies.xlsx[ARCHIVO_LISTO_SUBIDA] | n=4 || I162S2C6J4V2 | TECNICO EN CONECTIVIDAD Y REDES | O | 2022 | resultados/archivo_listo_para_sies.xlsx[ARCHIVO_LISTO_SUBIDA] | n=17 || I162S2C6J4V2 | TECNICO EN CONECTIVIDAD Y REDES | O | 2023 | resultados/archivo_listo_para_sies.xlsx[ARCHIVO_LISTO_SUBIDA] | n=14 || I162S2C6J4V2 | TECNICO EN CONECTIVIDAD Y REDES | O | 2023 | resultados/archivo_listo_para_sies.xlsx[ARCHIVO_LISTO_SUBIDA] | n=14 || I162S2C6J4V2 | TECNICO EN CONECTIVIDAD Y REDES | O | 2024 | resultados/archivo_listo_para_sies.xlsx[ARCHIVO_LISTO_SUBIDA] | n=46,,I162S2C6J4V2 | TECNICO EN CONECTIVIDAD Y REDES | O | 2017 | resultados/archivo_listo_para_sies.xlsx[ARCHIVO_LISTO_SUBIDA] | n=16 ||  | TECNICO EN CONECTIVIDAD Y REDES | O | 2017 | control/codcarpr_long.tsv | n=1 ||  | TECNICO EN CONECTIVIDAD Y REDES | O | 2023 | control/codcarpr_long.tsv | n=1 ||  | TECNICO EN CONECTIVIDAD Y REDES | O | 2022 | control/codcarpr_long.tsv | n=1 ||  | TECNICO EN CONECTIVIDAD Y REDES | O | 2021 | control/codcarpr_long.tsv | n=1 ||  | TECNICO EN CONECTIVIDAD Y REDES | O | 2020 | control/codcarpr_long.tsv | n=1,0.896551724137931
75,Santiago,Santiago,Región Metropolitana,7,36742,Técnico Programador Computacional,TNS en Programación Computacional,,Otro,Programa Regular,Tecnología,Técnico Nivel Superior,Ingreso Directo,2017,República,5,Técnico Nivel Sup. en Programación Computacional,,I162S2C2J4V1,Pregrado,No presencial,Otro objetivo,,DUPLICADO_O_AMBIGUO,MEDIA,NO CARGAR HASTA RESOLVER AMBIGUEDAD,La llave de codigo encuentra mas de un codigo/candidato en bases locales.,Llave 1: Codigo SIES/CODIGO_UNICO exacto,No presencial u Horario Otro | Año Inicio Actividades antiguo sin matricula reciente observada,I162S2C2J4V1,36742,TNS EN PROGRAMACION COMPUTACIONAL,OTRO,NO PRESENCIAL,PROGRAMA REGULAR,4,0,0,0,16,I162S2C2J4V1 | I162S2C2J4V2,NO,SI,I162S2C2J4V1 | I162S2C2J4V2 | TECNICO EN PROGRAMACION COMPUTACIONAL | O |  | resultados/archivo_listo_para_sies.xlsx[PUENTE_SIES] | n=1 || I162S2C2J4V1 | I162S2C2J4V2 | TECNICO EN PROGRAMACION COMPUTACIONAL | O |  | resultados/archivo_listo_para_sies.xlsx[PUENTE_SIES] | n=1 || I162S2C2J4V1 | I162S2C2J4V2 | TECNICO EN PROGRAMACION COMPUTACIONAL | O |  | control/catalogos/PUENTE_SIES_COMPILADO.tsv | n=1 || I162S2C2J4V1 | I162S2C2J4V2 | TECNICO EN PROGRAMACION COMPUTACIONAL | O |  | control/catalogos/PUENTE_SIES_COMPILADO.tsv | n=1,, | TECNICO EN PROGRAMACION COMPUTACIONAL | O |  | resultados/archivo_listo_para_sies.xlsx[CATALOGO_MANUAL] | n=1 ||  | TECNICO EN PROGRAMACION COMPUTACIONAL | O |  | resultados/archivo_listo_para_sies.xlsx[CATALOGO_MANUAL] | n=1 || I162S2C2J4V1 | I162S2C2J4V2 | TECNICO EN PROGRAMACION COMPUTACIONAL | O |  | resultados/archivo_listo_para_sies.xlsx[PUENTE_SIES] | n=1 || I162S2C2J4V1 | I162S2C2J4V2 | TECNICO EN PROGRAMACION COMPUTACIONAL | O |  | resultados/archivo_listo_para_sies.xlsx[PUENTE_SIES] | n=1 || I162S2C2J4V1 | I162S2C2J4V2 | TECNICO EN PROGRAMACION COMPUTACIONAL | O |  | control/catalogos/PUENTE_SIES_COMPILADO.tsv | n=1 || I162S2C2J4V1 | I162S2C2J4V2 | TECNICO EN PROGRAMACION COMPUTACIONAL | O |  | control/catalogos/PUENTE_SIES_COMPILADO.tsv | n=1,0.9142857142857143
76,Santiago,Santiago,Región Metropolitana,7,51507,Ingeniería en Logística y similares,Ingeniería en Logística,,Diurno,Programa Regular,Tecnología,Profesional,Ingreso Directo,2024,,8,Ingeniero en Logística,,I162S2C77J1V1,Pregrado,Presencial,Otro objetivo,,INFORMAR_CNED_CON_REVISION,MEDIA,VALIDAR MANUALMENTE ANTES DE CARGAR,"Codigo exacto aparece en oferta/catalogo/puente, pero sin matricula observada en las bases usadas.",Llave 1: Codigo SIES/CODIGO_UNICO exacto,,I162S2C77J1V1,51507,INGENIERIA EN LOGISTICA,DIURNO,PRESENCIAL,PROGRAMA REGULAR,2,0,0,0,12,I162S2C77J1V1,NO,SI,I162S2C77J1V1 | INGENIERIA EN LOGISTICA | D |  | resultados/archivo_listo_para_sies.xlsx[PUENTE_SIES] | n=1 || I162S2C77J1V1 | INGENIERIA EN LOGISTICA | D |  | control/catalogos/PUENTE_SIES_COMPILADO.tsv | n=1,, | INGENIERIA EN LOGISTICA | D |  | resultados/archivo_listo_para_sies.xlsx[CATALOGO_MANUAL] | n=1 || I162S2C77J1V1 | INGENIERIA EN LOGISTICA | D |  | resultados/archivo_listo_para_sies.xlsx[PUENTE_SIES] | n=1 ||  | INGENIERIA EN LOGISTICA |  | 2024 | resultados/archivo_listo_para_sies.xlsx[AUDITORIA_CONSOLIDACION] | n=89 ||  | INGENIERIA EN LOGISTICA |  | 2025 | resultados/archivo_listo_para_sies.xlsx[AUDITORIA_CONSOLIDACION] | n=11 ||  | INGENIERIA EN LOGISTICA |  | 2025 | resultados/archivo_listo_para_sies.xlsx[AUDITORIA_CONSOLIDACION] | n=745 ||  | INGENIERIA EN LOGISTICA |  | 2026 | resultados/archivo_listo_para_sies.xlsx[AUDITORIA_CONSOLIDACION] | n=13,1.0
77,Santiago,Santiago,Región Metropolitana,7,51508,Ingeniería en Logística y similares,Ingeniería en Logística,,Vespertino,Programa Regular,Tecnología,Profesional,Ingreso Directo,2024,,8,Ingeniero en Logística,,I162S2C77J2V1,Pregrado,Presencial,Otro objetivo,,INFORMAR_CNED_CON_TRAZABILIDAD_ALTA,ALTA,CARGAR EN CNED,Codigo SIES/CODIGO_UNICO exacto con evidencia en matricula o archivo listo.,Llave 1: Codigo SIES/CODIGO_UNICO exacto,,I162S2C77J2V1,51508,INGENIERIA EN LOGISTICA,VESPERTINO,PRESENCIAL,PROGRAMA REGULAR,9,0,1,7,22,I162S2C77J2V1,SI,SI,I162S2C77J2V1 | INGENIERIA EN LOGISTICA | V | 2024 | resultados/archivo_listo_para_sies.xlsx[ARCHIVO_LISTO_SUBIDA] | n=16 || I162S2C77J2V1 | INGENIERIA EN LOGISTICA | V | 2025 | resultados/archivo_listo_para_sies.xlsx[ARCHIVO_LISTO_SUBIDA] | n=20 || I162S2C77J2V1 | INGENIERIA EN LOGISTICA | V | 2025 | resultados/archivo_listo_para_sies.xlsx[ARCHIVO_LISTO_SUBIDA] | n=17 || I162S2C77J2V1 | INGENIERIA EN LOGISTICA | V | 2025 | resultados/archivo_listo_para_sies.xlsx[ARCHIVO_LISTO_SUBIDA] | n=64 || I162S2C77J2V1 | INGENIERIA EN LOGISTICA | V | 2026 | resultados/archivo_listo_para_sies.xlsx[ARCHIVO_LISTO_SUBIDA] | n=25 || I162S2C77J2V1 | INGENIERIA EN LOGISTICA | V | 2026 | resultados/archivo_listo_para_sies.xlsx[ARCHIVO_LISTO_SUBIDA] | n=43,I162S2C77J2V1 | INGENIERIA EN LOGISTICA | V | 2024 | resultados/archivo_listo_para_sies.xlsx[ARCHIVO_LISTO_SUBIDA] | n=16 || I162S2C77J2V1 | INGENIERIA EN LOGISTICA | V | 2025 | resultados/archivo_listo_para_sies.xlsx[ARCHIVO_LISTO_SUBIDA] | n=20 || I162S2C77J2V1 | INGENIERIA EN LOGISTICA | V | 2025 | resultados/archivo_listo_para_sies.xlsx[ARCHIVO_LISTO_SUBIDA] | n=17 || I162S2C77J2V1 | INGENIERIA EN LOGISTICA | V | 2025 | resultados/archivo_listo_para_sies.xlsx[ARCHIVO_LISTO_SUBIDA] | n=64 || I162S2C77J2V1 | INGENIERIA EN LOGISTICA | V | 2026 | resultados/archivo_listo_para_sies.xlsx[ARCHIVO_LISTO_SUBIDA] | n=25 || I162S2C77J2V1 | INGENIERIA EN LOGISTICA | V | 2026 | resultados/archivo_listo_para_sies.xlsx[ARCHIVO_LISTO_SUBIDA] | n=43,I162S2C77J2V1 | INGENIERIA EN LOGISTICA | V | 2024 | resultados/archivo_listo_para_sies.xlsx[ARCHIVO_LISTO_SUBIDA] | n=16 || I162S2C77J2V1 | INGENIERIA EN LOGISTICA | V | 2025 | resultados/archivo_listo_para_sies.xlsx[ARCHIVO_LISTO_SUBIDA] | n=20 ||  | INGENIERIA EN LOGISTICA | V | 2025 | control/gob_codcarpr_anioingreso_long.tsv | n=1 ||  | INGENIERIA EN LOGISTICA | V | 2024 | control/gob_codcarpr_anioingreso_long.tsv | n=1 ||  | INGENIERIA EN LOGISTICA | V | 2026 | control/codcarpr_long.tsv | n=1 ||  | INGENIERIA EN LOGISTICA | V | 2025 | control/codcarpr_long.tsv | n=1,1.0
78,Santiago,Santiago,Región Metropolitana,7,51509,Ingeniería en Logística y similares,Ingeniería en Logística,,Otro,Programa Regular,Tecnología,Profesional,Ingreso Directo,2024,,8,Ingeniero en Logística,,I162S2C77J4V1,Pregrado,No presencial,Otro objetivo,,INFORMAR_CNED_CON_TRAZABILIDAD_ALTA,ALTA,CARGAR EN CNED,Codigo SIES/CODIGO_UNICO exacto con evidencia en matricula o archivo listo.,Llave 1: Codigo SIES/CODIGO_UNICO exacto,No presencial u Horario Otro | Codigo asociado a nombres similares o distintos en fuentes locales,I162S2C77J4V1,51509,INGENIERIA EN LOGISTICA,OTRO,NO PRESENCIAL,PROGRAMA REGULAR,21,0,2,10,28,I162S2C77J4V1 | I162S2C77J4V2,SI,SI,I162S2C77J4V1 | INGENIERIA EN LOGISTICA | O | 2024 | resultados/archivo_listo_para_sies.xlsx[ARCHIVO_LISTO_SUBIDA] | n=14 || I162S2C77J4V1 | INGENIERIA EN LOGISTICA | O | 2024 | resultados/archivo_listo_para_sies.xlsx[ARCHIVO_LISTO_SUBIDA] | n=65 || I162S2C77J4V1 | INGENIERIA EN LOGISTICA | O | 2025 | resultados/archivo_listo_para_sies.xlsx[ARCHIVO_LISTO_SUBIDA] | n=1 || I162S2C77J4V1 | INGENIERIA EN LOGISTICA | O | 2025 | resultados/archivo_listo_para_sies.xlsx[ARCHIVO_LISTO_SUBIDA] | n=80 || I162S2C77J4V1 | INGENIERIA EN LOGISTICA | O | 2025 | resultados/archivo_listo_para_sies.xlsx[ARCHIVO_LISTO_SUBIDA] | n=295 || I162S2C77J4V1 | INGENIERIA EN LOGISTICA | O | 2025 | resultados/archivo_listo_para_sies.xlsx[ARCHIVO_LISTO_SUBIDA] | n=12,I162S2C77J4V1 | INGENIERIA EN LOGISTICA | O | 2024 | resultados/archivo_listo_para_sies.xlsx[ARCHIVO_LISTO_SUBIDA] | n=14 || I162S2C77J4V1 | INGENIERIA EN LOGISTICA | O | 2024 | resultados/archivo_listo_para_sies.xlsx[ARCHIVO_LISTO_SUBIDA] | n=65 || I162S2C77J4V1 | INGENIERIA EN LOGISTICA | O | 2025 | resultados/archivo_listo_para_sies.xlsx[ARCHIVO_LISTO_SUBIDA] | n=1 || I162S2C77J4V1 | INGENIERIA EN LOGISTICA | O | 2025 | resultados/archivo_listo_para_sies.xlsx[ARCHIVO_LISTO_SUBIDA] | n=80 || I162S2C77J4V1 | INGENIERIA EN LOGISTICA | O | 2025 | resultados/archivo_listo_para_sies.xlsx[ARCHIVO_LISTO_SUBIDA] | n=295 || I162S2C77J4V1 | INGENIERIA EN LOGISTICA | O | 2025 | resultados/archivo_listo_para_sies.xlsx[ARCHIVO_LISTO_SUBIDA] | n=12,I162S2C77J4V1 | INGENIERIA EN LOGISTICA | O | 2024 | resultados/archivo_listo_para_sies.xlsx[ARCHIVO_LISTO_SUBIDA] | n=14 || I162S2C77J4V1 | INGENIERIA EN LOGISTICA | O | 2024 | resultados/archivo_listo_para_sies.xlsx[ARCHIVO_LISTO_SUBIDA] | n=65 ||  | INGENIERIA EN LOGISTICA | O | 2025 | control/gob_codcarpr_anioingreso_long.tsv | n=1 ||  | INGENIERIA EN LOGISTICA | O | 2024 | control/gob_codcarpr_anioingreso_long.tsv | n=1 ||  | INGENIERIA EN LOGISTICA | O | 2026 | control/codcarpr_long.tsv | n=1 ||  | INGENIERIA EN LOGISTICA | O | 2025 | control/codcarpr_long.tsv | n=1,1.0
79,Santiago,Santiago,Región Metropolitana,7,51511,Técnico en Logística y similares,TNS en Logística,,Diurno,Programa Regular,Tecnología,Técnico Nivel Superior,Ingreso Directo,2024,,5,Técnico Nivel Sup. en Logística,,I162S2C79J1V1,Pregrado,Presencial,Otro objetivo,,INFORMAR_CNED_CON_REVISION,MEDIA,VALIDAR MANUALMENTE ANTES DE CARGAR,"Codigo exacto aparece en oferta/catalogo/puente, pero sin matricula observada en las bases usadas.",Llave 1: Codigo SIES/CODIGO_UNICO exacto,,I162S2C79J1V1,51511,TNS EN LOGISTICA,DIURNO,PRESENCIAL,PROGRAMA REGULAR,2,0,0,0,0,I162S2C79J1V1,NO,SI,I162S2C79J1V1 | TECNICO EN LOGISTICA | D |  | resultados/archivo_listo_para_sies.xlsx[PUENTE_SIES] | n=1 || I162S2C79J1V1 | TECNICO EN LOGISTICA | D |  | control/catalogos/PUENTE_SIES_COMPILADO.tsv | n=1,,,
