CODIGO_UNICO,FILA_ORIGEN,COLUMNA,VALOR_ACTUAL,VALOR_PROPUESTO,FUENTE_PROPUESTA,TIPO_REGLA,CONFIANZA,DICTAMEN_CELDA,OBSERVACION
I162S2C101J4V1,2,Mención o Especialidad,REVISAR,,SIN_FUENTE_EXPLICITA_EN_BASES_ACTUALES,SIN_FUENTE,NULA,REVISAR_CORRECTO_SIN_FUENTE,SIN_FUENTE_EXPLICITA_EN_BASES_ACTUALES
I162S2C101J4V1,2,Área del Conocimiento,REVISAR,8,DICCIONARIO.AREA_ACTUAL,REGLA_CONDICIONAL,MEDIA,COMPLETABLE_POR_REGLA_CONDICIONAL,Existe código técnico; falta confirmar formato/etiqueta final aceptada por formulario.
I162S2C101J4V1,2,Sub Área,REVISAR,,SIN_TABLA_OFICIAL_DE_EQUIVALENCIA_AREA,SIN_FUENTE,NULA,REVISAR_CORRECTO_SIN_FUENTE,SIN_TABLA_OFICIAL_DE_EQUIVALENCIA_AREA
I162S2C101J4V1,2,Carrera Genérica,REVISAR,,SIN_TABLA_OFICIAL_DE_EQUIVALENCIA_AREA,SIN_FUENTE,NULA,REVISAR_CORRECTO_SIN_FUENTE,SIN_TABLA_OFICIAL_DE_EQUIVALENCIA_AREA
I162S2C101J4V1,2,Grado Académico que otorga el programa,REVISAR,,SIN_FUENTE_EXPLICITA_EN_BASES_ACTUALES,SIN_FUENTE,NULA,REVISAR_CORRECTO_SIN_FUENTE,SIN_FUENTE_EXPLICITA_EN_BASES_ACTUALES
I162S2C101J4V1,2,Dependencia,REVISAR,,SIN_FUENTE_EXPLICITA_EN_BASES_ACTUALES,SIN_FUENTE,NULA,REVISAR_CORRECTO_SIN_FUENTE,SIN_FUENTE_EXPLICITA_EN_BASES_ACTUALES
I162S2C101J4V1,2,Régimen,REVISAR,1,DICCIONARIO.REGIMEN,REGLA_CONDICIONAL,MEDIA,COMPLETABLE_POR_REGLA_CONDICIONAL,Existe código técnico; falta confirmar formato/etiqueta final aceptada por formulario.
I162S2C101J4V1,2,Ingreso Directo,REVISAR,2,DICCIONARIO.REQUISITO_INGRESO,REGLA_CONDICIONAL,MEDIA,COMPLETABLE_POR_REGLA_CONDICIONAL,Existe código técnico; falta confirmar formato/etiqueta final aceptada por formulario.
I162S2C101J4V1,2,Ingreso desde un plan Común,REVISAR,,SIN_FUENTE_EXPLICITA_EN_BASES_ACTUALES,SIN_FUENTE,NULA,REVISAR_CORRECTO_SIN_FUENTE,SIN_FUENTE_EXPLICITA_EN_BASES_ACTUALES
I162S2C101J4V1,2,Ingreso desde Bachillerato,REVISAR,,SIN_FUENTE_EXPLICITA_EN_BASES_ACTUALES,SIN_FUENTE,NULA,REVISAR_CORRECTO_SIN_FUENTE,SIN_FUENTE_EXPLICITA_EN_BASES_ACTUALES
I162S2C101J4V1,2,Otro Tipo de Ingreso,REVISAR,,SIN_FUENTE_EXPLICITA_EN_BASES_ACTUALES,SIN_FUENTE,NULA,REVISAR_CORRECTO_SIN_FUENTE,SIN_FUENTE_EXPLICITA_EN_BASES_ACTUALES
I162S2C101J4V1,2,Ingreso otro,REVISAR,,SIN_FUENTE_EXPLICITA_EN_BASES_ACTUALES,SIN_FUENTE,NULA,REVISAR_CORRECTO_SIN_FUENTE,SIN_FUENTE_EXPLICITA_EN_BASES_ACTUALES
I162S2C101J4V1,2,FECHA_ADMISION_INICIAL,REVISAR,,SIN_FUENTE_ARANCELARIA_EN_BASES_ACTUALES,SIN_FUENTE,NULA,REVISAR_CORRECTO_SIN_FUENTE,SIN_FUENTE_ARANCELARIA_EN_BASES_ACTUALES
I162S2C101J4V1,2,MALLA_CURRICULAR,REVISAR,,SIN_FUENTE_ARANCELARIA_EN_BASES_ACTUALES,SIN_FUENTE,NULA,REVISAR_CORRECTO_SIN_FUENTE,SIN_FUENTE_ARANCELARIA_EN_BASES_ACTUALES
I162S2C101J4V1,2,PERFIL_EGRESO,REVISAR,,SIN_FUENTE_ARANCELARIA_EN_BASES_ACTUALES,SIN_FUENTE,NULA,REVISAR_CORRECTO_SIN_FUENTE,SIN_FUENTE_ARANCELARIA_EN_BASES_ACTUALES
I162S2C101J4V1,2,TEXTO_REQUISITO_INGRESO,REVISAR,,SIN_FUENTE_EXPLICITA_EN_BASES_ACTUALES,SIN_FUENTE,NULA,REVISAR_CORRECTO_SIN_FUENTE,SIN_FUENTE_EXPLICITA_EN_BASES_ACTUALES
I162S2C101J4V1,2,LICENCIA_ENS_MEDIA,REVISAR,,SIN_FUENTE_EXPLICITA_EN_BASES_ACTUALES,SIN_FUENTE,NULA,REVISAR_CORRECTO_SIN_FUENTE,SIN_FUENTE_EXPLICITA_EN_BASES_ACTUALES
I162S2C101J4V1,2,NOTAS_ENS_MEDIA,REVISAR,,SIN_FUENTE_EXPLICITA_EN_BASES_ACTUALES,SIN_FUENTE,NULA,REVISAR_CORRECTO_SIN_FUENTE,SIN_FUENTE_EXPLICITA_EN_BASES_ACTUALES
I162S2C101J4V1,2,PROMEDIO_MIN_ENS_MEDIA,REVISAR,,SIN_FUENTE_EXPLICITA_EN_BASES_ACTUALES,SIN_FUENTE,NULA,REVISAR_CORRECTO_SIN_FUENTE,SIN_FUENTE_EXPLICITA_EN_BASES_ACTUALES
I162S2C101J4V1,2,RECONOCIMIENTOS_APREN_PREVIOS,REVISAR,,SIN_FUENTE_EXPLICITA_EN_BASES_ACTUALES,SIN_FUENTE,NULA,REVISAR_CORRECTO_SIN_FUENTE,SIN_FUENTE_EXPLICITA_EN_BASES_ACTUALES
I162S2C101J4V1,2,EXPERIENCIA_LABORAL,REVISAR,,SIN_FUENTE_EXPLICITA_EN_BASES_ACTUALES,SIN_FUENTE,NULA,REVISAR_CORRECTO_SIN_FUENTE,SIN_FUENTE_EXPLICITA_EN_BASES_ACTUALES
I162S2C101J4V1,2,OTROS_REQUISITOS,REVISAR,,SIN_FUENTE_EXPLICITA_EN_BASES_ACTUALES,SIN_FUENTE,NULA,REVISAR_CORRECTO_SIN_FUENTE,SIN_FUENTE_EXPLICITA_EN_BASES_ACTUALES
I162S2C101J4V1,2,MAIL_DIFUSION_CARRERA,REVISAR,,SIN_FUENTE_ARANCELARIA_EN_BASES_ACTUALES,SIN_FUENTE,NULA,REVISAR_CORRECTO_SIN_FUENTE,SIN_FUENTE_ARANCELARIA_EN_BASES_ACTUALES
I162S2C101J4V1,2,FORMATO_VALOR,REVISAR,,SIN_FUENTE_ARANCELARIA_EN_BASES_ACTUALES,SIN_FUENTE,NULA,REVISAR_CORRECTO_SIN_FUENTE,SIN_FUENTE_ARANCELARIA_EN_BASES_ACTUALES
I162S2C101J4V1,2,VALOR_MATRICULA_ANUAL,REVISAR,,SIN_FUENTE_ARANCELARIA_EN_BASES_ACTUALES,SIN_FUENTE,NULA,REVISAR_CORRECTO_SIN_FUENTE,SIN_FUENTE_ARANCELARIA_EN_BASES_ACTUALES
I162S2C101J4V1,2,COSTO_TITULACION,REVISAR,,SIN_FUENTE_ARANCELARIA_EN_BASES_ACTUALES,SIN_FUENTE,NULA,REVISAR_CORRECTO_SIN_FUENTE,SIN_FUENTE_ARANCELARIA_EN_BASES_ACTUALES
I162S2C101J4V1,2,VALOR_CERTIFICADO_DIPLOMA,REVISAR,,SIN_FUENTE_ARANCELARIA_EN_BASES_ACTUALES,SIN_FUENTE,NULA,REVISAR_CORRECTO_SIN_FUENTE,SIN_FUENTE_ARANCELARIA_EN_BASES_ACTUALES
I162S2C101J4V1,2,ARANCEL_ANUAL,REVISAR,,SIN_FUENTE_ARANCELARIA_EN_BASES_ACTUALES,SIN_FUENTE,NULA,REVISAR_CORRECTO_SIN_FUENTE,SIN_FUENTE_ARANCELARIA_EN_BASES_ACTUALES
I162S2C101J4V1,2,VIGENCIA_CARRERA,REVISAR,,SIN_FUENTE_EXPLICITA_EN_BASES_ACTUALES,SIN_FUENTE,NULA,REVISAR_CORRECTO_SIN_FUENTE,SIN_FUENTE_EXPLICITA_EN_BASES_ACTUALES
I162S2C102J4V1,3,Mención o Especialidad,REVISAR,,SIN_FUENTE_EXPLICITA_EN_BASES_ACTUALES,SIN_FUENTE,NULA,REVISAR_CORRECTO_SIN_FUENTE,SIN_FUENTE_EXPLICITA_EN_BASES_ACTUALES
I162S2C102J4V1,3,Área del Conocimiento,REVISAR,8,DICCIONARIO.AREA_ACTUAL,REGLA_CONDICIONAL,MEDIA,COMPLETABLE_POR_REGLA_CONDICIONAL,Existe código técnico; falta confirmar formato/etiqueta final aceptada por formulario.
I162S2C102J4V1,3,Sub Área,REVISAR,,SIN_TABLA_OFICIAL_DE_EQUIVALENCIA_AREA,SIN_FUENTE,NULA,REVISAR_CORRECTO_SIN_FUENTE,SIN_TABLA_OFICIAL_DE_EQUIVALENCIA_AREA
I162S2C102J4V1,3,Carrera Genérica,REVISAR,,SIN_TABLA_OFICIAL_DE_EQUIVALENCIA_AREA,SIN_FUENTE,NULA,REVISAR_CORRECTO_SIN_FUENTE,SIN_TABLA_OFICIAL_DE_EQUIVALENCIA_AREA
I162S2C102J4V1,3,Grado Académico que otorga el programa,REVISAR,,SIN_FUENTE_EXPLICITA_EN_BASES_ACTUALES,SIN_FUENTE,NULA,REVISAR_CORRECTO_SIN_FUENTE,SIN_FUENTE_EXPLICITA_EN_BASES_ACTUALES
I162S2C102J4V1,3,Dependencia,REVISAR,,SIN_FUENTE_EXPLICITA_EN_BASES_ACTUALES,SIN_FUENTE,NULA,REVISAR_CORRECTO_SIN_FUENTE,SIN_FUENTE_EXPLICITA_EN_BASES_ACTUALES
I162S2C102J4V1,3,Régimen,REVISAR,1,DICCIONARIO.REGIMEN,REGLA_CONDICIONAL,MEDIA,COMPLETABLE_POR_REGLA_CONDICIONAL,Existe código técnico; falta confirmar formato/etiqueta final aceptada por formulario.
I162S2C102J4V1,3,Ingreso Directo,REVISAR,2,DICCIONARIO.REQUISITO_INGRESO,REGLA_CONDICIONAL,MEDIA,COMPLETABLE_POR_REGLA_CONDICIONAL,Existe código técnico; falta confirmar formato/etiqueta final aceptada por formulario.
I162S2C102J4V1,3,Ingreso desde un plan Común,REVISAR,,SIN_FUENTE_EXPLICITA_EN_BASES_ACTUALES,SIN_FUENTE,NULA,REVISAR_CORRECTO_SIN_FUENTE,SIN_FUENTE_EXPLICITA_EN_BASES_ACTUALES
I162S2C102J4V1,3,Ingreso desde Bachillerato,REVISAR,,SIN_FUENTE_EXPLICITA_EN_BASES_ACTUALES,SIN_FUENTE,NULA,REVISAR_CORRECTO_SIN_FUENTE,SIN_FUENTE_EXPLICITA_EN_BASES_ACTUALES
I162S2C102J4V1,3,Otro Tipo de Ingreso,REVISAR,,SIN_FUENTE_EXPLICITA_EN_BASES_ACTUALES,SIN_FUENTE,NULA,REVISAR_CORRECTO_SIN_FUENTE,SIN_FUENTE_EXPLICITA_EN_BASES_ACTUALES
I162S2C102J4V1,3,Ingreso otro,REVISAR,,SIN_FUENTE_EXPLICITA_EN_BASES_ACTUALES,SIN_FUENTE,NULA,REVISAR_CORRECTO_SIN_FUENTE,SIN_FUENTE_EXPLICITA_EN_BASES_ACTUALES
I162S2C102J4V1,3,FECHA_ADMISION_INICIAL,REVISAR,,SIN_FUENTE_ARANCELARIA_EN_BASES_ACTUALES,SIN_FUENTE,NULA,REVISAR_CORRECTO_SIN_FUENTE,SIN_FUENTE_ARANCELARIA_EN_BASES_ACTUALES
I162S2C102J4V1,3,MALLA_CURRICULAR,REVISAR,,SIN_FUENTE_ARANCELARIA_EN_BASES_ACTUALES,SIN_FUENTE,NULA,REVISAR_CORRECTO_SIN_FUENTE,SIN_FUENTE_ARANCELARIA_EN_BASES_ACTUALES
I162S2C102J4V1,3,PERFIL_EGRESO,REVISAR,,SIN_FUENTE_ARANCELARIA_EN_BASES_ACTUALES,SIN_FUENTE,NULA,REVISAR_CORRECTO_SIN_FUENTE,SIN_FUENTE_ARANCELARIA_EN_BASES_ACTUALES
I162S2C102J4V1,3,TEXTO_REQUISITO_INGRESO,REVISAR,,SIN_FUENTE_EXPLICITA_EN_BASES_ACTUALES,SIN_FUENTE,NULA,REVISAR_CORRECTO_SIN_FUENTE,SIN_FUENTE_EXPLICITA_EN_BASES_ACTUALES
I162S2C102J4V1,3,LICENCIA_ENS_MEDIA,REVISAR,,SIN_FUENTE_EXPLICITA_EN_BASES_ACTUALES,SIN_FUENTE,NULA,REVISAR_CORRECTO_SIN_FUENTE,SIN_FUENTE_EXPLICITA_EN_BASES_ACTUALES
I162S2C102J4V1,3,NOTAS_ENS_MEDIA,REVISAR,,SIN_FUENTE_EXPLICITA_EN_BASES_ACTUALES,SIN_FUENTE,NULA,REVISAR_CORRECTO_SIN_FUENTE,SIN_FUENTE_EXPLICITA_EN_BASES_ACTUALES
I162S2C102J4V1,3,PROMEDIO_MIN_ENS_MEDIA,REVISAR,,SIN_FUENTE_EXPLICITA_EN_BASES_ACTUALES,SIN_FUENTE,NULA,REVISAR_CORRECTO_SIN_FUENTE,SIN_FUENTE_EXPLICITA_EN_BASES_ACTUALES
I162S2C102J4V1,3,RECONOCIMIENTOS_APREN_PREVIOS,REVISAR,,SIN_FUENTE_EXPLICITA_EN_BASES_ACTUALES,SIN_FUENTE,NULA,REVISAR_CORRECTO_SIN_FUENTE,SIN_FUENTE_EXPLICITA_EN_BASES_ACTUALES
I162S2C102J4V1,3,EXPERIENCIA_LABORAL,REVISAR,,SIN_FUENTE_EXPLICITA_EN_BASES_ACTUALES,SIN_FUENTE,NULA,REVISAR_CORRECTO_SIN_FUENTE,SIN_FUENTE_EXPLICITA_EN_BASES_ACTUALES
I162S2C102J4V1,3,OTROS_REQUISITOS,REVISAR,,SIN_FUENTE_EXPLICITA_EN_BASES_ACTUALES,SIN_FUENTE,NULA,REVISAR_CORRECTO_SIN_FUENTE,SIN_FUENTE_EXPLICITA_EN_BASES_ACTUALES
I162S2C102J4V1,3,MAIL_DIFUSION_CARRERA,REVISAR,,SIN_FUENTE_ARANCELARIA_EN_BASES_ACTUALES,SIN_FUENTE,NULA,REVISAR_CORRECTO_SIN_FUENTE,SIN_FUENTE_ARANCELARIA_EN_BASES_ACTUALES
I162S2C102J4V1,3,FORMATO_VALOR,REVISAR,,SIN_FUENTE_ARANCELARIA_EN_BASES_ACTUALES,SIN_FUENTE,NULA,REVISAR_CORRECTO_SIN_FUENTE,SIN_FUENTE_ARANCELARIA_EN_BASES_ACTUALES
I162S2C102J4V1,3,VALOR_MATRICULA_ANUAL,REVISAR,,SIN_FUENTE_ARANCELARIA_EN_BASES_ACTUALES,SIN_FUENTE,NULA,REVISAR_CORRECTO_SIN_FUENTE,SIN_FUENTE_ARANCELARIA_EN_BASES_ACTUALES
I162S2C102J4V1,3,COSTO_TITULACION,REVISAR,,SIN_FUENTE_ARANCELARIA_EN_BASES_ACTUALES,SIN_FUENTE,NULA,REVISAR_CORRECTO_SIN_FUENTE,SIN_FUENTE_ARANCELARIA_EN_BASES_ACTUALES
I162S2C102J4V1,3,VALOR_CERTIFICADO_DIPLOMA,REVISAR,,SIN_FUENTE_ARANCELARIA_EN_BASES_ACTUALES,SIN_FUENTE,NULA,REVISAR_CORRECTO_SIN_FUENTE,SIN_FUENTE_ARANCELARIA_EN_BASES_ACTUALES
I162S2C102J4V1,3,ARANCEL_ANUAL,REVISAR,,SIN_FUENTE_ARANCELARIA_EN_BASES_ACTUALES,SIN_FUENTE,NULA,REVISAR_CORRECTO_SIN_FUENTE,SIN_FUENTE_ARANCELARIA_EN_BASES_ACTUALES
I162S2C102J4V1,3,VIGENCIA_CARRERA,REVISAR,,SIN_FUENTE_EXPLICITA_EN_BASES_ACTUALES,SIN_FUENTE,NULA,REVISAR_CORRECTO_SIN_FUENTE,SIN_FUENTE_EXPLICITA_EN_BASES_ACTUALES
I162S2C103J4V1,4,Mención o Especialidad,REVISAR,,SIN_FUENTE_EXPLICITA_EN_BASES_ACTUALES,SIN_FUENTE,NULA,REVISAR_CORRECTO_SIN_FUENTE,SIN_FUENTE_EXPLICITA_EN_BASES_ACTUALES
I162S2C103J4V1,4,Área del Conocimiento,REVISAR,8,DICCIONARIO.AREA_ACTUAL,REGLA_CONDICIONAL,MEDIA,COMPLETABLE_POR_REGLA_CONDICIONAL,Existe código técnico; falta confirmar formato/etiqueta final aceptada por formulario.
I162S2C103J4V1,4,Sub Área,REVISAR,,SIN_TABLA_OFICIAL_DE_EQUIVALENCIA_AREA,SIN_FUENTE,NULA,REVISAR_CORRECTO_SIN_FUENTE,SIN_TABLA_OFICIAL_DE_EQUIVALENCIA_AREA
I162S2C103J4V1,4,Carrera Genérica,REVISAR,,SIN_TABLA_OFICIAL_DE_EQUIVALENCIA_AREA,SIN_FUENTE,NULA,REVISAR_CORRECTO_SIN_FUENTE,SIN_TABLA_OFICIAL_DE_EQUIVALENCIA_AREA
I162S2C103J4V1,4,Grado Académico que otorga el programa,REVISAR,,SIN_FUENTE_EXPLICITA_EN_BASES_ACTUALES,SIN_FUENTE,NULA,REVISAR_CORRECTO_SIN_FUENTE,SIN_FUENTE_EXPLICITA_EN_BASES_ACTUALES
I162S2C103J4V1,4,Dependencia,REVISAR,,SIN_FUENTE_EXPLICITA_EN_BASES_ACTUALES,SIN_FUENTE,NULA,REVISAR_CORRECTO_SIN_FUENTE,SIN_FUENTE_EXPLICITA_EN_BASES_ACTUALES
I162S2C103J4V1,4,Régimen,REVISAR,1,DICCIONARIO.REGIMEN,REGLA_CONDICIONAL,MEDIA,COMPLETABLE_POR_REGLA_CONDICIONAL,Existe código técnico; falta confirmar formato/etiqueta final aceptada por formulario.
I162S2C103J4V1,4,Ingreso Directo,REVISAR,2,DICCIONARIO.REQUISITO_INGRESO,REGLA_CONDICIONAL,MEDIA,COMPLETABLE_POR_REGLA_CONDICIONAL,Existe código técnico; falta confirmar formato/etiqueta final aceptada por formulario.
I162S2C103J4V1,4,Ingreso desde un plan Común,REVISAR,,SIN_FUENTE_EXPLICITA_EN_BASES_ACTUALES,SIN_FUENTE,NULA,REVISAR_CORRECTO_SIN_FUENTE,SIN_FUENTE_EXPLICITA_EN_BASES_ACTUALES
I162S2C103J4V1,4,Ingreso desde Bachillerato,REVISAR,,SIN_FUENTE_EXPLICITA_EN_BASES_ACTUALES,SIN_FUENTE,NULA,REVISAR_CORRECTO_SIN_FUENTE,SIN_FUENTE_EXPLICITA_EN_BASES_ACTUALES
I162S2C103J4V1,4,Otro Tipo de Ingreso,REVISAR,,SIN_FUENTE_EXPLICITA_EN_BASES_ACTUALES,SIN_FUENTE,NULA,REVISAR_CORRECTO_SIN_FUENTE,SIN_FUENTE_EXPLICITA_EN_BASES_ACTUALES
I162S2C103J4V1,4,Ingreso otro,REVISAR,,SIN_FUENTE_EXPLICITA_EN_BASES_ACTUALES,SIN_FUENTE,NULA,REVISAR_CORRECTO_SIN_FUENTE,SIN_FUENTE_EXPLICITA_EN_BASES_ACTUALES
I162S2C103J4V1,4,FECHA_ADMISION_INICIAL,REVISAR,,SIN_FUENTE_ARANCELARIA_EN_BASES_ACTUALES,SIN_FUENTE,NULA,REVISAR_CORRECTO_SIN_FUENTE,SIN_FUENTE_ARANCELARIA_EN_BASES_ACTUALES
I162S2C103J4V1,4,MALLA_CURRICULAR,REVISAR,,SIN_FUENTE_ARANCELARIA_EN_BASES_ACTUALES,SIN_FUENTE,NULA,REVISAR_CORRECTO_SIN_FUENTE,SIN_FUENTE_ARANCELARIA_EN_BASES_ACTUALES
I162S2C103J4V1,4,PERFIL_EGRESO,REVISAR,,SIN_FUENTE_ARANCELARIA_EN_BASES_ACTUALES,SIN_FUENTE,NULA,REVISAR_CORRECTO_SIN_FUENTE,SIN_FUENTE_ARANCELARIA_EN_BASES_ACTUALES
I162S2C103J4V1,4,TEXTO_REQUISITO_INGRESO,REVISAR,,SIN_FUENTE_EXPLICITA_EN_BASES_ACTUALES,SIN_FUENTE,NULA,REVISAR_CORRECTO_SIN_FUENTE,SIN_FUENTE_EXPLICITA_EN_BASES_ACTUALES
I162S2C103J4V1,4,LICENCIA_ENS_MEDIA,REVISAR,,SIN_FUENTE_EXPLICITA_EN_BASES_ACTUALES,SIN_FUENTE,NULA,REVISAR_CORRECTO_SIN_FUENTE,SIN_FUENTE_EXPLICITA_EN_BASES_ACTUALES
I162S2C103J4V1,4,NOTAS_ENS_MEDIA,REVISAR,,SIN_FUENTE_EXPLICITA_EN_BASES_ACTUALES,SIN_FUENTE,NULA,REVISAR_CORRECTO_SIN_FUENTE,SIN_FUENTE_EXPLICITA_EN_BASES_ACTUALES
I162S2C103J4V1,4,PROMEDIO_MIN_ENS_MEDIA,REVISAR,,SIN_FUENTE_EXPLICITA_EN_BASES_ACTUALES,SIN_FUENTE,NULA,REVISAR_CORRECTO_SIN_FUENTE,SIN_FUENTE_EXPLICITA_EN_BASES_ACTUALES
I162S2C103J4V1,4,RECONOCIMIENTOS_APREN_PREVIOS,REVISAR,,SIN_FUENTE_EXPLICITA_EN_BASES_ACTUALES,SIN_FUENTE,NULA,REVISAR_CORRECTO_SIN_FUENTE,SIN_FUENTE_EXPLICITA_EN_BASES_ACTUALES
I162S2C103J4V1,4,EXPERIENCIA_LABORAL,REVISAR,,SIN_FUENTE_EXPLICITA_EN_BASES_ACTUALES,SIN_FUENTE,NULA,REVISAR_CORRECTO_SIN_FUENTE,SIN_FUENTE_EXPLICITA_EN_BASES_ACTUALES
I162S2C103J4V1,4,OTROS_REQUISITOS,REVISAR,,SIN_FUENTE_EXPLICITA_EN_BASES_ACTUALES,SIN_FUENTE,NULA,REVISAR_CORRECTO_SIN_FUENTE,SIN_FUENTE_EXPLICITA_EN_BASES_ACTUALES
I162S2C103J4V1,4,MAIL_DIFUSION_CARRERA,REVISAR,,SIN_FUENTE_ARANCELARIA_EN_BASES_ACTUALES,SIN_FUENTE,NULA,REVISAR_CORRECTO_SIN_FUENTE,SIN_FUENTE_ARANCELARIA_EN_BASES_ACTUALES
I162S2C103J4V1,4,FORMATO_VALOR,REVISAR,,SIN_FUENTE_ARANCELARIA_EN_BASES_ACTUALES,SIN_FUENTE,NULA,REVISAR_CORRECTO_SIN_FUENTE,SIN_FUENTE_ARANCELARIA_EN_BASES_ACTUALES
I162S2C103J4V1,4,VALOR_MATRICULA_ANUAL,REVISAR,,SIN_FUENTE_ARANCELARIA_EN_BASES_ACTUALES,SIN_FUENTE,NULA,REVISAR_CORRECTO_SIN_FUENTE,SIN_FUENTE_ARANCELARIA_EN_BASES_ACTUALES
I162S2C103J4V1,4,COSTO_TITULACION,REVISAR,,SIN_FUENTE_ARANCELARIA_EN_BASES_ACTUALES,SIN_FUENTE,NULA,REVISAR_CORRECTO_SIN_FUENTE,SIN_FUENTE_ARANCELARIA_EN_BASES_ACTUALES
I162S2C103J4V1,4,VALOR_CERTIFICADO_DIPLOMA,REVISAR,,SIN_FUENTE_ARANCELARIA_EN_BASES_ACTUALES,SIN_FUENTE,NULA,REVISAR_CORRECTO_SIN_FUENTE,SIN_FUENTE_ARANCELARIA_EN_BASES_ACTUALES
I162S2C103J4V1,4,ARANCEL_ANUAL,REVISAR,,SIN_FUENTE_ARANCELARIA_EN_BASES_ACTUALES,SIN_FUENTE,NULA,REVISAR_CORRECTO_SIN_FUENTE,SIN_FUENTE_ARANCELARIA_EN_BASES_ACTUALES
I162S2C103J4V1,4,VIGENCIA_CARRERA,REVISAR,,SIN_FUENTE_EXPLICITA_EN_BASES_ACTUALES,SIN_FUENTE,NULA,REVISAR_CORRECTO_SIN_FUENTE,SIN_FUENTE_EXPLICITA_EN_BASES_ACTUALES
I162S2C104J4V1,5,Mención o Especialidad,REVISAR,,SIN_FUENTE_EXPLICITA_EN_BASES_ACTUALES,SIN_FUENTE,NULA,REVISAR_CORRECTO_SIN_FUENTE,SIN_FUENTE_EXPLICITA_EN_BASES_ACTUALES
I162S2C104J4V1,5,Área del Conocimiento,REVISAR,6,DICCIONARIO.AREA_ACTUAL,REGLA_CONDICIONAL,MEDIA,COMPLETABLE_POR_REGLA_CONDICIONAL,Existe código técnico; falta confirmar formato/etiqueta final aceptada por formulario.
I162S2C104J4V1,5,Sub Área,REVISAR,,SIN_TABLA_OFICIAL_DE_EQUIVALENCIA_AREA,SIN_FUENTE,NULA,REVISAR_CORRECTO_SIN_FUENTE,SIN_TABLA_OFICIAL_DE_EQUIVALENCIA_AREA
I162S2C104J4V1,5,Carrera Genérica,REVISAR,,SIN_TABLA_OFICIAL_DE_EQUIVALENCIA_AREA,SIN_FUENTE,NULA,REVISAR_CORRECTO_SIN_FUENTE,SIN_TABLA_OFICIAL_DE_EQUIVALENCIA_AREA
I162S2C104J4V1,5,Grado Académico que otorga el programa,REVISAR,,SIN_FUENTE_EXPLICITA_EN_BASES_ACTUALES,SIN_FUENTE,NULA,REVISAR_CORRECTO_SIN_FUENTE,SIN_FUENTE_EXPLICITA_EN_BASES_ACTUALES
I162S2C104J4V1,5,Dependencia,REVISAR,,SIN_FUENTE_EXPLICITA_EN_BASES_ACTUALES,SIN_FUENTE,NULA,REVISAR_CORRECTO_SIN_FUENTE,SIN_FUENTE_EXPLICITA_EN_BASES_ACTUALES
I162S2C104J4V1,5,Régimen,REVISAR,1,DICCIONARIO.REGIMEN,REGLA_CONDICIONAL,MEDIA,COMPLETABLE_POR_REGLA_CONDICIONAL,Existe código técnico; falta confirmar formato/etiqueta final aceptada por formulario.
I162S2C104J4V1,5,Ingreso Directo,REVISAR,2,DICCIONARIO.REQUISITO_INGRESO,REGLA_CONDICIONAL,MEDIA,COMPLETABLE_POR_REGLA_CONDICIONAL,Existe código técnico; falta confirmar formato/etiqueta final aceptada por formulario.
I162S2C104J4V1,5,Ingreso desde un plan Común,REVISAR,,SIN_FUENTE_EXPLICITA_EN_BASES_ACTUALES,SIN_FUENTE,NULA,REVISAR_CORRECTO_SIN_FUENTE,SIN_FUENTE_EXPLICITA_EN_BASES_ACTUALES
I162S2C104J4V1,5,Ingreso desde Bachillerato,REVISAR,,SIN_FUENTE_EXPLICITA_EN_BASES_ACTUALES,SIN_FUENTE,NULA,REVISAR_CORRECTO_SIN_FUENTE,SIN_FUENTE_EXPLICITA_EN_BASES_ACTUALES
I162S2C104J4V1,5,Otro Tipo de Ingreso,REVISAR,,SIN_FUENTE_EXPLICITA_EN_BASES_ACTUALES,SIN_FUENTE,NULA,REVISAR_CORRECTO_SIN_FUENTE,SIN_FUENTE_EXPLICITA_EN_BASES_ACTUALES
I162S2C104J4V1,5,Ingreso otro,REVISAR,,SIN_FUENTE_EXPLICITA_EN_BASES_ACTUALES,SIN_FUENTE,NULA,REVISAR_CORRECTO_SIN_FUENTE,SIN_FUENTE_EXPLICITA_EN_BASES_ACTUALES
I162S2C104J4V1,5,FECHA_ADMISION_INICIAL,REVISAR,,SIN_FUENTE_ARANCELARIA_EN_BASES_ACTUALES,SIN_FUENTE,NULA,REVISAR_CORRECTO_SIN_FUENTE,SIN_FUENTE_ARANCELARIA_EN_BASES_ACTUALES
I162S2C104J4V1,5,MALLA_CURRICULAR,REVISAR,,SIN_FUENTE_ARANCELARIA_EN_BASES_ACTUALES,SIN_FUENTE,NULA,REVISAR_CORRECTO_SIN_FUENTE,SIN_FUENTE_ARANCELARIA_EN_BASES_ACTUALES
I162S2C104J4V1,5,PERFIL_EGRESO,REVISAR,,SIN_FUENTE_ARANCELARIA_EN_BASES_ACTUALES,SIN_FUENTE,NULA,REVISAR_CORRECTO_SIN_FUENTE,SIN_FUENTE_ARANCELARIA_EN_BASES_ACTUALES
I162S2C104J4V1,5,TEXTO_REQUISITO_INGRESO,REVISAR,,SIN_FUENTE_EXPLICITA_EN_BASES_ACTUALES,SIN_FUENTE,NULA,REVISAR_CORRECTO_SIN_FUENTE,SIN_FUENTE_EXPLICITA_EN_BASES_ACTUALES
I162S2C104J4V1,5,LICENCIA_ENS_MEDIA,REVISAR,,SIN_FUENTE_EXPLICITA_EN_BASES_ACTUALES,SIN_FUENTE,NULA,REVISAR_CORRECTO_SIN_FUENTE,SIN_FUENTE_EXPLICITA_EN_BASES_ACTUALES
I162S2C104J4V1,5,NOTAS_ENS_MEDIA,REVISAR,,SIN_FUENTE_EXPLICITA_EN_BASES_ACTUALES,SIN_FUENTE,NULA,REVISAR_CORRECTO_SIN_FUENTE,SIN_FUENTE_EXPLICITA_EN_BASES_ACTUALES
I162S2C104J4V1,5,PROMEDIO_MIN_ENS_MEDIA,REVISAR,,SIN_FUENTE_EXPLICITA_EN_BASES_ACTUALES,SIN_FUENTE,NULA,REVISAR_CORRECTO_SIN_FUENTE,SIN_FUENTE_EXPLICITA_EN_BASES_ACTUALES
I162S2C104J4V1,5,RECONOCIMIENTOS_APREN_PREVIOS,REVISAR,,SIN_FUENTE_EXPLICITA_EN_BASES_ACTUALES,SIN_FUENTE,NULA,REVISAR_CORRECTO_SIN_FUENTE,SIN_FUENTE_EXPLICITA_EN_BASES_ACTUALES
I162S2C104J4V1,5,EXPERIENCIA_LABORAL,REVISAR,,SIN_FUENTE_EXPLICITA_EN_BASES_ACTUALES,SIN_FUENTE,NULA,REVISAR_CORRECTO_SIN_FUENTE,SIN_FUENTE_EXPLICITA_EN_BASES_ACTUALES
I162S2C104J4V1,5,OTROS_REQUISITOS,REVISAR,,SIN_FUENTE_EXPLICITA_EN_BASES_ACTUALES,SIN_FUENTE,NULA,REVISAR_CORRECTO_SIN_FUENTE,SIN_FUENTE_EXPLICITA_EN_BASES_ACTUALES
I162S2C104J4V1,5,MAIL_DIFUSION_CARRERA,REVISAR,,SIN_FUENTE_ARANCELARIA_EN_BASES_ACTUALES,SIN_FUENTE,NULA,REVISAR_CORRECTO_SIN_FUENTE,SIN_FUENTE_ARANCELARIA_EN_BASES_ACTUALES
I162S2C104J4V1,5,FORMATO_VALOR,REVISAR,,SIN_FUENTE_ARANCELARIA_EN_BASES_ACTUALES,SIN_FUENTE,NULA,REVISAR_CORRECTO_SIN_FUENTE,SIN_FUENTE_ARANCELARIA_EN_BASES_ACTUALES
I162S2C104J4V1,5,VALOR_MATRICULA_ANUAL,REVISAR,,SIN_FUENTE_ARANCELARIA_EN_BASES_ACTUALES,SIN_FUENTE,NULA,REVISAR_CORRECTO_SIN_FUENTE,SIN_FUENTE_ARANCELARIA_EN_BASES_ACTUALES
I162S2C104J4V1,5,COSTO_TITULACION,REVISAR,,SIN_FUENTE_ARANCELARIA_EN_BASES_ACTUALES,SIN_FUENTE,NULA,REVISAR_CORRECTO_SIN_FUENTE,SIN_FUENTE_ARANCELARIA_EN_BASES_ACTUALES
I162S2C104J4V1,5,VALOR_CERTIFICADO_DIPLOMA,REVISAR,,SIN_FUENTE_ARANCELARIA_EN_BASES_ACTUALES,SIN_FUENTE,NULA,REVISAR_CORRECTO_SIN_FUENTE,SIN_FUENTE_ARANCELARIA_EN_BASES_ACTUALES
I162S2C104J4V1,5,ARANCEL_ANUAL,REVISAR,,SIN_FUENTE_ARANCELARIA_EN_BASES_ACTUALES,SIN_FUENTE,NULA,REVISAR_CORRECTO_SIN_FUENTE,SIN_FUENTE_ARANCELARIA_EN_BASES_ACTUALES
I162S2C104J4V1,5,VIGENCIA_CARRERA,REVISAR,,SIN_FUENTE_EXPLICITA_EN_BASES_ACTUALES,SIN_FUENTE,NULA,REVISAR_CORRECTO_SIN_FUENTE,SIN_FUENTE_EXPLICITA_EN_BASES_ACTUALES
I162S2C105J4V1,6,Mención o Especialidad,REVISAR,,SIN_FUENTE_EXPLICITA_EN_BASES_ACTUALES,SIN_FUENTE,NULA,REVISAR_CORRECTO_SIN_FUENTE,SIN_FUENTE_EXPLICITA_EN_BASES_ACTUALES
I162S2C105J4V1,6,Área del Conocimiento,REVISAR,8,DICCIONARIO.AREA_ACTUAL,REGLA_CONDICIONAL,MEDIA,COMPLETABLE_POR_REGLA_CONDICIONAL,Existe código técnico; falta confirmar formato/etiqueta final aceptada por formulario.
I162S2C105J4V1,6,Sub Área,REVISAR,,SIN_TABLA_OFICIAL_DE_EQUIVALENCIA_AREA,SIN_FUENTE,NULA,REVISAR_CORRECTO_SIN_FUENTE,SIN_TABLA_OFICIAL_DE_EQUIVALENCIA_AREA
I162S2C105J4V1,6,Carrera Genérica,REVISAR,,SIN_TABLA_OFICIAL_DE_EQUIVALENCIA_AREA,SIN_FUENTE,NULA,REVISAR_CORRECTO_SIN_FUENTE,SIN_TABLA_OFICIAL_DE_EQUIVALENCIA_AREA
I162S2C105J4V1,6,Grado Académico que otorga el programa,REVISAR,,SIN_FUENTE_EXPLICITA_EN_BASES_ACTUALES,SIN_FUENTE,NULA,REVISAR_CORRECTO_SIN_FUENTE,SIN_FUENTE_EXPLICITA_EN_BASES_ACTUALES
I162S2C105J4V1,6,Dependencia,REVISAR,,SIN_FUENTE_EXPLICITA_EN_BASES_ACTUALES,SIN_FUENTE,NULA,REVISAR_CORRECTO_SIN_FUENTE,SIN_FUENTE_EXPLICITA_EN_BASES_ACTUALES
I162S2C105J4V1,6,Régimen,REVISAR,1,DICCIONARIO.REGIMEN,REGLA_CONDICIONAL,MEDIA,COMPLETABLE_POR_REGLA_CONDICIONAL,Existe código técnico; falta confirmar formato/etiqueta final aceptada por formulario.
I162S2C105J4V1,6,Ingreso Directo,REVISAR,2,DICCIONARIO.REQUISITO_INGRESO,REGLA_CONDICIONAL,MEDIA,COMPLETABLE_POR_REGLA_CONDICIONAL,Existe código técnico; falta confirmar formato/etiqueta final aceptada por formulario.
I162S2C105J4V1,6,Ingreso desde un plan Común,REVISAR,,SIN_FUENTE_EXPLICITA_EN_BASES_ACTUALES,SIN_FUENTE,NULA,REVISAR_CORRECTO_SIN_FUENTE,SIN_FUENTE_EXPLICITA_EN_BASES_ACTUALES
I162S2C105J4V1,6,Ingreso desde Bachillerato,REVISAR,,SIN_FUENTE_EXPLICITA_EN_BASES_ACTUALES,SIN_FUENTE,NULA,REVISAR_CORRECTO_SIN_FUENTE,SIN_FUENTE_EXPLICITA_EN_BASES_ACTUALES
I162S2C105J4V1,6,Otro Tipo de Ingreso,REVISAR,,SIN_FUENTE_EXPLICITA_EN_BASES_ACTUALES,SIN_FUENTE,NULA,REVISAR_CORRECTO_SIN_FUENTE,SIN_FUENTE_EXPLICITA_EN_BASES_ACTUALES
I162S2C105J4V1,6,Ingreso otro,REVISAR,,SIN_FUENTE_EXPLICITA_EN_BASES_ACTUALES,SIN_FUENTE,NULA,REVISAR_CORRECTO_SIN_FUENTE,SIN_FUENTE_EXPLICITA_EN_BASES_ACTUALES
I162S2C105J4V1,6,FECHA_ADMISION_INICIAL,REVISAR,,SIN_FUENTE_ARANCELARIA_EN_BASES_ACTUALES,SIN_FUENTE,NULA,REVISAR_CORRECTO_SIN_FUENTE,SIN_FUENTE_ARANCELARIA_EN_BASES_ACTUALES
I162S2C105J4V1,6,MALLA_CURRICULAR,REVISAR,,SIN_FUENTE_ARANCELARIA_EN_BASES_ACTUALES,SIN_FUENTE,NULA,REVISAR_CORRECTO_SIN_FUENTE,SIN_FUENTE_ARANCELARIA_EN_BASES_ACTUALES
I162S2C105J4V1,6,PERFIL_EGRESO,REVISAR,,SIN_FUENTE_ARANCELARIA_EN_BASES_ACTUALES,SIN_FUENTE,NULA,REVISAR_CORRECTO_SIN_FUENTE,SIN_FUENTE_ARANCELARIA_EN_BASES_ACTUALES
I162S2C105J4V1,6,TEXTO_REQUISITO_INGRESO,REVISAR,,SIN_FUENTE_EXPLICITA_EN_BASES_ACTUALES,SIN_FUENTE,NULA,REVISAR_CORRECTO_SIN_FUENTE,SIN_FUENTE_EXPLICITA_EN_BASES_ACTUALES
I162S2C105J4V1,6,LICENCIA_ENS_MEDIA,REVISAR,,SIN_FUENTE_EXPLICITA_EN_BASES_ACTUALES,SIN_FUENTE,NULA,REVISAR_CORRECTO_SIN_FUENTE,SIN_FUENTE_EXPLICITA_EN_BASES_ACTUALES
I162S2C105J4V1,6,NOTAS_ENS_MEDIA,REVISAR,,SIN_FUENTE_EXPLICITA_EN_BASES_ACTUALES,SIN_FUENTE,NULA,REVISAR_CORRECTO_SIN_FUENTE,SIN_FUENTE_EXPLICITA_EN_BASES_ACTUALES
I162S2C105J4V1,6,PROMEDIO_MIN_ENS_MEDIA,REVISAR,,SIN_FUENTE_EXPLICITA_EN_BASES_ACTUALES,SIN_FUENTE,NULA,REVISAR_CORRECTO_SIN_FUENTE,SIN_FUENTE_EXPLICITA_EN_BASES_ACTUALES
I162S2C105J4V1,6,RECONOCIMIENTOS_APREN_PREVIOS,REVISAR,,SIN_FUENTE_EXPLICITA_EN_BASES_ACTUALES,SIN_FUENTE,NULA,REVISAR_CORRECTO_SIN_FUENTE,SIN_FUENTE_EXPLICITA_EN_BASES_ACTUALES
I162S2C105J4V1,6,EXPERIENCIA_LABORAL,REVISAR,,SIN_FUENTE_EXPLICITA_EN_BASES_ACTUALES,SIN_FUENTE,NULA,REVISAR_CORRECTO_SIN_FUENTE,SIN_FUENTE_EXPLICITA_EN_BASES_ACTUALES
I162S2C105J4V1,6,OTROS_REQUISITOS,REVISAR,,SIN_FUENTE_EXPLICITA_EN_BASES_ACTUALES,SIN_FUENTE,NULA,REVISAR_CORRECTO_SIN_FUENTE,SIN_FUENTE_EXPLICITA_EN_BASES_ACTUALES
I162S2C105J4V1,6,MAIL_DIFUSION_CARRERA,REVISAR,,SIN_FUENTE_ARANCELARIA_EN_BASES_ACTUALES,SIN_FUENTE,NULA,REVISAR_CORRECTO_SIN_FUENTE,SIN_FUENTE_ARANCELARIA_EN_BASES_ACTUALES
I162S2C105J4V1,6,FORMATO_VALOR,REVISAR,,SIN_FUENTE_ARANCELARIA_EN_BASES_ACTUALES,SIN_FUENTE,NULA,REVISAR_CORRECTO_SIN_FUENTE,SIN_FUENTE_ARANCELARIA_EN_BASES_ACTUALES
I162S2C105J4V1,6,VALOR_MATRICULA_ANUAL,REVISAR,,SIN_FUENTE_ARANCELARIA_EN_BASES_ACTUALES,SIN_FUENTE,NULA,REVISAR_CORRECTO_SIN_FUENTE,SIN_FUENTE_ARANCELARIA_EN_BASES_ACTUALES
I162S2C105J4V1,6,COSTO_TITULACION,REVISAR,,SIN_FUENTE_ARANCELARIA_EN_BASES_ACTUALES,SIN_FUENTE,NULA,REVISAR_CORRECTO_SIN_FUENTE,SIN_FUENTE_ARANCELARIA_EN_BASES_ACTUALES
I162S2C105J4V1,6,VALOR_CERTIFICADO_DIPLOMA,REVISAR,,SIN_FUENTE_ARANCELARIA_EN_BASES_ACTUALES,SIN_FUENTE,NULA,REVISAR_CORRECTO_SIN_FUENTE,SIN_FUENTE_ARANCELARIA_EN_BASES_ACTUALES
I162S2C105J4V1,6,ARANCEL_ANUAL,REVISAR,,SIN_FUENTE_ARANCELARIA_EN_BASES_ACTUALES,SIN_FUENTE,NULA,REVISAR_CORRECTO_SIN_FUENTE,SIN_FUENTE_ARANCELARIA_EN_BASES_ACTUALES
I162S2C105J4V1,6,VIGENCIA_CARRERA,REVISAR,,SIN_FUENTE_EXPLICITA_EN_BASES_ACTUALES,SIN_FUENTE,NULA,REVISAR_CORRECTO_SIN_FUENTE,SIN_FUENTE_EXPLICITA_EN_BASES_ACTUALES
I162S2C10J1V1,7,Mención o Especialidad,REVISAR,,SIN_FUENTE_EXPLICITA_EN_BASES_ACTUALES,SIN_FUENTE,NULA,REVISAR_CORRECTO_SIN_FUENTE,SIN_FUENTE_EXPLICITA_EN_BASES_ACTUALES
I162S2C10J1V1,7,Área del Conocimiento,REVISAR,9,DICCIONARIO.AREA_ACTUAL,REGLA_CONDICIONAL,MEDIA,COMPLETABLE_POR_REGLA_CONDICIONAL,Existe código técnico; falta confirmar formato/etiqueta final aceptada por formulario.
I162S2C10J1V1,7,Sub Área,REVISAR,,SIN_TABLA_OFICIAL_DE_EQUIVALENCIA_AREA,SIN_FUENTE,NULA,REVISAR_CORRECTO_SIN_FUENTE,SIN_TABLA_OFICIAL_DE_EQUIVALENCIA_AREA
I162S2C10J1V1,7,Carrera Genérica,REVISAR,,SIN_TABLA_OFICIAL_DE_EQUIVALENCIA_AREA,SIN_FUENTE,NULA,REVISAR_CORRECTO_SIN_FUENTE,SIN_TABLA_OFICIAL_DE_EQUIVALENCIA_AREA
I162S2C10J1V1,7,Grado Académico que otorga el programa,REVISAR,,SIN_FUENTE_EXPLICITA_EN_BASES_ACTUALES,SIN_FUENTE,NULA,REVISAR_CORRECTO_SIN_FUENTE,SIN_FUENTE_EXPLICITA_EN_BASES_ACTUALES
I162S2C10J1V1,7,Dependencia,REVISAR,,SIN_FUENTE_EXPLICITA_EN_BASES_ACTUALES,SIN_FUENTE,NULA,REVISAR_CORRECTO_SIN_FUENTE,SIN_FUENTE_EXPLICITA_EN_BASES_ACTUALES
I162S2C10J1V1,7,Régimen,REVISAR,1,DICCIONARIO.REGIMEN,REGLA_CONDICIONAL,MEDIA,COMPLETABLE_POR_REGLA_CONDICIONAL,Existe código técnico; falta confirmar formato/etiqueta final aceptada por formulario.
I162S2C10J1V1,7,Ingreso Directo,REVISAR,1,DICCIONARIO.REQUISITO_INGRESO,REGLA_CONDICIONAL,MEDIA,COMPLETABLE_POR_REGLA_CONDICIONAL,Existe código técnico; falta confirmar formato/etiqueta final aceptada por formulario.
I162S2C10J1V1,7,Ingreso desde un plan Común,REVISAR,,SIN_FUENTE_EXPLICITA_EN_BASES_ACTUALES,SIN_FUENTE,NULA,REVISAR_CORRECTO_SIN_FUENTE,SIN_FUENTE_EXPLICITA_EN_BASES_ACTUALES
I162S2C10J1V1,7,Ingreso desde Bachillerato,REVISAR,,SIN_FUENTE_EXPLICITA_EN_BASES_ACTUALES,SIN_FUENTE,NULA,REVISAR_CORRECTO_SIN_FUENTE,SIN_FUENTE_EXPLICITA_EN_BASES_ACTUALES
I162S2C10J1V1,7,Otro Tipo de Ingreso,REVISAR,,SIN_FUENTE_EXPLICITA_EN_BASES_ACTUALES,SIN_FUENTE,NULA,REVISAR_CORRECTO_SIN_FUENTE,SIN_FUENTE_EXPLICITA_EN_BASES_ACTUALES
I162S2C10J1V1,7,Ingreso otro,REVISAR,,SIN_FUENTE_EXPLICITA_EN_BASES_ACTUALES,SIN_FUENTE,NULA,REVISAR_CORRECTO_SIN_FUENTE,SIN_FUENTE_EXPLICITA_EN_BASES_ACTUALES
I162S2C10J1V1,7,FECHA_ADMISION_INICIAL,REVISAR,,SIN_FUENTE_ARANCELARIA_EN_BASES_ACTUALES,SIN_FUENTE,NULA,REVISAR_CORRECTO_SIN_FUENTE,SIN_FUENTE_ARANCELARIA_EN_BASES_ACTUALES
I162S2C10J1V1,7,MALLA_CURRICULAR,REVISAR,,SIN_FUENTE_ARANCELARIA_EN_BASES_ACTUALES,SIN_FUENTE,NULA,REVISAR_CORRECTO_SIN_FUENTE,SIN_FUENTE_ARANCELARIA_EN_BASES_ACTUALES
I162S2C10J1V1,7,PERFIL_EGRESO,REVISAR,,SIN_FUENTE_ARANCELARIA_EN_BASES_ACTUALES,SIN_FUENTE,NULA,REVISAR_CORRECTO_SIN_FUENTE,SIN_FUENTE_ARANCELARIA_EN_BASES_ACTUALES
I162S2C10J1V1,7,TEXTO_REQUISITO_INGRESO,REVISAR,,SIN_FUENTE_EXPLICITA_EN_BASES_ACTUALES,SIN_FUENTE,NULA,REVISAR_CORRECTO_SIN_FUENTE,SIN_FUENTE_EXPLICITA_EN_BASES_ACTUALES
I162S2C10J1V1,7,LICENCIA_ENS_MEDIA,REVISAR,,SIN_FUENTE_EXPLICITA_EN_BASES_ACTUALES,SIN_FUENTE,NULA,REVISAR_CORRECTO_SIN_FUENTE,SIN_FUENTE_EXPLICITA_EN_BASES_ACTUALES
I162S2C10J1V1,7,NOTAS_ENS_MEDIA,REVISAR,,SIN_FUENTE_EXPLICITA_EN_BASES_ACTUALES,SIN_FUENTE,NULA,REVISAR_CORRECTO_SIN_FUENTE,SIN_FUENTE_EXPLICITA_EN_BASES_ACTUALES
I162S2C10J1V1,7,PROMEDIO_MIN_ENS_MEDIA,REVISAR,,SIN_FUENTE_EXPLICITA_EN_BASES_ACTUALES,SIN_FUENTE,NULA,REVISAR_CORRECTO_SIN_FUENTE,SIN_FUENTE_EXPLICITA_EN_BASES_ACTUALES
I162S2C10J1V1,7,RECONOCIMIENTOS_APREN_PREVIOS,REVISAR,,SIN_FUENTE_EXPLICITA_EN_BASES_ACTUALES,SIN_FUENTE,NULA,REVISAR_CORRECTO_SIN_FUENTE,SIN_FUENTE_EXPLICITA_EN_BASES_ACTUALES
I162S2C10J1V1,7,EXPERIENCIA_LABORAL,REVISAR,,SIN_FUENTE_EXPLICITA_EN_BASES_ACTUALES,SIN_FUENTE,NULA,REVISAR_CORRECTO_SIN_FUENTE,SIN_FUENTE_EXPLICITA_EN_BASES_ACTUALES
I162S2C10J1V1,7,OTROS_REQUISITOS,REVISAR,,SIN_FUENTE_EXPLICITA_EN_BASES_ACTUALES,SIN_FUENTE,NULA,REVISAR_CORRECTO_SIN_FUENTE,SIN_FUENTE_EXPLICITA_EN_BASES_ACTUALES
I162S2C10J1V1,7,MAIL_DIFUSION_CARRERA,REVISAR,,SIN_FUENTE_ARANCELARIA_EN_BASES_ACTUALES,SIN_FUENTE,NULA,REVISAR_CORRECTO_SIN_FUENTE,SIN_FUENTE_ARANCELARIA_EN_BASES_ACTUALES
I162S2C10J1V1,7,FORMATO_VALOR,REVISAR,,SIN_FUENTE_ARANCELARIA_EN_BASES_ACTUALES,SIN_FUENTE,NULA,REVISAR_CORRECTO_SIN_FUENTE,SIN_FUENTE_ARANCELARIA_EN_BASES_ACTUALES
I162S2C10J1V1,7,VALOR_MATRICULA_ANUAL,REVISAR,,SIN_FUENTE_ARANCELARIA_EN_BASES_ACTUALES,SIN_FUENTE,NULA,REVISAR_CORRECTO_SIN_FUENTE,SIN_FUENTE_ARANCELARIA_EN_BASES_ACTUALES
I162S2C10J1V1,7,COSTO_TITULACION,REVISAR,,SIN_FUENTE_ARANCELARIA_EN_BASES_ACTUALES,SIN_FUENTE,NULA,REVISAR_CORRECTO_SIN_FUENTE,SIN_FUENTE_ARANCELARIA_EN_BASES_ACTUALES
I162S2C10J1V1,7,VALOR_CERTIFICADO_DIPLOMA,REVISAR,,SIN_FUENTE_ARANCELARIA_EN_BASES_ACTUALES,SIN_FUENTE,NULA,REVISAR_CORRECTO_SIN_FUENTE,SIN_FUENTE_ARANCELARIA_EN_BASES_ACTUALES
I162S2C10J1V1,7,ARANCEL_ANUAL,REVISAR,,SIN_FUENTE_ARANCELARIA_EN_BASES_ACTUALES,SIN_FUENTE,NULA,REVISAR_CORRECTO_SIN_FUENTE,SIN_FUENTE_ARANCELARIA_EN_BASES_ACTUALES
I162S2C10J1V1,7,VIGENCIA_CARRERA,REVISAR,,SIN_FUENTE_EXPLICITA_EN_BASES_ACTUALES,SIN_FUENTE,NULA,REVISAR_CORRECTO_SIN_FUENTE,SIN_FUENTE_EXPLICITA_EN_BASES_ACTUALES
I162S2C10J4V1,8,Mención o Especialidad,REVISAR,,SIN_FUENTE_EXPLICITA_EN_BASES_ACTUALES,SIN_FUENTE,NULA,REVISAR_CORRECTO_SIN_FUENTE,SIN_FUENTE_EXPLICITA_EN_BASES_ACTUALES
I162S2C10J4V1,8,Área del Conocimiento,REVISAR,9,DICCIONARIO.AREA_ACTUAL,REGLA_CONDICIONAL,MEDIA,COMPLETABLE_POR_REGLA_CONDICIONAL,Existe código técnico; falta confirmar formato/etiqueta final aceptada por formulario.
I162S2C10J4V1,8,Sub Área,REVISAR,,SIN_TABLA_OFICIAL_DE_EQUIVALENCIA_AREA,SIN_FUENTE,NULA,REVISAR_CORRECTO_SIN_FUENTE,SIN_TABLA_OFICIAL_DE_EQUIVALENCIA_AREA
I162S2C10J4V1,8,Carrera Genérica,REVISAR,,SIN_TABLA_OFICIAL_DE_EQUIVALENCIA_AREA,SIN_FUENTE,NULA,REVISAR_CORRECTO_SIN_FUENTE,SIN_TABLA_OFICIAL_DE_EQUIVALENCIA_AREA
I162S2C10J4V1,8,Grado Académico que otorga el programa,REVISAR,,SIN_FUENTE_EXPLICITA_EN_BASES_ACTUALES,SIN_FUENTE,NULA,REVISAR_CORRECTO_SIN_FUENTE,SIN_FUENTE_EXPLICITA_EN_BASES_ACTUALES
I162S2C10J4V1,8,Dependencia,REVISAR,,SIN_FUENTE_EXPLICITA_EN_BASES_ACTUALES,SIN_FUENTE,NULA,REVISAR_CORRECTO_SIN_FUENTE,SIN_FUENTE_EXPLICITA_EN_BASES_ACTUALES
I162S2C10J4V1,8,Régimen,REVISAR,2,DICCIONARIO.REGIMEN,REGLA_CONDICIONAL,MEDIA,COMPLETABLE_POR_REGLA_CONDICIONAL,Existe código técnico; falta confirmar formato/etiqueta final aceptada por formulario.
I162S2C10J4V1,8,Ingreso Directo,REVISAR,1,DICCIONARIO.REQUISITO_INGRESO,REGLA_CONDICIONAL,MEDIA,COMPLETABLE_POR_REGLA_CONDICIONAL,Existe código técnico; falta confirmar formato/etiqueta final aceptada por formulario.
I162S2C10J4V1,8,Ingreso desde un plan Común,REVISAR,,SIN_FUENTE_EXPLICITA_EN_BASES_ACTUALES,SIN_FUENTE,NULA,REVISAR_CORRECTO_SIN_FUENTE,SIN_FUENTE_EXPLICITA_EN_BASES_ACTUALES
I162S2C10J4V1,8,Ingreso desde Bachillerato,REVISAR,,SIN_FUENTE_EXPLICITA_EN_BASES_ACTUALES,SIN_FUENTE,NULA,REVISAR_CORRECTO_SIN_FUENTE,SIN_FUENTE_EXPLICITA_EN_BASES_ACTUALES
I162S2C10J4V1,8,Otro Tipo de Ingreso,REVISAR,,SIN_FUENTE_EXPLICITA_EN_BASES_ACTUALES,SIN_FUENTE,NULA,REVISAR_CORRECTO_SIN_FUENTE,SIN_FUENTE_EXPLICITA_EN_BASES_ACTUALES
I162S2C10J4V1,8,Ingreso otro,REVISAR,,SIN_FUENTE_EXPLICITA_EN_BASES_ACTUALES,SIN_FUENTE,NULA,REVISAR_CORRECTO_SIN_FUENTE,SIN_FUENTE_EXPLICITA_EN_BASES_ACTUALES
I162S2C10J4V1,8,FECHA_ADMISION_INICIAL,REVISAR,,SIN_FUENTE_ARANCELARIA_EN_BASES_ACTUALES,SIN_FUENTE,NULA,REVISAR_CORRECTO_SIN_FUENTE,SIN_FUENTE_ARANCELARIA_EN_BASES_ACTUALES
I162S2C10J4V1,8,MALLA_CURRICULAR,REVISAR,,SIN_FUENTE_ARANCELARIA_EN_BASES_ACTUALES,SIN_FUENTE,NULA,REVISAR_CORRECTO_SIN_FUENTE,SIN_FUENTE_ARANCELARIA_EN_BASES_ACTUALES
I162S2C10J4V1,8,PERFIL_EGRESO,REVISAR,,SIN_FUENTE_ARANCELARIA_EN_BASES_ACTUALES,SIN_FUENTE,NULA,REVISAR_CORRECTO_SIN_FUENTE,SIN_FUENTE_ARANCELARIA_EN_BASES_ACTUALES
I162S2C10J4V1,8,TEXTO_REQUISITO_INGRESO,REVISAR,,SIN_FUENTE_EXPLICITA_EN_BASES_ACTUALES,SIN_FUENTE,NULA,REVISAR_CORRECTO_SIN_FUENTE,SIN_FUENTE_EXPLICITA_EN_BASES_ACTUALES
I162S2C10J4V1,8,LICENCIA_ENS_MEDIA,REVISAR,,SIN_FUENTE_EXPLICITA_EN_BASES_ACTUALES,SIN_FUENTE,NULA,REVISAR_CORRECTO_SIN_FUENTE,SIN_FUENTE_EXPLICITA_EN_BASES_ACTUALES
I162S2C10J4V1,8,NOTAS_ENS_MEDIA,REVISAR,,SIN_FUENTE_EXPLICITA_EN_BASES_ACTUALES,SIN_FUENTE,NULA,REVISAR_CORRECTO_SIN_FUENTE,SIN_FUENTE_EXPLICITA_EN_BASES_ACTUALES
I162S2C10J4V1,8,PROMEDIO_MIN_ENS_MEDIA,REVISAR,,SIN_FUENTE_EXPLICITA_EN_BASES_ACTUALES,SIN_FUENTE,NULA,REVISAR_CORRECTO_SIN_FUENTE,SIN_FUENTE_EXPLICITA_EN_BASES_ACTUALES
I162S2C10J4V1,8,RECONOCIMIENTOS_APREN_PREVIOS,REVISAR,,SIN_FUENTE_EXPLICITA_EN_BASES_ACTUALES,SIN_FUENTE,NULA,REVISAR_CORRECTO_SIN_FUENTE,SIN_FUENTE_EXPLICITA_EN_BASES_ACTUALES
I162S2C10J4V1,8,EXPERIENCIA_LABORAL,REVISAR,,SIN_FUENTE_EXPLICITA_EN_BASES_ACTUALES,SIN_FUENTE,NULA,REVISAR_CORRECTO_SIN_FUENTE,SIN_FUENTE_EXPLICITA_EN_BASES_ACTUALES
I162S2C10J4V1,8,OTROS_REQUISITOS,REVISAR,,SIN_FUENTE_EXPLICITA_EN_BASES_ACTUALES,SIN_FUENTE,NULA,REVISAR_CORRECTO_SIN_FUENTE,SIN_FUENTE_EXPLICITA_EN_BASES_ACTUALES
I162S2C10J4V1,8,MAIL_DIFUSION_CARRERA,REVISAR,,SIN_FUENTE_ARANCELARIA_EN_BASES_ACTUALES,SIN_FUENTE,NULA,REVISAR_CORRECTO_SIN_FUENTE,SIN_FUENTE_ARANCELARIA_EN_BASES_ACTUALES
I162S2C10J4V1,8,FORMATO_VALOR,REVISAR,,SIN_FUENTE_ARANCELARIA_EN_BASES_ACTUALES,SIN_FUENTE,NULA,REVISAR_CORRECTO_SIN_FUENTE,SIN_FUENTE_ARANCELARIA_EN_BASES_ACTUALES
I162S2C10J4V1,8,VALOR_MATRICULA_ANUAL,REVISAR,,SIN_FUENTE_ARANCELARIA_EN_BASES_ACTUALES,SIN_FUENTE,NULA,REVISAR_CORRECTO_SIN_FUENTE,SIN_FUENTE_ARANCELARIA_EN_BASES_ACTUALES
I162S2C10J4V1,8,COSTO_TITULACION,REVISAR,,SIN_FUENTE_ARANCELARIA_EN_BASES_ACTUALES,SIN_FUENTE,NULA,REVISAR_CORRECTO_SIN_FUENTE,SIN_FUENTE_ARANCELARIA_EN_BASES_ACTUALES
I162S2C10J4V1,8,VALOR_CERTIFICADO_DIPLOMA,REVISAR,,SIN_FUENTE_ARANCELARIA_EN_BASES_ACTUALES,SIN_FUENTE,NULA,REVISAR_CORRECTO_SIN_FUENTE,SIN_FUENTE_ARANCELARIA_EN_BASES_ACTUALES
I162S2C10J4V1,8,ARANCEL_ANUAL,REVISAR,,SIN_FUENTE_ARANCELARIA_EN_BASES_ACTUALES,SIN_FUENTE,NULA,REVISAR_CORRECTO_SIN_FUENTE,SIN_FUENTE_ARANCELARIA_EN_BASES_ACTUALES
I162S2C10J4V1,8,VIGENCIA_CARRERA,REVISAR,,SIN_FUENTE_EXPLICITA_EN_BASES_ACTUALES,SIN_FUENTE,NULA,REVISAR_CORRECTO_SIN_FUENTE,SIN_FUENTE_EXPLICITA_EN_BASES_ACTUALES
I162S2C111J4V1,9,Mención o Especialidad,REVISAR,,SIN_FUENTE_EXPLICITA_EN_BASES_ACTUALES,SIN_FUENTE,NULA,REVISAR_CORRECTO_SIN_FUENTE,SIN_FUENTE_EXPLICITA_EN_BASES_ACTUALES
I162S2C111J4V1,9,Área del Conocimiento,REVISAR,1,DICCIONARIO.AREA_ACTUAL,REGLA_CONDICIONAL,MEDIA,COMPLETABLE_POR_REGLA_CONDICIONAL,Existe código técnico; falta confirmar formato/etiqueta final aceptada por formulario.
I162S2C111J4V1,9,Sub Área,REVISAR,,SIN_TABLA_OFICIAL_DE_EQUIVALENCIA_AREA,SIN_FUENTE,NULA,REVISAR_CORRECTO_SIN_FUENTE,SIN_TABLA_OFICIAL_DE_EQUIVALENCIA_AREA
I162S2C111J4V1,9,Carrera Genérica,REVISAR,,SIN_TABLA_OFICIAL_DE_EQUIVALENCIA_AREA,SIN_FUENTE,NULA,REVISAR_CORRECTO_SIN_FUENTE,SIN_TABLA_OFICIAL_DE_EQUIVALENCIA_AREA
I162S2C111J4V1,9,Grado Académico que otorga el programa,REVISAR,,SIN_FUENTE_EXPLICITA_EN_BASES_ACTUALES,SIN_FUENTE,NULA,REVISAR_CORRECTO_SIN_FUENTE,SIN_FUENTE_EXPLICITA_EN_BASES_ACTUALES
I162S2C111J4V1,9,Dependencia,REVISAR,,SIN_FUENTE_EXPLICITA_EN_BASES_ACTUALES,SIN_FUENTE,NULA,REVISAR_CORRECTO_SIN_FUENTE,SIN_FUENTE_EXPLICITA_EN_BASES_ACTUALES
I162S2C111J4V1,9,Régimen,REVISAR,2,DICCIONARIO.REGIMEN,REGLA_CONDICIONAL,MEDIA,COMPLETABLE_POR_REGLA_CONDICIONAL,Existe código técnico; falta confirmar formato/etiqueta final aceptada por formulario.
I162S2C111J4V1,9,Ingreso Directo,REVISAR,1,DICCIONARIO.REQUISITO_INGRESO,REGLA_CONDICIONAL,MEDIA,COMPLETABLE_POR_REGLA_CONDICIONAL,Existe código técnico; falta confirmar formato/etiqueta final aceptada por formulario.
I162S2C111J4V1,9,Ingreso desde un plan Común,REVISAR,,SIN_FUENTE_EXPLICITA_EN_BASES_ACTUALES,SIN_FUENTE,NULA,REVISAR_CORRECTO_SIN_FUENTE,SIN_FUENTE_EXPLICITA_EN_BASES_ACTUALES
I162S2C111J4V1,9,Ingreso desde Bachillerato,REVISAR,,SIN_FUENTE_EXPLICITA_EN_BASES_ACTUALES,SIN_FUENTE,NULA,REVISAR_CORRECTO_SIN_FUENTE,SIN_FUENTE_EXPLICITA_EN_BASES_ACTUALES
I162S2C111J4V1,9,Otro Tipo de Ingreso,REVISAR,,SIN_FUENTE_EXPLICITA_EN_BASES_ACTUALES,SIN_FUENTE,NULA,REVISAR_CORRECTO_SIN_FUENTE,SIN_FUENTE_EXPLICITA_EN_BASES_ACTUALES
I162S2C111J4V1,9,Ingreso otro,REVISAR,,SIN_FUENTE_EXPLICITA_EN_BASES_ACTUALES,SIN_FUENTE,NULA,REVISAR_CORRECTO_SIN_FUENTE,SIN_FUENTE_EXPLICITA_EN_BASES_ACTUALES
I162S2C111J4V1,9,FECHA_ADMISION_INICIAL,REVISAR,,SIN_FUENTE_ARANCELARIA_EN_BASES_ACTUALES,SIN_FUENTE,NULA,REVISAR_CORRECTO_SIN_FUENTE,SIN_FUENTE_ARANCELARIA_EN_BASES_ACTUALES
I162S2C111J4V1,9,MALLA_CURRICULAR,REVISAR,,SIN_FUENTE_ARANCELARIA_EN_BASES_ACTUALES,SIN_FUENTE,NULA,REVISAR_CORRECTO_SIN_FUENTE,SIN_FUENTE_ARANCELARIA_EN_BASES_ACTUALES
I162S2C111J4V1,9,PERFIL_EGRESO,REVISAR,,SIN_FUENTE_ARANCELARIA_EN_BASES_ACTUALES,SIN_FUENTE,NULA,REVISAR_CORRECTO_SIN_FUENTE,SIN_FUENTE_ARANCELARIA_EN_BASES_ACTUALES
I162S2C111J4V1,9,TEXTO_REQUISITO_INGRESO,REVISAR,,SIN_FUENTE_EXPLICITA_EN_BASES_ACTUALES,SIN_FUENTE,NULA,REVISAR_CORRECTO_SIN_FUENTE,SIN_FUENTE_EXPLICITA_EN_BASES_ACTUALES
I162S2C111J4V1,9,LICENCIA_ENS_MEDIA,REVISAR,,SIN_FUENTE_EXPLICITA_EN_BASES_ACTUALES,SIN_FUENTE,NULA,REVISAR_CORRECTO_SIN_FUENTE,SIN_FUENTE_EXPLICITA_EN_BASES_ACTUALES
I162S2C111J4V1,9,NOTAS_ENS_MEDIA,REVISAR,,SIN_FUENTE_EXPLICITA_EN_BASES_ACTUALES,SIN_FUENTE,NULA,REVISAR_CORRECTO_SIN_FUENTE,SIN_FUENTE_EXPLICITA_EN_BASES_ACTUALES
I162S2C111J4V1,9,PROMEDIO_MIN_ENS_MEDIA,REVISAR,,SIN_FUENTE_EXPLICITA_EN_BASES_ACTUALES,SIN_FUENTE,NULA,REVISAR_CORRECTO_SIN_FUENTE,SIN_FUENTE_EXPLICITA_EN_BASES_ACTUALES
I162S2C111J4V1,9,RECONOCIMIENTOS_APREN_PREVIOS,REVISAR,,SIN_FUENTE_EXPLICITA_EN_BASES_ACTUALES,SIN_FUENTE,NULA,REVISAR_CORRECTO_SIN_FUENTE,SIN_FUENTE_EXPLICITA_EN_BASES_ACTUALES
I162S2C111J4V1,9,EXPERIENCIA_LABORAL,REVISAR,,SIN_FUENTE_EXPLICITA_EN_BASES_ACTUALES,SIN_FUENTE,NULA,REVISAR_CORRECTO_SIN_FUENTE,SIN_FUENTE_EXPLICITA_EN_BASES_ACTUALES
I162S2C111J4V1,9,OTROS_REQUISITOS,REVISAR,,SIN_FUENTE_EXPLICITA_EN_BASES_ACTUALES,SIN_FUENTE,NULA,REVISAR_CORRECTO_SIN_FUENTE,SIN_FUENTE_EXPLICITA_EN_BASES_ACTUALES
I162S2C111J4V1,9,MAIL_DIFUSION_CARRERA,REVISAR,,SIN_FUENTE_ARANCELARIA_EN_BASES_ACTUALES,SIN_FUENTE,NULA,REVISAR_CORRECTO_SIN_FUENTE,SIN_FUENTE_ARANCELARIA_EN_BASES_ACTUALES
I162S2C111J4V1,9,FORMATO_VALOR,REVISAR,,SIN_FUENTE_ARANCELARIA_EN_BASES_ACTUALES,SIN_FUENTE,NULA,REVISAR_CORRECTO_SIN_FUENTE,SIN_FUENTE_ARANCELARIA_EN_BASES_ACTUALES
I162S2C111J4V1,9,VALOR_MATRICULA_ANUAL,REVISAR,,SIN_FUENTE_ARANCELARIA_EN_BASES_ACTUALES,SIN_FUENTE,NULA,REVISAR_CORRECTO_SIN_FUENTE,SIN_FUENTE_ARANCELARIA_EN_BASES_ACTUALES
I162S2C111J4V1,9,COSTO_TITULACION,REVISAR,,SIN_FUENTE_ARANCELARIA_EN_BASES_ACTUALES,SIN_FUENTE,NULA,REVISAR_CORRECTO_SIN_FUENTE,SIN_FUENTE_ARANCELARIA_EN_BASES_ACTUALES
I162S2C111J4V1,9,VALOR_CERTIFICADO_DIPLOMA,REVISAR,,SIN_FUENTE_ARANCELARIA_EN_BASES_ACTUALES,SIN_FUENTE,NULA,REVISAR_CORRECTO_SIN_FUENTE,SIN_FUENTE_ARANCELARIA_EN_BASES_ACTUALES
I162S2C111J4V1,9,ARANCEL_ANUAL,REVISAR,,SIN_FUENTE_ARANCELARIA_EN_BASES_ACTUALES,SIN_FUENTE,NULA,REVISAR_CORRECTO_SIN_FUENTE,SIN_FUENTE_ARANCELARIA_EN_BASES_ACTUALES
I162S2C111J4V1,9,VIGENCIA_CARRERA,REVISAR,,SIN_FUENTE_EXPLICITA_EN_BASES_ACTUALES,SIN_FUENTE,NULA,REVISAR_CORRECTO_SIN_FUENTE,SIN_FUENTE_EXPLICITA_EN_BASES_ACTUALES
I162S2C111J4V2,10,Mención o Especialidad,REVISAR,,SIN_FUENTE_EXPLICITA_EN_BASES_ACTUALES,SIN_FUENTE,NULA,REVISAR_CORRECTO_SIN_FUENTE,SIN_FUENTE_EXPLICITA_EN_BASES_ACTUALES
I162S2C111J4V2,10,Detalle del Tipo de Programa (especiales),REVISAR,,SIN_FUENTE_DETALLE_PROGRAMA_ESPECIAL,SIN_FUENTE,NULA,REVISAR_CORRECTO_SIN_FUENTE,Programa especial sin detalle validado.
I162S2C111J4V2,10,Área del Conocimiento,REVISAR,1,DICCIONARIO.AREA_ACTUAL,REGLA_CONDICIONAL,MEDIA,COMPLETABLE_POR_REGLA_CONDICIONAL,Existe código técnico; falta confirmar formato/etiqueta final aceptada por formulario.
I162S2C111J4V2,10,Sub Área,REVISAR,,SIN_TABLA_OFICIAL_DE_EQUIVALENCIA_AREA,SIN_FUENTE,NULA,REVISAR_CORRECTO_SIN_FUENTE,SIN_TABLA_OFICIAL_DE_EQUIVALENCIA_AREA
I162S2C111J4V2,10,Carrera Genérica,REVISAR,,SIN_TABLA_OFICIAL_DE_EQUIVALENCIA_AREA,SIN_FUENTE,NULA,REVISAR_CORRECTO_SIN_FUENTE,SIN_TABLA_OFICIAL_DE_EQUIVALENCIA_AREA
I162S2C111J4V2,10,Grado Académico que otorga el programa,REVISAR,,SIN_FUENTE_EXPLICITA_EN_BASES_ACTUALES,SIN_FUENTE,NULA,REVISAR_CORRECTO_SIN_FUENTE,SIN_FUENTE_EXPLICITA_EN_BASES_ACTUALES
I162S2C111J4V2,10,Dependencia,REVISAR,,SIN_FUENTE_EXPLICITA_EN_BASES_ACTUALES,SIN_FUENTE,NULA,REVISAR_CORRECTO_SIN_FUENTE,SIN_FUENTE_EXPLICITA_EN_BASES_ACTUALES
I162S2C111J4V2,10,Régimen,REVISAR,2,DICCIONARIO.REGIMEN,REGLA_CONDICIONAL,MEDIA,COMPLETABLE_POR_REGLA_CONDICIONAL,Existe código técnico; falta confirmar formato/etiqueta final aceptada por formulario.
I162S2C111J4V2,10,Ingreso Directo,REVISAR,2,DICCIONARIO.REQUISITO_INGRESO,REGLA_CONDICIONAL,MEDIA,COMPLETABLE_POR_REGLA_CONDICIONAL,Existe código técnico; falta confirmar formato/etiqueta final aceptada por formulario.
I162S2C111J4V2,10,Ingreso desde un plan Común,REVISAR,,SIN_FUENTE_EXPLICITA_EN_BASES_ACTUALES,SIN_FUENTE,NULA,REVISAR_CORRECTO_SIN_FUENTE,SIN_FUENTE_EXPLICITA_EN_BASES_ACTUALES
I162S2C111J4V2,10,Ingreso desde Bachillerato,REVISAR,,SIN_FUENTE_EXPLICITA_EN_BASES_ACTUALES,SIN_FUENTE,NULA,REVISAR_CORRECTO_SIN_FUENTE,SIN_FUENTE_EXPLICITA_EN_BASES_ACTUALES
I162S2C111J4V2,10,Otro Tipo de Ingreso,REVISAR,,SIN_FUENTE_EXPLICITA_EN_BASES_ACTUALES,SIN_FUENTE,NULA,REVISAR_CORRECTO_SIN_FUENTE,SIN_FUENTE_EXPLICITA_EN_BASES_ACTUALES
I162S2C111J4V2,10,Ingreso otro,REVISAR,,SIN_FUENTE_EXPLICITA_EN_BASES_ACTUALES,SIN_FUENTE,NULA,REVISAR_CORRECTO_SIN_FUENTE,SIN_FUENTE_EXPLICITA_EN_BASES_ACTUALES
I162S2C111J4V2,10,FECHA_ADMISION_INICIAL,REVISAR,,SIN_FUENTE_ARANCELARIA_EN_BASES_ACTUALES,SIN_FUENTE,NULA,REVISAR_CORRECTO_SIN_FUENTE,SIN_FUENTE_ARANCELARIA_EN_BASES_ACTUALES
I162S2C111J4V2,10,MALLA_CURRICULAR,REVISAR,,SIN_FUENTE_ARANCELARIA_EN_BASES_ACTUALES,SIN_FUENTE,NULA,REVISAR_CORRECTO_SIN_FUENTE,SIN_FUENTE_ARANCELARIA_EN_BASES_ACTUALES
I162S2C111J4V2,10,PERFIL_EGRESO,REVISAR,,SIN_FUENTE_ARANCELARIA_EN_BASES_ACTUALES,SIN_FUENTE,NULA,REVISAR_CORRECTO_SIN_FUENTE,SIN_FUENTE_ARANCELARIA_EN_BASES_ACTUALES
I162S2C111J4V2,10,TEXTO_REQUISITO_INGRESO,REVISAR,,SIN_FUENTE_EXPLICITA_EN_BASES_ACTUALES,SIN_FUENTE,NULA,REVISAR_CORRECTO_SIN_FUENTE,SIN_FUENTE_EXPLICITA_EN_BASES_ACTUALES
I162S2C111J4V2,10,LICENCIA_ENS_MEDIA,REVISAR,,SIN_FUENTE_EXPLICITA_EN_BASES_ACTUALES,SIN_FUENTE,NULA,REVISAR_CORRECTO_SIN_FUENTE,SIN_FUENTE_EXPLICITA_EN_BASES_ACTUALES
I162S2C111J4V2,10,NOTAS_ENS_MEDIA,REVISAR,,SIN_FUENTE_EXPLICITA_EN_BASES_ACTUALES,SIN_FUENTE,NULA,REVISAR_CORRECTO_SIN_FUENTE,SIN_FUENTE_EXPLICITA_EN_BASES_ACTUALES
I162S2C111J4V2,10,PROMEDIO_MIN_ENS_MEDIA,REVISAR,,SIN_FUENTE_EXPLICITA_EN_BASES_ACTUALES,SIN_FUENTE,NULA,REVISAR_CORRECTO_SIN_FUENTE,SIN_FUENTE_EXPLICITA_EN_BASES_ACTUALES
I162S2C111J4V2,10,RECONOCIMIENTOS_APREN_PREVIOS,REVISAR,,SIN_FUENTE_EXPLICITA_EN_BASES_ACTUALES,SIN_FUENTE,NULA,REVISAR_CORRECTO_SIN_FUENTE,SIN_FUENTE_EXPLICITA_EN_BASES_ACTUALES
I162S2C111J4V2,10,EXPERIENCIA_LABORAL,REVISAR,,SIN_FUENTE_EXPLICITA_EN_BASES_ACTUALES,SIN_FUENTE,NULA,REVISAR_CORRECTO_SIN_FUENTE,SIN_FUENTE_EXPLICITA_EN_BASES_ACTUALES
I162S2C111J4V2,10,OTROS_REQUISITOS,REVISAR,,SIN_FUENTE_EXPLICITA_EN_BASES_ACTUALES,SIN_FUENTE,NULA,REVISAR_CORRECTO_SIN_FUENTE,SIN_FUENTE_EXPLICITA_EN_BASES_ACTUALES
I162S2C111J4V2,10,MAIL_DIFUSION_CARRERA,REVISAR,,SIN_FUENTE_ARANCELARIA_EN_BASES_ACTUALES,SIN_FUENTE,NULA,REVISAR_CORRECTO_SIN_FUENTE,SIN_FUENTE_ARANCELARIA_EN_BASES_ACTUALES
I162S2C111J4V2,10,FORMATO_VALOR,REVISAR,,SIN_FUENTE_ARANCELARIA_EN_BASES_ACTUALES,SIN_FUENTE,NULA,REVISAR_CORRECTO_SIN_FUENTE,SIN_FUENTE_ARANCELARIA_EN_BASES_ACTUALES
I162S2C111J4V2,10,VALOR_MATRICULA_ANUAL,REVISAR,,SIN_FUENTE_ARANCELARIA_EN_BASES_ACTUALES,SIN_FUENTE,NULA,REVISAR_CORRECTO_SIN_FUENTE,SIN_FUENTE_ARANCELARIA_EN_BASES_ACTUALES
I162S2C111J4V2,10,COSTO_TITULACION,REVISAR,,SIN_FUENTE_ARANCELARIA_EN_BASES_ACTUALES,SIN_FUENTE,NULA,REVISAR_CORRECTO_SIN_FUENTE,SIN_FUENTE_ARANCELARIA_EN_BASES_ACTUALES
I162S2C111J4V2,10,VALOR_CERTIFICADO_DIPLOMA,REVISAR,,SIN_FUENTE_ARANCELARIA_EN_BASES_ACTUALES,SIN_FUENTE,NULA,REVISAR_CORRECTO_SIN_FUENTE,SIN_FUENTE_ARANCELARIA_EN_BASES_ACTUALES
I162S2C111J4V2,10,ARANCEL_ANUAL,REVISAR,,SIN_FUENTE_ARANCELARIA_EN_BASES_ACTUALES,SIN_FUENTE,NULA,REVISAR_CORRECTO_SIN_FUENTE,SIN_FUENTE_ARANCELARIA_EN_BASES_ACTUALES
I162S2C111J4V2,10,VIGENCIA_CARRERA,REVISAR,,SIN_FUENTE_EXPLICITA_EN_BASES_ACTUALES,SIN_FUENTE,NULA,REVISAR_CORRECTO_SIN_FUENTE,SIN_FUENTE_EXPLICITA_EN_BASES_ACTUALES
I162S2C112J4V1,11,Mención o Especialidad,REVISAR,,SIN_FUENTE_EXPLICITA_EN_BASES_ACTUALES,SIN_FUENTE,NULA,REVISAR_CORRECTO_SIN_FUENTE,SIN_FUENTE_EXPLICITA_EN_BASES_ACTUALES
I162S2C112J4V1,11,Área del Conocimiento,REVISAR,1,DICCIONARIO.AREA_ACTUAL,REGLA_CONDICIONAL,MEDIA,COMPLETABLE_POR_REGLA_CONDICIONAL,Existe código técnico; falta confirmar formato/etiqueta final aceptada por formulario.
I162S2C112J4V1,11,Sub Área,REVISAR,,SIN_TABLA_OFICIAL_DE_EQUIVALENCIA_AREA,SIN_FUENTE,NULA,REVISAR_CORRECTO_SIN_FUENTE,SIN_TABLA_OFICIAL_DE_EQUIVALENCIA_AREA
I162S2C112J4V1,11,Carrera Genérica,REVISAR,,SIN_TABLA_OFICIAL_DE_EQUIVALENCIA_AREA,SIN_FUENTE,NULA,REVISAR_CORRECTO_SIN_FUENTE,SIN_TABLA_OFICIAL_DE_EQUIVALENCIA_AREA
I162S2C112J4V1,11,Grado Académico que otorga el programa,REVISAR,,SIN_FUENTE_EXPLICITA_EN_BASES_ACTUALES,SIN_FUENTE,NULA,REVISAR_CORRECTO_SIN_FUENTE,SIN_FUENTE_EXPLICITA_EN_BASES_ACTUALES
I162S2C112J4V1,11,Dependencia,REVISAR,,SIN_FUENTE_EXPLICITA_EN_BASES_ACTUALES,SIN_FUENTE,NULA,REVISAR_CORRECTO_SIN_FUENTE,SIN_FUENTE_EXPLICITA_EN_BASES_ACTUALES
I162S2C112J4V1,11,Régimen,REVISAR,2,DICCIONARIO.REGIMEN,REGLA_CONDICIONAL,MEDIA,COMPLETABLE_POR_REGLA_CONDICIONAL,Existe código técnico; falta confirmar formato/etiqueta final aceptada por formulario.
I162S2C112J4V1,11,Ingreso Directo,REVISAR,1,DICCIONARIO.REQUISITO_INGRESO,REGLA_CONDICIONAL,MEDIA,COMPLETABLE_POR_REGLA_CONDICIONAL,Existe código técnico; falta confirmar formato/etiqueta final aceptada por formulario.
I162S2C112J4V1,11,Ingreso desde un plan Común,REVISAR,,SIN_FUENTE_EXPLICITA_EN_BASES_ACTUALES,SIN_FUENTE,NULA,REVISAR_CORRECTO_SIN_FUENTE,SIN_FUENTE_EXPLICITA_EN_BASES_ACTUALES
I162S2C112J4V1,11,Ingreso desde Bachillerato,REVISAR,,SIN_FUENTE_EXPLICITA_EN_BASES_ACTUALES,SIN_FUENTE,NULA,REVISAR_CORRECTO_SIN_FUENTE,SIN_FUENTE_EXPLICITA_EN_BASES_ACTUALES
I162S2C112J4V1,11,Otro Tipo de Ingreso,REVISAR,,SIN_FUENTE_EXPLICITA_EN_BASES_ACTUALES,SIN_FUENTE,NULA,REVISAR_CORRECTO_SIN_FUENTE,SIN_FUENTE_EXPLICITA_EN_BASES_ACTUALES
I162S2C112J4V1,11,Ingreso otro,REVISAR,,SIN_FUENTE_EXPLICITA_EN_BASES_ACTUALES,SIN_FUENTE,NULA,REVISAR_CORRECTO_SIN_FUENTE,SIN_FUENTE_EXPLICITA_EN_BASES_ACTUALES
I162S2C112J4V1,11,FECHA_ADMISION_INICIAL,REVISAR,,SIN_FUENTE_ARANCELARIA_EN_BASES_ACTUALES,SIN_FUENTE,NULA,REVISAR_CORRECTO_SIN_FUENTE,SIN_FUENTE_ARANCELARIA_EN_BASES_ACTUALES
I162S2C112J4V1,11,MALLA_CURRICULAR,REVISAR,,SIN_FUENTE_ARANCELARIA_EN_BASES_ACTUALES,SIN_FUENTE,NULA,REVISAR_CORRECTO_SIN_FUENTE,SIN_FUENTE_ARANCELARIA_EN_BASES_ACTUALES
I162S2C112J4V1,11,PERFIL_EGRESO,REVISAR,,SIN_FUENTE_ARANCELARIA_EN_BASES_ACTUALES,SIN_FUENTE,NULA,REVISAR_CORRECTO_SIN_FUENTE,SIN_FUENTE_ARANCELARIA_EN_BASES_ACTUALES
I162S2C112J4V1,11,TEXTO_REQUISITO_INGRESO,REVISAR,,SIN_FUENTE_EXPLICITA_EN_BASES_ACTUALES,SIN_FUENTE,NULA,REVISAR_CORRECTO_SIN_FUENTE,SIN_FUENTE_EXPLICITA_EN_BASES_ACTUALES
I162S2C112J4V1,11,LICENCIA_ENS_MEDIA,REVISAR,,SIN_FUENTE_EXPLICITA_EN_BASES_ACTUALES,SIN_FUENTE,NULA,REVISAR_CORRECTO_SIN_FUENTE,SIN_FUENTE_EXPLICITA_EN_BASES_ACTUALES
I162S2C112J4V1,11,NOTAS_ENS_MEDIA,REVISAR,,SIN_FUENTE_EXPLICITA_EN_BASES_ACTUALES,SIN_FUENTE,NULA,REVISAR_CORRECTO_SIN_FUENTE,SIN_FUENTE_EXPLICITA_EN_BASES_ACTUALES
I162S2C112J4V1,11,PROMEDIO_MIN_ENS_MEDIA,REVISAR,,SIN_FUENTE_EXPLICITA_EN_BASES_ACTUALES,SIN_FUENTE,NULA,REVISAR_CORRECTO_SIN_FUENTE,SIN_FUENTE_EXPLICITA_EN_BASES_ACTUALES
I162S2C112J4V1,11,RECONOCIMIENTOS_APREN_PREVIOS,REVISAR,,SIN_FUENTE_EXPLICITA_EN_BASES_ACTUALES,SIN_FUENTE,NULA,REVISAR_CORRECTO_SIN_FUENTE,SIN_FUENTE_EXPLICITA_EN_BASES_ACTUALES
I162S2C112J4V1,11,EXPERIENCIA_LABORAL,REVISAR,,SIN_FUENTE_EXPLICITA_EN_BASES_ACTUALES,SIN_FUENTE,NULA,REVISAR_CORRECTO_SIN_FUENTE,SIN_FUENTE_EXPLICITA_EN_BASES_ACTUALES
I162S2C112J4V1,11,OTROS_REQUISITOS,REVISAR,,SIN_FUENTE_EXPLICITA_EN_BASES_ACTUALES,SIN_FUENTE,NULA,REVISAR_CORRECTO_SIN_FUENTE,SIN_FUENTE_EXPLICITA_EN_BASES_ACTUALES
I162S2C112J4V1,11,MAIL_DIFUSION_CARRERA,REVISAR,,SIN_FUENTE_ARANCELARIA_EN_BASES_ACTUALES,SIN_FUENTE,NULA,REVISAR_CORRECTO_SIN_FUENTE,SIN_FUENTE_ARANCELARIA_EN_BASES_ACTUALES
I162S2C112J4V1,11,FORMATO_VALOR,REVISAR,,SIN_FUENTE_ARANCELARIA_EN_BASES_ACTUALES,SIN_FUENTE,NULA,REVISAR_CORRECTO_SIN_FUENTE,SIN_FUENTE_ARANCELARIA_EN_BASES_ACTUALES
I162S2C112J4V1,11,VALOR_MATRICULA_ANUAL,REVISAR,,SIN_FUENTE_ARANCELARIA_EN_BASES_ACTUALES,SIN_FUENTE,NULA,REVISAR_CORRECTO_SIN_FUENTE,SIN_FUENTE_ARANCELARIA_EN_BASES_ACTUALES
I162S2C112J4V1,11,COSTO_TITULACION,REVISAR,,SIN_FUENTE_ARANCELARIA_EN_BASES_ACTUALES,SIN_FUENTE,NULA,REVISAR_CORRECTO_SIN_FUENTE,SIN_FUENTE_ARANCELARIA_EN_BASES_ACTUALES
I162S2C112J4V1,11,VALOR_CERTIFICADO_DIPLOMA,REVISAR,,SIN_FUENTE_ARANCELARIA_EN_BASES_ACTUALES,SIN_FUENTE,NULA,REVISAR_CORRECTO_SIN_FUENTE,SIN_FUENTE_ARANCELARIA_EN_BASES_ACTUALES
I162S2C112J4V1,11,ARANCEL_ANUAL,REVISAR,,SIN_FUENTE_ARANCELARIA_EN_BASES_ACTUALES,SIN_FUENTE,NULA,REVISAR_CORRECTO_SIN_FUENTE,SIN_FUENTE_ARANCELARIA_EN_BASES_ACTUALES
I162S2C112J4V1,11,VIGENCIA_CARRERA,REVISAR,,SIN_FUENTE_EXPLICITA_EN_BASES_ACTUALES,SIN_FUENTE,NULA,REVISAR_CORRECTO_SIN_FUENTE,SIN_FUENTE_EXPLICITA_EN_BASES_ACTUALES
I162S2C112J4V2,12,Mención o Especialidad,REVISAR,,SIN_FUENTE_EXPLICITA_EN_BASES_ACTUALES,SIN_FUENTE,NULA,REVISAR_CORRECTO_SIN_FUENTE,SIN_FUENTE_EXPLICITA_EN_BASES_ACTUALES
I162S2C112J4V2,12,Detalle del Tipo de Programa (especiales),REVISAR,,SIN_FUENTE_DETALLE_PROGRAMA_ESPECIAL,SIN_FUENTE,NULA,REVISAR_CORRECTO_SIN_FUENTE,Programa especial sin detalle validado.
I162S2C112J4V2,12,Área del Conocimiento,REVISAR,1,DICCIONARIO.AREA_ACTUAL,REGLA_CONDICIONAL,MEDIA,COMPLETABLE_POR_REGLA_CONDICIONAL,Existe código técnico; falta confirmar formato/etiqueta final aceptada por formulario.
I162S2C112J4V2,12,Sub Área,REVISAR,,SIN_TABLA_OFICIAL_DE_EQUIVALENCIA_AREA,SIN_FUENTE,NULA,REVISAR_CORRECTO_SIN_FUENTE,SIN_TABLA_OFICIAL_DE_EQUIVALENCIA_AREA
I162S2C112J4V2,12,Carrera Genérica,REVISAR,,SIN_TABLA_OFICIAL_DE_EQUIVALENCIA_AREA,SIN_FUENTE,NULA,REVISAR_CORRECTO_SIN_FUENTE,SIN_TABLA_OFICIAL_DE_EQUIVALENCIA_AREA
I162S2C112J4V2,12,Grado Académico que otorga el programa,REVISAR,,SIN_FUENTE_EXPLICITA_EN_BASES_ACTUALES,SIN_FUENTE,NULA,REVISAR_CORRECTO_SIN_FUENTE,SIN_FUENTE_EXPLICITA_EN_BASES_ACTUALES
I162S2C112J4V2,12,Dependencia,REVISAR,,SIN_FUENTE_EXPLICITA_EN_BASES_ACTUALES,SIN_FUENTE,NULA,REVISAR_CORRECTO_SIN_FUENTE,SIN_FUENTE_EXPLICITA_EN_BASES_ACTUALES
I162S2C112J4V2,12,Régimen,REVISAR,2,DICCIONARIO.REGIMEN,REGLA_CONDICIONAL,MEDIA,COMPLETABLE_POR_REGLA_CONDICIONAL,Existe código técnico; falta confirmar formato/etiqueta final aceptada por formulario.
I162S2C112J4V2,12,Ingreso Directo,REVISAR,2,DICCIONARIO.REQUISITO_INGRESO,REGLA_CONDICIONAL,MEDIA,COMPLETABLE_POR_REGLA_CONDICIONAL,Existe código técnico; falta confirmar formato/etiqueta final aceptada por formulario.
I162S2C112J4V2,12,Ingreso desde un plan Común,REVISAR,,SIN_FUENTE_EXPLICITA_EN_BASES_ACTUALES,SIN_FUENTE,NULA,REVISAR_CORRECTO_SIN_FUENTE,SIN_FUENTE_EXPLICITA_EN_BASES_ACTUALES
I162S2C112J4V2,12,Ingreso desde Bachillerato,REVISAR,,SIN_FUENTE_EXPLICITA_EN_BASES_ACTUALES,SIN_FUENTE,NULA,REVISAR_CORRECTO_SIN_FUENTE,SIN_FUENTE_EXPLICITA_EN_BASES_ACTUALES
I162S2C112J4V2,12,Otro Tipo de Ingreso,REVISAR,,SIN_FUENTE_EXPLICITA_EN_BASES_ACTUALES,SIN_FUENTE,NULA,REVISAR_CORRECTO_SIN_FUENTE,SIN_FUENTE_EXPLICITA_EN_BASES_ACTUALES
I162S2C112J4V2,12,Ingreso otro,REVISAR,,SIN_FUENTE_EXPLICITA_EN_BASES_ACTUALES,SIN_FUENTE,NULA,REVISAR_CORRECTO_SIN_FUENTE,SIN_FUENTE_EXPLICITA_EN_BASES_ACTUALES
I162S2C112J4V2,12,FECHA_ADMISION_INICIAL,REVISAR,,SIN_FUENTE_ARANCELARIA_EN_BASES_ACTUALES,SIN_FUENTE,NULA,REVISAR_CORRECTO_SIN_FUENTE,SIN_FUENTE_ARANCELARIA_EN_BASES_ACTUALES
I162S2C112J4V2,12,MALLA_CURRICULAR,REVISAR,,SIN_FUENTE_ARANCELARIA_EN_BASES_ACTUALES,SIN_FUENTE,NULA,REVISAR_CORRECTO_SIN_FUENTE,SIN_FUENTE_ARANCELARIA_EN_BASES_ACTUALES
I162S2C112J4V2,12,PERFIL_EGRESO,REVISAR,,SIN_FUENTE_ARANCELARIA_EN_BASES_ACTUALES,SIN_FUENTE,NULA,REVISAR_CORRECTO_SIN_FUENTE,SIN_FUENTE_ARANCELARIA_EN_BASES_ACTUALES
I162S2C112J4V2,12,TEXTO_REQUISITO_INGRESO,REVISAR,,SIN_FUENTE_EXPLICITA_EN_BASES_ACTUALES,SIN_FUENTE,NULA,REVISAR_CORRECTO_SIN_FUENTE,SIN_FUENTE_EXPLICITA_EN_BASES_ACTUALES
I162S2C112J4V2,12,LICENCIA_ENS_MEDIA,REVISAR,,SIN_FUENTE_EXPLICITA_EN_BASES_ACTUALES,SIN_FUENTE,NULA,REVISAR_CORRECTO_SIN_FUENTE,SIN_FUENTE_EXPLICITA_EN_BASES_ACTUALES
I162S2C112J4V2,12,NOTAS_ENS_MEDIA,REVISAR,,SIN_FUENTE_EXPLICITA_EN_BASES_ACTUALES,SIN_FUENTE,NULA,REVISAR_CORRECTO_SIN_FUENTE,SIN_FUENTE_EXPLICITA_EN_BASES_ACTUALES
I162S2C112J4V2,12,PROMEDIO_MIN_ENS_MEDIA,REVISAR,,SIN_FUENTE_EXPLICITA_EN_BASES_ACTUALES,SIN_FUENTE,NULA,REVISAR_CORRECTO_SIN_FUENTE,SIN_FUENTE_EXPLICITA_EN_BASES_ACTUALES
I162S2C112J4V2,12,RECONOCIMIENTOS_APREN_PREVIOS,REVISAR,,SIN_FUENTE_EXPLICITA_EN_BASES_ACTUALES,SIN_FUENTE,NULA,REVISAR_CORRECTO_SIN_FUENTE,SIN_FUENTE_EXPLICITA_EN_BASES_ACTUALES
I162S2C112J4V2,12,EXPERIENCIA_LABORAL,REVISAR,,SIN_FUENTE_EXPLICITA_EN_BASES_ACTUALES,SIN_FUENTE,NULA,REVISAR_CORRECTO_SIN_FUENTE,SIN_FUENTE_EXPLICITA_EN_BASES_ACTUALES
I162S2C112J4V2,12,OTROS_REQUISITOS,REVISAR,,SIN_FUENTE_EXPLICITA_EN_BASES_ACTUALES,SIN_FUENTE,NULA,REVISAR_CORRECTO_SIN_FUENTE,SIN_FUENTE_EXPLICITA_EN_BASES_ACTUALES
I162S2C112J4V2,12,MAIL_DIFUSION_CARRERA,REVISAR,,SIN_FUENTE_ARANCELARIA_EN_BASES_ACTUALES,SIN_FUENTE,NULA,REVISAR_CORRECTO_SIN_FUENTE,SIN_FUENTE_ARANCELARIA_EN_BASES_ACTUALES
I162S2C112J4V2,12,FORMATO_VALOR,REVISAR,,SIN_FUENTE_ARANCELARIA_EN_BASES_ACTUALES,SIN_FUENTE,NULA,REVISAR_CORRECTO_SIN_FUENTE,SIN_FUENTE_ARANCELARIA_EN_BASES_ACTUALES
I162S2C112J4V2,12,VALOR_MATRICULA_ANUAL,REVISAR,,SIN_FUENTE_ARANCELARIA_EN_BASES_ACTUALES,SIN_FUENTE,NULA,REVISAR_CORRECTO_SIN_FUENTE,SIN_FUENTE_ARANCELARIA_EN_BASES_ACTUALES
I162S2C112J4V2,12,COSTO_TITULACION,REVISAR,,SIN_FUENTE_ARANCELARIA_EN_BASES_ACTUALES,SIN_FUENTE,NULA,REVISAR_CORRECTO_SIN_FUENTE,SIN_FUENTE_ARANCELARIA_EN_BASES_ACTUALES
I162S2C112J4V2,12,VALOR_CERTIFICADO_DIPLOMA,REVISAR,,SIN_FUENTE_ARANCELARIA_EN_BASES_ACTUALES,SIN_FUENTE,NULA,REVISAR_CORRECTO_SIN_FUENTE,SIN_FUENTE_ARANCELARIA_EN_BASES_ACTUALES
I162S2C112J4V2,12,ARANCEL_ANUAL,REVISAR,,SIN_FUENTE_ARANCELARIA_EN_BASES_ACTUALES,SIN_FUENTE,NULA,REVISAR_CORRECTO_SIN_FUENTE,SIN_FUENTE_ARANCELARIA_EN_BASES_ACTUALES
I162S2C112J4V2,12,VIGENCIA_CARRERA,REVISAR,,SIN_FUENTE_EXPLICITA_EN_BASES_ACTUALES,SIN_FUENTE,NULA,REVISAR_CORRECTO_SIN_FUENTE,SIN_FUENTE_EXPLICITA_EN_BASES_ACTUALES
I162S2C113J4V1,13,Mención o Especialidad,REVISAR,,SIN_FUENTE_EXPLICITA_EN_BASES_ACTUALES,SIN_FUENTE,NULA,REVISAR_CORRECTO_SIN_FUENTE,SIN_FUENTE_EXPLICITA_EN_BASES_ACTUALES
I162S2C113J4V1,13,Área del Conocimiento,REVISAR,1,DICCIONARIO.AREA_ACTUAL,REGLA_CONDICIONAL,MEDIA,COMPLETABLE_POR_REGLA_CONDICIONAL,Existe código técnico; falta confirmar formato/etiqueta final aceptada por formulario.
I162S2C113J4V1,13,Sub Área,REVISAR,,SIN_TABLA_OFICIAL_DE_EQUIVALENCIA_AREA,SIN_FUENTE,NULA,REVISAR_CORRECTO_SIN_FUENTE,SIN_TABLA_OFICIAL_DE_EQUIVALENCIA_AREA
I162S2C113J4V1,13,Carrera Genérica,REVISAR,,SIN_TABLA_OFICIAL_DE_EQUIVALENCIA_AREA,SIN_FUENTE,NULA,REVISAR_CORRECTO_SIN_FUENTE,SIN_TABLA_OFICIAL_DE_EQUIVALENCIA_AREA
I162S2C113J4V1,13,Grado Académico que otorga el programa,REVISAR,,SIN_FUENTE_EXPLICITA_EN_BASES_ACTUALES,SIN_FUENTE,NULA,REVISAR_CORRECTO_SIN_FUENTE,SIN_FUENTE_EXPLICITA_EN_BASES_ACTUALES
I162S2C113J4V1,13,Dependencia,REVISAR,,SIN_FUENTE_EXPLICITA_EN_BASES_ACTUALES,SIN_FUENTE,NULA,REVISAR_CORRECTO_SIN_FUENTE,SIN_FUENTE_EXPLICITA_EN_BASES_ACTUALES
I162S2C113J4V1,13,Régimen,REVISAR,2,DICCIONARIO.REGIMEN,REGLA_CONDICIONAL,MEDIA,COMPLETABLE_POR_REGLA_CONDICIONAL,Existe código técnico; falta confirmar formato/etiqueta final aceptada por formulario.
I162S2C113J4V1,13,Ingreso Directo,REVISAR,1,DICCIONARIO.REQUISITO_INGRESO,REGLA_CONDICIONAL,MEDIA,COMPLETABLE_POR_REGLA_CONDICIONAL,Existe código técnico; falta confirmar formato/etiqueta final aceptada por formulario.
I162S2C113J4V1,13,Ingreso desde un plan Común,REVISAR,,SIN_FUENTE_EXPLICITA_EN_BASES_ACTUALES,SIN_FUENTE,NULA,REVISAR_CORRECTO_SIN_FUENTE,SIN_FUENTE_EXPLICITA_EN_BASES_ACTUALES
I162S2C113J4V1,13,Ingreso desde Bachillerato,REVISAR,,SIN_FUENTE_EXPLICITA_EN_BASES_ACTUALES,SIN_FUENTE,NULA,REVISAR_CORRECTO_SIN_FUENTE,SIN_FUENTE_EXPLICITA_EN_BASES_ACTUALES
I162S2C113J4V1,13,Otro Tipo de Ingreso,REVISAR,,SIN_FUENTE_EXPLICITA_EN_BASES_ACTUALES,SIN_FUENTE,NULA,REVISAR_CORRECTO_SIN_FUENTE,SIN_FUENTE_EXPLICITA_EN_BASES_ACTUALES
I162S2C113J4V1,13,Ingreso otro,REVISAR,,SIN_FUENTE_EXPLICITA_EN_BASES_ACTUALES,SIN_FUENTE,NULA,REVISAR_CORRECTO_SIN_FUENTE,SIN_FUENTE_EXPLICITA_EN_BASES_ACTUALES
I162S2C113J4V1,13,FECHA_ADMISION_INICIAL,REVISAR,,SIN_FUENTE_ARANCELARIA_EN_BASES_ACTUALES,SIN_FUENTE,NULA,REVISAR_CORRECTO_SIN_FUENTE,SIN_FUENTE_ARANCELARIA_EN_BASES_ACTUALES
I162S2C113J4V1,13,MALLA_CURRICULAR,REVISAR,,SIN_FUENTE_ARANCELARIA_EN_BASES_ACTUALES,SIN_FUENTE,NULA,REVISAR_CORRECTO_SIN_FUENTE,SIN_FUENTE_ARANCELARIA_EN_BASES_ACTUALES
I162S2C113J4V1,13,PERFIL_EGRESO,REVISAR,,SIN_FUENTE_ARANCELARIA_EN_BASES_ACTUALES,SIN_FUENTE,NULA,REVISAR_CORRECTO_SIN_FUENTE,SIN_FUENTE_ARANCELARIA_EN_BASES_ACTUALES
I162S2C113J4V1,13,TEXTO_REQUISITO_INGRESO,REVISAR,,SIN_FUENTE_EXPLICITA_EN_BASES_ACTUALES,SIN_FUENTE,NULA,REVISAR_CORRECTO_SIN_FUENTE,SIN_FUENTE_EXPLICITA_EN_BASES_ACTUALES
I162S2C113J4V1,13,LICENCIA_ENS_MEDIA,REVISAR,,SIN_FUENTE_EXPLICITA_EN_BASES_ACTUALES,SIN_FUENTE,NULA,REVISAR_CORRECTO_SIN_FUENTE,SIN_FUENTE_EXPLICITA_EN_BASES_ACTUALES
I162S2C113J4V1,13,NOTAS_ENS_MEDIA,REVISAR,,SIN_FUENTE_EXPLICITA_EN_BASES_ACTUALES,SIN_FUENTE,NULA,REVISAR_CORRECTO_SIN_FUENTE,SIN_FUENTE_EXPLICITA_EN_BASES_ACTUALES
I162S2C113J4V1,13,PROMEDIO_MIN_ENS_MEDIA,REVISAR,,SIN_FUENTE_EXPLICITA_EN_BASES_ACTUALES,SIN_FUENTE,NULA,REVISAR_CORRECTO_SIN_FUENTE,SIN_FUENTE_EXPLICITA_EN_BASES_ACTUALES
I162S2C113J4V1,13,RECONOCIMIENTOS_APREN_PREVIOS,REVISAR,,SIN_FUENTE_EXPLICITA_EN_BASES_ACTUALES,SIN_FUENTE,NULA,REVISAR_CORRECTO_SIN_FUENTE,SIN_FUENTE_EXPLICITA_EN_BASES_ACTUALES
I162S2C113J4V1,13,EXPERIENCIA_LABORAL,REVISAR,,SIN_FUENTE_EXPLICITA_EN_BASES_ACTUALES,SIN_FUENTE,NULA,REVISAR_CORRECTO_SIN_FUENTE,SIN_FUENTE_EXPLICITA_EN_BASES_ACTUALES
I162S2C113J4V1,13,OTROS_REQUISITOS,REVISAR,,SIN_FUENTE_EXPLICITA_EN_BASES_ACTUALES,SIN_FUENTE,NULA,REVISAR_CORRECTO_SIN_FUENTE,SIN_FUENTE_EXPLICITA_EN_BASES_ACTUALES
I162S2C113J4V1,13,MAIL_DIFUSION_CARRERA,REVISAR,,SIN_FUENTE_ARANCELARIA_EN_BASES_ACTUALES,SIN_FUENTE,NULA,REVISAR_CORRECTO_SIN_FUENTE,SIN_FUENTE_ARANCELARIA_EN_BASES_ACTUALES
I162S2C113J4V1,13,FORMATO_VALOR,REVISAR,,SIN_FUENTE_ARANCELARIA_EN_BASES_ACTUALES,SIN_FUENTE,NULA,REVISAR_CORRECTO_SIN_FUENTE,SIN_FUENTE_ARANCELARIA_EN_BASES_ACTUALES
I162S2C113J4V1,13,VALOR_MATRICULA_ANUAL,REVISAR,,SIN_FUENTE_ARANCELARIA_EN_BASES_ACTUALES,SIN_FUENTE,NULA,REVISAR_CORRECTO_SIN_FUENTE,SIN_FUENTE_ARANCELARIA_EN_BASES_ACTUALES
I162S2C113J4V1,13,COSTO_TITULACION,REVISAR,,SIN_FUENTE_ARANCELARIA_EN_BASES_ACTUALES,SIN_FUENTE,NULA,REVISAR_CORRECTO_SIN_FUENTE,SIN_FUENTE_ARANCELARIA_EN_BASES_ACTUALES
I162S2C113J4V1,13,VALOR_CERTIFICADO_DIPLOMA,REVISAR,,SIN_FUENTE_ARANCELARIA_EN_BASES_ACTUALES,SIN_FUENTE,NULA,REVISAR_CORRECTO_SIN_FUENTE,SIN_FUENTE_ARANCELARIA_EN_BASES_ACTUALES
I162S2C113J4V1,13,ARANCEL_ANUAL,REVISAR,,SIN_FUENTE_ARANCELARIA_EN_BASES_ACTUALES,SIN_FUENTE,NULA,REVISAR_CORRECTO_SIN_FUENTE,SIN_FUENTE_ARANCELARIA_EN_BASES_ACTUALES
I162S2C113J4V1,13,VIGENCIA_CARRERA,REVISAR,,SIN_FUENTE_EXPLICITA_EN_BASES_ACTUALES,SIN_FUENTE,NULA,REVISAR_CORRECTO_SIN_FUENTE,SIN_FUENTE_EXPLICITA_EN_BASES_ACTUALES
I162S2C113J4V2,14,Mención o Especialidad,REVISAR,,SIN_FUENTE_EXPLICITA_EN_BASES_ACTUALES,SIN_FUENTE,NULA,REVISAR_CORRECTO_SIN_FUENTE,SIN_FUENTE_EXPLICITA_EN_BASES_ACTUALES
I162S2C113J4V2,14,Detalle del Tipo de Programa (especiales),REVISAR,,SIN_FUENTE_DETALLE_PROGRAMA_ESPECIAL,SIN_FUENTE,NULA,REVISAR_CORRECTO_SIN_FUENTE,Programa especial sin detalle validado.
I162S2C113J4V2,14,Área del Conocimiento,REVISAR,1,DICCIONARIO.AREA_ACTUAL,REGLA_CONDICIONAL,MEDIA,COMPLETABLE_POR_REGLA_CONDICIONAL,Existe código técnico; falta confirmar formato/etiqueta final aceptada por formulario.
I162S2C113J4V2,14,Sub Área,REVISAR,,SIN_TABLA_OFICIAL_DE_EQUIVALENCIA_AREA,SIN_FUENTE,NULA,REVISAR_CORRECTO_SIN_FUENTE,SIN_TABLA_OFICIAL_DE_EQUIVALENCIA_AREA
I162S2C113J4V2,14,Carrera Genérica,REVISAR,,SIN_TABLA_OFICIAL_DE_EQUIVALENCIA_AREA,SIN_FUENTE,NULA,REVISAR_CORRECTO_SIN_FUENTE,SIN_TABLA_OFICIAL_DE_EQUIVALENCIA_AREA
I162S2C113J4V2,14,Grado Académico que otorga el programa,REVISAR,,SIN_FUENTE_EXPLICITA_EN_BASES_ACTUALES,SIN_FUENTE,NULA,REVISAR_CORRECTO_SIN_FUENTE,SIN_FUENTE_EXPLICITA_EN_BASES_ACTUALES
I162S2C113J4V2,14,Dependencia,REVISAR,,SIN_FUENTE_EXPLICITA_EN_BASES_ACTUALES,SIN_FUENTE,NULA,REVISAR_CORRECTO_SIN_FUENTE,SIN_FUENTE_EXPLICITA_EN_BASES_ACTUALES
I162S2C113J4V2,14,Régimen,REVISAR,2,DICCIONARIO.REGIMEN,REGLA_CONDICIONAL,MEDIA,COMPLETABLE_POR_REGLA_CONDICIONAL,Existe código técnico; falta confirmar formato/etiqueta final aceptada por formulario.
I162S2C113J4V2,14,Ingreso Directo,REVISAR,2,DICCIONARIO.REQUISITO_INGRESO,REGLA_CONDICIONAL,MEDIA,COMPLETABLE_POR_REGLA_CONDICIONAL,Existe código técnico; falta confirmar formato/etiqueta final aceptada por formulario.
I162S2C113J4V2,14,Ingreso desde un plan Común,REVISAR,,SIN_FUENTE_EXPLICITA_EN_BASES_ACTUALES,SIN_FUENTE,NULA,REVISAR_CORRECTO_SIN_FUENTE,SIN_FUENTE_EXPLICITA_EN_BASES_ACTUALES
I162S2C113J4V2,14,Ingreso desde Bachillerato,REVISAR,,SIN_FUENTE_EXPLICITA_EN_BASES_ACTUALES,SIN_FUENTE,NULA,REVISAR_CORRECTO_SIN_FUENTE,SIN_FUENTE_EXPLICITA_EN_BASES_ACTUALES
I162S2C113J4V2,14,Otro Tipo de Ingreso,REVISAR,,SIN_FUENTE_EXPLICITA_EN_BASES_ACTUALES,SIN_FUENTE,NULA,REVISAR_CORRECTO_SIN_FUENTE,SIN_FUENTE_EXPLICITA_EN_BASES_ACTUALES
I162S2C113J4V2,14,Ingreso otro,REVISAR,,SIN_FUENTE_EXPLICITA_EN_BASES_ACTUALES,SIN_FUENTE,NULA,REVISAR_CORRECTO_SIN_FUENTE,SIN_FUENTE_EXPLICITA_EN_BASES_ACTUALES
I162S2C113J4V2,14,FECHA_ADMISION_INICIAL,REVISAR,,SIN_FUENTE_ARANCELARIA_EN_BASES_ACTUALES,SIN_FUENTE,NULA,REVISAR_CORRECTO_SIN_FUENTE,SIN_FUENTE_ARANCELARIA_EN_BASES_ACTUALES
I162S2C113J4V2,14,MALLA_CURRICULAR,REVISAR,,SIN_FUENTE_ARANCELARIA_EN_BASES_ACTUALES,SIN_FUENTE,NULA,REVISAR_CORRECTO_SIN_FUENTE,SIN_FUENTE_ARANCELARIA_EN_BASES_ACTUALES
I162S2C113J4V2,14,PERFIL_EGRESO,REVISAR,,SIN_FUENTE_ARANCELARIA_EN_BASES_ACTUALES,SIN_FUENTE,NULA,REVISAR_CORRECTO_SIN_FUENTE,SIN_FUENTE_ARANCELARIA_EN_BASES_ACTUALES
I162S2C113J4V2,14,TEXTO_REQUISITO_INGRESO,REVISAR,,SIN_FUENTE_EXPLICITA_EN_BASES_ACTUALES,SIN_FUENTE,NULA,REVISAR_CORRECTO_SIN_FUENTE,SIN_FUENTE_EXPLICITA_EN_BASES_ACTUALES
I162S2C113J4V2,14,LICENCIA_ENS_MEDIA,REVISAR,,SIN_FUENTE_EXPLICITA_EN_BASES_ACTUALES,SIN_FUENTE,NULA,REVISAR_CORRECTO_SIN_FUENTE,SIN_FUENTE_EXPLICITA_EN_BASES_ACTUALES
I162S2C113J4V2,14,NOTAS_ENS_MEDIA,REVISAR,,SIN_FUENTE_EXPLICITA_EN_BASES_ACTUALES,SIN_FUENTE,NULA,REVISAR_CORRECTO_SIN_FUENTE,SIN_FUENTE_EXPLICITA_EN_BASES_ACTUALES
I162S2C113J4V2,14,PROMEDIO_MIN_ENS_MEDIA,REVISAR,,SIN_FUENTE_EXPLICITA_EN_BASES_ACTUALES,SIN_FUENTE,NULA,REVISAR_CORRECTO_SIN_FUENTE,SIN_FUENTE_EXPLICITA_EN_BASES_ACTUALES
I162S2C113J4V2,14,RECONOCIMIENTOS_APREN_PREVIOS,REVISAR,,SIN_FUENTE_EXPLICITA_EN_BASES_ACTUALES,SIN_FUENTE,NULA,REVISAR_CORRECTO_SIN_FUENTE,SIN_FUENTE_EXPLICITA_EN_BASES_ACTUALES
I162S2C113J4V2,14,EXPERIENCIA_LABORAL,REVISAR,,SIN_FUENTE_EXPLICITA_EN_BASES_ACTUALES,SIN_FUENTE,NULA,REVISAR_CORRECTO_SIN_FUENTE,SIN_FUENTE_EXPLICITA_EN_BASES_ACTUALES
I162S2C113J4V2,14,OTROS_REQUISITOS,REVISAR,,SIN_FUENTE_EXPLICITA_EN_BASES_ACTUALES,SIN_FUENTE,NULA,REVISAR_CORRECTO_SIN_FUENTE,SIN_FUENTE_EXPLICITA_EN_BASES_ACTUALES
I162S2C113J4V2,14,MAIL_DIFUSION_CARRERA,REVISAR,,SIN_FUENTE_ARANCELARIA_EN_BASES_ACTUALES,SIN_FUENTE,NULA,REVISAR_CORRECTO_SIN_FUENTE,SIN_FUENTE_ARANCELARIA_EN_BASES_ACTUALES
I162S2C113J4V2,14,FORMATO_VALOR,REVISAR,,SIN_FUENTE_ARANCELARIA_EN_BASES_ACTUALES,SIN_FUENTE,NULA,REVISAR_CORRECTO_SIN_FUENTE,SIN_FUENTE_ARANCELARIA_EN_BASES_ACTUALES
I162S2C113J4V2,14,VALOR_MATRICULA_ANUAL,REVISAR,,SIN_FUENTE_ARANCELARIA_EN_BASES_ACTUALES,SIN_FUENTE,NULA,REVISAR_CORRECTO_SIN_FUENTE,SIN_FUENTE_ARANCELARIA_EN_BASES_ACTUALES
I162S2C113J4V2,14,COSTO_TITULACION,REVISAR,,SIN_FUENTE_ARANCELARIA_EN_BASES_ACTUALES,SIN_FUENTE,NULA,REVISAR_CORRECTO_SIN_FUENTE,SIN_FUENTE_ARANCELARIA_EN_BASES_ACTUALES
I162S2C113J4V2,14,VALOR_CERTIFICADO_DIPLOMA,REVISAR,,SIN_FUENTE_ARANCELARIA_EN_BASES_ACTUALES,SIN_FUENTE,NULA,REVISAR_CORRECTO_SIN_FUENTE,SIN_FUENTE_ARANCELARIA_EN_BASES_ACTUALES
I162S2C113J4V2,14,ARANCEL_ANUAL,REVISAR,,SIN_FUENTE_ARANCELARIA_EN_BASES_ACTUALES,SIN_FUENTE,NULA,REVISAR_CORRECTO_SIN_FUENTE,SIN_FUENTE_ARANCELARIA_EN_BASES_ACTUALES
I162S2C113J4V2,14,VIGENCIA_CARRERA,REVISAR,,SIN_FUENTE_EXPLICITA_EN_BASES_ACTUALES,SIN_FUENTE,NULA,REVISAR_CORRECTO_SIN_FUENTE,SIN_FUENTE_EXPLICITA_EN_BASES_ACTUALES
I162S2C114J2V1,15,Mención o Especialidad,REVISAR,,SIN_FUENTE_EXPLICITA_EN_BASES_ACTUALES,SIN_FUENTE,NULA,REVISAR_CORRECTO_SIN_FUENTE,SIN_FUENTE_EXPLICITA_EN_BASES_ACTUALES
I162S2C114J2V1,15,Área del Conocimiento,REVISAR,8,DICCIONARIO.AREA_ACTUAL,REGLA_CONDICIONAL,MEDIA,COMPLETABLE_POR_REGLA_CONDICIONAL,Existe código técnico; falta confirmar formato/etiqueta final aceptada por formulario.
I162S2C114J2V1,15,Sub Área,REVISAR,,SIN_TABLA_OFICIAL_DE_EQUIVALENCIA_AREA,SIN_FUENTE,NULA,REVISAR_CORRECTO_SIN_FUENTE,SIN_TABLA_OFICIAL_DE_EQUIVALENCIA_AREA
I162S2C114J2V1,15,Carrera Genérica,REVISAR,,SIN_TABLA_OFICIAL_DE_EQUIVALENCIA_AREA,SIN_FUENTE,NULA,REVISAR_CORRECTO_SIN_FUENTE,SIN_TABLA_OFICIAL_DE_EQUIVALENCIA_AREA
I162S2C114J2V1,15,Grado Académico que otorga el programa,REVISAR,,SIN_FUENTE_EXPLICITA_EN_BASES_ACTUALES,SIN_FUENTE,NULA,REVISAR_CORRECTO_SIN_FUENTE,SIN_FUENTE_EXPLICITA_EN_BASES_ACTUALES
I162S2C114J2V1,15,Dependencia,REVISAR,,SIN_FUENTE_EXPLICITA_EN_BASES_ACTUALES,SIN_FUENTE,NULA,REVISAR_CORRECTO_SIN_FUENTE,SIN_FUENTE_EXPLICITA_EN_BASES_ACTUALES
I162S2C114J2V1,15,Régimen,REVISAR,2,DICCIONARIO.REGIMEN,REGLA_CONDICIONAL,MEDIA,COMPLETABLE_POR_REGLA_CONDICIONAL,Existe código técnico; falta confirmar formato/etiqueta final aceptada por formulario.
I162S2C114J2V1,15,Ingreso Directo,REVISAR,1,DICCIONARIO.REQUISITO_INGRESO,REGLA_CONDICIONAL,MEDIA,COMPLETABLE_POR_REGLA_CONDICIONAL,Existe código técnico; falta confirmar formato/etiqueta final aceptada por formulario.
I162S2C114J2V1,15,Ingreso desde un plan Común,REVISAR,,SIN_FUENTE_EXPLICITA_EN_BASES_ACTUALES,SIN_FUENTE,NULA,REVISAR_CORRECTO_SIN_FUENTE,SIN_FUENTE_EXPLICITA_EN_BASES_ACTUALES
I162S2C114J2V1,15,Ingreso desde Bachillerato,REVISAR,,SIN_FUENTE_EXPLICITA_EN_BASES_ACTUALES,SIN_FUENTE,NULA,REVISAR_CORRECTO_SIN_FUENTE,SIN_FUENTE_EXPLICITA_EN_BASES_ACTUALES
I162S2C114J2V1,15,Otro Tipo de Ingreso,REVISAR,,SIN_FUENTE_EXPLICITA_EN_BASES_ACTUALES,SIN_FUENTE,NULA,REVISAR_CORRECTO_SIN_FUENTE,SIN_FUENTE_EXPLICITA_EN_BASES_ACTUALES
I162S2C114J2V1,15,Ingreso otro,REVISAR,,SIN_FUENTE_EXPLICITA_EN_BASES_ACTUALES,SIN_FUENTE,NULA,REVISAR_CORRECTO_SIN_FUENTE,SIN_FUENTE_EXPLICITA_EN_BASES_ACTUALES
I162S2C114J2V1,15,FECHA_ADMISION_INICIAL,REVISAR,,SIN_FUENTE_ARANCELARIA_EN_BASES_ACTUALES,SIN_FUENTE,NULA,REVISAR_CORRECTO_SIN_FUENTE,SIN_FUENTE_ARANCELARIA_EN_BASES_ACTUALES
I162S2C114J2V1,15,MALLA_CURRICULAR,REVISAR,,SIN_FUENTE_ARANCELARIA_EN_BASES_ACTUALES,SIN_FUENTE,NULA,REVISAR_CORRECTO_SIN_FUENTE,SIN_FUENTE_ARANCELARIA_EN_BASES_ACTUALES
I162S2C114J2V1,15,PERFIL_EGRESO,REVISAR,,SIN_FUENTE_ARANCELARIA_EN_BASES_ACTUALES,SIN_FUENTE,NULA,REVISAR_CORRECTO_SIN_FUENTE,SIN_FUENTE_ARANCELARIA_EN_BASES_ACTUALES
I162S2C114J2V1,15,TEXTO_REQUISITO_INGRESO,REVISAR,,SIN_FUENTE_EXPLICITA_EN_BASES_ACTUALES,SIN_FUENTE,NULA,REVISAR_CORRECTO_SIN_FUENTE,SIN_FUENTE_EXPLICITA_EN_BASES_ACTUALES
I162S2C114J2V1,15,LICENCIA_ENS_MEDIA,REVISAR,,SIN_FUENTE_EXPLICITA_EN_BASES_ACTUALES,SIN_FUENTE,NULA,REVISAR_CORRECTO_SIN_FUENTE,SIN_FUENTE_EXPLICITA_EN_BASES_ACTUALES
I162S2C114J2V1,15,NOTAS_ENS_MEDIA,REVISAR,,SIN_FUENTE_EXPLICITA_EN_BASES_ACTUALES,SIN_FUENTE,NULA,REVISAR_CORRECTO_SIN_FUENTE,SIN_FUENTE_EXPLICITA_EN_BASES_ACTUALES
I162S2C114J2V1,15,PROMEDIO_MIN_ENS_MEDIA,REVISAR,,SIN_FUENTE_EXPLICITA_EN_BASES_ACTUALES,SIN_FUENTE,NULA,REVISAR_CORRECTO_SIN_FUENTE,SIN_FUENTE_EXPLICITA_EN_BASES_ACTUALES
I162S2C114J2V1,15,RECONOCIMIENTOS_APREN_PREVIOS,REVISAR,,SIN_FUENTE_EXPLICITA_EN_BASES_ACTUALES,SIN_FUENTE,NULA,REVISAR_CORRECTO_SIN_FUENTE,SIN_FUENTE_EXPLICITA_EN_BASES_ACTUALES
I162S2C114J2V1,15,EXPERIENCIA_LABORAL,REVISAR,,SIN_FUENTE_EXPLICITA_EN_BASES_ACTUALES,SIN_FUENTE,NULA,REVISAR_CORRECTO_SIN_FUENTE,SIN_FUENTE_EXPLICITA_EN_BASES_ACTUALES
I162S2C114J2V1,15,OTROS_REQUISITOS,REVISAR,,SIN_FUENTE_EXPLICITA_EN_BASES_ACTUALES,SIN_FUENTE,NULA,REVISAR_CORRECTO_SIN_FUENTE,SIN_FUENTE_EXPLICITA_EN_BASES_ACTUALES
I162S2C114J2V1,15,MAIL_DIFUSION_CARRERA,REVISAR,,SIN_FUENTE_ARANCELARIA_EN_BASES_ACTUALES,SIN_FUENTE,NULA,REVISAR_CORRECTO_SIN_FUENTE,SIN_FUENTE_ARANCELARIA_EN_BASES_ACTUALES
I162S2C114J2V1,15,FORMATO_VALOR,REVISAR,,SIN_FUENTE_ARANCELARIA_EN_BASES_ACTUALES,SIN_FUENTE,NULA,REVISAR_CORRECTO_SIN_FUENTE,SIN_FUENTE_ARANCELARIA_EN_BASES_ACTUALES
I162S2C114J2V1,15,VALOR_MATRICULA_ANUAL,REVISAR,,SIN_FUENTE_ARANCELARIA_EN_BASES_ACTUALES,SIN_FUENTE,NULA,REVISAR_CORRECTO_SIN_FUENTE,SIN_FUENTE_ARANCELARIA_EN_BASES_ACTUALES
I162S2C114J2V1,15,COSTO_TITULACION,REVISAR,,SIN_FUENTE_ARANCELARIA_EN_BASES_ACTUALES,SIN_FUENTE,NULA,REVISAR_CORRECTO_SIN_FUENTE,SIN_FUENTE_ARANCELARIA_EN_BASES_ACTUALES
I162S2C114J2V1,15,VALOR_CERTIFICADO_DIPLOMA,REVISAR,,SIN_FUENTE_ARANCELARIA_EN_BASES_ACTUALES,SIN_FUENTE,NULA,REVISAR_CORRECTO_SIN_FUENTE,SIN_FUENTE_ARANCELARIA_EN_BASES_ACTUALES
I162S2C114J2V1,15,ARANCEL_ANUAL,REVISAR,,SIN_FUENTE_ARANCELARIA_EN_BASES_ACTUALES,SIN_FUENTE,NULA,REVISAR_CORRECTO_SIN_FUENTE,SIN_FUENTE_ARANCELARIA_EN_BASES_ACTUALES
I162S2C114J2V1,15,VIGENCIA_CARRERA,REVISAR,,SIN_FUENTE_EXPLICITA_EN_BASES_ACTUALES,SIN_FUENTE,NULA,REVISAR_CORRECTO_SIN_FUENTE,SIN_FUENTE_EXPLICITA_EN_BASES_ACTUALES
I162S2C115J2V1,16,Mención o Especialidad,REVISAR,,SIN_FUENTE_EXPLICITA_EN_BASES_ACTUALES,SIN_FUENTE,NULA,REVISAR_CORRECTO_SIN_FUENTE,SIN_FUENTE_EXPLICITA_EN_BASES_ACTUALES
I162S2C115J2V1,16,Área del Conocimiento,REVISAR,8,DICCIONARIO.AREA_ACTUAL,REGLA_CONDICIONAL,MEDIA,COMPLETABLE_POR_REGLA_CONDICIONAL,Existe código técnico; falta confirmar formato/etiqueta final aceptada por formulario.
I162S2C115J2V1,16,Sub Área,REVISAR,,SIN_TABLA_OFICIAL_DE_EQUIVALENCIA_AREA,SIN_FUENTE,NULA,REVISAR_CORRECTO_SIN_FUENTE,SIN_TABLA_OFICIAL_DE_EQUIVALENCIA_AREA
I162S2C115J2V1,16,Carrera Genérica,REVISAR,,SIN_TABLA_OFICIAL_DE_EQUIVALENCIA_AREA,SIN_FUENTE,NULA,REVISAR_CORRECTO_SIN_FUENTE,SIN_TABLA_OFICIAL_DE_EQUIVALENCIA_AREA
I162S2C115J2V1,16,Grado Académico que otorga el programa,REVISAR,,SIN_FUENTE_EXPLICITA_EN_BASES_ACTUALES,SIN_FUENTE,NULA,REVISAR_CORRECTO_SIN_FUENTE,SIN_FUENTE_EXPLICITA_EN_BASES_ACTUALES
I162S2C115J2V1,16,Dependencia,REVISAR,,SIN_FUENTE_EXPLICITA_EN_BASES_ACTUALES,SIN_FUENTE,NULA,REVISAR_CORRECTO_SIN_FUENTE,SIN_FUENTE_EXPLICITA_EN_BASES_ACTUALES
I162S2C115J2V1,16,Régimen,REVISAR,2,DICCIONARIO.REGIMEN,REGLA_CONDICIONAL,MEDIA,COMPLETABLE_POR_REGLA_CONDICIONAL,Existe código técnico; falta confirmar formato/etiqueta final aceptada por formulario.
I162S2C115J2V1,16,Ingreso Directo,REVISAR,1,DICCIONARIO.REQUISITO_INGRESO,REGLA_CONDICIONAL,MEDIA,COMPLETABLE_POR_REGLA_CONDICIONAL,Existe código técnico; falta confirmar formato/etiqueta final aceptada por formulario.
I162S2C115J2V1,16,Ingreso desde un plan Común,REVISAR,,SIN_FUENTE_EXPLICITA_EN_BASES_ACTUALES,SIN_FUENTE,NULA,REVISAR_CORRECTO_SIN_FUENTE,SIN_FUENTE_EXPLICITA_EN_BASES_ACTUALES
I162S2C115J2V1,16,Ingreso desde Bachillerato,REVISAR,,SIN_FUENTE_EXPLICITA_EN_BASES_ACTUALES,SIN_FUENTE,NULA,REVISAR_CORRECTO_SIN_FUENTE,SIN_FUENTE_EXPLICITA_EN_BASES_ACTUALES
I162S2C115J2V1,16,Otro Tipo de Ingreso,REVISAR,,SIN_FUENTE_EXPLICITA_EN_BASES_ACTUALES,SIN_FUENTE,NULA,REVISAR_CORRECTO_SIN_FUENTE,SIN_FUENTE_EXPLICITA_EN_BASES_ACTUALES
I162S2C115J2V1,16,Ingreso otro,REVISAR,,SIN_FUENTE_EXPLICITA_EN_BASES_ACTUALES,SIN_FUENTE,NULA,REVISAR_CORRECTO_SIN_FUENTE,SIN_FUENTE_EXPLICITA_EN_BASES_ACTUALES
I162S2C115J2V1,16,FECHA_ADMISION_INICIAL,REVISAR,,SIN_FUENTE_ARANCELARIA_EN_BASES_ACTUALES,SIN_FUENTE,NULA,REVISAR_CORRECTO_SIN_FUENTE,SIN_FUENTE_ARANCELARIA_EN_BASES_ACTUALES
I162S2C115J2V1,16,MALLA_CURRICULAR,REVISAR,,SIN_FUENTE_ARANCELARIA_EN_BASES_ACTUALES,SIN_FUENTE,NULA,REVISAR_CORRECTO_SIN_FUENTE,SIN_FUENTE_ARANCELARIA_EN_BASES_ACTUALES
I162S2C115J2V1,16,PERFIL_EGRESO,REVISAR,,SIN_FUENTE_ARANCELARIA_EN_BASES_ACTUALES,SIN_FUENTE,NULA,REVISAR_CORRECTO_SIN_FUENTE,SIN_FUENTE_ARANCELARIA_EN_BASES_ACTUALES
I162S2C115J2V1,16,TEXTO_REQUISITO_INGRESO,REVISAR,,SIN_FUENTE_EXPLICITA_EN_BASES_ACTUALES,SIN_FUENTE,NULA,REVISAR_CORRECTO_SIN_FUENTE,SIN_FUENTE_EXPLICITA_EN_BASES_ACTUALES
I162S2C115J2V1,16,LICENCIA_ENS_MEDIA,REVISAR,,SIN_FUENTE_EXPLICITA_EN_BASES_ACTUALES,SIN_FUENTE,NULA,REVISAR_CORRECTO_SIN_FUENTE,SIN_FUENTE_EXPLICITA_EN_BASES_ACTUALES
I162S2C115J2V1,16,NOTAS_ENS_MEDIA,REVISAR,,SIN_FUENTE_EXPLICITA_EN_BASES_ACTUALES,SIN_FUENTE,NULA,REVISAR_CORRECTO_SIN_FUENTE,SIN_FUENTE_EXPLICITA_EN_BASES_ACTUALES
I162S2C115J2V1,16,PROMEDIO_MIN_ENS_MEDIA,REVISAR,,SIN_FUENTE_EXPLICITA_EN_BASES_ACTUALES,SIN_FUENTE,NULA,REVISAR_CORRECTO_SIN_FUENTE,SIN_FUENTE_EXPLICITA_EN_BASES_ACTUALES
I162S2C115J2V1,16,RECONOCIMIENTOS_APREN_PREVIOS,REVISAR,,SIN_FUENTE_EXPLICITA_EN_BASES_ACTUALES,SIN_FUENTE,NULA,REVISAR_CORRECTO_SIN_FUENTE,SIN_FUENTE_EXPLICITA_EN_BASES_ACTUALES
I162S2C115J2V1,16,EXPERIENCIA_LABORAL,REVISAR,,SIN_FUENTE_EXPLICITA_EN_BASES_ACTUALES,SIN_FUENTE,NULA,REVISAR_CORRECTO_SIN_FUENTE,SIN_FUENTE_EXPLICITA_EN_BASES_ACTUALES
I162S2C115J2V1,16,OTROS_REQUISITOS,REVISAR,,SIN_FUENTE_EXPLICITA_EN_BASES_ACTUALES,SIN_FUENTE,NULA,REVISAR_CORRECTO_SIN_FUENTE,SIN_FUENTE_EXPLICITA_EN_BASES_ACTUALES
I162S2C115J2V1,16,MAIL_DIFUSION_CARRERA,REVISAR,,SIN_FUENTE_ARANCELARIA_EN_BASES_ACTUALES,SIN_FUENTE,NULA,REVISAR_CORRECTO_SIN_FUENTE,SIN_FUENTE_ARANCELARIA_EN_BASES_ACTUALES
I162S2C115J2V1,16,FORMATO_VALOR,REVISAR,,SIN_FUENTE_ARANCELARIA_EN_BASES_ACTUALES,SIN_FUENTE,NULA,REVISAR_CORRECTO_SIN_FUENTE,SIN_FUENTE_ARANCELARIA_EN_BASES_ACTUALES
I162S2C115J2V1,16,VALOR_MATRICULA_ANUAL,REVISAR,,SIN_FUENTE_ARANCELARIA_EN_BASES_ACTUALES,SIN_FUENTE,NULA,REVISAR_CORRECTO_SIN_FUENTE,SIN_FUENTE_ARANCELARIA_EN_BASES_ACTUALES
I162S2C115J2V1,16,COSTO_TITULACION,REVISAR,,SIN_FUENTE_ARANCELARIA_EN_BASES_ACTUALES,SIN_FUENTE,NULA,REVISAR_CORRECTO_SIN_FUENTE,SIN_FUENTE_ARANCELARIA_EN_BASES_ACTUALES
I162S2C115J2V1,16,VALOR_CERTIFICADO_DIPLOMA,REVISAR,,SIN_FUENTE_ARANCELARIA_EN_BASES_ACTUALES,SIN_FUENTE,NULA,REVISAR_CORRECTO_SIN_FUENTE,SIN_FUENTE_ARANCELARIA_EN_BASES_ACTUALES
I162S2C115J2V1,16,ARANCEL_ANUAL,REVISAR,,SIN_FUENTE_ARANCELARIA_EN_BASES_ACTUALES,SIN_FUENTE,NULA,REVISAR_CORRECTO_SIN_FUENTE,SIN_FUENTE_ARANCELARIA_EN_BASES_ACTUALES
I162S2C115J2V1,16,VIGENCIA_CARRERA,REVISAR,,SIN_FUENTE_EXPLICITA_EN_BASES_ACTUALES,SIN_FUENTE,NULA,REVISAR_CORRECTO_SIN_FUENTE,SIN_FUENTE_EXPLICITA_EN_BASES_ACTUALES
I162S2C116J4V1,17,Mención o Especialidad,REVISAR,,SIN_FUENTE_EXPLICITA_EN_BASES_ACTUALES,SIN_FUENTE,NULA,REVISAR_CORRECTO_SIN_FUENTE,SIN_FUENTE_EXPLICITA_EN_BASES_ACTUALES
I162S2C116J4V1,17,Área del Conocimiento,REVISAR,1,DICCIONARIO.AREA_ACTUAL,REGLA_CONDICIONAL,MEDIA,COMPLETABLE_POR_REGLA_CONDICIONAL,Existe código técnico; falta confirmar formato/etiqueta final aceptada por formulario.
I162S2C116J4V1,17,Sub Área,REVISAR,,SIN_TABLA_OFICIAL_DE_EQUIVALENCIA_AREA,SIN_FUENTE,NULA,REVISAR_CORRECTO_SIN_FUENTE,SIN_TABLA_OFICIAL_DE_EQUIVALENCIA_AREA
I162S2C116J4V1,17,Carrera Genérica,REVISAR,,SIN_TABLA_OFICIAL_DE_EQUIVALENCIA_AREA,SIN_FUENTE,NULA,REVISAR_CORRECTO_SIN_FUENTE,SIN_TABLA_OFICIAL_DE_EQUIVALENCIA_AREA
I162S2C116J4V1,17,Grado Académico que otorga el programa,REVISAR,,SIN_FUENTE_EXPLICITA_EN_BASES_ACTUALES,SIN_FUENTE,NULA,REVISAR_CORRECTO_SIN_FUENTE,SIN_FUENTE_EXPLICITA_EN_BASES_ACTUALES
I162S2C116J4V1,17,Dependencia,REVISAR,,SIN_FUENTE_EXPLICITA_EN_BASES_ACTUALES,SIN_FUENTE,NULA,REVISAR_CORRECTO_SIN_FUENTE,SIN_FUENTE_EXPLICITA_EN_BASES_ACTUALES
I162S2C116J4V1,17,Régimen,REVISAR,2,DICCIONARIO.REGIMEN,REGLA_CONDICIONAL,MEDIA,COMPLETABLE_POR_REGLA_CONDICIONAL,Existe código técnico; falta confirmar formato/etiqueta final aceptada por formulario.
I162S2C116J4V1,17,Ingreso Directo,REVISAR,1,DICCIONARIO.REQUISITO_INGRESO,REGLA_CONDICIONAL,MEDIA,COMPLETABLE_POR_REGLA_CONDICIONAL,Existe código técnico; falta confirmar formato/etiqueta final aceptada por formulario.
I162S2C116J4V1,17,Ingreso desde un plan Común,REVISAR,,SIN_FUENTE_EXPLICITA_EN_BASES_ACTUALES,SIN_FUENTE,NULA,REVISAR_CORRECTO_SIN_FUENTE,SIN_FUENTE_EXPLICITA_EN_BASES_ACTUALES
I162S2C116J4V1,17,Ingreso desde Bachillerato,REVISAR,,SIN_FUENTE_EXPLICITA_EN_BASES_ACTUALES,SIN_FUENTE,NULA,REVISAR_CORRECTO_SIN_FUENTE,SIN_FUENTE_EXPLICITA_EN_BASES_ACTUALES
I162S2C116J4V1,17,Otro Tipo de Ingreso,REVISAR,,SIN_FUENTE_EXPLICITA_EN_BASES_ACTUALES,SIN_FUENTE,NULA,REVISAR_CORRECTO_SIN_FUENTE,SIN_FUENTE_EXPLICITA_EN_BASES_ACTUALES
I162S2C116J4V1,17,Ingreso otro,REVISAR,,SIN_FUENTE_EXPLICITA_EN_BASES_ACTUALES,SIN_FUENTE,NULA,REVISAR_CORRECTO_SIN_FUENTE,SIN_FUENTE_EXPLICITA_EN_BASES_ACTUALES
I162S2C116J4V1,17,FECHA_ADMISION_INICIAL,REVISAR,,SIN_FUENTE_ARANCELARIA_EN_BASES_ACTUALES,SIN_FUENTE,NULA,REVISAR_CORRECTO_SIN_FUENTE,SIN_FUENTE_ARANCELARIA_EN_BASES_ACTUALES
I162S2C116J4V1,17,MALLA_CURRICULAR,REVISAR,,SIN_FUENTE_ARANCELARIA_EN_BASES_ACTUALES,SIN_FUENTE,NULA,REVISAR_CORRECTO_SIN_FUENTE,SIN_FUENTE_ARANCELARIA_EN_BASES_ACTUALES
I162S2C116J4V1,17,PERFIL_EGRESO,REVISAR,,SIN_FUENTE_ARANCELARIA_EN_BASES_ACTUALES,SIN_FUENTE,NULA,REVISAR_CORRECTO_SIN_FUENTE,SIN_FUENTE_ARANCELARIA_EN_BASES_ACTUALES
I162S2C116J4V1,17,TEXTO_REQUISITO_INGRESO,REVISAR,,SIN_FUENTE_EXPLICITA_EN_BASES_ACTUALES,SIN_FUENTE,NULA,REVISAR_CORRECTO_SIN_FUENTE,SIN_FUENTE_EXPLICITA_EN_BASES_ACTUALES
I162S2C116J4V1,17,LICENCIA_ENS_MEDIA,REVISAR,,SIN_FUENTE_EXPLICITA_EN_BASES_ACTUALES,SIN_FUENTE,NULA,REVISAR_CORRECTO_SIN_FUENTE,SIN_FUENTE_EXPLICITA_EN_BASES_ACTUALES
I162S2C116J4V1,17,NOTAS_ENS_MEDIA,REVISAR,,SIN_FUENTE_EXPLICITA_EN_BASES_ACTUALES,SIN_FUENTE,NULA,REVISAR_CORRECTO_SIN_FUENTE,SIN_FUENTE_EXPLICITA_EN_BASES_ACTUALES
I162S2C116J4V1,17,PROMEDIO_MIN_ENS_MEDIA,REVISAR,,SIN_FUENTE_EXPLICITA_EN_BASES_ACTUALES,SIN_FUENTE,NULA,REVISAR_CORRECTO_SIN_FUENTE,SIN_FUENTE_EXPLICITA_EN_BASES_ACTUALES
I162S2C116J4V1,17,RECONOCIMIENTOS_APREN_PREVIOS,REVISAR,,SIN_FUENTE_EXPLICITA_EN_BASES_ACTUALES,SIN_FUENTE,NULA,REVISAR_CORRECTO_SIN_FUENTE,SIN_FUENTE_EXPLICITA_EN_BASES_ACTUALES
I162S2C116J4V1,17,EXPERIENCIA_LABORAL,REVISAR,,SIN_FUENTE_EXPLICITA_EN_BASES_ACTUALES,SIN_FUENTE,NULA,REVISAR_CORRECTO_SIN_FUENTE,SIN_FUENTE_EXPLICITA_EN_BASES_ACTUALES
I162S2C116J4V1,17,OTROS_REQUISITOS,REVISAR,,SIN_FUENTE_EXPLICITA_EN_BASES_ACTUALES,SIN_FUENTE,NULA,REVISAR_CORRECTO_SIN_FUENTE,SIN_FUENTE_EXPLICITA_EN_BASES_ACTUALES
I162S2C116J4V1,17,MAIL_DIFUSION_CARRERA,REVISAR,,SIN_FUENTE_ARANCELARIA_EN_BASES_ACTUALES,SIN_FUENTE,NULA,REVISAR_CORRECTO_SIN_FUENTE,SIN_FUENTE_ARANCELARIA_EN_BASES_ACTUALES
I162S2C116J4V1,17,FORMATO_VALOR,REVISAR,,SIN_FUENTE_ARANCELARIA_EN_BASES_ACTUALES,SIN_FUENTE,NULA,REVISAR_CORRECTO_SIN_FUENTE,SIN_FUENTE_ARANCELARIA_EN_BASES_ACTUALES
I162S2C116J4V1,17,VALOR_MATRICULA_ANUAL,REVISAR,,SIN_FUENTE_ARANCELARIA_EN_BASES_ACTUALES,SIN_FUENTE,NULA,REVISAR_CORRECTO_SIN_FUENTE,SIN_FUENTE_ARANCELARIA_EN_BASES_ACTUALES
I162S2C116J4V1,17,COSTO_TITULACION,REVISAR,,SIN_FUENTE_ARANCELARIA_EN_BASES_ACTUALES,SIN_FUENTE,NULA,REVISAR_CORRECTO_SIN_FUENTE,SIN_FUENTE_ARANCELARIA_EN_BASES_ACTUALES
I162S2C116J4V1,17,VALOR_CERTIFICADO_DIPLOMA,REVISAR,,SIN_FUENTE_ARANCELARIA_EN_BASES_ACTUALES,SIN_FUENTE,NULA,REVISAR_CORRECTO_SIN_FUENTE,SIN_FUENTE_ARANCELARIA_EN_BASES_ACTUALES
I162S2C116J4V1,17,ARANCEL_ANUAL,REVISAR,,SIN_FUENTE_ARANCELARIA_EN_BASES_ACTUALES,SIN_FUENTE,NULA,REVISAR_CORRECTO_SIN_FUENTE,SIN_FUENTE_ARANCELARIA_EN_BASES_ACTUALES
I162S2C116J4V1,17,VIGENCIA_CARRERA,REVISAR,,SIN_FUENTE_EXPLICITA_EN_BASES_ACTUALES,SIN_FUENTE,NULA,REVISAR_CORRECTO_SIN_FUENTE,SIN_FUENTE_EXPLICITA_EN_BASES_ACTUALES
I162S2C117J4V1,18,Mención o Especialidad,REVISAR,,SIN_FUENTE_EXPLICITA_EN_BASES_ACTUALES,SIN_FUENTE,NULA,REVISAR_CORRECTO_SIN_FUENTE,SIN_FUENTE_EXPLICITA_EN_BASES_ACTUALES
I162S2C117J4V1,18,Área del Conocimiento,REVISAR,10,DICCIONARIO.AREA_ACTUAL,REGLA_CONDICIONAL,MEDIA,COMPLETABLE_POR_REGLA_CONDICIONAL,Existe código técnico; falta confirmar formato/etiqueta final aceptada por formulario.
I162S2C117J4V1,18,Sub Área,REVISAR,,SIN_TABLA_OFICIAL_DE_EQUIVALENCIA_AREA,SIN_FUENTE,NULA,REVISAR_CORRECTO_SIN_FUENTE,SIN_TABLA_OFICIAL_DE_EQUIVALENCIA_AREA
I162S2C117J4V1,18,Carrera Genérica,REVISAR,,SIN_TABLA_OFICIAL_DE_EQUIVALENCIA_AREA,SIN_FUENTE,NULA,REVISAR_CORRECTO_SIN_FUENTE,SIN_TABLA_OFICIAL_DE_EQUIVALENCIA_AREA
I162S2C117J4V1,18,Grado Académico que otorga el programa,REVISAR,,SIN_FUENTE_EXPLICITA_EN_BASES_ACTUALES,SIN_FUENTE,NULA,REVISAR_CORRECTO_SIN_FUENTE,SIN_FUENTE_EXPLICITA_EN_BASES_ACTUALES
I162S2C117J4V1,18,Dependencia,REVISAR,,SIN_FUENTE_EXPLICITA_EN_BASES_ACTUALES,SIN_FUENTE,NULA,REVISAR_CORRECTO_SIN_FUENTE,SIN_FUENTE_EXPLICITA_EN_BASES_ACTUALES
I162S2C117J4V1,18,Régimen,REVISAR,2,DICCIONARIO.REGIMEN,REGLA_CONDICIONAL,MEDIA,COMPLETABLE_POR_REGLA_CONDICIONAL,Existe código técnico; falta confirmar formato/etiqueta final aceptada por formulario.
I162S2C117J4V1,18,Ingreso Directo,REVISAR,1,DICCIONARIO.REQUISITO_INGRESO,REGLA_CONDICIONAL,MEDIA,COMPLETABLE_POR_REGLA_CONDICIONAL,Existe código técnico; falta confirmar formato/etiqueta final aceptada por formulario.
I162S2C117J4V1,18,Ingreso desde un plan Común,REVISAR,,SIN_FUENTE_EXPLICITA_EN_BASES_ACTUALES,SIN_FUENTE,NULA,REVISAR_CORRECTO_SIN_FUENTE,SIN_FUENTE_EXPLICITA_EN_BASES_ACTUALES
I162S2C117J4V1,18,Ingreso desde Bachillerato,REVISAR,,SIN_FUENTE_EXPLICITA_EN_BASES_ACTUALES,SIN_FUENTE,NULA,REVISAR_CORRECTO_SIN_FUENTE,SIN_FUENTE_EXPLICITA_EN_BASES_ACTUALES
I162S2C117J4V1,18,Otro Tipo de Ingreso,REVISAR,,SIN_FUENTE_EXPLICITA_EN_BASES_ACTUALES,SIN_FUENTE,NULA,REVISAR_CORRECTO_SIN_FUENTE,SIN_FUENTE_EXPLICITA_EN_BASES_ACTUALES
I162S2C117J4V1,18,Ingreso otro,REVISAR,,SIN_FUENTE_EXPLICITA_EN_BASES_ACTUALES,SIN_FUENTE,NULA,REVISAR_CORRECTO_SIN_FUENTE,SIN_FUENTE_EXPLICITA_EN_BASES_ACTUALES
I162S2C117J4V1,18,FECHA_ADMISION_INICIAL,REVISAR,,SIN_FUENTE_ARANCELARIA_EN_BASES_ACTUALES,SIN_FUENTE,NULA,REVISAR_CORRECTO_SIN_FUENTE,SIN_FUENTE_ARANCELARIA_EN_BASES_ACTUALES
I162S2C117J4V1,18,MALLA_CURRICULAR,REVISAR,,SIN_FUENTE_ARANCELARIA_EN_BASES_ACTUALES,SIN_FUENTE,NULA,REVISAR_CORRECTO_SIN_FUENTE,SIN_FUENTE_ARANCELARIA_EN_BASES_ACTUALES
I162S2C117J4V1,18,PERFIL_EGRESO,REVISAR,,SIN_FUENTE_ARANCELARIA_EN_BASES_ACTUALES,SIN_FUENTE,NULA,REVISAR_CORRECTO_SIN_FUENTE,SIN_FUENTE_ARANCELARIA_EN_BASES_ACTUALES
I162S2C117J4V1,18,TEXTO_REQUISITO_INGRESO,REVISAR,,SIN_FUENTE_EXPLICITA_EN_BASES_ACTUALES,SIN_FUENTE,NULA,REVISAR_CORRECTO_SIN_FUENTE,SIN_FUENTE_EXPLICITA_EN_BASES_ACTUALES
I162S2C117J4V1,18,LICENCIA_ENS_MEDIA,REVISAR,,SIN_FUENTE_EXPLICITA_EN_BASES_ACTUALES,SIN_FUENTE,NULA,REVISAR_CORRECTO_SIN_FUENTE,SIN_FUENTE_EXPLICITA_EN_BASES_ACTUALES
I162S2C117J4V1,18,NOTAS_ENS_MEDIA,REVISAR,,SIN_FUENTE_EXPLICITA_EN_BASES_ACTUALES,SIN_FUENTE,NULA,REVISAR_CORRECTO_SIN_FUENTE,SIN_FUENTE_EXPLICITA_EN_BASES_ACTUALES
I162S2C117J4V1,18,PROMEDIO_MIN_ENS_MEDIA,REVISAR,,SIN_FUENTE_EXPLICITA_EN_BASES_ACTUALES,SIN_FUENTE,NULA,REVISAR_CORRECTO_SIN_FUENTE,SIN_FUENTE_EXPLICITA_EN_BASES_ACTUALES
I162S2C117J4V1,18,RECONOCIMIENTOS_APREN_PREVIOS,REVISAR,,SIN_FUENTE_EXPLICITA_EN_BASES_ACTUALES,SIN_FUENTE,NULA,REVISAR_CORRECTO_SIN_FUENTE,SIN_FUENTE_EXPLICITA_EN_BASES_ACTUALES
I162S2C117J4V1,18,EXPERIENCIA_LABORAL,REVISAR,,SIN_FUENTE_EXPLICITA_EN_BASES_ACTUALES,SIN_FUENTE,NULA,REVISAR_CORRECTO_SIN_FUENTE,SIN_FUENTE_EXPLICITA_EN_BASES_ACTUALES
I162S2C117J4V1,18,OTROS_REQUISITOS,REVISAR,,SIN_FUENTE_EXPLICITA_EN_BASES_ACTUALES,SIN_FUENTE,NULA,REVISAR_CORRECTO_SIN_FUENTE,SIN_FUENTE_EXPLICITA_EN_BASES_ACTUALES
I162S2C117J4V1,18,MAIL_DIFUSION_CARRERA,REVISAR,,SIN_FUENTE_ARANCELARIA_EN_BASES_ACTUALES,SIN_FUENTE,NULA,REVISAR_CORRECTO_SIN_FUENTE,SIN_FUENTE_ARANCELARIA_EN_BASES_ACTUALES
I162S2C117J4V1,18,FORMATO_VALOR,REVISAR,,SIN_FUENTE_ARANCELARIA_EN_BASES_ACTUALES,SIN_FUENTE,NULA,REVISAR_CORRECTO_SIN_FUENTE,SIN_FUENTE_ARANCELARIA_EN_BASES_ACTUALES
I162S2C117J4V1,18,VALOR_MATRICULA_ANUAL,REVISAR,,SIN_FUENTE_ARANCELARIA_EN_BASES_ACTUALES,SIN_FUENTE,NULA,REVISAR_CORRECTO_SIN_FUENTE,SIN_FUENTE_ARANCELARIA_EN_BASES_ACTUALES
I162S2C117J4V1,18,COSTO_TITULACION,REVISAR,,SIN_FUENTE_ARANCELARIA_EN_BASES_ACTUALES,SIN_FUENTE,NULA,REVISAR_CORRECTO_SIN_FUENTE,SIN_FUENTE_ARANCELARIA_EN_BASES_ACTUALES
I162S2C117J4V1,18,VALOR_CERTIFICADO_DIPLOMA,REVISAR,,SIN_FUENTE_ARANCELARIA_EN_BASES_ACTUALES,SIN_FUENTE,NULA,REVISAR_CORRECTO_SIN_FUENTE,SIN_FUENTE_ARANCELARIA_EN_BASES_ACTUALES
I162S2C117J4V1,18,ARANCEL_ANUAL,REVISAR,,SIN_FUENTE_ARANCELARIA_EN_BASES_ACTUALES,SIN_FUENTE,NULA,REVISAR_CORRECTO_SIN_FUENTE,SIN_FUENTE_ARANCELARIA_EN_BASES_ACTUALES
I162S2C117J4V1,18,VIGENCIA_CARRERA,REVISAR,,SIN_FUENTE_EXPLICITA_EN_BASES_ACTUALES,SIN_FUENTE,NULA,REVISAR_CORRECTO_SIN_FUENTE,SIN_FUENTE_EXPLICITA_EN_BASES_ACTUALES
I162S2C118J4V1,19,Mención o Especialidad,REVISAR,,SIN_FUENTE_EXPLICITA_EN_BASES_ACTUALES,SIN_FUENTE,NULA,REVISAR_CORRECTO_SIN_FUENTE,SIN_FUENTE_EXPLICITA_EN_BASES_ACTUALES
I162S2C118J4V1,19,Área del Conocimiento,REVISAR,1,DICCIONARIO.AREA_ACTUAL,REGLA_CONDICIONAL,MEDIA,COMPLETABLE_POR_REGLA_CONDICIONAL,Existe código técnico; falta confirmar formato/etiqueta final aceptada por formulario.
I162S2C118J4V1,19,Sub Área,REVISAR,,SIN_TABLA_OFICIAL_DE_EQUIVALENCIA_AREA,SIN_FUENTE,NULA,REVISAR_CORRECTO_SIN_FUENTE,SIN_TABLA_OFICIAL_DE_EQUIVALENCIA_AREA
I162S2C118J4V1,19,Carrera Genérica,REVISAR,,SIN_TABLA_OFICIAL_DE_EQUIVALENCIA_AREA,SIN_FUENTE,NULA,REVISAR_CORRECTO_SIN_FUENTE,SIN_TABLA_OFICIAL_DE_EQUIVALENCIA_AREA
I162S2C118J4V1,19,Grado Académico que otorga el programa,REVISAR,,SIN_FUENTE_EXPLICITA_EN_BASES_ACTUALES,SIN_FUENTE,NULA,REVISAR_CORRECTO_SIN_FUENTE,SIN_FUENTE_EXPLICITA_EN_BASES_ACTUALES
I162S2C118J4V1,19,Dependencia,REVISAR,,SIN_FUENTE_EXPLICITA_EN_BASES_ACTUALES,SIN_FUENTE,NULA,REVISAR_CORRECTO_SIN_FUENTE,SIN_FUENTE_EXPLICITA_EN_BASES_ACTUALES
I162S2C118J4V1,19,Régimen,REVISAR,2,DICCIONARIO.REGIMEN,REGLA_CONDICIONAL,MEDIA,COMPLETABLE_POR_REGLA_CONDICIONAL,Existe código técnico; falta confirmar formato/etiqueta final aceptada por formulario.
I162S2C118J4V1,19,Ingreso Directo,REVISAR,1,DICCIONARIO.REQUISITO_INGRESO,REGLA_CONDICIONAL,MEDIA,COMPLETABLE_POR_REGLA_CONDICIONAL,Existe código técnico; falta confirmar formato/etiqueta final aceptada por formulario.
I162S2C118J4V1,19,Ingreso desde un plan Común,REVISAR,,SIN_FUENTE_EXPLICITA_EN_BASES_ACTUALES,SIN_FUENTE,NULA,REVISAR_CORRECTO_SIN_FUENTE,SIN_FUENTE_EXPLICITA_EN_BASES_ACTUALES
I162S2C118J4V1,19,Ingreso desde Bachillerato,REVISAR,,SIN_FUENTE_EXPLICITA_EN_BASES_ACTUALES,SIN_FUENTE,NULA,REVISAR_CORRECTO_SIN_FUENTE,SIN_FUENTE_EXPLICITA_EN_BASES_ACTUALES
I162S2C118J4V1,19,Otro Tipo de Ingreso,REVISAR,,SIN_FUENTE_EXPLICITA_EN_BASES_ACTUALES,SIN_FUENTE,NULA,REVISAR_CORRECTO_SIN_FUENTE,SIN_FUENTE_EXPLICITA_EN_BASES_ACTUALES
I162S2C118J4V1,19,Ingreso otro,REVISAR,,SIN_FUENTE_EXPLICITA_EN_BASES_ACTUALES,SIN_FUENTE,NULA,REVISAR_CORRECTO_SIN_FUENTE,SIN_FUENTE_EXPLICITA_EN_BASES_ACTUALES
I162S2C118J4V1,19,FECHA_ADMISION_INICIAL,REVISAR,,SIN_FUENTE_ARANCELARIA_EN_BASES_ACTUALES,SIN_FUENTE,NULA,REVISAR_CORRECTO_SIN_FUENTE,SIN_FUENTE_ARANCELARIA_EN_BASES_ACTUALES
I162S2C118J4V1,19,MALLA_CURRICULAR,REVISAR,,SIN_FUENTE_ARANCELARIA_EN_BASES_ACTUALES,SIN_FUENTE,NULA,REVISAR_CORRECTO_SIN_FUENTE,SIN_FUENTE_ARANCELARIA_EN_BASES_ACTUALES
I162S2C118J4V1,19,PERFIL_EGRESO,REVISAR,,SIN_FUENTE_ARANCELARIA_EN_BASES_ACTUALES,SIN_FUENTE,NULA,REVISAR_CORRECTO_SIN_FUENTE,SIN_FUENTE_ARANCELARIA_EN_BASES_ACTUALES
I162S2C118J4V1,19,TEXTO_REQUISITO_INGRESO,REVISAR,,SIN_FUENTE_EXPLICITA_EN_BASES_ACTUALES,SIN_FUENTE,NULA,REVISAR_CORRECTO_SIN_FUENTE,SIN_FUENTE_EXPLICITA_EN_BASES_ACTUALES
I162S2C118J4V1,19,LICENCIA_ENS_MEDIA,REVISAR,,SIN_FUENTE_EXPLICITA_EN_BASES_ACTUALES,SIN_FUENTE,NULA,REVISAR_CORRECTO_SIN_FUENTE,SIN_FUENTE_EXPLICITA_EN_BASES_ACTUALES
I162S2C118J4V1,19,NOTAS_ENS_MEDIA,REVISAR,,SIN_FUENTE_EXPLICITA_EN_BASES_ACTUALES,SIN_FUENTE,NULA,REVISAR_CORRECTO_SIN_FUENTE,SIN_FUENTE_EXPLICITA_EN_BASES_ACTUALES
I162S2C118J4V1,19,PROMEDIO_MIN_ENS_MEDIA,REVISAR,,SIN_FUENTE_EXPLICITA_EN_BASES_ACTUALES,SIN_FUENTE,NULA,REVISAR_CORRECTO_SIN_FUENTE,SIN_FUENTE_EXPLICITA_EN_BASES_ACTUALES
I162S2C118J4V1,19,RECONOCIMIENTOS_APREN_PREVIOS,REVISAR,,SIN_FUENTE_EXPLICITA_EN_BASES_ACTUALES,SIN_FUENTE,NULA,REVISAR_CORRECTO_SIN_FUENTE,SIN_FUENTE_EXPLICITA_EN_BASES_ACTUALES
I162S2C118J4V1,19,EXPERIENCIA_LABORAL,REVISAR,,SIN_FUENTE_EXPLICITA_EN_BASES_ACTUALES,SIN_FUENTE,NULA,REVISAR_CORRECTO_SIN_FUENTE,SIN_FUENTE_EXPLICITA_EN_BASES_ACTUALES
I162S2C118J4V1,19,OTROS_REQUISITOS,REVISAR,,SIN_FUENTE_EXPLICITA_EN_BASES_ACTUALES,SIN_FUENTE,NULA,REVISAR_CORRECTO_SIN_FUENTE,SIN_FUENTE_EXPLICITA_EN_BASES_ACTUALES
I162S2C118J4V1,19,MAIL_DIFUSION_CARRERA,REVISAR,,SIN_FUENTE_ARANCELARIA_EN_BASES_ACTUALES,SIN_FUENTE,NULA,REVISAR_CORRECTO_SIN_FUENTE,SIN_FUENTE_ARANCELARIA_EN_BASES_ACTUALES
I162S2C118J4V1,19,FORMATO_VALOR,REVISAR,,SIN_FUENTE_ARANCELARIA_EN_BASES_ACTUALES,SIN_FUENTE,NULA,REVISAR_CORRECTO_SIN_FUENTE,SIN_FUENTE_ARANCELARIA_EN_BASES_ACTUALES
I162S2C118J4V1,19,VALOR_MATRICULA_ANUAL,REVISAR,,SIN_FUENTE_ARANCELARIA_EN_BASES_ACTUALES,SIN_FUENTE,NULA,REVISAR_CORRECTO_SIN_FUENTE,SIN_FUENTE_ARANCELARIA_EN_BASES_ACTUALES
I162S2C118J4V1,19,COSTO_TITULACION,REVISAR,,SIN_FUENTE_ARANCELARIA_EN_BASES_ACTUALES,SIN_FUENTE,NULA,REVISAR_CORRECTO_SIN_FUENTE,SIN_FUENTE_ARANCELARIA_EN_BASES_ACTUALES
I162S2C118J4V1,19,VALOR_CERTIFICADO_DIPLOMA,REVISAR,,SIN_FUENTE_ARANCELARIA_EN_BASES_ACTUALES,SIN_FUENTE,NULA,REVISAR_CORRECTO_SIN_FUENTE,SIN_FUENTE_ARANCELARIA_EN_BASES_ACTUALES
I162S2C118J4V1,19,ARANCEL_ANUAL,REVISAR,,SIN_FUENTE_ARANCELARIA_EN_BASES_ACTUALES,SIN_FUENTE,NULA,REVISAR_CORRECTO_SIN_FUENTE,SIN_FUENTE_ARANCELARIA_EN_BASES_ACTUALES
I162S2C118J4V1,19,VIGENCIA_CARRERA,REVISAR,,SIN_FUENTE_EXPLICITA_EN_BASES_ACTUALES,SIN_FUENTE,NULA,REVISAR_CORRECTO_SIN_FUENTE,SIN_FUENTE_EXPLICITA_EN_BASES_ACTUALES
I162S2C119J4V1,20,Mención o Especialidad,REVISAR,,SIN_FUENTE_EXPLICITA_EN_BASES_ACTUALES,SIN_FUENTE,NULA,REVISAR_CORRECTO_SIN_FUENTE,SIN_FUENTE_EXPLICITA_EN_BASES_ACTUALES
I162S2C119J4V1,20,Área del Conocimiento,REVISAR,1,DICCIONARIO.AREA_ACTUAL,REGLA_CONDICIONAL,MEDIA,COMPLETABLE_POR_REGLA_CONDICIONAL,Existe código técnico; falta confirmar formato/etiqueta final aceptada por formulario.
I162S2C119J4V1,20,Sub Área,REVISAR,,SIN_TABLA_OFICIAL_DE_EQUIVALENCIA_AREA,SIN_FUENTE,NULA,REVISAR_CORRECTO_SIN_FUENTE,SIN_TABLA_OFICIAL_DE_EQUIVALENCIA_AREA
I162S2C119J4V1,20,Carrera Genérica,REVISAR,,SIN_TABLA_OFICIAL_DE_EQUIVALENCIA_AREA,SIN_FUENTE,NULA,REVISAR_CORRECTO_SIN_FUENTE,SIN_TABLA_OFICIAL_DE_EQUIVALENCIA_AREA
I162S2C119J4V1,20,Grado Académico que otorga el programa,REVISAR,,SIN_FUENTE_EXPLICITA_EN_BASES_ACTUALES,SIN_FUENTE,NULA,REVISAR_CORRECTO_SIN_FUENTE,SIN_FUENTE_EXPLICITA_EN_BASES_ACTUALES
I162S2C119J4V1,20,Dependencia,REVISAR,,SIN_FUENTE_EXPLICITA_EN_BASES_ACTUALES,SIN_FUENTE,NULA,REVISAR_CORRECTO_SIN_FUENTE,SIN_FUENTE_EXPLICITA_EN_BASES_ACTUALES
I162S2C119J4V1,20,Régimen,REVISAR,2,DICCIONARIO.REGIMEN,REGLA_CONDICIONAL,MEDIA,COMPLETABLE_POR_REGLA_CONDICIONAL,Existe código técnico; falta confirmar formato/etiqueta final aceptada por formulario.
I162S2C119J4V1,20,Ingreso Directo,REVISAR,1,DICCIONARIO.REQUISITO_INGRESO,REGLA_CONDICIONAL,MEDIA,COMPLETABLE_POR_REGLA_CONDICIONAL,Existe código técnico; falta confirmar formato/etiqueta final aceptada por formulario.
I162S2C119J4V1,20,Ingreso desde un plan Común,REVISAR,,SIN_FUENTE_EXPLICITA_EN_BASES_ACTUALES,SIN_FUENTE,NULA,REVISAR_CORRECTO_SIN_FUENTE,SIN_FUENTE_EXPLICITA_EN_BASES_ACTUALES
I162S2C119J4V1,20,Ingreso desde Bachillerato,REVISAR,,SIN_FUENTE_EXPLICITA_EN_BASES_ACTUALES,SIN_FUENTE,NULA,REVISAR_CORRECTO_SIN_FUENTE,SIN_FUENTE_EXPLICITA_EN_BASES_ACTUALES
I162S2C119J4V1,20,Otro Tipo de Ingreso,REVISAR,,SIN_FUENTE_EXPLICITA_EN_BASES_ACTUALES,SIN_FUENTE,NULA,REVISAR_CORRECTO_SIN_FUENTE,SIN_FUENTE_EXPLICITA_EN_BASES_ACTUALES
I162S2C119J4V1,20,Ingreso otro,REVISAR,,SIN_FUENTE_EXPLICITA_EN_BASES_ACTUALES,SIN_FUENTE,NULA,REVISAR_CORRECTO_SIN_FUENTE,SIN_FUENTE_EXPLICITA_EN_BASES_ACTUALES
I162S2C119J4V1,20,FECHA_ADMISION_INICIAL,REVISAR,,SIN_FUENTE_ARANCELARIA_EN_BASES_ACTUALES,SIN_FUENTE,NULA,REVISAR_CORRECTO_SIN_FUENTE,SIN_FUENTE_ARANCELARIA_EN_BASES_ACTUALES
I162S2C119J4V1,20,MALLA_CURRICULAR,REVISAR,,SIN_FUENTE_ARANCELARIA_EN_BASES_ACTUALES,SIN_FUENTE,NULA,REVISAR_CORRECTO_SIN_FUENTE,SIN_FUENTE_ARANCELARIA_EN_BASES_ACTUALES
I162S2C119J4V1,20,PERFIL_EGRESO,REVISAR,,SIN_FUENTE_ARANCELARIA_EN_BASES_ACTUALES,SIN_FUENTE,NULA,REVISAR_CORRECTO_SIN_FUENTE,SIN_FUENTE_ARANCELARIA_EN_BASES_ACTUALES
I162S2C119J4V1,20,TEXTO_REQUISITO_INGRESO,REVISAR,,SIN_FUENTE_EXPLICITA_EN_BASES_ACTUALES,SIN_FUENTE,NULA,REVISAR_CORRECTO_SIN_FUENTE,SIN_FUENTE_EXPLICITA_EN_BASES_ACTUALES
I162S2C119J4V1,20,LICENCIA_ENS_MEDIA,REVISAR,,SIN_FUENTE_EXPLICITA_EN_BASES_ACTUALES,SIN_FUENTE,NULA,REVISAR_CORRECTO_SIN_FUENTE,SIN_FUENTE_EXPLICITA_EN_BASES_ACTUALES
I162S2C119J4V1,20,NOTAS_ENS_MEDIA,REVISAR,,SIN_FUENTE_EXPLICITA_EN_BASES_ACTUALES,SIN_FUENTE,NULA,REVISAR_CORRECTO_SIN_FUENTE,SIN_FUENTE_EXPLICITA_EN_BASES_ACTUALES
I162S2C119J4V1,20,PROMEDIO_MIN_ENS_MEDIA,REVISAR,,SIN_FUENTE_EXPLICITA_EN_BASES_ACTUALES,SIN_FUENTE,NULA,REVISAR_CORRECTO_SIN_FUENTE,SIN_FUENTE_EXPLICITA_EN_BASES_ACTUALES
I162S2C119J4V1,20,RECONOCIMIENTOS_APREN_PREVIOS,REVISAR,,SIN_FUENTE_EXPLICITA_EN_BASES_ACTUALES,SIN_FUENTE,NULA,REVISAR_CORRECTO_SIN_FUENTE,SIN_FUENTE_EXPLICITA_EN_BASES_ACTUALES
I162S2C119J4V1,20,EXPERIENCIA_LABORAL,REVISAR,,SIN_FUENTE_EXPLICITA_EN_BASES_ACTUALES,SIN_FUENTE,NULA,REVISAR_CORRECTO_SIN_FUENTE,SIN_FUENTE_EXPLICITA_EN_BASES_ACTUALES
I162S2C119J4V1,20,OTROS_REQUISITOS,REVISAR,,SIN_FUENTE_EXPLICITA_EN_BASES_ACTUALES,SIN_FUENTE,NULA,REVISAR_CORRECTO_SIN_FUENTE,SIN_FUENTE_EXPLICITA_EN_BASES_ACTUALES
I162S2C119J4V1,20,MAIL_DIFUSION_CARRERA,REVISAR,,SIN_FUENTE_ARANCELARIA_EN_BASES_ACTUALES,SIN_FUENTE,NULA,REVISAR_CORRECTO_SIN_FUENTE,SIN_FUENTE_ARANCELARIA_EN_BASES_ACTUALES
I162S2C119J4V1,20,FORMATO_VALOR,REVISAR,,SIN_FUENTE_ARANCELARIA_EN_BASES_ACTUALES,SIN_FUENTE,NULA,REVISAR_CORRECTO_SIN_FUENTE,SIN_FUENTE_ARANCELARIA_EN_BASES_ACTUALES
I162S2C119J4V1,20,VALOR_MATRICULA_ANUAL,REVISAR,,SIN_FUENTE_ARANCELARIA_EN_BASES_ACTUALES,SIN_FUENTE,NULA,REVISAR_CORRECTO_SIN_FUENTE,SIN_FUENTE_ARANCELARIA_EN_BASES_ACTUALES
I162S2C119J4V1,20,COSTO_TITULACION,REVISAR,,SIN_FUENTE_ARANCELARIA_EN_BASES_ACTUALES,SIN_FUENTE,NULA,REVISAR_CORRECTO_SIN_FUENTE,SIN_FUENTE_ARANCELARIA_EN_BASES_ACTUALES
I162S2C119J4V1,20,VALOR_CERTIFICADO_DIPLOMA,REVISAR,,SIN_FUENTE_ARANCELARIA_EN_BASES_ACTUALES,SIN_FUENTE,NULA,REVISAR_CORRECTO_SIN_FUENTE,SIN_FUENTE_ARANCELARIA_EN_BASES_ACTUALES
I162S2C119J4V1,20,ARANCEL_ANUAL,REVISAR,,SIN_FUENTE_ARANCELARIA_EN_BASES_ACTUALES,SIN_FUENTE,NULA,REVISAR_CORRECTO_SIN_FUENTE,SIN_FUENTE_ARANCELARIA_EN_BASES_ACTUALES
I162S2C119J4V1,20,VIGENCIA_CARRERA,REVISAR,,SIN_FUENTE_EXPLICITA_EN_BASES_ACTUALES,SIN_FUENTE,NULA,REVISAR_CORRECTO_SIN_FUENTE,SIN_FUENTE_EXPLICITA_EN_BASES_ACTUALES
I162S2C124J4V1,21,Mención o Especialidad,REVISAR,,SIN_FUENTE_EXPLICITA_EN_BASES_ACTUALES,SIN_FUENTE,NULA,REVISAR_CORRECTO_SIN_FUENTE,SIN_FUENTE_EXPLICITA_EN_BASES_ACTUALES
I162S2C124J4V1,21,Área del Conocimiento,REVISAR,9,DICCIONARIO.AREA_ACTUAL,REGLA_CONDICIONAL,MEDIA,COMPLETABLE_POR_REGLA_CONDICIONAL,Existe código técnico; falta confirmar formato/etiqueta final aceptada por formulario.
I162S2C124J4V1,21,Sub Área,REVISAR,,SIN_TABLA_OFICIAL_DE_EQUIVALENCIA_AREA,SIN_FUENTE,NULA,REVISAR_CORRECTO_SIN_FUENTE,SIN_TABLA_OFICIAL_DE_EQUIVALENCIA_AREA
I162S2C124J4V1,21,Carrera Genérica,REVISAR,,SIN_TABLA_OFICIAL_DE_EQUIVALENCIA_AREA,SIN_FUENTE,NULA,REVISAR_CORRECTO_SIN_FUENTE,SIN_TABLA_OFICIAL_DE_EQUIVALENCIA_AREA
I162S2C124J4V1,21,Grado Académico que otorga el programa,REVISAR,,SIN_FUENTE_EXPLICITA_EN_BASES_ACTUALES,SIN_FUENTE,NULA,REVISAR_CORRECTO_SIN_FUENTE,SIN_FUENTE_EXPLICITA_EN_BASES_ACTUALES
I162S2C124J4V1,21,Dependencia,REVISAR,,SIN_FUENTE_EXPLICITA_EN_BASES_ACTUALES,SIN_FUENTE,NULA,REVISAR_CORRECTO_SIN_FUENTE,SIN_FUENTE_EXPLICITA_EN_BASES_ACTUALES
I162S2C124J4V1,21,Régimen,REVISAR,2,DICCIONARIO.REGIMEN,REGLA_CONDICIONAL,MEDIA,COMPLETABLE_POR_REGLA_CONDICIONAL,Existe código técnico; falta confirmar formato/etiqueta final aceptada por formulario.
I162S2C124J4V1,21,Ingreso Directo,REVISAR,1,DICCIONARIO.REQUISITO_INGRESO,REGLA_CONDICIONAL,MEDIA,COMPLETABLE_POR_REGLA_CONDICIONAL,Existe código técnico; falta confirmar formato/etiqueta final aceptada por formulario.
I162S2C124J4V1,21,Ingreso desde un plan Común,REVISAR,,SIN_FUENTE_EXPLICITA_EN_BASES_ACTUALES,SIN_FUENTE,NULA,REVISAR_CORRECTO_SIN_FUENTE,SIN_FUENTE_EXPLICITA_EN_BASES_ACTUALES
I162S2C124J4V1,21,Ingreso desde Bachillerato,REVISAR,,SIN_FUENTE_EXPLICITA_EN_BASES_ACTUALES,SIN_FUENTE,NULA,REVISAR_CORRECTO_SIN_FUENTE,SIN_FUENTE_EXPLICITA_EN_BASES_ACTUALES
I162S2C124J4V1,21,Otro Tipo de Ingreso,REVISAR,,SIN_FUENTE_EXPLICITA_EN_BASES_ACTUALES,SIN_FUENTE,NULA,REVISAR_CORRECTO_SIN_FUENTE,SIN_FUENTE_EXPLICITA_EN_BASES_ACTUALES
I162S2C124J4V1,21,Ingreso otro,REVISAR,,SIN_FUENTE_EXPLICITA_EN_BASES_ACTUALES,SIN_FUENTE,NULA,REVISAR_CORRECTO_SIN_FUENTE,SIN_FUENTE_EXPLICITA_EN_BASES_ACTUALES
I162S2C124J4V1,21,FECHA_ADMISION_INICIAL,REVISAR,,SIN_FUENTE_ARANCELARIA_EN_BASES_ACTUALES,SIN_FUENTE,NULA,REVISAR_CORRECTO_SIN_FUENTE,SIN_FUENTE_ARANCELARIA_EN_BASES_ACTUALES
I162S2C124J4V1,21,MALLA_CURRICULAR,REVISAR,,SIN_FUENTE_ARANCELARIA_EN_BASES_ACTUALES,SIN_FUENTE,NULA,REVISAR_CORRECTO_SIN_FUENTE,SIN_FUENTE_ARANCELARIA_EN_BASES_ACTUALES
I162S2C124J4V1,21,PERFIL_EGRESO,REVISAR,,SIN_FUENTE_ARANCELARIA_EN_BASES_ACTUALES,SIN_FUENTE,NULA,REVISAR_CORRECTO_SIN_FUENTE,SIN_FUENTE_ARANCELARIA_EN_BASES_ACTUALES
I162S2C124J4V1,21,TEXTO_REQUISITO_INGRESO,REVISAR,,SIN_FUENTE_EXPLICITA_EN_BASES_ACTUALES,SIN_FUENTE,NULA,REVISAR_CORRECTO_SIN_FUENTE,SIN_FUENTE_EXPLICITA_EN_BASES_ACTUALES
I162S2C124J4V1,21,LICENCIA_ENS_MEDIA,REVISAR,,SIN_FUENTE_EXPLICITA_EN_BASES_ACTUALES,SIN_FUENTE,NULA,REVISAR_CORRECTO_SIN_FUENTE,SIN_FUENTE_EXPLICITA_EN_BASES_ACTUALES
I162S2C124J4V1,21,NOTAS_ENS_MEDIA,REVISAR,,SIN_FUENTE_EXPLICITA_EN_BASES_ACTUALES,SIN_FUENTE,NULA,REVISAR_CORRECTO_SIN_FUENTE,SIN_FUENTE_EXPLICITA_EN_BASES_ACTUALES
I162S2C124J4V1,21,PROMEDIO_MIN_ENS_MEDIA,REVISAR,,SIN_FUENTE_EXPLICITA_EN_BASES_ACTUALES,SIN_FUENTE,NULA,REVISAR_CORRECTO_SIN_FUENTE,SIN_FUENTE_EXPLICITA_EN_BASES_ACTUALES
I162S2C124J4V1,21,RECONOCIMIENTOS_APREN_PREVIOS,REVISAR,,SIN_FUENTE_EXPLICITA_EN_BASES_ACTUALES,SIN_FUENTE,NULA,REVISAR_CORRECTO_SIN_FUENTE,SIN_FUENTE_EXPLICITA_EN_BASES_ACTUALES
I162S2C124J4V1,21,EXPERIENCIA_LABORAL,REVISAR,,SIN_FUENTE_EXPLICITA_EN_BASES_ACTUALES,SIN_FUENTE,NULA,REVISAR_CORRECTO_SIN_FUENTE,SIN_FUENTE_EXPLICITA_EN_BASES_ACTUALES
I162S2C124J4V1,21,OTROS_REQUISITOS,REVISAR,,SIN_FUENTE_EXPLICITA_EN_BASES_ACTUALES,SIN_FUENTE,NULA,REVISAR_CORRECTO_SIN_FUENTE,SIN_FUENTE_EXPLICITA_EN_BASES_ACTUALES
I162S2C124J4V1,21,MAIL_DIFUSION_CARRERA,REVISAR,,SIN_FUENTE_ARANCELARIA_EN_BASES_ACTUALES,SIN_FUENTE,NULA,REVISAR_CORRECTO_SIN_FUENTE,SIN_FUENTE_ARANCELARIA_EN_BASES_ACTUALES
I162S2C124J4V1,21,FORMATO_VALOR,REVISAR,,SIN_FUENTE_ARANCELARIA_EN_BASES_ACTUALES,SIN_FUENTE,NULA,REVISAR_CORRECTO_SIN_FUENTE,SIN_FUENTE_ARANCELARIA_EN_BASES_ACTUALES
I162S2C124J4V1,21,VALOR_MATRICULA_ANUAL,REVISAR,,SIN_FUENTE_ARANCELARIA_EN_BASES_ACTUALES,SIN_FUENTE,NULA,REVISAR_CORRECTO_SIN_FUENTE,SIN_FUENTE_ARANCELARIA_EN_BASES_ACTUALES
I162S2C124J4V1,21,COSTO_TITULACION,REVISAR,,SIN_FUENTE_ARANCELARIA_EN_BASES_ACTUALES,SIN_FUENTE,NULA,REVISAR_CORRECTO_SIN_FUENTE,SIN_FUENTE_ARANCELARIA_EN_BASES_ACTUALES
I162S2C124J4V1,21,VALOR_CERTIFICADO_DIPLOMA,REVISAR,,SIN_FUENTE_ARANCELARIA_EN_BASES_ACTUALES,SIN_FUENTE,NULA,REVISAR_CORRECTO_SIN_FUENTE,SIN_FUENTE_ARANCELARIA_EN_BASES_ACTUALES
I162S2C124J4V1,21,ARANCEL_ANUAL,REVISAR,,SIN_FUENTE_ARANCELARIA_EN_BASES_ACTUALES,SIN_FUENTE,NULA,REVISAR_CORRECTO_SIN_FUENTE,SIN_FUENTE_ARANCELARIA_EN_BASES_ACTUALES
I162S2C124J4V1,21,VIGENCIA_CARRERA,REVISAR,,SIN_FUENTE_EXPLICITA_EN_BASES_ACTUALES,SIN_FUENTE,NULA,REVISAR_CORRECTO_SIN_FUENTE,SIN_FUENTE_EXPLICITA_EN_BASES_ACTUALES
I162S2C124J4V2,22,Mención o Especialidad,REVISAR,,SIN_FUENTE_EXPLICITA_EN_BASES_ACTUALES,SIN_FUENTE,NULA,REVISAR_CORRECTO_SIN_FUENTE,SIN_FUENTE_EXPLICITA_EN_BASES_ACTUALES
I162S2C124J4V2,22,Detalle del Tipo de Programa (especiales),REVISAR,,SIN_FUENTE_DETALLE_PROGRAMA_ESPECIAL,SIN_FUENTE,NULA,REVISAR_CORRECTO_SIN_FUENTE,Programa especial sin detalle validado.
I162S2C124J4V2,22,Área del Conocimiento,REVISAR,9,DICCIONARIO.AREA_ACTUAL,REGLA_CONDICIONAL,MEDIA,COMPLETABLE_POR_REGLA_CONDICIONAL,Existe código técnico; falta confirmar formato/etiqueta final aceptada por formulario.
I162S2C124J4V2,22,Sub Área,REVISAR,,SIN_TABLA_OFICIAL_DE_EQUIVALENCIA_AREA,SIN_FUENTE,NULA,REVISAR_CORRECTO_SIN_FUENTE,SIN_TABLA_OFICIAL_DE_EQUIVALENCIA_AREA
I162S2C124J4V2,22,Carrera Genérica,REVISAR,,SIN_TABLA_OFICIAL_DE_EQUIVALENCIA_AREA,SIN_FUENTE,NULA,REVISAR_CORRECTO_SIN_FUENTE,SIN_TABLA_OFICIAL_DE_EQUIVALENCIA_AREA
I162S2C124J4V2,22,Grado Académico que otorga el programa,REVISAR,,SIN_FUENTE_EXPLICITA_EN_BASES_ACTUALES,SIN_FUENTE,NULA,REVISAR_CORRECTO_SIN_FUENTE,SIN_FUENTE_EXPLICITA_EN_BASES_ACTUALES
I162S2C124J4V2,22,Dependencia,REVISAR,,SIN_FUENTE_EXPLICITA_EN_BASES_ACTUALES,SIN_FUENTE,NULA,REVISAR_CORRECTO_SIN_FUENTE,SIN_FUENTE_EXPLICITA_EN_BASES_ACTUALES
I162S2C124J4V2,22,Régimen,REVISAR,2,DICCIONARIO.REGIMEN,REGLA_CONDICIONAL,MEDIA,COMPLETABLE_POR_REGLA_CONDICIONAL,Existe código técnico; falta confirmar formato/etiqueta final aceptada por formulario.
I162S2C124J4V2,22,Ingreso Directo,REVISAR,2,DICCIONARIO.REQUISITO_INGRESO,REGLA_CONDICIONAL,MEDIA,COMPLETABLE_POR_REGLA_CONDICIONAL,Existe código técnico; falta confirmar formato/etiqueta final aceptada por formulario.
I162S2C124J4V2,22,Ingreso desde un plan Común,REVISAR,,SIN_FUENTE_EXPLICITA_EN_BASES_ACTUALES,SIN_FUENTE,NULA,REVISAR_CORRECTO_SIN_FUENTE,SIN_FUENTE_EXPLICITA_EN_BASES_ACTUALES
I162S2C124J4V2,22,Ingreso desde Bachillerato,REVISAR,,SIN_FUENTE_EXPLICITA_EN_BASES_ACTUALES,SIN_FUENTE,NULA,REVISAR_CORRECTO_SIN_FUENTE,SIN_FUENTE_EXPLICITA_EN_BASES_ACTUALES
I162S2C124J4V2,22,Otro Tipo de Ingreso,REVISAR,,SIN_FUENTE_EXPLICITA_EN_BASES_ACTUALES,SIN_FUENTE,NULA,REVISAR_CORRECTO_SIN_FUENTE,SIN_FUENTE_EXPLICITA_EN_BASES_ACTUALES
I162S2C124J4V2,22,Ingreso otro,REVISAR,,SIN_FUENTE_EXPLICITA_EN_BASES_ACTUALES,SIN_FUENTE,NULA,REVISAR_CORRECTO_SIN_FUENTE,SIN_FUENTE_EXPLICITA_EN_BASES_ACTUALES
I162S2C124J4V2,22,FECHA_ADMISION_INICIAL,REVISAR,,SIN_FUENTE_ARANCELARIA_EN_BASES_ACTUALES,SIN_FUENTE,NULA,REVISAR_CORRECTO_SIN_FUENTE,SIN_FUENTE_ARANCELARIA_EN_BASES_ACTUALES
I162S2C124J4V2,22,MALLA_CURRICULAR,REVISAR,,SIN_FUENTE_ARANCELARIA_EN_BASES_ACTUALES,SIN_FUENTE,NULA,REVISAR_CORRECTO_SIN_FUENTE,SIN_FUENTE_ARANCELARIA_EN_BASES_ACTUALES
I162S2C124J4V2,22,PERFIL_EGRESO,REVISAR,,SIN_FUENTE_ARANCELARIA_EN_BASES_ACTUALES,SIN_FUENTE,NULA,REVISAR_CORRECTO_SIN_FUENTE,SIN_FUENTE_ARANCELARIA_EN_BASES_ACTUALES
I162S2C124J4V2,22,TEXTO_REQUISITO_INGRESO,REVISAR,,SIN_FUENTE_EXPLICITA_EN_BASES_ACTUALES,SIN_FUENTE,NULA,REVISAR_CORRECTO_SIN_FUENTE,SIN_FUENTE_EXPLICITA_EN_BASES_ACTUALES
I162S2C124J4V2,22,LICENCIA_ENS_MEDIA,REVISAR,,SIN_FUENTE_EXPLICITA_EN_BASES_ACTUALES,SIN_FUENTE,NULA,REVISAR_CORRECTO_SIN_FUENTE,SIN_FUENTE_EXPLICITA_EN_BASES_ACTUALES
I162S2C124J4V2,22,NOTAS_ENS_MEDIA,REVISAR,,SIN_FUENTE_EXPLICITA_EN_BASES_ACTUALES,SIN_FUENTE,NULA,REVISAR_CORRECTO_SIN_FUENTE,SIN_FUENTE_EXPLICITA_EN_BASES_ACTUALES
I162S2C124J4V2,22,PROMEDIO_MIN_ENS_MEDIA,REVISAR,,SIN_FUENTE_EXPLICITA_EN_BASES_ACTUALES,SIN_FUENTE,NULA,REVISAR_CORRECTO_SIN_FUENTE,SIN_FUENTE_EXPLICITA_EN_BASES_ACTUALES
I162S2C124J4V2,22,RECONOCIMIENTOS_APREN_PREVIOS,REVISAR,,SIN_FUENTE_EXPLICITA_EN_BASES_ACTUALES,SIN_FUENTE,NULA,REVISAR_CORRECTO_SIN_FUENTE,SIN_FUENTE_EXPLICITA_EN_BASES_ACTUALES
I162S2C124J4V2,22,EXPERIENCIA_LABORAL,REVISAR,,SIN_FUENTE_EXPLICITA_EN_BASES_ACTUALES,SIN_FUENTE,NULA,REVISAR_CORRECTO_SIN_FUENTE,SIN_FUENTE_EXPLICITA_EN_BASES_ACTUALES
I162S2C124J4V2,22,OTROS_REQUISITOS,REVISAR,,SIN_FUENTE_EXPLICITA_EN_BASES_ACTUALES,SIN_FUENTE,NULA,REVISAR_CORRECTO_SIN_FUENTE,SIN_FUENTE_EXPLICITA_EN_BASES_ACTUALES
I162S2C124J4V2,22,MAIL_DIFUSION_CARRERA,REVISAR,,SIN_FUENTE_ARANCELARIA_EN_BASES_ACTUALES,SIN_FUENTE,NULA,REVISAR_CORRECTO_SIN_FUENTE,SIN_FUENTE_ARANCELARIA_EN_BASES_ACTUALES
I162S2C124J4V2,22,FORMATO_VALOR,REVISAR,,SIN_FUENTE_ARANCELARIA_EN_BASES_ACTUALES,SIN_FUENTE,NULA,REVISAR_CORRECTO_SIN_FUENTE,SIN_FUENTE_ARANCELARIA_EN_BASES_ACTUALES
I162S2C124J4V2,22,VALOR_MATRICULA_ANUAL,REVISAR,,SIN_FUENTE_ARANCELARIA_EN_BASES_ACTUALES,SIN_FUENTE,NULA,REVISAR_CORRECTO_SIN_FUENTE,SIN_FUENTE_ARANCELARIA_EN_BASES_ACTUALES
I162S2C124J4V2,22,COSTO_TITULACION,REVISAR,,SIN_FUENTE_ARANCELARIA_EN_BASES_ACTUALES,SIN_FUENTE,NULA,REVISAR_CORRECTO_SIN_FUENTE,SIN_FUENTE_ARANCELARIA_EN_BASES_ACTUALES
I162S2C124J4V2,22,VALOR_CERTIFICADO_DIPLOMA,REVISAR,,SIN_FUENTE_ARANCELARIA_EN_BASES_ACTUALES,SIN_FUENTE,NULA,REVISAR_CORRECTO_SIN_FUENTE,SIN_FUENTE_ARANCELARIA_EN_BASES_ACTUALES
I162S2C124J4V2,22,ARANCEL_ANUAL,REVISAR,,SIN_FUENTE_ARANCELARIA_EN_BASES_ACTUALES,SIN_FUENTE,NULA,REVISAR_CORRECTO_SIN_FUENTE,SIN_FUENTE_ARANCELARIA_EN_BASES_ACTUALES
I162S2C124J4V2,22,VIGENCIA_CARRERA,REVISAR,,SIN_FUENTE_EXPLICITA_EN_BASES_ACTUALES,SIN_FUENTE,NULA,REVISAR_CORRECTO_SIN_FUENTE,SIN_FUENTE_EXPLICITA_EN_BASES_ACTUALES
I162S2C125J4V1,23,Mención o Especialidad,REVISAR,,SIN_FUENTE_EXPLICITA_EN_BASES_ACTUALES,SIN_FUENTE,NULA,REVISAR_CORRECTO_SIN_FUENTE,SIN_FUENTE_EXPLICITA_EN_BASES_ACTUALES
I162S2C125J4V1,23,Área del Conocimiento,REVISAR,9,DICCIONARIO.AREA_ACTUAL,REGLA_CONDICIONAL,MEDIA,COMPLETABLE_POR_REGLA_CONDICIONAL,Existe código técnico; falta confirmar formato/etiqueta final aceptada por formulario.
I162S2C125J4V1,23,Sub Área,REVISAR,,SIN_TABLA_OFICIAL_DE_EQUIVALENCIA_AREA,SIN_FUENTE,NULA,REVISAR_CORRECTO_SIN_FUENTE,SIN_TABLA_OFICIAL_DE_EQUIVALENCIA_AREA
I162S2C125J4V1,23,Carrera Genérica,REVISAR,,SIN_TABLA_OFICIAL_DE_EQUIVALENCIA_AREA,SIN_FUENTE,NULA,REVISAR_CORRECTO_SIN_FUENTE,SIN_TABLA_OFICIAL_DE_EQUIVALENCIA_AREA
I162S2C125J4V1,23,Grado Académico que otorga el programa,REVISAR,,SIN_FUENTE_EXPLICITA_EN_BASES_ACTUALES,SIN_FUENTE,NULA,REVISAR_CORRECTO_SIN_FUENTE,SIN_FUENTE_EXPLICITA_EN_BASES_ACTUALES
I162S2C125J4V1,23,Dependencia,REVISAR,,SIN_FUENTE_EXPLICITA_EN_BASES_ACTUALES,SIN_FUENTE,NULA,REVISAR_CORRECTO_SIN_FUENTE,SIN_FUENTE_EXPLICITA_EN_BASES_ACTUALES
I162S2C125J4V1,23,Régimen,REVISAR,2,DICCIONARIO.REGIMEN,REGLA_CONDICIONAL,MEDIA,COMPLETABLE_POR_REGLA_CONDICIONAL,Existe código técnico; falta confirmar formato/etiqueta final aceptada por formulario.
I162S2C125J4V1,23,Ingreso Directo,REVISAR,1,DICCIONARIO.REQUISITO_INGRESO,REGLA_CONDICIONAL,MEDIA,COMPLETABLE_POR_REGLA_CONDICIONAL,Existe código técnico; falta confirmar formato/etiqueta final aceptada por formulario.
I162S2C125J4V1,23,Ingreso desde un plan Común,REVISAR,,SIN_FUENTE_EXPLICITA_EN_BASES_ACTUALES,SIN_FUENTE,NULA,REVISAR_CORRECTO_SIN_FUENTE,SIN_FUENTE_EXPLICITA_EN_BASES_ACTUALES
I162S2C125J4V1,23,Ingreso desde Bachillerato,REVISAR,,SIN_FUENTE_EXPLICITA_EN_BASES_ACTUALES,SIN_FUENTE,NULA,REVISAR_CORRECTO_SIN_FUENTE,SIN_FUENTE_EXPLICITA_EN_BASES_ACTUALES
I162S2C125J4V1,23,Otro Tipo de Ingreso,REVISAR,,SIN_FUENTE_EXPLICITA_EN_BASES_ACTUALES,SIN_FUENTE,NULA,REVISAR_CORRECTO_SIN_FUENTE,SIN_FUENTE_EXPLICITA_EN_BASES_ACTUALES
I162S2C125J4V1,23,Ingreso otro,REVISAR,,SIN_FUENTE_EXPLICITA_EN_BASES_ACTUALES,SIN_FUENTE,NULA,REVISAR_CORRECTO_SIN_FUENTE,SIN_FUENTE_EXPLICITA_EN_BASES_ACTUALES
I162S2C125J4V1,23,FECHA_ADMISION_INICIAL,REVISAR,,SIN_FUENTE_ARANCELARIA_EN_BASES_ACTUALES,SIN_FUENTE,NULA,REVISAR_CORRECTO_SIN_FUENTE,SIN_FUENTE_ARANCELARIA_EN_BASES_ACTUALES
I162S2C125J4V1,23,MALLA_CURRICULAR,REVISAR,,SIN_FUENTE_ARANCELARIA_EN_BASES_ACTUALES,SIN_FUENTE,NULA,REVISAR_CORRECTO_SIN_FUENTE,SIN_FUENTE_ARANCELARIA_EN_BASES_ACTUALES
I162S2C125J4V1,23,PERFIL_EGRESO,REVISAR,,SIN_FUENTE_ARANCELARIA_EN_BASES_ACTUALES,SIN_FUENTE,NULA,REVISAR_CORRECTO_SIN_FUENTE,SIN_FUENTE_ARANCELARIA_EN_BASES_ACTUALES
I162S2C125J4V1,23,TEXTO_REQUISITO_INGRESO,REVISAR,,SIN_FUENTE_EXPLICITA_EN_BASES_ACTUALES,SIN_FUENTE,NULA,REVISAR_CORRECTO_SIN_FUENTE,SIN_FUENTE_EXPLICITA_EN_BASES_ACTUALES
I162S2C125J4V1,23,LICENCIA_ENS_MEDIA,REVISAR,,SIN_FUENTE_EXPLICITA_EN_BASES_ACTUALES,SIN_FUENTE,NULA,REVISAR_CORRECTO_SIN_FUENTE,SIN_FUENTE_EXPLICITA_EN_BASES_ACTUALES
I162S2C125J4V1,23,NOTAS_ENS_MEDIA,REVISAR,,SIN_FUENTE_EXPLICITA_EN_BASES_ACTUALES,SIN_FUENTE,NULA,REVISAR_CORRECTO_SIN_FUENTE,SIN_FUENTE_EXPLICITA_EN_BASES_ACTUALES
I162S2C125J4V1,23,PROMEDIO_MIN_ENS_MEDIA,REVISAR,,SIN_FUENTE_EXPLICITA_EN_BASES_ACTUALES,SIN_FUENTE,NULA,REVISAR_CORRECTO_SIN_FUENTE,SIN_FUENTE_EXPLICITA_EN_BASES_ACTUALES
I162S2C125J4V1,23,RECONOCIMIENTOS_APREN_PREVIOS,REVISAR,,SIN_FUENTE_EXPLICITA_EN_BASES_ACTUALES,SIN_FUENTE,NULA,REVISAR_CORRECTO_SIN_FUENTE,SIN_FUENTE_EXPLICITA_EN_BASES_ACTUALES
I162S2C125J4V1,23,EXPERIENCIA_LABORAL,REVISAR,,SIN_FUENTE_EXPLICITA_EN_BASES_ACTUALES,SIN_FUENTE,NULA,REVISAR_CORRECTO_SIN_FUENTE,SIN_FUENTE_EXPLICITA_EN_BASES_ACTUALES
I162S2C125J4V1,23,OTROS_REQUISITOS,REVISAR,,SIN_FUENTE_EXPLICITA_EN_BASES_ACTUALES,SIN_FUENTE,NULA,REVISAR_CORRECTO_SIN_FUENTE,SIN_FUENTE_EXPLICITA_EN_BASES_ACTUALES
I162S2C125J4V1,23,MAIL_DIFUSION_CARRERA,REVISAR,,SIN_FUENTE_ARANCELARIA_EN_BASES_ACTUALES,SIN_FUENTE,NULA,REVISAR_CORRECTO_SIN_FUENTE,SIN_FUENTE_ARANCELARIA_EN_BASES_ACTUALES
I162S2C125J4V1,23,FORMATO_VALOR,REVISAR,,SIN_FUENTE_ARANCELARIA_EN_BASES_ACTUALES,SIN_FUENTE,NULA,REVISAR_CORRECTO_SIN_FUENTE,SIN_FUENTE_ARANCELARIA_EN_BASES_ACTUALES
I162S2C125J4V1,23,VALOR_MATRICULA_ANUAL,REVISAR,,SIN_FUENTE_ARANCELARIA_EN_BASES_ACTUALES,SIN_FUENTE,NULA,REVISAR_CORRECTO_SIN_FUENTE,SIN_FUENTE_ARANCELARIA_EN_BASES_ACTUALES
I162S2C125J4V1,23,COSTO_TITULACION,REVISAR,,SIN_FUENTE_ARANCELARIA_EN_BASES_ACTUALES,SIN_FUENTE,NULA,REVISAR_CORRECTO_SIN_FUENTE,SIN_FUENTE_ARANCELARIA_EN_BASES_ACTUALES
I162S2C125J4V1,23,VALOR_CERTIFICADO_DIPLOMA,REVISAR,,SIN_FUENTE_ARANCELARIA_EN_BASES_ACTUALES,SIN_FUENTE,NULA,REVISAR_CORRECTO_SIN_FUENTE,SIN_FUENTE_ARANCELARIA_EN_BASES_ACTUALES
I162S2C125J4V1,23,ARANCEL_ANUAL,REVISAR,,SIN_FUENTE_ARANCELARIA_EN_BASES_ACTUALES,SIN_FUENTE,NULA,REVISAR_CORRECTO_SIN_FUENTE,SIN_FUENTE_ARANCELARIA_EN_BASES_ACTUALES
I162S2C125J4V1,23,VIGENCIA_CARRERA,REVISAR,,SIN_FUENTE_EXPLICITA_EN_BASES_ACTUALES,SIN_FUENTE,NULA,REVISAR_CORRECTO_SIN_FUENTE,SIN_FUENTE_EXPLICITA_EN_BASES_ACTUALES
I162S2C125J4V2,24,Mención o Especialidad,REVISAR,,SIN_FUENTE_EXPLICITA_EN_BASES_ACTUALES,SIN_FUENTE,NULA,REVISAR_CORRECTO_SIN_FUENTE,SIN_FUENTE_EXPLICITA_EN_BASES_ACTUALES
I162S2C125J4V2,24,Detalle del Tipo de Programa (especiales),REVISAR,,SIN_FUENTE_DETALLE_PROGRAMA_ESPECIAL,SIN_FUENTE,NULA,REVISAR_CORRECTO_SIN_FUENTE,Programa especial sin detalle validado.
I162S2C125J4V2,24,Área del Conocimiento,REVISAR,9,DICCIONARIO.AREA_ACTUAL,REGLA_CONDICIONAL,MEDIA,COMPLETABLE_POR_REGLA_CONDICIONAL,Existe código técnico; falta confirmar formato/etiqueta final aceptada por formulario.
I162S2C125J4V2,24,Sub Área,REVISAR,,SIN_TABLA_OFICIAL_DE_EQUIVALENCIA_AREA,SIN_FUENTE,NULA,REVISAR_CORRECTO_SIN_FUENTE,SIN_TABLA_OFICIAL_DE_EQUIVALENCIA_AREA
I162S2C125J4V2,24,Carrera Genérica,REVISAR,,SIN_TABLA_OFICIAL_DE_EQUIVALENCIA_AREA,SIN_FUENTE,NULA,REVISAR_CORRECTO_SIN_FUENTE,SIN_TABLA_OFICIAL_DE_EQUIVALENCIA_AREA
I162S2C125J4V2,24,Grado Académico que otorga el programa,REVISAR,,SIN_FUENTE_EXPLICITA_EN_BASES_ACTUALES,SIN_FUENTE,NULA,REVISAR_CORRECTO_SIN_FUENTE,SIN_FUENTE_EXPLICITA_EN_BASES_ACTUALES
I162S2C125J4V2,24,Dependencia,REVISAR,,SIN_FUENTE_EXPLICITA_EN_BASES_ACTUALES,SIN_FUENTE,NULA,REVISAR_CORRECTO_SIN_FUENTE,SIN_FUENTE_EXPLICITA_EN_BASES_ACTUALES
I162S2C125J4V2,24,Régimen,REVISAR,2,DICCIONARIO.REGIMEN,REGLA_CONDICIONAL,MEDIA,COMPLETABLE_POR_REGLA_CONDICIONAL,Existe código técnico; falta confirmar formato/etiqueta final aceptada por formulario.
I162S2C125J4V2,24,Ingreso Directo,REVISAR,2,DICCIONARIO.REQUISITO_INGRESO,REGLA_CONDICIONAL,MEDIA,COMPLETABLE_POR_REGLA_CONDICIONAL,Existe código técnico; falta confirmar formato/etiqueta final aceptada por formulario.
I162S2C125J4V2,24,Ingreso desde un plan Común,REVISAR,,SIN_FUENTE_EXPLICITA_EN_BASES_ACTUALES,SIN_FUENTE,NULA,REVISAR_CORRECTO_SIN_FUENTE,SIN_FUENTE_EXPLICITA_EN_BASES_ACTUALES
I162S2C125J4V2,24,Ingreso desde Bachillerato,REVISAR,,SIN_FUENTE_EXPLICITA_EN_BASES_ACTUALES,SIN_FUENTE,NULA,REVISAR_CORRECTO_SIN_FUENTE,SIN_FUENTE_EXPLICITA_EN_BASES_ACTUALES
I162S2C125J4V2,24,Otro Tipo de Ingreso,REVISAR,,SIN_FUENTE_EXPLICITA_EN_BASES_ACTUALES,SIN_FUENTE,NULA,REVISAR_CORRECTO_SIN_FUENTE,SIN_FUENTE_EXPLICITA_EN_BASES_ACTUALES
I162S2C125J4V2,24,Ingreso otro,REVISAR,,SIN_FUENTE_EXPLICITA_EN_BASES_ACTUALES,SIN_FUENTE,NULA,REVISAR_CORRECTO_SIN_FUENTE,SIN_FUENTE_EXPLICITA_EN_BASES_ACTUALES
I162S2C125J4V2,24,FECHA_ADMISION_INICIAL,REVISAR,,SIN_FUENTE_ARANCELARIA_EN_BASES_ACTUALES,SIN_FUENTE,NULA,REVISAR_CORRECTO_SIN_FUENTE,SIN_FUENTE_ARANCELARIA_EN_BASES_ACTUALES
I162S2C125J4V2,24,MALLA_CURRICULAR,REVISAR,,SIN_FUENTE_ARANCELARIA_EN_BASES_ACTUALES,SIN_FUENTE,NULA,REVISAR_CORRECTO_SIN_FUENTE,SIN_FUENTE_ARANCELARIA_EN_BASES_ACTUALES
I162S2C125J4V2,24,PERFIL_EGRESO,REVISAR,,SIN_FUENTE_ARANCELARIA_EN_BASES_ACTUALES,SIN_FUENTE,NULA,REVISAR_CORRECTO_SIN_FUENTE,SIN_FUENTE_ARANCELARIA_EN_BASES_ACTUALES
I162S2C125J4V2,24,TEXTO_REQUISITO_INGRESO,REVISAR,,SIN_FUENTE_EXPLICITA_EN_BASES_ACTUALES,SIN_FUENTE,NULA,REVISAR_CORRECTO_SIN_FUENTE,SIN_FUENTE_EXPLICITA_EN_BASES_ACTUALES
I162S2C125J4V2,24,LICENCIA_ENS_MEDIA,REVISAR,,SIN_FUENTE_EXPLICITA_EN_BASES_ACTUALES,SIN_FUENTE,NULA,REVISAR_CORRECTO_SIN_FUENTE,SIN_FUENTE_EXPLICITA_EN_BASES_ACTUALES
I162S2C125J4V2,24,NOTAS_ENS_MEDIA,REVISAR,,SIN_FUENTE_EXPLICITA_EN_BASES_ACTUALES,SIN_FUENTE,NULA,REVISAR_CORRECTO_SIN_FUENTE,SIN_FUENTE_EXPLICITA_EN_BASES_ACTUALES
I162S2C125J4V2,24,PROMEDIO_MIN_ENS_MEDIA,REVISAR,,SIN_FUENTE_EXPLICITA_EN_BASES_ACTUALES,SIN_FUENTE,NULA,REVISAR_CORRECTO_SIN_FUENTE,SIN_FUENTE_EXPLICITA_EN_BASES_ACTUALES
I162S2C125J4V2,24,RECONOCIMIENTOS_APREN_PREVIOS,REVISAR,,SIN_FUENTE_EXPLICITA_EN_BASES_ACTUALES,SIN_FUENTE,NULA,REVISAR_CORRECTO_SIN_FUENTE,SIN_FUENTE_EXPLICITA_EN_BASES_ACTUALES
I162S2C125J4V2,24,EXPERIENCIA_LABORAL,REVISAR,,SIN_FUENTE_EXPLICITA_EN_BASES_ACTUALES,SIN_FUENTE,NULA,REVISAR_CORRECTO_SIN_FUENTE,SIN_FUENTE_EXPLICITA_EN_BASES_ACTUALES
I162S2C125J4V2,24,OTROS_REQUISITOS,REVISAR,,SIN_FUENTE_EXPLICITA_EN_BASES_ACTUALES,SIN_FUENTE,NULA,REVISAR_CORRECTO_SIN_FUENTE,SIN_FUENTE_EXPLICITA_EN_BASES_ACTUALES
I162S2C125J4V2,24,MAIL_DIFUSION_CARRERA,REVISAR,,SIN_FUENTE_ARANCELARIA_EN_BASES_ACTUALES,SIN_FUENTE,NULA,REVISAR_CORRECTO_SIN_FUENTE,SIN_FUENTE_ARANCELARIA_EN_BASES_ACTUALES
I162S2C125J4V2,24,FORMATO_VALOR,REVISAR,,SIN_FUENTE_ARANCELARIA_EN_BASES_ACTUALES,SIN_FUENTE,NULA,REVISAR_CORRECTO_SIN_FUENTE,SIN_FUENTE_ARANCELARIA_EN_BASES_ACTUALES
I162S2C125J4V2,24,VALOR_MATRICULA_ANUAL,REVISAR,,SIN_FUENTE_ARANCELARIA_EN_BASES_ACTUALES,SIN_FUENTE,NULA,REVISAR_CORRECTO_SIN_FUENTE,SIN_FUENTE_ARANCELARIA_EN_BASES_ACTUALES
I162S2C125J4V2,24,COSTO_TITULACION,REVISAR,,SIN_FUENTE_ARANCELARIA_EN_BASES_ACTUALES,SIN_FUENTE,NULA,REVISAR_CORRECTO_SIN_FUENTE,SIN_FUENTE_ARANCELARIA_EN_BASES_ACTUALES
I162S2C125J4V2,24,VALOR_CERTIFICADO_DIPLOMA,REVISAR,,SIN_FUENTE_ARANCELARIA_EN_BASES_ACTUALES,SIN_FUENTE,NULA,REVISAR_CORRECTO_SIN_FUENTE,SIN_FUENTE_ARANCELARIA_EN_BASES_ACTUALES
I162S2C125J4V2,24,ARANCEL_ANUAL,REVISAR,,SIN_FUENTE_ARANCELARIA_EN_BASES_ACTUALES,SIN_FUENTE,NULA,REVISAR_CORRECTO_SIN_FUENTE,SIN_FUENTE_ARANCELARIA_EN_BASES_ACTUALES
I162S2C125J4V2,24,VIGENCIA_CARRERA,REVISAR,,SIN_FUENTE_EXPLICITA_EN_BASES_ACTUALES,SIN_FUENTE,NULA,REVISAR_CORRECTO_SIN_FUENTE,SIN_FUENTE_EXPLICITA_EN_BASES_ACTUALES
I162S2C13J1V1,25,Mención o Especialidad,REVISAR,,SIN_FUENTE_EXPLICITA_EN_BASES_ACTUALES,SIN_FUENTE,NULA,REVISAR_CORRECTO_SIN_FUENTE,SIN_FUENTE_EXPLICITA_EN_BASES_ACTUALES
I162S2C13J1V1,25,Año de inicio de Actividades,REVISAR,,DICCIONARIO.ANIO_INICIO,SIN_FUENTE,NULA,REVISAR_CORRECTO_SIN_FUENTE,Diccionario no trae valor usable para este campo.
I162S2C13J1V1,25,Área del Conocimiento,REVISAR,,DICCIONARIO.AREA_ACTUAL,SIN_FUENTE,NULA,REVISAR_CORRECTO_SIN_FUENTE,Diccionario no trae valor usable para este campo.
I162S2C13J1V1,25,Sub Área,REVISAR,,SIN_TABLA_OFICIAL_DE_EQUIVALENCIA_AREA,SIN_FUENTE,NULA,REVISAR_CORRECTO_SIN_FUENTE,SIN_TABLA_OFICIAL_DE_EQUIVALENCIA_AREA
I162S2C13J1V1,25,Carrera Genérica,REVISAR,,SIN_TABLA_OFICIAL_DE_EQUIVALENCIA_AREA,SIN_FUENTE,NULA,REVISAR_CORRECTO_SIN_FUENTE,SIN_TABLA_OFICIAL_DE_EQUIVALENCIA_AREA
I162S2C13J1V1,25,Título que otorga el programa,REVISAR,,DICCIONARIO.NOMBRE_TITULO,SIN_FUENTE,NULA,REVISAR_CORRECTO_SIN_FUENTE,Diccionario no trae valor usable para este campo.
I162S2C13J1V1,25,Grado Académico que otorga el programa,REVISAR,,SIN_FUENTE_EXPLICITA_EN_BASES_ACTUALES,SIN_FUENTE,NULA,REVISAR_CORRECTO_SIN_FUENTE,SIN_FUENTE_EXPLICITA_EN_BASES_ACTUALES
I162S2C13J1V1,25,Dependencia,REVISAR,,SIN_FUENTE_EXPLICITA_EN_BASES_ACTUALES,SIN_FUENTE,NULA,REVISAR_CORRECTO_SIN_FUENTE,SIN_FUENTE_EXPLICITA_EN_BASES_ACTUALES
I162S2C13J1V1,25,Régimen,REVISAR,,DICCIONARIO.REGIMEN,SIN_FUENTE,NULA,REVISAR_CORRECTO_SIN_FUENTE,Diccionario no trae valor usable para este campo.
I162S2C13J1V1,25,Ingreso Directo,REVISAR,,DICCIONARIO.REQUISITO_INGRESO,SIN_FUENTE,NULA,REVISAR_CORRECTO_SIN_FUENTE,Diccionario no trae valor usable para este campo.
I162S2C13J1V1,25,Ingreso desde un plan Común,REVISAR,,SIN_FUENTE_EXPLICITA_EN_BASES_ACTUALES,SIN_FUENTE,NULA,REVISAR_CORRECTO_SIN_FUENTE,SIN_FUENTE_EXPLICITA_EN_BASES_ACTUALES
I162S2C13J1V1,25,Ingreso desde Bachillerato,REVISAR,,SIN_FUENTE_EXPLICITA_EN_BASES_ACTUALES,SIN_FUENTE,NULA,REVISAR_CORRECTO_SIN_FUENTE,SIN_FUENTE_EXPLICITA_EN_BASES_ACTUALES
I162S2C13J1V1,25,Otro Tipo de Ingreso,REVISAR,,SIN_FUENTE_EXPLICITA_EN_BASES_ACTUALES,SIN_FUENTE,NULA,REVISAR_CORRECTO_SIN_FUENTE,SIN_FUENTE_EXPLICITA_EN_BASES_ACTUALES
I162S2C13J1V1,25,Ingreso otro,REVISAR,,SIN_FUENTE_EXPLICITA_EN_BASES_ACTUALES,SIN_FUENTE,NULA,REVISAR_CORRECTO_SIN_FUENTE,SIN_FUENTE_EXPLICITA_EN_BASES_ACTUALES
I162S2C13J1V1,25,ANIO_INICIO,REVISAR,,DICCIONARIO.ANIO_INICIO,SIN_FUENTE,NULA,REVISAR_CORRECTO_SIN_FUENTE,Diccionario no trae valor usable.
I162S2C13J1V1,25,REGIMEN,REVISAR,,DICCIONARIO.REGIMEN,SIN_FUENTE,NULA,REVISAR_CORRECTO_SIN_FUENTE,Diccionario no trae valor usable.
I162S2C13J1V1,25,DURACION_REGIMEN,REVISAR,,DICCIONARIO.DURACION_REGIMEN,SIN_FUENTE,NULA,REVISAR_CORRECTO_SIN_FUENTE,Diccionario no trae valor usable.
I162S2C13J1V1,25,NOMBRE_TITULO,REVISAR,,DICCIONARIO.NOMBRE_TITULO,SIN_FUENTE,NULA,REVISAR_CORRECTO_SIN_FUENTE,Diccionario no trae valor usable.
I162S2C13J1V1,25,ACREDITACION,REVISAR,,DICCIONARIO.ACREDITACION,SIN_FUENTE,NULA,REVISAR_CORRECTO_SIN_FUENTE,Diccionario no trae valor usable.
I162S2C13J1V1,25,REQUISITO_INGRESO,REVISAR,,DICCIONARIO.REQUISITO_INGRESO,SIN_FUENTE,NULA,REVISAR_CORRECTO_SIN_FUENTE,Diccionario no trae valor usable.
I162S2C13J1V1,25,SEMESTRES_RECONOCIDOS,REVISAR,,DICCIONARIO.SEMESTRES_RECONOCIDOS,SIN_FUENTE,NULA,REVISAR_CORRECTO_SIN_FUENTE,Diccionario no trae valor usable.
I162S2C13J1V1,25,AREA_ACTUAL,REVISAR,,DICCIONARIO.AREA_ACTUAL,SIN_FUENTE,NULA,REVISAR_CORRECTO_SIN_FUENTE,Diccionario no trae valor usable.
I162S2C13J1V1,25,AREA_ADMIN_DERECHO,REVISAR,,DICCIONARIO.AREA_ADMIN_DERECHO,SIN_FUENTE,NULA,REVISAR_CORRECTO_SIN_FUENTE,Diccionario no trae valor usable.
I162S2C13J1V1,25,AREA_AGRI_SILVI_PESCA_VET,REVISAR,,DICCIONARIO.AREA_AGRI_SILVI_PESCA_VET,SIN_FUENTE,NULA,REVISAR_CORRECTO_SIN_FUENTE,Diccionario no trae valor usable.
I162S2C13J1V1,25,AREA_ARTES_HUMANIDADES,REVISAR,,DICCIONARIO.AREA_ARTES_HUMANIDADES,SIN_FUENTE,NULA,REVISAR_CORRECTO_SIN_FUENTE,Diccionario no trae valor usable.
I162S2C13J1V1,25,AREA_CIENCIAS_NAT_MAT_ESTAD,REVISAR,,DICCIONARIO.AREA_CIENCIAS_NAT_MAT_ESTAD,SIN_FUENTE,NULA,REVISAR_CORRECTO_SIN_FUENTE,Diccionario no trae valor usable.
I162S2C13J1V1,25,AREA_CS_SOCIAL_PERIODISMO_INFO,REVISAR,,DICCIONARIO.AREA_CS_SOCIAL_PERIODISMO_INFO,SIN_FUENTE,NULA,REVISAR_CORRECTO_SIN_FUENTE,Diccionario no trae valor usable.
I162S2C13J1V1,25,AREA_EDUCACION,REVISAR,,DICCIONARIO.AREA_EDUCACION,SIN_FUENTE,NULA,REVISAR_CORRECTO_SIN_FUENTE,Diccionario no trae valor usable.
I162S2C13J1V1,25,AREA_INGE_INDUSTRIA_CONSTRUC,REVISAR,,DICCIONARIO.AREA_INGE_INDUSTRIA_CONSTRUC,SIN_FUENTE,NULA,REVISAR_CORRECTO_SIN_FUENTE,Diccionario no trae valor usable.
I162S2C13J1V1,25,AREA_SALUD_BIENESTAR,REVISAR,,DICCIONARIO.AREA_SALUD_BIENESTAR,SIN_FUENTE,NULA,REVISAR_CORRECTO_SIN_FUENTE,Diccionario no trae valor usable.
I162S2C13J1V1,25,AREA_SERVICIOS,REVISAR,,DICCIONARIO.AREA_SERVICIOS,SIN_FUENTE,NULA,REVISAR_CORRECTO_SIN_FUENTE,Diccionario no trae valor usable.
I162S2C13J1V1,25,AREA_TECNO_INFO_COMUNICA,REVISAR,,DICCIONARIO.AREA_TECNO_INFO_COMUNICA,SIN_FUENTE,NULA,REVISAR_CORRECTO_SIN_FUENTE,Diccionario no trae valor usable.
I162S2C13J1V1,25,VACANTES_PRIMER_SEMESTRE,REVISAR,,DICCIONARIO.VACANTES_PRIMER_SEMESTRE,SIN_FUENTE,NULA,REVISAR_CORRECTO_SIN_FUENTE,Diccionario no trae valor usable.
I162S2C13J1V1,25,VACANTES_SEGUNDO_SEMESTRE,REVISAR,,DICCIONARIO.VACANTES_SEGUNDO_SEMESTRE,SIN_FUENTE,NULA,REVISAR_CORRECTO_SIN_FUENTE,Diccionario no trae valor usable.
I162S2C13J1V1,25,FECHA_ADMISION_INICIAL,REVISAR,,SIN_FUENTE_ARANCELARIA_EN_BASES_ACTUALES,SIN_FUENTE,NULA,REVISAR_CORRECTO_SIN_FUENTE,SIN_FUENTE_ARANCELARIA_EN_BASES_ACTUALES
I162S2C13J1V1,25,MALLA_CURRICULAR,REVISAR,,SIN_FUENTE_ARANCELARIA_EN_BASES_ACTUALES,SIN_FUENTE,NULA,REVISAR_CORRECTO_SIN_FUENTE,SIN_FUENTE_ARANCELARIA_EN_BASES_ACTUALES
I162S2C13J1V1,25,PERFIL_EGRESO,REVISAR,,SIN_FUENTE_ARANCELARIA_EN_BASES_ACTUALES,SIN_FUENTE,NULA,REVISAR_CORRECTO_SIN_FUENTE,SIN_FUENTE_ARANCELARIA_EN_BASES_ACTUALES
I162S2C13J1V1,25,TEXTO_REQUISITO_INGRESO,REVISAR,,SIN_FUENTE_EXPLICITA_EN_BASES_ACTUALES,SIN_FUENTE,NULA,REVISAR_CORRECTO_SIN_FUENTE,SIN_FUENTE_EXPLICITA_EN_BASES_ACTUALES
I162S2C13J1V1,25,LICENCIA_ENS_MEDIA,REVISAR,,SIN_FUENTE_EXPLICITA_EN_BASES_ACTUALES,SIN_FUENTE,NULA,REVISAR_CORRECTO_SIN_FUENTE,SIN_FUENTE_EXPLICITA_EN_BASES_ACTUALES
I162S2C13J1V1,25,NOTAS_ENS_MEDIA,REVISAR,,SIN_FUENTE_EXPLICITA_EN_BASES_ACTUALES,SIN_FUENTE,NULA,REVISAR_CORRECTO_SIN_FUENTE,SIN_FUENTE_EXPLICITA_EN_BASES_ACTUALES
I162S2C13J1V1,25,PROMEDIO_MIN_ENS_MEDIA,REVISAR,,SIN_FUENTE_EXPLICITA_EN_BASES_ACTUALES,SIN_FUENTE,NULA,REVISAR_CORRECTO_SIN_FUENTE,SIN_FUENTE_EXPLICITA_EN_BASES_ACTUALES
I162S2C13J1V1,25,RECONOCIMIENTOS_APREN_PREVIOS,REVISAR,,SIN_FUENTE_EXPLICITA_EN_BASES_ACTUALES,SIN_FUENTE,NULA,REVISAR_CORRECTO_SIN_FUENTE,SIN_FUENTE_EXPLICITA_EN_BASES_ACTUALES
I162S2C13J1V1,25,EXPERIENCIA_LABORAL,REVISAR,,SIN_FUENTE_EXPLICITA_EN_BASES_ACTUALES,SIN_FUENTE,NULA,REVISAR_CORRECTO_SIN_FUENTE,SIN_FUENTE_EXPLICITA_EN_BASES_ACTUALES
I162S2C13J1V1,25,OTROS_REQUISITOS,REVISAR,,SIN_FUENTE_EXPLICITA_EN_BASES_ACTUALES,SIN_FUENTE,NULA,REVISAR_CORRECTO_SIN_FUENTE,SIN_FUENTE_EXPLICITA_EN_BASES_ACTUALES
I162S2C13J1V1,25,MAIL_DIFUSION_CARRERA,REVISAR,,SIN_FUENTE_ARANCELARIA_EN_BASES_ACTUALES,SIN_FUENTE,NULA,REVISAR_CORRECTO_SIN_FUENTE,SIN_FUENTE_ARANCELARIA_EN_BASES_ACTUALES
I162S2C13J1V1,25,FORMATO_VALOR,REVISAR,,SIN_FUENTE_ARANCELARIA_EN_BASES_ACTUALES,SIN_FUENTE,NULA,REVISAR_CORRECTO_SIN_FUENTE,SIN_FUENTE_ARANCELARIA_EN_BASES_ACTUALES
I162S2C13J1V1,25,VALOR_MATRICULA_ANUAL,REVISAR,,SIN_FUENTE_ARANCELARIA_EN_BASES_ACTUALES,SIN_FUENTE,NULA,REVISAR_CORRECTO_SIN_FUENTE,SIN_FUENTE_ARANCELARIA_EN_BASES_ACTUALES
I162S2C13J1V1,25,COSTO_TITULACION,REVISAR,,SIN_FUENTE_ARANCELARIA_EN_BASES_ACTUALES,SIN_FUENTE,NULA,REVISAR_CORRECTO_SIN_FUENTE,SIN_FUENTE_ARANCELARIA_EN_BASES_ACTUALES
I162S2C13J1V1,25,VALOR_CERTIFICADO_DIPLOMA,REVISAR,,SIN_FUENTE_ARANCELARIA_EN_BASES_ACTUALES,SIN_FUENTE,NULA,REVISAR_CORRECTO_SIN_FUENTE,SIN_FUENTE_ARANCELARIA_EN_BASES_ACTUALES
I162S2C13J1V1,25,ARANCEL_ANUAL,REVISAR,,SIN_FUENTE_ARANCELARIA_EN_BASES_ACTUALES,SIN_FUENTE,NULA,REVISAR_CORRECTO_SIN_FUENTE,SIN_FUENTE_ARANCELARIA_EN_BASES_ACTUALES
I162S2C13J1V1,25,VIGENCIA_CARRERA,REVISAR,,SIN_FUENTE_EXPLICITA_EN_BASES_ACTUALES,SIN_FUENTE,NULA,REVISAR_CORRECTO_SIN_FUENTE,SIN_FUENTE_EXPLICITA_EN_BASES_ACTUALES
I162S2C13J2V1,26,Mención o Especialidad,REVISAR,,SIN_FUENTE_EXPLICITA_EN_BASES_ACTUALES,SIN_FUENTE,NULA,REVISAR_CORRECTO_SIN_FUENTE,SIN_FUENTE_EXPLICITA_EN_BASES_ACTUALES
I162S2C13J2V1,26,Año de inicio de Actividades,REVISAR,,DICCIONARIO.ANIO_INICIO,SIN_FUENTE,NULA,REVISAR_CORRECTO_SIN_FUENTE,Diccionario no trae valor usable para este campo.
I162S2C13J2V1,26,Área del Conocimiento,REVISAR,,DICCIONARIO.AREA_ACTUAL,SIN_FUENTE,NULA,REVISAR_CORRECTO_SIN_FUENTE,Diccionario no trae valor usable para este campo.
I162S2C13J2V1,26,Sub Área,REVISAR,,SIN_TABLA_OFICIAL_DE_EQUIVALENCIA_AREA,SIN_FUENTE,NULA,REVISAR_CORRECTO_SIN_FUENTE,SIN_TABLA_OFICIAL_DE_EQUIVALENCIA_AREA
I162S2C13J2V1,26,Carrera Genérica,REVISAR,,SIN_TABLA_OFICIAL_DE_EQUIVALENCIA_AREA,SIN_FUENTE,NULA,REVISAR_CORRECTO_SIN_FUENTE,SIN_TABLA_OFICIAL_DE_EQUIVALENCIA_AREA
I162S2C13J2V1,26,Título que otorga el programa,REVISAR,,DICCIONARIO.NOMBRE_TITULO,SIN_FUENTE,NULA,REVISAR_CORRECTO_SIN_FUENTE,Diccionario no trae valor usable para este campo.
I162S2C13J2V1,26,Grado Académico que otorga el programa,REVISAR,,SIN_FUENTE_EXPLICITA_EN_BASES_ACTUALES,SIN_FUENTE,NULA,REVISAR_CORRECTO_SIN_FUENTE,SIN_FUENTE_EXPLICITA_EN_BASES_ACTUALES
I162S2C13J2V1,26,Dependencia,REVISAR,,SIN_FUENTE_EXPLICITA_EN_BASES_ACTUALES,SIN_FUENTE,NULA,REVISAR_CORRECTO_SIN_FUENTE,SIN_FUENTE_EXPLICITA_EN_BASES_ACTUALES
I162S2C13J2V1,26,Régimen,REVISAR,,DICCIONARIO.REGIMEN,SIN_FUENTE,NULA,REVISAR_CORRECTO_SIN_FUENTE,Diccionario no trae valor usable para este campo.
I162S2C13J2V1,26,Ingreso Directo,REVISAR,,DICCIONARIO.REQUISITO_INGRESO,SIN_FUENTE,NULA,REVISAR_CORRECTO_SIN_FUENTE,Diccionario no trae valor usable para este campo.
I162S2C13J2V1,26,Ingreso desde un plan Común,REVISAR,,SIN_FUENTE_EXPLICITA_EN_BASES_ACTUALES,SIN_FUENTE,NULA,REVISAR_CORRECTO_SIN_FUENTE,SIN_FUENTE_EXPLICITA_EN_BASES_ACTUALES
I162S2C13J2V1,26,Ingreso desde Bachillerato,REVISAR,,SIN_FUENTE_EXPLICITA_EN_BASES_ACTUALES,SIN_FUENTE,NULA,REVISAR_CORRECTO_SIN_FUENTE,SIN_FUENTE_EXPLICITA_EN_BASES_ACTUALES
I162S2C13J2V1,26,Otro Tipo de Ingreso,REVISAR,,SIN_FUENTE_EXPLICITA_EN_BASES_ACTUALES,SIN_FUENTE,NULA,REVISAR_CORRECTO_SIN_FUENTE,SIN_FUENTE_EXPLICITA_EN_BASES_ACTUALES
I162S2C13J2V1,26,Ingreso otro,REVISAR,,SIN_FUENTE_EXPLICITA_EN_BASES_ACTUALES,SIN_FUENTE,NULA,REVISAR_CORRECTO_SIN_FUENTE,SIN_FUENTE_EXPLICITA_EN_BASES_ACTUALES
I162S2C13J2V1,26,ANIO_INICIO,REVISAR,,DICCIONARIO.ANIO_INICIO,SIN_FUENTE,NULA,REVISAR_CORRECTO_SIN_FUENTE,Diccionario no trae valor usable.
I162S2C13J2V1,26,REGIMEN,REVISAR,,DICCIONARIO.REGIMEN,SIN_FUENTE,NULA,REVISAR_CORRECTO_SIN_FUENTE,Diccionario no trae valor usable.
I162S2C13J2V1,26,DURACION_REGIMEN,REVISAR,,DICCIONARIO.DURACION_REGIMEN,SIN_FUENTE,NULA,REVISAR_CORRECTO_SIN_FUENTE,Diccionario no trae valor usable.
I162S2C13J2V1,26,NOMBRE_TITULO,REVISAR,,DICCIONARIO.NOMBRE_TITULO,SIN_FUENTE,NULA,REVISAR_CORRECTO_SIN_FUENTE,Diccionario no trae valor usable.
I162S2C13J2V1,26,ACREDITACION,REVISAR,,DICCIONARIO.ACREDITACION,SIN_FUENTE,NULA,REVISAR_CORRECTO_SIN_FUENTE,Diccionario no trae valor usable.
I162S2C13J2V1,26,REQUISITO_INGRESO,REVISAR,,DICCIONARIO.REQUISITO_INGRESO,SIN_FUENTE,NULA,REVISAR_CORRECTO_SIN_FUENTE,Diccionario no trae valor usable.
I162S2C13J2V1,26,SEMESTRES_RECONOCIDOS,REVISAR,,DICCIONARIO.SEMESTRES_RECONOCIDOS,SIN_FUENTE,NULA,REVISAR_CORRECTO_SIN_FUENTE,Diccionario no trae valor usable.
I162S2C13J2V1,26,AREA_ACTUAL,REVISAR,,DICCIONARIO.AREA_ACTUAL,SIN_FUENTE,NULA,REVISAR_CORRECTO_SIN_FUENTE,Diccionario no trae valor usable.
I162S2C13J2V1,26,AREA_ADMIN_DERECHO,REVISAR,,DICCIONARIO.AREA_ADMIN_DERECHO,SIN_FUENTE,NULA,REVISAR_CORRECTO_SIN_FUENTE,Diccionario no trae valor usable.
I162S2C13J2V1,26,AREA_AGRI_SILVI_PESCA_VET,REVISAR,,DICCIONARIO.AREA_AGRI_SILVI_PESCA_VET,SIN_FUENTE,NULA,REVISAR_CORRECTO_SIN_FUENTE,Diccionario no trae valor usable.
I162S2C13J2V1,26,AREA_ARTES_HUMANIDADES,REVISAR,,DICCIONARIO.AREA_ARTES_HUMANIDADES,SIN_FUENTE,NULA,REVISAR_CORRECTO_SIN_FUENTE,Diccionario no trae valor usable.
I162S2C13J2V1,26,AREA_CIENCIAS_NAT_MAT_ESTAD,REVISAR,,DICCIONARIO.AREA_CIENCIAS_NAT_MAT_ESTAD,SIN_FUENTE,NULA,REVISAR_CORRECTO_SIN_FUENTE,Diccionario no trae valor usable.
I162S2C13J2V1,26,AREA_CS_SOCIAL_PERIODISMO_INFO,REVISAR,,DICCIONARIO.AREA_CS_SOCIAL_PERIODISMO_INFO,SIN_FUENTE,NULA,REVISAR_CORRECTO_SIN_FUENTE,Diccionario no trae valor usable.
I162S2C13J2V1,26,AREA_EDUCACION,REVISAR,,DICCIONARIO.AREA_EDUCACION,SIN_FUENTE,NULA,REVISAR_CORRECTO_SIN_FUENTE,Diccionario no trae valor usable.
I162S2C13J2V1,26,AREA_INGE_INDUSTRIA_CONSTRUC,REVISAR,,DICCIONARIO.AREA_INGE_INDUSTRIA_CONSTRUC,SIN_FUENTE,NULA,REVISAR_CORRECTO_SIN_FUENTE,Diccionario no trae valor usable.
I162S2C13J2V1,26,AREA_SALUD_BIENESTAR,REVISAR,,DICCIONARIO.AREA_SALUD_BIENESTAR,SIN_FUENTE,NULA,REVISAR_CORRECTO_SIN_FUENTE,Diccionario no trae valor usable.
I162S2C13J2V1,26,AREA_SERVICIOS,REVISAR,,DICCIONARIO.AREA_SERVICIOS,SIN_FUENTE,NULA,REVISAR_CORRECTO_SIN_FUENTE,Diccionario no trae valor usable.
I162S2C13J2V1,26,AREA_TECNO_INFO_COMUNICA,REVISAR,,DICCIONARIO.AREA_TECNO_INFO_COMUNICA,SIN_FUENTE,NULA,REVISAR_CORRECTO_SIN_FUENTE,Diccionario no trae valor usable.
I162S2C13J2V1,26,VACANTES_PRIMER_SEMESTRE,REVISAR,,DICCIONARIO.VACANTES_PRIMER_SEMESTRE,SIN_FUENTE,NULA,REVISAR_CORRECTO_SIN_FUENTE,Diccionario no trae valor usable.
I162S2C13J2V1,26,VACANTES_SEGUNDO_SEMESTRE,REVISAR,,DICCIONARIO.VACANTES_SEGUNDO_SEMESTRE,SIN_FUENTE,NULA,REVISAR_CORRECTO_SIN_FUENTE,Diccionario no trae valor usable.
I162S2C13J2V1,26,FECHA_ADMISION_INICIAL,REVISAR,,SIN_FUENTE_ARANCELARIA_EN_BASES_ACTUALES,SIN_FUENTE,NULA,REVISAR_CORRECTO_SIN_FUENTE,SIN_FUENTE_ARANCELARIA_EN_BASES_ACTUALES
I162S2C13J2V1,26,MALLA_CURRICULAR,REVISAR,,SIN_FUENTE_ARANCELARIA_EN_BASES_ACTUALES,SIN_FUENTE,NULA,REVISAR_CORRECTO_SIN_FUENTE,SIN_FUENTE_ARANCELARIA_EN_BASES_ACTUALES
I162S2C13J2V1,26,PERFIL_EGRESO,REVISAR,,SIN_FUENTE_ARANCELARIA_EN_BASES_ACTUALES,SIN_FUENTE,NULA,REVISAR_CORRECTO_SIN_FUENTE,SIN_FUENTE_ARANCELARIA_EN_BASES_ACTUALES
I162S2C13J2V1,26,TEXTO_REQUISITO_INGRESO,REVISAR,,SIN_FUENTE_EXPLICITA_EN_BASES_ACTUALES,SIN_FUENTE,NULA,REVISAR_CORRECTO_SIN_FUENTE,SIN_FUENTE_EXPLICITA_EN_BASES_ACTUALES
I162S2C13J2V1,26,LICENCIA_ENS_MEDIA,REVISAR,,SIN_FUENTE_EXPLICITA_EN_BASES_ACTUALES,SIN_FUENTE,NULA,REVISAR_CORRECTO_SIN_FUENTE,SIN_FUENTE_EXPLICITA_EN_BASES_ACTUALES
I162S2C13J2V1,26,NOTAS_ENS_MEDIA,REVISAR,,SIN_FUENTE_EXPLICITA_EN_BASES_ACTUALES,SIN_FUENTE,NULA,REVISAR_CORRECTO_SIN_FUENTE,SIN_FUENTE_EXPLICITA_EN_BASES_ACTUALES
I162S2C13J2V1,26,PROMEDIO_MIN_ENS_MEDIA,REVISAR,,SIN_FUENTE_EXPLICITA_EN_BASES_ACTUALES,SIN_FUENTE,NULA,REVISAR_CORRECTO_SIN_FUENTE,SIN_FUENTE_EXPLICITA_EN_BASES_ACTUALES
I162S2C13J2V1,26,RECONOCIMIENTOS_APREN_PREVIOS,REVISAR,,SIN_FUENTE_EXPLICITA_EN_BASES_ACTUALES,SIN_FUENTE,NULA,REVISAR_CORRECTO_SIN_FUENTE,SIN_FUENTE_EXPLICITA_EN_BASES_ACTUALES
I162S2C13J2V1,26,EXPERIENCIA_LABORAL,REVISAR,,SIN_FUENTE_EXPLICITA_EN_BASES_ACTUALES,SIN_FUENTE,NULA,REVISAR_CORRECTO_SIN_FUENTE,SIN_FUENTE_EXPLICITA_EN_BASES_ACTUALES
I162S2C13J2V1,26,OTROS_REQUISITOS,REVISAR,,SIN_FUENTE_EXPLICITA_EN_BASES_ACTUALES,SIN_FUENTE,NULA,REVISAR_CORRECTO_SIN_FUENTE,SIN_FUENTE_EXPLICITA_EN_BASES_ACTUALES
I162S2C13J2V1,26,MAIL_DIFUSION_CARRERA,REVISAR,,SIN_FUENTE_ARANCELARIA_EN_BASES_ACTUALES,SIN_FUENTE,NULA,REVISAR_CORRECTO_SIN_FUENTE,SIN_FUENTE_ARANCELARIA_EN_BASES_ACTUALES
I162S2C13J2V1,26,FORMATO_VALOR,REVISAR,,SIN_FUENTE_ARANCELARIA_EN_BASES_ACTUALES,SIN_FUENTE,NULA,REVISAR_CORRECTO_SIN_FUENTE,SIN_FUENTE_ARANCELARIA_EN_BASES_ACTUALES
I162S2C13J2V1,26,VALOR_MATRICULA_ANUAL,REVISAR,,SIN_FUENTE_ARANCELARIA_EN_BASES_ACTUALES,SIN_FUENTE,NULA,REVISAR_CORRECTO_SIN_FUENTE,SIN_FUENTE_ARANCELARIA_EN_BASES_ACTUALES
I162S2C13J2V1,26,COSTO_TITULACION,REVISAR,,SIN_FUENTE_ARANCELARIA_EN_BASES_ACTUALES,SIN_FUENTE,NULA,REVISAR_CORRECTO_SIN_FUENTE,SIN_FUENTE_ARANCELARIA_EN_BASES_ACTUALES
I162S2C13J2V1,26,VALOR_CERTIFICADO_DIPLOMA,REVISAR,,SIN_FUENTE_ARANCELARIA_EN_BASES_ACTUALES,SIN_FUENTE,NULA,REVISAR_CORRECTO_SIN_FUENTE,SIN_FUENTE_ARANCELARIA_EN_BASES_ACTUALES
I162S2C13J2V1,26,ARANCEL_ANUAL,REVISAR,,SIN_FUENTE_ARANCELARIA_EN_BASES_ACTUALES,SIN_FUENTE,NULA,REVISAR_CORRECTO_SIN_FUENTE,SIN_FUENTE_ARANCELARIA_EN_BASES_ACTUALES
I162S2C13J2V1,26,VIGENCIA_CARRERA,REVISAR,,SIN_FUENTE_EXPLICITA_EN_BASES_ACTUALES,SIN_FUENTE,NULA,REVISAR_CORRECTO_SIN_FUENTE,SIN_FUENTE_EXPLICITA_EN_BASES_ACTUALES
I162S2C1J2V2,27,Mención o Especialidad,REVISAR,,SIN_FUENTE_EXPLICITA_EN_BASES_ACTUALES,SIN_FUENTE,NULA,REVISAR_CORRECTO_SIN_FUENTE,SIN_FUENTE_EXPLICITA_EN_BASES_ACTUALES
I162S2C1J2V2,27,Detalle del Tipo de Programa (especiales),REVISAR,,SIN_FUENTE_DETALLE_PROGRAMA_ESPECIAL,SIN_FUENTE,NULA,REVISAR_CORRECTO_SIN_FUENTE,Programa especial sin detalle validado.
I162S2C1J2V2,27,Área del Conocimiento,REVISAR,10,DICCIONARIO.AREA_ACTUAL,REGLA_CONDICIONAL,MEDIA,COMPLETABLE_POR_REGLA_CONDICIONAL,Existe código técnico; falta confirmar formato/etiqueta final aceptada por formulario.
I162S2C1J2V2,27,Sub Área,REVISAR,,SIN_TABLA_OFICIAL_DE_EQUIVALENCIA_AREA,SIN_FUENTE,NULA,REVISAR_CORRECTO_SIN_FUENTE,SIN_TABLA_OFICIAL_DE_EQUIVALENCIA_AREA
I162S2C1J2V2,27,Carrera Genérica,REVISAR,,SIN_TABLA_OFICIAL_DE_EQUIVALENCIA_AREA,SIN_FUENTE,NULA,REVISAR_CORRECTO_SIN_FUENTE,SIN_TABLA_OFICIAL_DE_EQUIVALENCIA_AREA
I162S2C1J2V2,27,Grado Académico que otorga el programa,REVISAR,,SIN_FUENTE_EXPLICITA_EN_BASES_ACTUALES,SIN_FUENTE,NULA,REVISAR_CORRECTO_SIN_FUENTE,SIN_FUENTE_EXPLICITA_EN_BASES_ACTUALES
I162S2C1J2V2,27,Dependencia,REVISAR,,SIN_FUENTE_EXPLICITA_EN_BASES_ACTUALES,SIN_FUENTE,NULA,REVISAR_CORRECTO_SIN_FUENTE,SIN_FUENTE_EXPLICITA_EN_BASES_ACTUALES
I162S2C1J2V2,27,Régimen,REVISAR,1,DICCIONARIO.REGIMEN,REGLA_CONDICIONAL,MEDIA,COMPLETABLE_POR_REGLA_CONDICIONAL,Existe código técnico; falta confirmar formato/etiqueta final aceptada por formulario.
I162S2C1J2V2,27,Ingreso Directo,REVISAR,2,DICCIONARIO.REQUISITO_INGRESO,REGLA_CONDICIONAL,MEDIA,COMPLETABLE_POR_REGLA_CONDICIONAL,Existe código técnico; falta confirmar formato/etiqueta final aceptada por formulario.
I162S2C1J2V2,27,Ingreso desde un plan Común,REVISAR,,SIN_FUENTE_EXPLICITA_EN_BASES_ACTUALES,SIN_FUENTE,NULA,REVISAR_CORRECTO_SIN_FUENTE,SIN_FUENTE_EXPLICITA_EN_BASES_ACTUALES
I162S2C1J2V2,27,Ingreso desde Bachillerato,REVISAR,,SIN_FUENTE_EXPLICITA_EN_BASES_ACTUALES,SIN_FUENTE,NULA,REVISAR_CORRECTO_SIN_FUENTE,SIN_FUENTE_EXPLICITA_EN_BASES_ACTUALES
I162S2C1J2V2,27,Otro Tipo de Ingreso,REVISAR,,SIN_FUENTE_EXPLICITA_EN_BASES_ACTUALES,SIN_FUENTE,NULA,REVISAR_CORRECTO_SIN_FUENTE,SIN_FUENTE_EXPLICITA_EN_BASES_ACTUALES
I162S2C1J2V2,27,Ingreso otro,REVISAR,,SIN_FUENTE_EXPLICITA_EN_BASES_ACTUALES,SIN_FUENTE,NULA,REVISAR_CORRECTO_SIN_FUENTE,SIN_FUENTE_EXPLICITA_EN_BASES_ACTUALES
I162S2C1J2V2,27,FECHA_ADMISION_INICIAL,REVISAR,,SIN_FUENTE_ARANCELARIA_EN_BASES_ACTUALES,SIN_FUENTE,NULA,REVISAR_CORRECTO_SIN_FUENTE,SIN_FUENTE_ARANCELARIA_EN_BASES_ACTUALES
I162S2C1J2V2,27,MALLA_CURRICULAR,REVISAR,,SIN_FUENTE_ARANCELARIA_EN_BASES_ACTUALES,SIN_FUENTE,NULA,REVISAR_CORRECTO_SIN_FUENTE,SIN_FUENTE_ARANCELARIA_EN_BASES_ACTUALES
I162S2C1J2V2,27,PERFIL_EGRESO,REVISAR,,SIN_FUENTE_ARANCELARIA_EN_BASES_ACTUALES,SIN_FUENTE,NULA,REVISAR_CORRECTO_SIN_FUENTE,SIN_FUENTE_ARANCELARIA_EN_BASES_ACTUALES
I162S2C1J2V2,27,TEXTO_REQUISITO_INGRESO,REVISAR,,SIN_FUENTE_EXPLICITA_EN_BASES_ACTUALES,SIN_FUENTE,NULA,REVISAR_CORRECTO_SIN_FUENTE,SIN_FUENTE_EXPLICITA_EN_BASES_ACTUALES
I162S2C1J2V2,27,LICENCIA_ENS_MEDIA,REVISAR,,SIN_FUENTE_EXPLICITA_EN_BASES_ACTUALES,SIN_FUENTE,NULA,REVISAR_CORRECTO_SIN_FUENTE,SIN_FUENTE_EXPLICITA_EN_BASES_ACTUALES
I162S2C1J2V2,27,NOTAS_ENS_MEDIA,REVISAR,,SIN_FUENTE_EXPLICITA_EN_BASES_ACTUALES,SIN_FUENTE,NULA,REVISAR_CORRECTO_SIN_FUENTE,SIN_FUENTE_EXPLICITA_EN_BASES_ACTUALES
I162S2C1J2V2,27,PROMEDIO_MIN_ENS_MEDIA,REVISAR,,SIN_FUENTE_EXPLICITA_EN_BASES_ACTUALES,SIN_FUENTE,NULA,REVISAR_CORRECTO_SIN_FUENTE,SIN_FUENTE_EXPLICITA_EN_BASES_ACTUALES
I162S2C1J2V2,27,RECONOCIMIENTOS_APREN_PREVIOS,REVISAR,,SIN_FUENTE_EXPLICITA_EN_BASES_ACTUALES,SIN_FUENTE,NULA,REVISAR_CORRECTO_SIN_FUENTE,SIN_FUENTE_EXPLICITA_EN_BASES_ACTUALES
I162S2C1J2V2,27,EXPERIENCIA_LABORAL,REVISAR,,SIN_FUENTE_EXPLICITA_EN_BASES_ACTUALES,SIN_FUENTE,NULA,REVISAR_CORRECTO_SIN_FUENTE,SIN_FUENTE_EXPLICITA_EN_BASES_ACTUALES
I162S2C1J2V2,27,OTROS_REQUISITOS,REVISAR,,SIN_FUENTE_EXPLICITA_EN_BASES_ACTUALES,SIN_FUENTE,NULA,REVISAR_CORRECTO_SIN_FUENTE,SIN_FUENTE_EXPLICITA_EN_BASES_ACTUALES
I162S2C1J2V2,27,MAIL_DIFUSION_CARRERA,REVISAR,,SIN_FUENTE_ARANCELARIA_EN_BASES_ACTUALES,SIN_FUENTE,NULA,REVISAR_CORRECTO_SIN_FUENTE,SIN_FUENTE_ARANCELARIA_EN_BASES_ACTUALES
I162S2C1J2V2,27,FORMATO_VALOR,REVISAR,,SIN_FUENTE_ARANCELARIA_EN_BASES_ACTUALES,SIN_FUENTE,NULA,REVISAR_CORRECTO_SIN_FUENTE,SIN_FUENTE_ARANCELARIA_EN_BASES_ACTUALES
I162S2C1J2V2,27,VALOR_MATRICULA_ANUAL,REVISAR,,SIN_FUENTE_ARANCELARIA_EN_BASES_ACTUALES,SIN_FUENTE,NULA,REVISAR_CORRECTO_SIN_FUENTE,SIN_FUENTE_ARANCELARIA_EN_BASES_ACTUALES
I162S2C1J2V2,27,COSTO_TITULACION,REVISAR,,SIN_FUENTE_ARANCELARIA_EN_BASES_ACTUALES,SIN_FUENTE,NULA,REVISAR_CORRECTO_SIN_FUENTE,SIN_FUENTE_ARANCELARIA_EN_BASES_ACTUALES
I162S2C1J2V2,27,VALOR_CERTIFICADO_DIPLOMA,REVISAR,,SIN_FUENTE_ARANCELARIA_EN_BASES_ACTUALES,SIN_FUENTE,NULA,REVISAR_CORRECTO_SIN_FUENTE,SIN_FUENTE_ARANCELARIA_EN_BASES_ACTUALES
I162S2C1J2V2,27,ARANCEL_ANUAL,REVISAR,,SIN_FUENTE_ARANCELARIA_EN_BASES_ACTUALES,SIN_FUENTE,NULA,REVISAR_CORRECTO_SIN_FUENTE,SIN_FUENTE_ARANCELARIA_EN_BASES_ACTUALES
I162S2C1J2V2,27,VIGENCIA_CARRERA,REVISAR,,SIN_FUENTE_EXPLICITA_EN_BASES_ACTUALES,SIN_FUENTE,NULA,REVISAR_CORRECTO_SIN_FUENTE,SIN_FUENTE_EXPLICITA_EN_BASES_ACTUALES
I162S2C1J4V3,28,Mención o Especialidad,REVISAR,,SIN_FUENTE_EXPLICITA_EN_BASES_ACTUALES,SIN_FUENTE,NULA,REVISAR_CORRECTO_SIN_FUENTE,SIN_FUENTE_EXPLICITA_EN_BASES_ACTUALES
I162S2C1J4V3,28,Detalle del Tipo de Programa (especiales),REVISAR,,SIN_FUENTE_DETALLE_PROGRAMA_ESPECIAL,SIN_FUENTE,NULA,REVISAR_CORRECTO_SIN_FUENTE,Programa especial sin detalle validado.
I162S2C1J4V3,28,Área del Conocimiento,REVISAR,10,DICCIONARIO.AREA_ACTUAL,REGLA_CONDICIONAL,MEDIA,COMPLETABLE_POR_REGLA_CONDICIONAL,Existe código técnico; falta confirmar formato/etiqueta final aceptada por formulario.
I162S2C1J4V3,28,Sub Área,REVISAR,,SIN_TABLA_OFICIAL_DE_EQUIVALENCIA_AREA,SIN_FUENTE,NULA,REVISAR_CORRECTO_SIN_FUENTE,SIN_TABLA_OFICIAL_DE_EQUIVALENCIA_AREA
I162S2C1J4V3,28,Carrera Genérica,REVISAR,,SIN_TABLA_OFICIAL_DE_EQUIVALENCIA_AREA,SIN_FUENTE,NULA,REVISAR_CORRECTO_SIN_FUENTE,SIN_TABLA_OFICIAL_DE_EQUIVALENCIA_AREA
I162S2C1J4V3,28,Grado Académico que otorga el programa,REVISAR,,SIN_FUENTE_EXPLICITA_EN_BASES_ACTUALES,SIN_FUENTE,NULA,REVISAR_CORRECTO_SIN_FUENTE,SIN_FUENTE_EXPLICITA_EN_BASES_ACTUALES
I162S2C1J4V3,28,Dependencia,REVISAR,,SIN_FUENTE_EXPLICITA_EN_BASES_ACTUALES,SIN_FUENTE,NULA,REVISAR_CORRECTO_SIN_FUENTE,SIN_FUENTE_EXPLICITA_EN_BASES_ACTUALES
I162S2C1J4V3,28,Régimen,REVISAR,1,DICCIONARIO.REGIMEN,REGLA_CONDICIONAL,MEDIA,COMPLETABLE_POR_REGLA_CONDICIONAL,Existe código técnico; falta confirmar formato/etiqueta final aceptada por formulario.
I162S2C1J4V3,28,Ingreso Directo,REVISAR,2,DICCIONARIO.REQUISITO_INGRESO,REGLA_CONDICIONAL,MEDIA,COMPLETABLE_POR_REGLA_CONDICIONAL,Existe código técnico; falta confirmar formato/etiqueta final aceptada por formulario.
I162S2C1J4V3,28,Ingreso desde un plan Común,REVISAR,,SIN_FUENTE_EXPLICITA_EN_BASES_ACTUALES,SIN_FUENTE,NULA,REVISAR_CORRECTO_SIN_FUENTE,SIN_FUENTE_EXPLICITA_EN_BASES_ACTUALES
I162S2C1J4V3,28,Ingreso desde Bachillerato,REVISAR,,SIN_FUENTE_EXPLICITA_EN_BASES_ACTUALES,SIN_FUENTE,NULA,REVISAR_CORRECTO_SIN_FUENTE,SIN_FUENTE_EXPLICITA_EN_BASES_ACTUALES
I162S2C1J4V3,28,Otro Tipo de Ingreso,REVISAR,,SIN_FUENTE_EXPLICITA_EN_BASES_ACTUALES,SIN_FUENTE,NULA,REVISAR_CORRECTO_SIN_FUENTE,SIN_FUENTE_EXPLICITA_EN_BASES_ACTUALES
I162S2C1J4V3,28,Ingreso otro,REVISAR,,SIN_FUENTE_EXPLICITA_EN_BASES_ACTUALES,SIN_FUENTE,NULA,REVISAR_CORRECTO_SIN_FUENTE,SIN_FUENTE_EXPLICITA_EN_BASES_ACTUALES
I162S2C1J4V3,28,FECHA_ADMISION_INICIAL,REVISAR,,SIN_FUENTE_ARANCELARIA_EN_BASES_ACTUALES,SIN_FUENTE,NULA,REVISAR_CORRECTO_SIN_FUENTE,SIN_FUENTE_ARANCELARIA_EN_BASES_ACTUALES
I162S2C1J4V3,28,MALLA_CURRICULAR,REVISAR,,SIN_FUENTE_ARANCELARIA_EN_BASES_ACTUALES,SIN_FUENTE,NULA,REVISAR_CORRECTO_SIN_FUENTE,SIN_FUENTE_ARANCELARIA_EN_BASES_ACTUALES
I162S2C1J4V3,28,PERFIL_EGRESO,REVISAR,,SIN_FUENTE_ARANCELARIA_EN_BASES_ACTUALES,SIN_FUENTE,NULA,REVISAR_CORRECTO_SIN_FUENTE,SIN_FUENTE_ARANCELARIA_EN_BASES_ACTUALES
I162S2C1J4V3,28,TEXTO_REQUISITO_INGRESO,REVISAR,,SIN_FUENTE_EXPLICITA_EN_BASES_ACTUALES,SIN_FUENTE,NULA,REVISAR_CORRECTO_SIN_FUENTE,SIN_FUENTE_EXPLICITA_EN_BASES_ACTUALES
I162S2C1J4V3,28,LICENCIA_ENS_MEDIA,REVISAR,,SIN_FUENTE_EXPLICITA_EN_BASES_ACTUALES,SIN_FUENTE,NULA,REVISAR_CORRECTO_SIN_FUENTE,SIN_FUENTE_EXPLICITA_EN_BASES_ACTUALES
I162S2C1J4V3,28,NOTAS_ENS_MEDIA,REVISAR,,SIN_FUENTE_EXPLICITA_EN_BASES_ACTUALES,SIN_FUENTE,NULA,REVISAR_CORRECTO_SIN_FUENTE,SIN_FUENTE_EXPLICITA_EN_BASES_ACTUALES
I162S2C1J4V3,28,PROMEDIO_MIN_ENS_MEDIA,REVISAR,,SIN_FUENTE_EXPLICITA_EN_BASES_ACTUALES,SIN_FUENTE,NULA,REVISAR_CORRECTO_SIN_FUENTE,SIN_FUENTE_EXPLICITA_EN_BASES_ACTUALES
I162S2C1J4V3,28,RECONOCIMIENTOS_APREN_PREVIOS,REVISAR,,SIN_FUENTE_EXPLICITA_EN_BASES_ACTUALES,SIN_FUENTE,NULA,REVISAR_CORRECTO_SIN_FUENTE,SIN_FUENTE_EXPLICITA_EN_BASES_ACTUALES
I162S2C1J4V3,28,EXPERIENCIA_LABORAL,REVISAR,,SIN_FUENTE_EXPLICITA_EN_BASES_ACTUALES,SIN_FUENTE,NULA,REVISAR_CORRECTO_SIN_FUENTE,SIN_FUENTE_EXPLICITA_EN_BASES_ACTUALES
I162S2C1J4V3,28,OTROS_REQUISITOS,REVISAR,,SIN_FUENTE_EXPLICITA_EN_BASES_ACTUALES,SIN_FUENTE,NULA,REVISAR_CORRECTO_SIN_FUENTE,SIN_FUENTE_EXPLICITA_EN_BASES_ACTUALES
I162S2C1J4V3,28,MAIL_DIFUSION_CARRERA,REVISAR,,SIN_FUENTE_ARANCELARIA_EN_BASES_ACTUALES,SIN_FUENTE,NULA,REVISAR_CORRECTO_SIN_FUENTE,SIN_FUENTE_ARANCELARIA_EN_BASES_ACTUALES
I162S2C1J4V3,28,FORMATO_VALOR,REVISAR,,SIN_FUENTE_ARANCELARIA_EN_BASES_ACTUALES,SIN_FUENTE,NULA,REVISAR_CORRECTO_SIN_FUENTE,SIN_FUENTE_ARANCELARIA_EN_BASES_ACTUALES
I162S2C1J4V3,28,VALOR_MATRICULA_ANUAL,REVISAR,,SIN_FUENTE_ARANCELARIA_EN_BASES_ACTUALES,SIN_FUENTE,NULA,REVISAR_CORRECTO_SIN_FUENTE,SIN_FUENTE_ARANCELARIA_EN_BASES_ACTUALES
I162S2C1J4V3,28,COSTO_TITULACION,REVISAR,,SIN_FUENTE_ARANCELARIA_EN_BASES_ACTUALES,SIN_FUENTE,NULA,REVISAR_CORRECTO_SIN_FUENTE,SIN_FUENTE_ARANCELARIA_EN_BASES_ACTUALES
I162S2C1J4V3,28,VALOR_CERTIFICADO_DIPLOMA,REVISAR,,SIN_FUENTE_ARANCELARIA_EN_BASES_ACTUALES,SIN_FUENTE,NULA,REVISAR_CORRECTO_SIN_FUENTE,SIN_FUENTE_ARANCELARIA_EN_BASES_ACTUALES
I162S2C1J4V3,28,ARANCEL_ANUAL,REVISAR,,SIN_FUENTE_ARANCELARIA_EN_BASES_ACTUALES,SIN_FUENTE,NULA,REVISAR_CORRECTO_SIN_FUENTE,SIN_FUENTE_ARANCELARIA_EN_BASES_ACTUALES
I162S2C1J4V3,28,VIGENCIA_CARRERA,REVISAR,,SIN_FUENTE_EXPLICITA_EN_BASES_ACTUALES,SIN_FUENTE,NULA,REVISAR_CORRECTO_SIN_FUENTE,SIN_FUENTE_EXPLICITA_EN_BASES_ACTUALES
I162S2C21J1V1,29,Mención o Especialidad,REVISAR,,SIN_FUENTE_EXPLICITA_EN_BASES_ACTUALES,SIN_FUENTE,NULA,REVISAR_CORRECTO_SIN_FUENTE,SIN_FUENTE_EXPLICITA_EN_BASES_ACTUALES
I162S2C21J1V1,29,Año de inicio de Actividades,REVISAR,,DICCIONARIO.ANIO_INICIO,SIN_FUENTE,NULA,REVISAR_CORRECTO_SIN_FUENTE,Diccionario no trae valor usable para este campo.
I162S2C21J1V1,29,Área del Conocimiento,REVISAR,,DICCIONARIO.AREA_ACTUAL,SIN_FUENTE,NULA,REVISAR_CORRECTO_SIN_FUENTE,Diccionario no trae valor usable para este campo.
I162S2C21J1V1,29,Sub Área,REVISAR,,SIN_TABLA_OFICIAL_DE_EQUIVALENCIA_AREA,SIN_FUENTE,NULA,REVISAR_CORRECTO_SIN_FUENTE,SIN_TABLA_OFICIAL_DE_EQUIVALENCIA_AREA
I162S2C21J1V1,29,Carrera Genérica,REVISAR,,SIN_TABLA_OFICIAL_DE_EQUIVALENCIA_AREA,SIN_FUENTE,NULA,REVISAR_CORRECTO_SIN_FUENTE,SIN_TABLA_OFICIAL_DE_EQUIVALENCIA_AREA
I162S2C21J1V1,29,Título que otorga el programa,REVISAR,,DICCIONARIO.NOMBRE_TITULO,SIN_FUENTE,NULA,REVISAR_CORRECTO_SIN_FUENTE,Diccionario no trae valor usable para este campo.
I162S2C21J1V1,29,Grado Académico que otorga el programa,REVISAR,,SIN_FUENTE_EXPLICITA_EN_BASES_ACTUALES,SIN_FUENTE,NULA,REVISAR_CORRECTO_SIN_FUENTE,SIN_FUENTE_EXPLICITA_EN_BASES_ACTUALES
I162S2C21J1V1,29,Dependencia,REVISAR,,SIN_FUENTE_EXPLICITA_EN_BASES_ACTUALES,SIN_FUENTE,NULA,REVISAR_CORRECTO_SIN_FUENTE,SIN_FUENTE_EXPLICITA_EN_BASES_ACTUALES
I162S2C21J1V1,29,Régimen,REVISAR,,DICCIONARIO.REGIMEN,SIN_FUENTE,NULA,REVISAR_CORRECTO_SIN_FUENTE,Diccionario no trae valor usable para este campo.
I162S2C21J1V1,29,Ingreso Directo,REVISAR,,DICCIONARIO.REQUISITO_INGRESO,SIN_FUENTE,NULA,REVISAR_CORRECTO_SIN_FUENTE,Diccionario no trae valor usable para este campo.
I162S2C21J1V1,29,Ingreso desde un plan Común,REVISAR,,SIN_FUENTE_EXPLICITA_EN_BASES_ACTUALES,SIN_FUENTE,NULA,REVISAR_CORRECTO_SIN_FUENTE,SIN_FUENTE_EXPLICITA_EN_BASES_ACTUALES
I162S2C21J1V1,29,Ingreso desde Bachillerato,REVISAR,,SIN_FUENTE_EXPLICITA_EN_BASES_ACTUALES,SIN_FUENTE,NULA,REVISAR_CORRECTO_SIN_FUENTE,SIN_FUENTE_EXPLICITA_EN_BASES_ACTUALES
I162S2C21J1V1,29,Otro Tipo de Ingreso,REVISAR,,SIN_FUENTE_EXPLICITA_EN_BASES_ACTUALES,SIN_FUENTE,NULA,REVISAR_CORRECTO_SIN_FUENTE,SIN_FUENTE_EXPLICITA_EN_BASES_ACTUALES
I162S2C21J1V1,29,Ingreso otro,REVISAR,,SIN_FUENTE_EXPLICITA_EN_BASES_ACTUALES,SIN_FUENTE,NULA,REVISAR_CORRECTO_SIN_FUENTE,SIN_FUENTE_EXPLICITA_EN_BASES_ACTUALES
I162S2C21J1V1,29,ANIO_INICIO,REVISAR,,DICCIONARIO.ANIO_INICIO,SIN_FUENTE,NULA,REVISAR_CORRECTO_SIN_FUENTE,Diccionario no trae valor usable.
I162S2C21J1V1,29,REGIMEN,REVISAR,,DICCIONARIO.REGIMEN,SIN_FUENTE,NULA,REVISAR_CORRECTO_SIN_FUENTE,Diccionario no trae valor usable.
I162S2C21J1V1,29,DURACION_REGIMEN,REVISAR,,DICCIONARIO.DURACION_REGIMEN,SIN_FUENTE,NULA,REVISAR_CORRECTO_SIN_FUENTE,Diccionario no trae valor usable.
I162S2C21J1V1,29,NOMBRE_TITULO,REVISAR,,DICCIONARIO.NOMBRE_TITULO,SIN_FUENTE,NULA,REVISAR_CORRECTO_SIN_FUENTE,Diccionario no trae valor usable.
I162S2C21J1V1,29,ACREDITACION,REVISAR,,DICCIONARIO.ACREDITACION,SIN_FUENTE,NULA,REVISAR_CORRECTO_SIN_FUENTE,Diccionario no trae valor usable.
I162S2C21J1V1,29,REQUISITO_INGRESO,REVISAR,,DICCIONARIO.REQUISITO_INGRESO,SIN_FUENTE,NULA,REVISAR_CORRECTO_SIN_FUENTE,Diccionario no trae valor usable.
I162S2C21J1V1,29,SEMESTRES_RECONOCIDOS,REVISAR,,DICCIONARIO.SEMESTRES_RECONOCIDOS,SIN_FUENTE,NULA,REVISAR_CORRECTO_SIN_FUENTE,Diccionario no trae valor usable.
I162S2C21J1V1,29,AREA_ACTUAL,REVISAR,,DICCIONARIO.AREA_ACTUAL,SIN_FUENTE,NULA,REVISAR_CORRECTO_SIN_FUENTE,Diccionario no trae valor usable.
I162S2C21J1V1,29,AREA_ADMIN_DERECHO,REVISAR,,DICCIONARIO.AREA_ADMIN_DERECHO,SIN_FUENTE,NULA,REVISAR_CORRECTO_SIN_FUENTE,Diccionario no trae valor usable.
I162S2C21J1V1,29,AREA_AGRI_SILVI_PESCA_VET,REVISAR,,DICCIONARIO.AREA_AGRI_SILVI_PESCA_VET,SIN_FUENTE,NULA,REVISAR_CORRECTO_SIN_FUENTE,Diccionario no trae valor usable.
I162S2C21J1V1,29,AREA_ARTES_HUMANIDADES,REVISAR,,DICCIONARIO.AREA_ARTES_HUMANIDADES,SIN_FUENTE,NULA,REVISAR_CORRECTO_SIN_FUENTE,Diccionario no trae valor usable.
I162S2C21J1V1,29,AREA_CIENCIAS_NAT_MAT_ESTAD,REVISAR,,DICCIONARIO.AREA_CIENCIAS_NAT_MAT_ESTAD,SIN_FUENTE,NULA,REVISAR_CORRECTO_SIN_FUENTE,Diccionario no trae valor usable.
I162S2C21J1V1,29,AREA_CS_SOCIAL_PERIODISMO_INFO,REVISAR,,DICCIONARIO.AREA_CS_SOCIAL_PERIODISMO_INFO,SIN_FUENTE,NULA,REVISAR_CORRECTO_SIN_FUENTE,Diccionario no trae valor usable.
I162S2C21J1V1,29,AREA_EDUCACION,REVISAR,,DICCIONARIO.AREA_EDUCACION,SIN_FUENTE,NULA,REVISAR_CORRECTO_SIN_FUENTE,Diccionario no trae valor usable.
I162S2C21J1V1,29,AREA_INGE_INDUSTRIA_CONSTRUC,REVISAR,,DICCIONARIO.AREA_INGE_INDUSTRIA_CONSTRUC,SIN_FUENTE,NULA,REVISAR_CORRECTO_SIN_FUENTE,Diccionario no trae valor usable.
I162S2C21J1V1,29,AREA_SALUD_BIENESTAR,REVISAR,,DICCIONARIO.AREA_SALUD_BIENESTAR,SIN_FUENTE,NULA,REVISAR_CORRECTO_SIN_FUENTE,Diccionario no trae valor usable.
I162S2C21J1V1,29,AREA_SERVICIOS,REVISAR,,DICCIONARIO.AREA_SERVICIOS,SIN_FUENTE,NULA,REVISAR_CORRECTO_SIN_FUENTE,Diccionario no trae valor usable.
I162S2C21J1V1,29,AREA_TECNO_INFO_COMUNICA,REVISAR,,DICCIONARIO.AREA_TECNO_INFO_COMUNICA,SIN_FUENTE,NULA,REVISAR_CORRECTO_SIN_FUENTE,Diccionario no trae valor usable.
I162S2C21J1V1,29,VACANTES_PRIMER_SEMESTRE,REVISAR,,DICCIONARIO.VACANTES_PRIMER_SEMESTRE,SIN_FUENTE,NULA,REVISAR_CORRECTO_SIN_FUENTE,Diccionario no trae valor usable.
I162S2C21J1V1,29,VACANTES_SEGUNDO_SEMESTRE,REVISAR,,DICCIONARIO.VACANTES_SEGUNDO_SEMESTRE,SIN_FUENTE,NULA,REVISAR_CORRECTO_SIN_FUENTE,Diccionario no trae valor usable.
I162S2C21J1V1,29,FECHA_ADMISION_INICIAL,REVISAR,,SIN_FUENTE_ARANCELARIA_EN_BASES_ACTUALES,SIN_FUENTE,NULA,REVISAR_CORRECTO_SIN_FUENTE,SIN_FUENTE_ARANCELARIA_EN_BASES_ACTUALES
I162S2C21J1V1,29,MALLA_CURRICULAR,REVISAR,,SIN_FUENTE_ARANCELARIA_EN_BASES_ACTUALES,SIN_FUENTE,NULA,REVISAR_CORRECTO_SIN_FUENTE,SIN_FUENTE_ARANCELARIA_EN_BASES_ACTUALES
I162S2C21J1V1,29,PERFIL_EGRESO,REVISAR,,SIN_FUENTE_ARANCELARIA_EN_BASES_ACTUALES,SIN_FUENTE,NULA,REVISAR_CORRECTO_SIN_FUENTE,SIN_FUENTE_ARANCELARIA_EN_BASES_ACTUALES
I162S2C21J1V1,29,TEXTO_REQUISITO_INGRESO,REVISAR,,SIN_FUENTE_EXPLICITA_EN_BASES_ACTUALES,SIN_FUENTE,NULA,REVISAR_CORRECTO_SIN_FUENTE,SIN_FUENTE_EXPLICITA_EN_BASES_ACTUALES
I162S2C21J1V1,29,LICENCIA_ENS_MEDIA,REVISAR,,SIN_FUENTE_EXPLICITA_EN_BASES_ACTUALES,SIN_FUENTE,NULA,REVISAR_CORRECTO_SIN_FUENTE,SIN_FUENTE_EXPLICITA_EN_BASES_ACTUALES
I162S2C21J1V1,29,NOTAS_ENS_MEDIA,REVISAR,,SIN_FUENTE_EXPLICITA_EN_BASES_ACTUALES,SIN_FUENTE,NULA,REVISAR_CORRECTO_SIN_FUENTE,SIN_FUENTE_EXPLICITA_EN_BASES_ACTUALES
I162S2C21J1V1,29,PROMEDIO_MIN_ENS_MEDIA,REVISAR,,SIN_FUENTE_EXPLICITA_EN_BASES_ACTUALES,SIN_FUENTE,NULA,REVISAR_CORRECTO_SIN_FUENTE,SIN_FUENTE_EXPLICITA_EN_BASES_ACTUALES
I162S2C21J1V1,29,RECONOCIMIENTOS_APREN_PREVIOS,REVISAR,,SIN_FUENTE_EXPLICITA_EN_BASES_ACTUALES,SIN_FUENTE,NULA,REVISAR_CORRECTO_SIN_FUENTE,SIN_FUENTE_EXPLICITA_EN_BASES_ACTUALES
I162S2C21J1V1,29,EXPERIENCIA_LABORAL,REVISAR,,SIN_FUENTE_EXPLICITA_EN_BASES_ACTUALES,SIN_FUENTE,NULA,REVISAR_CORRECTO_SIN_FUENTE,SIN_FUENTE_EXPLICITA_EN_BASES_ACTUALES
I162S2C21J1V1,29,OTROS_REQUISITOS,REVISAR,,SIN_FUENTE_EXPLICITA_EN_BASES_ACTUALES,SIN_FUENTE,NULA,REVISAR_CORRECTO_SIN_FUENTE,SIN_FUENTE_EXPLICITA_EN_BASES_ACTUALES
I162S2C21J1V1,29,MAIL_DIFUSION_CARRERA,REVISAR,,SIN_FUENTE_ARANCELARIA_EN_BASES_ACTUALES,SIN_FUENTE,NULA,REVISAR_CORRECTO_SIN_FUENTE,SIN_FUENTE_ARANCELARIA_EN_BASES_ACTUALES
I162S2C21J1V1,29,FORMATO_VALOR,REVISAR,,SIN_FUENTE_ARANCELARIA_EN_BASES_ACTUALES,SIN_FUENTE,NULA,REVISAR_CORRECTO_SIN_FUENTE,SIN_FUENTE_ARANCELARIA_EN_BASES_ACTUALES
I162S2C21J1V1,29,VALOR_MATRICULA_ANUAL,REVISAR,,SIN_FUENTE_ARANCELARIA_EN_BASES_ACTUALES,SIN_FUENTE,NULA,REVISAR_CORRECTO_SIN_FUENTE,SIN_FUENTE_ARANCELARIA_EN_BASES_ACTUALES
I162S2C21J1V1,29,COSTO_TITULACION,REVISAR,,SIN_FUENTE_ARANCELARIA_EN_BASES_ACTUALES,SIN_FUENTE,NULA,REVISAR_CORRECTO_SIN_FUENTE,SIN_FUENTE_ARANCELARIA_EN_BASES_ACTUALES
I162S2C21J1V1,29,VALOR_CERTIFICADO_DIPLOMA,REVISAR,,SIN_FUENTE_ARANCELARIA_EN_BASES_ACTUALES,SIN_FUENTE,NULA,REVISAR_CORRECTO_SIN_FUENTE,SIN_FUENTE_ARANCELARIA_EN_BASES_ACTUALES
I162S2C21J1V1,29,ARANCEL_ANUAL,REVISAR,,SIN_FUENTE_ARANCELARIA_EN_BASES_ACTUALES,SIN_FUENTE,NULA,REVISAR_CORRECTO_SIN_FUENTE,SIN_FUENTE_ARANCELARIA_EN_BASES_ACTUALES
I162S2C21J1V1,29,VIGENCIA_CARRERA,REVISAR,,SIN_FUENTE_EXPLICITA_EN_BASES_ACTUALES,SIN_FUENTE,NULA,REVISAR_CORRECTO_SIN_FUENTE,SIN_FUENTE_EXPLICITA_EN_BASES_ACTUALES
I162S2C21J2V1,30,Mención o Especialidad,REVISAR,,SIN_FUENTE_EXPLICITA_EN_BASES_ACTUALES,SIN_FUENTE,NULA,REVISAR_CORRECTO_SIN_FUENTE,SIN_FUENTE_EXPLICITA_EN_BASES_ACTUALES
I162S2C21J2V1,30,Año de inicio de Actividades,REVISAR,,DICCIONARIO.ANIO_INICIO,SIN_FUENTE,NULA,REVISAR_CORRECTO_SIN_FUENTE,Diccionario no trae valor usable para este campo.
I162S2C21J2V1,30,Área del Conocimiento,REVISAR,,DICCIONARIO.AREA_ACTUAL,SIN_FUENTE,NULA,REVISAR_CORRECTO_SIN_FUENTE,Diccionario no trae valor usable para este campo.
I162S2C21J2V1,30,Sub Área,REVISAR,,SIN_TABLA_OFICIAL_DE_EQUIVALENCIA_AREA,SIN_FUENTE,NULA,REVISAR_CORRECTO_SIN_FUENTE,SIN_TABLA_OFICIAL_DE_EQUIVALENCIA_AREA
I162S2C21J2V1,30,Carrera Genérica,REVISAR,,SIN_TABLA_OFICIAL_DE_EQUIVALENCIA_AREA,SIN_FUENTE,NULA,REVISAR_CORRECTO_SIN_FUENTE,SIN_TABLA_OFICIAL_DE_EQUIVALENCIA_AREA
I162S2C21J2V1,30,Título que otorga el programa,REVISAR,,DICCIONARIO.NOMBRE_TITULO,SIN_FUENTE,NULA,REVISAR_CORRECTO_SIN_FUENTE,Diccionario no trae valor usable para este campo.
I162S2C21J2V1,30,Grado Académico que otorga el programa,REVISAR,,SIN_FUENTE_EXPLICITA_EN_BASES_ACTUALES,SIN_FUENTE,NULA,REVISAR_CORRECTO_SIN_FUENTE,SIN_FUENTE_EXPLICITA_EN_BASES_ACTUALES
I162S2C21J2V1,30,Dependencia,REVISAR,,SIN_FUENTE_EXPLICITA_EN_BASES_ACTUALES,SIN_FUENTE,NULA,REVISAR_CORRECTO_SIN_FUENTE,SIN_FUENTE_EXPLICITA_EN_BASES_ACTUALES
I162S2C21J2V1,30,Régimen,REVISAR,,DICCIONARIO.REGIMEN,SIN_FUENTE,NULA,REVISAR_CORRECTO_SIN_FUENTE,Diccionario no trae valor usable para este campo.
I162S2C21J2V1,30,Ingreso Directo,REVISAR,,DICCIONARIO.REQUISITO_INGRESO,SIN_FUENTE,NULA,REVISAR_CORRECTO_SIN_FUENTE,Diccionario no trae valor usable para este campo.
I162S2C21J2V1,30,Ingreso desde un plan Común,REVISAR,,SIN_FUENTE_EXPLICITA_EN_BASES_ACTUALES,SIN_FUENTE,NULA,REVISAR_CORRECTO_SIN_FUENTE,SIN_FUENTE_EXPLICITA_EN_BASES_ACTUALES
I162S2C21J2V1,30,Ingreso desde Bachillerato,REVISAR,,SIN_FUENTE_EXPLICITA_EN_BASES_ACTUALES,SIN_FUENTE,NULA,REVISAR_CORRECTO_SIN_FUENTE,SIN_FUENTE_EXPLICITA_EN_BASES_ACTUALES
I162S2C21J2V1,30,Otro Tipo de Ingreso,REVISAR,,SIN_FUENTE_EXPLICITA_EN_BASES_ACTUALES,SIN_FUENTE,NULA,REVISAR_CORRECTO_SIN_FUENTE,SIN_FUENTE_EXPLICITA_EN_BASES_ACTUALES
I162S2C21J2V1,30,Ingreso otro,REVISAR,,SIN_FUENTE_EXPLICITA_EN_BASES_ACTUALES,SIN_FUENTE,NULA,REVISAR_CORRECTO_SIN_FUENTE,SIN_FUENTE_EXPLICITA_EN_BASES_ACTUALES
I162S2C21J2V1,30,ANIO_INICIO,REVISAR,,DICCIONARIO.ANIO_INICIO,SIN_FUENTE,NULA,REVISAR_CORRECTO_SIN_FUENTE,Diccionario no trae valor usable.
I162S2C21J2V1,30,REGIMEN,REVISAR,,DICCIONARIO.REGIMEN,SIN_FUENTE,NULA,REVISAR_CORRECTO_SIN_FUENTE,Diccionario no trae valor usable.
I162S2C21J2V1,30,DURACION_REGIMEN,REVISAR,,DICCIONARIO.DURACION_REGIMEN,SIN_FUENTE,NULA,REVISAR_CORRECTO_SIN_FUENTE,Diccionario no trae valor usable.
I162S2C21J2V1,30,NOMBRE_TITULO,REVISAR,,DICCIONARIO.NOMBRE_TITULO,SIN_FUENTE,NULA,REVISAR_CORRECTO_SIN_FUENTE,Diccionario no trae valor usable.
I162S2C21J2V1,30,ACREDITACION,REVISAR,,DICCIONARIO.ACREDITACION,SIN_FUENTE,NULA,REVISAR_CORRECTO_SIN_FUENTE,Diccionario no trae valor usable.
I162S2C21J2V1,30,REQUISITO_INGRESO,REVISAR,,DICCIONARIO.REQUISITO_INGRESO,SIN_FUENTE,NULA,REVISAR_CORRECTO_SIN_FUENTE,Diccionario no trae valor usable.
I162S2C21J2V1,30,SEMESTRES_RECONOCIDOS,REVISAR,,DICCIONARIO.SEMESTRES_RECONOCIDOS,SIN_FUENTE,NULA,REVISAR_CORRECTO_SIN_FUENTE,Diccionario no trae valor usable.
I162S2C21J2V1,30,AREA_ACTUAL,REVISAR,,DICCIONARIO.AREA_ACTUAL,SIN_FUENTE,NULA,REVISAR_CORRECTO_SIN_FUENTE,Diccionario no trae valor usable.
I162S2C21J2V1,30,AREA_ADMIN_DERECHO,REVISAR,,DICCIONARIO.AREA_ADMIN_DERECHO,SIN_FUENTE,NULA,REVISAR_CORRECTO_SIN_FUENTE,Diccionario no trae valor usable.
I162S2C21J2V1,30,AREA_AGRI_SILVI_PESCA_VET,REVISAR,,DICCIONARIO.AREA_AGRI_SILVI_PESCA_VET,SIN_FUENTE,NULA,REVISAR_CORRECTO_SIN_FUENTE,Diccionario no trae valor usable.
I162S2C21J2V1,30,AREA_ARTES_HUMANIDADES,REVISAR,,DICCIONARIO.AREA_ARTES_HUMANIDADES,SIN_FUENTE,NULA,REVISAR_CORRECTO_SIN_FUENTE,Diccionario no trae valor usable.
I162S2C21J2V1,30,AREA_CIENCIAS_NAT_MAT_ESTAD,REVISAR,,DICCIONARIO.AREA_CIENCIAS_NAT_MAT_ESTAD,SIN_FUENTE,NULA,REVISAR_CORRECTO_SIN_FUENTE,Diccionario no trae valor usable.
I162S2C21J2V1,30,AREA_CS_SOCIAL_PERIODISMO_INFO,REVISAR,,DICCIONARIO.AREA_CS_SOCIAL_PERIODISMO_INFO,SIN_FUENTE,NULA,REVISAR_CORRECTO_SIN_FUENTE,Diccionario no trae valor usable.
I162S2C21J2V1,30,AREA_EDUCACION,REVISAR,,DICCIONARIO.AREA_EDUCACION,SIN_FUENTE,NULA,REVISAR_CORRECTO_SIN_FUENTE,Diccionario no trae valor usable.
I162S2C21J2V1,30,AREA_INGE_INDUSTRIA_CONSTRUC,REVISAR,,DICCIONARIO.AREA_INGE_INDUSTRIA_CONSTRUC,SIN_FUENTE,NULA,REVISAR_CORRECTO_SIN_FUENTE,Diccionario no trae valor usable.
I162S2C21J2V1,30,AREA_SALUD_BIENESTAR,REVISAR,,DICCIONARIO.AREA_SALUD_BIENESTAR,SIN_FUENTE,NULA,REVISAR_CORRECTO_SIN_FUENTE,Diccionario no trae valor usable.
I162S2C21J2V1,30,AREA_SERVICIOS,REVISAR,,DICCIONARIO.AREA_SERVICIOS,SIN_FUENTE,NULA,REVISAR_CORRECTO_SIN_FUENTE,Diccionario no trae valor usable.
I162S2C21J2V1,30,AREA_TECNO_INFO_COMUNICA,REVISAR,,DICCIONARIO.AREA_TECNO_INFO_COMUNICA,SIN_FUENTE,NULA,REVISAR_CORRECTO_SIN_FUENTE,Diccionario no trae valor usable.
I162S2C21J2V1,30,VACANTES_PRIMER_SEMESTRE,REVISAR,,DICCIONARIO.VACANTES_PRIMER_SEMESTRE,SIN_FUENTE,NULA,REVISAR_CORRECTO_SIN_FUENTE,Diccionario no trae valor usable.
I162S2C21J2V1,30,VACANTES_SEGUNDO_SEMESTRE,REVISAR,,DICCIONARIO.VACANTES_SEGUNDO_SEMESTRE,SIN_FUENTE,NULA,REVISAR_CORRECTO_SIN_FUENTE,Diccionario no trae valor usable.
I162S2C21J2V1,30,FECHA_ADMISION_INICIAL,REVISAR,,SIN_FUENTE_ARANCELARIA_EN_BASES_ACTUALES,SIN_FUENTE,NULA,REVISAR_CORRECTO_SIN_FUENTE,SIN_FUENTE_ARANCELARIA_EN_BASES_ACTUALES
I162S2C21J2V1,30,MALLA_CURRICULAR,REVISAR,,SIN_FUENTE_ARANCELARIA_EN_BASES_ACTUALES,SIN_FUENTE,NULA,REVISAR_CORRECTO_SIN_FUENTE,SIN_FUENTE_ARANCELARIA_EN_BASES_ACTUALES
I162S2C21J2V1,30,PERFIL_EGRESO,REVISAR,,SIN_FUENTE_ARANCELARIA_EN_BASES_ACTUALES,SIN_FUENTE,NULA,REVISAR_CORRECTO_SIN_FUENTE,SIN_FUENTE_ARANCELARIA_EN_BASES_ACTUALES
I162S2C21J2V1,30,TEXTO_REQUISITO_INGRESO,REVISAR,,SIN_FUENTE_EXPLICITA_EN_BASES_ACTUALES,SIN_FUENTE,NULA,REVISAR_CORRECTO_SIN_FUENTE,SIN_FUENTE_EXPLICITA_EN_BASES_ACTUALES
I162S2C21J2V1,30,LICENCIA_ENS_MEDIA,REVISAR,,SIN_FUENTE_EXPLICITA_EN_BASES_ACTUALES,SIN_FUENTE,NULA,REVISAR_CORRECTO_SIN_FUENTE,SIN_FUENTE_EXPLICITA_EN_BASES_ACTUALES
I162S2C21J2V1,30,NOTAS_ENS_MEDIA,REVISAR,,SIN_FUENTE_EXPLICITA_EN_BASES_ACTUALES,SIN_FUENTE,NULA,REVISAR_CORRECTO_SIN_FUENTE,SIN_FUENTE_EXPLICITA_EN_BASES_ACTUALES
I162S2C21J2V1,30,PROMEDIO_MIN_ENS_MEDIA,REVISAR,,SIN_FUENTE_EXPLICITA_EN_BASES_ACTUALES,SIN_FUENTE,NULA,REVISAR_CORRECTO_SIN_FUENTE,SIN_FUENTE_EXPLICITA_EN_BASES_ACTUALES
I162S2C21J2V1,30,RECONOCIMIENTOS_APREN_PREVIOS,REVISAR,,SIN_FUENTE_EXPLICITA_EN_BASES_ACTUALES,SIN_FUENTE,NULA,REVISAR_CORRECTO_SIN_FUENTE,SIN_FUENTE_EXPLICITA_EN_BASES_ACTUALES
I162S2C21J2V1,30,EXPERIENCIA_LABORAL,REVISAR,,SIN_FUENTE_EXPLICITA_EN_BASES_ACTUALES,SIN_FUENTE,NULA,REVISAR_CORRECTO_SIN_FUENTE,SIN_FUENTE_EXPLICITA_EN_BASES_ACTUALES
I162S2C21J2V1,30,OTROS_REQUISITOS,REVISAR,,SIN_FUENTE_EXPLICITA_EN_BASES_ACTUALES,SIN_FUENTE,NULA,REVISAR_CORRECTO_SIN_FUENTE,SIN_FUENTE_EXPLICITA_EN_BASES_ACTUALES
I162S2C21J2V1,30,MAIL_DIFUSION_CARRERA,REVISAR,,SIN_FUENTE_ARANCELARIA_EN_BASES_ACTUALES,SIN_FUENTE,NULA,REVISAR_CORRECTO_SIN_FUENTE,SIN_FUENTE_ARANCELARIA_EN_BASES_ACTUALES
I162S2C21J2V1,30,FORMATO_VALOR,REVISAR,,SIN_FUENTE_ARANCELARIA_EN_BASES_ACTUALES,SIN_FUENTE,NULA,REVISAR_CORRECTO_SIN_FUENTE,SIN_FUENTE_ARANCELARIA_EN_BASES_ACTUALES
I162S2C21J2V1,30,VALOR_MATRICULA_ANUAL,REVISAR,,SIN_FUENTE_ARANCELARIA_EN_BASES_ACTUALES,SIN_FUENTE,NULA,REVISAR_CORRECTO_SIN_FUENTE,SIN_FUENTE_ARANCELARIA_EN_BASES_ACTUALES
I162S2C21J2V1,30,COSTO_TITULACION,REVISAR,,SIN_FUENTE_ARANCELARIA_EN_BASES_ACTUALES,SIN_FUENTE,NULA,REVISAR_CORRECTO_SIN_FUENTE,SIN_FUENTE_ARANCELARIA_EN_BASES_ACTUALES
I162S2C21J2V1,30,VALOR_CERTIFICADO_DIPLOMA,REVISAR,,SIN_FUENTE_ARANCELARIA_EN_BASES_ACTUALES,SIN_FUENTE,NULA,REVISAR_CORRECTO_SIN_FUENTE,SIN_FUENTE_ARANCELARIA_EN_BASES_ACTUALES
I162S2C21J2V1,30,ARANCEL_ANUAL,REVISAR,,SIN_FUENTE_ARANCELARIA_EN_BASES_ACTUALES,SIN_FUENTE,NULA,REVISAR_CORRECTO_SIN_FUENTE,SIN_FUENTE_ARANCELARIA_EN_BASES_ACTUALES
I162S2C21J2V1,30,VIGENCIA_CARRERA,REVISAR,,SIN_FUENTE_EXPLICITA_EN_BASES_ACTUALES,SIN_FUENTE,NULA,REVISAR_CORRECTO_SIN_FUENTE,SIN_FUENTE_EXPLICITA_EN_BASES_ACTUALES
I162S2C23J1V1,31,Mención o Especialidad,REVISAR,,SIN_FUENTE_EXPLICITA_EN_BASES_ACTUALES,SIN_FUENTE,NULA,REVISAR_CORRECTO_SIN_FUENTE,SIN_FUENTE_EXPLICITA_EN_BASES_ACTUALES
I162S2C23J1V1,31,Año de inicio de Actividades,REVISAR,,DICCIONARIO.ANIO_INICIO,SIN_FUENTE,NULA,REVISAR_CORRECTO_SIN_FUENTE,Diccionario no trae valor usable para este campo.
I162S2C23J1V1,31,Área del Conocimiento,REVISAR,,DICCIONARIO.AREA_ACTUAL,SIN_FUENTE,NULA,REVISAR_CORRECTO_SIN_FUENTE,Diccionario no trae valor usable para este campo.
I162S2C23J1V1,31,Sub Área,REVISAR,,SIN_TABLA_OFICIAL_DE_EQUIVALENCIA_AREA,SIN_FUENTE,NULA,REVISAR_CORRECTO_SIN_FUENTE,SIN_TABLA_OFICIAL_DE_EQUIVALENCIA_AREA
I162S2C23J1V1,31,Carrera Genérica,REVISAR,,SIN_TABLA_OFICIAL_DE_EQUIVALENCIA_AREA,SIN_FUENTE,NULA,REVISAR_CORRECTO_SIN_FUENTE,SIN_TABLA_OFICIAL_DE_EQUIVALENCIA_AREA
I162S2C23J1V1,31,Título que otorga el programa,REVISAR,,DICCIONARIO.NOMBRE_TITULO,SIN_FUENTE,NULA,REVISAR_CORRECTO_SIN_FUENTE,Diccionario no trae valor usable para este campo.
I162S2C23J1V1,31,Grado Académico que otorga el programa,REVISAR,,SIN_FUENTE_EXPLICITA_EN_BASES_ACTUALES,SIN_FUENTE,NULA,REVISAR_CORRECTO_SIN_FUENTE,SIN_FUENTE_EXPLICITA_EN_BASES_ACTUALES
I162S2C23J1V1,31,Dependencia,REVISAR,,SIN_FUENTE_EXPLICITA_EN_BASES_ACTUALES,SIN_FUENTE,NULA,REVISAR_CORRECTO_SIN_FUENTE,SIN_FUENTE_EXPLICITA_EN_BASES_ACTUALES
I162S2C23J1V1,31,Régimen,REVISAR,,DICCIONARIO.REGIMEN,SIN_FUENTE,NULA,REVISAR_CORRECTO_SIN_FUENTE,Diccionario no trae valor usable para este campo.
I162S2C23J1V1,31,Ingreso Directo,REVISAR,,DICCIONARIO.REQUISITO_INGRESO,SIN_FUENTE,NULA,REVISAR_CORRECTO_SIN_FUENTE,Diccionario no trae valor usable para este campo.
I162S2C23J1V1,31,Ingreso desde un plan Común,REVISAR,,SIN_FUENTE_EXPLICITA_EN_BASES_ACTUALES,SIN_FUENTE,NULA,REVISAR_CORRECTO_SIN_FUENTE,SIN_FUENTE_EXPLICITA_EN_BASES_ACTUALES
I162S2C23J1V1,31,Ingreso desde Bachillerato,REVISAR,,SIN_FUENTE_EXPLICITA_EN_BASES_ACTUALES,SIN_FUENTE,NULA,REVISAR_CORRECTO_SIN_FUENTE,SIN_FUENTE_EXPLICITA_EN_BASES_ACTUALES
I162S2C23J1V1,31,Otro Tipo de Ingreso,REVISAR,,SIN_FUENTE_EXPLICITA_EN_BASES_ACTUALES,SIN_FUENTE,NULA,REVISAR_CORRECTO_SIN_FUENTE,SIN_FUENTE_EXPLICITA_EN_BASES_ACTUALES
I162S2C23J1V1,31,Ingreso otro,REVISAR,,SIN_FUENTE_EXPLICITA_EN_BASES_ACTUALES,SIN_FUENTE,NULA,REVISAR_CORRECTO_SIN_FUENTE,SIN_FUENTE_EXPLICITA_EN_BASES_ACTUALES
I162S2C23J1V1,31,ANIO_INICIO,REVISAR,,DICCIONARIO.ANIO_INICIO,SIN_FUENTE,NULA,REVISAR_CORRECTO_SIN_FUENTE,Diccionario no trae valor usable.
I162S2C23J1V1,31,REGIMEN,REVISAR,,DICCIONARIO.REGIMEN,SIN_FUENTE,NULA,REVISAR_CORRECTO_SIN_FUENTE,Diccionario no trae valor usable.
I162S2C23J1V1,31,DURACION_REGIMEN,REVISAR,,DICCIONARIO.DURACION_REGIMEN,SIN_FUENTE,NULA,REVISAR_CORRECTO_SIN_FUENTE,Diccionario no trae valor usable.
I162S2C23J1V1,31,NOMBRE_TITULO,REVISAR,,DICCIONARIO.NOMBRE_TITULO,SIN_FUENTE,NULA,REVISAR_CORRECTO_SIN_FUENTE,Diccionario no trae valor usable.
I162S2C23J1V1,31,ACREDITACION,REVISAR,,DICCIONARIO.ACREDITACION,SIN_FUENTE,NULA,REVISAR_CORRECTO_SIN_FUENTE,Diccionario no trae valor usable.
I162S2C23J1V1,31,REQUISITO_INGRESO,REVISAR,,DICCIONARIO.REQUISITO_INGRESO,SIN_FUENTE,NULA,REVISAR_CORRECTO_SIN_FUENTE,Diccionario no trae valor usable.
I162S2C23J1V1,31,SEMESTRES_RECONOCIDOS,REVISAR,,DICCIONARIO.SEMESTRES_RECONOCIDOS,SIN_FUENTE,NULA,REVISAR_CORRECTO_SIN_FUENTE,Diccionario no trae valor usable.
I162S2C23J1V1,31,AREA_ACTUAL,REVISAR,,DICCIONARIO.AREA_ACTUAL,SIN_FUENTE,NULA,REVISAR_CORRECTO_SIN_FUENTE,Diccionario no trae valor usable.
I162S2C23J1V1,31,AREA_ADMIN_DERECHO,REVISAR,,DICCIONARIO.AREA_ADMIN_DERECHO,SIN_FUENTE,NULA,REVISAR_CORRECTO_SIN_FUENTE,Diccionario no trae valor usable.
I162S2C23J1V1,31,AREA_AGRI_SILVI_PESCA_VET,REVISAR,,DICCIONARIO.AREA_AGRI_SILVI_PESCA_VET,SIN_FUENTE,NULA,REVISAR_CORRECTO_SIN_FUENTE,Diccionario no trae valor usable.
I162S2C23J1V1,31,AREA_ARTES_HUMANIDADES,REVISAR,,DICCIONARIO.AREA_ARTES_HUMANIDADES,SIN_FUENTE,NULA,REVISAR_CORRECTO_SIN_FUENTE,Diccionario no trae valor usable.
I162S2C23J1V1,31,AREA_CIENCIAS_NAT_MAT_ESTAD,REVISAR,,DICCIONARIO.AREA_CIENCIAS_NAT_MAT_ESTAD,SIN_FUENTE,NULA,REVISAR_CORRECTO_SIN_FUENTE,Diccionario no trae valor usable.
I162S2C23J1V1,31,AREA_CS_SOCIAL_PERIODISMO_INFO,REVISAR,,DICCIONARIO.AREA_CS_SOCIAL_PERIODISMO_INFO,SIN_FUENTE,NULA,REVISAR_CORRECTO_SIN_FUENTE,Diccionario no trae valor usable.
I162S2C23J1V1,31,AREA_EDUCACION,REVISAR,,DICCIONARIO.AREA_EDUCACION,SIN_FUENTE,NULA,REVISAR_CORRECTO_SIN_FUENTE,Diccionario no trae valor usable.
I162S2C23J1V1,31,AREA_INGE_INDUSTRIA_CONSTRUC,REVISAR,,DICCIONARIO.AREA_INGE_INDUSTRIA_CONSTRUC,SIN_FUENTE,NULA,REVISAR_CORRECTO_SIN_FUENTE,Diccionario no trae valor usable.
I162S2C23J1V1,31,AREA_SALUD_BIENESTAR,REVISAR,,DICCIONARIO.AREA_SALUD_BIENESTAR,SIN_FUENTE,NULA,REVISAR_CORRECTO_SIN_FUENTE,Diccionario no trae valor usable.
I162S2C23J1V1,31,AREA_SERVICIOS,REVISAR,,DICCIONARIO.AREA_SERVICIOS,SIN_FUENTE,NULA,REVISAR_CORRECTO_SIN_FUENTE,Diccionario no trae valor usable.
I162S2C23J1V1,31,AREA_TECNO_INFO_COMUNICA,REVISAR,,DICCIONARIO.AREA_TECNO_INFO_COMUNICA,SIN_FUENTE,NULA,REVISAR_CORRECTO_SIN_FUENTE,Diccionario no trae valor usable.
I162S2C23J1V1,31,VACANTES_PRIMER_SEMESTRE,REVISAR,,DICCIONARIO.VACANTES_PRIMER_SEMESTRE,SIN_FUENTE,NULA,REVISAR_CORRECTO_SIN_FUENTE,Diccionario no trae valor usable.
I162S2C23J1V1,31,VACANTES_SEGUNDO_SEMESTRE,REVISAR,,DICCIONARIO.VACANTES_SEGUNDO_SEMESTRE,SIN_FUENTE,NULA,REVISAR_CORRECTO_SIN_FUENTE,Diccionario no trae valor usable.
I162S2C23J1V1,31,FECHA_ADMISION_INICIAL,REVISAR,,SIN_FUENTE_ARANCELARIA_EN_BASES_ACTUALES,SIN_FUENTE,NULA,REVISAR_CORRECTO_SIN_FUENTE,SIN_FUENTE_ARANCELARIA_EN_BASES_ACTUALES
I162S2C23J1V1,31,MALLA_CURRICULAR,REVISAR,,SIN_FUENTE_ARANCELARIA_EN_BASES_ACTUALES,SIN_FUENTE,NULA,REVISAR_CORRECTO_SIN_FUENTE,SIN_FUENTE_ARANCELARIA_EN_BASES_ACTUALES
I162S2C23J1V1,31,PERFIL_EGRESO,REVISAR,,SIN_FUENTE_ARANCELARIA_EN_BASES_ACTUALES,SIN_FUENTE,NULA,REVISAR_CORRECTO_SIN_FUENTE,SIN_FUENTE_ARANCELARIA_EN_BASES_ACTUALES
I162S2C23J1V1,31,TEXTO_REQUISITO_INGRESO,REVISAR,,SIN_FUENTE_EXPLICITA_EN_BASES_ACTUALES,SIN_FUENTE,NULA,REVISAR_CORRECTO_SIN_FUENTE,SIN_FUENTE_EXPLICITA_EN_BASES_ACTUALES
I162S2C23J1V1,31,LICENCIA_ENS_MEDIA,REVISAR,,SIN_FUENTE_EXPLICITA_EN_BASES_ACTUALES,SIN_FUENTE,NULA,REVISAR_CORRECTO_SIN_FUENTE,SIN_FUENTE_EXPLICITA_EN_BASES_ACTUALES
I162S2C23J1V1,31,NOTAS_ENS_MEDIA,REVISAR,,SIN_FUENTE_EXPLICITA_EN_BASES_ACTUALES,SIN_FUENTE,NULA,REVISAR_CORRECTO_SIN_FUENTE,SIN_FUENTE_EXPLICITA_EN_BASES_ACTUALES
I162S2C23J1V1,31,PROMEDIO_MIN_ENS_MEDIA,REVISAR,,SIN_FUENTE_EXPLICITA_EN_BASES_ACTUALES,SIN_FUENTE,NULA,REVISAR_CORRECTO_SIN_FUENTE,SIN_FUENTE_EXPLICITA_EN_BASES_ACTUALES
I162S2C23J1V1,31,RECONOCIMIENTOS_APREN_PREVIOS,REVISAR,,SIN_FUENTE_EXPLICITA_EN_BASES_ACTUALES,SIN_FUENTE,NULA,REVISAR_CORRECTO_SIN_FUENTE,SIN_FUENTE_EXPLICITA_EN_BASES_ACTUALES
I162S2C23J1V1,31,EXPERIENCIA_LABORAL,REVISAR,,SIN_FUENTE_EXPLICITA_EN_BASES_ACTUALES,SIN_FUENTE,NULA,REVISAR_CORRECTO_SIN_FUENTE,SIN_FUENTE_EXPLICITA_EN_BASES_ACTUALES
I162S2C23J1V1,31,OTROS_REQUISITOS,REVISAR,,SIN_FUENTE_EXPLICITA_EN_BASES_ACTUALES,SIN_FUENTE,NULA,REVISAR_CORRECTO_SIN_FUENTE,SIN_FUENTE_EXPLICITA_EN_BASES_ACTUALES
I162S2C23J1V1,31,MAIL_DIFUSION_CARRERA,REVISAR,,SIN_FUENTE_ARANCELARIA_EN_BASES_ACTUALES,SIN_FUENTE,NULA,REVISAR_CORRECTO_SIN_FUENTE,SIN_FUENTE_ARANCELARIA_EN_BASES_ACTUALES
I162S2C23J1V1,31,FORMATO_VALOR,REVISAR,,SIN_FUENTE_ARANCELARIA_EN_BASES_ACTUALES,SIN_FUENTE,NULA,REVISAR_CORRECTO_SIN_FUENTE,SIN_FUENTE_ARANCELARIA_EN_BASES_ACTUALES
I162S2C23J1V1,31,VALOR_MATRICULA_ANUAL,REVISAR,,SIN_FUENTE_ARANCELARIA_EN_BASES_ACTUALES,SIN_FUENTE,NULA,REVISAR_CORRECTO_SIN_FUENTE,SIN_FUENTE_ARANCELARIA_EN_BASES_ACTUALES
I162S2C23J1V1,31,COSTO_TITULACION,REVISAR,,SIN_FUENTE_ARANCELARIA_EN_BASES_ACTUALES,SIN_FUENTE,NULA,REVISAR_CORRECTO_SIN_FUENTE,SIN_FUENTE_ARANCELARIA_EN_BASES_ACTUALES
I162S2C23J1V1,31,VALOR_CERTIFICADO_DIPLOMA,REVISAR,,SIN_FUENTE_ARANCELARIA_EN_BASES_ACTUALES,SIN_FUENTE,NULA,REVISAR_CORRECTO_SIN_FUENTE,SIN_FUENTE_ARANCELARIA_EN_BASES_ACTUALES
I162S2C23J1V1,31,ARANCEL_ANUAL,REVISAR,,SIN_FUENTE_ARANCELARIA_EN_BASES_ACTUALES,SIN_FUENTE,NULA,REVISAR_CORRECTO_SIN_FUENTE,SIN_FUENTE_ARANCELARIA_EN_BASES_ACTUALES
I162S2C23J1V1,31,VIGENCIA_CARRERA,REVISAR,,SIN_FUENTE_EXPLICITA_EN_BASES_ACTUALES,SIN_FUENTE,NULA,REVISAR_CORRECTO_SIN_FUENTE,SIN_FUENTE_EXPLICITA_EN_BASES_ACTUALES
I162S2C23J2V1,32,Mención o Especialidad,REVISAR,,SIN_FUENTE_EXPLICITA_EN_BASES_ACTUALES,SIN_FUENTE,NULA,REVISAR_CORRECTO_SIN_FUENTE,SIN_FUENTE_EXPLICITA_EN_BASES_ACTUALES
I162S2C23J2V1,32,Año de inicio de Actividades,REVISAR,,DICCIONARIO.ANIO_INICIO,SIN_FUENTE,NULA,REVISAR_CORRECTO_SIN_FUENTE,Diccionario no trae valor usable para este campo.
I162S2C23J2V1,32,Área del Conocimiento,REVISAR,,DICCIONARIO.AREA_ACTUAL,SIN_FUENTE,NULA,REVISAR_CORRECTO_SIN_FUENTE,Diccionario no trae valor usable para este campo.
I162S2C23J2V1,32,Sub Área,REVISAR,,SIN_TABLA_OFICIAL_DE_EQUIVALENCIA_AREA,SIN_FUENTE,NULA,REVISAR_CORRECTO_SIN_FUENTE,SIN_TABLA_OFICIAL_DE_EQUIVALENCIA_AREA
I162S2C23J2V1,32,Carrera Genérica,REVISAR,,SIN_TABLA_OFICIAL_DE_EQUIVALENCIA_AREA,SIN_FUENTE,NULA,REVISAR_CORRECTO_SIN_FUENTE,SIN_TABLA_OFICIAL_DE_EQUIVALENCIA_AREA
I162S2C23J2V1,32,Título que otorga el programa,REVISAR,,DICCIONARIO.NOMBRE_TITULO,SIN_FUENTE,NULA,REVISAR_CORRECTO_SIN_FUENTE,Diccionario no trae valor usable para este campo.
I162S2C23J2V1,32,Grado Académico que otorga el programa,REVISAR,,SIN_FUENTE_EXPLICITA_EN_BASES_ACTUALES,SIN_FUENTE,NULA,REVISAR_CORRECTO_SIN_FUENTE,SIN_FUENTE_EXPLICITA_EN_BASES_ACTUALES
I162S2C23J2V1,32,Dependencia,REVISAR,,SIN_FUENTE_EXPLICITA_EN_BASES_ACTUALES,SIN_FUENTE,NULA,REVISAR_CORRECTO_SIN_FUENTE,SIN_FUENTE_EXPLICITA_EN_BASES_ACTUALES
I162S2C23J2V1,32,Régimen,REVISAR,,DICCIONARIO.REGIMEN,SIN_FUENTE,NULA,REVISAR_CORRECTO_SIN_FUENTE,Diccionario no trae valor usable para este campo.
I162S2C23J2V1,32,Ingreso Directo,REVISAR,,DICCIONARIO.REQUISITO_INGRESO,SIN_FUENTE,NULA,REVISAR_CORRECTO_SIN_FUENTE,Diccionario no trae valor usable para este campo.
I162S2C23J2V1,32,Ingreso desde un plan Común,REVISAR,,SIN_FUENTE_EXPLICITA_EN_BASES_ACTUALES,SIN_FUENTE,NULA,REVISAR_CORRECTO_SIN_FUENTE,SIN_FUENTE_EXPLICITA_EN_BASES_ACTUALES
I162S2C23J2V1,32,Ingreso desde Bachillerato,REVISAR,,SIN_FUENTE_EXPLICITA_EN_BASES_ACTUALES,SIN_FUENTE,NULA,REVISAR_CORRECTO_SIN_FUENTE,SIN_FUENTE_EXPLICITA_EN_BASES_ACTUALES
I162S2C23J2V1,32,Otro Tipo de Ingreso,REVISAR,,SIN_FUENTE_EXPLICITA_EN_BASES_ACTUALES,SIN_FUENTE,NULA,REVISAR_CORRECTO_SIN_FUENTE,SIN_FUENTE_EXPLICITA_EN_BASES_ACTUALES
I162S2C23J2V1,32,Ingreso otro,REVISAR,,SIN_FUENTE_EXPLICITA_EN_BASES_ACTUALES,SIN_FUENTE,NULA,REVISAR_CORRECTO_SIN_FUENTE,SIN_FUENTE_EXPLICITA_EN_BASES_ACTUALES
I162S2C23J2V1,32,ANIO_INICIO,REVISAR,,DICCIONARIO.ANIO_INICIO,SIN_FUENTE,NULA,REVISAR_CORRECTO_SIN_FUENTE,Diccionario no trae valor usable.
I162S2C23J2V1,32,REGIMEN,REVISAR,,DICCIONARIO.REGIMEN,SIN_FUENTE,NULA,REVISAR_CORRECTO_SIN_FUENTE,Diccionario no trae valor usable.
I162S2C23J2V1,32,DURACION_REGIMEN,REVISAR,,DICCIONARIO.DURACION_REGIMEN,SIN_FUENTE,NULA,REVISAR_CORRECTO_SIN_FUENTE,Diccionario no trae valor usable.
I162S2C23J2V1,32,NOMBRE_TITULO,REVISAR,,DICCIONARIO.NOMBRE_TITULO,SIN_FUENTE,NULA,REVISAR_CORRECTO_SIN_FUENTE,Diccionario no trae valor usable.
I162S2C23J2V1,32,ACREDITACION,REVISAR,,DICCIONARIO.ACREDITACION,SIN_FUENTE,NULA,REVISAR_CORRECTO_SIN_FUENTE,Diccionario no trae valor usable.
I162S2C23J2V1,32,REQUISITO_INGRESO,REVISAR,,DICCIONARIO.REQUISITO_INGRESO,SIN_FUENTE,NULA,REVISAR_CORRECTO_SIN_FUENTE,Diccionario no trae valor usable.
I162S2C23J2V1,32,SEMESTRES_RECONOCIDOS,REVISAR,,DICCIONARIO.SEMESTRES_RECONOCIDOS,SIN_FUENTE,NULA,REVISAR_CORRECTO_SIN_FUENTE,Diccionario no trae valor usable.
I162S2C23J2V1,32,AREA_ACTUAL,REVISAR,,DICCIONARIO.AREA_ACTUAL,SIN_FUENTE,NULA,REVISAR_CORRECTO_SIN_FUENTE,Diccionario no trae valor usable.
I162S2C23J2V1,32,AREA_ADMIN_DERECHO,REVISAR,,DICCIONARIO.AREA_ADMIN_DERECHO,SIN_FUENTE,NULA,REVISAR_CORRECTO_SIN_FUENTE,Diccionario no trae valor usable.
I162S2C23J2V1,32,AREA_AGRI_SILVI_PESCA_VET,REVISAR,,DICCIONARIO.AREA_AGRI_SILVI_PESCA_VET,SIN_FUENTE,NULA,REVISAR_CORRECTO_SIN_FUENTE,Diccionario no trae valor usable.
I162S2C23J2V1,32,AREA_ARTES_HUMANIDADES,REVISAR,,DICCIONARIO.AREA_ARTES_HUMANIDADES,SIN_FUENTE,NULA,REVISAR_CORRECTO_SIN_FUENTE,Diccionario no trae valor usable.
I162S2C23J2V1,32,AREA_CIENCIAS_NAT_MAT_ESTAD,REVISAR,,DICCIONARIO.AREA_CIENCIAS_NAT_MAT_ESTAD,SIN_FUENTE,NULA,REVISAR_CORRECTO_SIN_FUENTE,Diccionario no trae valor usable.
I162S2C23J2V1,32,AREA_CS_SOCIAL_PERIODISMO_INFO,REVISAR,,DICCIONARIO.AREA_CS_SOCIAL_PERIODISMO_INFO,SIN_FUENTE,NULA,REVISAR_CORRECTO_SIN_FUENTE,Diccionario no trae valor usable.
I162S2C23J2V1,32,AREA_EDUCACION,REVISAR,,DICCIONARIO.AREA_EDUCACION,SIN_FUENTE,NULA,REVISAR_CORRECTO_SIN_FUENTE,Diccionario no trae valor usable.
I162S2C23J2V1,32,AREA_INGE_INDUSTRIA_CONSTRUC,REVISAR,,DICCIONARIO.AREA_INGE_INDUSTRIA_CONSTRUC,SIN_FUENTE,NULA,REVISAR_CORRECTO_SIN_FUENTE,Diccionario no trae valor usable.
I162S2C23J2V1,32,AREA_SALUD_BIENESTAR,REVISAR,,DICCIONARIO.AREA_SALUD_BIENESTAR,SIN_FUENTE,NULA,REVISAR_CORRECTO_SIN_FUENTE,Diccionario no trae valor usable.
I162S2C23J2V1,32,AREA_SERVICIOS,REVISAR,,DICCIONARIO.AREA_SERVICIOS,SIN_FUENTE,NULA,REVISAR_CORRECTO_SIN_FUENTE,Diccionario no trae valor usable.
I162S2C23J2V1,32,AREA_TECNO_INFO_COMUNICA,REVISAR,,DICCIONARIO.AREA_TECNO_INFO_COMUNICA,SIN_FUENTE,NULA,REVISAR_CORRECTO_SIN_FUENTE,Diccionario no trae valor usable.
I162S2C23J2V1,32,VACANTES_PRIMER_SEMESTRE,REVISAR,,DICCIONARIO.VACANTES_PRIMER_SEMESTRE,SIN_FUENTE,NULA,REVISAR_CORRECTO_SIN_FUENTE,Diccionario no trae valor usable.
I162S2C23J2V1,32,VACANTES_SEGUNDO_SEMESTRE,REVISAR,,DICCIONARIO.VACANTES_SEGUNDO_SEMESTRE,SIN_FUENTE,NULA,REVISAR_CORRECTO_SIN_FUENTE,Diccionario no trae valor usable.
I162S2C23J2V1,32,FECHA_ADMISION_INICIAL,REVISAR,,SIN_FUENTE_ARANCELARIA_EN_BASES_ACTUALES,SIN_FUENTE,NULA,REVISAR_CORRECTO_SIN_FUENTE,SIN_FUENTE_ARANCELARIA_EN_BASES_ACTUALES
I162S2C23J2V1,32,MALLA_CURRICULAR,REVISAR,,SIN_FUENTE_ARANCELARIA_EN_BASES_ACTUALES,SIN_FUENTE,NULA,REVISAR_CORRECTO_SIN_FUENTE,SIN_FUENTE_ARANCELARIA_EN_BASES_ACTUALES
I162S2C23J2V1,32,PERFIL_EGRESO,REVISAR,,SIN_FUENTE_ARANCELARIA_EN_BASES_ACTUALES,SIN_FUENTE,NULA,REVISAR_CORRECTO_SIN_FUENTE,SIN_FUENTE_ARANCELARIA_EN_BASES_ACTUALES
I162S2C23J2V1,32,TEXTO_REQUISITO_INGRESO,REVISAR,,SIN_FUENTE_EXPLICITA_EN_BASES_ACTUALES,SIN_FUENTE,NULA,REVISAR_CORRECTO_SIN_FUENTE,SIN_FUENTE_EXPLICITA_EN_BASES_ACTUALES
I162S2C23J2V1,32,LICENCIA_ENS_MEDIA,REVISAR,,SIN_FUENTE_EXPLICITA_EN_BASES_ACTUALES,SIN_FUENTE,NULA,REVISAR_CORRECTO_SIN_FUENTE,SIN_FUENTE_EXPLICITA_EN_BASES_ACTUALES
I162S2C23J2V1,32,NOTAS_ENS_MEDIA,REVISAR,,SIN_FUENTE_EXPLICITA_EN_BASES_ACTUALES,SIN_FUENTE,NULA,REVISAR_CORRECTO_SIN_FUENTE,SIN_FUENTE_EXPLICITA_EN_BASES_ACTUALES
I162S2C23J2V1,32,PROMEDIO_MIN_ENS_MEDIA,REVISAR,,SIN_FUENTE_EXPLICITA_EN_BASES_ACTUALES,SIN_FUENTE,NULA,REVISAR_CORRECTO_SIN_FUENTE,SIN_FUENTE_EXPLICITA_EN_BASES_ACTUALES
I162S2C23J2V1,32,RECONOCIMIENTOS_APREN_PREVIOS,REVISAR,,SIN_FUENTE_EXPLICITA_EN_BASES_ACTUALES,SIN_FUENTE,NULA,REVISAR_CORRECTO_SIN_FUENTE,SIN_FUENTE_EXPLICITA_EN_BASES_ACTUALES
I162S2C23J2V1,32,EXPERIENCIA_LABORAL,REVISAR,,SIN_FUENTE_EXPLICITA_EN_BASES_ACTUALES,SIN_FUENTE,NULA,REVISAR_CORRECTO_SIN_FUENTE,SIN_FUENTE_EXPLICITA_EN_BASES_ACTUALES
I162S2C23J2V1,32,OTROS_REQUISITOS,REVISAR,,SIN_FUENTE_EXPLICITA_EN_BASES_ACTUALES,SIN_FUENTE,NULA,REVISAR_CORRECTO_SIN_FUENTE,SIN_FUENTE_EXPLICITA_EN_BASES_ACTUALES
I162S2C23J2V1,32,MAIL_DIFUSION_CARRERA,REVISAR,,SIN_FUENTE_ARANCELARIA_EN_BASES_ACTUALES,SIN_FUENTE,NULA,REVISAR_CORRECTO_SIN_FUENTE,SIN_FUENTE_ARANCELARIA_EN_BASES_ACTUALES
I162S2C23J2V1,32,FORMATO_VALOR,REVISAR,,SIN_FUENTE_ARANCELARIA_EN_BASES_ACTUALES,SIN_FUENTE,NULA,REVISAR_CORRECTO_SIN_FUENTE,SIN_FUENTE_ARANCELARIA_EN_BASES_ACTUALES
I162S2C23J2V1,32,VALOR_MATRICULA_ANUAL,REVISAR,,SIN_FUENTE_ARANCELARIA_EN_BASES_ACTUALES,SIN_FUENTE,NULA,REVISAR_CORRECTO_SIN_FUENTE,SIN_FUENTE_ARANCELARIA_EN_BASES_ACTUALES
I162S2C23J2V1,32,COSTO_TITULACION,REVISAR,,SIN_FUENTE_ARANCELARIA_EN_BASES_ACTUALES,SIN_FUENTE,NULA,REVISAR_CORRECTO_SIN_FUENTE,SIN_FUENTE_ARANCELARIA_EN_BASES_ACTUALES
I162S2C23J2V1,32,VALOR_CERTIFICADO_DIPLOMA,REVISAR,,SIN_FUENTE_ARANCELARIA_EN_BASES_ACTUALES,SIN_FUENTE,NULA,REVISAR_CORRECTO_SIN_FUENTE,SIN_FUENTE_ARANCELARIA_EN_BASES_ACTUALES
I162S2C23J2V1,32,ARANCEL_ANUAL,REVISAR,,SIN_FUENTE_ARANCELARIA_EN_BASES_ACTUALES,SIN_FUENTE,NULA,REVISAR_CORRECTO_SIN_FUENTE,SIN_FUENTE_ARANCELARIA_EN_BASES_ACTUALES
I162S2C23J2V1,32,VIGENCIA_CARRERA,REVISAR,,SIN_FUENTE_EXPLICITA_EN_BASES_ACTUALES,SIN_FUENTE,NULA,REVISAR_CORRECTO_SIN_FUENTE,SIN_FUENTE_EXPLICITA_EN_BASES_ACTUALES
I162S2C24J1V1,33,Mención o Especialidad,REVISAR,,SIN_FUENTE_EXPLICITA_EN_BASES_ACTUALES,SIN_FUENTE,NULA,REVISAR_CORRECTO_SIN_FUENTE,SIN_FUENTE_EXPLICITA_EN_BASES_ACTUALES
I162S2C24J1V1,33,Año de inicio de Actividades,REVISAR,,DICCIONARIO.ANIO_INICIO,SIN_FUENTE,NULA,REVISAR_CORRECTO_SIN_FUENTE,Diccionario no trae valor usable para este campo.
I162S2C24J1V1,33,Área del Conocimiento,REVISAR,,DICCIONARIO.AREA_ACTUAL,SIN_FUENTE,NULA,REVISAR_CORRECTO_SIN_FUENTE,Diccionario no trae valor usable para este campo.
I162S2C24J1V1,33,Sub Área,REVISAR,,SIN_TABLA_OFICIAL_DE_EQUIVALENCIA_AREA,SIN_FUENTE,NULA,REVISAR_CORRECTO_SIN_FUENTE,SIN_TABLA_OFICIAL_DE_EQUIVALENCIA_AREA
I162S2C24J1V1,33,Carrera Genérica,REVISAR,,SIN_TABLA_OFICIAL_DE_EQUIVALENCIA_AREA,SIN_FUENTE,NULA,REVISAR_CORRECTO_SIN_FUENTE,SIN_TABLA_OFICIAL_DE_EQUIVALENCIA_AREA
I162S2C24J1V1,33,Título que otorga el programa,REVISAR,,DICCIONARIO.NOMBRE_TITULO,SIN_FUENTE,NULA,REVISAR_CORRECTO_SIN_FUENTE,Diccionario no trae valor usable para este campo.
I162S2C24J1V1,33,Grado Académico que otorga el programa,REVISAR,,SIN_FUENTE_EXPLICITA_EN_BASES_ACTUALES,SIN_FUENTE,NULA,REVISAR_CORRECTO_SIN_FUENTE,SIN_FUENTE_EXPLICITA_EN_BASES_ACTUALES
I162S2C24J1V1,33,Dependencia,REVISAR,,SIN_FUENTE_EXPLICITA_EN_BASES_ACTUALES,SIN_FUENTE,NULA,REVISAR_CORRECTO_SIN_FUENTE,SIN_FUENTE_EXPLICITA_EN_BASES_ACTUALES
I162S2C24J1V1,33,Régimen,REVISAR,,DICCIONARIO.REGIMEN,SIN_FUENTE,NULA,REVISAR_CORRECTO_SIN_FUENTE,Diccionario no trae valor usable para este campo.
I162S2C24J1V1,33,Ingreso Directo,REVISAR,,DICCIONARIO.REQUISITO_INGRESO,SIN_FUENTE,NULA,REVISAR_CORRECTO_SIN_FUENTE,Diccionario no trae valor usable para este campo.
I162S2C24J1V1,33,Ingreso desde un plan Común,REVISAR,,SIN_FUENTE_EXPLICITA_EN_BASES_ACTUALES,SIN_FUENTE,NULA,REVISAR_CORRECTO_SIN_FUENTE,SIN_FUENTE_EXPLICITA_EN_BASES_ACTUALES
I162S2C24J1V1,33,Ingreso desde Bachillerato,REVISAR,,SIN_FUENTE_EXPLICITA_EN_BASES_ACTUALES,SIN_FUENTE,NULA,REVISAR_CORRECTO_SIN_FUENTE,SIN_FUENTE_EXPLICITA_EN_BASES_ACTUALES
I162S2C24J1V1,33,Otro Tipo de Ingreso,REVISAR,,SIN_FUENTE_EXPLICITA_EN_BASES_ACTUALES,SIN_FUENTE,NULA,REVISAR_CORRECTO_SIN_FUENTE,SIN_FUENTE_EXPLICITA_EN_BASES_ACTUALES
I162S2C24J1V1,33,Ingreso otro,REVISAR,,SIN_FUENTE_EXPLICITA_EN_BASES_ACTUALES,SIN_FUENTE,NULA,REVISAR_CORRECTO_SIN_FUENTE,SIN_FUENTE_EXPLICITA_EN_BASES_ACTUALES
I162S2C24J1V1,33,ANIO_INICIO,REVISAR,,DICCIONARIO.ANIO_INICIO,SIN_FUENTE,NULA,REVISAR_CORRECTO_SIN_FUENTE,Diccionario no trae valor usable.
I162S2C24J1V1,33,REGIMEN,REVISAR,,DICCIONARIO.REGIMEN,SIN_FUENTE,NULA,REVISAR_CORRECTO_SIN_FUENTE,Diccionario no trae valor usable.
I162S2C24J1V1,33,DURACION_REGIMEN,REVISAR,,DICCIONARIO.DURACION_REGIMEN,SIN_FUENTE,NULA,REVISAR_CORRECTO_SIN_FUENTE,Diccionario no trae valor usable.
I162S2C24J1V1,33,NOMBRE_TITULO,REVISAR,,DICCIONARIO.NOMBRE_TITULO,SIN_FUENTE,NULA,REVISAR_CORRECTO_SIN_FUENTE,Diccionario no trae valor usable.
I162S2C24J1V1,33,ACREDITACION,REVISAR,,DICCIONARIO.ACREDITACION,SIN_FUENTE,NULA,REVISAR_CORRECTO_SIN_FUENTE,Diccionario no trae valor usable.
I162S2C24J1V1,33,REQUISITO_INGRESO,REVISAR,,DICCIONARIO.REQUISITO_INGRESO,SIN_FUENTE,NULA,REVISAR_CORRECTO_SIN_FUENTE,Diccionario no trae valor usable.
I162S2C24J1V1,33,SEMESTRES_RECONOCIDOS,REVISAR,,DICCIONARIO.SEMESTRES_RECONOCIDOS,SIN_FUENTE,NULA,REVISAR_CORRECTO_SIN_FUENTE,Diccionario no trae valor usable.
I162S2C24J1V1,33,AREA_ACTUAL,REVISAR,,DICCIONARIO.AREA_ACTUAL,SIN_FUENTE,NULA,REVISAR_CORRECTO_SIN_FUENTE,Diccionario no trae valor usable.
I162S2C24J1V1,33,AREA_ADMIN_DERECHO,REVISAR,,DICCIONARIO.AREA_ADMIN_DERECHO,SIN_FUENTE,NULA,REVISAR_CORRECTO_SIN_FUENTE,Diccionario no trae valor usable.
I162S2C24J1V1,33,AREA_AGRI_SILVI_PESCA_VET,REVISAR,,DICCIONARIO.AREA_AGRI_SILVI_PESCA_VET,SIN_FUENTE,NULA,REVISAR_CORRECTO_SIN_FUENTE,Diccionario no trae valor usable.
I162S2C24J1V1,33,AREA_ARTES_HUMANIDADES,REVISAR,,DICCIONARIO.AREA_ARTES_HUMANIDADES,SIN_FUENTE,NULA,REVISAR_CORRECTO_SIN_FUENTE,Diccionario no trae valor usable.
I162S2C24J1V1,33,AREA_CIENCIAS_NAT_MAT_ESTAD,REVISAR,,DICCIONARIO.AREA_CIENCIAS_NAT_MAT_ESTAD,SIN_FUENTE,NULA,REVISAR_CORRECTO_SIN_FUENTE,Diccionario no trae valor usable.
I162S2C24J1V1,33,AREA_CS_SOCIAL_PERIODISMO_INFO,REVISAR,,DICCIONARIO.AREA_CS_SOCIAL_PERIODISMO_INFO,SIN_FUENTE,NULA,REVISAR_CORRECTO_SIN_FUENTE,Diccionario no trae valor usable.
I162S2C24J1V1,33,AREA_EDUCACION,REVISAR,,DICCIONARIO.AREA_EDUCACION,SIN_FUENTE,NULA,REVISAR_CORRECTO_SIN_FUENTE,Diccionario no trae valor usable.
I162S2C24J1V1,33,AREA_INGE_INDUSTRIA_CONSTRUC,REVISAR,,DICCIONARIO.AREA_INGE_INDUSTRIA_CONSTRUC,SIN_FUENTE,NULA,REVISAR_CORRECTO_SIN_FUENTE,Diccionario no trae valor usable.
I162S2C24J1V1,33,AREA_SALUD_BIENESTAR,REVISAR,,DICCIONARIO.AREA_SALUD_BIENESTAR,SIN_FUENTE,NULA,REVISAR_CORRECTO_SIN_FUENTE,Diccionario no trae valor usable.
I162S2C24J1V1,33,AREA_SERVICIOS,REVISAR,,DICCIONARIO.AREA_SERVICIOS,SIN_FUENTE,NULA,REVISAR_CORRECTO_SIN_FUENTE,Diccionario no trae valor usable.
I162S2C24J1V1,33,AREA_TECNO_INFO_COMUNICA,REVISAR,,DICCIONARIO.AREA_TECNO_INFO_COMUNICA,SIN_FUENTE,NULA,REVISAR_CORRECTO_SIN_FUENTE,Diccionario no trae valor usable.
I162S2C24J1V1,33,VACANTES_PRIMER_SEMESTRE,REVISAR,,DICCIONARIO.VACANTES_PRIMER_SEMESTRE,SIN_FUENTE,NULA,REVISAR_CORRECTO_SIN_FUENTE,Diccionario no trae valor usable.
I162S2C24J1V1,33,VACANTES_SEGUNDO_SEMESTRE,REVISAR,,DICCIONARIO.VACANTES_SEGUNDO_SEMESTRE,SIN_FUENTE,NULA,REVISAR_CORRECTO_SIN_FUENTE,Diccionario no trae valor usable.
I162S2C24J1V1,33,FECHA_ADMISION_INICIAL,REVISAR,,SIN_FUENTE_ARANCELARIA_EN_BASES_ACTUALES,SIN_FUENTE,NULA,REVISAR_CORRECTO_SIN_FUENTE,SIN_FUENTE_ARANCELARIA_EN_BASES_ACTUALES
I162S2C24J1V1,33,MALLA_CURRICULAR,REVISAR,,SIN_FUENTE_ARANCELARIA_EN_BASES_ACTUALES,SIN_FUENTE,NULA,REVISAR_CORRECTO_SIN_FUENTE,SIN_FUENTE_ARANCELARIA_EN_BASES_ACTUALES
I162S2C24J1V1,33,PERFIL_EGRESO,REVISAR,,SIN_FUENTE_ARANCELARIA_EN_BASES_ACTUALES,SIN_FUENTE,NULA,REVISAR_CORRECTO_SIN_FUENTE,SIN_FUENTE_ARANCELARIA_EN_BASES_ACTUALES
I162S2C24J1V1,33,TEXTO_REQUISITO_INGRESO,REVISAR,,SIN_FUENTE_EXPLICITA_EN_BASES_ACTUALES,SIN_FUENTE,NULA,REVISAR_CORRECTO_SIN_FUENTE,SIN_FUENTE_EXPLICITA_EN_BASES_ACTUALES
I162S2C24J1V1,33,LICENCIA_ENS_MEDIA,REVISAR,,SIN_FUENTE_EXPLICITA_EN_BASES_ACTUALES,SIN_FUENTE,NULA,REVISAR_CORRECTO_SIN_FUENTE,SIN_FUENTE_EXPLICITA_EN_BASES_ACTUALES
I162S2C24J1V1,33,NOTAS_ENS_MEDIA,REVISAR,,SIN_FUENTE_EXPLICITA_EN_BASES_ACTUALES,SIN_FUENTE,NULA,REVISAR_CORRECTO_SIN_FUENTE,SIN_FUENTE_EXPLICITA_EN_BASES_ACTUALES
I162S2C24J1V1,33,PROMEDIO_MIN_ENS_MEDIA,REVISAR,,SIN_FUENTE_EXPLICITA_EN_BASES_ACTUALES,SIN_FUENTE,NULA,REVISAR_CORRECTO_SIN_FUENTE,SIN_FUENTE_EXPLICITA_EN_BASES_ACTUALES
I162S2C24J1V1,33,RECONOCIMIENTOS_APREN_PREVIOS,REVISAR,,SIN_FUENTE_EXPLICITA_EN_BASES_ACTUALES,SIN_FUENTE,NULA,REVISAR_CORRECTO_SIN_FUENTE,SIN_FUENTE_EXPLICITA_EN_BASES_ACTUALES
I162S2C24J1V1,33,EXPERIENCIA_LABORAL,REVISAR,,SIN_FUENTE_EXPLICITA_EN_BASES_ACTUALES,SIN_FUENTE,NULA,REVISAR_CORRECTO_SIN_FUENTE,SIN_FUENTE_EXPLICITA_EN_BASES_ACTUALES
I162S2C24J1V1,33,OTROS_REQUISITOS,REVISAR,,SIN_FUENTE_EXPLICITA_EN_BASES_ACTUALES,SIN_FUENTE,NULA,REVISAR_CORRECTO_SIN_FUENTE,SIN_FUENTE_EXPLICITA_EN_BASES_ACTUALES
I162S2C24J1V1,33,MAIL_DIFUSION_CARRERA,REVISAR,,SIN_FUENTE_ARANCELARIA_EN_BASES_ACTUALES,SIN_FUENTE,NULA,REVISAR_CORRECTO_SIN_FUENTE,SIN_FUENTE_ARANCELARIA_EN_BASES_ACTUALES
I162S2C24J1V1,33,FORMATO_VALOR,REVISAR,,SIN_FUENTE_ARANCELARIA_EN_BASES_ACTUALES,SIN_FUENTE,NULA,REVISAR_CORRECTO_SIN_FUENTE,SIN_FUENTE_ARANCELARIA_EN_BASES_ACTUALES
I162S2C24J1V1,33,VALOR_MATRICULA_ANUAL,REVISAR,,SIN_FUENTE_ARANCELARIA_EN_BASES_ACTUALES,SIN_FUENTE,NULA,REVISAR_CORRECTO_SIN_FUENTE,SIN_FUENTE_ARANCELARIA_EN_BASES_ACTUALES
I162S2C24J1V1,33,COSTO_TITULACION,REVISAR,,SIN_FUENTE_ARANCELARIA_EN_BASES_ACTUALES,SIN_FUENTE,NULA,REVISAR_CORRECTO_SIN_FUENTE,SIN_FUENTE_ARANCELARIA_EN_BASES_ACTUALES
I162S2C24J1V1,33,VALOR_CERTIFICADO_DIPLOMA,REVISAR,,SIN_FUENTE_ARANCELARIA_EN_BASES_ACTUALES,SIN_FUENTE,NULA,REVISAR_CORRECTO_SIN_FUENTE,SIN_FUENTE_ARANCELARIA_EN_BASES_ACTUALES
I162S2C24J1V1,33,ARANCEL_ANUAL,REVISAR,,SIN_FUENTE_ARANCELARIA_EN_BASES_ACTUALES,SIN_FUENTE,NULA,REVISAR_CORRECTO_SIN_FUENTE,SIN_FUENTE_ARANCELARIA_EN_BASES_ACTUALES
I162S2C24J1V1,33,VIGENCIA_CARRERA,REVISAR,,SIN_FUENTE_EXPLICITA_EN_BASES_ACTUALES,SIN_FUENTE,NULA,REVISAR_CORRECTO_SIN_FUENTE,SIN_FUENTE_EXPLICITA_EN_BASES_ACTUALES
I162S2C24J2V1,34,Mención o Especialidad,REVISAR,,SIN_FUENTE_EXPLICITA_EN_BASES_ACTUALES,SIN_FUENTE,NULA,REVISAR_CORRECTO_SIN_FUENTE,SIN_FUENTE_EXPLICITA_EN_BASES_ACTUALES
I162S2C24J2V1,34,Año de inicio de Actividades,REVISAR,,DICCIONARIO.ANIO_INICIO,SIN_FUENTE,NULA,REVISAR_CORRECTO_SIN_FUENTE,Diccionario no trae valor usable para este campo.
I162S2C24J2V1,34,Área del Conocimiento,REVISAR,,DICCIONARIO.AREA_ACTUAL,SIN_FUENTE,NULA,REVISAR_CORRECTO_SIN_FUENTE,Diccionario no trae valor usable para este campo.
I162S2C24J2V1,34,Sub Área,REVISAR,,SIN_TABLA_OFICIAL_DE_EQUIVALENCIA_AREA,SIN_FUENTE,NULA,REVISAR_CORRECTO_SIN_FUENTE,SIN_TABLA_OFICIAL_DE_EQUIVALENCIA_AREA
I162S2C24J2V1,34,Carrera Genérica,REVISAR,,SIN_TABLA_OFICIAL_DE_EQUIVALENCIA_AREA,SIN_FUENTE,NULA,REVISAR_CORRECTO_SIN_FUENTE,SIN_TABLA_OFICIAL_DE_EQUIVALENCIA_AREA
I162S2C24J2V1,34,Título que otorga el programa,REVISAR,,DICCIONARIO.NOMBRE_TITULO,SIN_FUENTE,NULA,REVISAR_CORRECTO_SIN_FUENTE,Diccionario no trae valor usable para este campo.
I162S2C24J2V1,34,Grado Académico que otorga el programa,REVISAR,,SIN_FUENTE_EXPLICITA_EN_BASES_ACTUALES,SIN_FUENTE,NULA,REVISAR_CORRECTO_SIN_FUENTE,SIN_FUENTE_EXPLICITA_EN_BASES_ACTUALES
I162S2C24J2V1,34,Dependencia,REVISAR,,SIN_FUENTE_EXPLICITA_EN_BASES_ACTUALES,SIN_FUENTE,NULA,REVISAR_CORRECTO_SIN_FUENTE,SIN_FUENTE_EXPLICITA_EN_BASES_ACTUALES
I162S2C24J2V1,34,Régimen,REVISAR,,DICCIONARIO.REGIMEN,SIN_FUENTE,NULA,REVISAR_CORRECTO_SIN_FUENTE,Diccionario no trae valor usable para este campo.
I162S2C24J2V1,34,Ingreso Directo,REVISAR,,DICCIONARIO.REQUISITO_INGRESO,SIN_FUENTE,NULA,REVISAR_CORRECTO_SIN_FUENTE,Diccionario no trae valor usable para este campo.
I162S2C24J2V1,34,Ingreso desde un plan Común,REVISAR,,SIN_FUENTE_EXPLICITA_EN_BASES_ACTUALES,SIN_FUENTE,NULA,REVISAR_CORRECTO_SIN_FUENTE,SIN_FUENTE_EXPLICITA_EN_BASES_ACTUALES
I162S2C24J2V1,34,Ingreso desde Bachillerato,REVISAR,,SIN_FUENTE_EXPLICITA_EN_BASES_ACTUALES,SIN_FUENTE,NULA,REVISAR_CORRECTO_SIN_FUENTE,SIN_FUENTE_EXPLICITA_EN_BASES_ACTUALES
I162S2C24J2V1,34,Otro Tipo de Ingreso,REVISAR,,SIN_FUENTE_EXPLICITA_EN_BASES_ACTUALES,SIN_FUENTE,NULA,REVISAR_CORRECTO_SIN_FUENTE,SIN_FUENTE_EXPLICITA_EN_BASES_ACTUALES
I162S2C24J2V1,34,Ingreso otro,REVISAR,,SIN_FUENTE_EXPLICITA_EN_BASES_ACTUALES,SIN_FUENTE,NULA,REVISAR_CORRECTO_SIN_FUENTE,SIN_FUENTE_EXPLICITA_EN_BASES_ACTUALES
I162S2C24J2V1,34,ANIO_INICIO,REVISAR,,DICCIONARIO.ANIO_INICIO,SIN_FUENTE,NULA,REVISAR_CORRECTO_SIN_FUENTE,Diccionario no trae valor usable.
I162S2C24J2V1,34,REGIMEN,REVISAR,,DICCIONARIO.REGIMEN,SIN_FUENTE,NULA,REVISAR_CORRECTO_SIN_FUENTE,Diccionario no trae valor usable.
I162S2C24J2V1,34,DURACION_REGIMEN,REVISAR,,DICCIONARIO.DURACION_REGIMEN,SIN_FUENTE,NULA,REVISAR_CORRECTO_SIN_FUENTE,Diccionario no trae valor usable.
I162S2C24J2V1,34,NOMBRE_TITULO,REVISAR,,DICCIONARIO.NOMBRE_TITULO,SIN_FUENTE,NULA,REVISAR_CORRECTO_SIN_FUENTE,Diccionario no trae valor usable.
I162S2C24J2V1,34,ACREDITACION,REVISAR,,DICCIONARIO.ACREDITACION,SIN_FUENTE,NULA,REVISAR_CORRECTO_SIN_FUENTE,Diccionario no trae valor usable.
I162S2C24J2V1,34,REQUISITO_INGRESO,REVISAR,,DICCIONARIO.REQUISITO_INGRESO,SIN_FUENTE,NULA,REVISAR_CORRECTO_SIN_FUENTE,Diccionario no trae valor usable.
I162S2C24J2V1,34,SEMESTRES_RECONOCIDOS,REVISAR,,DICCIONARIO.SEMESTRES_RECONOCIDOS,SIN_FUENTE,NULA,REVISAR_CORRECTO_SIN_FUENTE,Diccionario no trae valor usable.
I162S2C24J2V1,34,AREA_ACTUAL,REVISAR,,DICCIONARIO.AREA_ACTUAL,SIN_FUENTE,NULA,REVISAR_CORRECTO_SIN_FUENTE,Diccionario no trae valor usable.
I162S2C24J2V1,34,AREA_ADMIN_DERECHO,REVISAR,,DICCIONARIO.AREA_ADMIN_DERECHO,SIN_FUENTE,NULA,REVISAR_CORRECTO_SIN_FUENTE,Diccionario no trae valor usable.
I162S2C24J2V1,34,AREA_AGRI_SILVI_PESCA_VET,REVISAR,,DICCIONARIO.AREA_AGRI_SILVI_PESCA_VET,SIN_FUENTE,NULA,REVISAR_CORRECTO_SIN_FUENTE,Diccionario no trae valor usable.
I162S2C24J2V1,34,AREA_ARTES_HUMANIDADES,REVISAR,,DICCIONARIO.AREA_ARTES_HUMANIDADES,SIN_FUENTE,NULA,REVISAR_CORRECTO_SIN_FUENTE,Diccionario no trae valor usable.
I162S2C24J2V1,34,AREA_CIENCIAS_NAT_MAT_ESTAD,REVISAR,,DICCIONARIO.AREA_CIENCIAS_NAT_MAT_ESTAD,SIN_FUENTE,NULA,REVISAR_CORRECTO_SIN_FUENTE,Diccionario no trae valor usable.
I162S2C24J2V1,34,AREA_CS_SOCIAL_PERIODISMO_INFO,REVISAR,,DICCIONARIO.AREA_CS_SOCIAL_PERIODISMO_INFO,SIN_FUENTE,NULA,REVISAR_CORRECTO_SIN_FUENTE,Diccionario no trae valor usable.
I162S2C24J2V1,34,AREA_EDUCACION,REVISAR,,DICCIONARIO.AREA_EDUCACION,SIN_FUENTE,NULA,REVISAR_CORRECTO_SIN_FUENTE,Diccionario no trae valor usable.
I162S2C24J2V1,34,AREA_INGE_INDUSTRIA_CONSTRUC,REVISAR,,DICCIONARIO.AREA_INGE_INDUSTRIA_CONSTRUC,SIN_FUENTE,NULA,REVISAR_CORRECTO_SIN_FUENTE,Diccionario no trae valor usable.
I162S2C24J2V1,34,AREA_SALUD_BIENESTAR,REVISAR,,DICCIONARIO.AREA_SALUD_BIENESTAR,SIN_FUENTE,NULA,REVISAR_CORRECTO_SIN_FUENTE,Diccionario no trae valor usable.
I162S2C24J2V1,34,AREA_SERVICIOS,REVISAR,,DICCIONARIO.AREA_SERVICIOS,SIN_FUENTE,NULA,REVISAR_CORRECTO_SIN_FUENTE,Diccionario no trae valor usable.
I162S2C24J2V1,34,AREA_TECNO_INFO_COMUNICA,REVISAR,,DICCIONARIO.AREA_TECNO_INFO_COMUNICA,SIN_FUENTE,NULA,REVISAR_CORRECTO_SIN_FUENTE,Diccionario no trae valor usable.
I162S2C24J2V1,34,VACANTES_PRIMER_SEMESTRE,REVISAR,,DICCIONARIO.VACANTES_PRIMER_SEMESTRE,SIN_FUENTE,NULA,REVISAR_CORRECTO_SIN_FUENTE,Diccionario no trae valor usable.
I162S2C24J2V1,34,VACANTES_SEGUNDO_SEMESTRE,REVISAR,,DICCIONARIO.VACANTES_SEGUNDO_SEMESTRE,SIN_FUENTE,NULA,REVISAR_CORRECTO_SIN_FUENTE,Diccionario no trae valor usable.
I162S2C24J2V1,34,FECHA_ADMISION_INICIAL,REVISAR,,SIN_FUENTE_ARANCELARIA_EN_BASES_ACTUALES,SIN_FUENTE,NULA,REVISAR_CORRECTO_SIN_FUENTE,SIN_FUENTE_ARANCELARIA_EN_BASES_ACTUALES
I162S2C24J2V1,34,MALLA_CURRICULAR,REVISAR,,SIN_FUENTE_ARANCELARIA_EN_BASES_ACTUALES,SIN_FUENTE,NULA,REVISAR_CORRECTO_SIN_FUENTE,SIN_FUENTE_ARANCELARIA_EN_BASES_ACTUALES
I162S2C24J2V1,34,PERFIL_EGRESO,REVISAR,,SIN_FUENTE_ARANCELARIA_EN_BASES_ACTUALES,SIN_FUENTE,NULA,REVISAR_CORRECTO_SIN_FUENTE,SIN_FUENTE_ARANCELARIA_EN_BASES_ACTUALES
I162S2C24J2V1,34,TEXTO_REQUISITO_INGRESO,REVISAR,,SIN_FUENTE_EXPLICITA_EN_BASES_ACTUALES,SIN_FUENTE,NULA,REVISAR_CORRECTO_SIN_FUENTE,SIN_FUENTE_EXPLICITA_EN_BASES_ACTUALES
I162S2C24J2V1,34,LICENCIA_ENS_MEDIA,REVISAR,,SIN_FUENTE_EXPLICITA_EN_BASES_ACTUALES,SIN_FUENTE,NULA,REVISAR_CORRECTO_SIN_FUENTE,SIN_FUENTE_EXPLICITA_EN_BASES_ACTUALES
I162S2C24J2V1,34,NOTAS_ENS_MEDIA,REVISAR,,SIN_FUENTE_EXPLICITA_EN_BASES_ACTUALES,SIN_FUENTE,NULA,REVISAR_CORRECTO_SIN_FUENTE,SIN_FUENTE_EXPLICITA_EN_BASES_ACTUALES
I162S2C24J2V1,34,PROMEDIO_MIN_ENS_MEDIA,REVISAR,,SIN_FUENTE_EXPLICITA_EN_BASES_ACTUALES,SIN_FUENTE,NULA,REVISAR_CORRECTO_SIN_FUENTE,SIN_FUENTE_EXPLICITA_EN_BASES_ACTUALES
I162S2C24J2V1,34,RECONOCIMIENTOS_APREN_PREVIOS,REVISAR,,SIN_FUENTE_EXPLICITA_EN_BASES_ACTUALES,SIN_FUENTE,NULA,REVISAR_CORRECTO_SIN_FUENTE,SIN_FUENTE_EXPLICITA_EN_BASES_ACTUALES
I162S2C24J2V1,34,EXPERIENCIA_LABORAL,REVISAR,,SIN_FUENTE_EXPLICITA_EN_BASES_ACTUALES,SIN_FUENTE,NULA,REVISAR_CORRECTO_SIN_FUENTE,SIN_FUENTE_EXPLICITA_EN_BASES_ACTUALES
I162S2C24J2V1,34,OTROS_REQUISITOS,REVISAR,,SIN_FUENTE_EXPLICITA_EN_BASES_ACTUALES,SIN_FUENTE,NULA,REVISAR_CORRECTO_SIN_FUENTE,SIN_FUENTE_EXPLICITA_EN_BASES_ACTUALES
I162S2C24J2V1,34,MAIL_DIFUSION_CARRERA,REVISAR,,SIN_FUENTE_ARANCELARIA_EN_BASES_ACTUALES,SIN_FUENTE,NULA,REVISAR_CORRECTO_SIN_FUENTE,SIN_FUENTE_ARANCELARIA_EN_BASES_ACTUALES
I162S2C24J2V1,34,FORMATO_VALOR,REVISAR,,SIN_FUENTE_ARANCELARIA_EN_BASES_ACTUALES,SIN_FUENTE,NULA,REVISAR_CORRECTO_SIN_FUENTE,SIN_FUENTE_ARANCELARIA_EN_BASES_ACTUALES
I162S2C24J2V1,34,VALOR_MATRICULA_ANUAL,REVISAR,,SIN_FUENTE_ARANCELARIA_EN_BASES_ACTUALES,SIN_FUENTE,NULA,REVISAR_CORRECTO_SIN_FUENTE,SIN_FUENTE_ARANCELARIA_EN_BASES_ACTUALES
I162S2C24J2V1,34,COSTO_TITULACION,REVISAR,,SIN_FUENTE_ARANCELARIA_EN_BASES_ACTUALES,SIN_FUENTE,NULA,REVISAR_CORRECTO_SIN_FUENTE,SIN_FUENTE_ARANCELARIA_EN_BASES_ACTUALES
I162S2C24J2V1,34,VALOR_CERTIFICADO_DIPLOMA,REVISAR,,SIN_FUENTE_ARANCELARIA_EN_BASES_ACTUALES,SIN_FUENTE,NULA,REVISAR_CORRECTO_SIN_FUENTE,SIN_FUENTE_ARANCELARIA_EN_BASES_ACTUALES
I162S2C24J2V1,34,ARANCEL_ANUAL,REVISAR,,SIN_FUENTE_ARANCELARIA_EN_BASES_ACTUALES,SIN_FUENTE,NULA,REVISAR_CORRECTO_SIN_FUENTE,SIN_FUENTE_ARANCELARIA_EN_BASES_ACTUALES
I162S2C24J2V1,34,VIGENCIA_CARRERA,REVISAR,,SIN_FUENTE_EXPLICITA_EN_BASES_ACTUALES,SIN_FUENTE,NULA,REVISAR_CORRECTO_SIN_FUENTE,SIN_FUENTE_EXPLICITA_EN_BASES_ACTUALES
I162S2C2J1V2,35,Mención o Especialidad,REVISAR,,SIN_FUENTE_EXPLICITA_EN_BASES_ACTUALES,SIN_FUENTE,NULA,REVISAR_CORRECTO_SIN_FUENTE,SIN_FUENTE_EXPLICITA_EN_BASES_ACTUALES
I162S2C2J1V2,35,Área del Conocimiento,REVISAR,10,DICCIONARIO.AREA_ACTUAL,REGLA_CONDICIONAL,MEDIA,COMPLETABLE_POR_REGLA_CONDICIONAL,Existe código técnico; falta confirmar formato/etiqueta final aceptada por formulario.
I162S2C2J1V2,35,Sub Área,REVISAR,,SIN_TABLA_OFICIAL_DE_EQUIVALENCIA_AREA,SIN_FUENTE,NULA,REVISAR_CORRECTO_SIN_FUENTE,SIN_TABLA_OFICIAL_DE_EQUIVALENCIA_AREA
I162S2C2J1V2,35,Carrera Genérica,REVISAR,,SIN_TABLA_OFICIAL_DE_EQUIVALENCIA_AREA,SIN_FUENTE,NULA,REVISAR_CORRECTO_SIN_FUENTE,SIN_TABLA_OFICIAL_DE_EQUIVALENCIA_AREA
I162S2C2J1V2,35,Grado Académico que otorga el programa,REVISAR,,SIN_FUENTE_EXPLICITA_EN_BASES_ACTUALES,SIN_FUENTE,NULA,REVISAR_CORRECTO_SIN_FUENTE,SIN_FUENTE_EXPLICITA_EN_BASES_ACTUALES
I162S2C2J1V2,35,Dependencia,REVISAR,,SIN_FUENTE_EXPLICITA_EN_BASES_ACTUALES,SIN_FUENTE,NULA,REVISAR_CORRECTO_SIN_FUENTE,SIN_FUENTE_EXPLICITA_EN_BASES_ACTUALES
I162S2C2J1V2,35,Régimen,REVISAR,1,DICCIONARIO.REGIMEN,REGLA_CONDICIONAL,MEDIA,COMPLETABLE_POR_REGLA_CONDICIONAL,Existe código técnico; falta confirmar formato/etiqueta final aceptada por formulario.
I162S2C2J1V2,35,Ingreso Directo,REVISAR,1,DICCIONARIO.REQUISITO_INGRESO,REGLA_CONDICIONAL,MEDIA,COMPLETABLE_POR_REGLA_CONDICIONAL,Existe código técnico; falta confirmar formato/etiqueta final aceptada por formulario.
I162S2C2J1V2,35,Ingreso desde un plan Común,REVISAR,,SIN_FUENTE_EXPLICITA_EN_BASES_ACTUALES,SIN_FUENTE,NULA,REVISAR_CORRECTO_SIN_FUENTE,SIN_FUENTE_EXPLICITA_EN_BASES_ACTUALES
I162S2C2J1V2,35,Ingreso desde Bachillerato,REVISAR,,SIN_FUENTE_EXPLICITA_EN_BASES_ACTUALES,SIN_FUENTE,NULA,REVISAR_CORRECTO_SIN_FUENTE,SIN_FUENTE_EXPLICITA_EN_BASES_ACTUALES
I162S2C2J1V2,35,Otro Tipo de Ingreso,REVISAR,,SIN_FUENTE_EXPLICITA_EN_BASES_ACTUALES,SIN_FUENTE,NULA,REVISAR_CORRECTO_SIN_FUENTE,SIN_FUENTE_EXPLICITA_EN_BASES_ACTUALES
I162S2C2J1V2,35,Ingreso otro,REVISAR,,SIN_FUENTE_EXPLICITA_EN_BASES_ACTUALES,SIN_FUENTE,NULA,REVISAR_CORRECTO_SIN_FUENTE,SIN_FUENTE_EXPLICITA_EN_BASES_ACTUALES
I162S2C2J1V2,35,FECHA_ADMISION_INICIAL,REVISAR,,SIN_FUENTE_ARANCELARIA_EN_BASES_ACTUALES,SIN_FUENTE,NULA,REVISAR_CORRECTO_SIN_FUENTE,SIN_FUENTE_ARANCELARIA_EN_BASES_ACTUALES
I162S2C2J1V2,35,MALLA_CURRICULAR,REVISAR,,SIN_FUENTE_ARANCELARIA_EN_BASES_ACTUALES,SIN_FUENTE,NULA,REVISAR_CORRECTO_SIN_FUENTE,SIN_FUENTE_ARANCELARIA_EN_BASES_ACTUALES
I162S2C2J1V2,35,PERFIL_EGRESO,REVISAR,,SIN_FUENTE_ARANCELARIA_EN_BASES_ACTUALES,SIN_FUENTE,NULA,REVISAR_CORRECTO_SIN_FUENTE,SIN_FUENTE_ARANCELARIA_EN_BASES_ACTUALES
I162S2C2J1V2,35,TEXTO_REQUISITO_INGRESO,REVISAR,,SIN_FUENTE_EXPLICITA_EN_BASES_ACTUALES,SIN_FUENTE,NULA,REVISAR_CORRECTO_SIN_FUENTE,SIN_FUENTE_EXPLICITA_EN_BASES_ACTUALES
I162S2C2J1V2,35,LICENCIA_ENS_MEDIA,REVISAR,,SIN_FUENTE_EXPLICITA_EN_BASES_ACTUALES,SIN_FUENTE,NULA,REVISAR_CORRECTO_SIN_FUENTE,SIN_FUENTE_EXPLICITA_EN_BASES_ACTUALES
I162S2C2J1V2,35,NOTAS_ENS_MEDIA,REVISAR,,SIN_FUENTE_EXPLICITA_EN_BASES_ACTUALES,SIN_FUENTE,NULA,REVISAR_CORRECTO_SIN_FUENTE,SIN_FUENTE_EXPLICITA_EN_BASES_ACTUALES
I162S2C2J1V2,35,PROMEDIO_MIN_ENS_MEDIA,REVISAR,,SIN_FUENTE_EXPLICITA_EN_BASES_ACTUALES,SIN_FUENTE,NULA,REVISAR_CORRECTO_SIN_FUENTE,SIN_FUENTE_EXPLICITA_EN_BASES_ACTUALES
I162S2C2J1V2,35,RECONOCIMIENTOS_APREN_PREVIOS,REVISAR,,SIN_FUENTE_EXPLICITA_EN_BASES_ACTUALES,SIN_FUENTE,NULA,REVISAR_CORRECTO_SIN_FUENTE,SIN_FUENTE_EXPLICITA_EN_BASES_ACTUALES
I162S2C2J1V2,35,EXPERIENCIA_LABORAL,REVISAR,,SIN_FUENTE_EXPLICITA_EN_BASES_ACTUALES,SIN_FUENTE,NULA,REVISAR_CORRECTO_SIN_FUENTE,SIN_FUENTE_EXPLICITA_EN_BASES_ACTUALES
I162S2C2J1V2,35,OTROS_REQUISITOS,REVISAR,,SIN_FUENTE_EXPLICITA_EN_BASES_ACTUALES,SIN_FUENTE,NULA,REVISAR_CORRECTO_SIN_FUENTE,SIN_FUENTE_EXPLICITA_EN_BASES_ACTUALES
I162S2C2J1V2,35,MAIL_DIFUSION_CARRERA,REVISAR,,SIN_FUENTE_ARANCELARIA_EN_BASES_ACTUALES,SIN_FUENTE,NULA,REVISAR_CORRECTO_SIN_FUENTE,SIN_FUENTE_ARANCELARIA_EN_BASES_ACTUALES
I162S2C2J1V2,35,FORMATO_VALOR,REVISAR,,SIN_FUENTE_ARANCELARIA_EN_BASES_ACTUALES,SIN_FUENTE,NULA,REVISAR_CORRECTO_SIN_FUENTE,SIN_FUENTE_ARANCELARIA_EN_BASES_ACTUALES
I162S2C2J1V2,35,VALOR_MATRICULA_ANUAL,REVISAR,,SIN_FUENTE_ARANCELARIA_EN_BASES_ACTUALES,SIN_FUENTE,NULA,REVISAR_CORRECTO_SIN_FUENTE,SIN_FUENTE_ARANCELARIA_EN_BASES_ACTUALES
I162S2C2J1V2,35,COSTO_TITULACION,REVISAR,,SIN_FUENTE_ARANCELARIA_EN_BASES_ACTUALES,SIN_FUENTE,NULA,REVISAR_CORRECTO_SIN_FUENTE,SIN_FUENTE_ARANCELARIA_EN_BASES_ACTUALES
I162S2C2J1V2,35,VALOR_CERTIFICADO_DIPLOMA,REVISAR,,SIN_FUENTE_ARANCELARIA_EN_BASES_ACTUALES,SIN_FUENTE,NULA,REVISAR_CORRECTO_SIN_FUENTE,SIN_FUENTE_ARANCELARIA_EN_BASES_ACTUALES
I162S2C2J1V2,35,ARANCEL_ANUAL,REVISAR,,SIN_FUENTE_ARANCELARIA_EN_BASES_ACTUALES,SIN_FUENTE,NULA,REVISAR_CORRECTO_SIN_FUENTE,SIN_FUENTE_ARANCELARIA_EN_BASES_ACTUALES
I162S2C2J1V2,35,VIGENCIA_CARRERA,REVISAR,,SIN_FUENTE_EXPLICITA_EN_BASES_ACTUALES,SIN_FUENTE,NULA,REVISAR_CORRECTO_SIN_FUENTE,SIN_FUENTE_EXPLICITA_EN_BASES_ACTUALES
I162S2C2J2V2,36,Mención o Especialidad,REVISAR,,SIN_FUENTE_EXPLICITA_EN_BASES_ACTUALES,SIN_FUENTE,NULA,REVISAR_CORRECTO_SIN_FUENTE,SIN_FUENTE_EXPLICITA_EN_BASES_ACTUALES
I162S2C2J2V2,36,Área del Conocimiento,REVISAR,10,DICCIONARIO.AREA_ACTUAL,REGLA_CONDICIONAL,MEDIA,COMPLETABLE_POR_REGLA_CONDICIONAL,Existe código técnico; falta confirmar formato/etiqueta final aceptada por formulario.
I162S2C2J2V2,36,Sub Área,REVISAR,,SIN_TABLA_OFICIAL_DE_EQUIVALENCIA_AREA,SIN_FUENTE,NULA,REVISAR_CORRECTO_SIN_FUENTE,SIN_TABLA_OFICIAL_DE_EQUIVALENCIA_AREA
I162S2C2J2V2,36,Carrera Genérica,REVISAR,,SIN_TABLA_OFICIAL_DE_EQUIVALENCIA_AREA,SIN_FUENTE,NULA,REVISAR_CORRECTO_SIN_FUENTE,SIN_TABLA_OFICIAL_DE_EQUIVALENCIA_AREA
I162S2C2J2V2,36,Grado Académico que otorga el programa,REVISAR,,SIN_FUENTE_EXPLICITA_EN_BASES_ACTUALES,SIN_FUENTE,NULA,REVISAR_CORRECTO_SIN_FUENTE,SIN_FUENTE_EXPLICITA_EN_BASES_ACTUALES
I162S2C2J2V2,36,Dependencia,REVISAR,,SIN_FUENTE_EXPLICITA_EN_BASES_ACTUALES,SIN_FUENTE,NULA,REVISAR_CORRECTO_SIN_FUENTE,SIN_FUENTE_EXPLICITA_EN_BASES_ACTUALES
I162S2C2J2V2,36,Régimen,REVISAR,1,DICCIONARIO.REGIMEN,REGLA_CONDICIONAL,MEDIA,COMPLETABLE_POR_REGLA_CONDICIONAL,Existe código técnico; falta confirmar formato/etiqueta final aceptada por formulario.
I162S2C2J2V2,36,Ingreso Directo,REVISAR,1,DICCIONARIO.REQUISITO_INGRESO,REGLA_CONDICIONAL,MEDIA,COMPLETABLE_POR_REGLA_CONDICIONAL,Existe código técnico; falta confirmar formato/etiqueta final aceptada por formulario.
I162S2C2J2V2,36,Ingreso desde un plan Común,REVISAR,,SIN_FUENTE_EXPLICITA_EN_BASES_ACTUALES,SIN_FUENTE,NULA,REVISAR_CORRECTO_SIN_FUENTE,SIN_FUENTE_EXPLICITA_EN_BASES_ACTUALES
I162S2C2J2V2,36,Ingreso desde Bachillerato,REVISAR,,SIN_FUENTE_EXPLICITA_EN_BASES_ACTUALES,SIN_FUENTE,NULA,REVISAR_CORRECTO_SIN_FUENTE,SIN_FUENTE_EXPLICITA_EN_BASES_ACTUALES
I162S2C2J2V2,36,Otro Tipo de Ingreso,REVISAR,,SIN_FUENTE_EXPLICITA_EN_BASES_ACTUALES,SIN_FUENTE,NULA,REVISAR_CORRECTO_SIN_FUENTE,SIN_FUENTE_EXPLICITA_EN_BASES_ACTUALES
I162S2C2J2V2,36,Ingreso otro,REVISAR,,SIN_FUENTE_EXPLICITA_EN_BASES_ACTUALES,SIN_FUENTE,NULA,REVISAR_CORRECTO_SIN_FUENTE,SIN_FUENTE_EXPLICITA_EN_BASES_ACTUALES
I162S2C2J2V2,36,FECHA_ADMISION_INICIAL,REVISAR,,SIN_FUENTE_ARANCELARIA_EN_BASES_ACTUALES,SIN_FUENTE,NULA,REVISAR_CORRECTO_SIN_FUENTE,SIN_FUENTE_ARANCELARIA_EN_BASES_ACTUALES
I162S2C2J2V2,36,MALLA_CURRICULAR,REVISAR,,SIN_FUENTE_ARANCELARIA_EN_BASES_ACTUALES,SIN_FUENTE,NULA,REVISAR_CORRECTO_SIN_FUENTE,SIN_FUENTE_ARANCELARIA_EN_BASES_ACTUALES
I162S2C2J2V2,36,PERFIL_EGRESO,REVISAR,,SIN_FUENTE_ARANCELARIA_EN_BASES_ACTUALES,SIN_FUENTE,NULA,REVISAR_CORRECTO_SIN_FUENTE,SIN_FUENTE_ARANCELARIA_EN_BASES_ACTUALES
I162S2C2J2V2,36,TEXTO_REQUISITO_INGRESO,REVISAR,,SIN_FUENTE_EXPLICITA_EN_BASES_ACTUALES,SIN_FUENTE,NULA,REVISAR_CORRECTO_SIN_FUENTE,SIN_FUENTE_EXPLICITA_EN_BASES_ACTUALES
I162S2C2J2V2,36,LICENCIA_ENS_MEDIA,REVISAR,,SIN_FUENTE_EXPLICITA_EN_BASES_ACTUALES,SIN_FUENTE,NULA,REVISAR_CORRECTO_SIN_FUENTE,SIN_FUENTE_EXPLICITA_EN_BASES_ACTUALES
I162S2C2J2V2,36,NOTAS_ENS_MEDIA,REVISAR,,SIN_FUENTE_EXPLICITA_EN_BASES_ACTUALES,SIN_FUENTE,NULA,REVISAR_CORRECTO_SIN_FUENTE,SIN_FUENTE_EXPLICITA_EN_BASES_ACTUALES
I162S2C2J2V2,36,PROMEDIO_MIN_ENS_MEDIA,REVISAR,,SIN_FUENTE_EXPLICITA_EN_BASES_ACTUALES,SIN_FUENTE,NULA,REVISAR_CORRECTO_SIN_FUENTE,SIN_FUENTE_EXPLICITA_EN_BASES_ACTUALES
I162S2C2J2V2,36,RECONOCIMIENTOS_APREN_PREVIOS,REVISAR,,SIN_FUENTE_EXPLICITA_EN_BASES_ACTUALES,SIN_FUENTE,NULA,REVISAR_CORRECTO_SIN_FUENTE,SIN_FUENTE_EXPLICITA_EN_BASES_ACTUALES
I162S2C2J2V2,36,EXPERIENCIA_LABORAL,REVISAR,,SIN_FUENTE_EXPLICITA_EN_BASES_ACTUALES,SIN_FUENTE,NULA,REVISAR_CORRECTO_SIN_FUENTE,SIN_FUENTE_EXPLICITA_EN_BASES_ACTUALES
I162S2C2J2V2,36,OTROS_REQUISITOS,REVISAR,,SIN_FUENTE_EXPLICITA_EN_BASES_ACTUALES,SIN_FUENTE,NULA,REVISAR_CORRECTO_SIN_FUENTE,SIN_FUENTE_EXPLICITA_EN_BASES_ACTUALES
I162S2C2J2V2,36,MAIL_DIFUSION_CARRERA,REVISAR,,SIN_FUENTE_ARANCELARIA_EN_BASES_ACTUALES,SIN_FUENTE,NULA,REVISAR_CORRECTO_SIN_FUENTE,SIN_FUENTE_ARANCELARIA_EN_BASES_ACTUALES
I162S2C2J2V2,36,FORMATO_VALOR,REVISAR,,SIN_FUENTE_ARANCELARIA_EN_BASES_ACTUALES,SIN_FUENTE,NULA,REVISAR_CORRECTO_SIN_FUENTE,SIN_FUENTE_ARANCELARIA_EN_BASES_ACTUALES
I162S2C2J2V2,36,VALOR_MATRICULA_ANUAL,REVISAR,,SIN_FUENTE_ARANCELARIA_EN_BASES_ACTUALES,SIN_FUENTE,NULA,REVISAR_CORRECTO_SIN_FUENTE,SIN_FUENTE_ARANCELARIA_EN_BASES_ACTUALES
I162S2C2J2V2,36,COSTO_TITULACION,REVISAR,,SIN_FUENTE_ARANCELARIA_EN_BASES_ACTUALES,SIN_FUENTE,NULA,REVISAR_CORRECTO_SIN_FUENTE,SIN_FUENTE_ARANCELARIA_EN_BASES_ACTUALES
I162S2C2J2V2,36,VALOR_CERTIFICADO_DIPLOMA,REVISAR,,SIN_FUENTE_ARANCELARIA_EN_BASES_ACTUALES,SIN_FUENTE,NULA,REVISAR_CORRECTO_SIN_FUENTE,SIN_FUENTE_ARANCELARIA_EN_BASES_ACTUALES
I162S2C2J2V2,36,ARANCEL_ANUAL,REVISAR,,SIN_FUENTE_ARANCELARIA_EN_BASES_ACTUALES,SIN_FUENTE,NULA,REVISAR_CORRECTO_SIN_FUENTE,SIN_FUENTE_ARANCELARIA_EN_BASES_ACTUALES
I162S2C2J2V2,36,VIGENCIA_CARRERA,REVISAR,,SIN_FUENTE_EXPLICITA_EN_BASES_ACTUALES,SIN_FUENTE,NULA,REVISAR_CORRECTO_SIN_FUENTE,SIN_FUENTE_EXPLICITA_EN_BASES_ACTUALES
I162S2C2J4V2,37,Mención o Especialidad,REVISAR,,SIN_FUENTE_EXPLICITA_EN_BASES_ACTUALES,SIN_FUENTE,NULA,REVISAR_CORRECTO_SIN_FUENTE,SIN_FUENTE_EXPLICITA_EN_BASES_ACTUALES
I162S2C2J4V2,37,Área del Conocimiento,REVISAR,10,DICCIONARIO.AREA_ACTUAL,REGLA_CONDICIONAL,MEDIA,COMPLETABLE_POR_REGLA_CONDICIONAL,Existe código técnico; falta confirmar formato/etiqueta final aceptada por formulario.
I162S2C2J4V2,37,Sub Área,REVISAR,,SIN_TABLA_OFICIAL_DE_EQUIVALENCIA_AREA,SIN_FUENTE,NULA,REVISAR_CORRECTO_SIN_FUENTE,SIN_TABLA_OFICIAL_DE_EQUIVALENCIA_AREA
I162S2C2J4V2,37,Carrera Genérica,REVISAR,,SIN_TABLA_OFICIAL_DE_EQUIVALENCIA_AREA,SIN_FUENTE,NULA,REVISAR_CORRECTO_SIN_FUENTE,SIN_TABLA_OFICIAL_DE_EQUIVALENCIA_AREA
I162S2C2J4V2,37,Grado Académico que otorga el programa,REVISAR,,SIN_FUENTE_EXPLICITA_EN_BASES_ACTUALES,SIN_FUENTE,NULA,REVISAR_CORRECTO_SIN_FUENTE,SIN_FUENTE_EXPLICITA_EN_BASES_ACTUALES
I162S2C2J4V2,37,Dependencia,REVISAR,,SIN_FUENTE_EXPLICITA_EN_BASES_ACTUALES,SIN_FUENTE,NULA,REVISAR_CORRECTO_SIN_FUENTE,SIN_FUENTE_EXPLICITA_EN_BASES_ACTUALES
I162S2C2J4V2,37,Régimen,REVISAR,1,DICCIONARIO.REGIMEN,REGLA_CONDICIONAL,MEDIA,COMPLETABLE_POR_REGLA_CONDICIONAL,Existe código técnico; falta confirmar formato/etiqueta final aceptada por formulario.
I162S2C2J4V2,37,Ingreso Directo,REVISAR,1,DICCIONARIO.REQUISITO_INGRESO,REGLA_CONDICIONAL,MEDIA,COMPLETABLE_POR_REGLA_CONDICIONAL,Existe código técnico; falta confirmar formato/etiqueta final aceptada por formulario.
I162S2C2J4V2,37,Ingreso desde un plan Común,REVISAR,,SIN_FUENTE_EXPLICITA_EN_BASES_ACTUALES,SIN_FUENTE,NULA,REVISAR_CORRECTO_SIN_FUENTE,SIN_FUENTE_EXPLICITA_EN_BASES_ACTUALES
I162S2C2J4V2,37,Ingreso desde Bachillerato,REVISAR,,SIN_FUENTE_EXPLICITA_EN_BASES_ACTUALES,SIN_FUENTE,NULA,REVISAR_CORRECTO_SIN_FUENTE,SIN_FUENTE_EXPLICITA_EN_BASES_ACTUALES
I162S2C2J4V2,37,Otro Tipo de Ingreso,REVISAR,,SIN_FUENTE_EXPLICITA_EN_BASES_ACTUALES,SIN_FUENTE,NULA,REVISAR_CORRECTO_SIN_FUENTE,SIN_FUENTE_EXPLICITA_EN_BASES_ACTUALES
I162S2C2J4V2,37,Ingreso otro,REVISAR,,SIN_FUENTE_EXPLICITA_EN_BASES_ACTUALES,SIN_FUENTE,NULA,REVISAR_CORRECTO_SIN_FUENTE,SIN_FUENTE_EXPLICITA_EN_BASES_ACTUALES
I162S2C2J4V2,37,FECHA_ADMISION_INICIAL,REVISAR,,SIN_FUENTE_ARANCELARIA_EN_BASES_ACTUALES,SIN_FUENTE,NULA,REVISAR_CORRECTO_SIN_FUENTE,SIN_FUENTE_ARANCELARIA_EN_BASES_ACTUALES
I162S2C2J4V2,37,MALLA_CURRICULAR,REVISAR,,SIN_FUENTE_ARANCELARIA_EN_BASES_ACTUALES,SIN_FUENTE,NULA,REVISAR_CORRECTO_SIN_FUENTE,SIN_FUENTE_ARANCELARIA_EN_BASES_ACTUALES
I162S2C2J4V2,37,PERFIL_EGRESO,REVISAR,,SIN_FUENTE_ARANCELARIA_EN_BASES_ACTUALES,SIN_FUENTE,NULA,REVISAR_CORRECTO_SIN_FUENTE,SIN_FUENTE_ARANCELARIA_EN_BASES_ACTUALES
I162S2C2J4V2,37,TEXTO_REQUISITO_INGRESO,REVISAR,,SIN_FUENTE_EXPLICITA_EN_BASES_ACTUALES,SIN_FUENTE,NULA,REVISAR_CORRECTO_SIN_FUENTE,SIN_FUENTE_EXPLICITA_EN_BASES_ACTUALES
I162S2C2J4V2,37,LICENCIA_ENS_MEDIA,REVISAR,,SIN_FUENTE_EXPLICITA_EN_BASES_ACTUALES,SIN_FUENTE,NULA,REVISAR_CORRECTO_SIN_FUENTE,SIN_FUENTE_EXPLICITA_EN_BASES_ACTUALES
I162S2C2J4V2,37,NOTAS_ENS_MEDIA,REVISAR,,SIN_FUENTE_EXPLICITA_EN_BASES_ACTUALES,SIN_FUENTE,NULA,REVISAR_CORRECTO_SIN_FUENTE,SIN_FUENTE_EXPLICITA_EN_BASES_ACTUALES
I162S2C2J4V2,37,PROMEDIO_MIN_ENS_MEDIA,REVISAR,,SIN_FUENTE_EXPLICITA_EN_BASES_ACTUALES,SIN_FUENTE,NULA,REVISAR_CORRECTO_SIN_FUENTE,SIN_FUENTE_EXPLICITA_EN_BASES_ACTUALES
I162S2C2J4V2,37,RECONOCIMIENTOS_APREN_PREVIOS,REVISAR,,SIN_FUENTE_EXPLICITA_EN_BASES_ACTUALES,SIN_FUENTE,NULA,REVISAR_CORRECTO_SIN_FUENTE,SIN_FUENTE_EXPLICITA_EN_BASES_ACTUALES
I162S2C2J4V2,37,EXPERIENCIA_LABORAL,REVISAR,,SIN_FUENTE_EXPLICITA_EN_BASES_ACTUALES,SIN_FUENTE,NULA,REVISAR_CORRECTO_SIN_FUENTE,SIN_FUENTE_EXPLICITA_EN_BASES_ACTUALES
I162S2C2J4V2,37,OTROS_REQUISITOS,REVISAR,,SIN_FUENTE_EXPLICITA_EN_BASES_ACTUALES,SIN_FUENTE,NULA,REVISAR_CORRECTO_SIN_FUENTE,SIN_FUENTE_EXPLICITA_EN_BASES_ACTUALES
I162S2C2J4V2,37,MAIL_DIFUSION_CARRERA,REVISAR,,SIN_FUENTE_ARANCELARIA_EN_BASES_ACTUALES,SIN_FUENTE,NULA,REVISAR_CORRECTO_SIN_FUENTE,SIN_FUENTE_ARANCELARIA_EN_BASES_ACTUALES
I162S2C2J4V2,37,FORMATO_VALOR,REVISAR,,SIN_FUENTE_ARANCELARIA_EN_BASES_ACTUALES,SIN_FUENTE,NULA,REVISAR_CORRECTO_SIN_FUENTE,SIN_FUENTE_ARANCELARIA_EN_BASES_ACTUALES
I162S2C2J4V2,37,VALOR_MATRICULA_ANUAL,REVISAR,,SIN_FUENTE_ARANCELARIA_EN_BASES_ACTUALES,SIN_FUENTE,NULA,REVISAR_CORRECTO_SIN_FUENTE,SIN_FUENTE_ARANCELARIA_EN_BASES_ACTUALES
I162S2C2J4V2,37,COSTO_TITULACION,REVISAR,,SIN_FUENTE_ARANCELARIA_EN_BASES_ACTUALES,SIN_FUENTE,NULA,REVISAR_CORRECTO_SIN_FUENTE,SIN_FUENTE_ARANCELARIA_EN_BASES_ACTUALES
I162S2C2J4V2,37,VALOR_CERTIFICADO_DIPLOMA,REVISAR,,SIN_FUENTE_ARANCELARIA_EN_BASES_ACTUALES,SIN_FUENTE,NULA,REVISAR_CORRECTO_SIN_FUENTE,SIN_FUENTE_ARANCELARIA_EN_BASES_ACTUALES
I162S2C2J4V2,37,ARANCEL_ANUAL,REVISAR,,SIN_FUENTE_ARANCELARIA_EN_BASES_ACTUALES,SIN_FUENTE,NULA,REVISAR_CORRECTO_SIN_FUENTE,SIN_FUENTE_ARANCELARIA_EN_BASES_ACTUALES
I162S2C2J4V2,37,VIGENCIA_CARRERA,REVISAR,,SIN_FUENTE_EXPLICITA_EN_BASES_ACTUALES,SIN_FUENTE,NULA,REVISAR_CORRECTO_SIN_FUENTE,SIN_FUENTE_EXPLICITA_EN_BASES_ACTUALES
I162S2C35J1V2,38,Mención o Especialidad,REVISAR,,SIN_FUENTE_EXPLICITA_EN_BASES_ACTUALES,SIN_FUENTE,NULA,REVISAR_CORRECTO_SIN_FUENTE,SIN_FUENTE_EXPLICITA_EN_BASES_ACTUALES
I162S2C35J1V2,38,Área del Conocimiento,REVISAR,10,DICCIONARIO.AREA_ACTUAL,REGLA_CONDICIONAL,MEDIA,COMPLETABLE_POR_REGLA_CONDICIONAL,Existe código técnico; falta confirmar formato/etiqueta final aceptada por formulario.
I162S2C35J1V2,38,Sub Área,REVISAR,,SIN_TABLA_OFICIAL_DE_EQUIVALENCIA_AREA,SIN_FUENTE,NULA,REVISAR_CORRECTO_SIN_FUENTE,SIN_TABLA_OFICIAL_DE_EQUIVALENCIA_AREA
I162S2C35J1V2,38,Carrera Genérica,REVISAR,,SIN_TABLA_OFICIAL_DE_EQUIVALENCIA_AREA,SIN_FUENTE,NULA,REVISAR_CORRECTO_SIN_FUENTE,SIN_TABLA_OFICIAL_DE_EQUIVALENCIA_AREA
I162S2C35J1V2,38,Grado Académico que otorga el programa,REVISAR,,SIN_FUENTE_EXPLICITA_EN_BASES_ACTUALES,SIN_FUENTE,NULA,REVISAR_CORRECTO_SIN_FUENTE,SIN_FUENTE_EXPLICITA_EN_BASES_ACTUALES
I162S2C35J1V2,38,Dependencia,REVISAR,,SIN_FUENTE_EXPLICITA_EN_BASES_ACTUALES,SIN_FUENTE,NULA,REVISAR_CORRECTO_SIN_FUENTE,SIN_FUENTE_EXPLICITA_EN_BASES_ACTUALES
I162S2C35J1V2,38,Régimen,REVISAR,1,DICCIONARIO.REGIMEN,REGLA_CONDICIONAL,MEDIA,COMPLETABLE_POR_REGLA_CONDICIONAL,Existe código técnico; falta confirmar formato/etiqueta final aceptada por formulario.
I162S2C35J1V2,38,Ingreso Directo,REVISAR,1,DICCIONARIO.REQUISITO_INGRESO,REGLA_CONDICIONAL,MEDIA,COMPLETABLE_POR_REGLA_CONDICIONAL,Existe código técnico; falta confirmar formato/etiqueta final aceptada por formulario.
I162S2C35J1V2,38,Ingreso desde un plan Común,REVISAR,,SIN_FUENTE_EXPLICITA_EN_BASES_ACTUALES,SIN_FUENTE,NULA,REVISAR_CORRECTO_SIN_FUENTE,SIN_FUENTE_EXPLICITA_EN_BASES_ACTUALES
I162S2C35J1V2,38,Ingreso desde Bachillerato,REVISAR,,SIN_FUENTE_EXPLICITA_EN_BASES_ACTUALES,SIN_FUENTE,NULA,REVISAR_CORRECTO_SIN_FUENTE,SIN_FUENTE_EXPLICITA_EN_BASES_ACTUALES
I162S2C35J1V2,38,Otro Tipo de Ingreso,REVISAR,,SIN_FUENTE_EXPLICITA_EN_BASES_ACTUALES,SIN_FUENTE,NULA,REVISAR_CORRECTO_SIN_FUENTE,SIN_FUENTE_EXPLICITA_EN_BASES_ACTUALES
I162S2C35J1V2,38,Ingreso otro,REVISAR,,SIN_FUENTE_EXPLICITA_EN_BASES_ACTUALES,SIN_FUENTE,NULA,REVISAR_CORRECTO_SIN_FUENTE,SIN_FUENTE_EXPLICITA_EN_BASES_ACTUALES
I162S2C35J1V2,38,FECHA_ADMISION_INICIAL,REVISAR,,SIN_FUENTE_ARANCELARIA_EN_BASES_ACTUALES,SIN_FUENTE,NULA,REVISAR_CORRECTO_SIN_FUENTE,SIN_FUENTE_ARANCELARIA_EN_BASES_ACTUALES
I162S2C35J1V2,38,MALLA_CURRICULAR,REVISAR,,SIN_FUENTE_ARANCELARIA_EN_BASES_ACTUALES,SIN_FUENTE,NULA,REVISAR_CORRECTO_SIN_FUENTE,SIN_FUENTE_ARANCELARIA_EN_BASES_ACTUALES
I162S2C35J1V2,38,PERFIL_EGRESO,REVISAR,,SIN_FUENTE_ARANCELARIA_EN_BASES_ACTUALES,SIN_FUENTE,NULA,REVISAR_CORRECTO_SIN_FUENTE,SIN_FUENTE_ARANCELARIA_EN_BASES_ACTUALES
I162S2C35J1V2,38,TEXTO_REQUISITO_INGRESO,REVISAR,,SIN_FUENTE_EXPLICITA_EN_BASES_ACTUALES,SIN_FUENTE,NULA,REVISAR_CORRECTO_SIN_FUENTE,SIN_FUENTE_EXPLICITA_EN_BASES_ACTUALES
I162S2C35J1V2,38,LICENCIA_ENS_MEDIA,REVISAR,,SIN_FUENTE_EXPLICITA_EN_BASES_ACTUALES,SIN_FUENTE,NULA,REVISAR_CORRECTO_SIN_FUENTE,SIN_FUENTE_EXPLICITA_EN_BASES_ACTUALES
I162S2C35J1V2,38,NOTAS_ENS_MEDIA,REVISAR,,SIN_FUENTE_EXPLICITA_EN_BASES_ACTUALES,SIN_FUENTE,NULA,REVISAR_CORRECTO_SIN_FUENTE,SIN_FUENTE_EXPLICITA_EN_BASES_ACTUALES
I162S2C35J1V2,38,PROMEDIO_MIN_ENS_MEDIA,REVISAR,,SIN_FUENTE_EXPLICITA_EN_BASES_ACTUALES,SIN_FUENTE,NULA,REVISAR_CORRECTO_SIN_FUENTE,SIN_FUENTE_EXPLICITA_EN_BASES_ACTUALES
I162S2C35J1V2,38,RECONOCIMIENTOS_APREN_PREVIOS,REVISAR,,SIN_FUENTE_EXPLICITA_EN_BASES_ACTUALES,SIN_FUENTE,NULA,REVISAR_CORRECTO_SIN_FUENTE,SIN_FUENTE_EXPLICITA_EN_BASES_ACTUALES
I162S2C35J1V2,38,EXPERIENCIA_LABORAL,REVISAR,,SIN_FUENTE_EXPLICITA_EN_BASES_ACTUALES,SIN_FUENTE,NULA,REVISAR_CORRECTO_SIN_FUENTE,SIN_FUENTE_EXPLICITA_EN_BASES_ACTUALES
I162S2C35J1V2,38,OTROS_REQUISITOS,REVISAR,,SIN_FUENTE_EXPLICITA_EN_BASES_ACTUALES,SIN_FUENTE,NULA,REVISAR_CORRECTO_SIN_FUENTE,SIN_FUENTE_EXPLICITA_EN_BASES_ACTUALES
I162S2C35J1V2,38,MAIL_DIFUSION_CARRERA,REVISAR,,SIN_FUENTE_ARANCELARIA_EN_BASES_ACTUALES,SIN_FUENTE,NULA,REVISAR_CORRECTO_SIN_FUENTE,SIN_FUENTE_ARANCELARIA_EN_BASES_ACTUALES
I162S2C35J1V2,38,FORMATO_VALOR,REVISAR,,SIN_FUENTE_ARANCELARIA_EN_BASES_ACTUALES,SIN_FUENTE,NULA,REVISAR_CORRECTO_SIN_FUENTE,SIN_FUENTE_ARANCELARIA_EN_BASES_ACTUALES
I162S2C35J1V2,38,VALOR_MATRICULA_ANUAL,REVISAR,,SIN_FUENTE_ARANCELARIA_EN_BASES_ACTUALES,SIN_FUENTE,NULA,REVISAR_CORRECTO_SIN_FUENTE,SIN_FUENTE_ARANCELARIA_EN_BASES_ACTUALES
I162S2C35J1V2,38,COSTO_TITULACION,REVISAR,,SIN_FUENTE_ARANCELARIA_EN_BASES_ACTUALES,SIN_FUENTE,NULA,REVISAR_CORRECTO_SIN_FUENTE,SIN_FUENTE_ARANCELARIA_EN_BASES_ACTUALES
I162S2C35J1V2,38,VALOR_CERTIFICADO_DIPLOMA,REVISAR,,SIN_FUENTE_ARANCELARIA_EN_BASES_ACTUALES,SIN_FUENTE,NULA,REVISAR_CORRECTO_SIN_FUENTE,SIN_FUENTE_ARANCELARIA_EN_BASES_ACTUALES
I162S2C35J1V2,38,ARANCEL_ANUAL,REVISAR,,SIN_FUENTE_ARANCELARIA_EN_BASES_ACTUALES,SIN_FUENTE,NULA,REVISAR_CORRECTO_SIN_FUENTE,SIN_FUENTE_ARANCELARIA_EN_BASES_ACTUALES
I162S2C35J1V2,38,VIGENCIA_CARRERA,REVISAR,,SIN_FUENTE_EXPLICITA_EN_BASES_ACTUALES,SIN_FUENTE,NULA,REVISAR_CORRECTO_SIN_FUENTE,SIN_FUENTE_EXPLICITA_EN_BASES_ACTUALES
I162S2C35J2V2,39,Mención o Especialidad,REVISAR,,SIN_FUENTE_EXPLICITA_EN_BASES_ACTUALES,SIN_FUENTE,NULA,REVISAR_CORRECTO_SIN_FUENTE,SIN_FUENTE_EXPLICITA_EN_BASES_ACTUALES
I162S2C35J2V2,39,Área del Conocimiento,REVISAR,10,DICCIONARIO.AREA_ACTUAL,REGLA_CONDICIONAL,MEDIA,COMPLETABLE_POR_REGLA_CONDICIONAL,Existe código técnico; falta confirmar formato/etiqueta final aceptada por formulario.
I162S2C35J2V2,39,Sub Área,REVISAR,,SIN_TABLA_OFICIAL_DE_EQUIVALENCIA_AREA,SIN_FUENTE,NULA,REVISAR_CORRECTO_SIN_FUENTE,SIN_TABLA_OFICIAL_DE_EQUIVALENCIA_AREA
I162S2C35J2V2,39,Carrera Genérica,REVISAR,,SIN_TABLA_OFICIAL_DE_EQUIVALENCIA_AREA,SIN_FUENTE,NULA,REVISAR_CORRECTO_SIN_FUENTE,SIN_TABLA_OFICIAL_DE_EQUIVALENCIA_AREA
I162S2C35J2V2,39,Grado Académico que otorga el programa,REVISAR,,SIN_FUENTE_EXPLICITA_EN_BASES_ACTUALES,SIN_FUENTE,NULA,REVISAR_CORRECTO_SIN_FUENTE,SIN_FUENTE_EXPLICITA_EN_BASES_ACTUALES
I162S2C35J2V2,39,Dependencia,REVISAR,,SIN_FUENTE_EXPLICITA_EN_BASES_ACTUALES,SIN_FUENTE,NULA,REVISAR_CORRECTO_SIN_FUENTE,SIN_FUENTE_EXPLICITA_EN_BASES_ACTUALES
I162S2C35J2V2,39,Régimen,REVISAR,1,DICCIONARIO.REGIMEN,REGLA_CONDICIONAL,MEDIA,COMPLETABLE_POR_REGLA_CONDICIONAL,Existe código técnico; falta confirmar formato/etiqueta final aceptada por formulario.
I162S2C35J2V2,39,Ingreso Directo,REVISAR,1,DICCIONARIO.REQUISITO_INGRESO,REGLA_CONDICIONAL,MEDIA,COMPLETABLE_POR_REGLA_CONDICIONAL,Existe código técnico; falta confirmar formato/etiqueta final aceptada por formulario.
I162S2C35J2V2,39,Ingreso desde un plan Común,REVISAR,,SIN_FUENTE_EXPLICITA_EN_BASES_ACTUALES,SIN_FUENTE,NULA,REVISAR_CORRECTO_SIN_FUENTE,SIN_FUENTE_EXPLICITA_EN_BASES_ACTUALES
I162S2C35J2V2,39,Ingreso desde Bachillerato,REVISAR,,SIN_FUENTE_EXPLICITA_EN_BASES_ACTUALES,SIN_FUENTE,NULA,REVISAR_CORRECTO_SIN_FUENTE,SIN_FUENTE_EXPLICITA_EN_BASES_ACTUALES
I162S2C35J2V2,39,Otro Tipo de Ingreso,REVISAR,,SIN_FUENTE_EXPLICITA_EN_BASES_ACTUALES,SIN_FUENTE,NULA,REVISAR_CORRECTO_SIN_FUENTE,SIN_FUENTE_EXPLICITA_EN_BASES_ACTUALES
I162S2C35J2V2,39,Ingreso otro,REVISAR,,SIN_FUENTE_EXPLICITA_EN_BASES_ACTUALES,SIN_FUENTE,NULA,REVISAR_CORRECTO_SIN_FUENTE,SIN_FUENTE_EXPLICITA_EN_BASES_ACTUALES
I162S2C35J2V2,39,FECHA_ADMISION_INICIAL,REVISAR,,SIN_FUENTE_ARANCELARIA_EN_BASES_ACTUALES,SIN_FUENTE,NULA,REVISAR_CORRECTO_SIN_FUENTE,SIN_FUENTE_ARANCELARIA_EN_BASES_ACTUALES
I162S2C35J2V2,39,MALLA_CURRICULAR,REVISAR,,SIN_FUENTE_ARANCELARIA_EN_BASES_ACTUALES,SIN_FUENTE,NULA,REVISAR_CORRECTO_SIN_FUENTE,SIN_FUENTE_ARANCELARIA_EN_BASES_ACTUALES
I162S2C35J2V2,39,PERFIL_EGRESO,REVISAR,,SIN_FUENTE_ARANCELARIA_EN_BASES_ACTUALES,SIN_FUENTE,NULA,REVISAR_CORRECTO_SIN_FUENTE,SIN_FUENTE_ARANCELARIA_EN_BASES_ACTUALES
I162S2C35J2V2,39,TEXTO_REQUISITO_INGRESO,REVISAR,,SIN_FUENTE_EXPLICITA_EN_BASES_ACTUALES,SIN_FUENTE,NULA,REVISAR_CORRECTO_SIN_FUENTE,SIN_FUENTE_EXPLICITA_EN_BASES_ACTUALES
I162S2C35J2V2,39,LICENCIA_ENS_MEDIA,REVISAR,,SIN_FUENTE_EXPLICITA_EN_BASES_ACTUALES,SIN_FUENTE,NULA,REVISAR_CORRECTO_SIN_FUENTE,SIN_FUENTE_EXPLICITA_EN_BASES_ACTUALES
I162S2C35J2V2,39,NOTAS_ENS_MEDIA,REVISAR,,SIN_FUENTE_EXPLICITA_EN_BASES_ACTUALES,SIN_FUENTE,NULA,REVISAR_CORRECTO_SIN_FUENTE,SIN_FUENTE_EXPLICITA_EN_BASES_ACTUALES
I162S2C35J2V2,39,PROMEDIO_MIN_ENS_MEDIA,REVISAR,,SIN_FUENTE_EXPLICITA_EN_BASES_ACTUALES,SIN_FUENTE,NULA,REVISAR_CORRECTO_SIN_FUENTE,SIN_FUENTE_EXPLICITA_EN_BASES_ACTUALES
I162S2C35J2V2,39,RECONOCIMIENTOS_APREN_PREVIOS,REVISAR,,SIN_FUENTE_EXPLICITA_EN_BASES_ACTUALES,SIN_FUENTE,NULA,REVISAR_CORRECTO_SIN_FUENTE,SIN_FUENTE_EXPLICITA_EN_BASES_ACTUALES
I162S2C35J2V2,39,EXPERIENCIA_LABORAL,REVISAR,,SIN_FUENTE_EXPLICITA_EN_BASES_ACTUALES,SIN_FUENTE,NULA,REVISAR_CORRECTO_SIN_FUENTE,SIN_FUENTE_EXPLICITA_EN_BASES_ACTUALES
I162S2C35J2V2,39,OTROS_REQUISITOS,REVISAR,,SIN_FUENTE_EXPLICITA_EN_BASES_ACTUALES,SIN_FUENTE,NULA,REVISAR_CORRECTO_SIN_FUENTE,SIN_FUENTE_EXPLICITA_EN_BASES_ACTUALES
I162S2C35J2V2,39,MAIL_DIFUSION_CARRERA,REVISAR,,SIN_FUENTE_ARANCELARIA_EN_BASES_ACTUALES,SIN_FUENTE,NULA,REVISAR_CORRECTO_SIN_FUENTE,SIN_FUENTE_ARANCELARIA_EN_BASES_ACTUALES
I162S2C35J2V2,39,FORMATO_VALOR,REVISAR,,SIN_FUENTE_ARANCELARIA_EN_BASES_ACTUALES,SIN_FUENTE,NULA,REVISAR_CORRECTO_SIN_FUENTE,SIN_FUENTE_ARANCELARIA_EN_BASES_ACTUALES
I162S2C35J2V2,39,VALOR_MATRICULA_ANUAL,REVISAR,,SIN_FUENTE_ARANCELARIA_EN_BASES_ACTUALES,SIN_FUENTE,NULA,REVISAR_CORRECTO_SIN_FUENTE,SIN_FUENTE_ARANCELARIA_EN_BASES_ACTUALES
I162S2C35J2V2,39,COSTO_TITULACION,REVISAR,,SIN_FUENTE_ARANCELARIA_EN_BASES_ACTUALES,SIN_FUENTE,NULA,REVISAR_CORRECTO_SIN_FUENTE,SIN_FUENTE_ARANCELARIA_EN_BASES_ACTUALES
I162S2C35J2V2,39,VALOR_CERTIFICADO_DIPLOMA,REVISAR,,SIN_FUENTE_ARANCELARIA_EN_BASES_ACTUALES,SIN_FUENTE,NULA,REVISAR_CORRECTO_SIN_FUENTE,SIN_FUENTE_ARANCELARIA_EN_BASES_ACTUALES
I162S2C35J2V2,39,ARANCEL_ANUAL,REVISAR,,SIN_FUENTE_ARANCELARIA_EN_BASES_ACTUALES,SIN_FUENTE,NULA,REVISAR_CORRECTO_SIN_FUENTE,SIN_FUENTE_ARANCELARIA_EN_BASES_ACTUALES
I162S2C35J2V2,39,VIGENCIA_CARRERA,REVISAR,,SIN_FUENTE_EXPLICITA_EN_BASES_ACTUALES,SIN_FUENTE,NULA,REVISAR_CORRECTO_SIN_FUENTE,SIN_FUENTE_EXPLICITA_EN_BASES_ACTUALES
I162S2C35J4V2,40,Mención o Especialidad,REVISAR,,SIN_FUENTE_EXPLICITA_EN_BASES_ACTUALES,SIN_FUENTE,NULA,REVISAR_CORRECTO_SIN_FUENTE,SIN_FUENTE_EXPLICITA_EN_BASES_ACTUALES
I162S2C35J4V2,40,Área del Conocimiento,REVISAR,10,DICCIONARIO.AREA_ACTUAL,REGLA_CONDICIONAL,MEDIA,COMPLETABLE_POR_REGLA_CONDICIONAL,Existe código técnico; falta confirmar formato/etiqueta final aceptada por formulario.
I162S2C35J4V2,40,Sub Área,REVISAR,,SIN_TABLA_OFICIAL_DE_EQUIVALENCIA_AREA,SIN_FUENTE,NULA,REVISAR_CORRECTO_SIN_FUENTE,SIN_TABLA_OFICIAL_DE_EQUIVALENCIA_AREA
I162S2C35J4V2,40,Carrera Genérica,REVISAR,,SIN_TABLA_OFICIAL_DE_EQUIVALENCIA_AREA,SIN_FUENTE,NULA,REVISAR_CORRECTO_SIN_FUENTE,SIN_TABLA_OFICIAL_DE_EQUIVALENCIA_AREA
I162S2C35J4V2,40,Grado Académico que otorga el programa,REVISAR,,SIN_FUENTE_EXPLICITA_EN_BASES_ACTUALES,SIN_FUENTE,NULA,REVISAR_CORRECTO_SIN_FUENTE,SIN_FUENTE_EXPLICITA_EN_BASES_ACTUALES
I162S2C35J4V2,40,Dependencia,REVISAR,,SIN_FUENTE_EXPLICITA_EN_BASES_ACTUALES,SIN_FUENTE,NULA,REVISAR_CORRECTO_SIN_FUENTE,SIN_FUENTE_EXPLICITA_EN_BASES_ACTUALES
I162S2C35J4V2,40,Régimen,REVISAR,1,DICCIONARIO.REGIMEN,REGLA_CONDICIONAL,MEDIA,COMPLETABLE_POR_REGLA_CONDICIONAL,Existe código técnico; falta confirmar formato/etiqueta final aceptada por formulario.
I162S2C35J4V2,40,Ingreso Directo,REVISAR,1,DICCIONARIO.REQUISITO_INGRESO,REGLA_CONDICIONAL,MEDIA,COMPLETABLE_POR_REGLA_CONDICIONAL,Existe código técnico; falta confirmar formato/etiqueta final aceptada por formulario.
I162S2C35J4V2,40,Ingreso desde un plan Común,REVISAR,,SIN_FUENTE_EXPLICITA_EN_BASES_ACTUALES,SIN_FUENTE,NULA,REVISAR_CORRECTO_SIN_FUENTE,SIN_FUENTE_EXPLICITA_EN_BASES_ACTUALES
I162S2C35J4V2,40,Ingreso desde Bachillerato,REVISAR,,SIN_FUENTE_EXPLICITA_EN_BASES_ACTUALES,SIN_FUENTE,NULA,REVISAR_CORRECTO_SIN_FUENTE,SIN_FUENTE_EXPLICITA_EN_BASES_ACTUALES
I162S2C35J4V2,40,Otro Tipo de Ingreso,REVISAR,,SIN_FUENTE_EXPLICITA_EN_BASES_ACTUALES,SIN_FUENTE,NULA,REVISAR_CORRECTO_SIN_FUENTE,SIN_FUENTE_EXPLICITA_EN_BASES_ACTUALES
I162S2C35J4V2,40,Ingreso otro,REVISAR,,SIN_FUENTE_EXPLICITA_EN_BASES_ACTUALES,SIN_FUENTE,NULA,REVISAR_CORRECTO_SIN_FUENTE,SIN_FUENTE_EXPLICITA_EN_BASES_ACTUALES
I162S2C35J4V2,40,FECHA_ADMISION_INICIAL,REVISAR,,SIN_FUENTE_ARANCELARIA_EN_BASES_ACTUALES,SIN_FUENTE,NULA,REVISAR_CORRECTO_SIN_FUENTE,SIN_FUENTE_ARANCELARIA_EN_BASES_ACTUALES
I162S2C35J4V2,40,MALLA_CURRICULAR,REVISAR,,SIN_FUENTE_ARANCELARIA_EN_BASES_ACTUALES,SIN_FUENTE,NULA,REVISAR_CORRECTO_SIN_FUENTE,SIN_FUENTE_ARANCELARIA_EN_BASES_ACTUALES
I162S2C35J4V2,40,PERFIL_EGRESO,REVISAR,,SIN_FUENTE_ARANCELARIA_EN_BASES_ACTUALES,SIN_FUENTE,NULA,REVISAR_CORRECTO_SIN_FUENTE,SIN_FUENTE_ARANCELARIA_EN_BASES_ACTUALES
I162S2C35J4V2,40,TEXTO_REQUISITO_INGRESO,REVISAR,,SIN_FUENTE_EXPLICITA_EN_BASES_ACTUALES,SIN_FUENTE,NULA,REVISAR_CORRECTO_SIN_FUENTE,SIN_FUENTE_EXPLICITA_EN_BASES_ACTUALES
I162S2C35J4V2,40,LICENCIA_ENS_MEDIA,REVISAR,,SIN_FUENTE_EXPLICITA_EN_BASES_ACTUALES,SIN_FUENTE,NULA,REVISAR_CORRECTO_SIN_FUENTE,SIN_FUENTE_EXPLICITA_EN_BASES_ACTUALES
I162S2C35J4V2,40,NOTAS_ENS_MEDIA,REVISAR,,SIN_FUENTE_EXPLICITA_EN_BASES_ACTUALES,SIN_FUENTE,NULA,REVISAR_CORRECTO_SIN_FUENTE,SIN_FUENTE_EXPLICITA_EN_BASES_ACTUALES
I162S2C35J4V2,40,PROMEDIO_MIN_ENS_MEDIA,REVISAR,,SIN_FUENTE_EXPLICITA_EN_BASES_ACTUALES,SIN_FUENTE,NULA,REVISAR_CORRECTO_SIN_FUENTE,SIN_FUENTE_EXPLICITA_EN_BASES_ACTUALES
I162S2C35J4V2,40,RECONOCIMIENTOS_APREN_PREVIOS,REVISAR,,SIN_FUENTE_EXPLICITA_EN_BASES_ACTUALES,SIN_FUENTE,NULA,REVISAR_CORRECTO_SIN_FUENTE,SIN_FUENTE_EXPLICITA_EN_BASES_ACTUALES
I162S2C35J4V2,40,EXPERIENCIA_LABORAL,REVISAR,,SIN_FUENTE_EXPLICITA_EN_BASES_ACTUALES,SIN_FUENTE,NULA,REVISAR_CORRECTO_SIN_FUENTE,SIN_FUENTE_EXPLICITA_EN_BASES_ACTUALES
I162S2C35J4V2,40,OTROS_REQUISITOS,REVISAR,,SIN_FUENTE_EXPLICITA_EN_BASES_ACTUALES,SIN_FUENTE,NULA,REVISAR_CORRECTO_SIN_FUENTE,SIN_FUENTE_EXPLICITA_EN_BASES_ACTUALES
I162S2C35J4V2,40,MAIL_DIFUSION_CARRERA,REVISAR,,SIN_FUENTE_ARANCELARIA_EN_BASES_ACTUALES,SIN_FUENTE,NULA,REVISAR_CORRECTO_SIN_FUENTE,SIN_FUENTE_ARANCELARIA_EN_BASES_ACTUALES
I162S2C35J4V2,40,FORMATO_VALOR,REVISAR,,SIN_FUENTE_ARANCELARIA_EN_BASES_ACTUALES,SIN_FUENTE,NULA,REVISAR_CORRECTO_SIN_FUENTE,SIN_FUENTE_ARANCELARIA_EN_BASES_ACTUALES
I162S2C35J4V2,40,VALOR_MATRICULA_ANUAL,REVISAR,,SIN_FUENTE_ARANCELARIA_EN_BASES_ACTUALES,SIN_FUENTE,NULA,REVISAR_CORRECTO_SIN_FUENTE,SIN_FUENTE_ARANCELARIA_EN_BASES_ACTUALES
I162S2C35J4V2,40,COSTO_TITULACION,REVISAR,,SIN_FUENTE_ARANCELARIA_EN_BASES_ACTUALES,SIN_FUENTE,NULA,REVISAR_CORRECTO_SIN_FUENTE,SIN_FUENTE_ARANCELARIA_EN_BASES_ACTUALES
I162S2C35J4V2,40,VALOR_CERTIFICADO_DIPLOMA,REVISAR,,SIN_FUENTE_ARANCELARIA_EN_BASES_ACTUALES,SIN_FUENTE,NULA,REVISAR_CORRECTO_SIN_FUENTE,SIN_FUENTE_ARANCELARIA_EN_BASES_ACTUALES
I162S2C35J4V2,40,ARANCEL_ANUAL,REVISAR,,SIN_FUENTE_ARANCELARIA_EN_BASES_ACTUALES,SIN_FUENTE,NULA,REVISAR_CORRECTO_SIN_FUENTE,SIN_FUENTE_ARANCELARIA_EN_BASES_ACTUALES
I162S2C35J4V2,40,VIGENCIA_CARRERA,REVISAR,,SIN_FUENTE_EXPLICITA_EN_BASES_ACTUALES,SIN_FUENTE,NULA,REVISAR_CORRECTO_SIN_FUENTE,SIN_FUENTE_EXPLICITA_EN_BASES_ACTUALES
I162S2C3J2V2,41,Sede,CONFLICTO_REVISAR,,R4_AUXILIAR_AMBIGUO,CONFLICTO,BAJA,CONFLICTO_REQUIERE_DECISION,R4 ambiguo; no se completa campo crítico automáticamente.
I162S2C3J2V2,41,Tipo de Carrera,CONFLICTO_REVISAR,,R4_AUXILIAR_AMBIGUO,CONFLICTO,BAJA,CONFLICTO_REQUIERE_DECISION,R4 ambiguo; no se completa campo crítico automáticamente.
I162S2C3J2V2,41,Nombre,CONFLICTO_REVISAR,,R4_AUXILIAR_AMBIGUO,CONFLICTO,BAJA,CONFLICTO_REQUIERE_DECISION,R4 ambiguo; no se completa campo crítico automáticamente.
I162S2C3J2V2,41,Mención o Especialidad,REVISAR,,R4_AUXILIAR_AMBIGUO,CONFLICTO,BAJA,CONFLICTO_REQUIERE_DECISION,R4 ambiguo con candidatos que cambian campos críticos; mantener revisión.
I162S2C3J2V2,41,Año de inicio de Actividades,REVISAR,,R4_AUXILIAR_AMBIGUO,CONFLICTO,BAJA,CONFLICTO_REQUIERE_DECISION,R4 ambiguo con candidatos que cambian campos críticos; mantener revisión.
I162S2C3J2V2,41,Campus,CONFLICTO_REVISAR,,R4_AUXILIAR_AMBIGUO,CONFLICTO,BAJA,CONFLICTO_REQUIERE_DECISION,R4 ambiguo; no se completa campo crítico automáticamente.
I162S2C3J2V2,41,Horario,CONFLICTO_REVISAR,,R4_AUXILIAR_AMBIGUO,CONFLICTO,BAJA,CONFLICTO_REQUIERE_DECISION,R4 ambiguo; no se completa campo crítico automáticamente.
I162S2C3J2V2,41,Estado,CONFLICTO_REVISAR,,R4_AUXILIAR_AMBIGUO,CONFLICTO,BAJA,CONFLICTO_REQUIERE_DECISION,R4 ambiguo; no se completa campo crítico automáticamente.
I162S2C3J2V2,41,Tipo Programa,CONFLICTO_REVISAR,,R4_AUXILIAR_AMBIGUO,CONFLICTO,BAJA,CONFLICTO_REQUIERE_DECISION,R4 ambiguo; no se completa campo crítico automáticamente.
I162S2C3J2V2,41,Detalle del Tipo de Programa (especiales),REVISAR,,R4_AUXILIAR_AMBIGUO,CONFLICTO,BAJA,CONFLICTO_REQUIERE_DECISION,R4 ambiguo con candidatos que cambian campos críticos; mantener revisión.
I162S2C3J2V2,41,Modalidad del Programa,CONFLICTO_REVISAR,,R4_AUXILIAR_AMBIGUO,CONFLICTO,BAJA,CONFLICTO_REQUIERE_DECISION,R4 ambiguo; no se completa campo crítico automáticamente.
I162S2C3J2V2,41,Área del Conocimiento,REVISAR,,R4_AUXILIAR_AMBIGUO,CONFLICTO,BAJA,CONFLICTO_REQUIERE_DECISION,R4 ambiguo con candidatos que cambian campos críticos; mantener revisión.
I162S2C3J2V2,41,Sub Área,REVISAR,,R4_AUXILIAR_AMBIGUO,CONFLICTO,BAJA,CONFLICTO_REQUIERE_DECISION,R4 ambiguo con candidatos que cambian campos críticos; mantener revisión.
I162S2C3J2V2,41,Carrera Genérica,REVISAR,,R4_AUXILIAR_AMBIGUO,CONFLICTO,BAJA,CONFLICTO_REQUIERE_DECISION,R4 ambiguo con candidatos que cambian campos críticos; mantener revisión.
I162S2C3J2V2,41,Título que otorga el programa,REVISAR,,R4_AUXILIAR_AMBIGUO,CONFLICTO,BAJA,CONFLICTO_REQUIERE_DECISION,R4 ambiguo con candidatos que cambian campos críticos; mantener revisión.
I162S2C3J2V2,41,Grado Académico que otorga el programa,REVISAR,,R4_AUXILIAR_AMBIGUO,CONFLICTO,BAJA,CONFLICTO_REQUIERE_DECISION,R4 ambiguo con candidatos que cambian campos críticos; mantener revisión.
I162S2C3J2V2,41,Dependencia,REVISAR,,R4_AUXILIAR_AMBIGUO,CONFLICTO,BAJA,CONFLICTO_REQUIERE_DECISION,R4 ambiguo con candidatos que cambian campos críticos; mantener revisión.
I162S2C3J2V2,41,Régimen,REVISAR,,R4_AUXILIAR_AMBIGUO,CONFLICTO,BAJA,CONFLICTO_REQUIERE_DECISION,R4 ambiguo con candidatos que cambian campos críticos; mantener revisión.
I162S2C3J2V2,41,Duración del programa en Semestres,CONFLICTO_REVISAR,,R4_AUXILIAR_AMBIGUO,CONFLICTO,BAJA,CONFLICTO_REQUIERE_DECISION,R4 ambiguo; no se completa campo crítico automáticamente.
I162S2C3J2V2,41,Ingreso Directo,REVISAR,,R4_AUXILIAR_AMBIGUO,CONFLICTO,BAJA,CONFLICTO_REQUIERE_DECISION,R4 ambiguo con candidatos que cambian campos críticos; mantener revisión.
I162S2C3J2V2,41,Ingreso desde un plan Común,REVISAR,,R4_AUXILIAR_AMBIGUO,CONFLICTO,BAJA,CONFLICTO_REQUIERE_DECISION,R4 ambiguo con candidatos que cambian campos críticos; mantener revisión.
I162S2C3J2V2,41,Ingreso desde Bachillerato,REVISAR,,R4_AUXILIAR_AMBIGUO,CONFLICTO,BAJA,CONFLICTO_REQUIERE_DECISION,R4 ambiguo con candidatos que cambian campos críticos; mantener revisión.
I162S2C3J2V2,41,Otro Tipo de Ingreso,REVISAR,,R4_AUXILIAR_AMBIGUO,CONFLICTO,BAJA,CONFLICTO_REQUIERE_DECISION,R4 ambiguo con candidatos que cambian campos críticos; mantener revisión.
I162S2C3J2V2,41,Ingreso otro,REVISAR,,R4_AUXILIAR_AMBIGUO,CONFLICTO,BAJA,CONFLICTO_REQUIERE_DECISION,R4 ambiguo con candidatos que cambian campos críticos; mantener revisión.
I162S2C3J2V2,41,ANIO_INICIO,REVISAR,,R4_AUXILIAR_AMBIGUO,CONFLICTO,BAJA,CONFLICTO_REQUIERE_DECISION,R4 ambiguo con candidatos que cambian campos críticos; mantener revisión.
I162S2C3J2V2,41,REGIMEN,REVISAR,,R4_AUXILIAR_AMBIGUO,CONFLICTO,BAJA,CONFLICTO_REQUIERE_DECISION,R4 ambiguo con candidatos que cambian campos críticos; mantener revisión.
I162S2C3J2V2,41,DURACION_REGIMEN,REVISAR,,R4_AUXILIAR_AMBIGUO,CONFLICTO,BAJA,CONFLICTO_REQUIERE_DECISION,R4 ambiguo con candidatos que cambian campos críticos; mantener revisión.
I162S2C3J2V2,41,NOMBRE_TITULO,REVISAR,,R4_AUXILIAR_AMBIGUO,CONFLICTO,BAJA,CONFLICTO_REQUIERE_DECISION,R4 ambiguo con candidatos que cambian campos críticos; mantener revisión.
I162S2C3J2V2,41,ACREDITACION,REVISAR,,R4_AUXILIAR_AMBIGUO,CONFLICTO,BAJA,CONFLICTO_REQUIERE_DECISION,R4 ambiguo con candidatos que cambian campos críticos; mantener revisión.
I162S2C3J2V2,41,REQUISITO_INGRESO,REVISAR,,R4_AUXILIAR_AMBIGUO,CONFLICTO,BAJA,CONFLICTO_REQUIERE_DECISION,R4 ambiguo con candidatos que cambian campos críticos; mantener revisión.
I162S2C3J2V2,41,SEMESTRES_RECONOCIDOS,REVISAR,,R4_AUXILIAR_AMBIGUO,CONFLICTO,BAJA,CONFLICTO_REQUIERE_DECISION,R4 ambiguo con candidatos que cambian campos críticos; mantener revisión.
I162S2C3J2V2,41,AREA_ACTUAL,REVISAR,,R4_AUXILIAR_AMBIGUO,CONFLICTO,BAJA,CONFLICTO_REQUIERE_DECISION,R4 ambiguo con candidatos que cambian campos críticos; mantener revisión.
I162S2C3J2V2,41,AREA_ADMIN_DERECHO,REVISAR,,R4_AUXILIAR_AMBIGUO,CONFLICTO,BAJA,CONFLICTO_REQUIERE_DECISION,R4 ambiguo con candidatos que cambian campos críticos; mantener revisión.
I162S2C3J2V2,41,AREA_AGRI_SILVI_PESCA_VET,REVISAR,,R4_AUXILIAR_AMBIGUO,CONFLICTO,BAJA,CONFLICTO_REQUIERE_DECISION,R4 ambiguo con candidatos que cambian campos críticos; mantener revisión.
I162S2C3J2V2,41,AREA_ARTES_HUMANIDADES,REVISAR,,R4_AUXILIAR_AMBIGUO,CONFLICTO,BAJA,CONFLICTO_REQUIERE_DECISION,R4 ambiguo con candidatos que cambian campos críticos; mantener revisión.
I162S2C3J2V2,41,AREA_CIENCIAS_NAT_MAT_ESTAD,REVISAR,,R4_AUXILIAR_AMBIGUO,CONFLICTO,BAJA,CONFLICTO_REQUIERE_DECISION,R4 ambiguo con candidatos que cambian campos críticos; mantener revisión.
I162S2C3J2V2,41,AREA_CS_SOCIAL_PERIODISMO_INFO,REVISAR,,R4_AUXILIAR_AMBIGUO,CONFLICTO,BAJA,CONFLICTO_REQUIERE_DECISION,R4 ambiguo con candidatos que cambian campos críticos; mantener revisión.
I162S2C3J2V2,41,AREA_EDUCACION,REVISAR,,R4_AUXILIAR_AMBIGUO,CONFLICTO,BAJA,CONFLICTO_REQUIERE_DECISION,R4 ambiguo con candidatos que cambian campos críticos; mantener revisión.
I162S2C3J2V2,41,AREA_INGE_INDUSTRIA_CONSTRUC,REVISAR,,R4_AUXILIAR_AMBIGUO,CONFLICTO,BAJA,CONFLICTO_REQUIERE_DECISION,R4 ambiguo con candidatos que cambian campos críticos; mantener revisión.
I162S2C3J2V2,41,AREA_SALUD_BIENESTAR,REVISAR,,R4_AUXILIAR_AMBIGUO,CONFLICTO,BAJA,CONFLICTO_REQUIERE_DECISION,R4 ambiguo con candidatos que cambian campos críticos; mantener revisión.
I162S2C3J2V2,41,AREA_SERVICIOS,REVISAR,,R4_AUXILIAR_AMBIGUO,CONFLICTO,BAJA,CONFLICTO_REQUIERE_DECISION,R4 ambiguo con candidatos que cambian campos críticos; mantener revisión.
I162S2C3J2V2,41,AREA_TECNO_INFO_COMUNICA,REVISAR,,R4_AUXILIAR_AMBIGUO,CONFLICTO,BAJA,CONFLICTO_REQUIERE_DECISION,R4 ambiguo con candidatos que cambian campos críticos; mantener revisión.
I162S2C3J2V2,41,VACANTES_PRIMER_SEMESTRE,REVISAR,,R4_AUXILIAR_AMBIGUO,CONFLICTO,BAJA,CONFLICTO_REQUIERE_DECISION,R4 ambiguo con candidatos que cambian campos críticos; mantener revisión.
I162S2C3J2V2,41,VACANTES_SEGUNDO_SEMESTRE,REVISAR,,R4_AUXILIAR_AMBIGUO,CONFLICTO,BAJA,CONFLICTO_REQUIERE_DECISION,R4 ambiguo con candidatos que cambian campos críticos; mantener revisión.
I162S2C3J2V2,41,FECHA_ADMISION_INICIAL,REVISAR,,SIN_FUENTE_ARANCELARIA_EN_BASES_ACTUALES,SIN_FUENTE,NULA,REVISAR_CORRECTO_SIN_FUENTE,SIN_FUENTE_ARANCELARIA_EN_BASES_ACTUALES
I162S2C3J2V2,41,MALLA_CURRICULAR,REVISAR,,SIN_FUENTE_ARANCELARIA_EN_BASES_ACTUALES,SIN_FUENTE,NULA,REVISAR_CORRECTO_SIN_FUENTE,SIN_FUENTE_ARANCELARIA_EN_BASES_ACTUALES
I162S2C3J2V2,41,PERFIL_EGRESO,REVISAR,,SIN_FUENTE_ARANCELARIA_EN_BASES_ACTUALES,SIN_FUENTE,NULA,REVISAR_CORRECTO_SIN_FUENTE,SIN_FUENTE_ARANCELARIA_EN_BASES_ACTUALES
I162S2C3J2V2,41,TEXTO_REQUISITO_INGRESO,REVISAR,,SIN_FUENTE_EXPLICITA_EN_BASES_ACTUALES,SIN_FUENTE,NULA,REVISAR_CORRECTO_SIN_FUENTE,SIN_FUENTE_EXPLICITA_EN_BASES_ACTUALES
I162S2C3J2V2,41,LICENCIA_ENS_MEDIA,REVISAR,,SIN_FUENTE_EXPLICITA_EN_BASES_ACTUALES,SIN_FUENTE,NULA,REVISAR_CORRECTO_SIN_FUENTE,SIN_FUENTE_EXPLICITA_EN_BASES_ACTUALES
I162S2C3J2V2,41,NOTAS_ENS_MEDIA,REVISAR,,SIN_FUENTE_EXPLICITA_EN_BASES_ACTUALES,SIN_FUENTE,NULA,REVISAR_CORRECTO_SIN_FUENTE,SIN_FUENTE_EXPLICITA_EN_BASES_ACTUALES
I162S2C3J2V2,41,PROMEDIO_MIN_ENS_MEDIA,REVISAR,,SIN_FUENTE_EXPLICITA_EN_BASES_ACTUALES,SIN_FUENTE,NULA,REVISAR_CORRECTO_SIN_FUENTE,SIN_FUENTE_EXPLICITA_EN_BASES_ACTUALES
I162S2C3J2V2,41,RECONOCIMIENTOS_APREN_PREVIOS,REVISAR,,SIN_FUENTE_EXPLICITA_EN_BASES_ACTUALES,SIN_FUENTE,NULA,REVISAR_CORRECTO_SIN_FUENTE,SIN_FUENTE_EXPLICITA_EN_BASES_ACTUALES
I162S2C3J2V2,41,EXPERIENCIA_LABORAL,REVISAR,,SIN_FUENTE_EXPLICITA_EN_BASES_ACTUALES,SIN_FUENTE,NULA,REVISAR_CORRECTO_SIN_FUENTE,SIN_FUENTE_EXPLICITA_EN_BASES_ACTUALES
I162S2C3J2V2,41,OTROS_REQUISITOS,REVISAR,,SIN_FUENTE_EXPLICITA_EN_BASES_ACTUALES,SIN_FUENTE,NULA,REVISAR_CORRECTO_SIN_FUENTE,SIN_FUENTE_EXPLICITA_EN_BASES_ACTUALES
I162S2C3J2V2,41,MAIL_DIFUSION_CARRERA,REVISAR,,SIN_FUENTE_ARANCELARIA_EN_BASES_ACTUALES,SIN_FUENTE,NULA,REVISAR_CORRECTO_SIN_FUENTE,SIN_FUENTE_ARANCELARIA_EN_BASES_ACTUALES
I162S2C3J2V2,41,FORMATO_VALOR,REVISAR,,SIN_FUENTE_ARANCELARIA_EN_BASES_ACTUALES,SIN_FUENTE,NULA,REVISAR_CORRECTO_SIN_FUENTE,SIN_FUENTE_ARANCELARIA_EN_BASES_ACTUALES
I162S2C3J2V2,41,VALOR_MATRICULA_ANUAL,REVISAR,,SIN_FUENTE_ARANCELARIA_EN_BASES_ACTUALES,SIN_FUENTE,NULA,REVISAR_CORRECTO_SIN_FUENTE,SIN_FUENTE_ARANCELARIA_EN_BASES_ACTUALES
I162S2C3J2V2,41,COSTO_TITULACION,REVISAR,,SIN_FUENTE_ARANCELARIA_EN_BASES_ACTUALES,SIN_FUENTE,NULA,REVISAR_CORRECTO_SIN_FUENTE,SIN_FUENTE_ARANCELARIA_EN_BASES_ACTUALES
I162S2C3J2V2,41,VALOR_CERTIFICADO_DIPLOMA,REVISAR,,SIN_FUENTE_ARANCELARIA_EN_BASES_ACTUALES,SIN_FUENTE,NULA,REVISAR_CORRECTO_SIN_FUENTE,SIN_FUENTE_ARANCELARIA_EN_BASES_ACTUALES
I162S2C3J2V2,41,ARANCEL_ANUAL,REVISAR,,SIN_FUENTE_ARANCELARIA_EN_BASES_ACTUALES,SIN_FUENTE,NULA,REVISAR_CORRECTO_SIN_FUENTE,SIN_FUENTE_ARANCELARIA_EN_BASES_ACTUALES
I162S2C3J2V2,41,VIGENCIA_CARRERA,REVISAR,,SIN_FUENTE_EXPLICITA_EN_BASES_ACTUALES,SIN_FUENTE,NULA,REVISAR_CORRECTO_SIN_FUENTE,SIN_FUENTE_EXPLICITA_EN_BASES_ACTUALES
I162S2C3J2V2,41,MATCH_CODIGO_UNICO_DERIVADO,REVISAR,,CONTROL_TECNICO_NO_FORMULARIO,NO_APLICA,NULA,NO_APLICA_AL_FORMULARIO_FINAL,Campo técnico de auditoría; no completar como formulario.
I162S2C40J2V1,42,Mención o Especialidad,REVISAR,,SIN_FUENTE_EXPLICITA_EN_BASES_ACTUALES,SIN_FUENTE,NULA,REVISAR_CORRECTO_SIN_FUENTE,SIN_FUENTE_EXPLICITA_EN_BASES_ACTUALES
I162S2C40J2V1,42,Modalidad del Programa,REVISAR,,MAPEO_LOCAL_MODALIDAD,REGLA_CONDICIONAL,NULA,REVISAR_CORRECTO_SIN_FUENTE,Sin mapa validado para modalidad.
I162S2C40J2V1,42,Área del Conocimiento,REVISAR,6,DICCIONARIO.AREA_ACTUAL,REGLA_CONDICIONAL,MEDIA,COMPLETABLE_POR_REGLA_CONDICIONAL,Existe código técnico; falta confirmar formato/etiqueta final aceptada por formulario.
I162S2C40J2V1,42,Sub Área,REVISAR,,SIN_TABLA_OFICIAL_DE_EQUIVALENCIA_AREA,SIN_FUENTE,NULA,REVISAR_CORRECTO_SIN_FUENTE,SIN_TABLA_OFICIAL_DE_EQUIVALENCIA_AREA
I162S2C40J2V1,42,Carrera Genérica,REVISAR,,SIN_TABLA_OFICIAL_DE_EQUIVALENCIA_AREA,SIN_FUENTE,NULA,REVISAR_CORRECTO_SIN_FUENTE,SIN_TABLA_OFICIAL_DE_EQUIVALENCIA_AREA
I162S2C40J2V1,42,Grado Académico que otorga el programa,REVISAR,,SIN_FUENTE_EXPLICITA_EN_BASES_ACTUALES,SIN_FUENTE,NULA,REVISAR_CORRECTO_SIN_FUENTE,SIN_FUENTE_EXPLICITA_EN_BASES_ACTUALES
I162S2C40J2V1,42,Dependencia,REVISAR,,SIN_FUENTE_EXPLICITA_EN_BASES_ACTUALES,SIN_FUENTE,NULA,REVISAR_CORRECTO_SIN_FUENTE,SIN_FUENTE_EXPLICITA_EN_BASES_ACTUALES
I162S2C40J2V1,42,Régimen,REVISAR,1,DICCIONARIO.REGIMEN,REGLA_CONDICIONAL,MEDIA,COMPLETABLE_POR_REGLA_CONDICIONAL,Existe código técnico; falta confirmar formato/etiqueta final aceptada por formulario.
I162S2C40J2V1,42,Ingreso Directo,REVISAR,2,DICCIONARIO.REQUISITO_INGRESO,REGLA_CONDICIONAL,MEDIA,COMPLETABLE_POR_REGLA_CONDICIONAL,Existe código técnico; falta confirmar formato/etiqueta final aceptada por formulario.
I162S2C40J2V1,42,Ingreso desde un plan Común,REVISAR,,SIN_FUENTE_EXPLICITA_EN_BASES_ACTUALES,SIN_FUENTE,NULA,REVISAR_CORRECTO_SIN_FUENTE,SIN_FUENTE_EXPLICITA_EN_BASES_ACTUALES
I162S2C40J2V1,42,Ingreso desde Bachillerato,REVISAR,,SIN_FUENTE_EXPLICITA_EN_BASES_ACTUALES,SIN_FUENTE,NULA,REVISAR_CORRECTO_SIN_FUENTE,SIN_FUENTE_EXPLICITA_EN_BASES_ACTUALES
I162S2C40J2V1,42,Otro Tipo de Ingreso,REVISAR,,SIN_FUENTE_EXPLICITA_EN_BASES_ACTUALES,SIN_FUENTE,NULA,REVISAR_CORRECTO_SIN_FUENTE,SIN_FUENTE_EXPLICITA_EN_BASES_ACTUALES
I162S2C40J2V1,42,Ingreso otro,REVISAR,,SIN_FUENTE_EXPLICITA_EN_BASES_ACTUALES,SIN_FUENTE,NULA,REVISAR_CORRECTO_SIN_FUENTE,SIN_FUENTE_EXPLICITA_EN_BASES_ACTUALES
I162S2C40J2V1,42,FECHA_ADMISION_INICIAL,REVISAR,,SIN_FUENTE_ARANCELARIA_EN_BASES_ACTUALES,SIN_FUENTE,NULA,REVISAR_CORRECTO_SIN_FUENTE,SIN_FUENTE_ARANCELARIA_EN_BASES_ACTUALES
I162S2C40J2V1,42,MALLA_CURRICULAR,REVISAR,,SIN_FUENTE_ARANCELARIA_EN_BASES_ACTUALES,SIN_FUENTE,NULA,REVISAR_CORRECTO_SIN_FUENTE,SIN_FUENTE_ARANCELARIA_EN_BASES_ACTUALES
I162S2C40J2V1,42,PERFIL_EGRESO,REVISAR,,SIN_FUENTE_ARANCELARIA_EN_BASES_ACTUALES,SIN_FUENTE,NULA,REVISAR_CORRECTO_SIN_FUENTE,SIN_FUENTE_ARANCELARIA_EN_BASES_ACTUALES
I162S2C40J2V1,42,TEXTO_REQUISITO_INGRESO,REVISAR,,SIN_FUENTE_EXPLICITA_EN_BASES_ACTUALES,SIN_FUENTE,NULA,REVISAR_CORRECTO_SIN_FUENTE,SIN_FUENTE_EXPLICITA_EN_BASES_ACTUALES
I162S2C40J2V1,42,LICENCIA_ENS_MEDIA,REVISAR,,SIN_FUENTE_EXPLICITA_EN_BASES_ACTUALES,SIN_FUENTE,NULA,REVISAR_CORRECTO_SIN_FUENTE,SIN_FUENTE_EXPLICITA_EN_BASES_ACTUALES
I162S2C40J2V1,42,NOTAS_ENS_MEDIA,REVISAR,,SIN_FUENTE_EXPLICITA_EN_BASES_ACTUALES,SIN_FUENTE,NULA,REVISAR_CORRECTO_SIN_FUENTE,SIN_FUENTE_EXPLICITA_EN_BASES_ACTUALES
I162S2C40J2V1,42,PROMEDIO_MIN_ENS_MEDIA,REVISAR,,SIN_FUENTE_EXPLICITA_EN_BASES_ACTUALES,SIN_FUENTE,NULA,REVISAR_CORRECTO_SIN_FUENTE,SIN_FUENTE_EXPLICITA_EN_BASES_ACTUALES
I162S2C40J2V1,42,RECONOCIMIENTOS_APREN_PREVIOS,REVISAR,,SIN_FUENTE_EXPLICITA_EN_BASES_ACTUALES,SIN_FUENTE,NULA,REVISAR_CORRECTO_SIN_FUENTE,SIN_FUENTE_EXPLICITA_EN_BASES_ACTUALES
I162S2C40J2V1,42,EXPERIENCIA_LABORAL,REVISAR,,SIN_FUENTE_EXPLICITA_EN_BASES_ACTUALES,SIN_FUENTE,NULA,REVISAR_CORRECTO_SIN_FUENTE,SIN_FUENTE_EXPLICITA_EN_BASES_ACTUALES
I162S2C40J2V1,42,OTROS_REQUISITOS,REVISAR,,SIN_FUENTE_EXPLICITA_EN_BASES_ACTUALES,SIN_FUENTE,NULA,REVISAR_CORRECTO_SIN_FUENTE,SIN_FUENTE_EXPLICITA_EN_BASES_ACTUALES
I162S2C40J2V1,42,MAIL_DIFUSION_CARRERA,REVISAR,,SIN_FUENTE_ARANCELARIA_EN_BASES_ACTUALES,SIN_FUENTE,NULA,REVISAR_CORRECTO_SIN_FUENTE,SIN_FUENTE_ARANCELARIA_EN_BASES_ACTUALES
I162S2C40J2V1,42,FORMATO_VALOR,REVISAR,,SIN_FUENTE_ARANCELARIA_EN_BASES_ACTUALES,SIN_FUENTE,NULA,REVISAR_CORRECTO_SIN_FUENTE,SIN_FUENTE_ARANCELARIA_EN_BASES_ACTUALES
I162S2C40J2V1,42,VALOR_MATRICULA_ANUAL,REVISAR,,SIN_FUENTE_ARANCELARIA_EN_BASES_ACTUALES,SIN_FUENTE,NULA,REVISAR_CORRECTO_SIN_FUENTE,SIN_FUENTE_ARANCELARIA_EN_BASES_ACTUALES
I162S2C40J2V1,42,COSTO_TITULACION,REVISAR,,SIN_FUENTE_ARANCELARIA_EN_BASES_ACTUALES,SIN_FUENTE,NULA,REVISAR_CORRECTO_SIN_FUENTE,SIN_FUENTE_ARANCELARIA_EN_BASES_ACTUALES
I162S2C40J2V1,42,VALOR_CERTIFICADO_DIPLOMA,REVISAR,,SIN_FUENTE_ARANCELARIA_EN_BASES_ACTUALES,SIN_FUENTE,NULA,REVISAR_CORRECTO_SIN_FUENTE,SIN_FUENTE_ARANCELARIA_EN_BASES_ACTUALES
I162S2C40J2V1,42,ARANCEL_ANUAL,REVISAR,,SIN_FUENTE_ARANCELARIA_EN_BASES_ACTUALES,SIN_FUENTE,NULA,REVISAR_CORRECTO_SIN_FUENTE,SIN_FUENTE_ARANCELARIA_EN_BASES_ACTUALES
I162S2C40J2V1,42,VIGENCIA_CARRERA,REVISAR,,SIN_FUENTE_EXPLICITA_EN_BASES_ACTUALES,SIN_FUENTE,NULA,REVISAR_CORRECTO_SIN_FUENTE,SIN_FUENTE_EXPLICITA_EN_BASES_ACTUALES
I162S2C41J2V1,43,Mención o Especialidad,REVISAR,,SIN_FUENTE_EXPLICITA_EN_BASES_ACTUALES,SIN_FUENTE,NULA,REVISAR_CORRECTO_SIN_FUENTE,SIN_FUENTE_EXPLICITA_EN_BASES_ACTUALES
I162S2C41J2V1,43,Año de inicio de Actividades,REVISAR,,DICCIONARIO.ANIO_INICIO,SIN_FUENTE,NULA,REVISAR_CORRECTO_SIN_FUENTE,Diccionario no trae valor usable para este campo.
I162S2C41J2V1,43,Área del Conocimiento,REVISAR,,DICCIONARIO.AREA_ACTUAL,SIN_FUENTE,NULA,REVISAR_CORRECTO_SIN_FUENTE,Diccionario no trae valor usable para este campo.
I162S2C41J2V1,43,Sub Área,REVISAR,,SIN_TABLA_OFICIAL_DE_EQUIVALENCIA_AREA,SIN_FUENTE,NULA,REVISAR_CORRECTO_SIN_FUENTE,SIN_TABLA_OFICIAL_DE_EQUIVALENCIA_AREA
I162S2C41J2V1,43,Carrera Genérica,REVISAR,,SIN_TABLA_OFICIAL_DE_EQUIVALENCIA_AREA,SIN_FUENTE,NULA,REVISAR_CORRECTO_SIN_FUENTE,SIN_TABLA_OFICIAL_DE_EQUIVALENCIA_AREA
I162S2C41J2V1,43,Título que otorga el programa,REVISAR,,DICCIONARIO.NOMBRE_TITULO,SIN_FUENTE,NULA,REVISAR_CORRECTO_SIN_FUENTE,Diccionario no trae valor usable para este campo.
I162S2C41J2V1,43,Grado Académico que otorga el programa,REVISAR,,SIN_FUENTE_EXPLICITA_EN_BASES_ACTUALES,SIN_FUENTE,NULA,REVISAR_CORRECTO_SIN_FUENTE,SIN_FUENTE_EXPLICITA_EN_BASES_ACTUALES
I162S2C41J2V1,43,Dependencia,REVISAR,,SIN_FUENTE_EXPLICITA_EN_BASES_ACTUALES,SIN_FUENTE,NULA,REVISAR_CORRECTO_SIN_FUENTE,SIN_FUENTE_EXPLICITA_EN_BASES_ACTUALES
I162S2C41J2V1,43,Régimen,REVISAR,,DICCIONARIO.REGIMEN,SIN_FUENTE,NULA,REVISAR_CORRECTO_SIN_FUENTE,Diccionario no trae valor usable para este campo.
I162S2C41J2V1,43,Ingreso Directo,REVISAR,,DICCIONARIO.REQUISITO_INGRESO,SIN_FUENTE,NULA,REVISAR_CORRECTO_SIN_FUENTE,Diccionario no trae valor usable para este campo.
I162S2C41J2V1,43,Ingreso desde un plan Común,REVISAR,,SIN_FUENTE_EXPLICITA_EN_BASES_ACTUALES,SIN_FUENTE,NULA,REVISAR_CORRECTO_SIN_FUENTE,SIN_FUENTE_EXPLICITA_EN_BASES_ACTUALES
I162S2C41J2V1,43,Ingreso desde Bachillerato,REVISAR,,SIN_FUENTE_EXPLICITA_EN_BASES_ACTUALES,SIN_FUENTE,NULA,REVISAR_CORRECTO_SIN_FUENTE,SIN_FUENTE_EXPLICITA_EN_BASES_ACTUALES
I162S2C41J2V1,43,Otro Tipo de Ingreso,REVISAR,,SIN_FUENTE_EXPLICITA_EN_BASES_ACTUALES,SIN_FUENTE,NULA,REVISAR_CORRECTO_SIN_FUENTE,SIN_FUENTE_EXPLICITA_EN_BASES_ACTUALES
I162S2C41J2V1,43,Ingreso otro,REVISAR,,SIN_FUENTE_EXPLICITA_EN_BASES_ACTUALES,SIN_FUENTE,NULA,REVISAR_CORRECTO_SIN_FUENTE,SIN_FUENTE_EXPLICITA_EN_BASES_ACTUALES
I162S2C41J2V1,43,ANIO_INICIO,REVISAR,,DICCIONARIO.ANIO_INICIO,SIN_FUENTE,NULA,REVISAR_CORRECTO_SIN_FUENTE,Diccionario no trae valor usable.
I162S2C41J2V1,43,REGIMEN,REVISAR,,DICCIONARIO.REGIMEN,SIN_FUENTE,NULA,REVISAR_CORRECTO_SIN_FUENTE,Diccionario no trae valor usable.
I162S2C41J2V1,43,DURACION_REGIMEN,REVISAR,,DICCIONARIO.DURACION_REGIMEN,SIN_FUENTE,NULA,REVISAR_CORRECTO_SIN_FUENTE,Diccionario no trae valor usable.
I162S2C41J2V1,43,NOMBRE_TITULO,REVISAR,,DICCIONARIO.NOMBRE_TITULO,SIN_FUENTE,NULA,REVISAR_CORRECTO_SIN_FUENTE,Diccionario no trae valor usable.
I162S2C41J2V1,43,ACREDITACION,REVISAR,,DICCIONARIO.ACREDITACION,SIN_FUENTE,NULA,REVISAR_CORRECTO_SIN_FUENTE,Diccionario no trae valor usable.
I162S2C41J2V1,43,REQUISITO_INGRESO,REVISAR,,DICCIONARIO.REQUISITO_INGRESO,SIN_FUENTE,NULA,REVISAR_CORRECTO_SIN_FUENTE,Diccionario no trae valor usable.
I162S2C41J2V1,43,SEMESTRES_RECONOCIDOS,REVISAR,,DICCIONARIO.SEMESTRES_RECONOCIDOS,SIN_FUENTE,NULA,REVISAR_CORRECTO_SIN_FUENTE,Diccionario no trae valor usable.
I162S2C41J2V1,43,AREA_ACTUAL,REVISAR,,DICCIONARIO.AREA_ACTUAL,SIN_FUENTE,NULA,REVISAR_CORRECTO_SIN_FUENTE,Diccionario no trae valor usable.
I162S2C41J2V1,43,AREA_ADMIN_DERECHO,REVISAR,,DICCIONARIO.AREA_ADMIN_DERECHO,SIN_FUENTE,NULA,REVISAR_CORRECTO_SIN_FUENTE,Diccionario no trae valor usable.
I162S2C41J2V1,43,AREA_AGRI_SILVI_PESCA_VET,REVISAR,,DICCIONARIO.AREA_AGRI_SILVI_PESCA_VET,SIN_FUENTE,NULA,REVISAR_CORRECTO_SIN_FUENTE,Diccionario no trae valor usable.
I162S2C41J2V1,43,AREA_ARTES_HUMANIDADES,REVISAR,,DICCIONARIO.AREA_ARTES_HUMANIDADES,SIN_FUENTE,NULA,REVISAR_CORRECTO_SIN_FUENTE,Diccionario no trae valor usable.
I162S2C41J2V1,43,AREA_CIENCIAS_NAT_MAT_ESTAD,REVISAR,,DICCIONARIO.AREA_CIENCIAS_NAT_MAT_ESTAD,SIN_FUENTE,NULA,REVISAR_CORRECTO_SIN_FUENTE,Diccionario no trae valor usable.
I162S2C41J2V1,43,AREA_CS_SOCIAL_PERIODISMO_INFO,REVISAR,,DICCIONARIO.AREA_CS_SOCIAL_PERIODISMO_INFO,SIN_FUENTE,NULA,REVISAR_CORRECTO_SIN_FUENTE,Diccionario no trae valor usable.
I162S2C41J2V1,43,AREA_EDUCACION,REVISAR,,DICCIONARIO.AREA_EDUCACION,SIN_FUENTE,NULA,REVISAR_CORRECTO_SIN_FUENTE,Diccionario no trae valor usable.
I162S2C41J2V1,43,AREA_INGE_INDUSTRIA_CONSTRUC,REVISAR,,DICCIONARIO.AREA_INGE_INDUSTRIA_CONSTRUC,SIN_FUENTE,NULA,REVISAR_CORRECTO_SIN_FUENTE,Diccionario no trae valor usable.
I162S2C41J2V1,43,AREA_SALUD_BIENESTAR,REVISAR,,DICCIONARIO.AREA_SALUD_BIENESTAR,SIN_FUENTE,NULA,REVISAR_CORRECTO_SIN_FUENTE,Diccionario no trae valor usable.
I162S2C41J2V1,43,AREA_SERVICIOS,REVISAR,,DICCIONARIO.AREA_SERVICIOS,SIN_FUENTE,NULA,REVISAR_CORRECTO_SIN_FUENTE,Diccionario no trae valor usable.
I162S2C41J2V1,43,AREA_TECNO_INFO_COMUNICA,REVISAR,,DICCIONARIO.AREA_TECNO_INFO_COMUNICA,SIN_FUENTE,NULA,REVISAR_CORRECTO_SIN_FUENTE,Diccionario no trae valor usable.
I162S2C41J2V1,43,VACANTES_PRIMER_SEMESTRE,REVISAR,,DICCIONARIO.VACANTES_PRIMER_SEMESTRE,SIN_FUENTE,NULA,REVISAR_CORRECTO_SIN_FUENTE,Diccionario no trae valor usable.
I162S2C41J2V1,43,VACANTES_SEGUNDO_SEMESTRE,REVISAR,,DICCIONARIO.VACANTES_SEGUNDO_SEMESTRE,SIN_FUENTE,NULA,REVISAR_CORRECTO_SIN_FUENTE,Diccionario no trae valor usable.
I162S2C41J2V1,43,FECHA_ADMISION_INICIAL,REVISAR,,SIN_FUENTE_ARANCELARIA_EN_BASES_ACTUALES,SIN_FUENTE,NULA,REVISAR_CORRECTO_SIN_FUENTE,SIN_FUENTE_ARANCELARIA_EN_BASES_ACTUALES
I162S2C41J2V1,43,MALLA_CURRICULAR,REVISAR,,SIN_FUENTE_ARANCELARIA_EN_BASES_ACTUALES,SIN_FUENTE,NULA,REVISAR_CORRECTO_SIN_FUENTE,SIN_FUENTE_ARANCELARIA_EN_BASES_ACTUALES
I162S2C41J2V1,43,PERFIL_EGRESO,REVISAR,,SIN_FUENTE_ARANCELARIA_EN_BASES_ACTUALES,SIN_FUENTE,NULA,REVISAR_CORRECTO_SIN_FUENTE,SIN_FUENTE_ARANCELARIA_EN_BASES_ACTUALES
I162S2C41J2V1,43,TEXTO_REQUISITO_INGRESO,REVISAR,,SIN_FUENTE_EXPLICITA_EN_BASES_ACTUALES,SIN_FUENTE,NULA,REVISAR_CORRECTO_SIN_FUENTE,SIN_FUENTE_EXPLICITA_EN_BASES_ACTUALES
I162S2C41J2V1,43,LICENCIA_ENS_MEDIA,REVISAR,,SIN_FUENTE_EXPLICITA_EN_BASES_ACTUALES,SIN_FUENTE,NULA,REVISAR_CORRECTO_SIN_FUENTE,SIN_FUENTE_EXPLICITA_EN_BASES_ACTUALES
I162S2C41J2V1,43,NOTAS_ENS_MEDIA,REVISAR,,SIN_FUENTE_EXPLICITA_EN_BASES_ACTUALES,SIN_FUENTE,NULA,REVISAR_CORRECTO_SIN_FUENTE,SIN_FUENTE_EXPLICITA_EN_BASES_ACTUALES
I162S2C41J2V1,43,PROMEDIO_MIN_ENS_MEDIA,REVISAR,,SIN_FUENTE_EXPLICITA_EN_BASES_ACTUALES,SIN_FUENTE,NULA,REVISAR_CORRECTO_SIN_FUENTE,SIN_FUENTE_EXPLICITA_EN_BASES_ACTUALES
I162S2C41J2V1,43,RECONOCIMIENTOS_APREN_PREVIOS,REVISAR,,SIN_FUENTE_EXPLICITA_EN_BASES_ACTUALES,SIN_FUENTE,NULA,REVISAR_CORRECTO_SIN_FUENTE,SIN_FUENTE_EXPLICITA_EN_BASES_ACTUALES
I162S2C41J2V1,43,EXPERIENCIA_LABORAL,REVISAR,,SIN_FUENTE_EXPLICITA_EN_BASES_ACTUALES,SIN_FUENTE,NULA,REVISAR_CORRECTO_SIN_FUENTE,SIN_FUENTE_EXPLICITA_EN_BASES_ACTUALES
I162S2C41J2V1,43,OTROS_REQUISITOS,REVISAR,,SIN_FUENTE_EXPLICITA_EN_BASES_ACTUALES,SIN_FUENTE,NULA,REVISAR_CORRECTO_SIN_FUENTE,SIN_FUENTE_EXPLICITA_EN_BASES_ACTUALES
I162S2C41J2V1,43,MAIL_DIFUSION_CARRERA,REVISAR,,SIN_FUENTE_ARANCELARIA_EN_BASES_ACTUALES,SIN_FUENTE,NULA,REVISAR_CORRECTO_SIN_FUENTE,SIN_FUENTE_ARANCELARIA_EN_BASES_ACTUALES
I162S2C41J2V1,43,FORMATO_VALOR,REVISAR,,SIN_FUENTE_ARANCELARIA_EN_BASES_ACTUALES,SIN_FUENTE,NULA,REVISAR_CORRECTO_SIN_FUENTE,SIN_FUENTE_ARANCELARIA_EN_BASES_ACTUALES
I162S2C41J2V1,43,VALOR_MATRICULA_ANUAL,REVISAR,,SIN_FUENTE_ARANCELARIA_EN_BASES_ACTUALES,SIN_FUENTE,NULA,REVISAR_CORRECTO_SIN_FUENTE,SIN_FUENTE_ARANCELARIA_EN_BASES_ACTUALES
I162S2C41J2V1,43,COSTO_TITULACION,REVISAR,,SIN_FUENTE_ARANCELARIA_EN_BASES_ACTUALES,SIN_FUENTE,NULA,REVISAR_CORRECTO_SIN_FUENTE,SIN_FUENTE_ARANCELARIA_EN_BASES_ACTUALES
I162S2C41J2V1,43,VALOR_CERTIFICADO_DIPLOMA,REVISAR,,SIN_FUENTE_ARANCELARIA_EN_BASES_ACTUALES,SIN_FUENTE,NULA,REVISAR_CORRECTO_SIN_FUENTE,SIN_FUENTE_ARANCELARIA_EN_BASES_ACTUALES
I162S2C41J2V1,43,ARANCEL_ANUAL,REVISAR,,SIN_FUENTE_ARANCELARIA_EN_BASES_ACTUALES,SIN_FUENTE,NULA,REVISAR_CORRECTO_SIN_FUENTE,SIN_FUENTE_ARANCELARIA_EN_BASES_ACTUALES
I162S2C41J2V1,43,VIGENCIA_CARRERA,REVISAR,,SIN_FUENTE_EXPLICITA_EN_BASES_ACTUALES,SIN_FUENTE,NULA,REVISAR_CORRECTO_SIN_FUENTE,SIN_FUENTE_EXPLICITA_EN_BASES_ACTUALES
I162S2C53J3V1,44,Mención o Especialidad,REVISAR,,SIN_FUENTE_EXPLICITA_EN_BASES_ACTUALES,SIN_FUENTE,NULA,REVISAR_CORRECTO_SIN_FUENTE,SIN_FUENTE_EXPLICITA_EN_BASES_ACTUALES
I162S2C53J3V1,44,Horario,REVISAR,,MAPEO_LOCAL_JORNADA,REGLA_CONDICIONAL,NULA,REVISAR_CORRECTO_SIN_FUENTE,Sin mapa validado para jornada.
I162S2C53J3V1,44,Modalidad del Programa,REVISAR,,MAPEO_LOCAL_MODALIDAD,REGLA_CONDICIONAL,NULA,REVISAR_CORRECTO_SIN_FUENTE,Sin mapa validado para modalidad.
I162S2C53J3V1,44,Área del Conocimiento,REVISAR,10,DICCIONARIO.AREA_ACTUAL,REGLA_CONDICIONAL,MEDIA,COMPLETABLE_POR_REGLA_CONDICIONAL,Existe código técnico; falta confirmar formato/etiqueta final aceptada por formulario.
I162S2C53J3V1,44,Sub Área,REVISAR,,SIN_TABLA_OFICIAL_DE_EQUIVALENCIA_AREA,SIN_FUENTE,NULA,REVISAR_CORRECTO_SIN_FUENTE,SIN_TABLA_OFICIAL_DE_EQUIVALENCIA_AREA
I162S2C53J3V1,44,Carrera Genérica,REVISAR,,SIN_TABLA_OFICIAL_DE_EQUIVALENCIA_AREA,SIN_FUENTE,NULA,REVISAR_CORRECTO_SIN_FUENTE,SIN_TABLA_OFICIAL_DE_EQUIVALENCIA_AREA
I162S2C53J3V1,44,Grado Académico que otorga el programa,REVISAR,,SIN_FUENTE_EXPLICITA_EN_BASES_ACTUALES,SIN_FUENTE,NULA,REVISAR_CORRECTO_SIN_FUENTE,SIN_FUENTE_EXPLICITA_EN_BASES_ACTUALES
I162S2C53J3V1,44,Dependencia,REVISAR,,SIN_FUENTE_EXPLICITA_EN_BASES_ACTUALES,SIN_FUENTE,NULA,REVISAR_CORRECTO_SIN_FUENTE,SIN_FUENTE_EXPLICITA_EN_BASES_ACTUALES
I162S2C53J3V1,44,Régimen,REVISAR,1,DICCIONARIO.REGIMEN,REGLA_CONDICIONAL,MEDIA,COMPLETABLE_POR_REGLA_CONDICIONAL,Existe código técnico; falta confirmar formato/etiqueta final aceptada por formulario.
I162S2C53J3V1,44,Ingreso Directo,REVISAR,2,DICCIONARIO.REQUISITO_INGRESO,REGLA_CONDICIONAL,MEDIA,COMPLETABLE_POR_REGLA_CONDICIONAL,Existe código técnico; falta confirmar formato/etiqueta final aceptada por formulario.
I162S2C53J3V1,44,Ingreso desde un plan Común,REVISAR,,SIN_FUENTE_EXPLICITA_EN_BASES_ACTUALES,SIN_FUENTE,NULA,REVISAR_CORRECTO_SIN_FUENTE,SIN_FUENTE_EXPLICITA_EN_BASES_ACTUALES
I162S2C53J3V1,44,Ingreso desde Bachillerato,REVISAR,,SIN_FUENTE_EXPLICITA_EN_BASES_ACTUALES,SIN_FUENTE,NULA,REVISAR_CORRECTO_SIN_FUENTE,SIN_FUENTE_EXPLICITA_EN_BASES_ACTUALES
I162S2C53J3V1,44,Otro Tipo de Ingreso,REVISAR,,SIN_FUENTE_EXPLICITA_EN_BASES_ACTUALES,SIN_FUENTE,NULA,REVISAR_CORRECTO_SIN_FUENTE,SIN_FUENTE_EXPLICITA_EN_BASES_ACTUALES
I162S2C53J3V1,44,Ingreso otro,REVISAR,,SIN_FUENTE_EXPLICITA_EN_BASES_ACTUALES,SIN_FUENTE,NULA,REVISAR_CORRECTO_SIN_FUENTE,SIN_FUENTE_EXPLICITA_EN_BASES_ACTUALES
I162S2C53J3V1,44,FECHA_ADMISION_INICIAL,REVISAR,,SIN_FUENTE_ARANCELARIA_EN_BASES_ACTUALES,SIN_FUENTE,NULA,REVISAR_CORRECTO_SIN_FUENTE,SIN_FUENTE_ARANCELARIA_EN_BASES_ACTUALES
I162S2C53J3V1,44,MALLA_CURRICULAR,REVISAR,,SIN_FUENTE_ARANCELARIA_EN_BASES_ACTUALES,SIN_FUENTE,NULA,REVISAR_CORRECTO_SIN_FUENTE,SIN_FUENTE_ARANCELARIA_EN_BASES_ACTUALES
I162S2C53J3V1,44,PERFIL_EGRESO,REVISAR,,SIN_FUENTE_ARANCELARIA_EN_BASES_ACTUALES,SIN_FUENTE,NULA,REVISAR_CORRECTO_SIN_FUENTE,SIN_FUENTE_ARANCELARIA_EN_BASES_ACTUALES
I162S2C53J3V1,44,TEXTO_REQUISITO_INGRESO,REVISAR,,SIN_FUENTE_EXPLICITA_EN_BASES_ACTUALES,SIN_FUENTE,NULA,REVISAR_CORRECTO_SIN_FUENTE,SIN_FUENTE_EXPLICITA_EN_BASES_ACTUALES
I162S2C53J3V1,44,LICENCIA_ENS_MEDIA,REVISAR,,SIN_FUENTE_EXPLICITA_EN_BASES_ACTUALES,SIN_FUENTE,NULA,REVISAR_CORRECTO_SIN_FUENTE,SIN_FUENTE_EXPLICITA_EN_BASES_ACTUALES
I162S2C53J3V1,44,NOTAS_ENS_MEDIA,REVISAR,,SIN_FUENTE_EXPLICITA_EN_BASES_ACTUALES,SIN_FUENTE,NULA,REVISAR_CORRECTO_SIN_FUENTE,SIN_FUENTE_EXPLICITA_EN_BASES_ACTUALES
I162S2C53J3V1,44,PROMEDIO_MIN_ENS_MEDIA,REVISAR,,SIN_FUENTE_EXPLICITA_EN_BASES_ACTUALES,SIN_FUENTE,NULA,REVISAR_CORRECTO_SIN_FUENTE,SIN_FUENTE_EXPLICITA_EN_BASES_ACTUALES
I162S2C53J3V1,44,RECONOCIMIENTOS_APREN_PREVIOS,REVISAR,,SIN_FUENTE_EXPLICITA_EN_BASES_ACTUALES,SIN_FUENTE,NULA,REVISAR_CORRECTO_SIN_FUENTE,SIN_FUENTE_EXPLICITA_EN_BASES_ACTUALES
I162S2C53J3V1,44,EXPERIENCIA_LABORAL,REVISAR,,SIN_FUENTE_EXPLICITA_EN_BASES_ACTUALES,SIN_FUENTE,NULA,REVISAR_CORRECTO_SIN_FUENTE,SIN_FUENTE_EXPLICITA_EN_BASES_ACTUALES
I162S2C53J3V1,44,OTROS_REQUISITOS,REVISAR,,SIN_FUENTE_EXPLICITA_EN_BASES_ACTUALES,SIN_FUENTE,NULA,REVISAR_CORRECTO_SIN_FUENTE,SIN_FUENTE_EXPLICITA_EN_BASES_ACTUALES
I162S2C53J3V1,44,MAIL_DIFUSION_CARRERA,REVISAR,,SIN_FUENTE_ARANCELARIA_EN_BASES_ACTUALES,SIN_FUENTE,NULA,REVISAR_CORRECTO_SIN_FUENTE,SIN_FUENTE_ARANCELARIA_EN_BASES_ACTUALES
I162S2C53J3V1,44,FORMATO_VALOR,REVISAR,,SIN_FUENTE_ARANCELARIA_EN_BASES_ACTUALES,SIN_FUENTE,NULA,REVISAR_CORRECTO_SIN_FUENTE,SIN_FUENTE_ARANCELARIA_EN_BASES_ACTUALES
I162S2C53J3V1,44,VALOR_MATRICULA_ANUAL,REVISAR,,SIN_FUENTE_ARANCELARIA_EN_BASES_ACTUALES,SIN_FUENTE,NULA,REVISAR_CORRECTO_SIN_FUENTE,SIN_FUENTE_ARANCELARIA_EN_BASES_ACTUALES
I162S2C53J3V1,44,COSTO_TITULACION,REVISAR,,SIN_FUENTE_ARANCELARIA_EN_BASES_ACTUALES,SIN_FUENTE,NULA,REVISAR_CORRECTO_SIN_FUENTE,SIN_FUENTE_ARANCELARIA_EN_BASES_ACTUALES
I162S2C53J3V1,44,VALOR_CERTIFICADO_DIPLOMA,REVISAR,,SIN_FUENTE_ARANCELARIA_EN_BASES_ACTUALES,SIN_FUENTE,NULA,REVISAR_CORRECTO_SIN_FUENTE,SIN_FUENTE_ARANCELARIA_EN_BASES_ACTUALES
I162S2C53J3V1,44,ARANCEL_ANUAL,REVISAR,,SIN_FUENTE_ARANCELARIA_EN_BASES_ACTUALES,SIN_FUENTE,NULA,REVISAR_CORRECTO_SIN_FUENTE,SIN_FUENTE_ARANCELARIA_EN_BASES_ACTUALES
I162S2C53J3V1,44,VIGENCIA_CARRERA,REVISAR,,SIN_FUENTE_EXPLICITA_EN_BASES_ACTUALES,SIN_FUENTE,NULA,REVISAR_CORRECTO_SIN_FUENTE,SIN_FUENTE_EXPLICITA_EN_BASES_ACTUALES
I162S2C63J4V1,45,Mención o Especialidad,REVISAR,,SIN_FUENTE_EXPLICITA_EN_BASES_ACTUALES,SIN_FUENTE,NULA,REVISAR_CORRECTO_SIN_FUENTE,SIN_FUENTE_EXPLICITA_EN_BASES_ACTUALES
I162S2C63J4V1,45,Área del Conocimiento,REVISAR,10,DICCIONARIO.AREA_ACTUAL,REGLA_CONDICIONAL,MEDIA,COMPLETABLE_POR_REGLA_CONDICIONAL,Existe código técnico; falta confirmar formato/etiqueta final aceptada por formulario.
I162S2C63J4V1,45,Sub Área,REVISAR,,SIN_TABLA_OFICIAL_DE_EQUIVALENCIA_AREA,SIN_FUENTE,NULA,REVISAR_CORRECTO_SIN_FUENTE,SIN_TABLA_OFICIAL_DE_EQUIVALENCIA_AREA
I162S2C63J4V1,45,Carrera Genérica,REVISAR,,SIN_TABLA_OFICIAL_DE_EQUIVALENCIA_AREA,SIN_FUENTE,NULA,REVISAR_CORRECTO_SIN_FUENTE,SIN_TABLA_OFICIAL_DE_EQUIVALENCIA_AREA
I162S2C63J4V1,45,Grado Académico que otorga el programa,REVISAR,,SIN_FUENTE_EXPLICITA_EN_BASES_ACTUALES,SIN_FUENTE,NULA,REVISAR_CORRECTO_SIN_FUENTE,SIN_FUENTE_EXPLICITA_EN_BASES_ACTUALES
I162S2C63J4V1,45,Dependencia,REVISAR,,SIN_FUENTE_EXPLICITA_EN_BASES_ACTUALES,SIN_FUENTE,NULA,REVISAR_CORRECTO_SIN_FUENTE,SIN_FUENTE_EXPLICITA_EN_BASES_ACTUALES
I162S2C63J4V1,45,Régimen,REVISAR,1,DICCIONARIO.REGIMEN,REGLA_CONDICIONAL,MEDIA,COMPLETABLE_POR_REGLA_CONDICIONAL,Existe código técnico; falta confirmar formato/etiqueta final aceptada por formulario.
I162S2C63J4V1,45,Ingreso Directo,REVISAR,2,DICCIONARIO.REQUISITO_INGRESO,REGLA_CONDICIONAL,MEDIA,COMPLETABLE_POR_REGLA_CONDICIONAL,Existe código técnico; falta confirmar formato/etiqueta final aceptada por formulario.
I162S2C63J4V1,45,Ingreso desde un plan Común,REVISAR,,SIN_FUENTE_EXPLICITA_EN_BASES_ACTUALES,SIN_FUENTE,NULA,REVISAR_CORRECTO_SIN_FUENTE,SIN_FUENTE_EXPLICITA_EN_BASES_ACTUALES
I162S2C63J4V1,45,Ingreso desde Bachillerato,REVISAR,,SIN_FUENTE_EXPLICITA_EN_BASES_ACTUALES,SIN_FUENTE,NULA,REVISAR_CORRECTO_SIN_FUENTE,SIN_FUENTE_EXPLICITA_EN_BASES_ACTUALES
I162S2C63J4V1,45,Otro Tipo de Ingreso,REVISAR,,SIN_FUENTE_EXPLICITA_EN_BASES_ACTUALES,SIN_FUENTE,NULA,REVISAR_CORRECTO_SIN_FUENTE,SIN_FUENTE_EXPLICITA_EN_BASES_ACTUALES
I162S2C63J4V1,45,Ingreso otro,REVISAR,,SIN_FUENTE_EXPLICITA_EN_BASES_ACTUALES,SIN_FUENTE,NULA,REVISAR_CORRECTO_SIN_FUENTE,SIN_FUENTE_EXPLICITA_EN_BASES_ACTUALES
I162S2C63J4V1,45,FECHA_ADMISION_INICIAL,REVISAR,,SIN_FUENTE_ARANCELARIA_EN_BASES_ACTUALES,SIN_FUENTE,NULA,REVISAR_CORRECTO_SIN_FUENTE,SIN_FUENTE_ARANCELARIA_EN_BASES_ACTUALES
I162S2C63J4V1,45,MALLA_CURRICULAR,REVISAR,,SIN_FUENTE_ARANCELARIA_EN_BASES_ACTUALES,SIN_FUENTE,NULA,REVISAR_CORRECTO_SIN_FUENTE,SIN_FUENTE_ARANCELARIA_EN_BASES_ACTUALES
I162S2C63J4V1,45,PERFIL_EGRESO,REVISAR,,SIN_FUENTE_ARANCELARIA_EN_BASES_ACTUALES,SIN_FUENTE,NULA,REVISAR_CORRECTO_SIN_FUENTE,SIN_FUENTE_ARANCELARIA_EN_BASES_ACTUALES
I162S2C63J4V1,45,TEXTO_REQUISITO_INGRESO,REVISAR,,SIN_FUENTE_EXPLICITA_EN_BASES_ACTUALES,SIN_FUENTE,NULA,REVISAR_CORRECTO_SIN_FUENTE,SIN_FUENTE_EXPLICITA_EN_BASES_ACTUALES
I162S2C63J4V1,45,LICENCIA_ENS_MEDIA,REVISAR,,SIN_FUENTE_EXPLICITA_EN_BASES_ACTUALES,SIN_FUENTE,NULA,REVISAR_CORRECTO_SIN_FUENTE,SIN_FUENTE_EXPLICITA_EN_BASES_ACTUALES
I162S2C63J4V1,45,NOTAS_ENS_MEDIA,REVISAR,,SIN_FUENTE_EXPLICITA_EN_BASES_ACTUALES,SIN_FUENTE,NULA,REVISAR_CORRECTO_SIN_FUENTE,SIN_FUENTE_EXPLICITA_EN_BASES_ACTUALES
I162S2C63J4V1,45,PROMEDIO_MIN_ENS_MEDIA,REVISAR,,SIN_FUENTE_EXPLICITA_EN_BASES_ACTUALES,SIN_FUENTE,NULA,REVISAR_CORRECTO_SIN_FUENTE,SIN_FUENTE_EXPLICITA_EN_BASES_ACTUALES
I162S2C63J4V1,45,RECONOCIMIENTOS_APREN_PREVIOS,REVISAR,,SIN_FUENTE_EXPLICITA_EN_BASES_ACTUALES,SIN_FUENTE,NULA,REVISAR_CORRECTO_SIN_FUENTE,SIN_FUENTE_EXPLICITA_EN_BASES_ACTUALES
I162S2C63J4V1,45,EXPERIENCIA_LABORAL,REVISAR,,SIN_FUENTE_EXPLICITA_EN_BASES_ACTUALES,SIN_FUENTE,NULA,REVISAR_CORRECTO_SIN_FUENTE,SIN_FUENTE_EXPLICITA_EN_BASES_ACTUALES
I162S2C63J4V1,45,OTROS_REQUISITOS,REVISAR,,SIN_FUENTE_EXPLICITA_EN_BASES_ACTUALES,SIN_FUENTE,NULA,REVISAR_CORRECTO_SIN_FUENTE,SIN_FUENTE_EXPLICITA_EN_BASES_ACTUALES
I162S2C63J4V1,45,MAIL_DIFUSION_CARRERA,REVISAR,,SIN_FUENTE_ARANCELARIA_EN_BASES_ACTUALES,SIN_FUENTE,NULA,REVISAR_CORRECTO_SIN_FUENTE,SIN_FUENTE_ARANCELARIA_EN_BASES_ACTUALES
I162S2C63J4V1,45,FORMATO_VALOR,REVISAR,,SIN_FUENTE_ARANCELARIA_EN_BASES_ACTUALES,SIN_FUENTE,NULA,REVISAR_CORRECTO_SIN_FUENTE,SIN_FUENTE_ARANCELARIA_EN_BASES_ACTUALES
I162S2C63J4V1,45,VALOR_MATRICULA_ANUAL,REVISAR,,SIN_FUENTE_ARANCELARIA_EN_BASES_ACTUALES,SIN_FUENTE,NULA,REVISAR_CORRECTO_SIN_FUENTE,SIN_FUENTE_ARANCELARIA_EN_BASES_ACTUALES
I162S2C63J4V1,45,COSTO_TITULACION,REVISAR,,SIN_FUENTE_ARANCELARIA_EN_BASES_ACTUALES,SIN_FUENTE,NULA,REVISAR_CORRECTO_SIN_FUENTE,SIN_FUENTE_ARANCELARIA_EN_BASES_ACTUALES
I162S2C63J4V1,45,VALOR_CERTIFICADO_DIPLOMA,REVISAR,,SIN_FUENTE_ARANCELARIA_EN_BASES_ACTUALES,SIN_FUENTE,NULA,REVISAR_CORRECTO_SIN_FUENTE,SIN_FUENTE_ARANCELARIA_EN_BASES_ACTUALES
I162S2C63J4V1,45,ARANCEL_ANUAL,REVISAR,,SIN_FUENTE_ARANCELARIA_EN_BASES_ACTUALES,SIN_FUENTE,NULA,REVISAR_CORRECTO_SIN_FUENTE,SIN_FUENTE_ARANCELARIA_EN_BASES_ACTUALES
I162S2C63J4V1,45,VIGENCIA_CARRERA,REVISAR,,SIN_FUENTE_EXPLICITA_EN_BASES_ACTUALES,SIN_FUENTE,NULA,REVISAR_CORRECTO_SIN_FUENTE,SIN_FUENTE_EXPLICITA_EN_BASES_ACTUALES
I162S2C64J4V1,46,Mención o Especialidad,REVISAR,,SIN_FUENTE_EXPLICITA_EN_BASES_ACTUALES,SIN_FUENTE,NULA,REVISAR_CORRECTO_SIN_FUENTE,SIN_FUENTE_EXPLICITA_EN_BASES_ACTUALES
I162S2C64J4V1,46,Área del Conocimiento,REVISAR,10,DICCIONARIO.AREA_ACTUAL,REGLA_CONDICIONAL,MEDIA,COMPLETABLE_POR_REGLA_CONDICIONAL,Existe código técnico; falta confirmar formato/etiqueta final aceptada por formulario.
I162S2C64J4V1,46,Sub Área,REVISAR,,SIN_TABLA_OFICIAL_DE_EQUIVALENCIA_AREA,SIN_FUENTE,NULA,REVISAR_CORRECTO_SIN_FUENTE,SIN_TABLA_OFICIAL_DE_EQUIVALENCIA_AREA
I162S2C64J4V1,46,Carrera Genérica,REVISAR,,SIN_TABLA_OFICIAL_DE_EQUIVALENCIA_AREA,SIN_FUENTE,NULA,REVISAR_CORRECTO_SIN_FUENTE,SIN_TABLA_OFICIAL_DE_EQUIVALENCIA_AREA
I162S2C64J4V1,46,Grado Académico que otorga el programa,REVISAR,,SIN_FUENTE_EXPLICITA_EN_BASES_ACTUALES,SIN_FUENTE,NULA,REVISAR_CORRECTO_SIN_FUENTE,SIN_FUENTE_EXPLICITA_EN_BASES_ACTUALES
I162S2C64J4V1,46,Dependencia,REVISAR,,SIN_FUENTE_EXPLICITA_EN_BASES_ACTUALES,SIN_FUENTE,NULA,REVISAR_CORRECTO_SIN_FUENTE,SIN_FUENTE_EXPLICITA_EN_BASES_ACTUALES
I162S2C64J4V1,46,Régimen,REVISAR,1,DICCIONARIO.REGIMEN,REGLA_CONDICIONAL,MEDIA,COMPLETABLE_POR_REGLA_CONDICIONAL,Existe código técnico; falta confirmar formato/etiqueta final aceptada por formulario.
I162S2C64J4V1,46,Ingreso Directo,REVISAR,2,DICCIONARIO.REQUISITO_INGRESO,REGLA_CONDICIONAL,MEDIA,COMPLETABLE_POR_REGLA_CONDICIONAL,Existe código técnico; falta confirmar formato/etiqueta final aceptada por formulario.
I162S2C64J4V1,46,Ingreso desde un plan Común,REVISAR,,SIN_FUENTE_EXPLICITA_EN_BASES_ACTUALES,SIN_FUENTE,NULA,REVISAR_CORRECTO_SIN_FUENTE,SIN_FUENTE_EXPLICITA_EN_BASES_ACTUALES
I162S2C64J4V1,46,Ingreso desde Bachillerato,REVISAR,,SIN_FUENTE_EXPLICITA_EN_BASES_ACTUALES,SIN_FUENTE,NULA,REVISAR_CORRECTO_SIN_FUENTE,SIN_FUENTE_EXPLICITA_EN_BASES_ACTUALES
I162S2C64J4V1,46,Otro Tipo de Ingreso,REVISAR,,SIN_FUENTE_EXPLICITA_EN_BASES_ACTUALES,SIN_FUENTE,NULA,REVISAR_CORRECTO_SIN_FUENTE,SIN_FUENTE_EXPLICITA_EN_BASES_ACTUALES
I162S2C64J4V1,46,Ingreso otro,REVISAR,,SIN_FUENTE_EXPLICITA_EN_BASES_ACTUALES,SIN_FUENTE,NULA,REVISAR_CORRECTO_SIN_FUENTE,SIN_FUENTE_EXPLICITA_EN_BASES_ACTUALES
I162S2C64J4V1,46,FECHA_ADMISION_INICIAL,REVISAR,,SIN_FUENTE_ARANCELARIA_EN_BASES_ACTUALES,SIN_FUENTE,NULA,REVISAR_CORRECTO_SIN_FUENTE,SIN_FUENTE_ARANCELARIA_EN_BASES_ACTUALES
I162S2C64J4V1,46,MALLA_CURRICULAR,REVISAR,,SIN_FUENTE_ARANCELARIA_EN_BASES_ACTUALES,SIN_FUENTE,NULA,REVISAR_CORRECTO_SIN_FUENTE,SIN_FUENTE_ARANCELARIA_EN_BASES_ACTUALES
I162S2C64J4V1,46,PERFIL_EGRESO,REVISAR,,SIN_FUENTE_ARANCELARIA_EN_BASES_ACTUALES,SIN_FUENTE,NULA,REVISAR_CORRECTO_SIN_FUENTE,SIN_FUENTE_ARANCELARIA_EN_BASES_ACTUALES
I162S2C64J4V1,46,TEXTO_REQUISITO_INGRESO,REVISAR,,SIN_FUENTE_EXPLICITA_EN_BASES_ACTUALES,SIN_FUENTE,NULA,REVISAR_CORRECTO_SIN_FUENTE,SIN_FUENTE_EXPLICITA_EN_BASES_ACTUALES
I162S2C64J4V1,46,LICENCIA_ENS_MEDIA,REVISAR,,SIN_FUENTE_EXPLICITA_EN_BASES_ACTUALES,SIN_FUENTE,NULA,REVISAR_CORRECTO_SIN_FUENTE,SIN_FUENTE_EXPLICITA_EN_BASES_ACTUALES
I162S2C64J4V1,46,NOTAS_ENS_MEDIA,REVISAR,,SIN_FUENTE_EXPLICITA_EN_BASES_ACTUALES,SIN_FUENTE,NULA,REVISAR_CORRECTO_SIN_FUENTE,SIN_FUENTE_EXPLICITA_EN_BASES_ACTUALES
I162S2C64J4V1,46,PROMEDIO_MIN_ENS_MEDIA,REVISAR,,SIN_FUENTE_EXPLICITA_EN_BASES_ACTUALES,SIN_FUENTE,NULA,REVISAR_CORRECTO_SIN_FUENTE,SIN_FUENTE_EXPLICITA_EN_BASES_ACTUALES
I162S2C64J4V1,46,RECONOCIMIENTOS_APREN_PREVIOS,REVISAR,,SIN_FUENTE_EXPLICITA_EN_BASES_ACTUALES,SIN_FUENTE,NULA,REVISAR_CORRECTO_SIN_FUENTE,SIN_FUENTE_EXPLICITA_EN_BASES_ACTUALES
I162S2C64J4V1,46,EXPERIENCIA_LABORAL,REVISAR,,SIN_FUENTE_EXPLICITA_EN_BASES_ACTUALES,SIN_FUENTE,NULA,REVISAR_CORRECTO_SIN_FUENTE,SIN_FUENTE_EXPLICITA_EN_BASES_ACTUALES
I162S2C64J4V1,46,OTROS_REQUISITOS,REVISAR,,SIN_FUENTE_EXPLICITA_EN_BASES_ACTUALES,SIN_FUENTE,NULA,REVISAR_CORRECTO_SIN_FUENTE,SIN_FUENTE_EXPLICITA_EN_BASES_ACTUALES
I162S2C64J4V1,46,MAIL_DIFUSION_CARRERA,REVISAR,,SIN_FUENTE_ARANCELARIA_EN_BASES_ACTUALES,SIN_FUENTE,NULA,REVISAR_CORRECTO_SIN_FUENTE,SIN_FUENTE_ARANCELARIA_EN_BASES_ACTUALES
I162S2C64J4V1,46,FORMATO_VALOR,REVISAR,,SIN_FUENTE_ARANCELARIA_EN_BASES_ACTUALES,SIN_FUENTE,NULA,REVISAR_CORRECTO_SIN_FUENTE,SIN_FUENTE_ARANCELARIA_EN_BASES_ACTUALES
I162S2C64J4V1,46,VALOR_MATRICULA_ANUAL,REVISAR,,SIN_FUENTE_ARANCELARIA_EN_BASES_ACTUALES,SIN_FUENTE,NULA,REVISAR_CORRECTO_SIN_FUENTE,SIN_FUENTE_ARANCELARIA_EN_BASES_ACTUALES
I162S2C64J4V1,46,COSTO_TITULACION,REVISAR,,SIN_FUENTE_ARANCELARIA_EN_BASES_ACTUALES,SIN_FUENTE,NULA,REVISAR_CORRECTO_SIN_FUENTE,SIN_FUENTE_ARANCELARIA_EN_BASES_ACTUALES
I162S2C64J4V1,46,VALOR_CERTIFICADO_DIPLOMA,REVISAR,,SIN_FUENTE_ARANCELARIA_EN_BASES_ACTUALES,SIN_FUENTE,NULA,REVISAR_CORRECTO_SIN_FUENTE,SIN_FUENTE_ARANCELARIA_EN_BASES_ACTUALES
I162S2C64J4V1,46,ARANCEL_ANUAL,REVISAR,,SIN_FUENTE_ARANCELARIA_EN_BASES_ACTUALES,SIN_FUENTE,NULA,REVISAR_CORRECTO_SIN_FUENTE,SIN_FUENTE_ARANCELARIA_EN_BASES_ACTUALES
I162S2C64J4V1,46,VIGENCIA_CARRERA,REVISAR,,SIN_FUENTE_EXPLICITA_EN_BASES_ACTUALES,SIN_FUENTE,NULA,REVISAR_CORRECTO_SIN_FUENTE,SIN_FUENTE_EXPLICITA_EN_BASES_ACTUALES
I162S2C65J4V1,47,Mención o Especialidad,REVISAR,,SIN_FUENTE_EXPLICITA_EN_BASES_ACTUALES,SIN_FUENTE,NULA,REVISAR_CORRECTO_SIN_FUENTE,SIN_FUENTE_EXPLICITA_EN_BASES_ACTUALES
I162S2C65J4V1,47,Área del Conocimiento,REVISAR,10,DICCIONARIO.AREA_ACTUAL,REGLA_CONDICIONAL,MEDIA,COMPLETABLE_POR_REGLA_CONDICIONAL,Existe código técnico; falta confirmar formato/etiqueta final aceptada por formulario.
I162S2C65J4V1,47,Sub Área,REVISAR,,SIN_TABLA_OFICIAL_DE_EQUIVALENCIA_AREA,SIN_FUENTE,NULA,REVISAR_CORRECTO_SIN_FUENTE,SIN_TABLA_OFICIAL_DE_EQUIVALENCIA_AREA
I162S2C65J4V1,47,Carrera Genérica,REVISAR,,SIN_TABLA_OFICIAL_DE_EQUIVALENCIA_AREA,SIN_FUENTE,NULA,REVISAR_CORRECTO_SIN_FUENTE,SIN_TABLA_OFICIAL_DE_EQUIVALENCIA_AREA
I162S2C65J4V1,47,Grado Académico que otorga el programa,REVISAR,,SIN_FUENTE_EXPLICITA_EN_BASES_ACTUALES,SIN_FUENTE,NULA,REVISAR_CORRECTO_SIN_FUENTE,SIN_FUENTE_EXPLICITA_EN_BASES_ACTUALES
I162S2C65J4V1,47,Dependencia,REVISAR,,SIN_FUENTE_EXPLICITA_EN_BASES_ACTUALES,SIN_FUENTE,NULA,REVISAR_CORRECTO_SIN_FUENTE,SIN_FUENTE_EXPLICITA_EN_BASES_ACTUALES
I162S2C65J4V1,47,Régimen,REVISAR,1,DICCIONARIO.REGIMEN,REGLA_CONDICIONAL,MEDIA,COMPLETABLE_POR_REGLA_CONDICIONAL,Existe código técnico; falta confirmar formato/etiqueta final aceptada por formulario.
I162S2C65J4V1,47,Ingreso Directo,REVISAR,2,DICCIONARIO.REQUISITO_INGRESO,REGLA_CONDICIONAL,MEDIA,COMPLETABLE_POR_REGLA_CONDICIONAL,Existe código técnico; falta confirmar formato/etiqueta final aceptada por formulario.
I162S2C65J4V1,47,Ingreso desde un plan Común,REVISAR,,SIN_FUENTE_EXPLICITA_EN_BASES_ACTUALES,SIN_FUENTE,NULA,REVISAR_CORRECTO_SIN_FUENTE,SIN_FUENTE_EXPLICITA_EN_BASES_ACTUALES
I162S2C65J4V1,47,Ingreso desde Bachillerato,REVISAR,,SIN_FUENTE_EXPLICITA_EN_BASES_ACTUALES,SIN_FUENTE,NULA,REVISAR_CORRECTO_SIN_FUENTE,SIN_FUENTE_EXPLICITA_EN_BASES_ACTUALES
I162S2C65J4V1,47,Otro Tipo de Ingreso,REVISAR,,SIN_FUENTE_EXPLICITA_EN_BASES_ACTUALES,SIN_FUENTE,NULA,REVISAR_CORRECTO_SIN_FUENTE,SIN_FUENTE_EXPLICITA_EN_BASES_ACTUALES
I162S2C65J4V1,47,Ingreso otro,REVISAR,,SIN_FUENTE_EXPLICITA_EN_BASES_ACTUALES,SIN_FUENTE,NULA,REVISAR_CORRECTO_SIN_FUENTE,SIN_FUENTE_EXPLICITA_EN_BASES_ACTUALES
I162S2C65J4V1,47,FECHA_ADMISION_INICIAL,REVISAR,,SIN_FUENTE_ARANCELARIA_EN_BASES_ACTUALES,SIN_FUENTE,NULA,REVISAR_CORRECTO_SIN_FUENTE,SIN_FUENTE_ARANCELARIA_EN_BASES_ACTUALES
I162S2C65J4V1,47,MALLA_CURRICULAR,REVISAR,,SIN_FUENTE_ARANCELARIA_EN_BASES_ACTUALES,SIN_FUENTE,NULA,REVISAR_CORRECTO_SIN_FUENTE,SIN_FUENTE_ARANCELARIA_EN_BASES_ACTUALES
I162S2C65J4V1,47,PERFIL_EGRESO,REVISAR,,SIN_FUENTE_ARANCELARIA_EN_BASES_ACTUALES,SIN_FUENTE,NULA,REVISAR_CORRECTO_SIN_FUENTE,SIN_FUENTE_ARANCELARIA_EN_BASES_ACTUALES
I162S2C65J4V1,47,TEXTO_REQUISITO_INGRESO,REVISAR,,SIN_FUENTE_EXPLICITA_EN_BASES_ACTUALES,SIN_FUENTE,NULA,REVISAR_CORRECTO_SIN_FUENTE,SIN_FUENTE_EXPLICITA_EN_BASES_ACTUALES
I162S2C65J4V1,47,LICENCIA_ENS_MEDIA,REVISAR,,SIN_FUENTE_EXPLICITA_EN_BASES_ACTUALES,SIN_FUENTE,NULA,REVISAR_CORRECTO_SIN_FUENTE,SIN_FUENTE_EXPLICITA_EN_BASES_ACTUALES
I162S2C65J4V1,47,NOTAS_ENS_MEDIA,REVISAR,,SIN_FUENTE_EXPLICITA_EN_BASES_ACTUALES,SIN_FUENTE,NULA,REVISAR_CORRECTO_SIN_FUENTE,SIN_FUENTE_EXPLICITA_EN_BASES_ACTUALES
I162S2C65J4V1,47,PROMEDIO_MIN_ENS_MEDIA,REVISAR,,SIN_FUENTE_EXPLICITA_EN_BASES_ACTUALES,SIN_FUENTE,NULA,REVISAR_CORRECTO_SIN_FUENTE,SIN_FUENTE_EXPLICITA_EN_BASES_ACTUALES
I162S2C65J4V1,47,RECONOCIMIENTOS_APREN_PREVIOS,REVISAR,,SIN_FUENTE_EXPLICITA_EN_BASES_ACTUALES,SIN_FUENTE,NULA,REVISAR_CORRECTO_SIN_FUENTE,SIN_FUENTE_EXPLICITA_EN_BASES_ACTUALES
I162S2C65J4V1,47,EXPERIENCIA_LABORAL,REVISAR,,SIN_FUENTE_EXPLICITA_EN_BASES_ACTUALES,SIN_FUENTE,NULA,REVISAR_CORRECTO_SIN_FUENTE,SIN_FUENTE_EXPLICITA_EN_BASES_ACTUALES
I162S2C65J4V1,47,OTROS_REQUISITOS,REVISAR,,SIN_FUENTE_EXPLICITA_EN_BASES_ACTUALES,SIN_FUENTE,NULA,REVISAR_CORRECTO_SIN_FUENTE,SIN_FUENTE_EXPLICITA_EN_BASES_ACTUALES
I162S2C65J4V1,47,MAIL_DIFUSION_CARRERA,REVISAR,,SIN_FUENTE_ARANCELARIA_EN_BASES_ACTUALES,SIN_FUENTE,NULA,REVISAR_CORRECTO_SIN_FUENTE,SIN_FUENTE_ARANCELARIA_EN_BASES_ACTUALES
I162S2C65J4V1,47,FORMATO_VALOR,REVISAR,,SIN_FUENTE_ARANCELARIA_EN_BASES_ACTUALES,SIN_FUENTE,NULA,REVISAR_CORRECTO_SIN_FUENTE,SIN_FUENTE_ARANCELARIA_EN_BASES_ACTUALES
I162S2C65J4V1,47,VALOR_MATRICULA_ANUAL,REVISAR,,SIN_FUENTE_ARANCELARIA_EN_BASES_ACTUALES,SIN_FUENTE,NULA,REVISAR_CORRECTO_SIN_FUENTE,SIN_FUENTE_ARANCELARIA_EN_BASES_ACTUALES
I162S2C65J4V1,47,COSTO_TITULACION,REVISAR,,SIN_FUENTE_ARANCELARIA_EN_BASES_ACTUALES,SIN_FUENTE,NULA,REVISAR_CORRECTO_SIN_FUENTE,SIN_FUENTE_ARANCELARIA_EN_BASES_ACTUALES
I162S2C65J4V1,47,VALOR_CERTIFICADO_DIPLOMA,REVISAR,,SIN_FUENTE_ARANCELARIA_EN_BASES_ACTUALES,SIN_FUENTE,NULA,REVISAR_CORRECTO_SIN_FUENTE,SIN_FUENTE_ARANCELARIA_EN_BASES_ACTUALES
I162S2C65J4V1,47,ARANCEL_ANUAL,REVISAR,,SIN_FUENTE_ARANCELARIA_EN_BASES_ACTUALES,SIN_FUENTE,NULA,REVISAR_CORRECTO_SIN_FUENTE,SIN_FUENTE_ARANCELARIA_EN_BASES_ACTUALES
I162S2C65J4V1,47,VIGENCIA_CARRERA,REVISAR,,SIN_FUENTE_EXPLICITA_EN_BASES_ACTUALES,SIN_FUENTE,NULA,REVISAR_CORRECTO_SIN_FUENTE,SIN_FUENTE_EXPLICITA_EN_BASES_ACTUALES
I162S2C66J4V1,48,Mención o Especialidad,REVISAR,,SIN_FUENTE_EXPLICITA_EN_BASES_ACTUALES,SIN_FUENTE,NULA,REVISAR_CORRECTO_SIN_FUENTE,SIN_FUENTE_EXPLICITA_EN_BASES_ACTUALES
I162S2C66J4V1,48,Área del Conocimiento,REVISAR,10,DICCIONARIO.AREA_ACTUAL,REGLA_CONDICIONAL,MEDIA,COMPLETABLE_POR_REGLA_CONDICIONAL,Existe código técnico; falta confirmar formato/etiqueta final aceptada por formulario.
I162S2C66J4V1,48,Sub Área,REVISAR,,SIN_TABLA_OFICIAL_DE_EQUIVALENCIA_AREA,SIN_FUENTE,NULA,REVISAR_CORRECTO_SIN_FUENTE,SIN_TABLA_OFICIAL_DE_EQUIVALENCIA_AREA
I162S2C66J4V1,48,Carrera Genérica,REVISAR,,SIN_TABLA_OFICIAL_DE_EQUIVALENCIA_AREA,SIN_FUENTE,NULA,REVISAR_CORRECTO_SIN_FUENTE,SIN_TABLA_OFICIAL_DE_EQUIVALENCIA_AREA
I162S2C66J4V1,48,Grado Académico que otorga el programa,REVISAR,,SIN_FUENTE_EXPLICITA_EN_BASES_ACTUALES,SIN_FUENTE,NULA,REVISAR_CORRECTO_SIN_FUENTE,SIN_FUENTE_EXPLICITA_EN_BASES_ACTUALES
I162S2C66J4V1,48,Dependencia,REVISAR,,SIN_FUENTE_EXPLICITA_EN_BASES_ACTUALES,SIN_FUENTE,NULA,REVISAR_CORRECTO_SIN_FUENTE,SIN_FUENTE_EXPLICITA_EN_BASES_ACTUALES
I162S2C66J4V1,48,Régimen,REVISAR,1,DICCIONARIO.REGIMEN,REGLA_CONDICIONAL,MEDIA,COMPLETABLE_POR_REGLA_CONDICIONAL,Existe código técnico; falta confirmar formato/etiqueta final aceptada por formulario.
I162S2C66J4V1,48,Ingreso Directo,REVISAR,2,DICCIONARIO.REQUISITO_INGRESO,REGLA_CONDICIONAL,MEDIA,COMPLETABLE_POR_REGLA_CONDICIONAL,Existe código técnico; falta confirmar formato/etiqueta final aceptada por formulario.
I162S2C66J4V1,48,Ingreso desde un plan Común,REVISAR,,SIN_FUENTE_EXPLICITA_EN_BASES_ACTUALES,SIN_FUENTE,NULA,REVISAR_CORRECTO_SIN_FUENTE,SIN_FUENTE_EXPLICITA_EN_BASES_ACTUALES
I162S2C66J4V1,48,Ingreso desde Bachillerato,REVISAR,,SIN_FUENTE_EXPLICITA_EN_BASES_ACTUALES,SIN_FUENTE,NULA,REVISAR_CORRECTO_SIN_FUENTE,SIN_FUENTE_EXPLICITA_EN_BASES_ACTUALES
I162S2C66J4V1,48,Otro Tipo de Ingreso,REVISAR,,SIN_FUENTE_EXPLICITA_EN_BASES_ACTUALES,SIN_FUENTE,NULA,REVISAR_CORRECTO_SIN_FUENTE,SIN_FUENTE_EXPLICITA_EN_BASES_ACTUALES
I162S2C66J4V1,48,Ingreso otro,REVISAR,,SIN_FUENTE_EXPLICITA_EN_BASES_ACTUALES,SIN_FUENTE,NULA,REVISAR_CORRECTO_SIN_FUENTE,SIN_FUENTE_EXPLICITA_EN_BASES_ACTUALES
I162S2C66J4V1,48,FECHA_ADMISION_INICIAL,REVISAR,,SIN_FUENTE_ARANCELARIA_EN_BASES_ACTUALES,SIN_FUENTE,NULA,REVISAR_CORRECTO_SIN_FUENTE,SIN_FUENTE_ARANCELARIA_EN_BASES_ACTUALES
I162S2C66J4V1,48,MALLA_CURRICULAR,REVISAR,,SIN_FUENTE_ARANCELARIA_EN_BASES_ACTUALES,SIN_FUENTE,NULA,REVISAR_CORRECTO_SIN_FUENTE,SIN_FUENTE_ARANCELARIA_EN_BASES_ACTUALES
I162S2C66J4V1,48,PERFIL_EGRESO,REVISAR,,SIN_FUENTE_ARANCELARIA_EN_BASES_ACTUALES,SIN_FUENTE,NULA,REVISAR_CORRECTO_SIN_FUENTE,SIN_FUENTE_ARANCELARIA_EN_BASES_ACTUALES
I162S2C66J4V1,48,TEXTO_REQUISITO_INGRESO,REVISAR,,SIN_FUENTE_EXPLICITA_EN_BASES_ACTUALES,SIN_FUENTE,NULA,REVISAR_CORRECTO_SIN_FUENTE,SIN_FUENTE_EXPLICITA_EN_BASES_ACTUALES
I162S2C66J4V1,48,LICENCIA_ENS_MEDIA,REVISAR,,SIN_FUENTE_EXPLICITA_EN_BASES_ACTUALES,SIN_FUENTE,NULA,REVISAR_CORRECTO_SIN_FUENTE,SIN_FUENTE_EXPLICITA_EN_BASES_ACTUALES
I162S2C66J4V1,48,NOTAS_ENS_MEDIA,REVISAR,,SIN_FUENTE_EXPLICITA_EN_BASES_ACTUALES,SIN_FUENTE,NULA,REVISAR_CORRECTO_SIN_FUENTE,SIN_FUENTE_EXPLICITA_EN_BASES_ACTUALES
I162S2C66J4V1,48,PROMEDIO_MIN_ENS_MEDIA,REVISAR,,SIN_FUENTE_EXPLICITA_EN_BASES_ACTUALES,SIN_FUENTE,NULA,REVISAR_CORRECTO_SIN_FUENTE,SIN_FUENTE_EXPLICITA_EN_BASES_ACTUALES
I162S2C66J4V1,48,RECONOCIMIENTOS_APREN_PREVIOS,REVISAR,,SIN_FUENTE_EXPLICITA_EN_BASES_ACTUALES,SIN_FUENTE,NULA,REVISAR_CORRECTO_SIN_FUENTE,SIN_FUENTE_EXPLICITA_EN_BASES_ACTUALES
I162S2C66J4V1,48,EXPERIENCIA_LABORAL,REVISAR,,SIN_FUENTE_EXPLICITA_EN_BASES_ACTUALES,SIN_FUENTE,NULA,REVISAR_CORRECTO_SIN_FUENTE,SIN_FUENTE_EXPLICITA_EN_BASES_ACTUALES
I162S2C66J4V1,48,OTROS_REQUISITOS,REVISAR,,SIN_FUENTE_EXPLICITA_EN_BASES_ACTUALES,SIN_FUENTE,NULA,REVISAR_CORRECTO_SIN_FUENTE,SIN_FUENTE_EXPLICITA_EN_BASES_ACTUALES
I162S2C66J4V1,48,MAIL_DIFUSION_CARRERA,REVISAR,,SIN_FUENTE_ARANCELARIA_EN_BASES_ACTUALES,SIN_FUENTE,NULA,REVISAR_CORRECTO_SIN_FUENTE,SIN_FUENTE_ARANCELARIA_EN_BASES_ACTUALES
I162S2C66J4V1,48,FORMATO_VALOR,REVISAR,,SIN_FUENTE_ARANCELARIA_EN_BASES_ACTUALES,SIN_FUENTE,NULA,REVISAR_CORRECTO_SIN_FUENTE,SIN_FUENTE_ARANCELARIA_EN_BASES_ACTUALES
I162S2C66J4V1,48,VALOR_MATRICULA_ANUAL,REVISAR,,SIN_FUENTE_ARANCELARIA_EN_BASES_ACTUALES,SIN_FUENTE,NULA,REVISAR_CORRECTO_SIN_FUENTE,SIN_FUENTE_ARANCELARIA_EN_BASES_ACTUALES
I162S2C66J4V1,48,COSTO_TITULACION,REVISAR,,SIN_FUENTE_ARANCELARIA_EN_BASES_ACTUALES,SIN_FUENTE,NULA,REVISAR_CORRECTO_SIN_FUENTE,SIN_FUENTE_ARANCELARIA_EN_BASES_ACTUALES
I162S2C66J4V1,48,VALOR_CERTIFICADO_DIPLOMA,REVISAR,,SIN_FUENTE_ARANCELARIA_EN_BASES_ACTUALES,SIN_FUENTE,NULA,REVISAR_CORRECTO_SIN_FUENTE,SIN_FUENTE_ARANCELARIA_EN_BASES_ACTUALES
I162S2C66J4V1,48,ARANCEL_ANUAL,REVISAR,,SIN_FUENTE_ARANCELARIA_EN_BASES_ACTUALES,SIN_FUENTE,NULA,REVISAR_CORRECTO_SIN_FUENTE,SIN_FUENTE_ARANCELARIA_EN_BASES_ACTUALES
I162S2C66J4V1,48,VIGENCIA_CARRERA,REVISAR,,SIN_FUENTE_EXPLICITA_EN_BASES_ACTUALES,SIN_FUENTE,NULA,REVISAR_CORRECTO_SIN_FUENTE,SIN_FUENTE_EXPLICITA_EN_BASES_ACTUALES
I162S2C67J4V1,49,Mención o Especialidad,REVISAR,,SIN_FUENTE_EXPLICITA_EN_BASES_ACTUALES,SIN_FUENTE,NULA,REVISAR_CORRECTO_SIN_FUENTE,SIN_FUENTE_EXPLICITA_EN_BASES_ACTUALES
I162S2C67J4V1,49,Área del Conocimiento,REVISAR,1,DICCIONARIO.AREA_ACTUAL,REGLA_CONDICIONAL,MEDIA,COMPLETABLE_POR_REGLA_CONDICIONAL,Existe código técnico; falta confirmar formato/etiqueta final aceptada por formulario.
I162S2C67J4V1,49,Sub Área,REVISAR,,SIN_TABLA_OFICIAL_DE_EQUIVALENCIA_AREA,SIN_FUENTE,NULA,REVISAR_CORRECTO_SIN_FUENTE,SIN_TABLA_OFICIAL_DE_EQUIVALENCIA_AREA
I162S2C67J4V1,49,Carrera Genérica,REVISAR,,SIN_TABLA_OFICIAL_DE_EQUIVALENCIA_AREA,SIN_FUENTE,NULA,REVISAR_CORRECTO_SIN_FUENTE,SIN_TABLA_OFICIAL_DE_EQUIVALENCIA_AREA
I162S2C67J4V1,49,Grado Académico que otorga el programa,REVISAR,,SIN_FUENTE_EXPLICITA_EN_BASES_ACTUALES,SIN_FUENTE,NULA,REVISAR_CORRECTO_SIN_FUENTE,SIN_FUENTE_EXPLICITA_EN_BASES_ACTUALES
I162S2C67J4V1,49,Dependencia,REVISAR,,SIN_FUENTE_EXPLICITA_EN_BASES_ACTUALES,SIN_FUENTE,NULA,REVISAR_CORRECTO_SIN_FUENTE,SIN_FUENTE_EXPLICITA_EN_BASES_ACTUALES
I162S2C67J4V1,49,Régimen,REVISAR,1,DICCIONARIO.REGIMEN,REGLA_CONDICIONAL,MEDIA,COMPLETABLE_POR_REGLA_CONDICIONAL,Existe código técnico; falta confirmar formato/etiqueta final aceptada por formulario.
I162S2C67J4V1,49,Ingreso Directo,REVISAR,2,DICCIONARIO.REQUISITO_INGRESO,REGLA_CONDICIONAL,MEDIA,COMPLETABLE_POR_REGLA_CONDICIONAL,Existe código técnico; falta confirmar formato/etiqueta final aceptada por formulario.
I162S2C67J4V1,49,Ingreso desde un plan Común,REVISAR,,SIN_FUENTE_EXPLICITA_EN_BASES_ACTUALES,SIN_FUENTE,NULA,REVISAR_CORRECTO_SIN_FUENTE,SIN_FUENTE_EXPLICITA_EN_BASES_ACTUALES
I162S2C67J4V1,49,Ingreso desde Bachillerato,REVISAR,,SIN_FUENTE_EXPLICITA_EN_BASES_ACTUALES,SIN_FUENTE,NULA,REVISAR_CORRECTO_SIN_FUENTE,SIN_FUENTE_EXPLICITA_EN_BASES_ACTUALES
I162S2C67J4V1,49,Otro Tipo de Ingreso,REVISAR,,SIN_FUENTE_EXPLICITA_EN_BASES_ACTUALES,SIN_FUENTE,NULA,REVISAR_CORRECTO_SIN_FUENTE,SIN_FUENTE_EXPLICITA_EN_BASES_ACTUALES
I162S2C67J4V1,49,Ingreso otro,REVISAR,,SIN_FUENTE_EXPLICITA_EN_BASES_ACTUALES,SIN_FUENTE,NULA,REVISAR_CORRECTO_SIN_FUENTE,SIN_FUENTE_EXPLICITA_EN_BASES_ACTUALES
I162S2C67J4V1,49,FECHA_ADMISION_INICIAL,REVISAR,,SIN_FUENTE_ARANCELARIA_EN_BASES_ACTUALES,SIN_FUENTE,NULA,REVISAR_CORRECTO_SIN_FUENTE,SIN_FUENTE_ARANCELARIA_EN_BASES_ACTUALES
I162S2C67J4V1,49,MALLA_CURRICULAR,REVISAR,,SIN_FUENTE_ARANCELARIA_EN_BASES_ACTUALES,SIN_FUENTE,NULA,REVISAR_CORRECTO_SIN_FUENTE,SIN_FUENTE_ARANCELARIA_EN_BASES_ACTUALES
I162S2C67J4V1,49,PERFIL_EGRESO,REVISAR,,SIN_FUENTE_ARANCELARIA_EN_BASES_ACTUALES,SIN_FUENTE,NULA,REVISAR_CORRECTO_SIN_FUENTE,SIN_FUENTE_ARANCELARIA_EN_BASES_ACTUALES
I162S2C67J4V1,49,TEXTO_REQUISITO_INGRESO,REVISAR,,SIN_FUENTE_EXPLICITA_EN_BASES_ACTUALES,SIN_FUENTE,NULA,REVISAR_CORRECTO_SIN_FUENTE,SIN_FUENTE_EXPLICITA_EN_BASES_ACTUALES
I162S2C67J4V1,49,LICENCIA_ENS_MEDIA,REVISAR,,SIN_FUENTE_EXPLICITA_EN_BASES_ACTUALES,SIN_FUENTE,NULA,REVISAR_CORRECTO_SIN_FUENTE,SIN_FUENTE_EXPLICITA_EN_BASES_ACTUALES
I162S2C67J4V1,49,NOTAS_ENS_MEDIA,REVISAR,,SIN_FUENTE_EXPLICITA_EN_BASES_ACTUALES,SIN_FUENTE,NULA,REVISAR_CORRECTO_SIN_FUENTE,SIN_FUENTE_EXPLICITA_EN_BASES_ACTUALES
I162S2C67J4V1,49,PROMEDIO_MIN_ENS_MEDIA,REVISAR,,SIN_FUENTE_EXPLICITA_EN_BASES_ACTUALES,SIN_FUENTE,NULA,REVISAR_CORRECTO_SIN_FUENTE,SIN_FUENTE_EXPLICITA_EN_BASES_ACTUALES
I162S2C67J4V1,49,RECONOCIMIENTOS_APREN_PREVIOS,REVISAR,,SIN_FUENTE_EXPLICITA_EN_BASES_ACTUALES,SIN_FUENTE,NULA,REVISAR_CORRECTO_SIN_FUENTE,SIN_FUENTE_EXPLICITA_EN_BASES_ACTUALES
I162S2C67J4V1,49,EXPERIENCIA_LABORAL,REVISAR,,SIN_FUENTE_EXPLICITA_EN_BASES_ACTUALES,SIN_FUENTE,NULA,REVISAR_CORRECTO_SIN_FUENTE,SIN_FUENTE_EXPLICITA_EN_BASES_ACTUALES
I162S2C67J4V1,49,OTROS_REQUISITOS,REVISAR,,SIN_FUENTE_EXPLICITA_EN_BASES_ACTUALES,SIN_FUENTE,NULA,REVISAR_CORRECTO_SIN_FUENTE,SIN_FUENTE_EXPLICITA_EN_BASES_ACTUALES
I162S2C67J4V1,49,MAIL_DIFUSION_CARRERA,REVISAR,,SIN_FUENTE_ARANCELARIA_EN_BASES_ACTUALES,SIN_FUENTE,NULA,REVISAR_CORRECTO_SIN_FUENTE,SIN_FUENTE_ARANCELARIA_EN_BASES_ACTUALES
I162S2C67J4V1,49,FORMATO_VALOR,REVISAR,,SIN_FUENTE_ARANCELARIA_EN_BASES_ACTUALES,SIN_FUENTE,NULA,REVISAR_CORRECTO_SIN_FUENTE,SIN_FUENTE_ARANCELARIA_EN_BASES_ACTUALES
I162S2C67J4V1,49,VALOR_MATRICULA_ANUAL,REVISAR,,SIN_FUENTE_ARANCELARIA_EN_BASES_ACTUALES,SIN_FUENTE,NULA,REVISAR_CORRECTO_SIN_FUENTE,SIN_FUENTE_ARANCELARIA_EN_BASES_ACTUALES
I162S2C67J4V1,49,COSTO_TITULACION,REVISAR,,SIN_FUENTE_ARANCELARIA_EN_BASES_ACTUALES,SIN_FUENTE,NULA,REVISAR_CORRECTO_SIN_FUENTE,SIN_FUENTE_ARANCELARIA_EN_BASES_ACTUALES
I162S2C67J4V1,49,VALOR_CERTIFICADO_DIPLOMA,REVISAR,,SIN_FUENTE_ARANCELARIA_EN_BASES_ACTUALES,SIN_FUENTE,NULA,REVISAR_CORRECTO_SIN_FUENTE,SIN_FUENTE_ARANCELARIA_EN_BASES_ACTUALES
I162S2C67J4V1,49,ARANCEL_ANUAL,REVISAR,,SIN_FUENTE_ARANCELARIA_EN_BASES_ACTUALES,SIN_FUENTE,NULA,REVISAR_CORRECTO_SIN_FUENTE,SIN_FUENTE_ARANCELARIA_EN_BASES_ACTUALES
I162S2C67J4V1,49,VIGENCIA_CARRERA,REVISAR,,SIN_FUENTE_EXPLICITA_EN_BASES_ACTUALES,SIN_FUENTE,NULA,REVISAR_CORRECTO_SIN_FUENTE,SIN_FUENTE_EXPLICITA_EN_BASES_ACTUALES
I162S2C68J4V1,50,Mención o Especialidad,REVISAR,,SIN_FUENTE_EXPLICITA_EN_BASES_ACTUALES,SIN_FUENTE,NULA,REVISAR_CORRECTO_SIN_FUENTE,SIN_FUENTE_EXPLICITA_EN_BASES_ACTUALES
I162S2C68J4V1,50,Área del Conocimiento,REVISAR,9,DICCIONARIO.AREA_ACTUAL,REGLA_CONDICIONAL,MEDIA,COMPLETABLE_POR_REGLA_CONDICIONAL,Existe código técnico; falta confirmar formato/etiqueta final aceptada por formulario.
I162S2C68J4V1,50,Sub Área,REVISAR,,SIN_TABLA_OFICIAL_DE_EQUIVALENCIA_AREA,SIN_FUENTE,NULA,REVISAR_CORRECTO_SIN_FUENTE,SIN_TABLA_OFICIAL_DE_EQUIVALENCIA_AREA
I162S2C68J4V1,50,Carrera Genérica,REVISAR,,SIN_TABLA_OFICIAL_DE_EQUIVALENCIA_AREA,SIN_FUENTE,NULA,REVISAR_CORRECTO_SIN_FUENTE,SIN_TABLA_OFICIAL_DE_EQUIVALENCIA_AREA
I162S2C68J4V1,50,Grado Académico que otorga el programa,REVISAR,,SIN_FUENTE_EXPLICITA_EN_BASES_ACTUALES,SIN_FUENTE,NULA,REVISAR_CORRECTO_SIN_FUENTE,SIN_FUENTE_EXPLICITA_EN_BASES_ACTUALES
I162S2C68J4V1,50,Dependencia,REVISAR,,SIN_FUENTE_EXPLICITA_EN_BASES_ACTUALES,SIN_FUENTE,NULA,REVISAR_CORRECTO_SIN_FUENTE,SIN_FUENTE_EXPLICITA_EN_BASES_ACTUALES
I162S2C68J4V1,50,Régimen,REVISAR,1,DICCIONARIO.REGIMEN,REGLA_CONDICIONAL,MEDIA,COMPLETABLE_POR_REGLA_CONDICIONAL,Existe código técnico; falta confirmar formato/etiqueta final aceptada por formulario.
I162S2C68J4V1,50,Ingreso Directo,REVISAR,2,DICCIONARIO.REQUISITO_INGRESO,REGLA_CONDICIONAL,MEDIA,COMPLETABLE_POR_REGLA_CONDICIONAL,Existe código técnico; falta confirmar formato/etiqueta final aceptada por formulario.
I162S2C68J4V1,50,Ingreso desde un plan Común,REVISAR,,SIN_FUENTE_EXPLICITA_EN_BASES_ACTUALES,SIN_FUENTE,NULA,REVISAR_CORRECTO_SIN_FUENTE,SIN_FUENTE_EXPLICITA_EN_BASES_ACTUALES
I162S2C68J4V1,50,Ingreso desde Bachillerato,REVISAR,,SIN_FUENTE_EXPLICITA_EN_BASES_ACTUALES,SIN_FUENTE,NULA,REVISAR_CORRECTO_SIN_FUENTE,SIN_FUENTE_EXPLICITA_EN_BASES_ACTUALES
I162S2C68J4V1,50,Otro Tipo de Ingreso,REVISAR,,SIN_FUENTE_EXPLICITA_EN_BASES_ACTUALES,SIN_FUENTE,NULA,REVISAR_CORRECTO_SIN_FUENTE,SIN_FUENTE_EXPLICITA_EN_BASES_ACTUALES
I162S2C68J4V1,50,Ingreso otro,REVISAR,,SIN_FUENTE_EXPLICITA_EN_BASES_ACTUALES,SIN_FUENTE,NULA,REVISAR_CORRECTO_SIN_FUENTE,SIN_FUENTE_EXPLICITA_EN_BASES_ACTUALES
I162S2C68J4V1,50,FECHA_ADMISION_INICIAL,REVISAR,,SIN_FUENTE_ARANCELARIA_EN_BASES_ACTUALES,SIN_FUENTE,NULA,REVISAR_CORRECTO_SIN_FUENTE,SIN_FUENTE_ARANCELARIA_EN_BASES_ACTUALES
I162S2C68J4V1,50,MALLA_CURRICULAR,REVISAR,,SIN_FUENTE_ARANCELARIA_EN_BASES_ACTUALES,SIN_FUENTE,NULA,REVISAR_CORRECTO_SIN_FUENTE,SIN_FUENTE_ARANCELARIA_EN_BASES_ACTUALES
I162S2C68J4V1,50,PERFIL_EGRESO,REVISAR,,SIN_FUENTE_ARANCELARIA_EN_BASES_ACTUALES,SIN_FUENTE,NULA,REVISAR_CORRECTO_SIN_FUENTE,SIN_FUENTE_ARANCELARIA_EN_BASES_ACTUALES
I162S2C68J4V1,50,TEXTO_REQUISITO_INGRESO,REVISAR,,SIN_FUENTE_EXPLICITA_EN_BASES_ACTUALES,SIN_FUENTE,NULA,REVISAR_CORRECTO_SIN_FUENTE,SIN_FUENTE_EXPLICITA_EN_BASES_ACTUALES
I162S2C68J4V1,50,LICENCIA_ENS_MEDIA,REVISAR,,SIN_FUENTE_EXPLICITA_EN_BASES_ACTUALES,SIN_FUENTE,NULA,REVISAR_CORRECTO_SIN_FUENTE,SIN_FUENTE_EXPLICITA_EN_BASES_ACTUALES
I162S2C68J4V1,50,NOTAS_ENS_MEDIA,REVISAR,,SIN_FUENTE_EXPLICITA_EN_BASES_ACTUALES,SIN_FUENTE,NULA,REVISAR_CORRECTO_SIN_FUENTE,SIN_FUENTE_EXPLICITA_EN_BASES_ACTUALES
I162S2C68J4V1,50,PROMEDIO_MIN_ENS_MEDIA,REVISAR,,SIN_FUENTE_EXPLICITA_EN_BASES_ACTUALES,SIN_FUENTE,NULA,REVISAR_CORRECTO_SIN_FUENTE,SIN_FUENTE_EXPLICITA_EN_BASES_ACTUALES
I162S2C68J4V1,50,RECONOCIMIENTOS_APREN_PREVIOS,REVISAR,,SIN_FUENTE_EXPLICITA_EN_BASES_ACTUALES,SIN_FUENTE,NULA,REVISAR_CORRECTO_SIN_FUENTE,SIN_FUENTE_EXPLICITA_EN_BASES_ACTUALES
I162S2C68J4V1,50,EXPERIENCIA_LABORAL,REVISAR,,SIN_FUENTE_EXPLICITA_EN_BASES_ACTUALES,SIN_FUENTE,NULA,REVISAR_CORRECTO_SIN_FUENTE,SIN_FUENTE_EXPLICITA_EN_BASES_ACTUALES
I162S2C68J4V1,50,OTROS_REQUISITOS,REVISAR,,SIN_FUENTE_EXPLICITA_EN_BASES_ACTUALES,SIN_FUENTE,NULA,REVISAR_CORRECTO_SIN_FUENTE,SIN_FUENTE_EXPLICITA_EN_BASES_ACTUALES
I162S2C68J4V1,50,MAIL_DIFUSION_CARRERA,REVISAR,,SIN_FUENTE_ARANCELARIA_EN_BASES_ACTUALES,SIN_FUENTE,NULA,REVISAR_CORRECTO_SIN_FUENTE,SIN_FUENTE_ARANCELARIA_EN_BASES_ACTUALES
I162S2C68J4V1,50,FORMATO_VALOR,REVISAR,,SIN_FUENTE_ARANCELARIA_EN_BASES_ACTUALES,SIN_FUENTE,NULA,REVISAR_CORRECTO_SIN_FUENTE,SIN_FUENTE_ARANCELARIA_EN_BASES_ACTUALES
I162S2C68J4V1,50,VALOR_MATRICULA_ANUAL,REVISAR,,SIN_FUENTE_ARANCELARIA_EN_BASES_ACTUALES,SIN_FUENTE,NULA,REVISAR_CORRECTO_SIN_FUENTE,SIN_FUENTE_ARANCELARIA_EN_BASES_ACTUALES
I162S2C68J4V1,50,COSTO_TITULACION,REVISAR,,SIN_FUENTE_ARANCELARIA_EN_BASES_ACTUALES,SIN_FUENTE,NULA,REVISAR_CORRECTO_SIN_FUENTE,SIN_FUENTE_ARANCELARIA_EN_BASES_ACTUALES
I162S2C68J4V1,50,VALOR_CERTIFICADO_DIPLOMA,REVISAR,,SIN_FUENTE_ARANCELARIA_EN_BASES_ACTUALES,SIN_FUENTE,NULA,REVISAR_CORRECTO_SIN_FUENTE,SIN_FUENTE_ARANCELARIA_EN_BASES_ACTUALES
I162S2C68J4V1,50,ARANCEL_ANUAL,REVISAR,,SIN_FUENTE_ARANCELARIA_EN_BASES_ACTUALES,SIN_FUENTE,NULA,REVISAR_CORRECTO_SIN_FUENTE,SIN_FUENTE_ARANCELARIA_EN_BASES_ACTUALES
I162S2C68J4V1,50,VIGENCIA_CARRERA,REVISAR,,SIN_FUENTE_EXPLICITA_EN_BASES_ACTUALES,SIN_FUENTE,NULA,REVISAR_CORRECTO_SIN_FUENTE,SIN_FUENTE_EXPLICITA_EN_BASES_ACTUALES
I162S2C69J4V1,51,Mención o Especialidad,REVISAR,,SIN_FUENTE_EXPLICITA_EN_BASES_ACTUALES,SIN_FUENTE,NULA,REVISAR_CORRECTO_SIN_FUENTE,SIN_FUENTE_EXPLICITA_EN_BASES_ACTUALES
I162S2C69J4V1,51,Área del Conocimiento,REVISAR,10,DICCIONARIO.AREA_ACTUAL,REGLA_CONDICIONAL,MEDIA,COMPLETABLE_POR_REGLA_CONDICIONAL,Existe código técnico; falta confirmar formato/etiqueta final aceptada por formulario.
I162S2C69J4V1,51,Sub Área,REVISAR,,SIN_TABLA_OFICIAL_DE_EQUIVALENCIA_AREA,SIN_FUENTE,NULA,REVISAR_CORRECTO_SIN_FUENTE,SIN_TABLA_OFICIAL_DE_EQUIVALENCIA_AREA
I162S2C69J4V1,51,Carrera Genérica,REVISAR,,SIN_TABLA_OFICIAL_DE_EQUIVALENCIA_AREA,SIN_FUENTE,NULA,REVISAR_CORRECTO_SIN_FUENTE,SIN_TABLA_OFICIAL_DE_EQUIVALENCIA_AREA
I162S2C69J4V1,51,Grado Académico que otorga el programa,REVISAR,,SIN_FUENTE_EXPLICITA_EN_BASES_ACTUALES,SIN_FUENTE,NULA,REVISAR_CORRECTO_SIN_FUENTE,SIN_FUENTE_EXPLICITA_EN_BASES_ACTUALES
I162S2C69J4V1,51,Dependencia,REVISAR,,SIN_FUENTE_EXPLICITA_EN_BASES_ACTUALES,SIN_FUENTE,NULA,REVISAR_CORRECTO_SIN_FUENTE,SIN_FUENTE_EXPLICITA_EN_BASES_ACTUALES
I162S2C69J4V1,51,Régimen,REVISAR,1,DICCIONARIO.REGIMEN,REGLA_CONDICIONAL,MEDIA,COMPLETABLE_POR_REGLA_CONDICIONAL,Existe código técnico; falta confirmar formato/etiqueta final aceptada por formulario.
I162S2C69J4V1,51,Ingreso Directo,REVISAR,2,DICCIONARIO.REQUISITO_INGRESO,REGLA_CONDICIONAL,MEDIA,COMPLETABLE_POR_REGLA_CONDICIONAL,Existe código técnico; falta confirmar formato/etiqueta final aceptada por formulario.
I162S2C69J4V1,51,Ingreso desde un plan Común,REVISAR,,SIN_FUENTE_EXPLICITA_EN_BASES_ACTUALES,SIN_FUENTE,NULA,REVISAR_CORRECTO_SIN_FUENTE,SIN_FUENTE_EXPLICITA_EN_BASES_ACTUALES
I162S2C69J4V1,51,Ingreso desde Bachillerato,REVISAR,,SIN_FUENTE_EXPLICITA_EN_BASES_ACTUALES,SIN_FUENTE,NULA,REVISAR_CORRECTO_SIN_FUENTE,SIN_FUENTE_EXPLICITA_EN_BASES_ACTUALES
I162S2C69J4V1,51,Otro Tipo de Ingreso,REVISAR,,SIN_FUENTE_EXPLICITA_EN_BASES_ACTUALES,SIN_FUENTE,NULA,REVISAR_CORRECTO_SIN_FUENTE,SIN_FUENTE_EXPLICITA_EN_BASES_ACTUALES
I162S2C69J4V1,51,Ingreso otro,REVISAR,,SIN_FUENTE_EXPLICITA_EN_BASES_ACTUALES,SIN_FUENTE,NULA,REVISAR_CORRECTO_SIN_FUENTE,SIN_FUENTE_EXPLICITA_EN_BASES_ACTUALES
I162S2C69J4V1,51,FECHA_ADMISION_INICIAL,REVISAR,,SIN_FUENTE_ARANCELARIA_EN_BASES_ACTUALES,SIN_FUENTE,NULA,REVISAR_CORRECTO_SIN_FUENTE,SIN_FUENTE_ARANCELARIA_EN_BASES_ACTUALES
I162S2C69J4V1,51,MALLA_CURRICULAR,REVISAR,,SIN_FUENTE_ARANCELARIA_EN_BASES_ACTUALES,SIN_FUENTE,NULA,REVISAR_CORRECTO_SIN_FUENTE,SIN_FUENTE_ARANCELARIA_EN_BASES_ACTUALES
I162S2C69J4V1,51,PERFIL_EGRESO,REVISAR,,SIN_FUENTE_ARANCELARIA_EN_BASES_ACTUALES,SIN_FUENTE,NULA,REVISAR_CORRECTO_SIN_FUENTE,SIN_FUENTE_ARANCELARIA_EN_BASES_ACTUALES
I162S2C69J4V1,51,TEXTO_REQUISITO_INGRESO,REVISAR,,SIN_FUENTE_EXPLICITA_EN_BASES_ACTUALES,SIN_FUENTE,NULA,REVISAR_CORRECTO_SIN_FUENTE,SIN_FUENTE_EXPLICITA_EN_BASES_ACTUALES
I162S2C69J4V1,51,LICENCIA_ENS_MEDIA,REVISAR,,SIN_FUENTE_EXPLICITA_EN_BASES_ACTUALES,SIN_FUENTE,NULA,REVISAR_CORRECTO_SIN_FUENTE,SIN_FUENTE_EXPLICITA_EN_BASES_ACTUALES
I162S2C69J4V1,51,NOTAS_ENS_MEDIA,REVISAR,,SIN_FUENTE_EXPLICITA_EN_BASES_ACTUALES,SIN_FUENTE,NULA,REVISAR_CORRECTO_SIN_FUENTE,SIN_FUENTE_EXPLICITA_EN_BASES_ACTUALES
I162S2C69J4V1,51,PROMEDIO_MIN_ENS_MEDIA,REVISAR,,SIN_FUENTE_EXPLICITA_EN_BASES_ACTUALES,SIN_FUENTE,NULA,REVISAR_CORRECTO_SIN_FUENTE,SIN_FUENTE_EXPLICITA_EN_BASES_ACTUALES
I162S2C69J4V1,51,RECONOCIMIENTOS_APREN_PREVIOS,REVISAR,,SIN_FUENTE_EXPLICITA_EN_BASES_ACTUALES,SIN_FUENTE,NULA,REVISAR_CORRECTO_SIN_FUENTE,SIN_FUENTE_EXPLICITA_EN_BASES_ACTUALES
I162S2C69J4V1,51,EXPERIENCIA_LABORAL,REVISAR,,SIN_FUENTE_EXPLICITA_EN_BASES_ACTUALES,SIN_FUENTE,NULA,REVISAR_CORRECTO_SIN_FUENTE,SIN_FUENTE_EXPLICITA_EN_BASES_ACTUALES
I162S2C69J4V1,51,OTROS_REQUISITOS,REVISAR,,SIN_FUENTE_EXPLICITA_EN_BASES_ACTUALES,SIN_FUENTE,NULA,REVISAR_CORRECTO_SIN_FUENTE,SIN_FUENTE_EXPLICITA_EN_BASES_ACTUALES
I162S2C69J4V1,51,MAIL_DIFUSION_CARRERA,REVISAR,,SIN_FUENTE_ARANCELARIA_EN_BASES_ACTUALES,SIN_FUENTE,NULA,REVISAR_CORRECTO_SIN_FUENTE,SIN_FUENTE_ARANCELARIA_EN_BASES_ACTUALES
I162S2C69J4V1,51,FORMATO_VALOR,REVISAR,,SIN_FUENTE_ARANCELARIA_EN_BASES_ACTUALES,SIN_FUENTE,NULA,REVISAR_CORRECTO_SIN_FUENTE,SIN_FUENTE_ARANCELARIA_EN_BASES_ACTUALES
I162S2C69J4V1,51,VALOR_MATRICULA_ANUAL,REVISAR,,SIN_FUENTE_ARANCELARIA_EN_BASES_ACTUALES,SIN_FUENTE,NULA,REVISAR_CORRECTO_SIN_FUENTE,SIN_FUENTE_ARANCELARIA_EN_BASES_ACTUALES
I162S2C69J4V1,51,COSTO_TITULACION,REVISAR,,SIN_FUENTE_ARANCELARIA_EN_BASES_ACTUALES,SIN_FUENTE,NULA,REVISAR_CORRECTO_SIN_FUENTE,SIN_FUENTE_ARANCELARIA_EN_BASES_ACTUALES
I162S2C69J4V1,51,VALOR_CERTIFICADO_DIPLOMA,REVISAR,,SIN_FUENTE_ARANCELARIA_EN_BASES_ACTUALES,SIN_FUENTE,NULA,REVISAR_CORRECTO_SIN_FUENTE,SIN_FUENTE_ARANCELARIA_EN_BASES_ACTUALES
I162S2C69J4V1,51,ARANCEL_ANUAL,REVISAR,,SIN_FUENTE_ARANCELARIA_EN_BASES_ACTUALES,SIN_FUENTE,NULA,REVISAR_CORRECTO_SIN_FUENTE,SIN_FUENTE_ARANCELARIA_EN_BASES_ACTUALES
I162S2C69J4V1,51,VIGENCIA_CARRERA,REVISAR,,SIN_FUENTE_EXPLICITA_EN_BASES_ACTUALES,SIN_FUENTE,NULA,REVISAR_CORRECTO_SIN_FUENTE,SIN_FUENTE_EXPLICITA_EN_BASES_ACTUALES
I162S2C6J1V1,52,Mención o Especialidad,REVISAR,,SIN_FUENTE_EXPLICITA_EN_BASES_ACTUALES,SIN_FUENTE,NULA,REVISAR_CORRECTO_SIN_FUENTE,SIN_FUENTE_EXPLICITA_EN_BASES_ACTUALES
I162S2C6J1V1,52,Área del Conocimiento,REVISAR,10,DICCIONARIO.AREA_ACTUAL,REGLA_CONDICIONAL,MEDIA,COMPLETABLE_POR_REGLA_CONDICIONAL,Existe código técnico; falta confirmar formato/etiqueta final aceptada por formulario.
I162S2C6J1V1,52,Sub Área,REVISAR,,SIN_TABLA_OFICIAL_DE_EQUIVALENCIA_AREA,SIN_FUENTE,NULA,REVISAR_CORRECTO_SIN_FUENTE,SIN_TABLA_OFICIAL_DE_EQUIVALENCIA_AREA
I162S2C6J1V1,52,Carrera Genérica,REVISAR,,SIN_TABLA_OFICIAL_DE_EQUIVALENCIA_AREA,SIN_FUENTE,NULA,REVISAR_CORRECTO_SIN_FUENTE,SIN_TABLA_OFICIAL_DE_EQUIVALENCIA_AREA
I162S2C6J1V1,52,Grado Académico que otorga el programa,REVISAR,,SIN_FUENTE_EXPLICITA_EN_BASES_ACTUALES,SIN_FUENTE,NULA,REVISAR_CORRECTO_SIN_FUENTE,SIN_FUENTE_EXPLICITA_EN_BASES_ACTUALES
I162S2C6J1V1,52,Dependencia,REVISAR,,SIN_FUENTE_EXPLICITA_EN_BASES_ACTUALES,SIN_FUENTE,NULA,REVISAR_CORRECTO_SIN_FUENTE,SIN_FUENTE_EXPLICITA_EN_BASES_ACTUALES
I162S2C6J1V1,52,Régimen,REVISAR,1,DICCIONARIO.REGIMEN,REGLA_CONDICIONAL,MEDIA,COMPLETABLE_POR_REGLA_CONDICIONAL,Existe código técnico; falta confirmar formato/etiqueta final aceptada por formulario.
I162S2C6J1V1,52,Ingreso Directo,REVISAR,1,DICCIONARIO.REQUISITO_INGRESO,REGLA_CONDICIONAL,MEDIA,COMPLETABLE_POR_REGLA_CONDICIONAL,Existe código técnico; falta confirmar formato/etiqueta final aceptada por formulario.
I162S2C6J1V1,52,Ingreso desde un plan Común,REVISAR,,SIN_FUENTE_EXPLICITA_EN_BASES_ACTUALES,SIN_FUENTE,NULA,REVISAR_CORRECTO_SIN_FUENTE,SIN_FUENTE_EXPLICITA_EN_BASES_ACTUALES
I162S2C6J1V1,52,Ingreso desde Bachillerato,REVISAR,,SIN_FUENTE_EXPLICITA_EN_BASES_ACTUALES,SIN_FUENTE,NULA,REVISAR_CORRECTO_SIN_FUENTE,SIN_FUENTE_EXPLICITA_EN_BASES_ACTUALES
I162S2C6J1V1,52,Otro Tipo de Ingreso,REVISAR,,SIN_FUENTE_EXPLICITA_EN_BASES_ACTUALES,SIN_FUENTE,NULA,REVISAR_CORRECTO_SIN_FUENTE,SIN_FUENTE_EXPLICITA_EN_BASES_ACTUALES
I162S2C6J1V1,52,Ingreso otro,REVISAR,,SIN_FUENTE_EXPLICITA_EN_BASES_ACTUALES,SIN_FUENTE,NULA,REVISAR_CORRECTO_SIN_FUENTE,SIN_FUENTE_EXPLICITA_EN_BASES_ACTUALES
I162S2C6J1V1,52,FECHA_ADMISION_INICIAL,REVISAR,,SIN_FUENTE_ARANCELARIA_EN_BASES_ACTUALES,SIN_FUENTE,NULA,REVISAR_CORRECTO_SIN_FUENTE,SIN_FUENTE_ARANCELARIA_EN_BASES_ACTUALES
I162S2C6J1V1,52,MALLA_CURRICULAR,REVISAR,,SIN_FUENTE_ARANCELARIA_EN_BASES_ACTUALES,SIN_FUENTE,NULA,REVISAR_CORRECTO_SIN_FUENTE,SIN_FUENTE_ARANCELARIA_EN_BASES_ACTUALES
I162S2C6J1V1,52,PERFIL_EGRESO,REVISAR,,SIN_FUENTE_ARANCELARIA_EN_BASES_ACTUALES,SIN_FUENTE,NULA,REVISAR_CORRECTO_SIN_FUENTE,SIN_FUENTE_ARANCELARIA_EN_BASES_ACTUALES
I162S2C6J1V1,52,TEXTO_REQUISITO_INGRESO,REVISAR,,SIN_FUENTE_EXPLICITA_EN_BASES_ACTUALES,SIN_FUENTE,NULA,REVISAR_CORRECTO_SIN_FUENTE,SIN_FUENTE_EXPLICITA_EN_BASES_ACTUALES
I162S2C6J1V1,52,LICENCIA_ENS_MEDIA,REVISAR,,SIN_FUENTE_EXPLICITA_EN_BASES_ACTUALES,SIN_FUENTE,NULA,REVISAR_CORRECTO_SIN_FUENTE,SIN_FUENTE_EXPLICITA_EN_BASES_ACTUALES
I162S2C6J1V1,52,NOTAS_ENS_MEDIA,REVISAR,,SIN_FUENTE_EXPLICITA_EN_BASES_ACTUALES,SIN_FUENTE,NULA,REVISAR_CORRECTO_SIN_FUENTE,SIN_FUENTE_EXPLICITA_EN_BASES_ACTUALES
I162S2C6J1V1,52,PROMEDIO_MIN_ENS_MEDIA,REVISAR,,SIN_FUENTE_EXPLICITA_EN_BASES_ACTUALES,SIN_FUENTE,NULA,REVISAR_CORRECTO_SIN_FUENTE,SIN_FUENTE_EXPLICITA_EN_BASES_ACTUALES
I162S2C6J1V1,52,RECONOCIMIENTOS_APREN_PREVIOS,REVISAR,,SIN_FUENTE_EXPLICITA_EN_BASES_ACTUALES,SIN_FUENTE,NULA,REVISAR_CORRECTO_SIN_FUENTE,SIN_FUENTE_EXPLICITA_EN_BASES_ACTUALES
I162S2C6J1V1,52,EXPERIENCIA_LABORAL,REVISAR,,SIN_FUENTE_EXPLICITA_EN_BASES_ACTUALES,SIN_FUENTE,NULA,REVISAR_CORRECTO_SIN_FUENTE,SIN_FUENTE_EXPLICITA_EN_BASES_ACTUALES
I162S2C6J1V1,52,OTROS_REQUISITOS,REVISAR,,SIN_FUENTE_EXPLICITA_EN_BASES_ACTUALES,SIN_FUENTE,NULA,REVISAR_CORRECTO_SIN_FUENTE,SIN_FUENTE_EXPLICITA_EN_BASES_ACTUALES
I162S2C6J1V1,52,MAIL_DIFUSION_CARRERA,REVISAR,,SIN_FUENTE_ARANCELARIA_EN_BASES_ACTUALES,SIN_FUENTE,NULA,REVISAR_CORRECTO_SIN_FUENTE,SIN_FUENTE_ARANCELARIA_EN_BASES_ACTUALES
I162S2C6J1V1,52,FORMATO_VALOR,REVISAR,,SIN_FUENTE_ARANCELARIA_EN_BASES_ACTUALES,SIN_FUENTE,NULA,REVISAR_CORRECTO_SIN_FUENTE,SIN_FUENTE_ARANCELARIA_EN_BASES_ACTUALES
I162S2C6J1V1,52,VALOR_MATRICULA_ANUAL,REVISAR,,SIN_FUENTE_ARANCELARIA_EN_BASES_ACTUALES,SIN_FUENTE,NULA,REVISAR_CORRECTO_SIN_FUENTE,SIN_FUENTE_ARANCELARIA_EN_BASES_ACTUALES
I162S2C6J1V1,52,COSTO_TITULACION,REVISAR,,SIN_FUENTE_ARANCELARIA_EN_BASES_ACTUALES,SIN_FUENTE,NULA,REVISAR_CORRECTO_SIN_FUENTE,SIN_FUENTE_ARANCELARIA_EN_BASES_ACTUALES
I162S2C6J1V1,52,VALOR_CERTIFICADO_DIPLOMA,REVISAR,,SIN_FUENTE_ARANCELARIA_EN_BASES_ACTUALES,SIN_FUENTE,NULA,REVISAR_CORRECTO_SIN_FUENTE,SIN_FUENTE_ARANCELARIA_EN_BASES_ACTUALES
I162S2C6J1V1,52,ARANCEL_ANUAL,REVISAR,,SIN_FUENTE_ARANCELARIA_EN_BASES_ACTUALES,SIN_FUENTE,NULA,REVISAR_CORRECTO_SIN_FUENTE,SIN_FUENTE_ARANCELARIA_EN_BASES_ACTUALES
I162S2C6J1V1,52,VIGENCIA_CARRERA,REVISAR,,SIN_FUENTE_EXPLICITA_EN_BASES_ACTUALES,SIN_FUENTE,NULA,REVISAR_CORRECTO_SIN_FUENTE,SIN_FUENTE_EXPLICITA_EN_BASES_ACTUALES
I162S2C6J2V1,53,Mención o Especialidad,REVISAR,,SIN_FUENTE_EXPLICITA_EN_BASES_ACTUALES,SIN_FUENTE,NULA,REVISAR_CORRECTO_SIN_FUENTE,SIN_FUENTE_EXPLICITA_EN_BASES_ACTUALES
I162S2C6J2V1,53,Área del Conocimiento,REVISAR,10,DICCIONARIO.AREA_ACTUAL,REGLA_CONDICIONAL,MEDIA,COMPLETABLE_POR_REGLA_CONDICIONAL,Existe código técnico; falta confirmar formato/etiqueta final aceptada por formulario.
I162S2C6J2V1,53,Sub Área,REVISAR,,SIN_TABLA_OFICIAL_DE_EQUIVALENCIA_AREA,SIN_FUENTE,NULA,REVISAR_CORRECTO_SIN_FUENTE,SIN_TABLA_OFICIAL_DE_EQUIVALENCIA_AREA
I162S2C6J2V1,53,Carrera Genérica,REVISAR,,SIN_TABLA_OFICIAL_DE_EQUIVALENCIA_AREA,SIN_FUENTE,NULA,REVISAR_CORRECTO_SIN_FUENTE,SIN_TABLA_OFICIAL_DE_EQUIVALENCIA_AREA
I162S2C6J2V1,53,Grado Académico que otorga el programa,REVISAR,,SIN_FUENTE_EXPLICITA_EN_BASES_ACTUALES,SIN_FUENTE,NULA,REVISAR_CORRECTO_SIN_FUENTE,SIN_FUENTE_EXPLICITA_EN_BASES_ACTUALES
I162S2C6J2V1,53,Dependencia,REVISAR,,SIN_FUENTE_EXPLICITA_EN_BASES_ACTUALES,SIN_FUENTE,NULA,REVISAR_CORRECTO_SIN_FUENTE,SIN_FUENTE_EXPLICITA_EN_BASES_ACTUALES
I162S2C6J2V1,53,Régimen,REVISAR,1,DICCIONARIO.REGIMEN,REGLA_CONDICIONAL,MEDIA,COMPLETABLE_POR_REGLA_CONDICIONAL,Existe código técnico; falta confirmar formato/etiqueta final aceptada por formulario.
I162S2C6J2V1,53,Ingreso Directo,REVISAR,1,DICCIONARIO.REQUISITO_INGRESO,REGLA_CONDICIONAL,MEDIA,COMPLETABLE_POR_REGLA_CONDICIONAL,Existe código técnico; falta confirmar formato/etiqueta final aceptada por formulario.
I162S2C6J2V1,53,Ingreso desde un plan Común,REVISAR,,SIN_FUENTE_EXPLICITA_EN_BASES_ACTUALES,SIN_FUENTE,NULA,REVISAR_CORRECTO_SIN_FUENTE,SIN_FUENTE_EXPLICITA_EN_BASES_ACTUALES
I162S2C6J2V1,53,Ingreso desde Bachillerato,REVISAR,,SIN_FUENTE_EXPLICITA_EN_BASES_ACTUALES,SIN_FUENTE,NULA,REVISAR_CORRECTO_SIN_FUENTE,SIN_FUENTE_EXPLICITA_EN_BASES_ACTUALES
I162S2C6J2V1,53,Otro Tipo de Ingreso,REVISAR,,SIN_FUENTE_EXPLICITA_EN_BASES_ACTUALES,SIN_FUENTE,NULA,REVISAR_CORRECTO_SIN_FUENTE,SIN_FUENTE_EXPLICITA_EN_BASES_ACTUALES
I162S2C6J2V1,53,Ingreso otro,REVISAR,,SIN_FUENTE_EXPLICITA_EN_BASES_ACTUALES,SIN_FUENTE,NULA,REVISAR_CORRECTO_SIN_FUENTE,SIN_FUENTE_EXPLICITA_EN_BASES_ACTUALES
I162S2C6J2V1,53,FECHA_ADMISION_INICIAL,REVISAR,,SIN_FUENTE_ARANCELARIA_EN_BASES_ACTUALES,SIN_FUENTE,NULA,REVISAR_CORRECTO_SIN_FUENTE,SIN_FUENTE_ARANCELARIA_EN_BASES_ACTUALES
I162S2C6J2V1,53,MALLA_CURRICULAR,REVISAR,,SIN_FUENTE_ARANCELARIA_EN_BASES_ACTUALES,SIN_FUENTE,NULA,REVISAR_CORRECTO_SIN_FUENTE,SIN_FUENTE_ARANCELARIA_EN_BASES_ACTUALES
I162S2C6J2V1,53,PERFIL_EGRESO,REVISAR,,SIN_FUENTE_ARANCELARIA_EN_BASES_ACTUALES,SIN_FUENTE,NULA,REVISAR_CORRECTO_SIN_FUENTE,SIN_FUENTE_ARANCELARIA_EN_BASES_ACTUALES
I162S2C6J2V1,53,TEXTO_REQUISITO_INGRESO,REVISAR,,SIN_FUENTE_EXPLICITA_EN_BASES_ACTUALES,SIN_FUENTE,NULA,REVISAR_CORRECTO_SIN_FUENTE,SIN_FUENTE_EXPLICITA_EN_BASES_ACTUALES
I162S2C6J2V1,53,LICENCIA_ENS_MEDIA,REVISAR,,SIN_FUENTE_EXPLICITA_EN_BASES_ACTUALES,SIN_FUENTE,NULA,REVISAR_CORRECTO_SIN_FUENTE,SIN_FUENTE_EXPLICITA_EN_BASES_ACTUALES
I162S2C6J2V1,53,NOTAS_ENS_MEDIA,REVISAR,,SIN_FUENTE_EXPLICITA_EN_BASES_ACTUALES,SIN_FUENTE,NULA,REVISAR_CORRECTO_SIN_FUENTE,SIN_FUENTE_EXPLICITA_EN_BASES_ACTUALES
I162S2C6J2V1,53,PROMEDIO_MIN_ENS_MEDIA,REVISAR,,SIN_FUENTE_EXPLICITA_EN_BASES_ACTUALES,SIN_FUENTE,NULA,REVISAR_CORRECTO_SIN_FUENTE,SIN_FUENTE_EXPLICITA_EN_BASES_ACTUALES
I162S2C6J2V1,53,RECONOCIMIENTOS_APREN_PREVIOS,REVISAR,,SIN_FUENTE_EXPLICITA_EN_BASES_ACTUALES,SIN_FUENTE,NULA,REVISAR_CORRECTO_SIN_FUENTE,SIN_FUENTE_EXPLICITA_EN_BASES_ACTUALES
I162S2C6J2V1,53,EXPERIENCIA_LABORAL,REVISAR,,SIN_FUENTE_EXPLICITA_EN_BASES_ACTUALES,SIN_FUENTE,NULA,REVISAR_CORRECTO_SIN_FUENTE,SIN_FUENTE_EXPLICITA_EN_BASES_ACTUALES
I162S2C6J2V1,53,OTROS_REQUISITOS,REVISAR,,SIN_FUENTE_EXPLICITA_EN_BASES_ACTUALES,SIN_FUENTE,NULA,REVISAR_CORRECTO_SIN_FUENTE,SIN_FUENTE_EXPLICITA_EN_BASES_ACTUALES
I162S2C6J2V1,53,MAIL_DIFUSION_CARRERA,REVISAR,,SIN_FUENTE_ARANCELARIA_EN_BASES_ACTUALES,SIN_FUENTE,NULA,REVISAR_CORRECTO_SIN_FUENTE,SIN_FUENTE_ARANCELARIA_EN_BASES_ACTUALES
I162S2C6J2V1,53,FORMATO_VALOR,REVISAR,,SIN_FUENTE_ARANCELARIA_EN_BASES_ACTUALES,SIN_FUENTE,NULA,REVISAR_CORRECTO_SIN_FUENTE,SIN_FUENTE_ARANCELARIA_EN_BASES_ACTUALES
I162S2C6J2V1,53,VALOR_MATRICULA_ANUAL,REVISAR,,SIN_FUENTE_ARANCELARIA_EN_BASES_ACTUALES,SIN_FUENTE,NULA,REVISAR_CORRECTO_SIN_FUENTE,SIN_FUENTE_ARANCELARIA_EN_BASES_ACTUALES
I162S2C6J2V1,53,COSTO_TITULACION,REVISAR,,SIN_FUENTE_ARANCELARIA_EN_BASES_ACTUALES,SIN_FUENTE,NULA,REVISAR_CORRECTO_SIN_FUENTE,SIN_FUENTE_ARANCELARIA_EN_BASES_ACTUALES
I162S2C6J2V1,53,VALOR_CERTIFICADO_DIPLOMA,REVISAR,,SIN_FUENTE_ARANCELARIA_EN_BASES_ACTUALES,SIN_FUENTE,NULA,REVISAR_CORRECTO_SIN_FUENTE,SIN_FUENTE_ARANCELARIA_EN_BASES_ACTUALES
I162S2C6J2V1,53,ARANCEL_ANUAL,REVISAR,,SIN_FUENTE_ARANCELARIA_EN_BASES_ACTUALES,SIN_FUENTE,NULA,REVISAR_CORRECTO_SIN_FUENTE,SIN_FUENTE_ARANCELARIA_EN_BASES_ACTUALES
I162S2C6J2V1,53,VIGENCIA_CARRERA,REVISAR,,SIN_FUENTE_EXPLICITA_EN_BASES_ACTUALES,SIN_FUENTE,NULA,REVISAR_CORRECTO_SIN_FUENTE,SIN_FUENTE_EXPLICITA_EN_BASES_ACTUALES
I162S2C6J4V1,54,Mención o Especialidad,REVISAR,,SIN_FUENTE_EXPLICITA_EN_BASES_ACTUALES,SIN_FUENTE,NULA,REVISAR_CORRECTO_SIN_FUENTE,SIN_FUENTE_EXPLICITA_EN_BASES_ACTUALES
I162S2C6J4V1,54,Año de inicio de Actividades,REVISAR,2019,DICCIONARIO.ANIO_INICIO (I162S2C6J4V2),REGLA_CONDICIONAL_R3,MEDIA,COMPLETABLE_POR_REGLA_CONDICIONAL,R3 usa candidato estructural con versión distinta; requiere revisión antes de segunda pasada.
I162S2C6J4V1,54,Área del Conocimiento,REVISAR,10,DICCIONARIO.AREA_ACTUAL (I162S2C6J4V2),REGLA_CONDICIONAL_R3,MEDIA,COMPLETABLE_POR_REGLA_CONDICIONAL,R3 usa candidato estructural con versión distinta; requiere revisión antes de segunda pasada.
I162S2C6J4V1,54,Sub Área,REVISAR,,SIN_TABLA_OFICIAL_DE_EQUIVALENCIA_AREA,SIN_FUENTE,NULA,REVISAR_CORRECTO_SIN_FUENTE,SIN_TABLA_OFICIAL_DE_EQUIVALENCIA_AREA
I162S2C6J4V1,54,Carrera Genérica,REVISAR,,SIN_TABLA_OFICIAL_DE_EQUIVALENCIA_AREA,SIN_FUENTE,NULA,REVISAR_CORRECTO_SIN_FUENTE,SIN_TABLA_OFICIAL_DE_EQUIVALENCIA_AREA
I162S2C6J4V1,54,Grado Académico que otorga el programa,REVISAR,,SIN_FUENTE_EXPLICITA_EN_BASES_ACTUALES,SIN_FUENTE,NULA,REVISAR_CORRECTO_SIN_FUENTE,SIN_FUENTE_EXPLICITA_EN_BASES_ACTUALES
I162S2C6J4V1,54,Dependencia,REVISAR,,SIN_FUENTE_EXPLICITA_EN_BASES_ACTUALES,SIN_FUENTE,NULA,REVISAR_CORRECTO_SIN_FUENTE,SIN_FUENTE_EXPLICITA_EN_BASES_ACTUALES
I162S2C6J4V1,54,Régimen,REVISAR,1,DICCIONARIO.REGIMEN (I162S2C6J4V2),REGLA_CONDICIONAL_R3,MEDIA,COMPLETABLE_POR_REGLA_CONDICIONAL,R3 usa candidato estructural con versión distinta; requiere revisión antes de segunda pasada.
I162S2C6J4V1,54,Ingreso Directo,REVISAR,1,DICCIONARIO.REQUISITO_INGRESO (I162S2C6J4V2),REGLA_CONDICIONAL_R3,MEDIA,COMPLETABLE_POR_REGLA_CONDICIONAL,R3 usa candidato estructural con versión distinta; requiere revisión antes de segunda pasada.
I162S2C6J4V1,54,Ingreso desde un plan Común,REVISAR,,SIN_FUENTE_EXPLICITA_EN_BASES_ACTUALES,SIN_FUENTE,NULA,REVISAR_CORRECTO_SIN_FUENTE,SIN_FUENTE_EXPLICITA_EN_BASES_ACTUALES
I162S2C6J4V1,54,Ingreso desde Bachillerato,REVISAR,,SIN_FUENTE_EXPLICITA_EN_BASES_ACTUALES,SIN_FUENTE,NULA,REVISAR_CORRECTO_SIN_FUENTE,SIN_FUENTE_EXPLICITA_EN_BASES_ACTUALES
I162S2C6J4V1,54,Otro Tipo de Ingreso,REVISAR,,SIN_FUENTE_EXPLICITA_EN_BASES_ACTUALES,SIN_FUENTE,NULA,REVISAR_CORRECTO_SIN_FUENTE,SIN_FUENTE_EXPLICITA_EN_BASES_ACTUALES
I162S2C6J4V1,54,Ingreso otro,REVISAR,,SIN_FUENTE_EXPLICITA_EN_BASES_ACTUALES,SIN_FUENTE,NULA,REVISAR_CORRECTO_SIN_FUENTE,SIN_FUENTE_EXPLICITA_EN_BASES_ACTUALES
I162S2C6J4V1,54,ANIO_INICIO,REVISAR,2019,DICCIONARIO.ANIO_INICIO (I162S2C6J4V2),REGLA_CONDICIONAL_R3,MEDIA,COMPLETABLE_POR_REGLA_CONDICIONAL,R3 con versión distinta; campo sensible requiere revisión antes de aplicar.
I162S2C6J4V1,54,VACANTES_PRIMER_SEMESTRE,REVISAR,60,DICCIONARIO.VACANTES_PRIMER_SEMESTRE (I162S2C6J4V2),REGLA_CONDICIONAL_R3,MEDIA,COMPLETABLE_POR_REGLA_CONDICIONAL,R3 con versión distinta; campo sensible requiere revisión antes de aplicar.
I162S2C6J4V1,54,VACANTES_SEGUNDO_SEMESTRE,REVISAR,0,DICCIONARIO.VACANTES_SEGUNDO_SEMESTRE (I162S2C6J4V2),REGLA_CONDICIONAL_R3,MEDIA,COMPLETABLE_POR_REGLA_CONDICIONAL,R3 con versión distinta; campo sensible requiere revisión antes de aplicar.
I162S2C6J4V1,54,FECHA_ADMISION_INICIAL,REVISAR,,SIN_FUENTE_ARANCELARIA_EN_BASES_ACTUALES,SIN_FUENTE,NULA,REVISAR_CORRECTO_SIN_FUENTE,SIN_FUENTE_ARANCELARIA_EN_BASES_ACTUALES
I162S2C6J4V1,54,MALLA_CURRICULAR,REVISAR,,SIN_FUENTE_ARANCELARIA_EN_BASES_ACTUALES,SIN_FUENTE,NULA,REVISAR_CORRECTO_SIN_FUENTE,SIN_FUENTE_ARANCELARIA_EN_BASES_ACTUALES
I162S2C6J4V1,54,PERFIL_EGRESO,REVISAR,,SIN_FUENTE_ARANCELARIA_EN_BASES_ACTUALES,SIN_FUENTE,NULA,REVISAR_CORRECTO_SIN_FUENTE,SIN_FUENTE_ARANCELARIA_EN_BASES_ACTUALES
I162S2C6J4V1,54,TEXTO_REQUISITO_INGRESO,REVISAR,,SIN_FUENTE_EXPLICITA_EN_BASES_ACTUALES,SIN_FUENTE,NULA,REVISAR_CORRECTO_SIN_FUENTE,SIN_FUENTE_EXPLICITA_EN_BASES_ACTUALES
I162S2C6J4V1,54,LICENCIA_ENS_MEDIA,REVISAR,,SIN_FUENTE_EXPLICITA_EN_BASES_ACTUALES,SIN_FUENTE,NULA,REVISAR_CORRECTO_SIN_FUENTE,SIN_FUENTE_EXPLICITA_EN_BASES_ACTUALES
I162S2C6J4V1,54,NOTAS_ENS_MEDIA,REVISAR,,SIN_FUENTE_EXPLICITA_EN_BASES_ACTUALES,SIN_FUENTE,NULA,REVISAR_CORRECTO_SIN_FUENTE,SIN_FUENTE_EXPLICITA_EN_BASES_ACTUALES
I162S2C6J4V1,54,PROMEDIO_MIN_ENS_MEDIA,REVISAR,,SIN_FUENTE_EXPLICITA_EN_BASES_ACTUALES,SIN_FUENTE,NULA,REVISAR_CORRECTO_SIN_FUENTE,SIN_FUENTE_EXPLICITA_EN_BASES_ACTUALES
I162S2C6J4V1,54,RECONOCIMIENTOS_APREN_PREVIOS,REVISAR,,SIN_FUENTE_EXPLICITA_EN_BASES_ACTUALES,SIN_FUENTE,NULA,REVISAR_CORRECTO_SIN_FUENTE,SIN_FUENTE_EXPLICITA_EN_BASES_ACTUALES
I162S2C6J4V1,54,EXPERIENCIA_LABORAL,REVISAR,,SIN_FUENTE_EXPLICITA_EN_BASES_ACTUALES,SIN_FUENTE,NULA,REVISAR_CORRECTO_SIN_FUENTE,SIN_FUENTE_EXPLICITA_EN_BASES_ACTUALES
I162S2C6J4V1,54,OTROS_REQUISITOS,REVISAR,,SIN_FUENTE_EXPLICITA_EN_BASES_ACTUALES,SIN_FUENTE,NULA,REVISAR_CORRECTO_SIN_FUENTE,SIN_FUENTE_EXPLICITA_EN_BASES_ACTUALES
I162S2C6J4V1,54,MAIL_DIFUSION_CARRERA,REVISAR,,SIN_FUENTE_ARANCELARIA_EN_BASES_ACTUALES,SIN_FUENTE,NULA,REVISAR_CORRECTO_SIN_FUENTE,SIN_FUENTE_ARANCELARIA_EN_BASES_ACTUALES
I162S2C6J4V1,54,FORMATO_VALOR,REVISAR,,SIN_FUENTE_ARANCELARIA_EN_BASES_ACTUALES,SIN_FUENTE,NULA,REVISAR_CORRECTO_SIN_FUENTE,SIN_FUENTE_ARANCELARIA_EN_BASES_ACTUALES
I162S2C6J4V1,54,VALOR_MATRICULA_ANUAL,REVISAR,,SIN_FUENTE_ARANCELARIA_EN_BASES_ACTUALES,SIN_FUENTE,NULA,REVISAR_CORRECTO_SIN_FUENTE,SIN_FUENTE_ARANCELARIA_EN_BASES_ACTUALES
I162S2C6J4V1,54,COSTO_TITULACION,REVISAR,,SIN_FUENTE_ARANCELARIA_EN_BASES_ACTUALES,SIN_FUENTE,NULA,REVISAR_CORRECTO_SIN_FUENTE,SIN_FUENTE_ARANCELARIA_EN_BASES_ACTUALES
I162S2C6J4V1,54,VALOR_CERTIFICADO_DIPLOMA,REVISAR,,SIN_FUENTE_ARANCELARIA_EN_BASES_ACTUALES,SIN_FUENTE,NULA,REVISAR_CORRECTO_SIN_FUENTE,SIN_FUENTE_ARANCELARIA_EN_BASES_ACTUALES
I162S2C6J4V1,54,ARANCEL_ANUAL,REVISAR,,SIN_FUENTE_ARANCELARIA_EN_BASES_ACTUALES,SIN_FUENTE,NULA,REVISAR_CORRECTO_SIN_FUENTE,SIN_FUENTE_ARANCELARIA_EN_BASES_ACTUALES
I162S2C6J4V1,54,VIGENCIA_CARRERA,REVISAR,,SIN_FUENTE_EXPLICITA_EN_BASES_ACTUALES,SIN_FUENTE,NULA,REVISAR_CORRECTO_SIN_FUENTE,SIN_FUENTE_EXPLICITA_EN_BASES_ACTUALES
I162S2C70J4V1,55,Mención o Especialidad,REVISAR,,SIN_FUENTE_EXPLICITA_EN_BASES_ACTUALES,SIN_FUENTE,NULA,REVISAR_CORRECTO_SIN_FUENTE,SIN_FUENTE_EXPLICITA_EN_BASES_ACTUALES
I162S2C70J4V1,55,Área del Conocimiento,REVISAR,7,DICCIONARIO.AREA_ACTUAL,REGLA_CONDICIONAL,MEDIA,COMPLETABLE_POR_REGLA_CONDICIONAL,Existe código técnico; falta confirmar formato/etiqueta final aceptada por formulario.
I162S2C70J4V1,55,Sub Área,REVISAR,,SIN_TABLA_OFICIAL_DE_EQUIVALENCIA_AREA,SIN_FUENTE,NULA,REVISAR_CORRECTO_SIN_FUENTE,SIN_TABLA_OFICIAL_DE_EQUIVALENCIA_AREA
I162S2C70J4V1,55,Carrera Genérica,REVISAR,,SIN_TABLA_OFICIAL_DE_EQUIVALENCIA_AREA,SIN_FUENTE,NULA,REVISAR_CORRECTO_SIN_FUENTE,SIN_TABLA_OFICIAL_DE_EQUIVALENCIA_AREA
I162S2C70J4V1,55,Grado Académico que otorga el programa,REVISAR,,SIN_FUENTE_EXPLICITA_EN_BASES_ACTUALES,SIN_FUENTE,NULA,REVISAR_CORRECTO_SIN_FUENTE,SIN_FUENTE_EXPLICITA_EN_BASES_ACTUALES
I162S2C70J4V1,55,Dependencia,REVISAR,,SIN_FUENTE_EXPLICITA_EN_BASES_ACTUALES,SIN_FUENTE,NULA,REVISAR_CORRECTO_SIN_FUENTE,SIN_FUENTE_EXPLICITA_EN_BASES_ACTUALES
I162S2C70J4V1,55,Régimen,REVISAR,1,DICCIONARIO.REGIMEN,REGLA_CONDICIONAL,MEDIA,COMPLETABLE_POR_REGLA_CONDICIONAL,Existe código técnico; falta confirmar formato/etiqueta final aceptada por formulario.
I162S2C70J4V1,55,Ingreso Directo,REVISAR,2,DICCIONARIO.REQUISITO_INGRESO,REGLA_CONDICIONAL,MEDIA,COMPLETABLE_POR_REGLA_CONDICIONAL,Existe código técnico; falta confirmar formato/etiqueta final aceptada por formulario.
I162S2C70J4V1,55,Ingreso desde un plan Común,REVISAR,,SIN_FUENTE_EXPLICITA_EN_BASES_ACTUALES,SIN_FUENTE,NULA,REVISAR_CORRECTO_SIN_FUENTE,SIN_FUENTE_EXPLICITA_EN_BASES_ACTUALES
I162S2C70J4V1,55,Ingreso desde Bachillerato,REVISAR,,SIN_FUENTE_EXPLICITA_EN_BASES_ACTUALES,SIN_FUENTE,NULA,REVISAR_CORRECTO_SIN_FUENTE,SIN_FUENTE_EXPLICITA_EN_BASES_ACTUALES
I162S2C70J4V1,55,Otro Tipo de Ingreso,REVISAR,,SIN_FUENTE_EXPLICITA_EN_BASES_ACTUALES,SIN_FUENTE,NULA,REVISAR_CORRECTO_SIN_FUENTE,SIN_FUENTE_EXPLICITA_EN_BASES_ACTUALES
I162S2C70J4V1,55,Ingreso otro,REVISAR,,SIN_FUENTE_EXPLICITA_EN_BASES_ACTUALES,SIN_FUENTE,NULA,REVISAR_CORRECTO_SIN_FUENTE,SIN_FUENTE_EXPLICITA_EN_BASES_ACTUALES
I162S2C70J4V1,55,FECHA_ADMISION_INICIAL,REVISAR,,SIN_FUENTE_ARANCELARIA_EN_BASES_ACTUALES,SIN_FUENTE,NULA,REVISAR_CORRECTO_SIN_FUENTE,SIN_FUENTE_ARANCELARIA_EN_BASES_ACTUALES
I162S2C70J4V1,55,MALLA_CURRICULAR,REVISAR,,SIN_FUENTE_ARANCELARIA_EN_BASES_ACTUALES,SIN_FUENTE,NULA,REVISAR_CORRECTO_SIN_FUENTE,SIN_FUENTE_ARANCELARIA_EN_BASES_ACTUALES
I162S2C70J4V1,55,PERFIL_EGRESO,REVISAR,,SIN_FUENTE_ARANCELARIA_EN_BASES_ACTUALES,SIN_FUENTE,NULA,REVISAR_CORRECTO_SIN_FUENTE,SIN_FUENTE_ARANCELARIA_EN_BASES_ACTUALES
I162S2C70J4V1,55,TEXTO_REQUISITO_INGRESO,REVISAR,,SIN_FUENTE_EXPLICITA_EN_BASES_ACTUALES,SIN_FUENTE,NULA,REVISAR_CORRECTO_SIN_FUENTE,SIN_FUENTE_EXPLICITA_EN_BASES_ACTUALES
I162S2C70J4V1,55,LICENCIA_ENS_MEDIA,REVISAR,,SIN_FUENTE_EXPLICITA_EN_BASES_ACTUALES,SIN_FUENTE,NULA,REVISAR_CORRECTO_SIN_FUENTE,SIN_FUENTE_EXPLICITA_EN_BASES_ACTUALES
I162S2C70J4V1,55,NOTAS_ENS_MEDIA,REVISAR,,SIN_FUENTE_EXPLICITA_EN_BASES_ACTUALES,SIN_FUENTE,NULA,REVISAR_CORRECTO_SIN_FUENTE,SIN_FUENTE_EXPLICITA_EN_BASES_ACTUALES
I162S2C70J4V1,55,PROMEDIO_MIN_ENS_MEDIA,REVISAR,,SIN_FUENTE_EXPLICITA_EN_BASES_ACTUALES,SIN_FUENTE,NULA,REVISAR_CORRECTO_SIN_FUENTE,SIN_FUENTE_EXPLICITA_EN_BASES_ACTUALES
I162S2C70J4V1,55,RECONOCIMIENTOS_APREN_PREVIOS,REVISAR,,SIN_FUENTE_EXPLICITA_EN_BASES_ACTUALES,SIN_FUENTE,NULA,REVISAR_CORRECTO_SIN_FUENTE,SIN_FUENTE_EXPLICITA_EN_BASES_ACTUALES
I162S2C70J4V1,55,EXPERIENCIA_LABORAL,REVISAR,,SIN_FUENTE_EXPLICITA_EN_BASES_ACTUALES,SIN_FUENTE,NULA,REVISAR_CORRECTO_SIN_FUENTE,SIN_FUENTE_EXPLICITA_EN_BASES_ACTUALES
I162S2C70J4V1,55,OTROS_REQUISITOS,REVISAR,,SIN_FUENTE_EXPLICITA_EN_BASES_ACTUALES,SIN_FUENTE,NULA,REVISAR_CORRECTO_SIN_FUENTE,SIN_FUENTE_EXPLICITA_EN_BASES_ACTUALES
I162S2C70J4V1,55,MAIL_DIFUSION_CARRERA,REVISAR,,SIN_FUENTE_ARANCELARIA_EN_BASES_ACTUALES,SIN_FUENTE,NULA,REVISAR_CORRECTO_SIN_FUENTE,SIN_FUENTE_ARANCELARIA_EN_BASES_ACTUALES
I162S2C70J4V1,55,FORMATO_VALOR,REVISAR,,SIN_FUENTE_ARANCELARIA_EN_BASES_ACTUALES,SIN_FUENTE,NULA,REVISAR_CORRECTO_SIN_FUENTE,SIN_FUENTE_ARANCELARIA_EN_BASES_ACTUALES
I162S2C70J4V1,55,VALOR_MATRICULA_ANUAL,REVISAR,,SIN_FUENTE_ARANCELARIA_EN_BASES_ACTUALES,SIN_FUENTE,NULA,REVISAR_CORRECTO_SIN_FUENTE,SIN_FUENTE_ARANCELARIA_EN_BASES_ACTUALES
I162S2C70J4V1,55,COSTO_TITULACION,REVISAR,,SIN_FUENTE_ARANCELARIA_EN_BASES_ACTUALES,SIN_FUENTE,NULA,REVISAR_CORRECTO_SIN_FUENTE,SIN_FUENTE_ARANCELARIA_EN_BASES_ACTUALES
I162S2C70J4V1,55,VALOR_CERTIFICADO_DIPLOMA,REVISAR,,SIN_FUENTE_ARANCELARIA_EN_BASES_ACTUALES,SIN_FUENTE,NULA,REVISAR_CORRECTO_SIN_FUENTE,SIN_FUENTE_ARANCELARIA_EN_BASES_ACTUALES
I162S2C70J4V1,55,ARANCEL_ANUAL,REVISAR,,SIN_FUENTE_ARANCELARIA_EN_BASES_ACTUALES,SIN_FUENTE,NULA,REVISAR_CORRECTO_SIN_FUENTE,SIN_FUENTE_ARANCELARIA_EN_BASES_ACTUALES
I162S2C70J4V1,55,VIGENCIA_CARRERA,REVISAR,,SIN_FUENTE_EXPLICITA_EN_BASES_ACTUALES,SIN_FUENTE,NULA,REVISAR_CORRECTO_SIN_FUENTE,SIN_FUENTE_EXPLICITA_EN_BASES_ACTUALES
I162S2C71J4V1,56,Mención o Especialidad,REVISAR,,SIN_FUENTE_EXPLICITA_EN_BASES_ACTUALES,SIN_FUENTE,NULA,REVISAR_CORRECTO_SIN_FUENTE,SIN_FUENTE_EXPLICITA_EN_BASES_ACTUALES
I162S2C71J4V1,56,Área del Conocimiento,REVISAR,10,DICCIONARIO.AREA_ACTUAL,REGLA_CONDICIONAL,MEDIA,COMPLETABLE_POR_REGLA_CONDICIONAL,Existe código técnico; falta confirmar formato/etiqueta final aceptada por formulario.
I162S2C71J4V1,56,Sub Área,REVISAR,,SIN_TABLA_OFICIAL_DE_EQUIVALENCIA_AREA,SIN_FUENTE,NULA,REVISAR_CORRECTO_SIN_FUENTE,SIN_TABLA_OFICIAL_DE_EQUIVALENCIA_AREA
I162S2C71J4V1,56,Carrera Genérica,REVISAR,,SIN_TABLA_OFICIAL_DE_EQUIVALENCIA_AREA,SIN_FUENTE,NULA,REVISAR_CORRECTO_SIN_FUENTE,SIN_TABLA_OFICIAL_DE_EQUIVALENCIA_AREA
I162S2C71J4V1,56,Grado Académico que otorga el programa,REVISAR,,SIN_FUENTE_EXPLICITA_EN_BASES_ACTUALES,SIN_FUENTE,NULA,REVISAR_CORRECTO_SIN_FUENTE,SIN_FUENTE_EXPLICITA_EN_BASES_ACTUALES
I162S2C71J4V1,56,Dependencia,REVISAR,,SIN_FUENTE_EXPLICITA_EN_BASES_ACTUALES,SIN_FUENTE,NULA,REVISAR_CORRECTO_SIN_FUENTE,SIN_FUENTE_EXPLICITA_EN_BASES_ACTUALES
I162S2C71J4V1,56,Régimen,REVISAR,1,DICCIONARIO.REGIMEN,REGLA_CONDICIONAL,MEDIA,COMPLETABLE_POR_REGLA_CONDICIONAL,Existe código técnico; falta confirmar formato/etiqueta final aceptada por formulario.
I162S2C71J4V1,56,Ingreso Directo,REVISAR,2,DICCIONARIO.REQUISITO_INGRESO,REGLA_CONDICIONAL,MEDIA,COMPLETABLE_POR_REGLA_CONDICIONAL,Existe código técnico; falta confirmar formato/etiqueta final aceptada por formulario.
I162S2C71J4V1,56,Ingreso desde un plan Común,REVISAR,,SIN_FUENTE_EXPLICITA_EN_BASES_ACTUALES,SIN_FUENTE,NULA,REVISAR_CORRECTO_SIN_FUENTE,SIN_FUENTE_EXPLICITA_EN_BASES_ACTUALES
I162S2C71J4V1,56,Ingreso desde Bachillerato,REVISAR,,SIN_FUENTE_EXPLICITA_EN_BASES_ACTUALES,SIN_FUENTE,NULA,REVISAR_CORRECTO_SIN_FUENTE,SIN_FUENTE_EXPLICITA_EN_BASES_ACTUALES
I162S2C71J4V1,56,Otro Tipo de Ingreso,REVISAR,,SIN_FUENTE_EXPLICITA_EN_BASES_ACTUALES,SIN_FUENTE,NULA,REVISAR_CORRECTO_SIN_FUENTE,SIN_FUENTE_EXPLICITA_EN_BASES_ACTUALES
I162S2C71J4V1,56,Ingreso otro,REVISAR,,SIN_FUENTE_EXPLICITA_EN_BASES_ACTUALES,SIN_FUENTE,NULA,REVISAR_CORRECTO_SIN_FUENTE,SIN_FUENTE_EXPLICITA_EN_BASES_ACTUALES
I162S2C71J4V1,56,FECHA_ADMISION_INICIAL,REVISAR,,SIN_FUENTE_ARANCELARIA_EN_BASES_ACTUALES,SIN_FUENTE,NULA,REVISAR_CORRECTO_SIN_FUENTE,SIN_FUENTE_ARANCELARIA_EN_BASES_ACTUALES
I162S2C71J4V1,56,MALLA_CURRICULAR,REVISAR,,SIN_FUENTE_ARANCELARIA_EN_BASES_ACTUALES,SIN_FUENTE,NULA,REVISAR_CORRECTO_SIN_FUENTE,SIN_FUENTE_ARANCELARIA_EN_BASES_ACTUALES
I162S2C71J4V1,56,PERFIL_EGRESO,REVISAR,,SIN_FUENTE_ARANCELARIA_EN_BASES_ACTUALES,SIN_FUENTE,NULA,REVISAR_CORRECTO_SIN_FUENTE,SIN_FUENTE_ARANCELARIA_EN_BASES_ACTUALES
I162S2C71J4V1,56,TEXTO_REQUISITO_INGRESO,REVISAR,,SIN_FUENTE_EXPLICITA_EN_BASES_ACTUALES,SIN_FUENTE,NULA,REVISAR_CORRECTO_SIN_FUENTE,SIN_FUENTE_EXPLICITA_EN_BASES_ACTUALES
I162S2C71J4V1,56,LICENCIA_ENS_MEDIA,REVISAR,,SIN_FUENTE_EXPLICITA_EN_BASES_ACTUALES,SIN_FUENTE,NULA,REVISAR_CORRECTO_SIN_FUENTE,SIN_FUENTE_EXPLICITA_EN_BASES_ACTUALES
I162S2C71J4V1,56,NOTAS_ENS_MEDIA,REVISAR,,SIN_FUENTE_EXPLICITA_EN_BASES_ACTUALES,SIN_FUENTE,NULA,REVISAR_CORRECTO_SIN_FUENTE,SIN_FUENTE_EXPLICITA_EN_BASES_ACTUALES
I162S2C71J4V1,56,PROMEDIO_MIN_ENS_MEDIA,REVISAR,,SIN_FUENTE_EXPLICITA_EN_BASES_ACTUALES,SIN_FUENTE,NULA,REVISAR_CORRECTO_SIN_FUENTE,SIN_FUENTE_EXPLICITA_EN_BASES_ACTUALES
I162S2C71J4V1,56,RECONOCIMIENTOS_APREN_PREVIOS,REVISAR,,SIN_FUENTE_EXPLICITA_EN_BASES_ACTUALES,SIN_FUENTE,NULA,REVISAR_CORRECTO_SIN_FUENTE,SIN_FUENTE_EXPLICITA_EN_BASES_ACTUALES
I162S2C71J4V1,56,EXPERIENCIA_LABORAL,REVISAR,,SIN_FUENTE_EXPLICITA_EN_BASES_ACTUALES,SIN_FUENTE,NULA,REVISAR_CORRECTO_SIN_FUENTE,SIN_FUENTE_EXPLICITA_EN_BASES_ACTUALES
I162S2C71J4V1,56,OTROS_REQUISITOS,REVISAR,,SIN_FUENTE_EXPLICITA_EN_BASES_ACTUALES,SIN_FUENTE,NULA,REVISAR_CORRECTO_SIN_FUENTE,SIN_FUENTE_EXPLICITA_EN_BASES_ACTUALES
I162S2C71J4V1,56,MAIL_DIFUSION_CARRERA,REVISAR,,SIN_FUENTE_ARANCELARIA_EN_BASES_ACTUALES,SIN_FUENTE,NULA,REVISAR_CORRECTO_SIN_FUENTE,SIN_FUENTE_ARANCELARIA_EN_BASES_ACTUALES
I162S2C71J4V1,56,FORMATO_VALOR,REVISAR,,SIN_FUENTE_ARANCELARIA_EN_BASES_ACTUALES,SIN_FUENTE,NULA,REVISAR_CORRECTO_SIN_FUENTE,SIN_FUENTE_ARANCELARIA_EN_BASES_ACTUALES
I162S2C71J4V1,56,VALOR_MATRICULA_ANUAL,REVISAR,,SIN_FUENTE_ARANCELARIA_EN_BASES_ACTUALES,SIN_FUENTE,NULA,REVISAR_CORRECTO_SIN_FUENTE,SIN_FUENTE_ARANCELARIA_EN_BASES_ACTUALES
I162S2C71J4V1,56,COSTO_TITULACION,REVISAR,,SIN_FUENTE_ARANCELARIA_EN_BASES_ACTUALES,SIN_FUENTE,NULA,REVISAR_CORRECTO_SIN_FUENTE,SIN_FUENTE_ARANCELARIA_EN_BASES_ACTUALES
I162S2C71J4V1,56,VALOR_CERTIFICADO_DIPLOMA,REVISAR,,SIN_FUENTE_ARANCELARIA_EN_BASES_ACTUALES,SIN_FUENTE,NULA,REVISAR_CORRECTO_SIN_FUENTE,SIN_FUENTE_ARANCELARIA_EN_BASES_ACTUALES
I162S2C71J4V1,56,ARANCEL_ANUAL,REVISAR,,SIN_FUENTE_ARANCELARIA_EN_BASES_ACTUALES,SIN_FUENTE,NULA,REVISAR_CORRECTO_SIN_FUENTE,SIN_FUENTE_ARANCELARIA_EN_BASES_ACTUALES
I162S2C71J4V1,56,VIGENCIA_CARRERA,REVISAR,,SIN_FUENTE_EXPLICITA_EN_BASES_ACTUALES,SIN_FUENTE,NULA,REVISAR_CORRECTO_SIN_FUENTE,SIN_FUENTE_EXPLICITA_EN_BASES_ACTUALES
I162S2C76J4V2,57,Mención o Especialidad,REVISAR,,SIN_FUENTE_EXPLICITA_EN_BASES_ACTUALES,SIN_FUENTE,NULA,REVISAR_CORRECTO_SIN_FUENTE,SIN_FUENTE_EXPLICITA_EN_BASES_ACTUALES
I162S2C76J4V2,57,Detalle del Tipo de Programa (especiales),REVISAR,,SIN_FUENTE_DETALLE_PROGRAMA_ESPECIAL,SIN_FUENTE,NULA,REVISAR_CORRECTO_SIN_FUENTE,Programa especial sin detalle validado.
I162S2C76J4V2,57,Área del Conocimiento,REVISAR,1,DICCIONARIO.AREA_ACTUAL,REGLA_CONDICIONAL,MEDIA,COMPLETABLE_POR_REGLA_CONDICIONAL,Existe código técnico; falta confirmar formato/etiqueta final aceptada por formulario.
I162S2C76J4V2,57,Sub Área,REVISAR,,SIN_TABLA_OFICIAL_DE_EQUIVALENCIA_AREA,SIN_FUENTE,NULA,REVISAR_CORRECTO_SIN_FUENTE,SIN_TABLA_OFICIAL_DE_EQUIVALENCIA_AREA
I162S2C76J4V2,57,Carrera Genérica,REVISAR,,SIN_TABLA_OFICIAL_DE_EQUIVALENCIA_AREA,SIN_FUENTE,NULA,REVISAR_CORRECTO_SIN_FUENTE,SIN_TABLA_OFICIAL_DE_EQUIVALENCIA_AREA
I162S2C76J4V2,57,Grado Académico que otorga el programa,REVISAR,,SIN_FUENTE_EXPLICITA_EN_BASES_ACTUALES,SIN_FUENTE,NULA,REVISAR_CORRECTO_SIN_FUENTE,SIN_FUENTE_EXPLICITA_EN_BASES_ACTUALES
I162S2C76J4V2,57,Dependencia,REVISAR,,SIN_FUENTE_EXPLICITA_EN_BASES_ACTUALES,SIN_FUENTE,NULA,REVISAR_CORRECTO_SIN_FUENTE,SIN_FUENTE_EXPLICITA_EN_BASES_ACTUALES
I162S2C76J4V2,57,Régimen,REVISAR,1,DICCIONARIO.REGIMEN,REGLA_CONDICIONAL,MEDIA,COMPLETABLE_POR_REGLA_CONDICIONAL,Existe código técnico; falta confirmar formato/etiqueta final aceptada por formulario.
I162S2C76J4V2,57,Ingreso Directo,REVISAR,2,DICCIONARIO.REQUISITO_INGRESO,REGLA_CONDICIONAL,MEDIA,COMPLETABLE_POR_REGLA_CONDICIONAL,Existe código técnico; falta confirmar formato/etiqueta final aceptada por formulario.
I162S2C76J4V2,57,Ingreso desde un plan Común,REVISAR,,SIN_FUENTE_EXPLICITA_EN_BASES_ACTUALES,SIN_FUENTE,NULA,REVISAR_CORRECTO_SIN_FUENTE,SIN_FUENTE_EXPLICITA_EN_BASES_ACTUALES
I162S2C76J4V2,57,Ingreso desde Bachillerato,REVISAR,,SIN_FUENTE_EXPLICITA_EN_BASES_ACTUALES,SIN_FUENTE,NULA,REVISAR_CORRECTO_SIN_FUENTE,SIN_FUENTE_EXPLICITA_EN_BASES_ACTUALES
I162S2C76J4V2,57,Otro Tipo de Ingreso,REVISAR,,SIN_FUENTE_EXPLICITA_EN_BASES_ACTUALES,SIN_FUENTE,NULA,REVISAR_CORRECTO_SIN_FUENTE,SIN_FUENTE_EXPLICITA_EN_BASES_ACTUALES
I162S2C76J4V2,57,Ingreso otro,REVISAR,,SIN_FUENTE_EXPLICITA_EN_BASES_ACTUALES,SIN_FUENTE,NULA,REVISAR_CORRECTO_SIN_FUENTE,SIN_FUENTE_EXPLICITA_EN_BASES_ACTUALES
I162S2C76J4V2,57,FECHA_ADMISION_INICIAL,REVISAR,,SIN_FUENTE_ARANCELARIA_EN_BASES_ACTUALES,SIN_FUENTE,NULA,REVISAR_CORRECTO_SIN_FUENTE,SIN_FUENTE_ARANCELARIA_EN_BASES_ACTUALES
I162S2C76J4V2,57,MALLA_CURRICULAR,REVISAR,,SIN_FUENTE_ARANCELARIA_EN_BASES_ACTUALES,SIN_FUENTE,NULA,REVISAR_CORRECTO_SIN_FUENTE,SIN_FUENTE_ARANCELARIA_EN_BASES_ACTUALES
I162S2C76J4V2,57,PERFIL_EGRESO,REVISAR,,SIN_FUENTE_ARANCELARIA_EN_BASES_ACTUALES,SIN_FUENTE,NULA,REVISAR_CORRECTO_SIN_FUENTE,SIN_FUENTE_ARANCELARIA_EN_BASES_ACTUALES
I162S2C76J4V2,57,TEXTO_REQUISITO_INGRESO,REVISAR,,SIN_FUENTE_EXPLICITA_EN_BASES_ACTUALES,SIN_FUENTE,NULA,REVISAR_CORRECTO_SIN_FUENTE,SIN_FUENTE_EXPLICITA_EN_BASES_ACTUALES
I162S2C76J4V2,57,LICENCIA_ENS_MEDIA,REVISAR,,SIN_FUENTE_EXPLICITA_EN_BASES_ACTUALES,SIN_FUENTE,NULA,REVISAR_CORRECTO_SIN_FUENTE,SIN_FUENTE_EXPLICITA_EN_BASES_ACTUALES
I162S2C76J4V2,57,NOTAS_ENS_MEDIA,REVISAR,,SIN_FUENTE_EXPLICITA_EN_BASES_ACTUALES,SIN_FUENTE,NULA,REVISAR_CORRECTO_SIN_FUENTE,SIN_FUENTE_EXPLICITA_EN_BASES_ACTUALES
I162S2C76J4V2,57,PROMEDIO_MIN_ENS_MEDIA,REVISAR,,SIN_FUENTE_EXPLICITA_EN_BASES_ACTUALES,SIN_FUENTE,NULA,REVISAR_CORRECTO_SIN_FUENTE,SIN_FUENTE_EXPLICITA_EN_BASES_ACTUALES
I162S2C76J4V2,57,RECONOCIMIENTOS_APREN_PREVIOS,REVISAR,,SIN_FUENTE_EXPLICITA_EN_BASES_ACTUALES,SIN_FUENTE,NULA,REVISAR_CORRECTO_SIN_FUENTE,SIN_FUENTE_EXPLICITA_EN_BASES_ACTUALES
I162S2C76J4V2,57,EXPERIENCIA_LABORAL,REVISAR,,SIN_FUENTE_EXPLICITA_EN_BASES_ACTUALES,SIN_FUENTE,NULA,REVISAR_CORRECTO_SIN_FUENTE,SIN_FUENTE_EXPLICITA_EN_BASES_ACTUALES
I162S2C76J4V2,57,OTROS_REQUISITOS,REVISAR,,SIN_FUENTE_EXPLICITA_EN_BASES_ACTUALES,SIN_FUENTE,NULA,REVISAR_CORRECTO_SIN_FUENTE,SIN_FUENTE_EXPLICITA_EN_BASES_ACTUALES
I162S2C76J4V2,57,MAIL_DIFUSION_CARRERA,REVISAR,,SIN_FUENTE_ARANCELARIA_EN_BASES_ACTUALES,SIN_FUENTE,NULA,REVISAR_CORRECTO_SIN_FUENTE,SIN_FUENTE_ARANCELARIA_EN_BASES_ACTUALES
I162S2C76J4V2,57,FORMATO_VALOR,REVISAR,,SIN_FUENTE_ARANCELARIA_EN_BASES_ACTUALES,SIN_FUENTE,NULA,REVISAR_CORRECTO_SIN_FUENTE,SIN_FUENTE_ARANCELARIA_EN_BASES_ACTUALES
I162S2C76J4V2,57,VALOR_MATRICULA_ANUAL,REVISAR,,SIN_FUENTE_ARANCELARIA_EN_BASES_ACTUALES,SIN_FUENTE,NULA,REVISAR_CORRECTO_SIN_FUENTE,SIN_FUENTE_ARANCELARIA_EN_BASES_ACTUALES
I162S2C76J4V2,57,COSTO_TITULACION,REVISAR,,SIN_FUENTE_ARANCELARIA_EN_BASES_ACTUALES,SIN_FUENTE,NULA,REVISAR_CORRECTO_SIN_FUENTE,SIN_FUENTE_ARANCELARIA_EN_BASES_ACTUALES
I162S2C76J4V2,57,VALOR_CERTIFICADO_DIPLOMA,REVISAR,,SIN_FUENTE_ARANCELARIA_EN_BASES_ACTUALES,SIN_FUENTE,NULA,REVISAR_CORRECTO_SIN_FUENTE,SIN_FUENTE_ARANCELARIA_EN_BASES_ACTUALES
I162S2C76J4V2,57,ARANCEL_ANUAL,REVISAR,,SIN_FUENTE_ARANCELARIA_EN_BASES_ACTUALES,SIN_FUENTE,NULA,REVISAR_CORRECTO_SIN_FUENTE,SIN_FUENTE_ARANCELARIA_EN_BASES_ACTUALES
I162S2C76J4V2,57,VIGENCIA_CARRERA,REVISAR,,SIN_FUENTE_EXPLICITA_EN_BASES_ACTUALES,SIN_FUENTE,NULA,REVISAR_CORRECTO_SIN_FUENTE,SIN_FUENTE_EXPLICITA_EN_BASES_ACTUALES
I162S2C77J4V2,58,Mención o Especialidad,REVISAR,,SIN_FUENTE_EXPLICITA_EN_BASES_ACTUALES,SIN_FUENTE,NULA,REVISAR_CORRECTO_SIN_FUENTE,SIN_FUENTE_EXPLICITA_EN_BASES_ACTUALES
I162S2C77J4V2,58,Detalle del Tipo de Programa (especiales),REVISAR,,SIN_FUENTE_DETALLE_PROGRAMA_ESPECIAL,SIN_FUENTE,NULA,REVISAR_CORRECTO_SIN_FUENTE,Programa especial sin detalle validado.
I162S2C77J4V2,58,Área del Conocimiento,REVISAR,1,DICCIONARIO.AREA_ACTUAL,REGLA_CONDICIONAL,MEDIA,COMPLETABLE_POR_REGLA_CONDICIONAL,Existe código técnico; falta confirmar formato/etiqueta final aceptada por formulario.
I162S2C77J4V2,58,Sub Área,REVISAR,,SIN_TABLA_OFICIAL_DE_EQUIVALENCIA_AREA,SIN_FUENTE,NULA,REVISAR_CORRECTO_SIN_FUENTE,SIN_TABLA_OFICIAL_DE_EQUIVALENCIA_AREA
I162S2C77J4V2,58,Carrera Genérica,REVISAR,,SIN_TABLA_OFICIAL_DE_EQUIVALENCIA_AREA,SIN_FUENTE,NULA,REVISAR_CORRECTO_SIN_FUENTE,SIN_TABLA_OFICIAL_DE_EQUIVALENCIA_AREA
I162S2C77J4V2,58,Grado Académico que otorga el programa,REVISAR,,SIN_FUENTE_EXPLICITA_EN_BASES_ACTUALES,SIN_FUENTE,NULA,REVISAR_CORRECTO_SIN_FUENTE,SIN_FUENTE_EXPLICITA_EN_BASES_ACTUALES
I162S2C77J4V2,58,Dependencia,REVISAR,,SIN_FUENTE_EXPLICITA_EN_BASES_ACTUALES,SIN_FUENTE,NULA,REVISAR_CORRECTO_SIN_FUENTE,SIN_FUENTE_EXPLICITA_EN_BASES_ACTUALES
I162S2C77J4V2,58,Régimen,REVISAR,1,DICCIONARIO.REGIMEN,REGLA_CONDICIONAL,MEDIA,COMPLETABLE_POR_REGLA_CONDICIONAL,Existe código técnico; falta confirmar formato/etiqueta final aceptada por formulario.
I162S2C77J4V2,58,Ingreso Directo,REVISAR,2,DICCIONARIO.REQUISITO_INGRESO,REGLA_CONDICIONAL,MEDIA,COMPLETABLE_POR_REGLA_CONDICIONAL,Existe código técnico; falta confirmar formato/etiqueta final aceptada por formulario.
I162S2C77J4V2,58,Ingreso desde un plan Común,REVISAR,,SIN_FUENTE_EXPLICITA_EN_BASES_ACTUALES,SIN_FUENTE,NULA,REVISAR_CORRECTO_SIN_FUENTE,SIN_FUENTE_EXPLICITA_EN_BASES_ACTUALES
I162S2C77J4V2,58,Ingreso desde Bachillerato,REVISAR,,SIN_FUENTE_EXPLICITA_EN_BASES_ACTUALES,SIN_FUENTE,NULA,REVISAR_CORRECTO_SIN_FUENTE,SIN_FUENTE_EXPLICITA_EN_BASES_ACTUALES
I162S2C77J4V2,58,Otro Tipo de Ingreso,REVISAR,,SIN_FUENTE_EXPLICITA_EN_BASES_ACTUALES,SIN_FUENTE,NULA,REVISAR_CORRECTO_SIN_FUENTE,SIN_FUENTE_EXPLICITA_EN_BASES_ACTUALES
I162S2C77J4V2,58,Ingreso otro,REVISAR,,SIN_FUENTE_EXPLICITA_EN_BASES_ACTUALES,SIN_FUENTE,NULA,REVISAR_CORRECTO_SIN_FUENTE,SIN_FUENTE_EXPLICITA_EN_BASES_ACTUALES
I162S2C77J4V2,58,FECHA_ADMISION_INICIAL,REVISAR,,SIN_FUENTE_ARANCELARIA_EN_BASES_ACTUALES,SIN_FUENTE,NULA,REVISAR_CORRECTO_SIN_FUENTE,SIN_FUENTE_ARANCELARIA_EN_BASES_ACTUALES
I162S2C77J4V2,58,MALLA_CURRICULAR,REVISAR,,SIN_FUENTE_ARANCELARIA_EN_BASES_ACTUALES,SIN_FUENTE,NULA,REVISAR_CORRECTO_SIN_FUENTE,SIN_FUENTE_ARANCELARIA_EN_BASES_ACTUALES
I162S2C77J4V2,58,PERFIL_EGRESO,REVISAR,,SIN_FUENTE_ARANCELARIA_EN_BASES_ACTUALES,SIN_FUENTE,NULA,REVISAR_CORRECTO_SIN_FUENTE,SIN_FUENTE_ARANCELARIA_EN_BASES_ACTUALES
I162S2C77J4V2,58,TEXTO_REQUISITO_INGRESO,REVISAR,,SIN_FUENTE_EXPLICITA_EN_BASES_ACTUALES,SIN_FUENTE,NULA,REVISAR_CORRECTO_SIN_FUENTE,SIN_FUENTE_EXPLICITA_EN_BASES_ACTUALES
I162S2C77J4V2,58,LICENCIA_ENS_MEDIA,REVISAR,,SIN_FUENTE_EXPLICITA_EN_BASES_ACTUALES,SIN_FUENTE,NULA,REVISAR_CORRECTO_SIN_FUENTE,SIN_FUENTE_EXPLICITA_EN_BASES_ACTUALES
I162S2C77J4V2,58,NOTAS_ENS_MEDIA,REVISAR,,SIN_FUENTE_EXPLICITA_EN_BASES_ACTUALES,SIN_FUENTE,NULA,REVISAR_CORRECTO_SIN_FUENTE,SIN_FUENTE_EXPLICITA_EN_BASES_ACTUALES
I162S2C77J4V2,58,PROMEDIO_MIN_ENS_MEDIA,REVISAR,,SIN_FUENTE_EXPLICITA_EN_BASES_ACTUALES,SIN_FUENTE,NULA,REVISAR_CORRECTO_SIN_FUENTE,SIN_FUENTE_EXPLICITA_EN_BASES_ACTUALES
I162S2C77J4V2,58,RECONOCIMIENTOS_APREN_PREVIOS,REVISAR,,SIN_FUENTE_EXPLICITA_EN_BASES_ACTUALES,SIN_FUENTE,NULA,REVISAR_CORRECTO_SIN_FUENTE,SIN_FUENTE_EXPLICITA_EN_BASES_ACTUALES
I162S2C77J4V2,58,EXPERIENCIA_LABORAL,REVISAR,,SIN_FUENTE_EXPLICITA_EN_BASES_ACTUALES,SIN_FUENTE,NULA,REVISAR_CORRECTO_SIN_FUENTE,SIN_FUENTE_EXPLICITA_EN_BASES_ACTUALES
I162S2C77J4V2,58,OTROS_REQUISITOS,REVISAR,,SIN_FUENTE_EXPLICITA_EN_BASES_ACTUALES,SIN_FUENTE,NULA,REVISAR_CORRECTO_SIN_FUENTE,SIN_FUENTE_EXPLICITA_EN_BASES_ACTUALES
I162S2C77J4V2,58,MAIL_DIFUSION_CARRERA,REVISAR,,SIN_FUENTE_ARANCELARIA_EN_BASES_ACTUALES,SIN_FUENTE,NULA,REVISAR_CORRECTO_SIN_FUENTE,SIN_FUENTE_ARANCELARIA_EN_BASES_ACTUALES
I162S2C77J4V2,58,FORMATO_VALOR,REVISAR,,SIN_FUENTE_ARANCELARIA_EN_BASES_ACTUALES,SIN_FUENTE,NULA,REVISAR_CORRECTO_SIN_FUENTE,SIN_FUENTE_ARANCELARIA_EN_BASES_ACTUALES
I162S2C77J4V2,58,VALOR_MATRICULA_ANUAL,REVISAR,,SIN_FUENTE_ARANCELARIA_EN_BASES_ACTUALES,SIN_FUENTE,NULA,REVISAR_CORRECTO_SIN_FUENTE,SIN_FUENTE_ARANCELARIA_EN_BASES_ACTUALES
I162S2C77J4V2,58,COSTO_TITULACION,REVISAR,,SIN_FUENTE_ARANCELARIA_EN_BASES_ACTUALES,SIN_FUENTE,NULA,REVISAR_CORRECTO_SIN_FUENTE,SIN_FUENTE_ARANCELARIA_EN_BASES_ACTUALES
I162S2C77J4V2,58,VALOR_CERTIFICADO_DIPLOMA,REVISAR,,SIN_FUENTE_ARANCELARIA_EN_BASES_ACTUALES,SIN_FUENTE,NULA,REVISAR_CORRECTO_SIN_FUENTE,SIN_FUENTE_ARANCELARIA_EN_BASES_ACTUALES
I162S2C77J4V2,58,ARANCEL_ANUAL,REVISAR,,SIN_FUENTE_ARANCELARIA_EN_BASES_ACTUALES,SIN_FUENTE,NULA,REVISAR_CORRECTO_SIN_FUENTE,SIN_FUENTE_ARANCELARIA_EN_BASES_ACTUALES
I162S2C77J4V2,58,VIGENCIA_CARRERA,REVISAR,,SIN_FUENTE_EXPLICITA_EN_BASES_ACTUALES,SIN_FUENTE,NULA,REVISAR_CORRECTO_SIN_FUENTE,SIN_FUENTE_EXPLICITA_EN_BASES_ACTUALES
I162S2C83J4V2,59,Mención o Especialidad,REVISAR,,SIN_FUENTE_EXPLICITA_EN_BASES_ACTUALES,SIN_FUENTE,NULA,REVISAR_CORRECTO_SIN_FUENTE,SIN_FUENTE_EXPLICITA_EN_BASES_ACTUALES
I162S2C83J4V2,59,Detalle del Tipo de Programa (especiales),REVISAR,,SIN_FUENTE_DETALLE_PROGRAMA_ESPECIAL,SIN_FUENTE,NULA,REVISAR_CORRECTO_SIN_FUENTE,Programa especial sin detalle validado.
I162S2C83J4V2,59,Área del Conocimiento,REVISAR,1,DICCIONARIO.AREA_ACTUAL,REGLA_CONDICIONAL,MEDIA,COMPLETABLE_POR_REGLA_CONDICIONAL,Existe código técnico; falta confirmar formato/etiqueta final aceptada por formulario.
I162S2C83J4V2,59,Sub Área,REVISAR,,SIN_TABLA_OFICIAL_DE_EQUIVALENCIA_AREA,SIN_FUENTE,NULA,REVISAR_CORRECTO_SIN_FUENTE,SIN_TABLA_OFICIAL_DE_EQUIVALENCIA_AREA
I162S2C83J4V2,59,Carrera Genérica,REVISAR,,SIN_TABLA_OFICIAL_DE_EQUIVALENCIA_AREA,SIN_FUENTE,NULA,REVISAR_CORRECTO_SIN_FUENTE,SIN_TABLA_OFICIAL_DE_EQUIVALENCIA_AREA
I162S2C83J4V2,59,Grado Académico que otorga el programa,REVISAR,,SIN_FUENTE_EXPLICITA_EN_BASES_ACTUALES,SIN_FUENTE,NULA,REVISAR_CORRECTO_SIN_FUENTE,SIN_FUENTE_EXPLICITA_EN_BASES_ACTUALES
I162S2C83J4V2,59,Dependencia,REVISAR,,SIN_FUENTE_EXPLICITA_EN_BASES_ACTUALES,SIN_FUENTE,NULA,REVISAR_CORRECTO_SIN_FUENTE,SIN_FUENTE_EXPLICITA_EN_BASES_ACTUALES
I162S2C83J4V2,59,Régimen,REVISAR,1,DICCIONARIO.REGIMEN,REGLA_CONDICIONAL,MEDIA,COMPLETABLE_POR_REGLA_CONDICIONAL,Existe código técnico; falta confirmar formato/etiqueta final aceptada por formulario.
I162S2C83J4V2,59,Ingreso Directo,REVISAR,2,DICCIONARIO.REQUISITO_INGRESO,REGLA_CONDICIONAL,MEDIA,COMPLETABLE_POR_REGLA_CONDICIONAL,Existe código técnico; falta confirmar formato/etiqueta final aceptada por formulario.
I162S2C83J4V2,59,Ingreso desde un plan Común,REVISAR,,SIN_FUENTE_EXPLICITA_EN_BASES_ACTUALES,SIN_FUENTE,NULA,REVISAR_CORRECTO_SIN_FUENTE,SIN_FUENTE_EXPLICITA_EN_BASES_ACTUALES
I162S2C83J4V2,59,Ingreso desde Bachillerato,REVISAR,,SIN_FUENTE_EXPLICITA_EN_BASES_ACTUALES,SIN_FUENTE,NULA,REVISAR_CORRECTO_SIN_FUENTE,SIN_FUENTE_EXPLICITA_EN_BASES_ACTUALES
I162S2C83J4V2,59,Otro Tipo de Ingreso,REVISAR,,SIN_FUENTE_EXPLICITA_EN_BASES_ACTUALES,SIN_FUENTE,NULA,REVISAR_CORRECTO_SIN_FUENTE,SIN_FUENTE_EXPLICITA_EN_BASES_ACTUALES
I162S2C83J4V2,59,Ingreso otro,REVISAR,,SIN_FUENTE_EXPLICITA_EN_BASES_ACTUALES,SIN_FUENTE,NULA,REVISAR_CORRECTO_SIN_FUENTE,SIN_FUENTE_EXPLICITA_EN_BASES_ACTUALES
I162S2C83J4V2,59,FECHA_ADMISION_INICIAL,REVISAR,,SIN_FUENTE_ARANCELARIA_EN_BASES_ACTUALES,SIN_FUENTE,NULA,REVISAR_CORRECTO_SIN_FUENTE,SIN_FUENTE_ARANCELARIA_EN_BASES_ACTUALES
I162S2C83J4V2,59,MALLA_CURRICULAR,REVISAR,,SIN_FUENTE_ARANCELARIA_EN_BASES_ACTUALES,SIN_FUENTE,NULA,REVISAR_CORRECTO_SIN_FUENTE,SIN_FUENTE_ARANCELARIA_EN_BASES_ACTUALES
I162S2C83J4V2,59,PERFIL_EGRESO,REVISAR,,SIN_FUENTE_ARANCELARIA_EN_BASES_ACTUALES,SIN_FUENTE,NULA,REVISAR_CORRECTO_SIN_FUENTE,SIN_FUENTE_ARANCELARIA_EN_BASES_ACTUALES
I162S2C83J4V2,59,TEXTO_REQUISITO_INGRESO,REVISAR,,SIN_FUENTE_EXPLICITA_EN_BASES_ACTUALES,SIN_FUENTE,NULA,REVISAR_CORRECTO_SIN_FUENTE,SIN_FUENTE_EXPLICITA_EN_BASES_ACTUALES
I162S2C83J4V2,59,LICENCIA_ENS_MEDIA,REVISAR,,SIN_FUENTE_EXPLICITA_EN_BASES_ACTUALES,SIN_FUENTE,NULA,REVISAR_CORRECTO_SIN_FUENTE,SIN_FUENTE_EXPLICITA_EN_BASES_ACTUALES
I162S2C83J4V2,59,NOTAS_ENS_MEDIA,REVISAR,,SIN_FUENTE_EXPLICITA_EN_BASES_ACTUALES,SIN_FUENTE,NULA,REVISAR_CORRECTO_SIN_FUENTE,SIN_FUENTE_EXPLICITA_EN_BASES_ACTUALES
I162S2C83J4V2,59,PROMEDIO_MIN_ENS_MEDIA,REVISAR,,SIN_FUENTE_EXPLICITA_EN_BASES_ACTUALES,SIN_FUENTE,NULA,REVISAR_CORRECTO_SIN_FUENTE,SIN_FUENTE_EXPLICITA_EN_BASES_ACTUALES
I162S2C83J4V2,59,RECONOCIMIENTOS_APREN_PREVIOS,REVISAR,,SIN_FUENTE_EXPLICITA_EN_BASES_ACTUALES,SIN_FUENTE,NULA,REVISAR_CORRECTO_SIN_FUENTE,SIN_FUENTE_EXPLICITA_EN_BASES_ACTUALES
I162S2C83J4V2,59,EXPERIENCIA_LABORAL,REVISAR,,SIN_FUENTE_EXPLICITA_EN_BASES_ACTUALES,SIN_FUENTE,NULA,REVISAR_CORRECTO_SIN_FUENTE,SIN_FUENTE_EXPLICITA_EN_BASES_ACTUALES
I162S2C83J4V2,59,OTROS_REQUISITOS,REVISAR,,SIN_FUENTE_EXPLICITA_EN_BASES_ACTUALES,SIN_FUENTE,NULA,REVISAR_CORRECTO_SIN_FUENTE,SIN_FUENTE_EXPLICITA_EN_BASES_ACTUALES
I162S2C83J4V2,59,MAIL_DIFUSION_CARRERA,REVISAR,,SIN_FUENTE_ARANCELARIA_EN_BASES_ACTUALES,SIN_FUENTE,NULA,REVISAR_CORRECTO_SIN_FUENTE,SIN_FUENTE_ARANCELARIA_EN_BASES_ACTUALES
I162S2C83J4V2,59,FORMATO_VALOR,REVISAR,,SIN_FUENTE_ARANCELARIA_EN_BASES_ACTUALES,SIN_FUENTE,NULA,REVISAR_CORRECTO_SIN_FUENTE,SIN_FUENTE_ARANCELARIA_EN_BASES_ACTUALES
I162S2C83J4V2,59,VALOR_MATRICULA_ANUAL,REVISAR,,SIN_FUENTE_ARANCELARIA_EN_BASES_ACTUALES,SIN_FUENTE,NULA,REVISAR_CORRECTO_SIN_FUENTE,SIN_FUENTE_ARANCELARIA_EN_BASES_ACTUALES
I162S2C83J4V2,59,COSTO_TITULACION,REVISAR,,SIN_FUENTE_ARANCELARIA_EN_BASES_ACTUALES,SIN_FUENTE,NULA,REVISAR_CORRECTO_SIN_FUENTE,SIN_FUENTE_ARANCELARIA_EN_BASES_ACTUALES
I162S2C83J4V2,59,VALOR_CERTIFICADO_DIPLOMA,REVISAR,,SIN_FUENTE_ARANCELARIA_EN_BASES_ACTUALES,SIN_FUENTE,NULA,REVISAR_CORRECTO_SIN_FUENTE,SIN_FUENTE_ARANCELARIA_EN_BASES_ACTUALES
I162S2C83J4V2,59,ARANCEL_ANUAL,REVISAR,,SIN_FUENTE_ARANCELARIA_EN_BASES_ACTUALES,SIN_FUENTE,NULA,REVISAR_CORRECTO_SIN_FUENTE,SIN_FUENTE_ARANCELARIA_EN_BASES_ACTUALES
I162S2C83J4V2,59,VIGENCIA_CARRERA,REVISAR,,SIN_FUENTE_EXPLICITA_EN_BASES_ACTUALES,SIN_FUENTE,NULA,REVISAR_CORRECTO_SIN_FUENTE,SIN_FUENTE_EXPLICITA_EN_BASES_ACTUALES
I162S2C86J4V2,60,Mención o Especialidad,REVISAR,,SIN_FUENTE_EXPLICITA_EN_BASES_ACTUALES,SIN_FUENTE,NULA,REVISAR_CORRECTO_SIN_FUENTE,SIN_FUENTE_EXPLICITA_EN_BASES_ACTUALES
I162S2C86J4V2,60,Detalle del Tipo de Programa (especiales),REVISAR,,SIN_FUENTE_DETALLE_PROGRAMA_ESPECIAL,SIN_FUENTE,NULA,REVISAR_CORRECTO_SIN_FUENTE,Programa especial sin detalle validado.
I162S2C86J4V2,60,Área del Conocimiento,REVISAR,1,DICCIONARIO.AREA_ACTUAL,REGLA_CONDICIONAL,MEDIA,COMPLETABLE_POR_REGLA_CONDICIONAL,Existe código técnico; falta confirmar formato/etiqueta final aceptada por formulario.
I162S2C86J4V2,60,Sub Área,REVISAR,,SIN_TABLA_OFICIAL_DE_EQUIVALENCIA_AREA,SIN_FUENTE,NULA,REVISAR_CORRECTO_SIN_FUENTE,SIN_TABLA_OFICIAL_DE_EQUIVALENCIA_AREA
I162S2C86J4V2,60,Carrera Genérica,REVISAR,,SIN_TABLA_OFICIAL_DE_EQUIVALENCIA_AREA,SIN_FUENTE,NULA,REVISAR_CORRECTO_SIN_FUENTE,SIN_TABLA_OFICIAL_DE_EQUIVALENCIA_AREA
I162S2C86J4V2,60,Grado Académico que otorga el programa,REVISAR,,SIN_FUENTE_EXPLICITA_EN_BASES_ACTUALES,SIN_FUENTE,NULA,REVISAR_CORRECTO_SIN_FUENTE,SIN_FUENTE_EXPLICITA_EN_BASES_ACTUALES
I162S2C86J4V2,60,Dependencia,REVISAR,,SIN_FUENTE_EXPLICITA_EN_BASES_ACTUALES,SIN_FUENTE,NULA,REVISAR_CORRECTO_SIN_FUENTE,SIN_FUENTE_EXPLICITA_EN_BASES_ACTUALES
I162S2C86J4V2,60,Régimen,REVISAR,1,DICCIONARIO.REGIMEN,REGLA_CONDICIONAL,MEDIA,COMPLETABLE_POR_REGLA_CONDICIONAL,Existe código técnico; falta confirmar formato/etiqueta final aceptada por formulario.
I162S2C86J4V2,60,Ingreso Directo,REVISAR,2,DICCIONARIO.REQUISITO_INGRESO,REGLA_CONDICIONAL,MEDIA,COMPLETABLE_POR_REGLA_CONDICIONAL,Existe código técnico; falta confirmar formato/etiqueta final aceptada por formulario.
I162S2C86J4V2,60,Ingreso desde un plan Común,REVISAR,,SIN_FUENTE_EXPLICITA_EN_BASES_ACTUALES,SIN_FUENTE,NULA,REVISAR_CORRECTO_SIN_FUENTE,SIN_FUENTE_EXPLICITA_EN_BASES_ACTUALES
I162S2C86J4V2,60,Ingreso desde Bachillerato,REVISAR,,SIN_FUENTE_EXPLICITA_EN_BASES_ACTUALES,SIN_FUENTE,NULA,REVISAR_CORRECTO_SIN_FUENTE,SIN_FUENTE_EXPLICITA_EN_BASES_ACTUALES
I162S2C86J4V2,60,Otro Tipo de Ingreso,REVISAR,,SIN_FUENTE_EXPLICITA_EN_BASES_ACTUALES,SIN_FUENTE,NULA,REVISAR_CORRECTO_SIN_FUENTE,SIN_FUENTE_EXPLICITA_EN_BASES_ACTUALES
I162S2C86J4V2,60,Ingreso otro,REVISAR,,SIN_FUENTE_EXPLICITA_EN_BASES_ACTUALES,SIN_FUENTE,NULA,REVISAR_CORRECTO_SIN_FUENTE,SIN_FUENTE_EXPLICITA_EN_BASES_ACTUALES
I162S2C86J4V2,60,FECHA_ADMISION_INICIAL,REVISAR,,SIN_FUENTE_ARANCELARIA_EN_BASES_ACTUALES,SIN_FUENTE,NULA,REVISAR_CORRECTO_SIN_FUENTE,SIN_FUENTE_ARANCELARIA_EN_BASES_ACTUALES
I162S2C86J4V2,60,MALLA_CURRICULAR,REVISAR,,SIN_FUENTE_ARANCELARIA_EN_BASES_ACTUALES,SIN_FUENTE,NULA,REVISAR_CORRECTO_SIN_FUENTE,SIN_FUENTE_ARANCELARIA_EN_BASES_ACTUALES
I162S2C86J4V2,60,PERFIL_EGRESO,REVISAR,,SIN_FUENTE_ARANCELARIA_EN_BASES_ACTUALES,SIN_FUENTE,NULA,REVISAR_CORRECTO_SIN_FUENTE,SIN_FUENTE_ARANCELARIA_EN_BASES_ACTUALES
I162S2C86J4V2,60,TEXTO_REQUISITO_INGRESO,REVISAR,,SIN_FUENTE_EXPLICITA_EN_BASES_ACTUALES,SIN_FUENTE,NULA,REVISAR_CORRECTO_SIN_FUENTE,SIN_FUENTE_EXPLICITA_EN_BASES_ACTUALES
I162S2C86J4V2,60,LICENCIA_ENS_MEDIA,REVISAR,,SIN_FUENTE_EXPLICITA_EN_BASES_ACTUALES,SIN_FUENTE,NULA,REVISAR_CORRECTO_SIN_FUENTE,SIN_FUENTE_EXPLICITA_EN_BASES_ACTUALES
I162S2C86J4V2,60,NOTAS_ENS_MEDIA,REVISAR,,SIN_FUENTE_EXPLICITA_EN_BASES_ACTUALES,SIN_FUENTE,NULA,REVISAR_CORRECTO_SIN_FUENTE,SIN_FUENTE_EXPLICITA_EN_BASES_ACTUALES
I162S2C86J4V2,60,PROMEDIO_MIN_ENS_MEDIA,REVISAR,,SIN_FUENTE_EXPLICITA_EN_BASES_ACTUALES,SIN_FUENTE,NULA,REVISAR_CORRECTO_SIN_FUENTE,SIN_FUENTE_EXPLICITA_EN_BASES_ACTUALES
I162S2C86J4V2,60,RECONOCIMIENTOS_APREN_PREVIOS,REVISAR,,SIN_FUENTE_EXPLICITA_EN_BASES_ACTUALES,SIN_FUENTE,NULA,REVISAR_CORRECTO_SIN_FUENTE,SIN_FUENTE_EXPLICITA_EN_BASES_ACTUALES
I162S2C86J4V2,60,EXPERIENCIA_LABORAL,REVISAR,,SIN_FUENTE_EXPLICITA_EN_BASES_ACTUALES,SIN_FUENTE,NULA,REVISAR_CORRECTO_SIN_FUENTE,SIN_FUENTE_EXPLICITA_EN_BASES_ACTUALES
I162S2C86J4V2,60,OTROS_REQUISITOS,REVISAR,,SIN_FUENTE_EXPLICITA_EN_BASES_ACTUALES,SIN_FUENTE,NULA,REVISAR_CORRECTO_SIN_FUENTE,SIN_FUENTE_EXPLICITA_EN_BASES_ACTUALES
I162S2C86J4V2,60,MAIL_DIFUSION_CARRERA,REVISAR,,SIN_FUENTE_ARANCELARIA_EN_BASES_ACTUALES,SIN_FUENTE,NULA,REVISAR_CORRECTO_SIN_FUENTE,SIN_FUENTE_ARANCELARIA_EN_BASES_ACTUALES
I162S2C86J4V2,60,FORMATO_VALOR,REVISAR,,SIN_FUENTE_ARANCELARIA_EN_BASES_ACTUALES,SIN_FUENTE,NULA,REVISAR_CORRECTO_SIN_FUENTE,SIN_FUENTE_ARANCELARIA_EN_BASES_ACTUALES
I162S2C86J4V2,60,VALOR_MATRICULA_ANUAL,REVISAR,,SIN_FUENTE_ARANCELARIA_EN_BASES_ACTUALES,SIN_FUENTE,NULA,REVISAR_CORRECTO_SIN_FUENTE,SIN_FUENTE_ARANCELARIA_EN_BASES_ACTUALES
I162S2C86J4V2,60,COSTO_TITULACION,REVISAR,,SIN_FUENTE_ARANCELARIA_EN_BASES_ACTUALES,SIN_FUENTE,NULA,REVISAR_CORRECTO_SIN_FUENTE,SIN_FUENTE_ARANCELARIA_EN_BASES_ACTUALES
I162S2C86J4V2,60,VALOR_CERTIFICADO_DIPLOMA,REVISAR,,SIN_FUENTE_ARANCELARIA_EN_BASES_ACTUALES,SIN_FUENTE,NULA,REVISAR_CORRECTO_SIN_FUENTE,SIN_FUENTE_ARANCELARIA_EN_BASES_ACTUALES
I162S2C86J4V2,60,ARANCEL_ANUAL,REVISAR,,SIN_FUENTE_ARANCELARIA_EN_BASES_ACTUALES,SIN_FUENTE,NULA,REVISAR_CORRECTO_SIN_FUENTE,SIN_FUENTE_ARANCELARIA_EN_BASES_ACTUALES
I162S2C86J4V2,60,VIGENCIA_CARRERA,REVISAR,,SIN_FUENTE_EXPLICITA_EN_BASES_ACTUALES,SIN_FUENTE,NULA,REVISAR_CORRECTO_SIN_FUENTE,SIN_FUENTE_EXPLICITA_EN_BASES_ACTUALES
I162S2C87J4V2,61,Mención o Especialidad,REVISAR,,SIN_FUENTE_EXPLICITA_EN_BASES_ACTUALES,SIN_FUENTE,NULA,REVISAR_CORRECTO_SIN_FUENTE,SIN_FUENTE_EXPLICITA_EN_BASES_ACTUALES
I162S2C87J4V2,61,Área del Conocimiento,REVISAR,7,DICCIONARIO.AREA_ACTUAL,REGLA_CONDICIONAL,MEDIA,COMPLETABLE_POR_REGLA_CONDICIONAL,Existe código técnico; falta confirmar formato/etiqueta final aceptada por formulario.
I162S2C87J4V2,61,Sub Área,REVISAR,,SIN_TABLA_OFICIAL_DE_EQUIVALENCIA_AREA,SIN_FUENTE,NULA,REVISAR_CORRECTO_SIN_FUENTE,SIN_TABLA_OFICIAL_DE_EQUIVALENCIA_AREA
I162S2C87J4V2,61,Carrera Genérica,REVISAR,,SIN_TABLA_OFICIAL_DE_EQUIVALENCIA_AREA,SIN_FUENTE,NULA,REVISAR_CORRECTO_SIN_FUENTE,SIN_TABLA_OFICIAL_DE_EQUIVALENCIA_AREA
I162S2C87J4V2,61,Grado Académico que otorga el programa,REVISAR,,SIN_FUENTE_EXPLICITA_EN_BASES_ACTUALES,SIN_FUENTE,NULA,REVISAR_CORRECTO_SIN_FUENTE,SIN_FUENTE_EXPLICITA_EN_BASES_ACTUALES
I162S2C87J4V2,61,Dependencia,REVISAR,,SIN_FUENTE_EXPLICITA_EN_BASES_ACTUALES,SIN_FUENTE,NULA,REVISAR_CORRECTO_SIN_FUENTE,SIN_FUENTE_EXPLICITA_EN_BASES_ACTUALES
I162S2C87J4V2,61,Régimen,REVISAR,2,DICCIONARIO.REGIMEN,REGLA_CONDICIONAL,MEDIA,COMPLETABLE_POR_REGLA_CONDICIONAL,Existe código técnico; falta confirmar formato/etiqueta final aceptada por formulario.
I162S2C87J4V2,61,Ingreso Directo,REVISAR,1,DICCIONARIO.REQUISITO_INGRESO,REGLA_CONDICIONAL,MEDIA,COMPLETABLE_POR_REGLA_CONDICIONAL,Existe código técnico; falta confirmar formato/etiqueta final aceptada por formulario.
I162S2C87J4V2,61,Ingreso desde un plan Común,REVISAR,,SIN_FUENTE_EXPLICITA_EN_BASES_ACTUALES,SIN_FUENTE,NULA,REVISAR_CORRECTO_SIN_FUENTE,SIN_FUENTE_EXPLICITA_EN_BASES_ACTUALES
I162S2C87J4V2,61,Ingreso desde Bachillerato,REVISAR,,SIN_FUENTE_EXPLICITA_EN_BASES_ACTUALES,SIN_FUENTE,NULA,REVISAR_CORRECTO_SIN_FUENTE,SIN_FUENTE_EXPLICITA_EN_BASES_ACTUALES
I162S2C87J4V2,61,Otro Tipo de Ingreso,REVISAR,,SIN_FUENTE_EXPLICITA_EN_BASES_ACTUALES,SIN_FUENTE,NULA,REVISAR_CORRECTO_SIN_FUENTE,SIN_FUENTE_EXPLICITA_EN_BASES_ACTUALES
I162S2C87J4V2,61,Ingreso otro,REVISAR,,SIN_FUENTE_EXPLICITA_EN_BASES_ACTUALES,SIN_FUENTE,NULA,REVISAR_CORRECTO_SIN_FUENTE,SIN_FUENTE_EXPLICITA_EN_BASES_ACTUALES
I162S2C87J4V2,61,FECHA_ADMISION_INICIAL,REVISAR,,SIN_FUENTE_ARANCELARIA_EN_BASES_ACTUALES,SIN_FUENTE,NULA,REVISAR_CORRECTO_SIN_FUENTE,SIN_FUENTE_ARANCELARIA_EN_BASES_ACTUALES
I162S2C87J4V2,61,MALLA_CURRICULAR,REVISAR,,SIN_FUENTE_ARANCELARIA_EN_BASES_ACTUALES,SIN_FUENTE,NULA,REVISAR_CORRECTO_SIN_FUENTE,SIN_FUENTE_ARANCELARIA_EN_BASES_ACTUALES
I162S2C87J4V2,61,PERFIL_EGRESO,REVISAR,,SIN_FUENTE_ARANCELARIA_EN_BASES_ACTUALES,SIN_FUENTE,NULA,REVISAR_CORRECTO_SIN_FUENTE,SIN_FUENTE_ARANCELARIA_EN_BASES_ACTUALES
I162S2C87J4V2,61,TEXTO_REQUISITO_INGRESO,REVISAR,,SIN_FUENTE_EXPLICITA_EN_BASES_ACTUALES,SIN_FUENTE,NULA,REVISAR_CORRECTO_SIN_FUENTE,SIN_FUENTE_EXPLICITA_EN_BASES_ACTUALES
I162S2C87J4V2,61,LICENCIA_ENS_MEDIA,REVISAR,,SIN_FUENTE_EXPLICITA_EN_BASES_ACTUALES,SIN_FUENTE,NULA,REVISAR_CORRECTO_SIN_FUENTE,SIN_FUENTE_EXPLICITA_EN_BASES_ACTUALES
I162S2C87J4V2,61,NOTAS_ENS_MEDIA,REVISAR,,SIN_FUENTE_EXPLICITA_EN_BASES_ACTUALES,SIN_FUENTE,NULA,REVISAR_CORRECTO_SIN_FUENTE,SIN_FUENTE_EXPLICITA_EN_BASES_ACTUALES
I162S2C87J4V2,61,PROMEDIO_MIN_ENS_MEDIA,REVISAR,,SIN_FUENTE_EXPLICITA_EN_BASES_ACTUALES,SIN_FUENTE,NULA,REVISAR_CORRECTO_SIN_FUENTE,SIN_FUENTE_EXPLICITA_EN_BASES_ACTUALES
I162S2C87J4V2,61,RECONOCIMIENTOS_APREN_PREVIOS,REVISAR,,SIN_FUENTE_EXPLICITA_EN_BASES_ACTUALES,SIN_FUENTE,NULA,REVISAR_CORRECTO_SIN_FUENTE,SIN_FUENTE_EXPLICITA_EN_BASES_ACTUALES
I162S2C87J4V2,61,EXPERIENCIA_LABORAL,REVISAR,,SIN_FUENTE_EXPLICITA_EN_BASES_ACTUALES,SIN_FUENTE,NULA,REVISAR_CORRECTO_SIN_FUENTE,SIN_FUENTE_EXPLICITA_EN_BASES_ACTUALES
I162S2C87J4V2,61,OTROS_REQUISITOS,REVISAR,,SIN_FUENTE_EXPLICITA_EN_BASES_ACTUALES,SIN_FUENTE,NULA,REVISAR_CORRECTO_SIN_FUENTE,SIN_FUENTE_EXPLICITA_EN_BASES_ACTUALES
I162S2C87J4V2,61,MAIL_DIFUSION_CARRERA,REVISAR,,SIN_FUENTE_ARANCELARIA_EN_BASES_ACTUALES,SIN_FUENTE,NULA,REVISAR_CORRECTO_SIN_FUENTE,SIN_FUENTE_ARANCELARIA_EN_BASES_ACTUALES
I162S2C87J4V2,61,FORMATO_VALOR,REVISAR,,SIN_FUENTE_ARANCELARIA_EN_BASES_ACTUALES,SIN_FUENTE,NULA,REVISAR_CORRECTO_SIN_FUENTE,SIN_FUENTE_ARANCELARIA_EN_BASES_ACTUALES
I162S2C87J4V2,61,VALOR_MATRICULA_ANUAL,REVISAR,,SIN_FUENTE_ARANCELARIA_EN_BASES_ACTUALES,SIN_FUENTE,NULA,REVISAR_CORRECTO_SIN_FUENTE,SIN_FUENTE_ARANCELARIA_EN_BASES_ACTUALES
I162S2C87J4V2,61,COSTO_TITULACION,REVISAR,,SIN_FUENTE_ARANCELARIA_EN_BASES_ACTUALES,SIN_FUENTE,NULA,REVISAR_CORRECTO_SIN_FUENTE,SIN_FUENTE_ARANCELARIA_EN_BASES_ACTUALES
I162S2C87J4V2,61,VALOR_CERTIFICADO_DIPLOMA,REVISAR,,SIN_FUENTE_ARANCELARIA_EN_BASES_ACTUALES,SIN_FUENTE,NULA,REVISAR_CORRECTO_SIN_FUENTE,SIN_FUENTE_ARANCELARIA_EN_BASES_ACTUALES
I162S2C87J4V2,61,ARANCEL_ANUAL,REVISAR,,SIN_FUENTE_ARANCELARIA_EN_BASES_ACTUALES,SIN_FUENTE,NULA,REVISAR_CORRECTO_SIN_FUENTE,SIN_FUENTE_ARANCELARIA_EN_BASES_ACTUALES
I162S2C87J4V2,61,VIGENCIA_CARRERA,REVISAR,,SIN_FUENTE_EXPLICITA_EN_BASES_ACTUALES,SIN_FUENTE,NULA,REVISAR_CORRECTO_SIN_FUENTE,SIN_FUENTE_EXPLICITA_EN_BASES_ACTUALES
I162S2C88J4V2,62,Mención o Especialidad,REVISAR,,SIN_FUENTE_EXPLICITA_EN_BASES_ACTUALES,SIN_FUENTE,NULA,REVISAR_CORRECTO_SIN_FUENTE,SIN_FUENTE_EXPLICITA_EN_BASES_ACTUALES
I162S2C88J4V2,62,Detalle del Tipo de Programa (especiales),REVISAR,,SIN_FUENTE_DETALLE_PROGRAMA_ESPECIAL,SIN_FUENTE,NULA,REVISAR_CORRECTO_SIN_FUENTE,Programa especial sin detalle validado.
I162S2C88J4V2,62,Área del Conocimiento,REVISAR,4,DICCIONARIO.AREA_ACTUAL,REGLA_CONDICIONAL,MEDIA,COMPLETABLE_POR_REGLA_CONDICIONAL,Existe código técnico; falta confirmar formato/etiqueta final aceptada por formulario.
I162S2C88J4V2,62,Sub Área,REVISAR,,SIN_TABLA_OFICIAL_DE_EQUIVALENCIA_AREA,SIN_FUENTE,NULA,REVISAR_CORRECTO_SIN_FUENTE,SIN_TABLA_OFICIAL_DE_EQUIVALENCIA_AREA
I162S2C88J4V2,62,Carrera Genérica,REVISAR,,SIN_TABLA_OFICIAL_DE_EQUIVALENCIA_AREA,SIN_FUENTE,NULA,REVISAR_CORRECTO_SIN_FUENTE,SIN_TABLA_OFICIAL_DE_EQUIVALENCIA_AREA
I162S2C88J4V2,62,Grado Académico que otorga el programa,REVISAR,,SIN_FUENTE_EXPLICITA_EN_BASES_ACTUALES,SIN_FUENTE,NULA,REVISAR_CORRECTO_SIN_FUENTE,SIN_FUENTE_EXPLICITA_EN_BASES_ACTUALES
I162S2C88J4V2,62,Dependencia,REVISAR,,SIN_FUENTE_EXPLICITA_EN_BASES_ACTUALES,SIN_FUENTE,NULA,REVISAR_CORRECTO_SIN_FUENTE,SIN_FUENTE_EXPLICITA_EN_BASES_ACTUALES
I162S2C88J4V2,62,Régimen,REVISAR,1,DICCIONARIO.REGIMEN,REGLA_CONDICIONAL,MEDIA,COMPLETABLE_POR_REGLA_CONDICIONAL,Existe código técnico; falta confirmar formato/etiqueta final aceptada por formulario.
I162S2C88J4V2,62,Ingreso Directo,REVISAR,2,DICCIONARIO.REQUISITO_INGRESO,REGLA_CONDICIONAL,MEDIA,COMPLETABLE_POR_REGLA_CONDICIONAL,Existe código técnico; falta confirmar formato/etiqueta final aceptada por formulario.
I162S2C88J4V2,62,Ingreso desde un plan Común,REVISAR,,SIN_FUENTE_EXPLICITA_EN_BASES_ACTUALES,SIN_FUENTE,NULA,REVISAR_CORRECTO_SIN_FUENTE,SIN_FUENTE_EXPLICITA_EN_BASES_ACTUALES
I162S2C88J4V2,62,Ingreso desde Bachillerato,REVISAR,,SIN_FUENTE_EXPLICITA_EN_BASES_ACTUALES,SIN_FUENTE,NULA,REVISAR_CORRECTO_SIN_FUENTE,SIN_FUENTE_EXPLICITA_EN_BASES_ACTUALES
I162S2C88J4V2,62,Otro Tipo de Ingreso,REVISAR,,SIN_FUENTE_EXPLICITA_EN_BASES_ACTUALES,SIN_FUENTE,NULA,REVISAR_CORRECTO_SIN_FUENTE,SIN_FUENTE_EXPLICITA_EN_BASES_ACTUALES
I162S2C88J4V2,62,Ingreso otro,REVISAR,,SIN_FUENTE_EXPLICITA_EN_BASES_ACTUALES,SIN_FUENTE,NULA,REVISAR_CORRECTO_SIN_FUENTE,SIN_FUENTE_EXPLICITA_EN_BASES_ACTUALES
I162S2C88J4V2,62,FECHA_ADMISION_INICIAL,REVISAR,,SIN_FUENTE_ARANCELARIA_EN_BASES_ACTUALES,SIN_FUENTE,NULA,REVISAR_CORRECTO_SIN_FUENTE,SIN_FUENTE_ARANCELARIA_EN_BASES_ACTUALES
I162S2C88J4V2,62,MALLA_CURRICULAR,REVISAR,,SIN_FUENTE_ARANCELARIA_EN_BASES_ACTUALES,SIN_FUENTE,NULA,REVISAR_CORRECTO_SIN_FUENTE,SIN_FUENTE_ARANCELARIA_EN_BASES_ACTUALES
I162S2C88J4V2,62,PERFIL_EGRESO,REVISAR,,SIN_FUENTE_ARANCELARIA_EN_BASES_ACTUALES,SIN_FUENTE,NULA,REVISAR_CORRECTO_SIN_FUENTE,SIN_FUENTE_ARANCELARIA_EN_BASES_ACTUALES
I162S2C88J4V2,62,TEXTO_REQUISITO_INGRESO,REVISAR,,SIN_FUENTE_EXPLICITA_EN_BASES_ACTUALES,SIN_FUENTE,NULA,REVISAR_CORRECTO_SIN_FUENTE,SIN_FUENTE_EXPLICITA_EN_BASES_ACTUALES
I162S2C88J4V2,62,LICENCIA_ENS_MEDIA,REVISAR,,SIN_FUENTE_EXPLICITA_EN_BASES_ACTUALES,SIN_FUENTE,NULA,REVISAR_CORRECTO_SIN_FUENTE,SIN_FUENTE_EXPLICITA_EN_BASES_ACTUALES
I162S2C88J4V2,62,NOTAS_ENS_MEDIA,REVISAR,,SIN_FUENTE_EXPLICITA_EN_BASES_ACTUALES,SIN_FUENTE,NULA,REVISAR_CORRECTO_SIN_FUENTE,SIN_FUENTE_EXPLICITA_EN_BASES_ACTUALES
I162S2C88J4V2,62,PROMEDIO_MIN_ENS_MEDIA,REVISAR,,SIN_FUENTE_EXPLICITA_EN_BASES_ACTUALES,SIN_FUENTE,NULA,REVISAR_CORRECTO_SIN_FUENTE,SIN_FUENTE_EXPLICITA_EN_BASES_ACTUALES
I162S2C88J4V2,62,RECONOCIMIENTOS_APREN_PREVIOS,REVISAR,,SIN_FUENTE_EXPLICITA_EN_BASES_ACTUALES,SIN_FUENTE,NULA,REVISAR_CORRECTO_SIN_FUENTE,SIN_FUENTE_EXPLICITA_EN_BASES_ACTUALES
I162S2C88J4V2,62,EXPERIENCIA_LABORAL,REVISAR,,SIN_FUENTE_EXPLICITA_EN_BASES_ACTUALES,SIN_FUENTE,NULA,REVISAR_CORRECTO_SIN_FUENTE,SIN_FUENTE_EXPLICITA_EN_BASES_ACTUALES
I162S2C88J4V2,62,OTROS_REQUISITOS,REVISAR,,SIN_FUENTE_EXPLICITA_EN_BASES_ACTUALES,SIN_FUENTE,NULA,REVISAR_CORRECTO_SIN_FUENTE,SIN_FUENTE_EXPLICITA_EN_BASES_ACTUALES
I162S2C88J4V2,62,MAIL_DIFUSION_CARRERA,REVISAR,,SIN_FUENTE_ARANCELARIA_EN_BASES_ACTUALES,SIN_FUENTE,NULA,REVISAR_CORRECTO_SIN_FUENTE,SIN_FUENTE_ARANCELARIA_EN_BASES_ACTUALES
I162S2C88J4V2,62,FORMATO_VALOR,REVISAR,,SIN_FUENTE_ARANCELARIA_EN_BASES_ACTUALES,SIN_FUENTE,NULA,REVISAR_CORRECTO_SIN_FUENTE,SIN_FUENTE_ARANCELARIA_EN_BASES_ACTUALES
I162S2C88J4V2,62,VALOR_MATRICULA_ANUAL,REVISAR,,SIN_FUENTE_ARANCELARIA_EN_BASES_ACTUALES,SIN_FUENTE,NULA,REVISAR_CORRECTO_SIN_FUENTE,SIN_FUENTE_ARANCELARIA_EN_BASES_ACTUALES
I162S2C88J4V2,62,COSTO_TITULACION,REVISAR,,SIN_FUENTE_ARANCELARIA_EN_BASES_ACTUALES,SIN_FUENTE,NULA,REVISAR_CORRECTO_SIN_FUENTE,SIN_FUENTE_ARANCELARIA_EN_BASES_ACTUALES
I162S2C88J4V2,62,VALOR_CERTIFICADO_DIPLOMA,REVISAR,,SIN_FUENTE_ARANCELARIA_EN_BASES_ACTUALES,SIN_FUENTE,NULA,REVISAR_CORRECTO_SIN_FUENTE,SIN_FUENTE_ARANCELARIA_EN_BASES_ACTUALES
I162S2C88J4V2,62,ARANCEL_ANUAL,REVISAR,,SIN_FUENTE_ARANCELARIA_EN_BASES_ACTUALES,SIN_FUENTE,NULA,REVISAR_CORRECTO_SIN_FUENTE,SIN_FUENTE_ARANCELARIA_EN_BASES_ACTUALES
I162S2C88J4V2,62,VIGENCIA_CARRERA,REVISAR,,SIN_FUENTE_EXPLICITA_EN_BASES_ACTUALES,SIN_FUENTE,NULA,REVISAR_CORRECTO_SIN_FUENTE,SIN_FUENTE_EXPLICITA_EN_BASES_ACTUALES
I162S2C90J2V1,63,Mención o Especialidad,REVISAR,,SIN_FUENTE_EXPLICITA_EN_BASES_ACTUALES,SIN_FUENTE,NULA,REVISAR_CORRECTO_SIN_FUENTE,SIN_FUENTE_EXPLICITA_EN_BASES_ACTUALES
I162S2C90J2V1,63,Detalle del Tipo de Programa (especiales),REVISAR,,SIN_FUENTE_DETALLE_PROGRAMA_ESPECIAL,SIN_FUENTE,NULA,REVISAR_CORRECTO_SIN_FUENTE,Programa especial sin detalle validado.
I162S2C90J2V1,63,Área del Conocimiento,REVISAR,8,DICCIONARIO.AREA_ACTUAL,REGLA_CONDICIONAL,MEDIA,COMPLETABLE_POR_REGLA_CONDICIONAL,Existe código técnico; falta confirmar formato/etiqueta final aceptada por formulario.
I162S2C90J2V1,63,Sub Área,REVISAR,,SIN_TABLA_OFICIAL_DE_EQUIVALENCIA_AREA,SIN_FUENTE,NULA,REVISAR_CORRECTO_SIN_FUENTE,SIN_TABLA_OFICIAL_DE_EQUIVALENCIA_AREA
I162S2C90J2V1,63,Carrera Genérica,REVISAR,,SIN_TABLA_OFICIAL_DE_EQUIVALENCIA_AREA,SIN_FUENTE,NULA,REVISAR_CORRECTO_SIN_FUENTE,SIN_TABLA_OFICIAL_DE_EQUIVALENCIA_AREA
I162S2C90J2V1,63,Grado Académico que otorga el programa,REVISAR,,SIN_FUENTE_EXPLICITA_EN_BASES_ACTUALES,SIN_FUENTE,NULA,REVISAR_CORRECTO_SIN_FUENTE,SIN_FUENTE_EXPLICITA_EN_BASES_ACTUALES
I162S2C90J2V1,63,Dependencia,REVISAR,,SIN_FUENTE_EXPLICITA_EN_BASES_ACTUALES,SIN_FUENTE,NULA,REVISAR_CORRECTO_SIN_FUENTE,SIN_FUENTE_EXPLICITA_EN_BASES_ACTUALES
I162S2C90J2V1,63,Régimen,REVISAR,1,DICCIONARIO.REGIMEN,REGLA_CONDICIONAL,MEDIA,COMPLETABLE_POR_REGLA_CONDICIONAL,Existe código técnico; falta confirmar formato/etiqueta final aceptada por formulario.
I162S2C90J2V1,63,Ingreso Directo,REVISAR,2,DICCIONARIO.REQUISITO_INGRESO,REGLA_CONDICIONAL,MEDIA,COMPLETABLE_POR_REGLA_CONDICIONAL,Existe código técnico; falta confirmar formato/etiqueta final aceptada por formulario.
I162S2C90J2V1,63,Ingreso desde un plan Común,REVISAR,,SIN_FUENTE_EXPLICITA_EN_BASES_ACTUALES,SIN_FUENTE,NULA,REVISAR_CORRECTO_SIN_FUENTE,SIN_FUENTE_EXPLICITA_EN_BASES_ACTUALES
I162S2C90J2V1,63,Ingreso desde Bachillerato,REVISAR,,SIN_FUENTE_EXPLICITA_EN_BASES_ACTUALES,SIN_FUENTE,NULA,REVISAR_CORRECTO_SIN_FUENTE,SIN_FUENTE_EXPLICITA_EN_BASES_ACTUALES
I162S2C90J2V1,63,Otro Tipo de Ingreso,REVISAR,,SIN_FUENTE_EXPLICITA_EN_BASES_ACTUALES,SIN_FUENTE,NULA,REVISAR_CORRECTO_SIN_FUENTE,SIN_FUENTE_EXPLICITA_EN_BASES_ACTUALES
I162S2C90J2V1,63,Ingreso otro,REVISAR,,SIN_FUENTE_EXPLICITA_EN_BASES_ACTUALES,SIN_FUENTE,NULA,REVISAR_CORRECTO_SIN_FUENTE,SIN_FUENTE_EXPLICITA_EN_BASES_ACTUALES
I162S2C90J2V1,63,FECHA_ADMISION_INICIAL,REVISAR,,SIN_FUENTE_ARANCELARIA_EN_BASES_ACTUALES,SIN_FUENTE,NULA,REVISAR_CORRECTO_SIN_FUENTE,SIN_FUENTE_ARANCELARIA_EN_BASES_ACTUALES
I162S2C90J2V1,63,MALLA_CURRICULAR,REVISAR,,SIN_FUENTE_ARANCELARIA_EN_BASES_ACTUALES,SIN_FUENTE,NULA,REVISAR_CORRECTO_SIN_FUENTE,SIN_FUENTE_ARANCELARIA_EN_BASES_ACTUALES
I162S2C90J2V1,63,PERFIL_EGRESO,REVISAR,,SIN_FUENTE_ARANCELARIA_EN_BASES_ACTUALES,SIN_FUENTE,NULA,REVISAR_CORRECTO_SIN_FUENTE,SIN_FUENTE_ARANCELARIA_EN_BASES_ACTUALES
I162S2C90J2V1,63,TEXTO_REQUISITO_INGRESO,REVISAR,,SIN_FUENTE_EXPLICITA_EN_BASES_ACTUALES,SIN_FUENTE,NULA,REVISAR_CORRECTO_SIN_FUENTE,SIN_FUENTE_EXPLICITA_EN_BASES_ACTUALES
I162S2C90J2V1,63,LICENCIA_ENS_MEDIA,REVISAR,,SIN_FUENTE_EXPLICITA_EN_BASES_ACTUALES,SIN_FUENTE,NULA,REVISAR_CORRECTO_SIN_FUENTE,SIN_FUENTE_EXPLICITA_EN_BASES_ACTUALES
I162S2C90J2V1,63,NOTAS_ENS_MEDIA,REVISAR,,SIN_FUENTE_EXPLICITA_EN_BASES_ACTUALES,SIN_FUENTE,NULA,REVISAR_CORRECTO_SIN_FUENTE,SIN_FUENTE_EXPLICITA_EN_BASES_ACTUALES
I162S2C90J2V1,63,PROMEDIO_MIN_ENS_MEDIA,REVISAR,,SIN_FUENTE_EXPLICITA_EN_BASES_ACTUALES,SIN_FUENTE,NULA,REVISAR_CORRECTO_SIN_FUENTE,SIN_FUENTE_EXPLICITA_EN_BASES_ACTUALES
I162S2C90J2V1,63,RECONOCIMIENTOS_APREN_PREVIOS,REVISAR,,SIN_FUENTE_EXPLICITA_EN_BASES_ACTUALES,SIN_FUENTE,NULA,REVISAR_CORRECTO_SIN_FUENTE,SIN_FUENTE_EXPLICITA_EN_BASES_ACTUALES
I162S2C90J2V1,63,EXPERIENCIA_LABORAL,REVISAR,,SIN_FUENTE_EXPLICITA_EN_BASES_ACTUALES,SIN_FUENTE,NULA,REVISAR_CORRECTO_SIN_FUENTE,SIN_FUENTE_EXPLICITA_EN_BASES_ACTUALES
I162S2C90J2V1,63,OTROS_REQUISITOS,REVISAR,,SIN_FUENTE_EXPLICITA_EN_BASES_ACTUALES,SIN_FUENTE,NULA,REVISAR_CORRECTO_SIN_FUENTE,SIN_FUENTE_EXPLICITA_EN_BASES_ACTUALES
I162S2C90J2V1,63,MAIL_DIFUSION_CARRERA,REVISAR,,SIN_FUENTE_ARANCELARIA_EN_BASES_ACTUALES,SIN_FUENTE,NULA,REVISAR_CORRECTO_SIN_FUENTE,SIN_FUENTE_ARANCELARIA_EN_BASES_ACTUALES
I162S2C90J2V1,63,FORMATO_VALOR,REVISAR,,SIN_FUENTE_ARANCELARIA_EN_BASES_ACTUALES,SIN_FUENTE,NULA,REVISAR_CORRECTO_SIN_FUENTE,SIN_FUENTE_ARANCELARIA_EN_BASES_ACTUALES
I162S2C90J2V1,63,VALOR_MATRICULA_ANUAL,REVISAR,,SIN_FUENTE_ARANCELARIA_EN_BASES_ACTUALES,SIN_FUENTE,NULA,REVISAR_CORRECTO_SIN_FUENTE,SIN_FUENTE_ARANCELARIA_EN_BASES_ACTUALES
I162S2C90J2V1,63,COSTO_TITULACION,REVISAR,,SIN_FUENTE_ARANCELARIA_EN_BASES_ACTUALES,SIN_FUENTE,NULA,REVISAR_CORRECTO_SIN_FUENTE,SIN_FUENTE_ARANCELARIA_EN_BASES_ACTUALES
I162S2C90J2V1,63,VALOR_CERTIFICADO_DIPLOMA,REVISAR,,SIN_FUENTE_ARANCELARIA_EN_BASES_ACTUALES,SIN_FUENTE,NULA,REVISAR_CORRECTO_SIN_FUENTE,SIN_FUENTE_ARANCELARIA_EN_BASES_ACTUALES
I162S2C90J2V1,63,ARANCEL_ANUAL,REVISAR,,SIN_FUENTE_ARANCELARIA_EN_BASES_ACTUALES,SIN_FUENTE,NULA,REVISAR_CORRECTO_SIN_FUENTE,SIN_FUENTE_ARANCELARIA_EN_BASES_ACTUALES
I162S2C90J2V1,63,VIGENCIA_CARRERA,REVISAR,,SIN_FUENTE_EXPLICITA_EN_BASES_ACTUALES,SIN_FUENTE,NULA,REVISAR_CORRECTO_SIN_FUENTE,SIN_FUENTE_EXPLICITA_EN_BASES_ACTUALES
I162S2C90J2V2,64,Mención o Especialidad,REVISAR,,SIN_FUENTE_EXPLICITA_EN_BASES_ACTUALES,SIN_FUENTE,NULA,REVISAR_CORRECTO_SIN_FUENTE,SIN_FUENTE_EXPLICITA_EN_BASES_ACTUALES
I162S2C90J2V2,64,Área del Conocimiento,REVISAR,8,DICCIONARIO.AREA_ACTUAL,REGLA_CONDICIONAL,MEDIA,COMPLETABLE_POR_REGLA_CONDICIONAL,Existe código técnico; falta confirmar formato/etiqueta final aceptada por formulario.
I162S2C90J2V2,64,Sub Área,REVISAR,,SIN_TABLA_OFICIAL_DE_EQUIVALENCIA_AREA,SIN_FUENTE,NULA,REVISAR_CORRECTO_SIN_FUENTE,SIN_TABLA_OFICIAL_DE_EQUIVALENCIA_AREA
I162S2C90J2V2,64,Carrera Genérica,REVISAR,,SIN_TABLA_OFICIAL_DE_EQUIVALENCIA_AREA,SIN_FUENTE,NULA,REVISAR_CORRECTO_SIN_FUENTE,SIN_TABLA_OFICIAL_DE_EQUIVALENCIA_AREA
I162S2C90J2V2,64,Grado Académico que otorga el programa,REVISAR,,SIN_FUENTE_EXPLICITA_EN_BASES_ACTUALES,SIN_FUENTE,NULA,REVISAR_CORRECTO_SIN_FUENTE,SIN_FUENTE_EXPLICITA_EN_BASES_ACTUALES
I162S2C90J2V2,64,Dependencia,REVISAR,,SIN_FUENTE_EXPLICITA_EN_BASES_ACTUALES,SIN_FUENTE,NULA,REVISAR_CORRECTO_SIN_FUENTE,SIN_FUENTE_EXPLICITA_EN_BASES_ACTUALES
I162S2C90J2V2,64,Régimen,REVISAR,2,DICCIONARIO.REGIMEN,REGLA_CONDICIONAL,MEDIA,COMPLETABLE_POR_REGLA_CONDICIONAL,Existe código técnico; falta confirmar formato/etiqueta final aceptada por formulario.
I162S2C90J2V2,64,Ingreso Directo,REVISAR,1,DICCIONARIO.REQUISITO_INGRESO,REGLA_CONDICIONAL,MEDIA,COMPLETABLE_POR_REGLA_CONDICIONAL,Existe código técnico; falta confirmar formato/etiqueta final aceptada por formulario.
I162S2C90J2V2,64,Ingreso desde un plan Común,REVISAR,,SIN_FUENTE_EXPLICITA_EN_BASES_ACTUALES,SIN_FUENTE,NULA,REVISAR_CORRECTO_SIN_FUENTE,SIN_FUENTE_EXPLICITA_EN_BASES_ACTUALES
I162S2C90J2V2,64,Ingreso desde Bachillerato,REVISAR,,SIN_FUENTE_EXPLICITA_EN_BASES_ACTUALES,SIN_FUENTE,NULA,REVISAR_CORRECTO_SIN_FUENTE,SIN_FUENTE_EXPLICITA_EN_BASES_ACTUALES
I162S2C90J2V2,64,Otro Tipo de Ingreso,REVISAR,,SIN_FUENTE_EXPLICITA_EN_BASES_ACTUALES,SIN_FUENTE,NULA,REVISAR_CORRECTO_SIN_FUENTE,SIN_FUENTE_EXPLICITA_EN_BASES_ACTUALES
I162S2C90J2V2,64,Ingreso otro,REVISAR,,SIN_FUENTE_EXPLICITA_EN_BASES_ACTUALES,SIN_FUENTE,NULA,REVISAR_CORRECTO_SIN_FUENTE,SIN_FUENTE_EXPLICITA_EN_BASES_ACTUALES
I162S2C90J2V2,64,FECHA_ADMISION_INICIAL,REVISAR,,SIN_FUENTE_ARANCELARIA_EN_BASES_ACTUALES,SIN_FUENTE,NULA,REVISAR_CORRECTO_SIN_FUENTE,SIN_FUENTE_ARANCELARIA_EN_BASES_ACTUALES
I162S2C90J2V2,64,MALLA_CURRICULAR,REVISAR,,SIN_FUENTE_ARANCELARIA_EN_BASES_ACTUALES,SIN_FUENTE,NULA,REVISAR_CORRECTO_SIN_FUENTE,SIN_FUENTE_ARANCELARIA_EN_BASES_ACTUALES
I162S2C90J2V2,64,PERFIL_EGRESO,REVISAR,,SIN_FUENTE_ARANCELARIA_EN_BASES_ACTUALES,SIN_FUENTE,NULA,REVISAR_CORRECTO_SIN_FUENTE,SIN_FUENTE_ARANCELARIA_EN_BASES_ACTUALES
I162S2C90J2V2,64,TEXTO_REQUISITO_INGRESO,REVISAR,,SIN_FUENTE_EXPLICITA_EN_BASES_ACTUALES,SIN_FUENTE,NULA,REVISAR_CORRECTO_SIN_FUENTE,SIN_FUENTE_EXPLICITA_EN_BASES_ACTUALES
I162S2C90J2V2,64,LICENCIA_ENS_MEDIA,REVISAR,,SIN_FUENTE_EXPLICITA_EN_BASES_ACTUALES,SIN_FUENTE,NULA,REVISAR_CORRECTO_SIN_FUENTE,SIN_FUENTE_EXPLICITA_EN_BASES_ACTUALES
I162S2C90J2V2,64,NOTAS_ENS_MEDIA,REVISAR,,SIN_FUENTE_EXPLICITA_EN_BASES_ACTUALES,SIN_FUENTE,NULA,REVISAR_CORRECTO_SIN_FUENTE,SIN_FUENTE_EXPLICITA_EN_BASES_ACTUALES
I162S2C90J2V2,64,PROMEDIO_MIN_ENS_MEDIA,REVISAR,,SIN_FUENTE_EXPLICITA_EN_BASES_ACTUALES,SIN_FUENTE,NULA,REVISAR_CORRECTO_SIN_FUENTE,SIN_FUENTE_EXPLICITA_EN_BASES_ACTUALES
I162S2C90J2V2,64,RECONOCIMIENTOS_APREN_PREVIOS,REVISAR,,SIN_FUENTE_EXPLICITA_EN_BASES_ACTUALES,SIN_FUENTE,NULA,REVISAR_CORRECTO_SIN_FUENTE,SIN_FUENTE_EXPLICITA_EN_BASES_ACTUALES
I162S2C90J2V2,64,EXPERIENCIA_LABORAL,REVISAR,,SIN_FUENTE_EXPLICITA_EN_BASES_ACTUALES,SIN_FUENTE,NULA,REVISAR_CORRECTO_SIN_FUENTE,SIN_FUENTE_EXPLICITA_EN_BASES_ACTUALES
I162S2C90J2V2,64,OTROS_REQUISITOS,REVISAR,,SIN_FUENTE_EXPLICITA_EN_BASES_ACTUALES,SIN_FUENTE,NULA,REVISAR_CORRECTO_SIN_FUENTE,SIN_FUENTE_EXPLICITA_EN_BASES_ACTUALES
I162S2C90J2V2,64,MAIL_DIFUSION_CARRERA,REVISAR,,SIN_FUENTE_ARANCELARIA_EN_BASES_ACTUALES,SIN_FUENTE,NULA,REVISAR_CORRECTO_SIN_FUENTE,SIN_FUENTE_ARANCELARIA_EN_BASES_ACTUALES
I162S2C90J2V2,64,FORMATO_VALOR,REVISAR,,SIN_FUENTE_ARANCELARIA_EN_BASES_ACTUALES,SIN_FUENTE,NULA,REVISAR_CORRECTO_SIN_FUENTE,SIN_FUENTE_ARANCELARIA_EN_BASES_ACTUALES
I162S2C90J2V2,64,VALOR_MATRICULA_ANUAL,REVISAR,,SIN_FUENTE_ARANCELARIA_EN_BASES_ACTUALES,SIN_FUENTE,NULA,REVISAR_CORRECTO_SIN_FUENTE,SIN_FUENTE_ARANCELARIA_EN_BASES_ACTUALES
I162S2C90J2V2,64,COSTO_TITULACION,REVISAR,,SIN_FUENTE_ARANCELARIA_EN_BASES_ACTUALES,SIN_FUENTE,NULA,REVISAR_CORRECTO_SIN_FUENTE,SIN_FUENTE_ARANCELARIA_EN_BASES_ACTUALES
I162S2C90J2V2,64,VALOR_CERTIFICADO_DIPLOMA,REVISAR,,SIN_FUENTE_ARANCELARIA_EN_BASES_ACTUALES,SIN_FUENTE,NULA,REVISAR_CORRECTO_SIN_FUENTE,SIN_FUENTE_ARANCELARIA_EN_BASES_ACTUALES
I162S2C90J2V2,64,ARANCEL_ANUAL,REVISAR,,SIN_FUENTE_ARANCELARIA_EN_BASES_ACTUALES,SIN_FUENTE,NULA,REVISAR_CORRECTO_SIN_FUENTE,SIN_FUENTE_ARANCELARIA_EN_BASES_ACTUALES
I162S2C90J2V2,64,VIGENCIA_CARRERA,REVISAR,,SIN_FUENTE_EXPLICITA_EN_BASES_ACTUALES,SIN_FUENTE,NULA,REVISAR_CORRECTO_SIN_FUENTE,SIN_FUENTE_EXPLICITA_EN_BASES_ACTUALES
I162S2C95J4V1,65,Mención o Especialidad,REVISAR,,SIN_FUENTE_EXPLICITA_EN_BASES_ACTUALES,SIN_FUENTE,NULA,REVISAR_CORRECTO_SIN_FUENTE,SIN_FUENTE_EXPLICITA_EN_BASES_ACTUALES
I162S2C95J4V1,65,Área del Conocimiento,REVISAR,10,DICCIONARIO.AREA_ACTUAL,REGLA_CONDICIONAL,MEDIA,COMPLETABLE_POR_REGLA_CONDICIONAL,Existe código técnico; falta confirmar formato/etiqueta final aceptada por formulario.
I162S2C95J4V1,65,Sub Área,REVISAR,,SIN_TABLA_OFICIAL_DE_EQUIVALENCIA_AREA,SIN_FUENTE,NULA,REVISAR_CORRECTO_SIN_FUENTE,SIN_TABLA_OFICIAL_DE_EQUIVALENCIA_AREA
I162S2C95J4V1,65,Carrera Genérica,REVISAR,,SIN_TABLA_OFICIAL_DE_EQUIVALENCIA_AREA,SIN_FUENTE,NULA,REVISAR_CORRECTO_SIN_FUENTE,SIN_TABLA_OFICIAL_DE_EQUIVALENCIA_AREA
I162S2C95J4V1,65,Grado Académico que otorga el programa,REVISAR,,SIN_FUENTE_EXPLICITA_EN_BASES_ACTUALES,SIN_FUENTE,NULA,REVISAR_CORRECTO_SIN_FUENTE,SIN_FUENTE_EXPLICITA_EN_BASES_ACTUALES
I162S2C95J4V1,65,Dependencia,REVISAR,,SIN_FUENTE_EXPLICITA_EN_BASES_ACTUALES,SIN_FUENTE,NULA,REVISAR_CORRECTO_SIN_FUENTE,SIN_FUENTE_EXPLICITA_EN_BASES_ACTUALES
I162S2C95J4V1,65,Régimen,REVISAR,1,DICCIONARIO.REGIMEN,REGLA_CONDICIONAL,MEDIA,COMPLETABLE_POR_REGLA_CONDICIONAL,Existe código técnico; falta confirmar formato/etiqueta final aceptada por formulario.
I162S2C95J4V1,65,Ingreso Directo,REVISAR,2,DICCIONARIO.REQUISITO_INGRESO,REGLA_CONDICIONAL,MEDIA,COMPLETABLE_POR_REGLA_CONDICIONAL,Existe código técnico; falta confirmar formato/etiqueta final aceptada por formulario.
I162S2C95J4V1,65,Ingreso desde un plan Común,REVISAR,,SIN_FUENTE_EXPLICITA_EN_BASES_ACTUALES,SIN_FUENTE,NULA,REVISAR_CORRECTO_SIN_FUENTE,SIN_FUENTE_EXPLICITA_EN_BASES_ACTUALES
I162S2C95J4V1,65,Ingreso desde Bachillerato,REVISAR,,SIN_FUENTE_EXPLICITA_EN_BASES_ACTUALES,SIN_FUENTE,NULA,REVISAR_CORRECTO_SIN_FUENTE,SIN_FUENTE_EXPLICITA_EN_BASES_ACTUALES
I162S2C95J4V1,65,Otro Tipo de Ingreso,REVISAR,,SIN_FUENTE_EXPLICITA_EN_BASES_ACTUALES,SIN_FUENTE,NULA,REVISAR_CORRECTO_SIN_FUENTE,SIN_FUENTE_EXPLICITA_EN_BASES_ACTUALES
I162S2C95J4V1,65,Ingreso otro,REVISAR,,SIN_FUENTE_EXPLICITA_EN_BASES_ACTUALES,SIN_FUENTE,NULA,REVISAR_CORRECTO_SIN_FUENTE,SIN_FUENTE_EXPLICITA_EN_BASES_ACTUALES
I162S2C95J4V1,65,FECHA_ADMISION_INICIAL,REVISAR,,SIN_FUENTE_ARANCELARIA_EN_BASES_ACTUALES,SIN_FUENTE,NULA,REVISAR_CORRECTO_SIN_FUENTE,SIN_FUENTE_ARANCELARIA_EN_BASES_ACTUALES
I162S2C95J4V1,65,MALLA_CURRICULAR,REVISAR,,SIN_FUENTE_ARANCELARIA_EN_BASES_ACTUALES,SIN_FUENTE,NULA,REVISAR_CORRECTO_SIN_FUENTE,SIN_FUENTE_ARANCELARIA_EN_BASES_ACTUALES
I162S2C95J4V1,65,PERFIL_EGRESO,REVISAR,,SIN_FUENTE_ARANCELARIA_EN_BASES_ACTUALES,SIN_FUENTE,NULA,REVISAR_CORRECTO_SIN_FUENTE,SIN_FUENTE_ARANCELARIA_EN_BASES_ACTUALES
I162S2C95J4V1,65,TEXTO_REQUISITO_INGRESO,REVISAR,,SIN_FUENTE_EXPLICITA_EN_BASES_ACTUALES,SIN_FUENTE,NULA,REVISAR_CORRECTO_SIN_FUENTE,SIN_FUENTE_EXPLICITA_EN_BASES_ACTUALES
I162S2C95J4V1,65,LICENCIA_ENS_MEDIA,REVISAR,,SIN_FUENTE_EXPLICITA_EN_BASES_ACTUALES,SIN_FUENTE,NULA,REVISAR_CORRECTO_SIN_FUENTE,SIN_FUENTE_EXPLICITA_EN_BASES_ACTUALES
I162S2C95J4V1,65,NOTAS_ENS_MEDIA,REVISAR,,SIN_FUENTE_EXPLICITA_EN_BASES_ACTUALES,SIN_FUENTE,NULA,REVISAR_CORRECTO_SIN_FUENTE,SIN_FUENTE_EXPLICITA_EN_BASES_ACTUALES
I162S2C95J4V1,65,PROMEDIO_MIN_ENS_MEDIA,REVISAR,,SIN_FUENTE_EXPLICITA_EN_BASES_ACTUALES,SIN_FUENTE,NULA,REVISAR_CORRECTO_SIN_FUENTE,SIN_FUENTE_EXPLICITA_EN_BASES_ACTUALES
I162S2C95J4V1,65,RECONOCIMIENTOS_APREN_PREVIOS,REVISAR,,SIN_FUENTE_EXPLICITA_EN_BASES_ACTUALES,SIN_FUENTE,NULA,REVISAR_CORRECTO_SIN_FUENTE,SIN_FUENTE_EXPLICITA_EN_BASES_ACTUALES
I162S2C95J4V1,65,EXPERIENCIA_LABORAL,REVISAR,,SIN_FUENTE_EXPLICITA_EN_BASES_ACTUALES,SIN_FUENTE,NULA,REVISAR_CORRECTO_SIN_FUENTE,SIN_FUENTE_EXPLICITA_EN_BASES_ACTUALES
I162S2C95J4V1,65,OTROS_REQUISITOS,REVISAR,,SIN_FUENTE_EXPLICITA_EN_BASES_ACTUALES,SIN_FUENTE,NULA,REVISAR_CORRECTO_SIN_FUENTE,SIN_FUENTE_EXPLICITA_EN_BASES_ACTUALES
I162S2C95J4V1,65,MAIL_DIFUSION_CARRERA,REVISAR,,SIN_FUENTE_ARANCELARIA_EN_BASES_ACTUALES,SIN_FUENTE,NULA,REVISAR_CORRECTO_SIN_FUENTE,SIN_FUENTE_ARANCELARIA_EN_BASES_ACTUALES
I162S2C95J4V1,65,FORMATO_VALOR,REVISAR,,SIN_FUENTE_ARANCELARIA_EN_BASES_ACTUALES,SIN_FUENTE,NULA,REVISAR_CORRECTO_SIN_FUENTE,SIN_FUENTE_ARANCELARIA_EN_BASES_ACTUALES
I162S2C95J4V1,65,VALOR_MATRICULA_ANUAL,REVISAR,,SIN_FUENTE_ARANCELARIA_EN_BASES_ACTUALES,SIN_FUENTE,NULA,REVISAR_CORRECTO_SIN_FUENTE,SIN_FUENTE_ARANCELARIA_EN_BASES_ACTUALES
I162S2C95J4V1,65,COSTO_TITULACION,REVISAR,,SIN_FUENTE_ARANCELARIA_EN_BASES_ACTUALES,SIN_FUENTE,NULA,REVISAR_CORRECTO_SIN_FUENTE,SIN_FUENTE_ARANCELARIA_EN_BASES_ACTUALES
I162S2C95J4V1,65,VALOR_CERTIFICADO_DIPLOMA,REVISAR,,SIN_FUENTE_ARANCELARIA_EN_BASES_ACTUALES,SIN_FUENTE,NULA,REVISAR_CORRECTO_SIN_FUENTE,SIN_FUENTE_ARANCELARIA_EN_BASES_ACTUALES
I162S2C95J4V1,65,ARANCEL_ANUAL,REVISAR,,SIN_FUENTE_ARANCELARIA_EN_BASES_ACTUALES,SIN_FUENTE,NULA,REVISAR_CORRECTO_SIN_FUENTE,SIN_FUENTE_ARANCELARIA_EN_BASES_ACTUALES
I162S2C95J4V1,65,VIGENCIA_CARRERA,REVISAR,,SIN_FUENTE_EXPLICITA_EN_BASES_ACTUALES,SIN_FUENTE,NULA,REVISAR_CORRECTO_SIN_FUENTE,SIN_FUENTE_EXPLICITA_EN_BASES_ACTUALES
I162S2C96J4V1,66,Mención o Especialidad,REVISAR,,SIN_FUENTE_EXPLICITA_EN_BASES_ACTUALES,SIN_FUENTE,NULA,REVISAR_CORRECTO_SIN_FUENTE,SIN_FUENTE_EXPLICITA_EN_BASES_ACTUALES
I162S2C96J4V1,66,Área del Conocimiento,REVISAR,4,DICCIONARIO.AREA_ACTUAL,REGLA_CONDICIONAL,MEDIA,COMPLETABLE_POR_REGLA_CONDICIONAL,Existe código técnico; falta confirmar formato/etiqueta final aceptada por formulario.
I162S2C96J4V1,66,Sub Área,REVISAR,,SIN_TABLA_OFICIAL_DE_EQUIVALENCIA_AREA,SIN_FUENTE,NULA,REVISAR_CORRECTO_SIN_FUENTE,SIN_TABLA_OFICIAL_DE_EQUIVALENCIA_AREA
I162S2C96J4V1,66,Carrera Genérica,REVISAR,,SIN_TABLA_OFICIAL_DE_EQUIVALENCIA_AREA,SIN_FUENTE,NULA,REVISAR_CORRECTO_SIN_FUENTE,SIN_TABLA_OFICIAL_DE_EQUIVALENCIA_AREA
I162S2C96J4V1,66,Grado Académico que otorga el programa,REVISAR,,SIN_FUENTE_EXPLICITA_EN_BASES_ACTUALES,SIN_FUENTE,NULA,REVISAR_CORRECTO_SIN_FUENTE,SIN_FUENTE_EXPLICITA_EN_BASES_ACTUALES
I162S2C96J4V1,66,Dependencia,REVISAR,,SIN_FUENTE_EXPLICITA_EN_BASES_ACTUALES,SIN_FUENTE,NULA,REVISAR_CORRECTO_SIN_FUENTE,SIN_FUENTE_EXPLICITA_EN_BASES_ACTUALES
I162S2C96J4V1,66,Régimen,REVISAR,1,DICCIONARIO.REGIMEN,REGLA_CONDICIONAL,MEDIA,COMPLETABLE_POR_REGLA_CONDICIONAL,Existe código técnico; falta confirmar formato/etiqueta final aceptada por formulario.
I162S2C96J4V1,66,Ingreso Directo,REVISAR,2,DICCIONARIO.REQUISITO_INGRESO,REGLA_CONDICIONAL,MEDIA,COMPLETABLE_POR_REGLA_CONDICIONAL,Existe código técnico; falta confirmar formato/etiqueta final aceptada por formulario.
I162S2C96J4V1,66,Ingreso desde un plan Común,REVISAR,,SIN_FUENTE_EXPLICITA_EN_BASES_ACTUALES,SIN_FUENTE,NULA,REVISAR_CORRECTO_SIN_FUENTE,SIN_FUENTE_EXPLICITA_EN_BASES_ACTUALES
I162S2C96J4V1,66,Ingreso desde Bachillerato,REVISAR,,SIN_FUENTE_EXPLICITA_EN_BASES_ACTUALES,SIN_FUENTE,NULA,REVISAR_CORRECTO_SIN_FUENTE,SIN_FUENTE_EXPLICITA_EN_BASES_ACTUALES
I162S2C96J4V1,66,Otro Tipo de Ingreso,REVISAR,,SIN_FUENTE_EXPLICITA_EN_BASES_ACTUALES,SIN_FUENTE,NULA,REVISAR_CORRECTO_SIN_FUENTE,SIN_FUENTE_EXPLICITA_EN_BASES_ACTUALES
I162S2C96J4V1,66,Ingreso otro,REVISAR,,SIN_FUENTE_EXPLICITA_EN_BASES_ACTUALES,SIN_FUENTE,NULA,REVISAR_CORRECTO_SIN_FUENTE,SIN_FUENTE_EXPLICITA_EN_BASES_ACTUALES
I162S2C96J4V1,66,FECHA_ADMISION_INICIAL,REVISAR,,SIN_FUENTE_ARANCELARIA_EN_BASES_ACTUALES,SIN_FUENTE,NULA,REVISAR_CORRECTO_SIN_FUENTE,SIN_FUENTE_ARANCELARIA_EN_BASES_ACTUALES
I162S2C96J4V1,66,MALLA_CURRICULAR,REVISAR,,SIN_FUENTE_ARANCELARIA_EN_BASES_ACTUALES,SIN_FUENTE,NULA,REVISAR_CORRECTO_SIN_FUENTE,SIN_FUENTE_ARANCELARIA_EN_BASES_ACTUALES
I162S2C96J4V1,66,PERFIL_EGRESO,REVISAR,,SIN_FUENTE_ARANCELARIA_EN_BASES_ACTUALES,SIN_FUENTE,NULA,REVISAR_CORRECTO_SIN_FUENTE,SIN_FUENTE_ARANCELARIA_EN_BASES_ACTUALES
I162S2C96J4V1,66,TEXTO_REQUISITO_INGRESO,REVISAR,,SIN_FUENTE_EXPLICITA_EN_BASES_ACTUALES,SIN_FUENTE,NULA,REVISAR_CORRECTO_SIN_FUENTE,SIN_FUENTE_EXPLICITA_EN_BASES_ACTUALES
I162S2C96J4V1,66,LICENCIA_ENS_MEDIA,REVISAR,,SIN_FUENTE_EXPLICITA_EN_BASES_ACTUALES,SIN_FUENTE,NULA,REVISAR_CORRECTO_SIN_FUENTE,SIN_FUENTE_EXPLICITA_EN_BASES_ACTUALES
I162S2C96J4V1,66,NOTAS_ENS_MEDIA,REVISAR,,SIN_FUENTE_EXPLICITA_EN_BASES_ACTUALES,SIN_FUENTE,NULA,REVISAR_CORRECTO_SIN_FUENTE,SIN_FUENTE_EXPLICITA_EN_BASES_ACTUALES
I162S2C96J4V1,66,PROMEDIO_MIN_ENS_MEDIA,REVISAR,,SIN_FUENTE_EXPLICITA_EN_BASES_ACTUALES,SIN_FUENTE,NULA,REVISAR_CORRECTO_SIN_FUENTE,SIN_FUENTE_EXPLICITA_EN_BASES_ACTUALES
I162S2C96J4V1,66,RECONOCIMIENTOS_APREN_PREVIOS,REVISAR,,SIN_FUENTE_EXPLICITA_EN_BASES_ACTUALES,SIN_FUENTE,NULA,REVISAR_CORRECTO_SIN_FUENTE,SIN_FUENTE_EXPLICITA_EN_BASES_ACTUALES
I162S2C96J4V1,66,EXPERIENCIA_LABORAL,REVISAR,,SIN_FUENTE_EXPLICITA_EN_BASES_ACTUALES,SIN_FUENTE,NULA,REVISAR_CORRECTO_SIN_FUENTE,SIN_FUENTE_EXPLICITA_EN_BASES_ACTUALES
I162S2C96J4V1,66,OTROS_REQUISITOS,REVISAR,,SIN_FUENTE_EXPLICITA_EN_BASES_ACTUALES,SIN_FUENTE,NULA,REVISAR_CORRECTO_SIN_FUENTE,SIN_FUENTE_EXPLICITA_EN_BASES_ACTUALES
I162S2C96J4V1,66,MAIL_DIFUSION_CARRERA,REVISAR,,SIN_FUENTE_ARANCELARIA_EN_BASES_ACTUALES,SIN_FUENTE,NULA,REVISAR_CORRECTO_SIN_FUENTE,SIN_FUENTE_ARANCELARIA_EN_BASES_ACTUALES
I162S2C96J4V1,66,FORMATO_VALOR,REVISAR,,SIN_FUENTE_ARANCELARIA_EN_BASES_ACTUALES,SIN_FUENTE,NULA,REVISAR_CORRECTO_SIN_FUENTE,SIN_FUENTE_ARANCELARIA_EN_BASES_ACTUALES
I162S2C96J4V1,66,VALOR_MATRICULA_ANUAL,REVISAR,,SIN_FUENTE_ARANCELARIA_EN_BASES_ACTUALES,SIN_FUENTE,NULA,REVISAR_CORRECTO_SIN_FUENTE,SIN_FUENTE_ARANCELARIA_EN_BASES_ACTUALES
I162S2C96J4V1,66,COSTO_TITULACION,REVISAR,,SIN_FUENTE_ARANCELARIA_EN_BASES_ACTUALES,SIN_FUENTE,NULA,REVISAR_CORRECTO_SIN_FUENTE,SIN_FUENTE_ARANCELARIA_EN_BASES_ACTUALES
I162S2C96J4V1,66,VALOR_CERTIFICADO_DIPLOMA,REVISAR,,SIN_FUENTE_ARANCELARIA_EN_BASES_ACTUALES,SIN_FUENTE,NULA,REVISAR_CORRECTO_SIN_FUENTE,SIN_FUENTE_ARANCELARIA_EN_BASES_ACTUALES
I162S2C96J4V1,66,ARANCEL_ANUAL,REVISAR,,SIN_FUENTE_ARANCELARIA_EN_BASES_ACTUALES,SIN_FUENTE,NULA,REVISAR_CORRECTO_SIN_FUENTE,SIN_FUENTE_ARANCELARIA_EN_BASES_ACTUALES
I162S2C96J4V1,66,VIGENCIA_CARRERA,REVISAR,,SIN_FUENTE_EXPLICITA_EN_BASES_ACTUALES,SIN_FUENTE,NULA,REVISAR_CORRECTO_SIN_FUENTE,SIN_FUENTE_EXPLICITA_EN_BASES_ACTUALES
I162S2C97J4V1,67,Mención o Especialidad,REVISAR,,SIN_FUENTE_EXPLICITA_EN_BASES_ACTUALES,SIN_FUENTE,NULA,REVISAR_CORRECTO_SIN_FUENTE,SIN_FUENTE_EXPLICITA_EN_BASES_ACTUALES
I162S2C97J4V1,67,Área del Conocimiento,REVISAR,1,DICCIONARIO.AREA_ACTUAL,REGLA_CONDICIONAL,MEDIA,COMPLETABLE_POR_REGLA_CONDICIONAL,Existe código técnico; falta confirmar formato/etiqueta final aceptada por formulario.
I162S2C97J4V1,67,Sub Área,REVISAR,,SIN_TABLA_OFICIAL_DE_EQUIVALENCIA_AREA,SIN_FUENTE,NULA,REVISAR_CORRECTO_SIN_FUENTE,SIN_TABLA_OFICIAL_DE_EQUIVALENCIA_AREA
I162S2C97J4V1,67,Carrera Genérica,REVISAR,,SIN_TABLA_OFICIAL_DE_EQUIVALENCIA_AREA,SIN_FUENTE,NULA,REVISAR_CORRECTO_SIN_FUENTE,SIN_TABLA_OFICIAL_DE_EQUIVALENCIA_AREA
I162S2C97J4V1,67,Grado Académico que otorga el programa,REVISAR,,SIN_FUENTE_EXPLICITA_EN_BASES_ACTUALES,SIN_FUENTE,NULA,REVISAR_CORRECTO_SIN_FUENTE,SIN_FUENTE_EXPLICITA_EN_BASES_ACTUALES
I162S2C97J4V1,67,Dependencia,REVISAR,,SIN_FUENTE_EXPLICITA_EN_BASES_ACTUALES,SIN_FUENTE,NULA,REVISAR_CORRECTO_SIN_FUENTE,SIN_FUENTE_EXPLICITA_EN_BASES_ACTUALES
I162S2C97J4V1,67,Régimen,REVISAR,1,DICCIONARIO.REGIMEN,REGLA_CONDICIONAL,MEDIA,COMPLETABLE_POR_REGLA_CONDICIONAL,Existe código técnico; falta confirmar formato/etiqueta final aceptada por formulario.
I162S2C97J4V1,67,Ingreso Directo,REVISAR,2,DICCIONARIO.REQUISITO_INGRESO,REGLA_CONDICIONAL,MEDIA,COMPLETABLE_POR_REGLA_CONDICIONAL,Existe código técnico; falta confirmar formato/etiqueta final aceptada por formulario.
I162S2C97J4V1,67,Ingreso desde un plan Común,REVISAR,,SIN_FUENTE_EXPLICITA_EN_BASES_ACTUALES,SIN_FUENTE,NULA,REVISAR_CORRECTO_SIN_FUENTE,SIN_FUENTE_EXPLICITA_EN_BASES_ACTUALES
I162S2C97J4V1,67,Ingreso desde Bachillerato,REVISAR,,SIN_FUENTE_EXPLICITA_EN_BASES_ACTUALES,SIN_FUENTE,NULA,REVISAR_CORRECTO_SIN_FUENTE,SIN_FUENTE_EXPLICITA_EN_BASES_ACTUALES
I162S2C97J4V1,67,Otro Tipo de Ingreso,REVISAR,,SIN_FUENTE_EXPLICITA_EN_BASES_ACTUALES,SIN_FUENTE,NULA,REVISAR_CORRECTO_SIN_FUENTE,SIN_FUENTE_EXPLICITA_EN_BASES_ACTUALES
I162S2C97J4V1,67,Ingreso otro,REVISAR,,SIN_FUENTE_EXPLICITA_EN_BASES_ACTUALES,SIN_FUENTE,NULA,REVISAR_CORRECTO_SIN_FUENTE,SIN_FUENTE_EXPLICITA_EN_BASES_ACTUALES
I162S2C97J4V1,67,FECHA_ADMISION_INICIAL,REVISAR,,SIN_FUENTE_ARANCELARIA_EN_BASES_ACTUALES,SIN_FUENTE,NULA,REVISAR_CORRECTO_SIN_FUENTE,SIN_FUENTE_ARANCELARIA_EN_BASES_ACTUALES
I162S2C97J4V1,67,MALLA_CURRICULAR,REVISAR,,SIN_FUENTE_ARANCELARIA_EN_BASES_ACTUALES,SIN_FUENTE,NULA,REVISAR_CORRECTO_SIN_FUENTE,SIN_FUENTE_ARANCELARIA_EN_BASES_ACTUALES
I162S2C97J4V1,67,PERFIL_EGRESO,REVISAR,,SIN_FUENTE_ARANCELARIA_EN_BASES_ACTUALES,SIN_FUENTE,NULA,REVISAR_CORRECTO_SIN_FUENTE,SIN_FUENTE_ARANCELARIA_EN_BASES_ACTUALES
I162S2C97J4V1,67,TEXTO_REQUISITO_INGRESO,REVISAR,,SIN_FUENTE_EXPLICITA_EN_BASES_ACTUALES,SIN_FUENTE,NULA,REVISAR_CORRECTO_SIN_FUENTE,SIN_FUENTE_EXPLICITA_EN_BASES_ACTUALES
I162S2C97J4V1,67,LICENCIA_ENS_MEDIA,REVISAR,,SIN_FUENTE_EXPLICITA_EN_BASES_ACTUALES,SIN_FUENTE,NULA,REVISAR_CORRECTO_SIN_FUENTE,SIN_FUENTE_EXPLICITA_EN_BASES_ACTUALES
I162S2C97J4V1,67,NOTAS_ENS_MEDIA,REVISAR,,SIN_FUENTE_EXPLICITA_EN_BASES_ACTUALES,SIN_FUENTE,NULA,REVISAR_CORRECTO_SIN_FUENTE,SIN_FUENTE_EXPLICITA_EN_BASES_ACTUALES
I162S2C97J4V1,67,PROMEDIO_MIN_ENS_MEDIA,REVISAR,,SIN_FUENTE_EXPLICITA_EN_BASES_ACTUALES,SIN_FUENTE,NULA,REVISAR_CORRECTO_SIN_FUENTE,SIN_FUENTE_EXPLICITA_EN_BASES_ACTUALES
I162S2C97J4V1,67,RECONOCIMIENTOS_APREN_PREVIOS,REVISAR,,SIN_FUENTE_EXPLICITA_EN_BASES_ACTUALES,SIN_FUENTE,NULA,REVISAR_CORRECTO_SIN_FUENTE,SIN_FUENTE_EXPLICITA_EN_BASES_ACTUALES
I162S2C97J4V1,67,EXPERIENCIA_LABORAL,REVISAR,,SIN_FUENTE_EXPLICITA_EN_BASES_ACTUALES,SIN_FUENTE,NULA,REVISAR_CORRECTO_SIN_FUENTE,SIN_FUENTE_EXPLICITA_EN_BASES_ACTUALES
I162S2C97J4V1,67,OTROS_REQUISITOS,REVISAR,,SIN_FUENTE_EXPLICITA_EN_BASES_ACTUALES,SIN_FUENTE,NULA,REVISAR_CORRECTO_SIN_FUENTE,SIN_FUENTE_EXPLICITA_EN_BASES_ACTUALES
I162S2C97J4V1,67,MAIL_DIFUSION_CARRERA,REVISAR,,SIN_FUENTE_ARANCELARIA_EN_BASES_ACTUALES,SIN_FUENTE,NULA,REVISAR_CORRECTO_SIN_FUENTE,SIN_FUENTE_ARANCELARIA_EN_BASES_ACTUALES
I162S2C97J4V1,67,FORMATO_VALOR,REVISAR,,SIN_FUENTE_ARANCELARIA_EN_BASES_ACTUALES,SIN_FUENTE,NULA,REVISAR_CORRECTO_SIN_FUENTE,SIN_FUENTE_ARANCELARIA_EN_BASES_ACTUALES
I162S2C97J4V1,67,VALOR_MATRICULA_ANUAL,REVISAR,,SIN_FUENTE_ARANCELARIA_EN_BASES_ACTUALES,SIN_FUENTE,NULA,REVISAR_CORRECTO_SIN_FUENTE,SIN_FUENTE_ARANCELARIA_EN_BASES_ACTUALES
I162S2C97J4V1,67,COSTO_TITULACION,REVISAR,,SIN_FUENTE_ARANCELARIA_EN_BASES_ACTUALES,SIN_FUENTE,NULA,REVISAR_CORRECTO_SIN_FUENTE,SIN_FUENTE_ARANCELARIA_EN_BASES_ACTUALES
I162S2C97J4V1,67,VALOR_CERTIFICADO_DIPLOMA,REVISAR,,SIN_FUENTE_ARANCELARIA_EN_BASES_ACTUALES,SIN_FUENTE,NULA,REVISAR_CORRECTO_SIN_FUENTE,SIN_FUENTE_ARANCELARIA_EN_BASES_ACTUALES
I162S2C97J4V1,67,ARANCEL_ANUAL,REVISAR,,SIN_FUENTE_ARANCELARIA_EN_BASES_ACTUALES,SIN_FUENTE,NULA,REVISAR_CORRECTO_SIN_FUENTE,SIN_FUENTE_ARANCELARIA_EN_BASES_ACTUALES
I162S2C97J4V1,67,VIGENCIA_CARRERA,REVISAR,,SIN_FUENTE_EXPLICITA_EN_BASES_ACTUALES,SIN_FUENTE,NULA,REVISAR_CORRECTO_SIN_FUENTE,SIN_FUENTE_EXPLICITA_EN_BASES_ACTUALES
I162S2C98J4V1,68,Mención o Especialidad,REVISAR,,SIN_FUENTE_EXPLICITA_EN_BASES_ACTUALES,SIN_FUENTE,NULA,REVISAR_CORRECTO_SIN_FUENTE,SIN_FUENTE_EXPLICITA_EN_BASES_ACTUALES
I162S2C98J4V1,68,Área del Conocimiento,REVISAR,1,DICCIONARIO.AREA_ACTUAL,REGLA_CONDICIONAL,MEDIA,COMPLETABLE_POR_REGLA_CONDICIONAL,Existe código técnico; falta confirmar formato/etiqueta final aceptada por formulario.
I162S2C98J4V1,68,Sub Área,REVISAR,,SIN_TABLA_OFICIAL_DE_EQUIVALENCIA_AREA,SIN_FUENTE,NULA,REVISAR_CORRECTO_SIN_FUENTE,SIN_TABLA_OFICIAL_DE_EQUIVALENCIA_AREA
I162S2C98J4V1,68,Carrera Genérica,REVISAR,,SIN_TABLA_OFICIAL_DE_EQUIVALENCIA_AREA,SIN_FUENTE,NULA,REVISAR_CORRECTO_SIN_FUENTE,SIN_TABLA_OFICIAL_DE_EQUIVALENCIA_AREA
I162S2C98J4V1,68,Grado Académico que otorga el programa,REVISAR,,SIN_FUENTE_EXPLICITA_EN_BASES_ACTUALES,SIN_FUENTE,NULA,REVISAR_CORRECTO_SIN_FUENTE,SIN_FUENTE_EXPLICITA_EN_BASES_ACTUALES
I162S2C98J4V1,68,Dependencia,REVISAR,,SIN_FUENTE_EXPLICITA_EN_BASES_ACTUALES,SIN_FUENTE,NULA,REVISAR_CORRECTO_SIN_FUENTE,SIN_FUENTE_EXPLICITA_EN_BASES_ACTUALES
I162S2C98J4V1,68,Régimen,REVISAR,1,DICCIONARIO.REGIMEN,REGLA_CONDICIONAL,MEDIA,COMPLETABLE_POR_REGLA_CONDICIONAL,Existe código técnico; falta confirmar formato/etiqueta final aceptada por formulario.
I162S2C98J4V1,68,Ingreso Directo,REVISAR,2,DICCIONARIO.REQUISITO_INGRESO,REGLA_CONDICIONAL,MEDIA,COMPLETABLE_POR_REGLA_CONDICIONAL,Existe código técnico; falta confirmar formato/etiqueta final aceptada por formulario.
I162S2C98J4V1,68,Ingreso desde un plan Común,REVISAR,,SIN_FUENTE_EXPLICITA_EN_BASES_ACTUALES,SIN_FUENTE,NULA,REVISAR_CORRECTO_SIN_FUENTE,SIN_FUENTE_EXPLICITA_EN_BASES_ACTUALES
I162S2C98J4V1,68,Ingreso desde Bachillerato,REVISAR,,SIN_FUENTE_EXPLICITA_EN_BASES_ACTUALES,SIN_FUENTE,NULA,REVISAR_CORRECTO_SIN_FUENTE,SIN_FUENTE_EXPLICITA_EN_BASES_ACTUALES
I162S2C98J4V1,68,Otro Tipo de Ingreso,REVISAR,,SIN_FUENTE_EXPLICITA_EN_BASES_ACTUALES,SIN_FUENTE,NULA,REVISAR_CORRECTO_SIN_FUENTE,SIN_FUENTE_EXPLICITA_EN_BASES_ACTUALES
I162S2C98J4V1,68,Ingreso otro,REVISAR,,SIN_FUENTE_EXPLICITA_EN_BASES_ACTUALES,SIN_FUENTE,NULA,REVISAR_CORRECTO_SIN_FUENTE,SIN_FUENTE_EXPLICITA_EN_BASES_ACTUALES
I162S2C98J4V1,68,FECHA_ADMISION_INICIAL,REVISAR,,SIN_FUENTE_ARANCELARIA_EN_BASES_ACTUALES,SIN_FUENTE,NULA,REVISAR_CORRECTO_SIN_FUENTE,SIN_FUENTE_ARANCELARIA_EN_BASES_ACTUALES
I162S2C98J4V1,68,MALLA_CURRICULAR,REVISAR,,SIN_FUENTE_ARANCELARIA_EN_BASES_ACTUALES,SIN_FUENTE,NULA,REVISAR_CORRECTO_SIN_FUENTE,SIN_FUENTE_ARANCELARIA_EN_BASES_ACTUALES
I162S2C98J4V1,68,PERFIL_EGRESO,REVISAR,,SIN_FUENTE_ARANCELARIA_EN_BASES_ACTUALES,SIN_FUENTE,NULA,REVISAR_CORRECTO_SIN_FUENTE,SIN_FUENTE_ARANCELARIA_EN_BASES_ACTUALES
I162S2C98J4V1,68,TEXTO_REQUISITO_INGRESO,REVISAR,,SIN_FUENTE_EXPLICITA_EN_BASES_ACTUALES,SIN_FUENTE,NULA,REVISAR_CORRECTO_SIN_FUENTE,SIN_FUENTE_EXPLICITA_EN_BASES_ACTUALES
I162S2C98J4V1,68,LICENCIA_ENS_MEDIA,REVISAR,,SIN_FUENTE_EXPLICITA_EN_BASES_ACTUALES,SIN_FUENTE,NULA,REVISAR_CORRECTO_SIN_FUENTE,SIN_FUENTE_EXPLICITA_EN_BASES_ACTUALES
I162S2C98J4V1,68,NOTAS_ENS_MEDIA,REVISAR,,SIN_FUENTE_EXPLICITA_EN_BASES_ACTUALES,SIN_FUENTE,NULA,REVISAR_CORRECTO_SIN_FUENTE,SIN_FUENTE_EXPLICITA_EN_BASES_ACTUALES
I162S2C98J4V1,68,PROMEDIO_MIN_ENS_MEDIA,REVISAR,,SIN_FUENTE_EXPLICITA_EN_BASES_ACTUALES,SIN_FUENTE,NULA,REVISAR_CORRECTO_SIN_FUENTE,SIN_FUENTE_EXPLICITA_EN_BASES_ACTUALES
I162S2C98J4V1,68,RECONOCIMIENTOS_APREN_PREVIOS,REVISAR,,SIN_FUENTE_EXPLICITA_EN_BASES_ACTUALES,SIN_FUENTE,NULA,REVISAR_CORRECTO_SIN_FUENTE,SIN_FUENTE_EXPLICITA_EN_BASES_ACTUALES
I162S2C98J4V1,68,EXPERIENCIA_LABORAL,REVISAR,,SIN_FUENTE_EXPLICITA_EN_BASES_ACTUALES,SIN_FUENTE,NULA,REVISAR_CORRECTO_SIN_FUENTE,SIN_FUENTE_EXPLICITA_EN_BASES_ACTUALES
I162S2C98J4V1,68,OTROS_REQUISITOS,REVISAR,,SIN_FUENTE_EXPLICITA_EN_BASES_ACTUALES,SIN_FUENTE,NULA,REVISAR_CORRECTO_SIN_FUENTE,SIN_FUENTE_EXPLICITA_EN_BASES_ACTUALES
I162S2C98J4V1,68,MAIL_DIFUSION_CARRERA,REVISAR,,SIN_FUENTE_ARANCELARIA_EN_BASES_ACTUALES,SIN_FUENTE,NULA,REVISAR_CORRECTO_SIN_FUENTE,SIN_FUENTE_ARANCELARIA_EN_BASES_ACTUALES
I162S2C98J4V1,68,FORMATO_VALOR,REVISAR,,SIN_FUENTE_ARANCELARIA_EN_BASES_ACTUALES,SIN_FUENTE,NULA,REVISAR_CORRECTO_SIN_FUENTE,SIN_FUENTE_ARANCELARIA_EN_BASES_ACTUALES
I162S2C98J4V1,68,VALOR_MATRICULA_ANUAL,REVISAR,,SIN_FUENTE_ARANCELARIA_EN_BASES_ACTUALES,SIN_FUENTE,NULA,REVISAR_CORRECTO_SIN_FUENTE,SIN_FUENTE_ARANCELARIA_EN_BASES_ACTUALES
I162S2C98J4V1,68,COSTO_TITULACION,REVISAR,,SIN_FUENTE_ARANCELARIA_EN_BASES_ACTUALES,SIN_FUENTE,NULA,REVISAR_CORRECTO_SIN_FUENTE,SIN_FUENTE_ARANCELARIA_EN_BASES_ACTUALES
I162S2C98J4V1,68,VALOR_CERTIFICADO_DIPLOMA,REVISAR,,SIN_FUENTE_ARANCELARIA_EN_BASES_ACTUALES,SIN_FUENTE,NULA,REVISAR_CORRECTO_SIN_FUENTE,SIN_FUENTE_ARANCELARIA_EN_BASES_ACTUALES
I162S2C98J4V1,68,ARANCEL_ANUAL,REVISAR,,SIN_FUENTE_ARANCELARIA_EN_BASES_ACTUALES,SIN_FUENTE,NULA,REVISAR_CORRECTO_SIN_FUENTE,SIN_FUENTE_ARANCELARIA_EN_BASES_ACTUALES
I162S2C98J4V1,68,VIGENCIA_CARRERA,REVISAR,,SIN_FUENTE_EXPLICITA_EN_BASES_ACTUALES,SIN_FUENTE,NULA,REVISAR_CORRECTO_SIN_FUENTE,SIN_FUENTE_EXPLICITA_EN_BASES_ACTUALES
I162S2C99J4V1,69,Mención o Especialidad,REVISAR,,SIN_FUENTE_EXPLICITA_EN_BASES_ACTUALES,SIN_FUENTE,NULA,REVISAR_CORRECTO_SIN_FUENTE,SIN_FUENTE_EXPLICITA_EN_BASES_ACTUALES
I162S2C99J4V1,69,Área del Conocimiento,REVISAR,1,DICCIONARIO.AREA_ACTUAL,REGLA_CONDICIONAL,MEDIA,COMPLETABLE_POR_REGLA_CONDICIONAL,Existe código técnico; falta confirmar formato/etiqueta final aceptada por formulario.
I162S2C99J4V1,69,Sub Área,REVISAR,,SIN_TABLA_OFICIAL_DE_EQUIVALENCIA_AREA,SIN_FUENTE,NULA,REVISAR_CORRECTO_SIN_FUENTE,SIN_TABLA_OFICIAL_DE_EQUIVALENCIA_AREA
I162S2C99J4V1,69,Carrera Genérica,REVISAR,,SIN_TABLA_OFICIAL_DE_EQUIVALENCIA_AREA,SIN_FUENTE,NULA,REVISAR_CORRECTO_SIN_FUENTE,SIN_TABLA_OFICIAL_DE_EQUIVALENCIA_AREA
I162S2C99J4V1,69,Grado Académico que otorga el programa,REVISAR,,SIN_FUENTE_EXPLICITA_EN_BASES_ACTUALES,SIN_FUENTE,NULA,REVISAR_CORRECTO_SIN_FUENTE,SIN_FUENTE_EXPLICITA_EN_BASES_ACTUALES
I162S2C99J4V1,69,Dependencia,REVISAR,,SIN_FUENTE_EXPLICITA_EN_BASES_ACTUALES,SIN_FUENTE,NULA,REVISAR_CORRECTO_SIN_FUENTE,SIN_FUENTE_EXPLICITA_EN_BASES_ACTUALES
I162S2C99J4V1,69,Régimen,REVISAR,1,DICCIONARIO.REGIMEN,REGLA_CONDICIONAL,MEDIA,COMPLETABLE_POR_REGLA_CONDICIONAL,Existe código técnico; falta confirmar formato/etiqueta final aceptada por formulario.
I162S2C99J4V1,69,Ingreso Directo,REVISAR,2,DICCIONARIO.REQUISITO_INGRESO,REGLA_CONDICIONAL,MEDIA,COMPLETABLE_POR_REGLA_CONDICIONAL,Existe código técnico; falta confirmar formato/etiqueta final aceptada por formulario.
I162S2C99J4V1,69,Ingreso desde un plan Común,REVISAR,,SIN_FUENTE_EXPLICITA_EN_BASES_ACTUALES,SIN_FUENTE,NULA,REVISAR_CORRECTO_SIN_FUENTE,SIN_FUENTE_EXPLICITA_EN_BASES_ACTUALES
I162S2C99J4V1,69,Ingreso desde Bachillerato,REVISAR,,SIN_FUENTE_EXPLICITA_EN_BASES_ACTUALES,SIN_FUENTE,NULA,REVISAR_CORRECTO_SIN_FUENTE,SIN_FUENTE_EXPLICITA_EN_BASES_ACTUALES
I162S2C99J4V1,69,Otro Tipo de Ingreso,REVISAR,,SIN_FUENTE_EXPLICITA_EN_BASES_ACTUALES,SIN_FUENTE,NULA,REVISAR_CORRECTO_SIN_FUENTE,SIN_FUENTE_EXPLICITA_EN_BASES_ACTUALES
I162S2C99J4V1,69,Ingreso otro,REVISAR,,SIN_FUENTE_EXPLICITA_EN_BASES_ACTUALES,SIN_FUENTE,NULA,REVISAR_CORRECTO_SIN_FUENTE,SIN_FUENTE_EXPLICITA_EN_BASES_ACTUALES
I162S2C99J4V1,69,FECHA_ADMISION_INICIAL,REVISAR,,SIN_FUENTE_ARANCELARIA_EN_BASES_ACTUALES,SIN_FUENTE,NULA,REVISAR_CORRECTO_SIN_FUENTE,SIN_FUENTE_ARANCELARIA_EN_BASES_ACTUALES
I162S2C99J4V1,69,MALLA_CURRICULAR,REVISAR,,SIN_FUENTE_ARANCELARIA_EN_BASES_ACTUALES,SIN_FUENTE,NULA,REVISAR_CORRECTO_SIN_FUENTE,SIN_FUENTE_ARANCELARIA_EN_BASES_ACTUALES
I162S2C99J4V1,69,PERFIL_EGRESO,REVISAR,,SIN_FUENTE_ARANCELARIA_EN_BASES_ACTUALES,SIN_FUENTE,NULA,REVISAR_CORRECTO_SIN_FUENTE,SIN_FUENTE_ARANCELARIA_EN_BASES_ACTUALES
I162S2C99J4V1,69,TEXTO_REQUISITO_INGRESO,REVISAR,,SIN_FUENTE_EXPLICITA_EN_BASES_ACTUALES,SIN_FUENTE,NULA,REVISAR_CORRECTO_SIN_FUENTE,SIN_FUENTE_EXPLICITA_EN_BASES_ACTUALES
I162S2C99J4V1,69,LICENCIA_ENS_MEDIA,REVISAR,,SIN_FUENTE_EXPLICITA_EN_BASES_ACTUALES,SIN_FUENTE,NULA,REVISAR_CORRECTO_SIN_FUENTE,SIN_FUENTE_EXPLICITA_EN_BASES_ACTUALES
I162S2C99J4V1,69,NOTAS_ENS_MEDIA,REVISAR,,SIN_FUENTE_EXPLICITA_EN_BASES_ACTUALES,SIN_FUENTE,NULA,REVISAR_CORRECTO_SIN_FUENTE,SIN_FUENTE_EXPLICITA_EN_BASES_ACTUALES
I162S2C99J4V1,69,PROMEDIO_MIN_ENS_MEDIA,REVISAR,,SIN_FUENTE_EXPLICITA_EN_BASES_ACTUALES,SIN_FUENTE,NULA,REVISAR_CORRECTO_SIN_FUENTE,SIN_FUENTE_EXPLICITA_EN_BASES_ACTUALES
I162S2C99J4V1,69,RECONOCIMIENTOS_APREN_PREVIOS,REVISAR,,SIN_FUENTE_EXPLICITA_EN_BASES_ACTUALES,SIN_FUENTE,NULA,REVISAR_CORRECTO_SIN_FUENTE,SIN_FUENTE_EXPLICITA_EN_BASES_ACTUALES
I162S2C99J4V1,69,EXPERIENCIA_LABORAL,REVISAR,,SIN_FUENTE_EXPLICITA_EN_BASES_ACTUALES,SIN_FUENTE,NULA,REVISAR_CORRECTO_SIN_FUENTE,SIN_FUENTE_EXPLICITA_EN_BASES_ACTUALES
I162S2C99J4V1,69,OTROS_REQUISITOS,REVISAR,,SIN_FUENTE_EXPLICITA_EN_BASES_ACTUALES,SIN_FUENTE,NULA,REVISAR_CORRECTO_SIN_FUENTE,SIN_FUENTE_EXPLICITA_EN_BASES_ACTUALES
I162S2C99J4V1,69,MAIL_DIFUSION_CARRERA,REVISAR,,SIN_FUENTE_ARANCELARIA_EN_BASES_ACTUALES,SIN_FUENTE,NULA,REVISAR_CORRECTO_SIN_FUENTE,SIN_FUENTE_ARANCELARIA_EN_BASES_ACTUALES
I162S2C99J4V1,69,FORMATO_VALOR,REVISAR,,SIN_FUENTE_ARANCELARIA_EN_BASES_ACTUALES,SIN_FUENTE,NULA,REVISAR_CORRECTO_SIN_FUENTE,SIN_FUENTE_ARANCELARIA_EN_BASES_ACTUALES
I162S2C99J4V1,69,VALOR_MATRICULA_ANUAL,REVISAR,,SIN_FUENTE_ARANCELARIA_EN_BASES_ACTUALES,SIN_FUENTE,NULA,REVISAR_CORRECTO_SIN_FUENTE,SIN_FUENTE_ARANCELARIA_EN_BASES_ACTUALES
I162S2C99J4V1,69,COSTO_TITULACION,REVISAR,,SIN_FUENTE_ARANCELARIA_EN_BASES_ACTUALES,SIN_FUENTE,NULA,REVISAR_CORRECTO_SIN_FUENTE,SIN_FUENTE_ARANCELARIA_EN_BASES_ACTUALES
I162S2C99J4V1,69,VALOR_CERTIFICADO_DIPLOMA,REVISAR,,SIN_FUENTE_ARANCELARIA_EN_BASES_ACTUALES,SIN_FUENTE,NULA,REVISAR_CORRECTO_SIN_FUENTE,SIN_FUENTE_ARANCELARIA_EN_BASES_ACTUALES
I162S2C99J4V1,69,ARANCEL_ANUAL,REVISAR,,SIN_FUENTE_ARANCELARIA_EN_BASES_ACTUALES,SIN_FUENTE,NULA,REVISAR_CORRECTO_SIN_FUENTE,SIN_FUENTE_ARANCELARIA_EN_BASES_ACTUALES
I162S2C99J4V1,69,VIGENCIA_CARRERA,REVISAR,,SIN_FUENTE_EXPLICITA_EN_BASES_ACTUALES,SIN_FUENTE,NULA,REVISAR_CORRECTO_SIN_FUENTE,SIN_FUENTE_EXPLICITA_EN_BASES_ACTUALES
I162S3C114J2V1,70,Mención o Especialidad,REVISAR,,SIN_FUENTE_EXPLICITA_EN_BASES_ACTUALES,SIN_FUENTE,NULA,REVISAR_CORRECTO_SIN_FUENTE,SIN_FUENTE_EXPLICITA_EN_BASES_ACTUALES
I162S3C114J2V1,70,Campus,REVISAR,,MAPEO_LOCAL_COD_SEDE_CAMPUS,REGLA_CONDICIONAL,NULA,REVISAR_CORRECTO_SIN_FUENTE,Sin mapa validado para campus.
I162S3C114J2V1,70,Área del Conocimiento,REVISAR,8,DICCIONARIO.AREA_ACTUAL,REGLA_CONDICIONAL,MEDIA,COMPLETABLE_POR_REGLA_CONDICIONAL,Existe código técnico; falta confirmar formato/etiqueta final aceptada por formulario.
I162S3C114J2V1,70,Sub Área,REVISAR,,SIN_TABLA_OFICIAL_DE_EQUIVALENCIA_AREA,SIN_FUENTE,NULA,REVISAR_CORRECTO_SIN_FUENTE,SIN_TABLA_OFICIAL_DE_EQUIVALENCIA_AREA
I162S3C114J2V1,70,Carrera Genérica,REVISAR,,SIN_TABLA_OFICIAL_DE_EQUIVALENCIA_AREA,SIN_FUENTE,NULA,REVISAR_CORRECTO_SIN_FUENTE,SIN_TABLA_OFICIAL_DE_EQUIVALENCIA_AREA
I162S3C114J2V1,70,Grado Académico que otorga el programa,REVISAR,,SIN_FUENTE_EXPLICITA_EN_BASES_ACTUALES,SIN_FUENTE,NULA,REVISAR_CORRECTO_SIN_FUENTE,SIN_FUENTE_EXPLICITA_EN_BASES_ACTUALES
I162S3C114J2V1,70,Dependencia,REVISAR,,SIN_FUENTE_EXPLICITA_EN_BASES_ACTUALES,SIN_FUENTE,NULA,REVISAR_CORRECTO_SIN_FUENTE,SIN_FUENTE_EXPLICITA_EN_BASES_ACTUALES
I162S3C114J2V1,70,Régimen,REVISAR,2,DICCIONARIO.REGIMEN,REGLA_CONDICIONAL,MEDIA,COMPLETABLE_POR_REGLA_CONDICIONAL,Existe código técnico; falta confirmar formato/etiqueta final aceptada por formulario.
I162S3C114J2V1,70,Ingreso Directo,REVISAR,1,DICCIONARIO.REQUISITO_INGRESO,REGLA_CONDICIONAL,MEDIA,COMPLETABLE_POR_REGLA_CONDICIONAL,Existe código técnico; falta confirmar formato/etiqueta final aceptada por formulario.
I162S3C114J2V1,70,Ingreso desde un plan Común,REVISAR,,SIN_FUENTE_EXPLICITA_EN_BASES_ACTUALES,SIN_FUENTE,NULA,REVISAR_CORRECTO_SIN_FUENTE,SIN_FUENTE_EXPLICITA_EN_BASES_ACTUALES
I162S3C114J2V1,70,Ingreso desde Bachillerato,REVISAR,,SIN_FUENTE_EXPLICITA_EN_BASES_ACTUALES,SIN_FUENTE,NULA,REVISAR_CORRECTO_SIN_FUENTE,SIN_FUENTE_EXPLICITA_EN_BASES_ACTUALES
I162S3C114J2V1,70,Otro Tipo de Ingreso,REVISAR,,SIN_FUENTE_EXPLICITA_EN_BASES_ACTUALES,SIN_FUENTE,NULA,REVISAR_CORRECTO_SIN_FUENTE,SIN_FUENTE_EXPLICITA_EN_BASES_ACTUALES
I162S3C114J2V1,70,Ingreso otro,REVISAR,,SIN_FUENTE_EXPLICITA_EN_BASES_ACTUALES,SIN_FUENTE,NULA,REVISAR_CORRECTO_SIN_FUENTE,SIN_FUENTE_EXPLICITA_EN_BASES_ACTUALES
I162S3C114J2V1,70,FECHA_ADMISION_INICIAL,REVISAR,,SIN_FUENTE_ARANCELARIA_EN_BASES_ACTUALES,SIN_FUENTE,NULA,REVISAR_CORRECTO_SIN_FUENTE,SIN_FUENTE_ARANCELARIA_EN_BASES_ACTUALES
I162S3C114J2V1,70,MALLA_CURRICULAR,REVISAR,,SIN_FUENTE_ARANCELARIA_EN_BASES_ACTUALES,SIN_FUENTE,NULA,REVISAR_CORRECTO_SIN_FUENTE,SIN_FUENTE_ARANCELARIA_EN_BASES_ACTUALES
I162S3C114J2V1,70,PERFIL_EGRESO,REVISAR,,SIN_FUENTE_ARANCELARIA_EN_BASES_ACTUALES,SIN_FUENTE,NULA,REVISAR_CORRECTO_SIN_FUENTE,SIN_FUENTE_ARANCELARIA_EN_BASES_ACTUALES
I162S3C114J2V1,70,TEXTO_REQUISITO_INGRESO,REVISAR,,SIN_FUENTE_EXPLICITA_EN_BASES_ACTUALES,SIN_FUENTE,NULA,REVISAR_CORRECTO_SIN_FUENTE,SIN_FUENTE_EXPLICITA_EN_BASES_ACTUALES
I162S3C114J2V1,70,LICENCIA_ENS_MEDIA,REVISAR,,SIN_FUENTE_EXPLICITA_EN_BASES_ACTUALES,SIN_FUENTE,NULA,REVISAR_CORRECTO_SIN_FUENTE,SIN_FUENTE_EXPLICITA_EN_BASES_ACTUALES
I162S3C114J2V1,70,NOTAS_ENS_MEDIA,REVISAR,,SIN_FUENTE_EXPLICITA_EN_BASES_ACTUALES,SIN_FUENTE,NULA,REVISAR_CORRECTO_SIN_FUENTE,SIN_FUENTE_EXPLICITA_EN_BASES_ACTUALES
I162S3C114J2V1,70,PROMEDIO_MIN_ENS_MEDIA,REVISAR,,SIN_FUENTE_EXPLICITA_EN_BASES_ACTUALES,SIN_FUENTE,NULA,REVISAR_CORRECTO_SIN_FUENTE,SIN_FUENTE_EXPLICITA_EN_BASES_ACTUALES
I162S3C114J2V1,70,RECONOCIMIENTOS_APREN_PREVIOS,REVISAR,,SIN_FUENTE_EXPLICITA_EN_BASES_ACTUALES,SIN_FUENTE,NULA,REVISAR_CORRECTO_SIN_FUENTE,SIN_FUENTE_EXPLICITA_EN_BASES_ACTUALES
I162S3C114J2V1,70,EXPERIENCIA_LABORAL,REVISAR,,SIN_FUENTE_EXPLICITA_EN_BASES_ACTUALES,SIN_FUENTE,NULA,REVISAR_CORRECTO_SIN_FUENTE,SIN_FUENTE_EXPLICITA_EN_BASES_ACTUALES
I162S3C114J2V1,70,OTROS_REQUISITOS,REVISAR,,SIN_FUENTE_EXPLICITA_EN_BASES_ACTUALES,SIN_FUENTE,NULA,REVISAR_CORRECTO_SIN_FUENTE,SIN_FUENTE_EXPLICITA_EN_BASES_ACTUALES
I162S3C114J2V1,70,MAIL_DIFUSION_CARRERA,REVISAR,,SIN_FUENTE_ARANCELARIA_EN_BASES_ACTUALES,SIN_FUENTE,NULA,REVISAR_CORRECTO_SIN_FUENTE,SIN_FUENTE_ARANCELARIA_EN_BASES_ACTUALES
I162S3C114J2V1,70,FORMATO_VALOR,REVISAR,,SIN_FUENTE_ARANCELARIA_EN_BASES_ACTUALES,SIN_FUENTE,NULA,REVISAR_CORRECTO_SIN_FUENTE,SIN_FUENTE_ARANCELARIA_EN_BASES_ACTUALES
I162S3C114J2V1,70,VALOR_MATRICULA_ANUAL,REVISAR,,SIN_FUENTE_ARANCELARIA_EN_BASES_ACTUALES,SIN_FUENTE,NULA,REVISAR_CORRECTO_SIN_FUENTE,SIN_FUENTE_ARANCELARIA_EN_BASES_ACTUALES
I162S3C114J2V1,70,COSTO_TITULACION,REVISAR,,SIN_FUENTE_ARANCELARIA_EN_BASES_ACTUALES,SIN_FUENTE,NULA,REVISAR_CORRECTO_SIN_FUENTE,SIN_FUENTE_ARANCELARIA_EN_BASES_ACTUALES
I162S3C114J2V1,70,VALOR_CERTIFICADO_DIPLOMA,REVISAR,,SIN_FUENTE_ARANCELARIA_EN_BASES_ACTUALES,SIN_FUENTE,NULA,REVISAR_CORRECTO_SIN_FUENTE,SIN_FUENTE_ARANCELARIA_EN_BASES_ACTUALES
I162S3C114J2V1,70,ARANCEL_ANUAL,REVISAR,,SIN_FUENTE_ARANCELARIA_EN_BASES_ACTUALES,SIN_FUENTE,NULA,REVISAR_CORRECTO_SIN_FUENTE,SIN_FUENTE_ARANCELARIA_EN_BASES_ACTUALES
I162S3C114J2V1,70,VIGENCIA_CARRERA,REVISAR,,SIN_FUENTE_EXPLICITA_EN_BASES_ACTUALES,SIN_FUENTE,NULA,REVISAR_CORRECTO_SIN_FUENTE,SIN_FUENTE_EXPLICITA_EN_BASES_ACTUALES
I162S3C115J2V1,71,Mención o Especialidad,REVISAR,,SIN_FUENTE_EXPLICITA_EN_BASES_ACTUALES,SIN_FUENTE,NULA,REVISAR_CORRECTO_SIN_FUENTE,SIN_FUENTE_EXPLICITA_EN_BASES_ACTUALES
I162S3C115J2V1,71,Campus,REVISAR,,MAPEO_LOCAL_COD_SEDE_CAMPUS,REGLA_CONDICIONAL,NULA,REVISAR_CORRECTO_SIN_FUENTE,Sin mapa validado para campus.
I162S3C115J2V1,71,Área del Conocimiento,REVISAR,8,DICCIONARIO.AREA_ACTUAL,REGLA_CONDICIONAL,MEDIA,COMPLETABLE_POR_REGLA_CONDICIONAL,Existe código técnico; falta confirmar formato/etiqueta final aceptada por formulario.
I162S3C115J2V1,71,Sub Área,REVISAR,,SIN_TABLA_OFICIAL_DE_EQUIVALENCIA_AREA,SIN_FUENTE,NULA,REVISAR_CORRECTO_SIN_FUENTE,SIN_TABLA_OFICIAL_DE_EQUIVALENCIA_AREA
I162S3C115J2V1,71,Carrera Genérica,REVISAR,,SIN_TABLA_OFICIAL_DE_EQUIVALENCIA_AREA,SIN_FUENTE,NULA,REVISAR_CORRECTO_SIN_FUENTE,SIN_TABLA_OFICIAL_DE_EQUIVALENCIA_AREA
I162S3C115J2V1,71,Grado Académico que otorga el programa,REVISAR,,SIN_FUENTE_EXPLICITA_EN_BASES_ACTUALES,SIN_FUENTE,NULA,REVISAR_CORRECTO_SIN_FUENTE,SIN_FUENTE_EXPLICITA_EN_BASES_ACTUALES
I162S3C115J2V1,71,Dependencia,REVISAR,,SIN_FUENTE_EXPLICITA_EN_BASES_ACTUALES,SIN_FUENTE,NULA,REVISAR_CORRECTO_SIN_FUENTE,SIN_FUENTE_EXPLICITA_EN_BASES_ACTUALES
I162S3C115J2V1,71,Régimen,REVISAR,2,DICCIONARIO.REGIMEN,REGLA_CONDICIONAL,MEDIA,COMPLETABLE_POR_REGLA_CONDICIONAL,Existe código técnico; falta confirmar formato/etiqueta final aceptada por formulario.
I162S3C115J2V1,71,Ingreso Directo,REVISAR,1,DICCIONARIO.REQUISITO_INGRESO,REGLA_CONDICIONAL,MEDIA,COMPLETABLE_POR_REGLA_CONDICIONAL,Existe código técnico; falta confirmar formato/etiqueta final aceptada por formulario.
I162S3C115J2V1,71,Ingreso desde un plan Común,REVISAR,,SIN_FUENTE_EXPLICITA_EN_BASES_ACTUALES,SIN_FUENTE,NULA,REVISAR_CORRECTO_SIN_FUENTE,SIN_FUENTE_EXPLICITA_EN_BASES_ACTUALES
I162S3C115J2V1,71,Ingreso desde Bachillerato,REVISAR,,SIN_FUENTE_EXPLICITA_EN_BASES_ACTUALES,SIN_FUENTE,NULA,REVISAR_CORRECTO_SIN_FUENTE,SIN_FUENTE_EXPLICITA_EN_BASES_ACTUALES
I162S3C115J2V1,71,Otro Tipo de Ingreso,REVISAR,,SIN_FUENTE_EXPLICITA_EN_BASES_ACTUALES,SIN_FUENTE,NULA,REVISAR_CORRECTO_SIN_FUENTE,SIN_FUENTE_EXPLICITA_EN_BASES_ACTUALES
I162S3C115J2V1,71,Ingreso otro,REVISAR,,SIN_FUENTE_EXPLICITA_EN_BASES_ACTUALES,SIN_FUENTE,NULA,REVISAR_CORRECTO_SIN_FUENTE,SIN_FUENTE_EXPLICITA_EN_BASES_ACTUALES
I162S3C115J2V1,71,FECHA_ADMISION_INICIAL,REVISAR,,SIN_FUENTE_ARANCELARIA_EN_BASES_ACTUALES,SIN_FUENTE,NULA,REVISAR_CORRECTO_SIN_FUENTE,SIN_FUENTE_ARANCELARIA_EN_BASES_ACTUALES
I162S3C115J2V1,71,MALLA_CURRICULAR,REVISAR,,SIN_FUENTE_ARANCELARIA_EN_BASES_ACTUALES,SIN_FUENTE,NULA,REVISAR_CORRECTO_SIN_FUENTE,SIN_FUENTE_ARANCELARIA_EN_BASES_ACTUALES
I162S3C115J2V1,71,PERFIL_EGRESO,REVISAR,,SIN_FUENTE_ARANCELARIA_EN_BASES_ACTUALES,SIN_FUENTE,NULA,REVISAR_CORRECTO_SIN_FUENTE,SIN_FUENTE_ARANCELARIA_EN_BASES_ACTUALES
I162S3C115J2V1,71,TEXTO_REQUISITO_INGRESO,REVISAR,,SIN_FUENTE_EXPLICITA_EN_BASES_ACTUALES,SIN_FUENTE,NULA,REVISAR_CORRECTO_SIN_FUENTE,SIN_FUENTE_EXPLICITA_EN_BASES_ACTUALES
I162S3C115J2V1,71,LICENCIA_ENS_MEDIA,REVISAR,,SIN_FUENTE_EXPLICITA_EN_BASES_ACTUALES,SIN_FUENTE,NULA,REVISAR_CORRECTO_SIN_FUENTE,SIN_FUENTE_EXPLICITA_EN_BASES_ACTUALES
I162S3C115J2V1,71,NOTAS_ENS_MEDIA,REVISAR,,SIN_FUENTE_EXPLICITA_EN_BASES_ACTUALES,SIN_FUENTE,NULA,REVISAR_CORRECTO_SIN_FUENTE,SIN_FUENTE_EXPLICITA_EN_BASES_ACTUALES
I162S3C115J2V1,71,PROMEDIO_MIN_ENS_MEDIA,REVISAR,,SIN_FUENTE_EXPLICITA_EN_BASES_ACTUALES,SIN_FUENTE,NULA,REVISAR_CORRECTO_SIN_FUENTE,SIN_FUENTE_EXPLICITA_EN_BASES_ACTUALES
I162S3C115J2V1,71,RECONOCIMIENTOS_APREN_PREVIOS,REVISAR,,SIN_FUENTE_EXPLICITA_EN_BASES_ACTUALES,SIN_FUENTE,NULA,REVISAR_CORRECTO_SIN_FUENTE,SIN_FUENTE_EXPLICITA_EN_BASES_ACTUALES
I162S3C115J2V1,71,EXPERIENCIA_LABORAL,REVISAR,,SIN_FUENTE_EXPLICITA_EN_BASES_ACTUALES,SIN_FUENTE,NULA,REVISAR_CORRECTO_SIN_FUENTE,SIN_FUENTE_EXPLICITA_EN_BASES_ACTUALES
I162S3C115J2V1,71,OTROS_REQUISITOS,REVISAR,,SIN_FUENTE_EXPLICITA_EN_BASES_ACTUALES,SIN_FUENTE,NULA,REVISAR_CORRECTO_SIN_FUENTE,SIN_FUENTE_EXPLICITA_EN_BASES_ACTUALES
I162S3C115J2V1,71,MAIL_DIFUSION_CARRERA,REVISAR,,SIN_FUENTE_ARANCELARIA_EN_BASES_ACTUALES,SIN_FUENTE,NULA,REVISAR_CORRECTO_SIN_FUENTE,SIN_FUENTE_ARANCELARIA_EN_BASES_ACTUALES
I162S3C115J2V1,71,FORMATO_VALOR,REVISAR,,SIN_FUENTE_ARANCELARIA_EN_BASES_ACTUALES,SIN_FUENTE,NULA,REVISAR_CORRECTO_SIN_FUENTE,SIN_FUENTE_ARANCELARIA_EN_BASES_ACTUALES
I162S3C115J2V1,71,VALOR_MATRICULA_ANUAL,REVISAR,,SIN_FUENTE_ARANCELARIA_EN_BASES_ACTUALES,SIN_FUENTE,NULA,REVISAR_CORRECTO_SIN_FUENTE,SIN_FUENTE_ARANCELARIA_EN_BASES_ACTUALES
I162S3C115J2V1,71,COSTO_TITULACION,REVISAR,,SIN_FUENTE_ARANCELARIA_EN_BASES_ACTUALES,SIN_FUENTE,NULA,REVISAR_CORRECTO_SIN_FUENTE,SIN_FUENTE_ARANCELARIA_EN_BASES_ACTUALES
I162S3C115J2V1,71,VALOR_CERTIFICADO_DIPLOMA,REVISAR,,SIN_FUENTE_ARANCELARIA_EN_BASES_ACTUALES,SIN_FUENTE,NULA,REVISAR_CORRECTO_SIN_FUENTE,SIN_FUENTE_ARANCELARIA_EN_BASES_ACTUALES
I162S3C115J2V1,71,ARANCEL_ANUAL,REVISAR,,SIN_FUENTE_ARANCELARIA_EN_BASES_ACTUALES,SIN_FUENTE,NULA,REVISAR_CORRECTO_SIN_FUENTE,SIN_FUENTE_ARANCELARIA_EN_BASES_ACTUALES
I162S3C115J2V1,71,VIGENCIA_CARRERA,REVISAR,,SIN_FUENTE_EXPLICITA_EN_BASES_ACTUALES,SIN_FUENTE,NULA,REVISAR_CORRECTO_SIN_FUENTE,SIN_FUENTE_EXPLICITA_EN_BASES_ACTUALES
I162S3C91J2V1,72,Mención o Especialidad,REVISAR,,SIN_FUENTE_EXPLICITA_EN_BASES_ACTUALES,SIN_FUENTE,NULA,REVISAR_CORRECTO_SIN_FUENTE,SIN_FUENTE_EXPLICITA_EN_BASES_ACTUALES
I162S3C91J2V1,72,Campus,REVISAR,,MAPEO_LOCAL_COD_SEDE_CAMPUS,REGLA_CONDICIONAL,NULA,REVISAR_CORRECTO_SIN_FUENTE,Sin mapa validado para campus.
I162S3C91J2V1,72,Área del Conocimiento,REVISAR,8,DICCIONARIO.AREA_ACTUAL,REGLA_CONDICIONAL,MEDIA,COMPLETABLE_POR_REGLA_CONDICIONAL,Existe código técnico; falta confirmar formato/etiqueta final aceptada por formulario.
I162S3C91J2V1,72,Sub Área,REVISAR,,SIN_TABLA_OFICIAL_DE_EQUIVALENCIA_AREA,SIN_FUENTE,NULA,REVISAR_CORRECTO_SIN_FUENTE,SIN_TABLA_OFICIAL_DE_EQUIVALENCIA_AREA
I162S3C91J2V1,72,Carrera Genérica,REVISAR,,SIN_TABLA_OFICIAL_DE_EQUIVALENCIA_AREA,SIN_FUENTE,NULA,REVISAR_CORRECTO_SIN_FUENTE,SIN_TABLA_OFICIAL_DE_EQUIVALENCIA_AREA
I162S3C91J2V1,72,Grado Académico que otorga el programa,REVISAR,,SIN_FUENTE_EXPLICITA_EN_BASES_ACTUALES,SIN_FUENTE,NULA,REVISAR_CORRECTO_SIN_FUENTE,SIN_FUENTE_EXPLICITA_EN_BASES_ACTUALES
I162S3C91J2V1,72,Dependencia,REVISAR,,SIN_FUENTE_EXPLICITA_EN_BASES_ACTUALES,SIN_FUENTE,NULA,REVISAR_CORRECTO_SIN_FUENTE,SIN_FUENTE_EXPLICITA_EN_BASES_ACTUALES
I162S3C91J2V1,72,Régimen,REVISAR,2,DICCIONARIO.REGIMEN,REGLA_CONDICIONAL,MEDIA,COMPLETABLE_POR_REGLA_CONDICIONAL,Existe código técnico; falta confirmar formato/etiqueta final aceptada por formulario.
I162S3C91J2V1,72,Ingreso Directo,REVISAR,1,DICCIONARIO.REQUISITO_INGRESO,REGLA_CONDICIONAL,MEDIA,COMPLETABLE_POR_REGLA_CONDICIONAL,Existe código técnico; falta confirmar formato/etiqueta final aceptada por formulario.
I162S3C91J2V1,72,Ingreso desde un plan Común,REVISAR,,SIN_FUENTE_EXPLICITA_EN_BASES_ACTUALES,SIN_FUENTE,NULA,REVISAR_CORRECTO_SIN_FUENTE,SIN_FUENTE_EXPLICITA_EN_BASES_ACTUALES
I162S3C91J2V1,72,Ingreso desde Bachillerato,REVISAR,,SIN_FUENTE_EXPLICITA_EN_BASES_ACTUALES,SIN_FUENTE,NULA,REVISAR_CORRECTO_SIN_FUENTE,SIN_FUENTE_EXPLICITA_EN_BASES_ACTUALES
I162S3C91J2V1,72,Otro Tipo de Ingreso,REVISAR,,SIN_FUENTE_EXPLICITA_EN_BASES_ACTUALES,SIN_FUENTE,NULA,REVISAR_CORRECTO_SIN_FUENTE,SIN_FUENTE_EXPLICITA_EN_BASES_ACTUALES
I162S3C91J2V1,72,Ingreso otro,REVISAR,,SIN_FUENTE_EXPLICITA_EN_BASES_ACTUALES,SIN_FUENTE,NULA,REVISAR_CORRECTO_SIN_FUENTE,SIN_FUENTE_EXPLICITA_EN_BASES_ACTUALES
I162S3C91J2V1,72,FECHA_ADMISION_INICIAL,REVISAR,,SIN_FUENTE_ARANCELARIA_EN_BASES_ACTUALES,SIN_FUENTE,NULA,REVISAR_CORRECTO_SIN_FUENTE,SIN_FUENTE_ARANCELARIA_EN_BASES_ACTUALES
I162S3C91J2V1,72,MALLA_CURRICULAR,REVISAR,,SIN_FUENTE_ARANCELARIA_EN_BASES_ACTUALES,SIN_FUENTE,NULA,REVISAR_CORRECTO_SIN_FUENTE,SIN_FUENTE_ARANCELARIA_EN_BASES_ACTUALES
I162S3C91J2V1,72,PERFIL_EGRESO,REVISAR,,SIN_FUENTE_ARANCELARIA_EN_BASES_ACTUALES,SIN_FUENTE,NULA,REVISAR_CORRECTO_SIN_FUENTE,SIN_FUENTE_ARANCELARIA_EN_BASES_ACTUALES
I162S3C91J2V1,72,TEXTO_REQUISITO_INGRESO,REVISAR,,SIN_FUENTE_EXPLICITA_EN_BASES_ACTUALES,SIN_FUENTE,NULA,REVISAR_CORRECTO_SIN_FUENTE,SIN_FUENTE_EXPLICITA_EN_BASES_ACTUALES
I162S3C91J2V1,72,LICENCIA_ENS_MEDIA,REVISAR,,SIN_FUENTE_EXPLICITA_EN_BASES_ACTUALES,SIN_FUENTE,NULA,REVISAR_CORRECTO_SIN_FUENTE,SIN_FUENTE_EXPLICITA_EN_BASES_ACTUALES
I162S3C91J2V1,72,NOTAS_ENS_MEDIA,REVISAR,,SIN_FUENTE_EXPLICITA_EN_BASES_ACTUALES,SIN_FUENTE,NULA,REVISAR_CORRECTO_SIN_FUENTE,SIN_FUENTE_EXPLICITA_EN_BASES_ACTUALES
I162S3C91J2V1,72,PROMEDIO_MIN_ENS_MEDIA,REVISAR,,SIN_FUENTE_EXPLICITA_EN_BASES_ACTUALES,SIN_FUENTE,NULA,REVISAR_CORRECTO_SIN_FUENTE,SIN_FUENTE_EXPLICITA_EN_BASES_ACTUALES
I162S3C91J2V1,72,RECONOCIMIENTOS_APREN_PREVIOS,REVISAR,,SIN_FUENTE_EXPLICITA_EN_BASES_ACTUALES,SIN_FUENTE,NULA,REVISAR_CORRECTO_SIN_FUENTE,SIN_FUENTE_EXPLICITA_EN_BASES_ACTUALES
I162S3C91J2V1,72,EXPERIENCIA_LABORAL,REVISAR,,SIN_FUENTE_EXPLICITA_EN_BASES_ACTUALES,SIN_FUENTE,NULA,REVISAR_CORRECTO_SIN_FUENTE,SIN_FUENTE_EXPLICITA_EN_BASES_ACTUALES
I162S3C91J2V1,72,OTROS_REQUISITOS,REVISAR,,SIN_FUENTE_EXPLICITA_EN_BASES_ACTUALES,SIN_FUENTE,NULA,REVISAR_CORRECTO_SIN_FUENTE,SIN_FUENTE_EXPLICITA_EN_BASES_ACTUALES
I162S3C91J2V1,72,MAIL_DIFUSION_CARRERA,REVISAR,,SIN_FUENTE_ARANCELARIA_EN_BASES_ACTUALES,SIN_FUENTE,NULA,REVISAR_CORRECTO_SIN_FUENTE,SIN_FUENTE_ARANCELARIA_EN_BASES_ACTUALES
I162S3C91J2V1,72,FORMATO_VALOR,REVISAR,,SIN_FUENTE_ARANCELARIA_EN_BASES_ACTUALES,SIN_FUENTE,NULA,REVISAR_CORRECTO_SIN_FUENTE,SIN_FUENTE_ARANCELARIA_EN_BASES_ACTUALES
I162S3C91J2V1,72,VALOR_MATRICULA_ANUAL,REVISAR,,SIN_FUENTE_ARANCELARIA_EN_BASES_ACTUALES,SIN_FUENTE,NULA,REVISAR_CORRECTO_SIN_FUENTE,SIN_FUENTE_ARANCELARIA_EN_BASES_ACTUALES
I162S3C91J2V1,72,COSTO_TITULACION,REVISAR,,SIN_FUENTE_ARANCELARIA_EN_BASES_ACTUALES,SIN_FUENTE,NULA,REVISAR_CORRECTO_SIN_FUENTE,SIN_FUENTE_ARANCELARIA_EN_BASES_ACTUALES
I162S3C91J2V1,72,VALOR_CERTIFICADO_DIPLOMA,REVISAR,,SIN_FUENTE_ARANCELARIA_EN_BASES_ACTUALES,SIN_FUENTE,NULA,REVISAR_CORRECTO_SIN_FUENTE,SIN_FUENTE_ARANCELARIA_EN_BASES_ACTUALES
I162S3C91J2V1,72,ARANCEL_ANUAL,REVISAR,,SIN_FUENTE_ARANCELARIA_EN_BASES_ACTUALES,SIN_FUENTE,NULA,REVISAR_CORRECTO_SIN_FUENTE,SIN_FUENTE_ARANCELARIA_EN_BASES_ACTUALES
I162S3C91J2V1,72,VIGENCIA_CARRERA,REVISAR,,SIN_FUENTE_EXPLICITA_EN_BASES_ACTUALES,SIN_FUENTE,NULA,REVISAR_CORRECTO_SIN_FUENTE,SIN_FUENTE_EXPLICITA_EN_BASES_ACTUALES
