Número,CODCLI,CODCARPR,NOMBRE_L,ANOMATRICULA,PERIODOMATRICULA,ANOINGRESO,PERIODOINGRESO,FECHAMATRICULA,JORNADA,RUT,NOMBRE,SEXO,ESTADOCIVIL,FECHANACIMIENTO,DIRECCIONPROCEDENCIA,CIUDADPROCEDENCIA,COMUNAPROCEDENCIA,FONOPROCEDENCIA,DIRECCIONACTUAL,CIUDADACTUAL,COMUNAACTUAL,FONOACTUAL,MAIL,Mail_Inst,NACIONALIDAD,EMERGENCIA,FONOEMERGENCIA,CODIGOCOLEGIO,COLEGIO,MODALIDAD,DESCRIPCION,CIUDADCOLEGIO,COMUNACOLEGIO,CATEGORIA,VIASDEADMISION,MOTIVODESELECCION,MEDIOSDEINFORMACION,VIACONSULTA,NOMBREUNIVERSIDAD,CARRERARANTERIOR,RUTRESPONSABLEFINANCIERO,NOMBRERESPONSABLEFINANCIERO,CODIGOCARRERA,EMPRESA,ACTIVIDAD,DIRECCION_EMPRESA,CIUDAD_EMPRESA,COMUNA_EMPRESA,CANTIDADDEHIJOS,TRAMODERENTA,NOMBREEMPRESA,ANOEGRESOENSENANZAMEDIA,NOTAENSENANZAMEDIA,RUT EJECUTIVO,NOMBRE EJECUTIVO,ESTADOACADEMICO,SITUACION,MATRICULA,NIVEL,ARANCELREAL,CON_FIRMA,FECHAFIRMA,FILA_BASE_CONGELADA,ID_CONTROL_257,FILA_PRECARGA,FILA_MATRICULA_2025,REQUIERE_REVISION_CIERRE,MOTIVO_REVISION_CIERRE,TIPO_DOCUMENTO_PROPUESTO,TIPO_DOCUMENTO_ESTADO,TIPO_DOCUMENTO_FUENTE,TIPO_DOCUMENTO_CONFIANZA,TIPO_DOCUMENTO_REQUIERE_REVISION,NUM_DOCUMENTO_PROPUESTO,NUM_DOCUMENTO_ESTADO,NUM_DOCUMENTO_FUENTE,NUM_DOCUMENTO_CONFIANZA,NUM_DOCUMENTO_REQUIERE_REVISION,DV_PROPUESTO,DV_ESTADO,DV_FUENTE,DV_CONFIANZA,DV_REQUIERE_REVISION,PRIMER_APELLIDO_PROPUESTO,PRIMER_APELLIDO_ESTADO,PRIMER_APELLIDO_FUENTE,PRIMER_APELLIDO_CONFIANZA,PRIMER_APELLIDO_REQUIERE_REVISION,SEGUNDO_APELLIDO_PROPUESTO,SEGUNDO_APELLIDO_ESTADO,SEGUNDO_APELLIDO_FUENTE,SEGUNDO_APELLIDO_CONFIANZA,SEGUNDO_APELLIDO_REQUIERE_REVISION,NOMBRES_PROPUESTO,NOMBRES_ESTADO,NOMBRES_FUENTE,NOMBRES_CONFIANZA,NOMBRES_REQUIERE_REVISION,SEXO_PROPUESTO,SEXO_ESTADO,SEXO_FUENTE,SEXO_CONFIANZA,SEXO_REQUIERE_REVISION,FECHA_NACIMIENTO_PROPUESTO,FECHA_NACIMIENTO_ESTADO,FECHA_NACIMIENTO_FUENTE,FECHA_NACIMIENTO_CONFIANZA,FECHA_NACIMIENTO_REQUIERE_REVISION,NACIONALIDAD_PROPUESTO,NACIONALIDAD_ESTADO,NACIONALIDAD_FUENTE,NACIONALIDAD_CONFIANZA,NACIONALIDAD_REQUIERE_REVISION,TIPO_RESIDENCIA_ESTUDIANTE_PROPUESTO,TIPO_RESIDENCIA_ESTUDIANTE_ESTADO,TIPO_RESIDENCIA_ESTUDIANTE_FUENTE,TIPO_RESIDENCIA_ESTUDIANTE_CONFIANZA,TIPO_RESIDENCIA_ESTUDIANTE_REQUIERE_REVISION,PAIS_ORIGEN_PROPUESTO,PAIS_ORIGEN_ESTADO,PAIS_ORIGEN_FUENTE,PAIS_ORIGEN_CONFIANZA,PAIS_ORIGEN_REQUIERE_REVISION,PAIS_ESTUDIOS_SECUNDARIOS_PROPUESTO,PAIS_ESTUDIOS_SECUNDARIOS_ESTADO,PAIS_ESTUDIOS_SECUNDARIOS_FUENTE,PAIS_ESTUDIOS_SECUNDARIOS_CONFIANZA,PAIS_ESTUDIOS_SECUNDARIOS_REQUIERE_REVISION,CODIGO_UNICO_PROPUESTO,CODIGO_UNICO_ESTADO,CODIGO_UNICO_FUENTE,CODIGO_UNICO_CONFIANZA,CODIGO_UNICO_REQUIERE_REVISION,ANIO_INGRESO_CARRERA_ACTUAL_PROPUESTO,ANIO_INGRESO_CARRERA_ACTUAL_ESTADO,ANIO_INGRESO_CARRERA_ACTUAL_FUENTE,ANIO_INGRESO_CARRERA_ACTUAL_CONFIANZA,ANIO_INGRESO_CARRERA_ACTUAL_REQUIERE_REVISION,SEM_INGRESO_CARRERA_ACTUAL_PROPUESTO,SEM_INGRESO_CARRERA_ACTUAL_ESTADO,SEM_INGRESO_CARRERA_ACTUAL_FUENTE,SEM_INGRESO_CARRERA_ACTUAL_CONFIANZA,SEM_INGRESO_CARRERA_ACTUAL_REQUIERE_REVISION,ANIO_INGRESO_CARRERA_ORIGEN_PROPUESTO,ANIO_INGRESO_CARRERA_ORIGEN_ESTADO,ANIO_INGRESO_CARRERA_ORIGEN_FUENTE,ANIO_INGRESO_CARRERA_ORIGEN_CONFIANZA,ANIO_INGRESO_CARRERA_ORIGEN_REQUIERE_REVISION,SEM_INGRESO_CARRERA_ORIGEN_PROPUESTO,SEM_INGRESO_CARRERA_ORIGEN_ESTADO,SEM_INGRESO_CARRERA_ORIGEN_FUENTE,SEM_INGRESO_CARRERA_ORIGEN_CONFIANZA,SEM_INGRESO_CARRERA_ORIGEN_REQUIERE_REVISION,NOMBRE_UNIVERSIDAD_ORIGEN_PROPUESTO,NOMBRE_UNIVERSIDAD_ORIGEN_ESTADO,NOMBRE_UNIVERSIDAD_ORIGEN_FUENTE,NOMBRE_UNIVERSIDAD_ORIGEN_CONFIANZA,NOMBRE_UNIVERSIDAD_ORIGEN_REQUIERE_REVISION,PAIS_UNIVERSIDAD_ORIGEN_PROPUESTO,PAIS_UNIVERSIDAD_ORIGEN_ESTADO,PAIS_UNIVERSIDAD_ORIGEN_FUENTE,PAIS_UNIVERSIDAD_ORIGEN_CONFIANZA,PAIS_UNIVERSIDAD_ORIGEN_REQUIERE_REVISION,VIGENCIA_PROPUESTO,VIGENCIA_ESTADO,VIGENCIA_FUENTE,VIGENCIA_CONFIANZA,VIGENCIA_REQUIERE_REVISION,ESTADO_GLOBAL_REGISTRO,CANTIDAD_COLUMNAS_VALIDADAS,CANTIDAD_COLUMNAS_ADVERTENCIA,CANTIDAD_COLUMNAS_PENDIENTES,CANTIDAD_COLUMNAS_CONFLICTO,CANTIDAD_COLUMNAS_INVALIDAS,LISTA_COLUMNAS_PENDIENTES,LISTA_COLUMNAS_CONFLICTO,APTO_PARA_FUTURA_CARGA,MOTIVO_NO_APTO,TIPO_DOCUMENTO_REGLA,NUM_DOCUMENTO_REGLA,DV_REGLA,PRIMER_APELLIDO_REGLA,SEGUNDO_APELLIDO_REGLA,NOMBRES_REGLA,SEXO_REGLA,FECHA_NACIMIENTO_REGLA,NACIONALIDAD_REGLA,TIPO_RESIDENCIA_ESTUDIANTE_REGLA,PAIS_ORIGEN_REGLA,PAIS_ESTUDIOS_SECUNDARIOS_REGLA,CODIGO_UNICO_REGLA,ANIO_INGRESO_CARRERA_ACTUAL_REGLA,SEM_INGRESO_CARRERA_ACTUAL_REGLA,ANIO_INGRESO_CARRERA_ORIGEN_REGLA,SEM_INGRESO_CARRERA_ORIGEN_REGLA,NOMBRE_UNIVERSIDAD_ORIGEN_REGLA,PAIS_UNIVERSIDAD_ORIGEN_REGLA,VIGENCIA_REGLA,VERSION_GOBERNANZA,FECHA_APLICACION_REGLAS,REGLA_RESIDENCIA_INSTITUCIONAL,REGLA_INGRESO_ORIGEN_INSTITUCIONAL,REGLA_PAIS_ESTUDIOS_SECUNDARIOS,LISTA_CAMBIOS_V4,CAMBIO_RESPECTO_V3,FECHA_CORRECCION_V5,CAMBIO_RESPECTO_V4,FECHA_RESOLUCION_CODIGOS_SIES_V6,CAMBIO_RESPECTO_V5,CODIGO_UNICO_CANDIDATOS,ID_RESOLUCION_INSTITUCIONAL,FECHA_INTEGRACION_MU_EXTRANJEROS
7931,20251CICIB003,CICIB,CONTINUIDAD INGENIERIA  CIBERSEGURIDAD,2025,1,2025,1,12-08-2024,O,26619303-3,XIONNY VIRGINIA MORON PINTO,F,SOLTERO,24-07-1994,RAMÓN BARROS LUCO 4261 SAN MIGUEL,SANTIAGO,SAN MIGUEL,963176679,SANTIAGO AANTIAGO,SANTIAGO,SANTIAGO,963176679,xionnymoron@gmail.com,xionny.moron.pinto@estudiante.ipss.cl,Venezolana,SONIA PINTO   (MAMA),961818565,40031,Colegio No Encontrado,,NO DEFINIDA,SANTIAGO,SANTIAGO,INGRESO ESPECIAL,ENSEÑANZA MEDIA  NACIONAL,HORARIOS,MEDIOS DIGITALES,TELEFONICO,,,26619303-3,XIONNY VIRGINIA,CICIB,MAKROS,CIBERSEGURIDAD,LOS LEONES,SANTIAGO,SANTIAGO,,Entre $450.001 y $600.000,,2011,1.10,195224455,CRISTÓBAL IGNACIO ACEVEDO CANDIA,VIGENTE,1 - ALUMNO REGULAR,1,2,2175000,SI,12-08-2024,2,PREC-CONC-0113,114,1106,SI,COINCIDENCIA_MULTIPLE,R,VALIDADO,PRECARGA_NORMALIZADA,ALTA,NO,26619303,VALIDADO,PRECARGA_NORMALIZADA,ALTA,NO,3,VALIDADO,PRECARGA_NORMALIZADA,ALTA,NO,MORON,VALIDADO,PRECARGA_NORMALIZADA,ALTA,NO,PINTO,VALIDADO,PRECARGA_NORMALIZADA,ALTA,NO,XIONNY VIRGINIA,VALIDADO,PRECARGA_NORMALIZADA,ALTA,NO,M,VALIDADO,PRECARGA_NORMALIZADA,ALTA,NO,24-07-1994,VALIDADO,PRECARGA_NORMALIZADA,ALTA,NO,192,VALIDADO,PRECARGA_NORMALIZADA,ALTA,NO,0,VALIDADO_POR_REGLA_INSTITUCIONAL,DECISION_INSTITUCIONAL_2026,ALTA,NO,,VACIO_PERMITIDO_POR_REGLA_CONDICIONAL,INSTRUCTIVO_SIES_2026,ALTA,NO,192,VALIDADO,PRECARGA_NORMALIZADA,ALTA,NO,I162S2C46J4V3,VALIDADO,BUSQUEDA_FINAL_V3,MEDIA,NO,2025,VALIDADO,PRECARGA_NORMALIZADA,ALTA,NO,1,VALIDADO,PRECARGA_NORMALIZADA,ALTA,NO,2025,VALIDADO_POR_REGLA_INSTITUCIONAL,BASE_CONGELADA,ALTA,NO,1,VALIDADO_POR_REGLA_INSTITUCIONAL,BASE_CONGELADA,ALTA,NO,,NO_APLICA,REGLA_CONDICIONAL_MANUAL,MEDIA,NO,,NO_APLICA,REGLA_CONDICIONAL_MANUAL,MEDIA,NO,1,VALIDADO,CIERRE_PENDIENTES_BASE_62,ALTA,NO,APTO,20,0,0,0,0,,,SI,,HEREDADO_V3,HEREDADO_V3,HEREDADO_V3,HEREDADO_V3,HEREDADO_V3,HEREDADO_V3,HEREDADO_V3,HEREDADO_V3,HEREDADO_V3,SIN_INFORMACION_DE_RESIDENCIA_ASIGNAR_0,RESIDENCIA_0_NO_COMPLETAR_PAIS_ORIGEN,HEREDADO_V3,HEREDADO_V3,HEREDADO_V3,HEREDADO_V3,INGRESO_ORIGEN_IGUAL_INGRESO_INSTITUCIONAL,INGRESO_ORIGEN_IGUAL_INGRESO_INSTITUCIONAL,HEREDADO_V3,HEREDADO_V3,HEREDADO_V3,V7,2026-06-25T11:51:40,SIN_INFORMACION_DE_RESIDENCIA_ASIGNAR_0,INGRESO_ORIGEN_IGUAL_INGRESO_INSTITUCIONAL,CATALOGO_TERRITORIAL_CHILE_SOLO_COINCIDENCIA_INEQUIVOCA,TIPO_RESIDENCIA_ESTUDIANTE|PAIS_ORIGEN|ANIO_INGRESO_CARRERA_ORIGEN|SEM_INGRESO_CARRERA_ORIGEN,SI,2026-06-25 12:16:07,,2026-06-25 14:12:13,,,,2026-06-25T18:26:55
8135,20251CIINF034,CIINF,CONTINUIDAD INGENIERIA INFORMATICA,2025,1,2025,1,24-01-2025,O,24179603-5,YESENIA DORIA LÓPEZ,F,CASADO,28-08-1992,SAN ISIDRO 292,SANTIAGO,SANTIAGO,54244563,SAN ISIDRO 292,SANTIAGO,SANTIAGO,54244563,yeseniadorial@gmail.com,yesenia.doria.lopez@estudiante.ipss.cl,COLOMBIANA,DAVID ENAMORADO GUZMAN (ESPOSO),56074590,1,LICEO POLITECNICO ARICA,TÉCNICO-PROFESIONAL,MUNICIPAL DAEM,ARICA,ARICA,INGRESO ESPECIAL,EXTRANJERO,ARANCELES,MICROS,PERSONALMENTE,,,23534446-7,DAVID,CIINF,,,,,,,Entre $450.001 y $600.000,,2008,55.0,120131893,YASNA MARGARITA BUSTAMANTE VAZQUEZ,VIGENTE,1 - ALUMNO REGULAR,1,2,2150000,SI,24-01-2025,3,LOC-CONC-0202,,1271,NO,,R,VALIDADO,MATRICULA_CONTROL_2025,ALTA,NO,24179603,VALIDADO,MATRICULA_CONTROL_2025,ALTA,NO,5,VALIDADO,MATRICULA_CONTROL_2025,ALTA,NO,DORIA,VALIDADO,DATOS_ALUMNOS,ALTA,NO,LÓPEZ,VALIDADO,DATOS_ALUMNOS,ALTA,NO,YESENIA,VALIDADO,DATOS_ALUMNOS,ALTA,NO,M,VALIDADO,BASE_CONGELADA_TRANSFORMACION_INSTITUCIONAL,ALTA,NO,28-08-1992,VALIDADO,BASE_CONGELADA,ALTA,NO,41,VALIDADO,BASE_CIERRE_CATALOGO_SIES,ALTA,NO,0,VALIDADO_POR_REGLA_INSTITUCIONAL,DECISION_INSTITUCIONAL_2026,ALTA,NO,,VACIO_PERMITIDO_POR_REGLA_CONDICIONAL,INSTRUCTIVO_SIES_2026,ALTA,NO,38,VALIDADO_POR_REGLA_INSTITUCIONAL,CATALOGO_TERRITORIAL_CHILE,ALTA,NO,I162S2C1J4V3,VALIDADO,MATRICULA_UNIFICADA,ALTA,NO,2025,VALIDADO,BASE_CONGELADA,ALTA,NO,1,VALIDADO,BASE_CONGELADA,ALTA,NO,2025,VALIDADO_POR_REGLA_INSTITUCIONAL,BASE_CONGELADA,ALTA,NO,1,VALIDADO_POR_REGLA_INSTITUCIONAL,BASE_CONGELADA,ALTA,NO,,NO_APLICA,REGLA_CONDICIONAL_MANUAL,MEDIA,NO,,NO_APLICA,REGLA_CONDICIONAL_MANUAL,MEDIA,NO,1,VALIDADO,CIERRE_PENDIENTES_BASE_62,ALTA,NO,APTO,20,0,0,0,0,,,SI,,HEREDADO_V3,HEREDADO_V3,HEREDADO_V3,HEREDADO_V3,HEREDADO_V3,HEREDADO_V3,HEREDADO_V3,HEREDADO_V3,HEREDADO_V3,SIN_INFORMACION_DE_RESIDENCIA_ASIGNAR_0,RESIDENCIA_0_NO_COMPLETAR_PAIS_ORIGEN,COMUNACOLEGIO_COINCIDE_INEQUIVOCAMENTE_CON_COMUNA_CHILENA,RESUELTO_CODCLI_EXACTO,HEREDADO_V3,HEREDADO_V3,INGRESO_ORIGEN_IGUAL_INGRESO_INSTITUCIONAL,INGRESO_ORIGEN_IGUAL_INGRESO_INSTITUCIONAL,HEREDADO_V3,HEREDADO_V3,HEREDADO_V3,V7,2026-06-25T11:51:40,SIN_INFORMACION_DE_RESIDENCIA_ASIGNAR_0,INGRESO_ORIGEN_IGUAL_INGRESO_INSTITUCIONAL,CATALOGO_TERRITORIAL_CHILE_SOLO_COINCIDENCIA_INEQUIVOCA,TIPO_RESIDENCIA_ESTUDIANTE|PAIS_ORIGEN|PAIS_ESTUDIOS_SECUNDARIOS|ANIO_INGRESO_CARRERA_ORIGEN|SEM_INGRESO_CARRERA_ORIGEN,SI,2026-06-25 12:16:07,CODIGO_UNICO_RESUELTO;,2026-06-25 14:12:13,,,,2026-06-25T18:26:55
8396,20251IADM119,IADM,INGENIERIA EN ADMINISTRACION DE EMPRESAS,2025,1,2025,1,26-03-2025,V,100815234-5,ANDREW TASAMA DEVIA,M,SOLTERO,09-05-2003,CONDE DEL MAULE 4364 ESTACIÓN CENTRAL ,SANTIAGO,ESTACION CENTRAL,56992013761,CONDE DEL MAULE 4364 ESTACIÓN CENTRAL ,SANTIAGO,ESTACION CENTRAL,56992013761,DEVIA0909@OUTLOOK.ES,andrew.tasama.devia@estudiante.ipss.cl,Colombiana,,56965927217,40031,Colegio No Encontrado,,NO DEFINIDA,SANTIAGO,SANTIAGO,NORMAL,ENSEÑANZA MEDIA  NACIONAL,MALLAS CURRICULARES,METRO,PAGINA CONTACTO WEB,,,23413635-6,JIMMY,IADM,,,,,,,Entre $450.001 y $600.000,,2024,1.1,195224455,CRISTÓBAL IGNACIO ACEVEDO CANDIA,VIGENTE,1 - ALUMNO REGULAR,2,2,1880000,SI,26-03-2025,4,LOC-CONC-0189,26,171,NO,,P,VALIDADO_CON_ADVERTENCIA,PRECARGA_NORMALIZADA,ALTA,NO,100815234,VALIDADO,PRECARGA_NORMALIZADA,ALTA,NO,,VALIDADO,PRECARGA_NORMALIZADA,ALTA,NO,TASAMA,VALIDADO,PRECARGA_NORMALIZADA,ALTA,NO,DEVIA,VALIDADO,PRECARGA_NORMALIZADA,ALTA,NO,ANDREW,VALIDADO,PRECARGA_NORMALIZADA,ALTA,NO,H,VALIDADO,PRECARGA_NORMALIZADA,ALTA,NO,09-05-2003,VALIDADO,PRECARGA_NORMALIZADA,ALTA,NO,41,VALIDADO,PRECARGA_NORMALIZADA,ALTA,NO,0,VALIDADO_POR_REGLA_INSTITUCIONAL,DECISION_INSTITUCIONAL_2026,ALTA,NO,,VACIO_PERMITIDO_POR_REGLA_CONDICIONAL,INSTRUCTIVO_SIES_2026,ALTA,NO,41,VALIDADO,PRECARGA_NORMALIZADA,ALTA,NO,I162S2C76J2V1,VALIDADO,PRECARGA_NORMALIZADA,ALTA,NO,2025,VALIDADO,PRECARGA_NORMALIZADA,ALTA,NO,1,VALIDADO,PRECARGA_NORMALIZADA,ALTA,NO,2025,VALIDADO_POR_REGLA_INSTITUCIONAL,BASE_CONGELADA,ALTA,NO,1,VALIDADO_POR_REGLA_INSTITUCIONAL,BASE_CONGELADA,ALTA,NO,,NO_APLICA,REGLA_CONDICIONAL_MANUAL,MEDIA,NO,,NO_APLICA,REGLA_CONDICIONAL_MANUAL,MEDIA,NO,1,VALIDADO,CIERRE_PENDIENTES_BASE_62,ALTA,NO,APTO_CON_ADVERTENCIAS,20,1,0,0,0,,,SI,Validado con advertencias,HEREDADO_V3,HEREDADO_V3,HEREDADO_V3,HEREDADO_V3,HEREDADO_V3,HEREDADO_V3,HEREDADO_V3,HEREDADO_V3,HEREDADO_V3,SIN_INFORMACION_DE_RESIDENCIA_ASIGNAR_0,RESIDENCIA_0_NO_COMPLETAR_PAIS_ORIGEN,HEREDADO_V3,HEREDADO_V3,HEREDADO_V3,HEREDADO_V3,INGRESO_ORIGEN_IGUAL_INGRESO_INSTITUCIONAL,INGRESO_ORIGEN_IGUAL_INGRESO_INSTITUCIONAL,HEREDADO_V3,HEREDADO_V3,HEREDADO_V3,V7,2026-06-25T11:51:40,SIN_INFORMACION_DE_RESIDENCIA_ASIGNAR_0,INGRESO_ORIGEN_IGUAL_INGRESO_INSTITUCIONAL,CATALOGO_TERRITORIAL_CHILE_SOLO_COINCIDENCIA_INEQUIVOCA,TIPO_RESIDENCIA_ESTUDIANTE|PAIS_ORIGEN|ANIO_INGRESO_CARRERA_ORIGEN|SEM_INGRESO_CARRERA_ORIGEN,SI,2026-06-25 12:16:07,,2026-06-25 14:12:13,,,,2026-06-25T18:26:55
8318,20251IADM041,IADM,INGENIERIA EN ADMINISTRACION DE EMPRESAS,2025,1,2025,1,11-01-2025,O,25230601-3,ELIVER EMPERATRIZ ROBLES GUZMÁN,F,SOLTERO,08-02-1998,AV VICUÑA MACKENNA ORIENTE 6711,SANTIAGO,LA FLORIDA,56923748102,AV VICUÑA MACKENNA ORIENTE 6711,SANTIAGO,LA FLORIDA,56923748102,ELIVER.ROBLES.CV@GMAIL.COM,eliver.robles.guzman@estudiante.ipss.cl,Venezolana,,56965938940,9292,COMPLEJO EDUC.CARDENAL ANTONIO SAMORE,TÉCNICO-PROFESIONAL,COORPORACION MUNICIPAL,SANTIAGO,LA FLORIDA,NORMAL,ENSEÑANZA MEDIA  NACIONAL,OTROS,METRO,,,,25230601-3,ELIVER EMPERATRIZ,IADM,,,,,,,Entre $250.001 y $450.000,,2017,1.1,068191785,ANGELICA ACEVEDO ARANGUIZ,VIGENTE,20 - VIGENTE SIN ACTIVIDAD ACADEMICA,2,1,1880000,SI,11-01-2025,5,PREC-CONC-0067,68,160,SI,COINCIDENCIA_MULTIPLE,R,VALIDADO,PRECARGA_NORMALIZADA,ALTA,NO,25230601,VALIDADO,PRECARGA_NORMALIZADA,ALTA,NO,3,VALIDADO,PRECARGA_NORMALIZADA,ALTA,NO,ROBLES,VALIDADO,PRECARGA_NORMALIZADA,ALTA,NO,GUZMAN,VALIDADO,PRECARGA_NORMALIZADA,ALTA,NO,ELIVER EMPERATRIZ,VALIDADO,PRECARGA_NORMALIZADA,ALTA,NO,M,VALIDADO,PRECARGA_NORMALIZADA,ALTA,NO,08-02-1998,VALIDADO,PRECARGA_NORMALIZADA,ALTA,NO,192,VALIDADO,PRECARGA_NORMALIZADA,ALTA,NO,0,VALIDADO_POR_REGLA_INSTITUCIONAL,DECISION_INSTITUCIONAL_2026,ALTA,NO,,VACIO_PERMITIDO_POR_REGLA_CONDICIONAL,INSTRUCTIVO_SIES_2026,ALTA,NO,38,VALIDADO,PRECARGA_NORMALIZADA,ALTA,NO,I162S2C76J4V1,VALIDADO,BUSQUEDA_FINAL_V3,ALTA,NO,2025,VALIDADO,PRECARGA_NORMALIZADA,ALTA,NO,1,VALIDADO,PRECARGA_NORMALIZADA,ALTA,NO,2025,VALIDADO_POR_REGLA_INSTITUCIONAL,BASE_CONGELADA,ALTA,NO,1,VALIDADO_POR_REGLA_INSTITUCIONAL,BASE_CONGELADA,ALTA,NO,,NO_APLICA,REGLA_CONDICIONAL_MANUAL,MEDIA,NO,,NO_APLICA,REGLA_CONDICIONAL_MANUAL,MEDIA,NO,1,VALIDADO,CIERRE_PENDIENTES_BASE_62,ALTA,NO,APTO,20,0,0,0,0,,,SI,,HEREDADO_V3,HEREDADO_V3,HEREDADO_V3,HEREDADO_V3,HEREDADO_V3,HEREDADO_V3,HEREDADO_V3,HEREDADO_V3,HEREDADO_V3,SIN_INFORMACION_DE_RESIDENCIA_ASIGNAR_0,RESIDENCIA_0_NO_COMPLETAR_PAIS_ORIGEN,HEREDADO_V3,HEREDADO_V3,HEREDADO_V3,HEREDADO_V3,INGRESO_ORIGEN_IGUAL_INGRESO_INSTITUCIONAL,INGRESO_ORIGEN_IGUAL_INGRESO_INSTITUCIONAL,HEREDADO_V3,HEREDADO_V3,HEREDADO_V3,V7,2026-06-25T11:51:40,SIN_INFORMACION_DE_RESIDENCIA_ASIGNAR_0,INGRESO_ORIGEN_IGUAL_INGRESO_INSTITUCIONAL,CATALOGO_TERRITORIAL_CHILE_SOLO_COINCIDENCIA_INEQUIVOCA,TIPO_RESIDENCIA_ESTUDIANTE|PAIS_ORIGEN|ANIO_INGRESO_CARRERA_ORIGEN|SEM_INGRESO_CARRERA_ORIGEN,SI,2026-06-25 12:16:07,,2026-06-25 14:12:13,,,,2026-06-25T18:26:55
8395,20251IADM118,IADM,INGENIERIA EN ADMINISTRACION DE EMPRESAS,2025,1,2025,1,25-03-2025,O,25522131-0,MARIA PATRICIA BEDOYA HENAO,F,SOLTERO,29-12-1982,CALLE FRAY PEDRO DE FIGUEROA #2393,COLINA,COLINA,56990027737,CALLE FRAY PEDRO DE FIGUEROA #2393,COLINA,COLINA,56990027737,PATYCOBEDO35@GMAIL.COM,maria.bedoya.henao@estudiante.ipss.cl,Colombiana,,569990027737,40031,Colegio No Encontrado,,NO DEFINIDA,SANTIAGO,SANTIAGO,NORMAL,ENSEÑANZA MEDIA  NACIONAL,OTROS,METRO,,,,25522131-0,MARIA PATRICIA,IADM,,,,,,,Entre $250.001 y $450.000,,2000,1.1,068191785,ANGELICA ACEVEDO ARANGUIZ,VIGENTE,49 - CAMBIO DE JORNADA,2,2,1880000,SI,25-03-2025,7,PREC-CONC-0074,75,170,SI,COINCIDENCIA_MULTIPLE,R,VALIDADO,PRECARGA_NORMALIZADA,ALTA,NO,25522131,VALIDADO,PRECARGA_NORMALIZADA,ALTA,NO,0,VALIDADO,PRECARGA_NORMALIZADA,ALTA,NO,BEDOYA,VALIDADO,PRECARGA_NORMALIZADA,ALTA,NO,HENAO,VALIDADO,PRECARGA_NORMALIZADA,ALTA,NO,MARIA PATRICIA,VALIDADO,PRECARGA_NORMALIZADA,ALTA,NO,M,VALIDADO,PRECARGA_NORMALIZADA,ALTA,NO,29-12-1982,VALIDADO,PRECARGA_NORMALIZADA,ALTA,NO,41,VALIDADO,PRECARGA_NORMALIZADA,ALTA,NO,0,VALIDADO_POR_REGLA_INSTITUCIONAL,DECISION_INSTITUCIONAL_2026,ALTA,NO,,VACIO_PERMITIDO_POR_REGLA_CONDICIONAL,INSTRUCTIVO_SIES_2026,ALTA,NO,41,VALIDADO,PRECARGA_NORMALIZADA,ALTA,NO,I162S2C76J4V1,VALIDADO,MATRICULA_UNIFICADA,ALTA,NO,2025,VALIDADO,PRECARGA_NORMALIZADA,ALTA,NO,1,VALIDADO,PRECARGA_NORMALIZADA,ALTA,NO,2025,VALIDADO_POR_REGLA_INSTITUCIONAL,BASE_CONGELADA,ALTA,NO,1,VALIDADO_POR_REGLA_INSTITUCIONAL,BASE_CONGELADA,ALTA,NO,,NO_APLICA,REGLA_CONDICIONAL_MANUAL,MEDIA,NO,,NO_APLICA,REGLA_CONDICIONAL_MANUAL,MEDIA,NO,1,VALIDADO,CIERRE_PENDIENTES_BASE_62,ALTA,NO,APTO,20,0,0,0,0,,,SI,,HEREDADO_V3,HEREDADO_V3,HEREDADO_V3,HEREDADO_V3,HEREDADO_V3,HEREDADO_V3,HEREDADO_V3,HEREDADO_V3,HEREDADO_V3,SIN_INFORMACION_DE_RESIDENCIA_ASIGNAR_0,RESIDENCIA_0_NO_COMPLETAR_PAIS_ORIGEN,HEREDADO_V3,RESUELTO_CODCLI_EXACTO,HEREDADO_V3,HEREDADO_V3,INGRESO_ORIGEN_IGUAL_INGRESO_INSTITUCIONAL,INGRESO_ORIGEN_IGUAL_INGRESO_INSTITUCIONAL,HEREDADO_V3,HEREDADO_V3,HEREDADO_V3,V7,2026-06-25T11:51:40,SIN_INFORMACION_DE_RESIDENCIA_ASIGNAR_0,INGRESO_ORIGEN_IGUAL_INGRESO_INSTITUCIONAL,CATALOGO_TERRITORIAL_CHILE_SOLO_COINCIDENCIA_INEQUIVOCA,TIPO_RESIDENCIA_ESTUDIANTE|PAIS_ORIGEN|ANIO_INGRESO_CARRERA_ORIGEN|SEM_INGRESO_CARRERA_ORIGEN,SI,2026-06-25 12:16:07,CODIGO_UNICO_RESUELTO;,2026-06-25 14:12:13,,,,2026-06-25T18:26:55
8281,20251IADM004,IADM,INGENIERIA EN ADMINISTRACION DE EMPRESAS,2025,1,2025,1,09-08-2024,O,25864508-1,GABRIEL DAVID MENDOZA CARVAJAL,M,SOLTERO,09-06-1995,AV VICUÑA MACKENNA 1725,SANTIAGO,SANTIAGO,949511843,AV VICUÑA MACKENNA 1725,SANTIAGO,SANTIAGO,949511843,GMENDOZA@ESIMTEL.CL,gabriel.mendoza.carvajal@estudiante.ipss.cl,Venezolana,Tibisay Carvajal,56945845129,40031,Colegio No Encontrado,,NO DEFINIDA,SANTIAGO,SANTIAGO,NORMAL,ENSEÑANZA MEDIA  NACIONAL,MALLAS CURRICULARES,RECOMENDACION DE OTRO,PAGINA CONTACTO WEB,,,25864508-1,GABRIEL,IADM,ESIMTEL S A,TELECOMUNICACIONES,PADRE ALONSO DE OVALLE 1147,SANTIAGO,SANTIAGO,,$250.000 ó menos,,2012,1.10,120131893,YASNA MARGARITA BUSTAMANTE VAZQUEZ,VIGENTE,1 - ALUMNO REGULAR,2,2,1900000,SI,09-08-2024,8,PREC-CONC-0085,86,338,SI,COINCIDENCIA_MULTIPLE,R,VALIDADO,PRECARGA_NORMALIZADA,ALTA,NO,25864508,VALIDADO,PRECARGA_NORMALIZADA,ALTA,NO,1,VALIDADO,PRECARGA_NORMALIZADA,ALTA,NO,MENDOZA,VALIDADO,PRECARGA_NORMALIZADA,ALTA,NO,CARVAJAL,VALIDADO,PRECARGA_NORMALIZADA,ALTA,NO,GABRIEL DAVID,VALIDADO,PRECARGA_NORMALIZADA,ALTA,NO,H,VALIDADO,PRECARGA_NORMALIZADA,ALTA,NO,09-06-1995,VALIDADO,PRECARGA_NORMALIZADA,ALTA,NO,192,VALIDADO,PRECARGA_NORMALIZADA,ALTA,NO,0,VALIDADO_POR_REGLA_INSTITUCIONAL,DECISION_INSTITUCIONAL_2026,ALTA,NO,,VACIO_PERMITIDO_POR_REGLA_CONDICIONAL,INSTRUCTIVO_SIES_2026,ALTA,NO,192,VALIDADO,PRECARGA_NORMALIZADA,ALTA,NO,I162S2C76J4V1,VALIDADO,BUSQUEDA_FINAL_V3,ALTA,NO,2025,VALIDADO,PRECARGA_NORMALIZADA,ALTA,NO,1,VALIDADO,PRECARGA_NORMALIZADA,ALTA,NO,2025,VALIDADO_POR_REGLA_INSTITUCIONAL,BASE_CONGELADA,ALTA,NO,1,VALIDADO_POR_REGLA_INSTITUCIONAL,BASE_CONGELADA,ALTA,NO,,NO_APLICA,REGLA_CONDICIONAL_MANUAL,MEDIA,NO,,NO_APLICA,REGLA_CONDICIONAL_MANUAL,MEDIA,NO,1,VALIDADO,CIERRE_PENDIENTES_BASE_62,ALTA,NO,APTO,20,0,0,0,0,,,SI,,HEREDADO_V3,HEREDADO_V3,HEREDADO_V3,HEREDADO_V3,HEREDADO_V3,HEREDADO_V3,HEREDADO_V3,HEREDADO_V3,HEREDADO_V3,SIN_INFORMACION_DE_RESIDENCIA_ASIGNAR_0,RESIDENCIA_0_NO_COMPLETAR_PAIS_ORIGEN,HEREDADO_V3,HEREDADO_V3,HEREDADO_V3,HEREDADO_V3,INGRESO_ORIGEN_IGUAL_INGRESO_INSTITUCIONAL,INGRESO_ORIGEN_IGUAL_INGRESO_INSTITUCIONAL,HEREDADO_V3,HEREDADO_V3,HEREDADO_V3,V7,2026-06-25T11:51:40,SIN_INFORMACION_DE_RESIDENCIA_ASIGNAR_0,INGRESO_ORIGEN_IGUAL_INGRESO_INSTITUCIONAL,CATALOGO_TERRITORIAL_CHILE_SOLO_COINCIDENCIA_INEQUIVOCA,TIPO_RESIDENCIA_ESTUDIANTE|PAIS_ORIGEN|ANIO_INGRESO_CARRERA_ORIGEN|SEM_INGRESO_CARRERA_ORIGEN,SI,2026-06-25 12:16:07,,2026-06-25 14:12:13,,,,2026-06-25T18:26:55
9342,20251TLOG037,TLOG,TECNICO EN LOGISTICA,2025,1,2025,1,17-12-2024,V,22580082-0,ANDREA ALEJANDRA CERNA MENDOZA,F,SOLTERO,10-09-2004,REPUBLICA DE SANTO DOMINGO 458,SANTIAGO,HUECHURABA,56935395771,REPUBLICA DE SANTO DOMINGO 458,SANTIAGO,HUECHURABA,56935395771,ANDREAALEJANDRA2903@GMAIL.COM,andrea.cerna.mendoza@estudiante.ipss.cl,Peruana,,56959157814,40031,Colegio No Encontrado,,NO DEFINIDA,SANTIAGO,SANTIAGO,NORMAL,ENSEÑANZA MEDIA  NACIONAL,MALLAS CURRICULARES,METRO,PAGINA CONTACTO WEB,,,22307080-9,MIGUEL ANGEL ,TLOG,,,,,,,Entre $450.001 y $600.000,,2023,1.10,195224455,CRISTÓBAL IGNACIO ACEVEDO CANDIA,ELIMINADO,23 - RETIRO - RETRACTO,2,1,1880000,,,9,LOC-CONC-0256,,,SI,EVIDENCIA_2025,R,VALIDADO_CON_ADVERTENCIA,BASE_CONGELADA_Y_DATOS_ALUMNOS,MEDIA,NO,22580082,VALIDADO,BASE_CONGELADA,ALTA,NO,0,VALIDADO,BASE_CONGELADA,ALTA,NO,CERNA,VALIDADO,DATOS_ALUMNOS,ALTA,NO,MENDOZA,VALIDADO,DATOS_ALUMNOS,ALTA,NO,ANDREA ALEJANDRA,VALIDADO,DATOS_ALUMNOS,ALTA,NO,M,VALIDADO,BASE_CONGELADA_TRANSFORMACION_INSTITUCIONAL,ALTA,NO,10-09-2004,VALIDADO,BASE_CONGELADA,ALTA,NO,142,VALIDADO,BASE_CIERRE_CATALOGO_SIES,ALTA,NO,0,VALIDADO_POR_REGLA_INSTITUCIONAL,DECISION_INSTITUCIONAL_2026,ALTA,NO,,VACIO_PERMITIDO_POR_REGLA_CONDICIONAL,INSTRUCTIVO_SIES_2026,ALTA,NO,38,VALIDADO_POR_REGLA_INSTITUCIONAL,CATALOGO_TERRITORIAL_CHILE,ALTA,NO,I162S2C79J2V1,VALIDADO,UNIVERSO_AUDITADO,ALTA,NO,2025,VALIDADO,BASE_CONGELADA,ALTA,NO,1,VALIDADO,BASE_CONGELADA,ALTA,NO,2025,VALIDADO_POR_REGLA_INSTITUCIONAL,BASE_CONGELADA,ALTA,NO,1,VALIDADO_POR_REGLA_INSTITUCIONAL,BASE_CONGELADA,ALTA,NO,,NO_APLICA,REGLA_CONDICIONAL_MANUAL,MEDIA,NO,,NO_APLICA,REGLA_CONDICIONAL_MANUAL,MEDIA,NO,1,VALIDADO,AUDITORIA_VIGENCIA_2025_CORREGIDA,ALTA,NO,APTO_CON_ADVERTENCIAS,20,1,0,0,0,,,SI,Validado con advertencias,HEREDADO_V3,HEREDADO_V3,HEREDADO_V3,HEREDADO_V3,HEREDADO_V3,HEREDADO_V3,HEREDADO_V3,HEREDADO_V3,HEREDADO_V3,SIN_INFORMACION_DE_RESIDENCIA_ASIGNAR_0,RESIDENCIA_0_NO_COMPLETAR_PAIS_ORIGEN,COMUNACOLEGIO_COINCIDE_INEQUIVOCAMENTE_CON_COMUNA_CHILENA,HEREDADO_V3,HEREDADO_V3,HEREDADO_V3,INGRESO_ORIGEN_IGUAL_INGRESO_INSTITUCIONAL,INGRESO_ORIGEN_IGUAL_INGRESO_INSTITUCIONAL,HEREDADO_V3,HEREDADO_V3,HEREDADO_V3,V7,2026-06-25T11:51:40,SIN_INFORMACION_DE_RESIDENCIA_ASIGNAR_0,INGRESO_ORIGEN_IGUAL_INGRESO_INSTITUCIONAL,CATALOGO_TERRITORIAL_CHILE_SOLO_COINCIDENCIA_INEQUIVOCA,TIPO_RESIDENCIA_ESTUDIANTE|PAIS_ORIGEN|PAIS_ESTUDIOS_SECUNDARIOS|ANIO_INGRESO_CARRERA_ORIGEN|SEM_INGRESO_CARRERA_ORIGEN,SI,2026-06-25 12:16:07,,2026-06-25 14:12:13,,,,2026-06-25T18:26:55
8291,20251IADM014,IADM,INGENIERIA EN ADMINISTRACION DE EMPRESAS,2025,1,2025,1,30-10-2024,O,26239106-K,CARLA VANESSA VILLEGAS SANTIAGO,F,SOLTERO,06-05-1995,MARIA AUXILIADORA 860,SANTIAGO,SAN MIGUEL,56933441417,MARIA AUXILIADORA 860,SANTIAGO,SAN MIGUEL,56933441417,CARLA.PREVALER@GMAIL.COM,carla.villegas.santiago@estudiante.ipss.cl,Venezolana,,56931262835,40031,Colegio No Encontrado,,NO DEFINIDA,SANTIAGO,SANTIAGO,NORMAL,ENSEÑANZA MEDIA  NACIONAL,OTROS,METRO,,,,26239106-K,CARLA VANESSA,IADM,,,,,,,Entre $250.001 y $450.000,,2012,1.1,154695702,BEATRIZ SOFIA MIRANDA GALLARDO,VIGENTE,1 - ALUMNO REGULAR,2,2,1980000,SI,30-10-2024,10,PREC-CONC-0092,93,136,SI,COINCIDENCIA_MULTIPLE,R,VALIDADO,PRECARGA_NORMALIZADA,ALTA,NO,26239106,VALIDADO,PRECARGA_NORMALIZADA,ALTA,NO,K,VALIDADO,PRECARGA_NORMALIZADA,ALTA,NO,VILLEGAS,VALIDADO,PRECARGA_NORMALIZADA,ALTA,NO,SANTIAGO,VALIDADO,PRECARGA_NORMALIZADA,ALTA,NO,CARLA VANESSA,VALIDADO,PRECARGA_NORMALIZADA,ALTA,NO,M,VALIDADO,PRECARGA_NORMALIZADA,ALTA,NO,06-05-1995,VALIDADO,PRECARGA_NORMALIZADA,ALTA,NO,192,VALIDADO,PRECARGA_NORMALIZADA,ALTA,NO,0,VALIDADO_POR_REGLA_INSTITUCIONAL,DECISION_INSTITUCIONAL_2026,ALTA,NO,,VACIO_PERMITIDO_POR_REGLA_CONDICIONAL,INSTRUCTIVO_SIES_2026,ALTA,NO,192,VALIDADO,PRECARGA_NORMALIZADA,ALTA,NO,I162S2C76J4V1,VALIDADO,MATRICULA_UNIFICADA,ALTA,NO,2025,VALIDADO,PRECARGA_NORMALIZADA,ALTA,NO,1,VALIDADO,PRECARGA_NORMALIZADA,ALTA,NO,2025,VALIDADO_POR_REGLA_INSTITUCIONAL,BASE_CONGELADA,ALTA,NO,1,VALIDADO_POR_REGLA_INSTITUCIONAL,BASE_CONGELADA,ALTA,NO,,NO_APLICA,REGLA_CONDICIONAL_MANUAL,MEDIA,NO,,NO_APLICA,REGLA_CONDICIONAL_MANUAL,MEDIA,NO,1,VALIDADO,CIERRE_PENDIENTES_BASE_62,ALTA,NO,APTO,20,0,0,0,0,,,SI,,HEREDADO_V3,HEREDADO_V3,HEREDADO_V3,HEREDADO_V3,HEREDADO_V3,HEREDADO_V3,HEREDADO_V3,HEREDADO_V3,HEREDADO_V3,SIN_INFORMACION_DE_RESIDENCIA_ASIGNAR_0,RESIDENCIA_0_NO_COMPLETAR_PAIS_ORIGEN,HEREDADO_V3,RESUELTO_CODCLI_EXACTO,HEREDADO_V3,HEREDADO_V3,INGRESO_ORIGEN_IGUAL_INGRESO_INSTITUCIONAL,INGRESO_ORIGEN_IGUAL_INGRESO_INSTITUCIONAL,HEREDADO_V3,HEREDADO_V3,HEREDADO_V3,V7,2026-06-25T11:51:40,SIN_INFORMACION_DE_RESIDENCIA_ASIGNAR_0,INGRESO_ORIGEN_IGUAL_INGRESO_INSTITUCIONAL,CATALOGO_TERRITORIAL_CHILE_SOLO_COINCIDENCIA_INEQUIVOCA,TIPO_RESIDENCIA_ESTUDIANTE|PAIS_ORIGEN|ANIO_INGRESO_CARRERA_ORIGEN|SEM_INGRESO_CARRERA_ORIGEN,SI,2026-06-25 12:16:07,CODIGO_UNICO_RESUELTO;,2026-06-25 14:12:13,,,,2026-06-25T18:26:55
8387,20251IADM110,IADM,INGENIERIA EN ADMINISTRACION DE EMPRESAS,2025,1,2025,1,18-03-2025,O,27858136-5,ANNY YOSSELYN CARRILLO HURTADO,F,SOLTERO,02-04-2002,MOLINO 1845,SANTIAGO,INDEPENDENCIA,56986290011,MOLINO 1845,SANTIAGO,INDEPENDENCIA,56929796111,ACARRILLOHURTADI@GMAIL.COM,anny.carrillo.hurtado@estudiante.ipss.cl,Colombiana,,56986290,40031,Colegio No Encontrado,,NO DEFINIDA,SANTIAGO,SANTIAGO,NORMAL,ENSEÑANZA MEDIA  NACIONAL,OTROS,METRO,,,,23784212-K,YANET MARLENE,IADM,,,,,,,Entre $250.001 y $450.000,,2022,1.10,154695702,BEATRIZ SOFIA MIRANDA GALLARDO,VIGENTE,20 - VIGENTE SIN ACTIVIDAD ACADEMICA,2,1,1980000,SI,18-03-2025,11,PREC-CONC-0158,159,179,SI,COINCIDENCIA_MULTIPLE,R,VALIDADO,PRECARGA_NORMALIZADA,ALTA,NO,27858136,VALIDADO,PRECARGA_NORMALIZADA,ALTA,NO,5,VALIDADO,PRECARGA_NORMALIZADA,ALTA,NO,CARRILLO,VALIDADO,PRECARGA_NORMALIZADA,ALTA,NO,HURTADO,VALIDADO,PRECARGA_NORMALIZADA,ALTA,NO,ANNY YOSSELYN,VALIDADO,PRECARGA_NORMALIZADA,ALTA,NO,M,VALIDADO,PRECARGA_NORMALIZADA,ALTA,NO,02-04-2002,VALIDADO,PRECARGA_NORMALIZADA,ALTA,NO,41,VALIDADO,PRECARGA_NORMALIZADA,ALTA,NO,0,VALIDADO_POR_REGLA_INSTITUCIONAL,DECISION_INSTITUCIONAL_2026,ALTA,NO,,VACIO_PERMITIDO_POR_REGLA_CONDICIONAL,INSTRUCTIVO_SIES_2026,ALTA,NO,41,VALIDADO,PRECARGA_NORMALIZADA,ALTA,NO,I162S2C76J4V1,VALIDADO,BUSQUEDA_FINAL_V3,ALTA,NO,2025,VALIDADO,PRECARGA_NORMALIZADA,ALTA,NO,1,VALIDADO,PRECARGA_NORMALIZADA,ALTA,NO,2025,VALIDADO_POR_REGLA_INSTITUCIONAL,BASE_CONGELADA,ALTA,NO,1,VALIDADO_POR_REGLA_INSTITUCIONAL,BASE_CONGELADA,ALTA,NO,,NO_APLICA,REGLA_CONDICIONAL_MANUAL,MEDIA,NO,,NO_APLICA,REGLA_CONDICIONAL_MANUAL,MEDIA,NO,1,VALIDADO,CIERRE_PENDIENTES_BASE_62,ALTA,NO,APTO,20,0,0,0,0,,,SI,,HEREDADO_V3,HEREDADO_V3,HEREDADO_V3,HEREDADO_V3,HEREDADO_V3,HEREDADO_V3,HEREDADO_V3,HEREDADO_V3,HEREDADO_V3,SIN_INFORMACION_DE_RESIDENCIA_ASIGNAR_0,RESIDENCIA_0_NO_COMPLETAR_PAIS_ORIGEN,HEREDADO_V3,HEREDADO_V3,HEREDADO_V3,HEREDADO_V3,INGRESO_ORIGEN_IGUAL_INGRESO_INSTITUCIONAL,INGRESO_ORIGEN_IGUAL_INGRESO_INSTITUCIONAL,HEREDADO_V3,HEREDADO_V3,HEREDADO_V3,V7,2026-06-25T11:51:40,SIN_INFORMACION_DE_RESIDENCIA_ASIGNAR_0,INGRESO_ORIGEN_IGUAL_INGRESO_INSTITUCIONAL,CATALOGO_TERRITORIAL_CHILE_SOLO_COINCIDENCIA_INEQUIVOCA,TIPO_RESIDENCIA_ESTUDIANTE|PAIS_ORIGEN|ANIO_INGRESO_CARRERA_ORIGEN|SEM_INGRESO_CARRERA_ORIGEN,SI,2026-06-25 12:16:07,,2026-06-25 14:12:13,,,,2026-06-25T18:26:55
8558,20251ICIB112,ICIB,INGENIERIA EN CIBERSEGURIDAD,2025,1,2025,1,14-03-2025,O,14703365-6,THOMAS EMERSON GLUCKLICH,M,SOLTERO,11-04-1996,DEL CANDIL 655,SANTIAGO,LO BARNECHEA,56966685405,DEL CANDIL 655,SANTIAGO,LO BARNECHEA,56966685405,THOMAS-EMERSON@LIVE.COM,thomas.emerson.glucklich@estudiante.ipss.cl,Argentina,,56984833,8905,COLEGIO EL CARMEN TERESIANO I,CIENTIFICO-HUMANISTA,PARTICULAR NO SUBVENCIONADO,SANTIAGO,VITACURA,NORMAL,ENSEÑANZA MEDIA  NACIONAL,OTROS,METRO,,,,14703365-6,THOMAS,ICIB,,,,,,,Entre $250.001 y $450.000,,2016,1.1,154695702,BEATRIZ SOFIA MIRANDA GALLARDO,VIGENTE,1 - ALUMNO REGULAR,2,1,2250000,SI,14-03-2025,12,PREC-CONC-0027,28,2139,NO,,R,VALIDADO,PRECARGA_NORMALIZADA,ALTA,NO,14703365,VALIDADO,PRECARGA_NORMALIZADA,ALTA,NO,6,VALIDADO,PRECARGA_NORMALIZADA,ALTA,NO,EMERSON,VALIDADO,PRECARGA_NORMALIZADA,ALTA,NO,GLUCKLICH,VALIDADO,PRECARGA_NORMALIZADA,ALTA,NO,THOMAS,VALIDADO,PRECARGA_NORMALIZADA,ALTA,NO,H,VALIDADO,PRECARGA_NORMALIZADA,ALTA,NO,11-04-1996,VALIDADO,PRECARGA_NORMALIZADA,ALTA,NO,9,VALIDADO,PRECARGA_NORMALIZADA,ALTA,NO,0,VALIDADO_POR_REGLA_INSTITUCIONAL,DECISION_INSTITUCIONAL_2026,ALTA,NO,,VACIO_PERMITIDO_POR_REGLA_CONDICIONAL,INSTRUCTIVO_SIES_2026,ALTA,NO,9,VALIDADO,PRECARGA_NORMALIZADA,ALTA,NO,I162S2C46J4V3,VALIDADO,PRECARGA_NORMALIZADA,ALTA,NO,2025,VALIDADO,PRECARGA_NORMALIZADA,ALTA,NO,1,VALIDADO,PRECARGA_NORMALIZADA,ALTA,NO,2025,VALIDADO_POR_REGLA_INSTITUCIONAL,BASE_CONGELADA,ALTA,NO,1,VALIDADO_POR_REGLA_INSTITUCIONAL,BASE_CONGELADA,ALTA,NO,,NO_APLICA,REGLA_CONDICIONAL_MANUAL,MEDIA,NO,,NO_APLICA,REGLA_CONDICIONAL_MANUAL,MEDIA,NO,1,VALIDADO,CIERRE_PENDIENTES_BASE_62,ALTA,NO,APTO,20,0,0,0,0,,,SI,,HEREDADO_V3,HEREDADO_V3,HEREDADO_V3,HEREDADO_V3,HEREDADO_V3,HEREDADO_V3,HEREDADO_V3,HEREDADO_V3,HEREDADO_V3,SIN_INFORMACION_DE_RESIDENCIA_ASIGNAR_0,RESIDENCIA_0_NO_COMPLETAR_PAIS_ORIGEN,HEREDADO_V3,HEREDADO_V3,HEREDADO_V3,HEREDADO_V3,INGRESO_ORIGEN_IGUAL_INGRESO_INSTITUCIONAL,INGRESO_ORIGEN_IGUAL_INGRESO_INSTITUCIONAL,HEREDADO_V3,HEREDADO_V3,HEREDADO_V3,V7,2026-06-25T11:51:40,SIN_INFORMACION_DE_RESIDENCIA_ASIGNAR_0,INGRESO_ORIGEN_IGUAL_INGRESO_INSTITUCIONAL,CATALOGO_TERRITORIAL_CHILE_SOLO_COINCIDENCIA_INEQUIVOCA,TIPO_RESIDENCIA_ESTUDIANTE|PAIS_ORIGEN|ANIO_INGRESO_CARRERA_ORIGEN|SEM_INGRESO_CARRERA_ORIGEN,SI,2026-06-25 12:16:07,,2026-06-25 14:12:13,,,,2026-06-25T18:26:55
8471,20251ICIB025,ICIB,INGENIERIA EN CIBERSEGURIDAD,2025,1,2025,1,04-11-2024,O,22483982-0,JUAN FRANCISCO GONZALES QUISPE,M,SOLTERO,28-07-1997,Carlos Valdovinos #44,SANTIAGO,SAN JOAQUIN,985397879,Carlos Valdovinos #44,SANTIAGO,SAN JOAQUIN,985397879,JUANGONZALESQ28@GMAIL.COM,juan.gonzales.quispe@estudiante.ipss.cl,Peruana,RUBÉN GONZALES (HERMANO),99031958,9408,LICEO POLITECNICO  SAN JOAQUIN,TÉCNICO-PROFESIONAL,CORPORACION PRIVADA,SANTIAGO,SAN JOAQUIN,NORMAL,ENSEÑANZA MEDIA  NACIONAL,PRESTIGIO,RECOMENDACION DE OTRO,PAGINA CONTACTO WEB,,,22483982-0,JUAN FRANCISCO,ICIB,,,,,,,Entre $600.001 y $800.000,,2016,6.50,195224455,CRISTÓBAL IGNACIO ACEVEDO CANDIA,VIGENTE,49 - CAMBIO DE JORNADA,2,1,2270000,SI,04-11-2024,13,PREC-CONC-0036,37,2167,SI,COINCIDENCIA_MULTIPLE,R,VALIDADO,PRECARGA_NORMALIZADA,ALTA,NO,22483982,VALIDADO,PRECARGA_NORMALIZADA,ALTA,NO,0,VALIDADO,PRECARGA_NORMALIZADA,ALTA,NO,GONZALES,VALIDADO,PRECARGA_NORMALIZADA,ALTA,NO,QUISPE,VALIDADO,PRECARGA_NORMALIZADA,ALTA,NO,JUAN FRANCISCO,VALIDADO,PRECARGA_NORMALIZADA,ALTA,NO,H,VALIDADO,PRECARGA_NORMALIZADA,ALTA,NO,28-07-1997,VALIDADO,PRECARGA_NORMALIZADA,ALTA,NO,142,VALIDADO,PRECARGA_NORMALIZADA,ALTA,NO,0,VALIDADO_POR_REGLA_INSTITUCIONAL,DECISION_INSTITUCIONAL_2026,ALTA,NO,,VACIO_PERMITIDO_POR_REGLA_CONDICIONAL,INSTRUCTIVO_SIES_2026,ALTA,NO,38,VALIDADO,PRECARGA_NORMALIZADA,ALTA,NO,I162S2C46J4V3,VALIDADO,MATRICULA_UNIFICADA,ALTA,NO,2025,VALIDADO,PRECARGA_NORMALIZADA,ALTA,NO,1,VALIDADO,PRECARGA_NORMALIZADA,ALTA,NO,2025,VALIDADO_POR_REGLA_INSTITUCIONAL,BASE_CONGELADA,ALTA,NO,1,VALIDADO_POR_REGLA_INSTITUCIONAL,BASE_CONGELADA,ALTA,NO,,NO_APLICA,REGLA_CONDICIONAL_MANUAL,MEDIA,NO,,NO_APLICA,REGLA_CONDICIONAL_MANUAL,MEDIA,NO,1,VALIDADO,CIERRE_PENDIENTES_BASE_62,ALTA,NO,APTO,20,0,0,0,0,,,SI,,HEREDADO_V3,HEREDADO_V3,HEREDADO_V3,HEREDADO_V3,HEREDADO_V3,HEREDADO_V3,HEREDADO_V3,HEREDADO_V3,HEREDADO_V3,SIN_INFORMACION_DE_RESIDENCIA_ASIGNAR_0,RESIDENCIA_0_NO_COMPLETAR_PAIS_ORIGEN,HEREDADO_V3,RESUELTO_CODCLI_EXACTO,HEREDADO_V3,HEREDADO_V3,INGRESO_ORIGEN_IGUAL_INGRESO_INSTITUCIONAL,INGRESO_ORIGEN_IGUAL_INGRESO_INSTITUCIONAL,HEREDADO_V3,HEREDADO_V3,HEREDADO_V3,V7,2026-06-25T11:51:40,SIN_INFORMACION_DE_RESIDENCIA_ASIGNAR_0,INGRESO_ORIGEN_IGUAL_INGRESO_INSTITUCIONAL,CATALOGO_TERRITORIAL_CHILE_SOLO_COINCIDENCIA_INEQUIVOCA,TIPO_RESIDENCIA_ESTUDIANTE|PAIS_ORIGEN|ANIO_INGRESO_CARRERA_ORIGEN|SEM_INGRESO_CARRERA_ORIGEN,SI,2026-06-25 12:16:07,CODIGO_UNICO_RESUELTO;,2026-06-25 14:12:13,,,,2026-06-25T18:26:55
8540,20251ICIB094,ICIB,INGENIERIA EN CIBERSEGURIDAD,2025,1,2025,1,18-02-2025,V,28316579-5,WINSTON GABRIEL DUNO MEDINA,M,SOLTERO,16-06-2005,AVENIDA PRESIDENTE BALMACEDA 2170,SANTIAGO,QUINTA NORMAL,56947017059,AVENIDA PRESIDENTE BALMACEDA 2170,SANTIAGO,QUINTA NORMAL,56947017059,WINSTONDUNO3@GMAIL.COM,winston.duno.medina@estudiante.ipss.cl,Venezolana,,56950938151,8490,LICEO MUNIC.MIGUEL LUIS AMUNATEGUI(EX-8),TÉCNICO-PROFESIONAL,MUNICIPAL DAEM,SANTIAGO,SANTIAGO,NORMAL,ENSEÑANZA MEDIA  NACIONAL,OTROS,METRO,,,,28316579-5,WINSTON GABRIEL,ICIB,,,,,,,Entre $250.001 y $450.000,,2023,1.1,154695702,BEATRIZ SOFIA MIRANDA GALLARDO,VIGENTE,20 - VIGENTE SIN ACTIVIDAD ACADEMICA,2,1,2270000,SI,18-02-2025,14,PREC-CONC-0175,176,2571,NO,,R,VALIDADO,PRECARGA_NORMALIZADA,ALTA,NO,28316579,VALIDADO,PRECARGA_NORMALIZADA,ALTA,NO,5,VALIDADO,PRECARGA_NORMALIZADA,ALTA,NO,DUNO,VALIDADO,PRECARGA_NORMALIZADA,ALTA,NO,MEDINA,VALIDADO,PRECARGA_NORMALIZADA,ALTA,NO,WINSTON GABRIEL,VALIDADO,PRECARGA_NORMALIZADA,ALTA,NO,H,VALIDADO,PRECARGA_NORMALIZADA,ALTA,NO,16-06-2005,VALIDADO,PRECARGA_NORMALIZADA,ALTA,NO,192,VALIDADO,PRECARGA_NORMALIZADA,ALTA,NO,0,VALIDADO_POR_REGLA_INSTITUCIONAL,DECISION_INSTITUCIONAL_2026,ALTA,NO,,VACIO_PERMITIDO_POR_REGLA_CONDICIONAL,INSTRUCTIVO_SIES_2026,ALTA,NO,192,VALIDADO,PRECARGA_NORMALIZADA,ALTA,NO,I162S2C46J2V1,VALIDADO,PRECARGA_NORMALIZADA,ALTA,NO,2025,VALIDADO,PRECARGA_NORMALIZADA,ALTA,NO,1,VALIDADO,PRECARGA_NORMALIZADA,ALTA,NO,2025,VALIDADO_POR_REGLA_INSTITUCIONAL,BASE_CONGELADA,ALTA,NO,1,VALIDADO_POR_REGLA_INSTITUCIONAL,BASE_CONGELADA,ALTA,NO,,NO_APLICA,REGLA_CONDICIONAL_MANUAL,MEDIA,NO,,NO_APLICA,REGLA_CONDICIONAL_MANUAL,MEDIA,NO,1,VALIDADO,CIERRE_PENDIENTES_BASE_62,ALTA,NO,APTO,20,0,0,0,0,,,SI,,HEREDADO_V3,HEREDADO_V3,HEREDADO_V3,HEREDADO_V3,HEREDADO_V3,HEREDADO_V3,HEREDADO_V3,HEREDADO_V3,HEREDADO_V3,SIN_INFORMACION_DE_RESIDENCIA_ASIGNAR_0,RESIDENCIA_0_NO_COMPLETAR_PAIS_ORIGEN,HEREDADO_V3,HEREDADO_V3,HEREDADO_V3,HEREDADO_V3,INGRESO_ORIGEN_IGUAL_INGRESO_INSTITUCIONAL,INGRESO_ORIGEN_IGUAL_INGRESO_INSTITUCIONAL,HEREDADO_V3,HEREDADO_V3,HEREDADO_V3,V7,2026-06-25T11:51:40,SIN_INFORMACION_DE_RESIDENCIA_ASIGNAR_0,INGRESO_ORIGEN_IGUAL_INGRESO_INSTITUCIONAL,CATALOGO_TERRITORIAL_CHILE_SOLO_COINCIDENCIA_INEQUIVOCA,TIPO_RESIDENCIA_ESTUDIANTE|PAIS_ORIGEN|ANIO_INGRESO_CARRERA_ORIGEN|SEM_INGRESO_CARRERA_ORIGEN,SI,2026-06-25 12:16:07,,2026-06-25 14:12:13,,,,2026-06-25T18:26:55
8488,20251ICIB042,ICIB,INGENIERIA EN CIBERSEGURIDAD,2025,1,2025,1,14-12-2024,D,28470682-K,ISMAEL DAVID SUBERO MARAIMA,M,SOLTERO,02-03-2006,AVENIDA MACUL 3198 DEPARTAMENTO 1004 TORRE A,SANTIAGO,MACUL,569987782664,AVENIDA MACUL 3198 DEPARTAMENTO 1004 TORRE A,SANTIAGO,MACUL,569987782664,ISMAELSUBERO02@GMAIL.COM,ismael.subero.maraima@estudiante.ipss.cl,Venezolana,,569987782664,40031,Colegio No Encontrado,,NO DEFINIDA,SANTIAGO,SANTIAGO,NORMAL,ENSEÑANZA MEDIA  NACIONAL,OTROS,METRO,,,,28470682-K,ISMAEL DAVID,ICIB,,,,,,,Entre $250.001 y $450.000,,2024,1.1,154695702,BEATRIZ SOFIA MIRANDA GALLARDO,VIGENTE,1 - ALUMNO REGULAR,2,2,2130000,SI,14-12-2024,15,PREC-CONC-0182,183,2101,NO,,R,VALIDADO,PRECARGA_NORMALIZADA,ALTA,NO,28470682,VALIDADO,PRECARGA_NORMALIZADA,ALTA,NO,K,VALIDADO,PRECARGA_NORMALIZADA,ALTA,NO,SUBERO,VALIDADO,PRECARGA_NORMALIZADA,ALTA,NO,MARAIMA,VALIDADO,PRECARGA_NORMALIZADA,ALTA,NO,ISMAEL DAVID,VALIDADO,PRECARGA_NORMALIZADA,ALTA,NO,H,VALIDADO,PRECARGA_NORMALIZADA,ALTA,NO,02-03-2006,VALIDADO,PRECARGA_NORMALIZADA,ALTA,NO,192,VALIDADO,PRECARGA_NORMALIZADA,ALTA,NO,0,VALIDADO_POR_REGLA_INSTITUCIONAL,DECISION_INSTITUCIONAL_2026,ALTA,NO,,VACIO_PERMITIDO_POR_REGLA_CONDICIONAL,INSTRUCTIVO_SIES_2026,ALTA,NO,192,VALIDADO,PRECARGA_NORMALIZADA,ALTA,NO,I162S2C46J1V1,VALIDADO,PRECARGA_NORMALIZADA,ALTA,NO,2025,VALIDADO,PRECARGA_NORMALIZADA,ALTA,NO,1,VALIDADO,PRECARGA_NORMALIZADA,ALTA,NO,2025,VALIDADO_POR_REGLA_INSTITUCIONAL,BASE_CONGELADA,ALTA,NO,1,VALIDADO_POR_REGLA_INSTITUCIONAL,BASE_CONGELADA,ALTA,NO,,NO_APLICA,REGLA_CONDICIONAL_MANUAL,MEDIA,NO,,NO_APLICA,REGLA_CONDICIONAL_MANUAL,MEDIA,NO,1,VALIDADO,CIERRE_PENDIENTES_BASE_62,ALTA,NO,APTO,20,0,0,0,0,,,SI,,HEREDADO_V3,HEREDADO_V3,HEREDADO_V3,HEREDADO_V3,HEREDADO_V3,HEREDADO_V3,HEREDADO_V3,HEREDADO_V3,HEREDADO_V3,SIN_INFORMACION_DE_RESIDENCIA_ASIGNAR_0,RESIDENCIA_0_NO_COMPLETAR_PAIS_ORIGEN,HEREDADO_V3,HEREDADO_V3,HEREDADO_V3,HEREDADO_V3,INGRESO_ORIGEN_IGUAL_INGRESO_INSTITUCIONAL,INGRESO_ORIGEN_IGUAL_INGRESO_INSTITUCIONAL,HEREDADO_V3,HEREDADO_V3,HEREDADO_V3,V7,2026-06-25T11:51:40,SIN_INFORMACION_DE_RESIDENCIA_ASIGNAR_0,INGRESO_ORIGEN_IGUAL_INGRESO_INSTITUCIONAL,CATALOGO_TERRITORIAL_CHILE_SOLO_COINCIDENCIA_INEQUIVOCA,TIPO_RESIDENCIA_ESTUDIANTE|PAIS_ORIGEN|ANIO_INGRESO_CARRERA_ORIGEN|SEM_INGRESO_CARRERA_ORIGEN,SI,2026-06-25 12:16:07,,2026-06-25 14:12:13,,,,2026-06-25T18:26:55
9214,20251TENS029,TENS,TECNICO EN ENFERMERIA,2025,1,2025,1,27-11-2024,D,25266768-7,EDWIN ALFONSO LAVADO GUTIERREZ,M,SOLTERO,12-08-1997,MAGALLANES 1261,SANTIAGO,RECOLETA,56990551831,MAGALLANES 1261,SANTIAGO,RECOLETA,56990551831,EDWINALFONSOLAVADO@GMAIL.COM,edwin.lavado.gutierrez@estudiante.ipss.cl,Peruana,,56990551831,40031,Colegio No Encontrado,,NO DEFINIDA,SANTIAGO,SANTIAGO,NORMAL,ENSEÑANZA MEDIA  NACIONAL,OTROS,METRO,,,,25266768-7,EDWIN ALFONSO,TENS,,,,,,,Entre $250.001 y $450.000,,2023,1.10,154695702,BEATRIZ SOFIA MIRANDA GALLARDO,ELIMINADO,11 - RENUNCIA POST INICIO CLASES,2,1,1990000,,,16,PREC-CONC-0069,70,1720,NO,,R,VALIDADO,PRECARGA_NORMALIZADA,ALTA,NO,25266768,VALIDADO,PRECARGA_NORMALIZADA,ALTA,NO,7,VALIDADO,PRECARGA_NORMALIZADA,ALTA,NO,LAVADO,VALIDADO,PRECARGA_NORMALIZADA,ALTA,NO,GUTIERREZ,VALIDADO,PRECARGA_NORMALIZADA,ALTA,NO,EDWIN ALFONSO,VALIDADO,PRECARGA_NORMALIZADA,ALTA,NO,H,VALIDADO,PRECARGA_NORMALIZADA,ALTA,NO,12-08-1997,VALIDADO,PRECARGA_NORMALIZADA,ALTA,NO,142,VALIDADO,PRECARGA_NORMALIZADA,ALTA,NO,0,VALIDADO_POR_REGLA_INSTITUCIONAL,DECISION_INSTITUCIONAL_2026,ALTA,NO,,VACIO_PERMITIDO_POR_REGLA_CONDICIONAL,INSTRUCTIVO_SIES_2026,ALTA,NO,142,VALIDADO,PRECARGA_NORMALIZADA,ALTA,NO,I162S2C91J1V1,VALIDADO,PRECARGA_NORMALIZADA,ALTA,NO,2025,VALIDADO,PRECARGA_NORMALIZADA,ALTA,NO,1,VALIDADO,PRECARGA_NORMALIZADA,ALTA,NO,2025,VALIDADO_POR_REGLA_INSTITUCIONAL,BASE_CONGELADA,ALTA,NO,1,VALIDADO_POR_REGLA_INSTITUCIONAL,BASE_CONGELADA,ALTA,NO,,NO_APLICA,REGLA_CONDICIONAL_MANUAL,MEDIA,NO,,NO_APLICA,REGLA_CONDICIONAL_MANUAL,MEDIA,NO,1,VALIDADO,CIERRE_PENDIENTES_BASE_62,ALTA,NO,APTO,20,0,0,0,0,,,SI,,HEREDADO_V3,HEREDADO_V3,HEREDADO_V3,HEREDADO_V3,HEREDADO_V3,HEREDADO_V3,HEREDADO_V3,HEREDADO_V3,HEREDADO_V3,SIN_INFORMACION_DE_RESIDENCIA_ASIGNAR_0,RESIDENCIA_0_NO_COMPLETAR_PAIS_ORIGEN,HEREDADO_V3,HEREDADO_V3,HEREDADO_V3,HEREDADO_V3,INGRESO_ORIGEN_IGUAL_INGRESO_INSTITUCIONAL,INGRESO_ORIGEN_IGUAL_INGRESO_INSTITUCIONAL,HEREDADO_V3,HEREDADO_V3,HEREDADO_V3,V7,2026-06-25T11:51:40,SIN_INFORMACION_DE_RESIDENCIA_ASIGNAR_0,INGRESO_ORIGEN_IGUAL_INGRESO_INSTITUCIONAL,CATALOGO_TERRITORIAL_CHILE_SOLO_COINCIDENCIA_INEQUIVOCA,TIPO_RESIDENCIA_ESTUDIANTE|PAIS_ORIGEN|ANIO_INGRESO_CARRERA_ORIGEN|SEM_INGRESO_CARRERA_ORIGEN,SI,2026-06-25 12:16:07,,2026-06-25 14:12:13,,,,2026-06-25T18:26:55
8428,20251ICDA029,ICDA,INGENIERIA EN CIENCIA DE DATOS,2025,1,2025,1,05-02-2025,O,24108566-K,EDISON JAVIER AUNTA ORTIZ,M,CASADO,05-01-1984,RIVAS VICUÑA 1214,SANTIAGO,QUINTA NORMAL,56965962832,RIVAS VICUÑA 1214,SANTIAGO,QUINTA NORMAL,56965962832,EDISONJAO51@GMAIL.COM,edison.aunta.ortiz@estudiante.ipss.cl,Colombiana,,56965962832,40031,Colegio No Encontrado,,NO DEFINIDA,SANTIAGO,SANTIAGO,NORMAL,ENSEÑANZA MEDIA  NACIONAL,OTROS,METRO,,,,24108566-K,EDISON JAVIER,ICDA,,,,,,,$250.000 ó menos,,2018,1.1,259180511,HEYTHCER DURLAY  PINTO  LUGO,VIGENTE,1 - ALUMNO REGULAR,2,2,1990000,SI,05-02-2025,17,PREC-CONC-0053,54,1040,SI,COINCIDENCIA_MULTIPLE,R,VALIDADO,PRECARGA_NORMALIZADA,ALTA,NO,24108566,VALIDADO,PRECARGA_NORMALIZADA,ALTA,NO,K,VALIDADO,PRECARGA_NORMALIZADA,ALTA,NO,AUNTA,VALIDADO,PRECARGA_NORMALIZADA,ALTA,NO,ORTIZ,VALIDADO,PRECARGA_NORMALIZADA,ALTA,NO,EDISON JAVIER,VALIDADO,PRECARGA_NORMALIZADA,ALTA,NO,H,VALIDADO,PRECARGA_NORMALIZADA,ALTA,NO,05-01-1984,VALIDADO,PRECARGA_NORMALIZADA,ALTA,NO,41,VALIDADO,PRECARGA_NORMALIZADA,ALTA,NO,0,VALIDADO_POR_REGLA_INSTITUCIONAL,DECISION_INSTITUCIONAL_2026,ALTA,NO,,VACIO_PERMITIDO_POR_REGLA_CONDICIONAL,INSTRUCTIVO_SIES_2026,ALTA,NO,41,VALIDADO,PRECARGA_NORMALIZADA,ALTA,NO,I162S2C88J4V1,VALIDADO,BUSQUEDA_FINAL_V3,ALTA,NO,2025,VALIDADO,PRECARGA_NORMALIZADA,ALTA,NO,1,VALIDADO,PRECARGA_NORMALIZADA,ALTA,NO,2025,VALIDADO_POR_REGLA_INSTITUCIONAL,BASE_CONGELADA,ALTA,NO,1,VALIDADO_POR_REGLA_INSTITUCIONAL,BASE_CONGELADA,ALTA,NO,,NO_APLICA,REGLA_CONDICIONAL_MANUAL,MEDIA,NO,,NO_APLICA,REGLA_CONDICIONAL_MANUAL,MEDIA,NO,1,VALIDADO,CIERRE_PENDIENTES_BASE_62,ALTA,NO,APTO,20,0,0,0,0,,,SI,,HEREDADO_V3,HEREDADO_V3,HEREDADO_V3,HEREDADO_V3,HEREDADO_V3,HEREDADO_V3,HEREDADO_V3,HEREDADO_V3,HEREDADO_V3,SIN_INFORMACION_DE_RESIDENCIA_ASIGNAR_0,RESIDENCIA_0_NO_COMPLETAR_PAIS_ORIGEN,HEREDADO_V3,HEREDADO_V3,HEREDADO_V3,HEREDADO_V3,INGRESO_ORIGEN_IGUAL_INGRESO_INSTITUCIONAL,INGRESO_ORIGEN_IGUAL_INGRESO_INSTITUCIONAL,HEREDADO_V3,HEREDADO_V3,HEREDADO_V3,V7,2026-06-25T11:51:40,SIN_INFORMACION_DE_RESIDENCIA_ASIGNAR_0,INGRESO_ORIGEN_IGUAL_INGRESO_INSTITUCIONAL,CATALOGO_TERRITORIAL_CHILE_SOLO_COINCIDENCIA_INEQUIVOCA,TIPO_RESIDENCIA_ESTUDIANTE|PAIS_ORIGEN|ANIO_INGRESO_CARRERA_ORIGEN|SEM_INGRESO_CARRERA_ORIGEN,SI,2026-06-25 12:16:07,,2026-06-25 14:12:13,,,,2026-06-25T18:26:55
8436,20251ICDA037,ICDA,INGENIERIA EN CIENCIA DE DATOS,2025,1,2025,1,28-02-2025,O,26089199-5,RONALD JOSUE DE ANGEL GARCIA,M,SOLTERO,10-08-1995,AV VICUÑA MACKENNA 881,SANTIAGO,SANTIAGO,56928862167,AV VICUÑA MACKENNA 881,SANTIAGO,SANTIAGO,56928862167,deangelrj@gmail.com,ronald.deangel.garcia@estudiante.ipss.cl,Venezolana,949666679,56949666679,40031,Colegio No Encontrado,,NO DEFINIDA,SANTIAGO,SANTIAGO,NORMAL,EXTRANJERO,MALLAS CURRICULARES,MEDIOS DIGITALES,PAGINA CONTACTO WEB,,,26089199-5,RONALD,ICDA,,,,,,,Entre $450.001 y $600.000,,2012,1.10,195224455,CRISTÓBAL IGNACIO ACEVEDO CANDIA,VIGENTE,1 - ALUMNO REGULAR,2,1,1990000,SI,28-02-2025,18,PREC-CONC-0089,90,2016,SI,COINCIDENCIA_MULTIPLE,R,VALIDADO,PRECARGA_NORMALIZADA,ALTA,NO,26089199,VALIDADO,PRECARGA_NORMALIZADA,ALTA,NO,5,VALIDADO,PRECARGA_NORMALIZADA,ALTA,NO,DE ANGEL,VALIDADO,PRECARGA_NORMALIZADA,ALTA,NO,GARCIA,VALIDADO,PRECARGA_NORMALIZADA,ALTA,NO,RONALD JOSUE,VALIDADO,PRECARGA_NORMALIZADA,ALTA,NO,H,VALIDADO,PRECARGA_NORMALIZADA,ALTA,NO,10-08-1995,VALIDADO,PRECARGA_NORMALIZADA,ALTA,NO,192,VALIDADO,PRECARGA_NORMALIZADA,ALTA,NO,0,VALIDADO_POR_REGLA_INSTITUCIONAL,DECISION_INSTITUCIONAL_2026,ALTA,NO,,VACIO_PERMITIDO_POR_REGLA_CONDICIONAL,INSTRUCTIVO_SIES_2026,ALTA,NO,192,VALIDADO,PRECARGA_NORMALIZADA,ALTA,NO,I162S2C88J4V1,VALIDADO,MATRICULA_UNIFICADA,ALTA,NO,2025,VALIDADO,BASE_CONGELADA_Y_MATRICULA_UNIFICADA,ALTA,NO,1,VALIDADO,BASE_CONGELADA_Y_MATRICULA_UNIFICADA,ALTA,NO,2025,VALIDADO,BASE_CONGELADA_Y_MATRICULA_UNIFICADA,ALTA,NO,1,VALIDADO,BASE_CONGELADA_Y_MATRICULA_UNIFICADA,ALTA,NO,,NO_APLICA,REGLA_CONDICIONAL_MANUAL,MEDIA,NO,,NO_APLICA,REGLA_CONDICIONAL_MANUAL,MEDIA,NO,1,VALIDADO,CIERRE_PENDIENTES_BASE_62,ALTA,NO,APTO,20,0,0,0,0,,,SI,,HEREDADO_V3,HEREDADO_V3,HEREDADO_V3,HEREDADO_V3,HEREDADO_V3,HEREDADO_V3,HEREDADO_V3,HEREDADO_V3,HEREDADO_V3,SIN_INFORMACION_DE_RESIDENCIA_ASIGNAR_0,RESIDENCIA_0_NO_COMPLETAR_PAIS_ORIGEN,HEREDADO_V3,RESUELTO_CODCLI_EXACTO,RECHAZAR_2024_PRECARGA_Y_USAR_2025_CONFIRMADO,RECHAZAR_2024_PRECARGA_Y_USAR_2025_CONFIRMADO,RECHAZAR_2024_PRECARGA_Y_USAR_2025_CONFIRMADO,RECHAZAR_2024_PRECARGA_Y_USAR_2025_CONFIRMADO,HEREDADO_V3,HEREDADO_V3,HEREDADO_V3,V7,2026-06-25T11:51:40,SIN_INFORMACION_DE_RESIDENCIA_ASIGNAR_0,INGRESO_ORIGEN_IGUAL_INGRESO_INSTITUCIONAL,CATALOGO_TERRITORIAL_CHILE_SOLO_COINCIDENCIA_INEQUIVOCA,TIPO_RESIDENCIA_ESTUDIANTE|PAIS_ORIGEN|ANIO_INGRESO_CARRERA_ORIGEN|SEM_INGRESO_CARRERA_ORIGEN,SI,2026-06-25 12:16:07,CODIGO_UNICO_RESUELTO;RONALD_ANIO_INGRESO_2025;,2026-06-25 14:12:13,,,,2026-06-25T18:26:55
8606,20251ICRE040,ICRE,INGENIERIA EN CONECTIVIDAD Y REDES,2025,1,2025,1,10-01-2025,O,27137018-0,VICTOR ANTONIO OSORIO DA SILVA,M,SOLTERO,29-01-1985,BRIGADIER DE LA CRUZ 980 SAN MIGUEL,SANTIAGO,SAN MIGUEL,56922247964,BRIGADIER DE LA CRUZ 980 SAN MIGUEL,SANTIAGO,SAN MIGUEL,56922247964,VICTOROSORIODASILVA.CL@GMAIL.COM,victor.osorio.dasilva@estudiante.ipss.cl,Venezolana,,56948777,40031,Colegio No Encontrado,,NO DEFINIDA,SANTIAGO,SANTIAGO,NORMAL,ENSEÑANZA MEDIA  NACIONAL,OTROS,METRO,,,,16621053-4,DANIELA COVADONGA ,ICRE,,,,,,,Entre $250.001 y $450.000,,2024,1.1,154695702,BEATRIZ SOFIA MIRANDA GALLARDO,VIGENTE,1 - ALUMNO REGULAR,2,2,2090000,SI,10-01-2025,19,PREC-CONC-0137,138,693,NO,,R,VALIDADO,PRECARGA_NORMALIZADA,ALTA,NO,27137018,VALIDADO,PRECARGA_NORMALIZADA,ALTA,NO,0,VALIDADO,PRECARGA_NORMALIZADA,ALTA,NO,OSORIO,VALIDADO,PRECARGA_NORMALIZADA,ALTA,NO,DA SILVA,VALIDADO,PRECARGA_NORMALIZADA,ALTA,NO,VICTOR ANTONIO,VALIDADO,PRECARGA_NORMALIZADA,ALTA,NO,H,VALIDADO,PRECARGA_NORMALIZADA,ALTA,NO,29-01-1985,VALIDADO,PRECARGA_NORMALIZADA,ALTA,NO,192,VALIDADO,PRECARGA_NORMALIZADA,ALTA,NO,0,VALIDADO_POR_REGLA_INSTITUCIONAL,DECISION_INSTITUCIONAL_2026,ALTA,NO,,VACIO_PERMITIDO_POR_REGLA_CONDICIONAL,INSTRUCTIVO_SIES_2026,ALTA,NO,192,VALIDADO,PRECARGA_NORMALIZADA,ALTA,NO,I162S2C3J4V2,VALIDADO,PRECARGA_NORMALIZADA,ALTA,NO,2025,VALIDADO,PRECARGA_NORMALIZADA,ALTA,NO,1,VALIDADO,PRECARGA_NORMALIZADA,ALTA,NO,2025,VALIDADO_POR_REGLA_INSTITUCIONAL,BASE_CONGELADA,ALTA,NO,1,VALIDADO_POR_REGLA_INSTITUCIONAL,BASE_CONGELADA,ALTA,NO,,NO_APLICA,REGLA_CONDICIONAL_MANUAL,MEDIA,NO,,NO_APLICA,REGLA_CONDICIONAL_MANUAL,MEDIA,NO,1,VALIDADO,CIERRE_PENDIENTES_BASE_62,ALTA,NO,APTO,20,0,0,0,0,,,SI,,HEREDADO_V3,HEREDADO_V3,HEREDADO_V3,HEREDADO_V3,HEREDADO_V3,HEREDADO_V3,HEREDADO_V3,HEREDADO_V3,HEREDADO_V3,SIN_INFORMACION_DE_RESIDENCIA_ASIGNAR_0,RESIDENCIA_0_NO_COMPLETAR_PAIS_ORIGEN,HEREDADO_V3,HEREDADO_V3,HEREDADO_V3,HEREDADO_V3,INGRESO_ORIGEN_IGUAL_INGRESO_INSTITUCIONAL,INGRESO_ORIGEN_IGUAL_INGRESO_INSTITUCIONAL,HEREDADO_V3,HEREDADO_V3,HEREDADO_V3,V7,2026-06-25T11:51:40,SIN_INFORMACION_DE_RESIDENCIA_ASIGNAR_0,INGRESO_ORIGEN_IGUAL_INGRESO_INSTITUCIONAL,CATALOGO_TERRITORIAL_CHILE_SOLO_COINCIDENCIA_INEQUIVOCA,TIPO_RESIDENCIA_ESTUDIANTE|PAIS_ORIGEN|ANIO_INGRESO_CARRERA_ORIGEN|SEM_INGRESO_CARRERA_ORIGEN,SI,2026-06-25 12:16:07,,2026-06-25 14:12:13,,,,2026-06-25T18:26:55
8612,20251ICRE046,ICRE,INGENIERIA EN CONECTIVIDAD Y REDES,2025,1,2025,1,23-01-2025,O,27420835-K,KAREN JOHANNA BARRERA ORJUELA,F,CONVIVIENTE,20-03-1987,CAMINO DE LOS FRESNOS 1133,SANTIAGO,HUECHURABA,56954437862,CAMINO DE LOS FRESNOS 1133,SANTIAGO,HUECHURABA,56954437862,KARENBARRERA07@GMAIL.COM,karen.barrera.orjuela@estudiante.ipss.cl,Colombiana,,56954437862,40031,Colegio No Encontrado,,NO DEFINIDA,SANTIAGO,SANTIAGO,NORMAL,ENSEÑANZA MEDIA  NACIONAL,OTROS,METRO,,,,27420835-K,KAREN JOHANNA,ICRE,,,,,,,Entre $450.001 y $600.000,,2003,1.1,259180511,HEYTHCER DURLAY  PINTO  LUGO,VIGENTE,1 - ALUMNO REGULAR,2,2,2090000,SI,23-01-2025,20,PREC-CONC-0147,148,577,NO,,R,VALIDADO,PRECARGA_NORMALIZADA,ALTA,NO,27420835,VALIDADO,PRECARGA_NORMALIZADA,ALTA,NO,K,VALIDADO,PRECARGA_NORMALIZADA,ALTA,NO,BARRERA,VALIDADO,PRECARGA_NORMALIZADA,ALTA,NO,ORJUELA,VALIDADO,PRECARGA_NORMALIZADA,ALTA,NO,KAREN JOHANNA,VALIDADO,PRECARGA_NORMALIZADA,ALTA,NO,M,VALIDADO,PRECARGA_NORMALIZADA,ALTA,NO,20-03-1987,VALIDADO,PRECARGA_NORMALIZADA,ALTA,NO,41,VALIDADO,PRECARGA_NORMALIZADA,ALTA,NO,0,VALIDADO_POR_REGLA_INSTITUCIONAL,DECISION_INSTITUCIONAL_2026,ALTA,NO,,VACIO_PERMITIDO_POR_REGLA_CONDICIONAL,INSTRUCTIVO_SIES_2026,ALTA,NO,41,VALIDADO,PRECARGA_NORMALIZADA,ALTA,NO,I162S2C3J4V2,VALIDADO,PRECARGA_NORMALIZADA,ALTA,NO,2025,VALIDADO,PRECARGA_NORMALIZADA,ALTA,NO,1,VALIDADO,PRECARGA_NORMALIZADA,ALTA,NO,2025,VALIDADO_POR_REGLA_INSTITUCIONAL,BASE_CONGELADA,ALTA,NO,1,VALIDADO_POR_REGLA_INSTITUCIONAL,BASE_CONGELADA,ALTA,NO,,NO_APLICA,REGLA_CONDICIONAL_MANUAL,MEDIA,NO,,NO_APLICA,REGLA_CONDICIONAL_MANUAL,MEDIA,NO,1,VALIDADO,CIERRE_PENDIENTES_BASE_62,ALTA,NO,APTO,20,0,0,0,0,,,SI,,HEREDADO_V3,HEREDADO_V3,HEREDADO_V3,HEREDADO_V3,HEREDADO_V3,HEREDADO_V3,HEREDADO_V3,HEREDADO_V3,HEREDADO_V3,SIN_INFORMACION_DE_RESIDENCIA_ASIGNAR_0,RESIDENCIA_0_NO_COMPLETAR_PAIS_ORIGEN,HEREDADO_V3,HEREDADO_V3,HEREDADO_V3,HEREDADO_V3,INGRESO_ORIGEN_IGUAL_INGRESO_INSTITUCIONAL,INGRESO_ORIGEN_IGUAL_INGRESO_INSTITUCIONAL,HEREDADO_V3,HEREDADO_V3,HEREDADO_V3,V7,2026-06-25T11:51:40,SIN_INFORMACION_DE_RESIDENCIA_ASIGNAR_0,INGRESO_ORIGEN_IGUAL_INGRESO_INSTITUCIONAL,CATALOGO_TERRITORIAL_CHILE_SOLO_COINCIDENCIA_INEQUIVOCA,TIPO_RESIDENCIA_ESTUDIANTE|PAIS_ORIGEN|ANIO_INGRESO_CARRERA_ORIGEN|SEM_INGRESO_CARRERA_ORIGEN,SI,2026-06-25 12:16:07,,2026-06-25 14:12:13,,,,2026-06-25T18:26:55
7860,20251AUDT004,AUDT,AUDITORIA,2025,1,2025,1,02-12-2024,O,25932250-2,KIBRITH ISIDOR -,M,SOLTERO,22-09-1994,ARBERTO LLONA ,SANTIAGO,MAIPU,56981435221,ARBERTO LLONA ,SANTIAGO,MAIPU,56981435221,KIBRITHISIDOR99@GMAIL.COM,kibrith.isidor.-@estudiante.ipss.cl,Haitiana,,5697997253,40031,Colegio No Encontrado,,NO DEFINIDA,SANTIAGO,SANTIAGO,NORMAL,ENSEÑANZA MEDIA  NACIONAL,MALLAS CURRICULARES,METRO,PAGINA CONTACTO WEB,,,25932250-2,KIBRITH,AUDT,,,,,,,$250.000 ó menos,,2018,0.00,120131893,YASNA MARGARITA BUSTAMANTE VAZQUEZ,ELIMINADO,24 - CAMBIO DE CARRERA,2,1,1920000,,,21,LOC-CONC-0253,,,SI,EVIDENCIA_2025,R,VALIDADO_CON_ADVERTENCIA,BASE_CONGELADA_Y_DATOS_ALUMNOS,MEDIA,NO,25932250,VALIDADO,BASE_CONGELADA,ALTA,NO,2,VALIDADO,BASE_CONGELADA,ALTA,NO,ISIDOR,VALIDADO,DATOS_ALUMNOS,ALTA,NO,-,VALIDADO,DATOS_ALUMNOS,ALTA,NO,KIBRITH,VALIDADO,DATOS_ALUMNOS,ALTA,NO,H,VALIDADO,BASE_CONGELADA_TRANSFORMACION_INSTITUCIONAL,ALTA,NO,22-09-1994,VALIDADO,BASE_CONGELADA,ALTA,NO,78,VALIDADO,BASE_CIERRE_CATALOGO_SIES,ALTA,NO,0,VALIDADO_POR_REGLA_INSTITUCIONAL,DECISION_INSTITUCIONAL_2026,ALTA,NO,,VACIO_PERMITIDO_POR_REGLA_CONDICIONAL,INSTRUCTIVO_SIES_2026,ALTA,NO,38,VALIDADO_POR_REGLA_INSTITUCIONAL,CATALOGO_TERRITORIAL_CHILE,ALTA,NO,I162S2C86J4V1,VALIDADO_DECISION_INSTITUCIONAL,DECISION_INSTITUCIONAL_EXPLICITA,ALTA,NO,2025,VALIDADO,BASE_CONGELADA,ALTA,NO,1,VALIDADO,BASE_CONGELADA,ALTA,NO,2025,VALIDADO_POR_REGLA_INSTITUCIONAL,BASE_CONGELADA,ALTA,NO,1,VALIDADO_POR_REGLA_INSTITUCIONAL,BASE_CONGELADA,ALTA,NO,,NO_APLICA,REGLA_CONDICIONAL_MANUAL,MEDIA,NO,,NO_APLICA,REGLA_CONDICIONAL_MANUAL,MEDIA,NO,1,VALIDADO,AUDITORIA_VIGENCIA_2025_CORREGIDA,ALTA,NO,APTO,19,1,1,0,0,CODIGO_UNICO,,SI,,HEREDADO_V3,HEREDADO_V3,HEREDADO_V3,HEREDADO_V3,HEREDADO_V3,HEREDADO_V3,HEREDADO_V3,HEREDADO_V3,HEREDADO_V3,SIN_INFORMACION_DE_RESIDENCIA_ASIGNAR_0,RESIDENCIA_0_NO_COMPLETAR_PAIS_ORIGEN,COMUNACOLEGIO_COINCIDE_INEQUIVOCAMENTE_CON_COMUNA_CHILENA,DECISION_INSTITUCIONAL_EXPLICITA,HEREDADO_V3,HEREDADO_V3,INGRESO_ORIGEN_IGUAL_INGRESO_INSTITUCIONAL,INGRESO_ORIGEN_IGUAL_INGRESO_INSTITUCIONAL,HEREDADO_V3,HEREDADO_V3,HEREDADO_V3,V7,2026-06-25T11:51:40,SIN_INFORMACION_DE_RESIDENCIA_ASIGNAR_0,INGRESO_ORIGEN_IGUAL_INGRESO_INSTITUCIONAL,CATALOGO_TERRITORIAL_CHILE_SOLO_COINCIDENCIA_INEQUIVOCA,TIPO_RESIDENCIA_ESTUDIANTE|PAIS_ORIGEN|PAIS_ESTUDIOS_SECUNDARIOS|ANIO_INGRESO_CARRERA_ORIGEN|SEM_INGRESO_CARRERA_ORIGEN,SI,2026-06-25 12:16:07,,2026-06-25 14:12:13,,I162S2C86J4V1 | I162S2C86J4V2,EXT-AUDT004-2026-001,2026-06-25T18:26:55
8753,20251IINF115,IINF,INGENIERIA EN INFORMATICA,2025,1,2025,1,07-03-2025,D,100659788-9,LUISA FERNANDA RAMÍREZ GUECHA,F,SOLTERO,18-01-2005,HERMANOS ARELLANO 160,SANTIAGO,ESTACION CENTRAL,56932870148,HERMANOS ARELLANO 160,SANTIAGO,ESTACION CENTRAL,56932870148,FERNANDAGUECHA8@HOTMAIL.COM,luisa.ramirez.guecha@estudiante.ipss.cl,Colombiana,,56931843217,8625,CENTRO EDUCACIONAL  SAN VICENTE DE PAUL,TÉCNICO-PROFESIONAL,PARTICULAR SUBVENCIONADO,SANTIAGO,SANTIAGO,NORMAL,ENSEÑANZA MEDIA  NACIONAL,OTROS,METRO,,,,100659788-9,LUISA FERNANDA,IINF,,,,,,,Entre $250.001 y $450.000,,2023,1.1,154695702,BEATRIZ SOFIA MIRANDA GALLARDO,VIGENTE,1 - ALUMNO REGULAR,2,1,2130000,SI,07-03-2025,22,LOC-CONC-0195,6,747,NO,,P,VALIDADO_CON_ADVERTENCIA,PRECARGA_NORMALIZADA,ALTA,NO,100659788,VALIDADO,PRECARGA_NORMALIZADA,ALTA,NO,,VALIDADO,PRECARGA_NORMALIZADA,ALTA,NO,RAMIREZ,VALIDADO,PRECARGA_NORMALIZADA,ALTA,NO,GUECHA,VALIDADO,PRECARGA_NORMALIZADA,ALTA,NO,LUISA,VALIDADO,PRECARGA_NORMALIZADA,ALTA,NO,M,VALIDADO,PRECARGA_NORMALIZADA,ALTA,NO,18-01-2005,VALIDADO,PRECARGA_NORMALIZADA,ALTA,NO,41,VALIDADO,PRECARGA_NORMALIZADA,ALTA,NO,0,VALIDADO_POR_REGLA_INSTITUCIONAL,DECISION_INSTITUCIONAL_2026,ALTA,NO,,VACIO_PERMITIDO_POR_REGLA_CONDICIONAL,INSTRUCTIVO_SIES_2026,ALTA,NO,41,VALIDADO,PRECARGA_NORMALIZADA,ALTA,NO,I162S2C1J1V2,VALIDADO,PRECARGA_NORMALIZADA,ALTA,NO,2025,VALIDADO,PRECARGA_NORMALIZADA,ALTA,NO,1,VALIDADO,PRECARGA_NORMALIZADA,ALTA,NO,2025,VALIDADO_POR_REGLA_INSTITUCIONAL,BASE_CONGELADA,ALTA,NO,1,VALIDADO_POR_REGLA_INSTITUCIONAL,BASE_CONGELADA,ALTA,NO,,NO_APLICA,REGLA_CONDICIONAL_MANUAL,MEDIA,NO,,NO_APLICA,REGLA_CONDICIONAL_MANUAL,MEDIA,NO,1,VALIDADO,CIERRE_PENDIENTES_BASE_62,ALTA,NO,APTO_CON_ADVERTENCIAS,20,1,0,0,0,,,SI,Validado con advertencias,HEREDADO_V3,HEREDADO_V3,HEREDADO_V3,HEREDADO_V3,HEREDADO_V3,HEREDADO_V3,HEREDADO_V3,HEREDADO_V3,HEREDADO_V3,SIN_INFORMACION_DE_RESIDENCIA_ASIGNAR_0,RESIDENCIA_0_NO_COMPLETAR_PAIS_ORIGEN,HEREDADO_V3,HEREDADO_V3,HEREDADO_V3,HEREDADO_V3,INGRESO_ORIGEN_IGUAL_INGRESO_INSTITUCIONAL,INGRESO_ORIGEN_IGUAL_INGRESO_INSTITUCIONAL,HEREDADO_V3,HEREDADO_V3,HEREDADO_V3,V7,2026-06-25T11:51:40,SIN_INFORMACION_DE_RESIDENCIA_ASIGNAR_0,INGRESO_ORIGEN_IGUAL_INGRESO_INSTITUCIONAL,CATALOGO_TERRITORIAL_CHILE_SOLO_COINCIDENCIA_INEQUIVOCA,TIPO_RESIDENCIA_ESTUDIANTE|PAIS_ORIGEN|ANIO_INGRESO_CARRERA_ORIGEN|SEM_INGRESO_CARRERA_ORIGEN,SI,2026-06-25 12:16:07,,2026-06-25 14:12:13,,,,2026-06-25T18:26:55
8710,20251IINF072,IINF,INGENIERIA EN INFORMATICA,2025,1,2025,1,24-01-2025,V,28700404-4,GREUDY ISRAEL INOA GOMEZ,M,SOLTERO,29-10-2003,SAN PABLO 8648,SANTIAGO,PUDAHUEL,939946629,SAN PABLO 8648,SANTIAGO,PUDAHUEL,939946629,GREUDYINOA29@GMAIL.COM,greudy.inoa.gomez@estudiante.ipss.cl,Dominicana,,932391571,40031,Colegio No Encontrado,,NO DEFINIDA,SANTIAGO,SANTIAGO,NORMAL,ENSEÑANZA MEDIA  NACIONAL,OTROS,METRO,,,,26578570-0,DOMINGA ELIZABETH,IINF,,,,,,,$250.000 ó menos,,2023,1.1,259180511,HEYTHCER DURLAY  PINTO  LUGO,VIGENTE,1 - ALUMNO REGULAR,2,2,2310000,SI,24-01-2025,23,LOC-CONC-0193,,673,NO,,R,VALIDADO,MATRICULA_CONTROL_2025,ALTA,NO,28700404,VALIDADO,MATRICULA_CONTROL_2025,ALTA,NO,4,VALIDADO,MATRICULA_CONTROL_2025,ALTA,NO,INOA,VALIDADO,DATOS_ALUMNOS,ALTA,NO,GOMEZ,VALIDADO,DATOS_ALUMNOS,ALTA,NO,GREUDY ISRAEL,VALIDADO,DATOS_ALUMNOS,ALTA,NO,H,VALIDADO,BASE_CONGELADA_TRANSFORMACION_INSTITUCIONAL,ALTA,NO,29-10-2003,VALIDADO,BASE_CONGELADA,ALTA,NO,149,VALIDADO,BASE_CIERRE_CATALOGO_SIES,ALTA,NO,0,VALIDADO_POR_REGLA_INSTITUCIONAL,DECISION_INSTITUCIONAL_2026,ALTA,NO,,VACIO_PERMITIDO_POR_REGLA_CONDICIONAL,INSTRUCTIVO_SIES_2026,ALTA,NO,38,VALIDADO_POR_REGLA_INSTITUCIONAL,CATALOGO_TERRITORIAL_CHILE,ALTA,NO,I162S2C1J2V4,VALIDADO_DESDE_MATRICULA_UNIFICADA,MATRICULA_UNIFICADA_PUENTE,ALTA,NO,2025,VALIDADO,BASE_CONGELADA,ALTA,NO,1,VALIDADO,BASE_CONGELADA,ALTA,NO,2025,VALIDADO_POR_REGLA_INSTITUCIONAL,BASE_CONGELADA,ALTA,NO,1,VALIDADO_POR_REGLA_INSTITUCIONAL,BASE_CONGELADA,ALTA,NO,,NO_APLICA,REGLA_CONDICIONAL_MANUAL,MEDIA,NO,,NO_APLICA,REGLA_CONDICIONAL_MANUAL,MEDIA,NO,1,VALIDADO,CIERRE_PENDIENTES_BASE_62,ALTA,NO,APTO,20,0,0,0,0,,,SI,,HEREDADO_V3,HEREDADO_V3,HEREDADO_V3,HEREDADO_V3,HEREDADO_V3,HEREDADO_V3,HEREDADO_V3,HEREDADO_V3,HEREDADO_V3,SIN_INFORMACION_DE_RESIDENCIA_ASIGNAR_0,RESIDENCIA_0_NO_COMPLETAR_PAIS_ORIGEN,COMUNACOLEGIO_COINCIDE_INEQUIVOCAMENTE_CON_COMUNA_CHILENA,REGLA_COD_CAR_JOR_VERSION,HEREDADO_V3,HEREDADO_V3,INGRESO_ORIGEN_IGUAL_INGRESO_INSTITUCIONAL,INGRESO_ORIGEN_IGUAL_INGRESO_INSTITUCIONAL,HEREDADO_V3,HEREDADO_V3,HEREDADO_V3,V7,2026-06-25T11:51:40,SIN_INFORMACION_DE_RESIDENCIA_ASIGNAR_0,INGRESO_ORIGEN_IGUAL_INGRESO_INSTITUCIONAL,CATALOGO_TERRITORIAL_CHILE_SOLO_COINCIDENCIA_INEQUIVOCA,TIPO_RESIDENCIA_ESTUDIANTE|PAIS_ORIGEN|PAIS_ESTUDIOS_SECUNDARIOS|ANIO_INGRESO_CARRERA_ORIGEN|SEM_INGRESO_CARRERA_ORIGEN,SI,2026-06-25 12:16:07,,2026-06-25 14:12:13,CODIGO_UNICO_RESUELTO_V6,I162S2C1J2V1 | I162S2C1J2V2 | I162S2C1J2V3 | I162S2C1J2V4,,2026-06-25T18:26:55
8805,20251ILOG026,ILOG,INGENIERIA EN LOGISTICA,2025,1,2025,1,20-11-2024,V,25312121-1,WADLINE LOUIS ,F,SOLTERO,21-06-1986,AVENIDA PORTALES 5662,SANTIAGO,LO PRADO,56930339087,AVENIDA PORTALES 5662,SANTIAGO,LO PRADO,56930339087,WADLINELOUIS8@GMAIL.COM,wadline.louis@estudiante.ipss.cl,Haitiana,,56930339087,9695,LICEO POLIVALENTE EUGENIO PEREIRA SALAS,TÉCNICO-PROFESIONAL,MUNICIPAL DAEM,SANTIAGO,PEDRO AGUIRRE CERDA,NORMAL,ENSEÑANZA MEDIA  NACIONAL,OTROS,METRO,,,,25312121-1,WADLINE,ILOG,,,,,,,Entre $250.001 y $450.000,,2017,1.10,154695702,BEATRIZ SOFIA MIRANDA GALLARDO,VIGENTE,1 - ALUMNO REGULAR,2,2,1880000,SI,20-11-2024,24,PREC-CONC-0070,71,713,NO,,R,VALIDADO,PRECARGA_NORMALIZADA,ALTA,NO,25312121,VALIDADO,PRECARGA_NORMALIZADA,ALTA,NO,1,VALIDADO,PRECARGA_NORMALIZADA,ALTA,NO,LOUIS,VALIDADO,PRECARGA_NORMALIZADA,ALTA,NO,,VACIO_PERMITIDO,SIN_VALOR_ESTRUCTURADO,MEDIA,NO,WADLINE,VALIDADO,PRECARGA_NORMALIZADA,ALTA,NO,M,VALIDADO,PRECARGA_NORMALIZADA,ALTA,NO,21-06-1986,VALIDADO,PRECARGA_NORMALIZADA,ALTA,NO,78,VALIDADO,PRECARGA_NORMALIZADA,ALTA,NO,0,VALIDADO_POR_REGLA_INSTITUCIONAL,DECISION_INSTITUCIONAL_2026,ALTA,NO,,VACIO_PERMITIDO_POR_REGLA_CONDICIONAL,INSTRUCTIVO_SIES_2026,ALTA,NO,38,VALIDADO,PRECARGA_NORMALIZADA,ALTA,NO,I162S2C77J2V1,VALIDADO,PRECARGA_NORMALIZADA,ALTA,NO,2025,VALIDADO,PRECARGA_NORMALIZADA,ALTA,NO,1,VALIDADO,PRECARGA_NORMALIZADA,ALTA,NO,2025,VALIDADO_POR_REGLA_INSTITUCIONAL,BASE_CONGELADA,ALTA,NO,1,VALIDADO_POR_REGLA_INSTITUCIONAL,BASE_CONGELADA,ALTA,NO,,NO_APLICA,REGLA_CONDICIONAL_MANUAL,MEDIA,NO,,NO_APLICA,REGLA_CONDICIONAL_MANUAL,MEDIA,NO,1,VALIDADO,CIERRE_PENDIENTES_BASE_62,ALTA,NO,APTO,20,0,0,0,0,,,SI,,HEREDADO_V3,HEREDADO_V3,HEREDADO_V3,HEREDADO_V3,HEREDADO_V3,HEREDADO_V3,HEREDADO_V3,HEREDADO_V3,HEREDADO_V3,SIN_INFORMACION_DE_RESIDENCIA_ASIGNAR_0,RESIDENCIA_0_NO_COMPLETAR_PAIS_ORIGEN,HEREDADO_V3,HEREDADO_V3,HEREDADO_V3,HEREDADO_V3,INGRESO_ORIGEN_IGUAL_INGRESO_INSTITUCIONAL,INGRESO_ORIGEN_IGUAL_INGRESO_INSTITUCIONAL,HEREDADO_V3,HEREDADO_V3,HEREDADO_V3,V7,2026-06-25T11:51:40,SIN_INFORMACION_DE_RESIDENCIA_ASIGNAR_0,INGRESO_ORIGEN_IGUAL_INGRESO_INSTITUCIONAL,CATALOGO_TERRITORIAL_CHILE_SOLO_COINCIDENCIA_INEQUIVOCA,TIPO_RESIDENCIA_ESTUDIANTE|PAIS_ORIGEN|ANIO_INGRESO_CARRERA_ORIGEN|SEM_INGRESO_CARRERA_ORIGEN,SI,2026-06-25 12:16:07,,2026-06-25 14:12:13,,,,2026-06-25T18:26:55
8893,20251TADP021,TADP,TECNICO EN ADMINISTRACION PUBLICA,2025,1,2025,1,28-02-2025,O,24689509-0,MELISA TANIA MAULEN ,F,CASADO,08-03-1991,SAN GERMÁN 892,SANTIAGO,LO PRADO,56965150259,SAN GERMÁN 892,SANTIAGO,LO PRADO,56965150259,MELISATMAULEN@GMAIL.COM,melisa.maulen.-@estudiante.ipss.cl,Argentina,,56965150269,40031,Colegio No Encontrado,,NO DEFINIDA,SANTIAGO,SANTIAGO,NORMAL,ENSEÑANZA MEDIA  NACIONAL,OTROS,METRO,,,,24689509-0,MELISA TANIA,TADP,,,,,,,Entre $250.001 y $450.000,,2022,1.10,154695702,BEATRIZ SOFIA MIRANDA GALLARDO,VIGENTE,1 - ALUMNO REGULAR,2,2,1920000,SI,28-02-2025,25,PREC-CONC-0059,60,505,NO,,R,VALIDADO,PRECARGA_NORMALIZADA,ALTA,NO,24689509,VALIDADO,PRECARGA_NORMALIZADA,ALTA,NO,0,VALIDADO,PRECARGA_NORMALIZADA,ALTA,NO,MAULEN,VALIDADO,PRECARGA_NORMALIZADA,ALTA,NO,,VACIO_PERMITIDO,SIN_VALOR_ESTRUCTURADO,MEDIA,NO,MELISA TANIA,VALIDADO,PRECARGA_NORMALIZADA,ALTA,NO,M,VALIDADO,PRECARGA_NORMALIZADA,ALTA,NO,08-03-1991,VALIDADO,PRECARGA_NORMALIZADA,ALTA,NO,9,VALIDADO,PRECARGA_NORMALIZADA,ALTA,NO,0,VALIDADO_POR_REGLA_INSTITUCIONAL,DECISION_INSTITUCIONAL_2026,ALTA,NO,,VACIO_PERMITIDO_POR_REGLA_CONDICIONAL,INSTRUCTIVO_SIES_2026,ALTA,NO,9,VALIDADO,PRECARGA_NORMALIZADA,ALTA,NO,I162S2C84J4V1,VALIDADO,PRECARGA_NORMALIZADA,ALTA,NO,2025,VALIDADO,PRECARGA_NORMALIZADA,ALTA,NO,1,VALIDADO,PRECARGA_NORMALIZADA,ALTA,NO,2025,VALIDADO_POR_REGLA_INSTITUCIONAL,BASE_CONGELADA,ALTA,NO,1,VALIDADO_POR_REGLA_INSTITUCIONAL,BASE_CONGELADA,ALTA,NO,,NO_APLICA,REGLA_CONDICIONAL_MANUAL,MEDIA,NO,,NO_APLICA,REGLA_CONDICIONAL_MANUAL,MEDIA,NO,1,VALIDADO,CIERRE_PENDIENTES_BASE_62,ALTA,NO,APTO,20,0,0,0,0,,,SI,,HEREDADO_V3,HEREDADO_V3,HEREDADO_V3,HEREDADO_V3,HEREDADO_V3,HEREDADO_V3,HEREDADO_V3,HEREDADO_V3,HEREDADO_V3,SIN_INFORMACION_DE_RESIDENCIA_ASIGNAR_0,RESIDENCIA_0_NO_COMPLETAR_PAIS_ORIGEN,HEREDADO_V3,HEREDADO_V3,HEREDADO_V3,HEREDADO_V3,INGRESO_ORIGEN_IGUAL_INGRESO_INSTITUCIONAL,INGRESO_ORIGEN_IGUAL_INGRESO_INSTITUCIONAL,HEREDADO_V3,HEREDADO_V3,HEREDADO_V3,V7,2026-06-25T11:51:40,SIN_INFORMACION_DE_RESIDENCIA_ASIGNAR_0,INGRESO_ORIGEN_IGUAL_INGRESO_INSTITUCIONAL,CATALOGO_TERRITORIAL_CHILE_SOLO_COINCIDENCIA_INEQUIVOCA,TIPO_RESIDENCIA_ESTUDIANTE|PAIS_ORIGEN|ANIO_INGRESO_CARRERA_ORIGEN|SEM_INGRESO_CARRERA_ORIGEN,SI,2026-06-25 12:16:07,,2026-06-25 14:12:13,,,,2026-06-25T18:26:55
9098,20251TCIB062,TCIB,TECNICO EN CIBERSEGURIDAD,2025,1,2025,1,30-01-2025,O,25170974-2,PEDRO ENRIQUE VASQUEZ CHUQUIJAJAS,M,SOLTERO,02-05-1996,VILLASANA 2045,SANTIAGO,QUINTA NORMAL,56936231099,VILLASANA 2045,SANTIAGO,QUINTA NORMAL,56936231099,PEDRO.CODE96@GMAIL.COM,pedro.vasquez.chuquijajas@estudiante.ipss.cl,Peruana,,56936231099,40031,Colegio No Encontrado,,NO DEFINIDA,SANTIAGO,SANTIAGO,NORMAL,ENSEÑANZA MEDIA  NACIONAL,OTROS,METRO,,,,25170974-2,PEDRO ENRIQUE,TCIB,,,,,,,Entre $250.001 y $450.000,,2023,1.1,154695702,BEATRIZ SOFIA MIRANDA GALLARDO,VIGENTE,1 - ALUMNO REGULAR,2,2,2250000,SI,30-01-2025,26,PREC-CONC-0065,66,1010,NO,,R,VALIDADO,PRECARGA_NORMALIZADA,ALTA,NO,25170974,VALIDADO,PRECARGA_NORMALIZADA,ALTA,NO,2,VALIDADO,PRECARGA_NORMALIZADA,ALTA,NO,VASQUEZ,VALIDADO,PRECARGA_NORMALIZADA,ALTA,NO,CHUQUIJAJAS,VALIDADO,PRECARGA_NORMALIZADA,ALTA,NO,PEDRO ENRIQUE,VALIDADO,PRECARGA_NORMALIZADA,ALTA,NO,H,VALIDADO,PRECARGA_NORMALIZADA,ALTA,NO,02-05-1996,VALIDADO,PRECARGA_NORMALIZADA,ALTA,NO,142,VALIDADO,PRECARGA_NORMALIZADA,ALTA,NO,0,VALIDADO_POR_REGLA_INSTITUCIONAL,DECISION_INSTITUCIONAL_2026,ALTA,NO,,VACIO_PERMITIDO_POR_REGLA_CONDICIONAL,INSTRUCTIVO_SIES_2026,ALTA,NO,142,VALIDADO,PRECARGA_NORMALIZADA,ALTA,NO,I162S2C47J4V1,VALIDADO,PRECARGA_NORMALIZADA,ALTA,NO,2025,VALIDADO,PRECARGA_NORMALIZADA,ALTA,NO,1,VALIDADO,PRECARGA_NORMALIZADA,ALTA,NO,2025,VALIDADO_POR_REGLA_INSTITUCIONAL,BASE_CONGELADA,ALTA,NO,1,VALIDADO_POR_REGLA_INSTITUCIONAL,BASE_CONGELADA,ALTA,NO,,NO_APLICA,REGLA_CONDICIONAL_MANUAL,MEDIA,NO,,NO_APLICA,REGLA_CONDICIONAL_MANUAL,MEDIA,NO,1,VALIDADO,CIERRE_PENDIENTES_BASE_62,ALTA,NO,APTO,20,0,0,0,0,,,SI,,HEREDADO_V3,HEREDADO_V3,HEREDADO_V3,HEREDADO_V3,HEREDADO_V3,HEREDADO_V3,HEREDADO_V3,HEREDADO_V3,HEREDADO_V3,SIN_INFORMACION_DE_RESIDENCIA_ASIGNAR_0,RESIDENCIA_0_NO_COMPLETAR_PAIS_ORIGEN,HEREDADO_V3,HEREDADO_V3,HEREDADO_V3,HEREDADO_V3,INGRESO_ORIGEN_IGUAL_INGRESO_INSTITUCIONAL,INGRESO_ORIGEN_IGUAL_INGRESO_INSTITUCIONAL,HEREDADO_V3,HEREDADO_V3,HEREDADO_V3,V7,2026-06-25T11:51:40,SIN_INFORMACION_DE_RESIDENCIA_ASIGNAR_0,INGRESO_ORIGEN_IGUAL_INGRESO_INSTITUCIONAL,CATALOGO_TERRITORIAL_CHILE_SOLO_COINCIDENCIA_INEQUIVOCA,TIPO_RESIDENCIA_ESTUDIANTE|PAIS_ORIGEN|ANIO_INGRESO_CARRERA_ORIGEN|SEM_INGRESO_CARRERA_ORIGEN,SI,2026-06-25 12:16:07,,2026-06-25 14:12:13,,,,2026-06-25T18:26:55
9083,20251TCIB047,TCIB,TECNICO EN CIBERSEGURIDAD,2025,1,2025,1,28-12-2024,O,25650589-4,LUVIAN ALEXIS GONZALEZ MARTINEZ,F,SOLTERO,28-11-1991,AV EL DESCANSO 114,SANTIAGO,MAIPU,56940875859,AV EL DESCANSO 114,SANTIAGO,MAIPU,56940875859,LUVI.GONZALEZ.LG@GMAIL.COM,luvian.gonzalez.martinez@estudiante.ipss.cl,Venezolana,,56940875859,40031,Colegio No Encontrado,,NO DEFINIDA,SANTIAGO,SANTIAGO,NORMAL,ENSEÑANZA MEDIA  NACIONAL,OTROS,METRO,,,,25650589-4,LUVIAN ALEXIS,TCIB,,,,,,,Entre $250.001 y $450.000,,2023,1.1,154695702,BEATRIZ SOFIA MIRANDA GALLARDO,VIGENTE,1 - ALUMNO REGULAR,2,2,2250000,SI,28-12-2024,27,PREC-CONC-0078,79,938,NO,,R,VALIDADO,PRECARGA_NORMALIZADA,ALTA,NO,25650589,VALIDADO,PRECARGA_NORMALIZADA,ALTA,NO,4,VALIDADO,PRECARGA_NORMALIZADA,ALTA,NO,GONZALEZ,VALIDADO,PRECARGA_NORMALIZADA,ALTA,NO,MARTINEZ,VALIDADO,PRECARGA_NORMALIZADA,ALTA,NO,LUVIAN ALEXIS,VALIDADO,PRECARGA_NORMALIZADA,ALTA,NO,M,VALIDADO,PRECARGA_NORMALIZADA,ALTA,NO,28-11-1991,VALIDADO,PRECARGA_NORMALIZADA,ALTA,NO,192,VALIDADO,PRECARGA_NORMALIZADA,ALTA,NO,0,VALIDADO_POR_REGLA_INSTITUCIONAL,DECISION_INSTITUCIONAL_2026,ALTA,NO,,VACIO_PERMITIDO_POR_REGLA_CONDICIONAL,INSTRUCTIVO_SIES_2026,ALTA,NO,192,VALIDADO,PRECARGA_NORMALIZADA,ALTA,NO,I162S2C47J4V1,VALIDADO,PRECARGA_NORMALIZADA,ALTA,NO,2025,VALIDADO,PRECARGA_NORMALIZADA,ALTA,NO,1,VALIDADO,PRECARGA_NORMALIZADA,ALTA,NO,2025,VALIDADO_POR_REGLA_INSTITUCIONAL,BASE_CONGELADA,ALTA,NO,1,VALIDADO_POR_REGLA_INSTITUCIONAL,BASE_CONGELADA,ALTA,NO,,NO_APLICA,REGLA_CONDICIONAL_MANUAL,MEDIA,NO,,NO_APLICA,REGLA_CONDICIONAL_MANUAL,MEDIA,NO,1,VALIDADO,CIERRE_PENDIENTES_BASE_62,ALTA,NO,APTO,20,0,0,0,0,,,SI,,HEREDADO_V3,HEREDADO_V3,HEREDADO_V3,HEREDADO_V3,HEREDADO_V3,HEREDADO_V3,HEREDADO_V3,HEREDADO_V3,HEREDADO_V3,SIN_INFORMACION_DE_RESIDENCIA_ASIGNAR_0,RESIDENCIA_0_NO_COMPLETAR_PAIS_ORIGEN,HEREDADO_V3,HEREDADO_V3,HEREDADO_V3,HEREDADO_V3,INGRESO_ORIGEN_IGUAL_INGRESO_INSTITUCIONAL,INGRESO_ORIGEN_IGUAL_INGRESO_INSTITUCIONAL,HEREDADO_V3,HEREDADO_V3,HEREDADO_V3,V7,2026-06-25T11:51:40,SIN_INFORMACION_DE_RESIDENCIA_ASIGNAR_0,INGRESO_ORIGEN_IGUAL_INGRESO_INSTITUCIONAL,CATALOGO_TERRITORIAL_CHILE_SOLO_COINCIDENCIA_INEQUIVOCA,TIPO_RESIDENCIA_ESTUDIANTE|PAIS_ORIGEN|ANIO_INGRESO_CARRERA_ORIGEN|SEM_INGRESO_CARRERA_ORIGEN,SI,2026-06-25 12:16:07,,2026-06-25 14:12:13,,,,2026-06-25T18:26:55
9090,20251TCIB054,TCIB,TECNICO EN CIBERSEGURIDAD,2025,1,2025,1,15-01-2025,O,26645978-5,GHEYMER DAVID COLMENARES TORRES,M,SOLTERO,24-08-2006,CARLOS EDWARDS 1150 CASA K,SANTIAGO,SAN MIGUEL,56932988963,CARLOS EDWARDS 1150 CASA K,SANTIAGO,SAN MIGUEL,56932988963,gheymerdavid@gmail.com,gheymer.colmenares.torres@estudiante.ipss.cl,Venezolana,,56953532112,12260,LICEO OBISPO AUGUSTO SALINAS FUENZALIDA,CIENTIFICO-HUMANISTA,PARTICULAR SUBVENCIONADO,SANTIAGO,SANTIAGO,NORMAL,ENSEÑANZA MEDIA  NACIONAL,OTROS,METRO,,,,26645978-5,GHEYMER DAVID,TCIB,,,,,,,$250.000 ó menos,,2024,1.10,180205780,MARIA ALEJANDRA GARRIDO CATALA,VIGENTE,20 - VIGENTE SIN ACTIVIDAD ACADEMICA,2,1,2250000,SI,15-01-2025,28,PREC-CONC-0119,120,1636,NO,,R,VALIDADO,PRECARGA_NORMALIZADA,ALTA,NO,26645978,VALIDADO,PRECARGA_NORMALIZADA,ALTA,NO,5,VALIDADO,PRECARGA_NORMALIZADA,ALTA,NO,COLMENARES,VALIDADO,PRECARGA_NORMALIZADA,ALTA,NO,TORRES,VALIDADO,PRECARGA_NORMALIZADA,ALTA,NO,GHEYMER DAVID,VALIDADO,PRECARGA_NORMALIZADA,ALTA,NO,H,VALIDADO,PRECARGA_NORMALIZADA,ALTA,NO,24-08-2006,VALIDADO,PRECARGA_NORMALIZADA,ALTA,NO,192,VALIDADO,PRECARGA_NORMALIZADA,ALTA,NO,0,VALIDADO_POR_REGLA_INSTITUCIONAL,DECISION_INSTITUCIONAL_2026,ALTA,NO,,VACIO_PERMITIDO_POR_REGLA_CONDICIONAL,INSTRUCTIVO_SIES_2026,ALTA,NO,38,VALIDADO,PRECARGA_NORMALIZADA,ALTA,NO,I162S2C47J4V1,VALIDADO,PRECARGA_NORMALIZADA,ALTA,NO,2025,VALIDADO,PRECARGA_NORMALIZADA,ALTA,NO,1,VALIDADO,PRECARGA_NORMALIZADA,ALTA,NO,2025,VALIDADO_POR_REGLA_INSTITUCIONAL,BASE_CONGELADA,ALTA,NO,1,VALIDADO_POR_REGLA_INSTITUCIONAL,BASE_CONGELADA,ALTA,NO,,NO_APLICA,REGLA_CONDICIONAL_MANUAL,MEDIA,NO,,NO_APLICA,REGLA_CONDICIONAL_MANUAL,MEDIA,NO,1,VALIDADO,CIERRE_PENDIENTES_BASE_62,ALTA,NO,APTO,20,0,0,0,0,,,SI,,HEREDADO_V3,HEREDADO_V3,HEREDADO_V3,HEREDADO_V3,HEREDADO_V3,HEREDADO_V3,HEREDADO_V3,HEREDADO_V3,HEREDADO_V3,SIN_INFORMACION_DE_RESIDENCIA_ASIGNAR_0,RESIDENCIA_0_NO_COMPLETAR_PAIS_ORIGEN,HEREDADO_V3,HEREDADO_V3,HEREDADO_V3,HEREDADO_V3,INGRESO_ORIGEN_IGUAL_INGRESO_INSTITUCIONAL,INGRESO_ORIGEN_IGUAL_INGRESO_INSTITUCIONAL,HEREDADO_V3,HEREDADO_V3,HEREDADO_V3,V7,2026-06-25T11:51:40,SIN_INFORMACION_DE_RESIDENCIA_ASIGNAR_0,INGRESO_ORIGEN_IGUAL_INGRESO_INSTITUCIONAL,CATALOGO_TERRITORIAL_CHILE_SOLO_COINCIDENCIA_INEQUIVOCA,TIPO_RESIDENCIA_ESTUDIANTE|PAIS_ORIGEN|ANIO_INGRESO_CARRERA_ORIGEN|SEM_INGRESO_CARRERA_ORIGEN,SI,2026-06-25 12:16:07,,2026-06-25 14:12:13,,,,2026-06-25T18:26:55
9100,20251TCIB064,TCIB,TECNICO EN CIBERSEGURIDAD,2025,1,2025,1,04-02-2025,V,26675477-9,DIEGO  NOVACHI DE LIMA,M,SOLTERO,22-05-1990,AVENIDA LAGO BOLSENA 18317,SANTIAGO,MAIPU,56937338809,AVENIDA LAGO BOLSENA 18317,SANTIAGO,MAIPU,56937338809,NOVACHI.LIMA@GMAIL.COM,diego.novachi.delima@estudiante.ipss.cl,Brasileña,,56991088788,40031,Colegio No Encontrado,,NO DEFINIDA,SANTIAGO,SANTIAGO,NORMAL,ENSEÑANZA MEDIA  NACIONAL,OTROS,METRO,,,,26675477-9,DIEGO,TCIB,,,,,,,Entre $450.001 y $600.000,,2019,1.1,259180511,HEYTHCER DURLAY  PINTO  LUGO,VIGENTE,1 - ALUMNO REGULAR,2,2,2270000,SI,04-02-2025,29,PREC-CONC-0121,122,795,NO,,R,VALIDADO,PRECARGA_NORMALIZADA,ALTA,NO,26675477,VALIDADO,PRECARGA_NORMALIZADA,ALTA,NO,9,VALIDADO,PRECARGA_NORMALIZADA,ALTA,NO,NOVACHI,VALIDADO,PRECARGA_NORMALIZADA,ALTA,NO,DE LIMA,VALIDADO,PRECARGA_NORMALIZADA,ALTA,NO,DIEGO,VALIDADO,PRECARGA_NORMALIZADA,ALTA,NO,H,VALIDADO,PRECARGA_NORMALIZADA,ALTA,NO,22-05-1990,VALIDADO,PRECARGA_NORMALIZADA,ALTA,NO,26,VALIDADO,PRECARGA_NORMALIZADA,ALTA,NO,0,VALIDADO_POR_REGLA_INSTITUCIONAL,DECISION_INSTITUCIONAL_2026,ALTA,NO,,VACIO_PERMITIDO_POR_REGLA_CONDICIONAL,INSTRUCTIVO_SIES_2026,ALTA,NO,26,VALIDADO,PRECARGA_NORMALIZADA,ALTA,NO,I162S2C47J2V1,VALIDADO,CANDIDATOS_19_COINCIDENCIAS_MULTIPLES,ALTA,NO,2025,VALIDADO,PRECARGA_NORMALIZADA,ALTA,NO,1,VALIDADO,PRECARGA_NORMALIZADA,ALTA,NO,2025,VALIDADO_POR_REGLA_INSTITUCIONAL,BASE_CONGELADA,ALTA,NO,1,VALIDADO_POR_REGLA_INSTITUCIONAL,BASE_CONGELADA,ALTA,NO,,NO_APLICA,REGLA_CONDICIONAL_MANUAL,MEDIA,NO,,NO_APLICA,REGLA_CONDICIONAL_MANUAL,MEDIA,NO,1,VALIDADO,CIERRE_PENDIENTES_BASE_62,ALTA,NO,APTO,20,0,0,0,0,,,SI,,HEREDADO_V3,HEREDADO_V3,HEREDADO_V3,HEREDADO_V3,HEREDADO_V3,HEREDADO_V3,HEREDADO_V3,HEREDADO_V3,HEREDADO_V3,SIN_INFORMACION_DE_RESIDENCIA_ASIGNAR_0,RESIDENCIA_0_NO_COMPLETAR_PAIS_ORIGEN,HEREDADO_V3,HEREDADO_V3,HEREDADO_V3,HEREDADO_V3,INGRESO_ORIGEN_IGUAL_INGRESO_INSTITUCIONAL,INGRESO_ORIGEN_IGUAL_INGRESO_INSTITUCIONAL,HEREDADO_V3,HEREDADO_V3,HEREDADO_V3,V7,2026-06-25T11:51:40,SIN_INFORMACION_DE_RESIDENCIA_ASIGNAR_0,INGRESO_ORIGEN_IGUAL_INGRESO_INSTITUCIONAL,CATALOGO_TERRITORIAL_CHILE_SOLO_COINCIDENCIA_INEQUIVOCA,TIPO_RESIDENCIA_ESTUDIANTE|PAIS_ORIGEN|ANIO_INGRESO_CARRERA_ORIGEN|SEM_INGRESO_CARRERA_ORIGEN,SI,2026-06-25 12:16:07,,2026-06-25 14:12:13,,,,2026-06-25T18:26:55
9185,20251TCRE046,TCRE,TECNICO EN CONECTIVIDAD Y REDES,2025,1,2025,1,25-03-2025,V,26389819-2,ALEXANDRE BEDENS BEDENS,M,SOLTERO,15-12-1996,POETA PEDRO PRADO  1681,SANTIAGO,QUINTA NORMAL,977332104,POETA PEDRO PRADO  1681,SANTIAGO,QUINTA NORMAL,977332104,Dendenky30@gmail.com,alexandre.bedens.bedens@estudiante.ipss.cl,Haitiana,,977332104,24754,COMP. DE ADUL. PROF. GEORGINA SALAS DINA,CIENTIFICO-HUMANISTA,COORPORACION MUNICIPAL,SANTIAGO,CERRO NAVIA,NORMAL,ENSEÑANZA MEDIA  NACIONAL,OTROS,METRO,,,,25423942-9,WILDONA,TCRE,,,,,,,Entre $450.001 y $600.000,,2023,1.1,120157604,SANDRA MARIANELA SEPULVEDA RIVERA,VIGENTE,20 - VIGENTE SIN ACTIVIDAD ACADEMICA,2,1,2350000,SI,25-03-2025,30,PREC-CONC-0102,103,2126,SI,COINCIDENCIA_MULTIPLE,R,VALIDADO,PRECARGA_NORMALIZADA,ALTA,NO,26389819,VALIDADO,PRECARGA_NORMALIZADA,ALTA,NO,2,VALIDADO,PRECARGA_NORMALIZADA,ALTA,NO,BEDENS,VALIDADO,PRECARGA_NORMALIZADA,ALTA,NO,BEDENS,VALIDADO,PRECARGA_NORMALIZADA,ALTA,NO,ALEXANDRE,VALIDADO,PRECARGA_NORMALIZADA,ALTA,NO,H,VALIDADO,PRECARGA_NORMALIZADA,ALTA,NO,15-12-1996,VALIDADO,PRECARGA_NORMALIZADA,ALTA,NO,78,VALIDADO,PRECARGA_NORMALIZADA,ALTA,NO,0,VALIDADO_POR_REGLA_INSTITUCIONAL,DECISION_INSTITUCIONAL_2026,ALTA,NO,,VACIO_PERMITIDO_POR_REGLA_CONDICIONAL,INSTRUCTIVO_SIES_2026,ALTA,NO,78,VALIDADO,PRECARGA_NORMALIZADA,ALTA,NO,I162S2C6J2V2,VALIDADO,BUSQUEDA_FINAL_V3,ALTA,NO,2025,VALIDADO,PRECARGA_NORMALIZADA,ALTA,NO,1,VALIDADO,PRECARGA_NORMALIZADA,ALTA,NO,2025,VALIDADO_POR_REGLA_INSTITUCIONAL,BASE_CONGELADA,ALTA,NO,1,VALIDADO_POR_REGLA_INSTITUCIONAL,BASE_CONGELADA,ALTA,NO,,NO_APLICA,REGLA_CONDICIONAL_MANUAL,MEDIA,NO,,NO_APLICA,REGLA_CONDICIONAL_MANUAL,MEDIA,NO,1,VALIDADO,CIERRE_PENDIENTES_BASE_62,ALTA,NO,APTO,20,0,0,0,0,,,SI,,HEREDADO_V3,HEREDADO_V3,HEREDADO_V3,HEREDADO_V3,HEREDADO_V3,HEREDADO_V3,HEREDADO_V3,HEREDADO_V3,HEREDADO_V3,SIN_INFORMACION_DE_RESIDENCIA_ASIGNAR_0,RESIDENCIA_0_NO_COMPLETAR_PAIS_ORIGEN,HEREDADO_V3,HEREDADO_V3,HEREDADO_V3,HEREDADO_V3,INGRESO_ORIGEN_IGUAL_INGRESO_INSTITUCIONAL,INGRESO_ORIGEN_IGUAL_INGRESO_INSTITUCIONAL,HEREDADO_V3,HEREDADO_V3,HEREDADO_V3,V7,2026-06-25T11:51:40,SIN_INFORMACION_DE_RESIDENCIA_ASIGNAR_0,INGRESO_ORIGEN_IGUAL_INGRESO_INSTITUCIONAL,CATALOGO_TERRITORIAL_CHILE_SOLO_COINCIDENCIA_INEQUIVOCA,TIPO_RESIDENCIA_ESTUDIANTE|PAIS_ORIGEN|ANIO_INGRESO_CARRERA_ORIGEN|SEM_INGRESO_CARRERA_ORIGEN,SI,2026-06-25 12:16:07,,2026-06-25 14:12:13,,,,2026-06-25T18:26:55
9163,20251TCRE024,TCRE,TECNICO EN CONECTIVIDAD Y REDES,2025,1,2025,1,08-01-2025,O,26820318-4,JOSÉ ANTONIO VARGAS EGUEZ,M,SOLTERO,03-07-1993,GRECIA 2885,CALAMA,CALAMA,56941853406,GRECIA 2885,CALAMA,CALAMA,56941853406,jhosevargas-93@outlook.com,jose.vargas.eguez@estudiante.ipss.cl,Boliviana,CELVIRA EGUEZ (MADRE),98539643,40031,Colegio No Encontrado,,NO DEFINIDA,SANTIAGO,SANTIAGO,NORMAL,EXTRANJERO,MALLAS CURRICULARES,RECOMENDACION DE OTRO,PAGINA CONTACTO WEB,,,26820318-4,JOSE ANTONIO,TCRE,,,,,,,Entre $600.001 y $800.000,,2013,1.10,104974252,MARIELA YAÑEZ VIDAL,VIGENTE,1 - ALUMNO REGULAR,2,2,2090000,SI,08-01-2025,31,PREC-CONC-0126,127,927,NO,,R,VALIDADO,PRECARGA_NORMALIZADA,ALTA,NO,26820318,VALIDADO,PRECARGA_NORMALIZADA,ALTA,NO,4,VALIDADO,PRECARGA_NORMALIZADA,ALTA,NO,VARGAS,VALIDADO,PRECARGA_NORMALIZADA,ALTA,NO,EGUEZ,VALIDADO,PRECARGA_NORMALIZADA,ALTA,NO,JOSE ANTONIO,VALIDADO,PRECARGA_NORMALIZADA,ALTA,NO,H,VALIDADO,PRECARGA_NORMALIZADA,ALTA,NO,03-07-1993,VALIDADO,PRECARGA_NORMALIZADA,ALTA,NO,23,VALIDADO,PRECARGA_NORMALIZADA,ALTA,NO,0,VALIDADO_POR_REGLA_INSTITUCIONAL,DECISION_INSTITUCIONAL_2026,ALTA,NO,,VACIO_PERMITIDO_POR_REGLA_CONDICIONAL,INSTRUCTIVO_SIES_2026,ALTA,NO,23,VALIDADO,PRECARGA_NORMALIZADA,ALTA,NO,I162S2C6J4V2,VALIDADO,PRECARGA_NORMALIZADA,ALTA,NO,2025,VALIDADO,PRECARGA_NORMALIZADA,ALTA,NO,1,VALIDADO,PRECARGA_NORMALIZADA,ALTA,NO,2025,VALIDADO_POR_REGLA_INSTITUCIONAL,BASE_CONGELADA,ALTA,NO,1,VALIDADO_POR_REGLA_INSTITUCIONAL,BASE_CONGELADA,ALTA,NO,,NO_APLICA,REGLA_CONDICIONAL_MANUAL,MEDIA,NO,,NO_APLICA,REGLA_CONDICIONAL_MANUAL,MEDIA,NO,1,VALIDADO,CIERRE_PENDIENTES_BASE_62,ALTA,NO,APTO,20,0,0,0,0,,,SI,,HEREDADO_V3,HEREDADO_V3,HEREDADO_V3,HEREDADO_V3,HEREDADO_V3,HEREDADO_V3,HEREDADO_V3,HEREDADO_V3,HEREDADO_V3,SIN_INFORMACION_DE_RESIDENCIA_ASIGNAR_0,RESIDENCIA_0_NO_COMPLETAR_PAIS_ORIGEN,HEREDADO_V3,HEREDADO_V3,HEREDADO_V3,HEREDADO_V3,INGRESO_ORIGEN_IGUAL_INGRESO_INSTITUCIONAL,INGRESO_ORIGEN_IGUAL_INGRESO_INSTITUCIONAL,HEREDADO_V3,HEREDADO_V3,HEREDADO_V3,V7,2026-06-25T11:51:40,SIN_INFORMACION_DE_RESIDENCIA_ASIGNAR_0,INGRESO_ORIGEN_IGUAL_INGRESO_INSTITUCIONAL,CATALOGO_TERRITORIAL_CHILE_SOLO_COINCIDENCIA_INEQUIVOCA,TIPO_RESIDENCIA_ESTUDIANTE|PAIS_ORIGEN|ANIO_INGRESO_CARRERA_ORIGEN|SEM_INGRESO_CARRERA_ORIGEN,SI,2026-06-25 12:16:07,,2026-06-25 14:12:13,,,,2026-06-25T18:26:55
9251,20251TENS066,TENS,TECNICO EN ENFERMERIA,2025,1,2025,1,16-01-2025,D,26124643-0,MYRDLINE JEANTY ,F,CASADO,17-05-1997,LAGOS PARINACOTA 3735,SANTIAGO,MACUL,56945980336,LAGOS PARINACOTA 3735,SANTIAGO,MACUL,56945980336,MYRDLINEJEANTY@GMAIL.COM,myrdline.jeanty.jeanty@estudiante.ipss.cl,Haitiana,,56945980336,2635,LICEO AGUSTIN ROSS EDWARDS,CIENTIFICO-HUMANISTA,MUNICIPAL DAEM,PICHILEMU,PICHILEMU,NORMAL,ENSEÑANZA MEDIA  NACIONAL,OTROS,METRO,,,,26120696-k,JEANTY,TENS,,,,,,,Entre $250.001 y $450.000,,2020,1.10,154695702,BEATRIZ SOFIA MIRANDA GALLARDO,VIGENTE,1 - ALUMNO REGULAR,2,1,1990000,SI,16-01-2025,32,PREC-CONC-0090,91,928,NO,,R,VALIDADO,PRECARGA_NORMALIZADA,ALTA,NO,26124643,VALIDADO,PRECARGA_NORMALIZADA,ALTA,NO,0,VALIDADO,PRECARGA_NORMALIZADA,ALTA,NO,JEANTY,VALIDADO,PRECARGA_NORMALIZADA,ALTA,NO,,VACIO_PERMITIDO,SIN_VALOR_ESTRUCTURADO,MEDIA,NO,MYRDLINE,VALIDADO,PRECARGA_NORMALIZADA,ALTA,NO,M,VALIDADO,PRECARGA_NORMALIZADA,ALTA,NO,17-05-1997,VALIDADO,PRECARGA_NORMALIZADA,ALTA,NO,78,VALIDADO,PRECARGA_NORMALIZADA,ALTA,NO,0,VALIDADO_POR_REGLA_INSTITUCIONAL,DECISION_INSTITUCIONAL_2026,ALTA,NO,,VACIO_PERMITIDO_POR_REGLA_CONDICIONAL,INSTRUCTIVO_SIES_2026,ALTA,NO,78,VALIDADO,PRECARGA_NORMALIZADA,ALTA,NO,I162S2C91J1V1,VALIDADO,PRECARGA_NORMALIZADA,ALTA,NO,2025,VALIDADO,PRECARGA_NORMALIZADA,ALTA,NO,1,VALIDADO,PRECARGA_NORMALIZADA,ALTA,NO,2025,VALIDADO_POR_REGLA_INSTITUCIONAL,BASE_CONGELADA,ALTA,NO,1,VALIDADO_POR_REGLA_INSTITUCIONAL,BASE_CONGELADA,ALTA,NO,,NO_APLICA,REGLA_CONDICIONAL_MANUAL,MEDIA,NO,,NO_APLICA,REGLA_CONDICIONAL_MANUAL,MEDIA,NO,1,VALIDADO,CIERRE_PENDIENTES_BASE_62,ALTA,NO,APTO,20,0,0,0,0,,,SI,,HEREDADO_V3,HEREDADO_V3,HEREDADO_V3,HEREDADO_V3,HEREDADO_V3,HEREDADO_V3,HEREDADO_V3,HEREDADO_V3,HEREDADO_V3,SIN_INFORMACION_DE_RESIDENCIA_ASIGNAR_0,RESIDENCIA_0_NO_COMPLETAR_PAIS_ORIGEN,HEREDADO_V3,HEREDADO_V3,HEREDADO_V3,HEREDADO_V3,INGRESO_ORIGEN_IGUAL_INGRESO_INSTITUCIONAL,INGRESO_ORIGEN_IGUAL_INGRESO_INSTITUCIONAL,HEREDADO_V3,HEREDADO_V3,HEREDADO_V3,V7,2026-06-25T11:51:40,SIN_INFORMACION_DE_RESIDENCIA_ASIGNAR_0,INGRESO_ORIGEN_IGUAL_INGRESO_INSTITUCIONAL,CATALOGO_TERRITORIAL_CHILE_SOLO_COINCIDENCIA_INEQUIVOCA,TIPO_RESIDENCIA_ESTUDIANTE|PAIS_ORIGEN|ANIO_INGRESO_CARRERA_ORIGEN|SEM_INGRESO_CARRERA_ORIGEN,SI,2026-06-25 12:16:07,,2026-06-25 14:12:13,,,,2026-06-25T18:26:55
9218,20251TENS033,TENS,TECNICO EN ENFERMERIA,2025,1,2025,1,28-11-2024,D,26252385-3,PIERO ALEJANDRO OCHOA VARGAS,M,SOLTERO,15-10-2000,PASAJE AMBROSIO OHIGGINS 2135,SANTIAGO,CERRO NAVIA,56959648288,PASAJE AMBROSIO OHIGGINS 2135,SANTIAGO,CERRO NAVIA,56959648288,AV8063514@gmail.com,piero.ochoa.vargas@estudiante.ipss.cl,Peruana,,56930564346,24754,COMP. DE ADUL. PROF. GEORGINA SALAS DINA,CIENTIFICO-HUMANISTA,COORPORACION MUNICIPAL,SANTIAGO,CERRO NAVIA,NORMAL,ENSEÑANZA MEDIA  NACIONAL,OTROS,METRO,,,,25430040-3,MARIA ISABEL,TENS,,,,,,,Entre $250.001 y $450.000,,2024,1.10,99764392,LORETO ANDREA MANZUR SABRA,VIGENTE,1 - ALUMNO REGULAR,2,1,1990000,SI,28-11-2024,33,PREC-CONC-0093,94,1699,SI,COINCIDENCIA_MULTIPLE,R,VALIDADO,PRECARGA_NORMALIZADA,ALTA,NO,26252385,VALIDADO,PRECARGA_NORMALIZADA,ALTA,NO,3,VALIDADO,PRECARGA_NORMALIZADA,ALTA,NO,OCHOA,VALIDADO,PRECARGA_NORMALIZADA,ALTA,NO,VARGAS,VALIDADO,PRECARGA_NORMALIZADA,ALTA,NO,PIERO ALEJANDRO,VALIDADO,PRECARGA_NORMALIZADA,ALTA,NO,H,VALIDADO,PRECARGA_NORMALIZADA,ALTA,NO,15-10-2000,VALIDADO,PRECARGA_NORMALIZADA,ALTA,NO,142,VALIDADO,PRECARGA_NORMALIZADA,ALTA,NO,0,VALIDADO_POR_REGLA_INSTITUCIONAL,DECISION_INSTITUCIONAL_2026,ALTA,NO,,VACIO_PERMITIDO_POR_REGLA_CONDICIONAL,INSTRUCTIVO_SIES_2026,ALTA,NO,142,VALIDADO,PRECARGA_NORMALIZADA,ALTA,NO,I162S2C91J1V1,VALIDADO,MATRICULA_UNIFICADA,ALTA,NO,2025,VALIDADO,PRECARGA_NORMALIZADA,ALTA,NO,1,VALIDADO,PRECARGA_NORMALIZADA,ALTA,NO,2025,VALIDADO_POR_REGLA_INSTITUCIONAL,BASE_CONGELADA,ALTA,NO,1,VALIDADO_POR_REGLA_INSTITUCIONAL,BASE_CONGELADA,ALTA,NO,,NO_APLICA,REGLA_CONDICIONAL_MANUAL,MEDIA,NO,,NO_APLICA,REGLA_CONDICIONAL_MANUAL,MEDIA,NO,1,VALIDADO,CIERRE_PENDIENTES_BASE_62,ALTA,NO,APTO,20,0,0,0,0,,,SI,,HEREDADO_V3,HEREDADO_V3,HEREDADO_V3,HEREDADO_V3,HEREDADO_V3,HEREDADO_V3,HEREDADO_V3,HEREDADO_V3,HEREDADO_V3,SIN_INFORMACION_DE_RESIDENCIA_ASIGNAR_0,RESIDENCIA_0_NO_COMPLETAR_PAIS_ORIGEN,HEREDADO_V3,RESUELTO_CODCLI_EXACTO,HEREDADO_V3,HEREDADO_V3,INGRESO_ORIGEN_IGUAL_INGRESO_INSTITUCIONAL,INGRESO_ORIGEN_IGUAL_INGRESO_INSTITUCIONAL,HEREDADO_V3,HEREDADO_V3,HEREDADO_V3,V7,2026-06-25T11:51:40,SIN_INFORMACION_DE_RESIDENCIA_ASIGNAR_0,INGRESO_ORIGEN_IGUAL_INGRESO_INSTITUCIONAL,CATALOGO_TERRITORIAL_CHILE_SOLO_COINCIDENCIA_INEQUIVOCA,TIPO_RESIDENCIA_ESTUDIANTE|PAIS_ORIGEN|ANIO_INGRESO_CARRERA_ORIGEN|SEM_INGRESO_CARRERA_ORIGEN,SI,2026-06-25 12:16:07,CODIGO_UNICO_RESUELTO;,2026-06-25 14:12:13,,,,2026-06-25T18:26:55
9233,20251TENS048,TENS,TECNICO EN ENFERMERIA,2025,1,2025,1,19-12-2024,D,27141425-0,LUISANA VALENTINA ORTEGA LINARES,F,SOLTERO,13-05-2004,DIAGONAL JOSÉ MARÍA CARO 3005,SANTIAGO,RECOLETA,56923752527,DIAGONAL JOSÉ MARÍA CARO 3005,SANTIAGO,RECOLETA,56923752527,ANAAVXC@GMAIL.COM,luisana.ortega.linares@estudiante.ipss.cl,Venezolana,,56923752527,8510,LICEO PAULA JARAQUEMADA,CIENTIFICO-HUMANISTA,MUNICIPAL DAEM,SANTIAGO,RECOLETA,NORMAL,ENSEÑANZA MEDIA  NACIONAL,OTROS,METRO,,,,27141425-0,LUISANA ,TENS,,,,,,,Entre $250.001 y $450.000,,2022,1.1,180205780,MARIA ALEJANDRA GARRIDO CATALA,VIGENTE,1 - ALUMNO REGULAR,2,2,1990000,SI,19-12-2024,34,PREC-CONC-0138,139,757,NO,,R,VALIDADO,PRECARGA_NORMALIZADA,ALTA,NO,27141425,VALIDADO,PRECARGA_NORMALIZADA,ALTA,NO,0,VALIDADO,PRECARGA_NORMALIZADA,ALTA,NO,ORTEGA,VALIDADO,PRECARGA_NORMALIZADA,ALTA,NO,LINARES,VALIDADO,PRECARGA_NORMALIZADA,ALTA,NO,LUISANA VALENTINA,VALIDADO,PRECARGA_NORMALIZADA,ALTA,NO,M,VALIDADO,PRECARGA_NORMALIZADA,ALTA,NO,13-05-2004,VALIDADO,PRECARGA_NORMALIZADA,ALTA,NO,192,VALIDADO,PRECARGA_NORMALIZADA,ALTA,NO,0,VALIDADO_POR_REGLA_INSTITUCIONAL,DECISION_INSTITUCIONAL_2026,ALTA,NO,,VACIO_PERMITIDO_POR_REGLA_CONDICIONAL,INSTRUCTIVO_SIES_2026,ALTA,NO,192,VALIDADO,PRECARGA_NORMALIZADA,ALTA,NO,I162S2C91J1V1,VALIDADO,PRECARGA_NORMALIZADA,ALTA,NO,2025,VALIDADO,PRECARGA_NORMALIZADA,ALTA,NO,1,VALIDADO,PRECARGA_NORMALIZADA,ALTA,NO,2025,VALIDADO_POR_REGLA_INSTITUCIONAL,BASE_CONGELADA,ALTA,NO,1,VALIDADO_POR_REGLA_INSTITUCIONAL,BASE_CONGELADA,ALTA,NO,,NO_APLICA,REGLA_CONDICIONAL_MANUAL,MEDIA,NO,,NO_APLICA,REGLA_CONDICIONAL_MANUAL,MEDIA,NO,1,VALIDADO,CIERRE_PENDIENTES_BASE_62,ALTA,NO,APTO,20,0,0,0,0,,,SI,,HEREDADO_V3,HEREDADO_V3,HEREDADO_V3,HEREDADO_V3,HEREDADO_V3,HEREDADO_V3,HEREDADO_V3,HEREDADO_V3,HEREDADO_V3,SIN_INFORMACION_DE_RESIDENCIA_ASIGNAR_0,RESIDENCIA_0_NO_COMPLETAR_PAIS_ORIGEN,HEREDADO_V3,HEREDADO_V3,HEREDADO_V3,HEREDADO_V3,INGRESO_ORIGEN_IGUAL_INGRESO_INSTITUCIONAL,INGRESO_ORIGEN_IGUAL_INGRESO_INSTITUCIONAL,HEREDADO_V3,HEREDADO_V3,HEREDADO_V3,V7,2026-06-25T11:51:40,SIN_INFORMACION_DE_RESIDENCIA_ASIGNAR_0,INGRESO_ORIGEN_IGUAL_INGRESO_INSTITUCIONAL,CATALOGO_TERRITORIAL_CHILE_SOLO_COINCIDENCIA_INEQUIVOCA,TIPO_RESIDENCIA_ESTUDIANTE|PAIS_ORIGEN|ANIO_INGRESO_CARRERA_ORIGEN|SEM_INGRESO_CARRERA_ORIGEN,SI,2026-06-25 12:16:07,,2026-06-25 14:12:13,,,,2026-06-25T18:26:55
9190,20251TENS004,TENS,TECNICO EN ENFERMERIA,2025,1,2025,1,10-10-2024,D,27829890-6,LUNA DAIAM LINARES OICATA,F,SOLTERO,06-02-2005,TARAPACA 1331,SANTIAGO,SANTIAGO,56959497881,TARAPACA 1331,SANTIAGO,SANTIAGO,56959497881,LUNALINARES08@GMAIL.COM,luna.linares.oicata@estudiante.ipss.cl,Colombiana,,56959497881,8498,LICEO DARIO SALAS,CIENTIFICO-HUMANISTA,MUNICIPAL DAEM,SANTIAGO,SANTIAGO,NORMAL,ENSEÑANZA MEDIA  NACIONAL,OTROS,METRO,,,,21125617-6,RENATTA MARTINA ELOISA,TENS,,,,,,,Entre $250.001 y $450.000,,2022,1.12,154695702,BEATRIZ SOFIA MIRANDA GALLARDO,ELIMINADO,23 - RETIRO - RETRACTO,2,1,1990000,,,35,LOC-CONC-0255,,,SI,EVIDENCIA_2025,R,VALIDADO_CON_ADVERTENCIA,BASE_CONGELADA_Y_DATOS_ALUMNOS,MEDIA,NO,27829890,VALIDADO,BASE_CONGELADA,ALTA,NO,6,VALIDADO,BASE_CONGELADA,ALTA,NO,LINARES,VALIDADO,DATOS_ALUMNOS,ALTA,NO,OICATA,VALIDADO,DATOS_ALUMNOS,ALTA,NO,LUNA DAIAM,VALIDADO,DATOS_ALUMNOS,ALTA,NO,M,VALIDADO,BASE_CONGELADA_TRANSFORMACION_INSTITUCIONAL,ALTA,NO,06-02-2005,VALIDADO,BASE_CONGELADA,ALTA,NO,41,VALIDADO,BASE_CIERRE_CATALOGO_SIES,ALTA,NO,0,VALIDADO_POR_REGLA_INSTITUCIONAL,DECISION_INSTITUCIONAL_2026,ALTA,NO,,VACIO_PERMITIDO_POR_REGLA_CONDICIONAL,INSTRUCTIVO_SIES_2026,ALTA,NO,38,VALIDADO_POR_REGLA_INSTITUCIONAL,CATALOGO_TERRITORIAL_CHILE,ALTA,NO,I162S2C91J1V1,VALIDADO,UNIVERSO_AUDITADO,ALTA,NO,2025,VALIDADO,BASE_CONGELADA,ALTA,NO,1,VALIDADO,BASE_CONGELADA,ALTA,NO,2025,VALIDADO_POR_REGLA_INSTITUCIONAL,BASE_CONGELADA,ALTA,NO,1,VALIDADO_POR_REGLA_INSTITUCIONAL,BASE_CONGELADA,ALTA,NO,,NO_APLICA,REGLA_CONDICIONAL_MANUAL,MEDIA,NO,,NO_APLICA,REGLA_CONDICIONAL_MANUAL,MEDIA,NO,1,VALIDADO,AUDITORIA_VIGENCIA_2025_CORREGIDA,ALTA,NO,APTO_CON_ADVERTENCIAS,20,1,0,0,0,,,SI,Validado con advertencias,HEREDADO_V3,HEREDADO_V3,HEREDADO_V3,HEREDADO_V3,HEREDADO_V3,HEREDADO_V3,HEREDADO_V3,HEREDADO_V3,HEREDADO_V3,SIN_INFORMACION_DE_RESIDENCIA_ASIGNAR_0,RESIDENCIA_0_NO_COMPLETAR_PAIS_ORIGEN,COMUNACOLEGIO_COINCIDE_INEQUIVOCAMENTE_CON_COMUNA_CHILENA,HEREDADO_V3,HEREDADO_V3,HEREDADO_V3,INGRESO_ORIGEN_IGUAL_INGRESO_INSTITUCIONAL,INGRESO_ORIGEN_IGUAL_INGRESO_INSTITUCIONAL,HEREDADO_V3,HEREDADO_V3,HEREDADO_V3,V7,2026-06-25T11:51:40,SIN_INFORMACION_DE_RESIDENCIA_ASIGNAR_0,INGRESO_ORIGEN_IGUAL_INGRESO_INSTITUCIONAL,CATALOGO_TERRITORIAL_CHILE_SOLO_COINCIDENCIA_INEQUIVOCA,TIPO_RESIDENCIA_ESTUDIANTE|PAIS_ORIGEN|PAIS_ESTUDIOS_SECUNDARIOS|ANIO_INGRESO_CARRERA_ORIGEN|SEM_INGRESO_CARRERA_ORIGEN,SI,2026-06-25 12:16:07,,2026-06-25 14:12:13,,,,2026-06-25T18:26:55
9852,20252TENS020,TENS,TECNICO EN ENFERMERIA,2025,2,2025,2,18-06-2025,V,27313090-K,MARÍA VICTORIA MORENO MATHEUS,F,SOLTERO,26-02-1970,GAMERO 1541,SANTIAGO,INDEPENDENCIA,56982929294,GAMERO 1541,SANTIAGO,INDEPENDENCIA,56982929294,MORENOMATHEUSM@GMAIL.COM,maria.moreno.matheus@estudiante.ipss.cl,Venezolana,Mamá / Tutor Financiero,937446479,40031,Colegio No Encontrado,,NO DEFINIDA,SANTIAGO,SANTIAGO,NORMAL,ENSEÑANZA MEDIA  NACIONAL,OTROS,METRO,,,,27305512-6,ZENAIDA MARGARITA,TENS,,,,,,,Entre $250.001 y $450.000,,2023,1.10,154695702,BEATRIZ SOFIA MIRANDA GALLARDO,VIGENTE,1 - ALUMNO REGULAR,2,1,1990000,SI,18-06-2025,36,LOC-CONC-0206,,1766,NO,,R,VALIDADO,MATRICULA_CONTROL_2025,ALTA,NO,27313090,VALIDADO,MATRICULA_CONTROL_2025,ALTA,NO,K,VALIDADO,MATRICULA_CONTROL_2025,ALTA,NO,MORENO,VALIDADO,DATOS_ALUMNOS,ALTA,NO,MATHEUS,VALIDADO,DATOS_ALUMNOS,ALTA,NO,MARÍA VICTORIA,VALIDADO,DATOS_ALUMNOS,ALTA,NO,M,VALIDADO,BASE_CONGELADA_TRANSFORMACION_INSTITUCIONAL,ALTA,NO,26-02-1970,VALIDADO,BASE_CONGELADA,ALTA,NO,192,VALIDADO,BASE_CIERRE_CATALOGO_SIES,ALTA,NO,0,VALIDADO_POR_REGLA_INSTITUCIONAL,DECISION_INSTITUCIONAL_2026,ALTA,NO,,VACIO_PERMITIDO_POR_REGLA_CONDICIONAL,INSTRUCTIVO_SIES_2026,ALTA,NO,38,VALIDADO_POR_REGLA_INSTITUCIONAL,CATALOGO_TERRITORIAL_CHILE,ALTA,NO,I162S2C91J2V1,VALIDADO,UNIVERSO_AUDITADO,ALTA,NO,2025,VALIDADO,BASE_CONGELADA,ALTA,NO,2,VALIDADO,BASE_CONGELADA,ALTA,NO,2025,VALIDADO_POR_REGLA_INSTITUCIONAL,BASE_CONGELADA,ALTA,NO,2,VALIDADO_POR_REGLA_INSTITUCIONAL,BASE_CONGELADA,ALTA,NO,,NO_APLICA,REGLA_CONDICIONAL_MANUAL,MEDIA,NO,,NO_APLICA,REGLA_CONDICIONAL_MANUAL,MEDIA,NO,1,VALIDADO,CIERRE_PENDIENTES_BASE_62,ALTA,NO,APTO,20,0,0,0,0,,,SI,,HEREDADO_V3,HEREDADO_V3,HEREDADO_V3,HEREDADO_V3,HEREDADO_V3,HEREDADO_V3,HEREDADO_V3,HEREDADO_V3,HEREDADO_V3,SIN_INFORMACION_DE_RESIDENCIA_ASIGNAR_0,RESIDENCIA_0_NO_COMPLETAR_PAIS_ORIGEN,COMUNACOLEGIO_COINCIDE_INEQUIVOCAMENTE_CON_COMUNA_CHILENA,HEREDADO_V3,HEREDADO_V3,HEREDADO_V3,INGRESO_ORIGEN_IGUAL_INGRESO_INSTITUCIONAL,INGRESO_ORIGEN_IGUAL_INGRESO_INSTITUCIONAL,HEREDADO_V3,HEREDADO_V3,HEREDADO_V3,V7,2026-06-25T11:51:40,SIN_INFORMACION_DE_RESIDENCIA_ASIGNAR_0,INGRESO_ORIGEN_IGUAL_INGRESO_INSTITUCIONAL,CATALOGO_TERRITORIAL_CHILE_SOLO_COINCIDENCIA_INEQUIVOCA,TIPO_RESIDENCIA_ESTUDIANTE|PAIS_ORIGEN|PAIS_ESTUDIOS_SECUNDARIOS|ANIO_INGRESO_CARRERA_ORIGEN|SEM_INGRESO_CARRERA_ORIGEN,SI,2026-06-25 12:16:07,,2026-06-25 14:12:13,,,,2026-06-25T18:26:55
9229,20251TENS044,TENS,TECNICO EN ENFERMERIA,2025,1,2025,1,16-12-2024,V,28505060-K,MELL NAOMY MENENDEZ MEZA,F,SOLTERO,17-01-2007,FRANCIA 1452,SANTIAGO,INDEPENDENCIA,56986295688,FRANCIA 1452,SANTIAGO,INDEPENDENCIA,56986295688,MELLMENENDEZ72@GMAIL.COM,mell.menendez.meza@estudiante.ipss.cl,Ecuatoriana,,56930250896,40031,Colegio No Encontrado,,NO DEFINIDA,SANTIAGO,SANTIAGO,NORMAL,ENSEÑANZA MEDIA  NACIONAL,OTROS,METRO,,,,26107490-7,MARIA DE LOS ANGELES,TENS,,,,,,,Entre $250.001 y $450.000,,2024,1.10,154695702,BEATRIZ SOFIA MIRANDA GALLARDO,VIGENTE,1 - ALUMNO REGULAR,2,2,1990000,SI,16-12-2024,37,PREC-CONC-0185,186,756,NO,,R,VALIDADO,PRECARGA_NORMALIZADA,ALTA,NO,28505060,VALIDADO,PRECARGA_NORMALIZADA,ALTA,NO,K,VALIDADO,PRECARGA_NORMALIZADA,ALTA,NO,MENENDEZ,VALIDADO,PRECARGA_NORMALIZADA,ALTA,NO,MEZA,VALIDADO,PRECARGA_NORMALIZADA,ALTA,NO,MELL NAOMY,VALIDADO,PRECARGA_NORMALIZADA,ALTA,NO,M,VALIDADO,PRECARGA_NORMALIZADA,ALTA,NO,17-01-2007,VALIDADO,PRECARGA_NORMALIZADA,ALTA,NO,52,VALIDADO,PRECARGA_NORMALIZADA,ALTA,NO,0,VALIDADO_POR_REGLA_INSTITUCIONAL,DECISION_INSTITUCIONAL_2026,ALTA,NO,,VACIO_PERMITIDO_POR_REGLA_CONDICIONAL,INSTRUCTIVO_SIES_2026,ALTA,NO,52,VALIDADO,PRECARGA_NORMALIZADA,ALTA,NO,I162S2C91J2V1,VALIDADO,PRECARGA_NORMALIZADA,ALTA,NO,2025,VALIDADO,PRECARGA_NORMALIZADA,ALTA,NO,1,VALIDADO,PRECARGA_NORMALIZADA,ALTA,NO,2025,VALIDADO_POR_REGLA_INSTITUCIONAL,BASE_CONGELADA,ALTA,NO,1,VALIDADO_POR_REGLA_INSTITUCIONAL,BASE_CONGELADA,ALTA,NO,,NO_APLICA,REGLA_CONDICIONAL_MANUAL,MEDIA,NO,,NO_APLICA,REGLA_CONDICIONAL_MANUAL,MEDIA,NO,1,VALIDADO,CIERRE_PENDIENTES_BASE_62,ALTA,NO,APTO,20,0,0,0,0,,,SI,,HEREDADO_V3,HEREDADO_V3,HEREDADO_V3,HEREDADO_V3,HEREDADO_V3,HEREDADO_V3,HEREDADO_V3,HEREDADO_V3,HEREDADO_V3,SIN_INFORMACION_DE_RESIDENCIA_ASIGNAR_0,RESIDENCIA_0_NO_COMPLETAR_PAIS_ORIGEN,HEREDADO_V3,HEREDADO_V3,HEREDADO_V3,HEREDADO_V3,INGRESO_ORIGEN_IGUAL_INGRESO_INSTITUCIONAL,INGRESO_ORIGEN_IGUAL_INGRESO_INSTITUCIONAL,HEREDADO_V3,HEREDADO_V3,HEREDADO_V3,V7,2026-06-25T11:51:40,SIN_INFORMACION_DE_RESIDENCIA_ASIGNAR_0,INGRESO_ORIGEN_IGUAL_INGRESO_INSTITUCIONAL,CATALOGO_TERRITORIAL_CHILE_SOLO_COINCIDENCIA_INEQUIVOCA,TIPO_RESIDENCIA_ESTUDIANTE|PAIS_ORIGEN|ANIO_INGRESO_CARRERA_ORIGEN|SEM_INGRESO_CARRERA_ORIGEN,SI,2026-06-25 12:16:07,,2026-06-25 14:12:13,,,,2026-06-25T18:26:55
9372,20251TLOG067,TLOG,TECNICO EN LOGISTICA,2025,1,2025,1,19-02-2025,V,100681501-0,JUNIA CLEOPHAT CLEOPHAT,F,SOLTERO,11-05-1992,SABA 16482,SANTIAGO,MAIPU,56944172446,SABA 16482,SANTIAGO,MAIPU,56944172446,JUNICLE25@GMAIL.COM,junia.cleophat.cleophat@estudiante.ipss.cl,Haitiana,,56944172446,10120,LICEO POLIV. ADULT.ALBERTO GALLEGUILLOS,TÉCNICO-PROFESIONAL,COORPORACION MUNICIPAL,SANTIAGO,PUDAHUEL,NORMAL,ENSEÑANZA MEDIA  NACIONAL,OTROS,METRO,,,,26217280-5,ENOCK ,TLOG,,,,,,,Entre $250.001 y $450.000,,2023,1.10,154695702,BEATRIZ SOFIA MIRANDA GALLARDO,VIGENTE,1 - ALUMNO REGULAR,2,1,1880000,SI,19-02-2025,38,LOC-CONC-0197,8,911,NO,,P,VALIDADO_CON_ADVERTENCIA,PRECARGA_NORMALIZADA,ALTA,NO,100681501,VALIDADO,PRECARGA_NORMALIZADA,ALTA,NO,,VALIDADO,PRECARGA_NORMALIZADA,ALTA,NO,CLEOPHAT,VALIDADO,PRECARGA_NORMALIZADA,ALTA,NO,CLEOPHAT,VALIDADO,PRECARGA_NORMALIZADA,ALTA,NO,JUNIA,VALIDADO,PRECARGA_NORMALIZADA,ALTA,NO,M,VALIDADO,PRECARGA_NORMALIZADA,ALTA,NO,11-05-1992,VALIDADO,PRECARGA_NORMALIZADA,ALTA,NO,78,VALIDADO,PRECARGA_NORMALIZADA,ALTA,NO,0,VALIDADO_POR_REGLA_INSTITUCIONAL,DECISION_INSTITUCIONAL_2026,ALTA,NO,,VACIO_PERMITIDO_POR_REGLA_CONDICIONAL,INSTRUCTIVO_SIES_2026,ALTA,NO,78,VALIDADO,PRECARGA_NORMALIZADA,ALTA,NO,I162S2C79J2V1,VALIDADO,PRECARGA_NORMALIZADA,ALTA,NO,2025,VALIDADO,PRECARGA_NORMALIZADA,ALTA,NO,1,VALIDADO,PRECARGA_NORMALIZADA,ALTA,NO,2025,VALIDADO_POR_REGLA_INSTITUCIONAL,BASE_CONGELADA,ALTA,NO,1,VALIDADO_POR_REGLA_INSTITUCIONAL,BASE_CONGELADA,ALTA,NO,,NO_APLICA,REGLA_CONDICIONAL_MANUAL,MEDIA,NO,,NO_APLICA,REGLA_CONDICIONAL_MANUAL,MEDIA,NO,1,VALIDADO,CIERRE_PENDIENTES_BASE_62,ALTA,NO,APTO_CON_ADVERTENCIAS,20,1,0,0,0,,,SI,Validado con advertencias,HEREDADO_V3,HEREDADO_V3,HEREDADO_V3,HEREDADO_V3,HEREDADO_V3,HEREDADO_V3,HEREDADO_V3,HEREDADO_V3,HEREDADO_V3,SIN_INFORMACION_DE_RESIDENCIA_ASIGNAR_0,RESIDENCIA_0_NO_COMPLETAR_PAIS_ORIGEN,HEREDADO_V3,HEREDADO_V3,HEREDADO_V3,HEREDADO_V3,INGRESO_ORIGEN_IGUAL_INGRESO_INSTITUCIONAL,INGRESO_ORIGEN_IGUAL_INGRESO_INSTITUCIONAL,HEREDADO_V3,HEREDADO_V3,HEREDADO_V3,V7,2026-06-25T11:51:40,SIN_INFORMACION_DE_RESIDENCIA_ASIGNAR_0,INGRESO_ORIGEN_IGUAL_INGRESO_INSTITUCIONAL,CATALOGO_TERRITORIAL_CHILE_SOLO_COINCIDENCIA_INEQUIVOCA,TIPO_RESIDENCIA_ESTUDIANTE|PAIS_ORIGEN|ANIO_INGRESO_CARRERA_ORIGEN|SEM_INGRESO_CARRERA_ORIGEN,SI,2026-06-25 12:16:07,,2026-06-25 14:12:13,,,,2026-06-25T18:26:55
9328,20251TLOG023,TLOG,TECNICO EN LOGISTICA,2025,1,2025,1,29-11-2024,O,24494527-9,CESAR AUGUSTO ESTRELLA PERALTA,M,SOLTERO,05-08-1996,PASAJE LAS CAÑAS ,TALAGANTE,PADRE HURTADO,56974487919,PASAJE LAS CAÑAS ,TALAGANTE,PADRE HURTADO,56974487919,CESARES05@HOTMAIL.COM,cesar.estrella.peralta@estudiante.ipss.cl,Dominicana,,56974487919,24754,COMP. DE ADUL. PROF. GEORGINA SALAS DINA,CIENTIFICO-HUMANISTA,COORPORACION MUNICIPAL,SANTIAGO,CERRO NAVIA,NORMAL,ENSEÑANZA MEDIA  NACIONAL,MALLAS CURRICULARES,METRO,PAGINA CONTACTO WEB,,,24494527-9,CESAR AUGUSTO,TLOG,,,,,,,Entre $450.001 y $600.000,,2015,1.1,195224455,CRISTÓBAL IGNACIO ACEVEDO CANDIA,VIGENTE,20 - VIGENTE SIN ACTIVIDAD ACADEMICA,2,1,1980000,SI,29-11-2024,39,PREC-CONC-0056,57,1965,NO,,R,VALIDADO,PRECARGA_NORMALIZADA,ALTA,NO,24494527,VALIDADO,PRECARGA_NORMALIZADA,ALTA,NO,9,VALIDADO,PRECARGA_NORMALIZADA,ALTA,NO,ESTRELLA,VALIDADO,PRECARGA_NORMALIZADA,ALTA,NO,PERALTA,VALIDADO,PRECARGA_NORMALIZADA,ALTA,NO,CESAR AUGUSTO,VALIDADO,PRECARGA_NORMALIZADA,ALTA,NO,H,VALIDADO,PRECARGA_NORMALIZADA,ALTA,NO,05-08-1996,VALIDADO,PRECARGA_NORMALIZADA,ALTA,NO,149,VALIDADO,PRECARGA_NORMALIZADA,ALTA,NO,0,VALIDADO_POR_REGLA_INSTITUCIONAL,DECISION_INSTITUCIONAL_2026,ALTA,NO,,VACIO_PERMITIDO_POR_REGLA_CONDICIONAL,INSTRUCTIVO_SIES_2026,ALTA,NO,149,VALIDADO,PRECARGA_NORMALIZADA,ALTA,NO,I162S2C79J4V1,VALIDADO,PRECARGA_NORMALIZADA,ALTA,NO,2025,VALIDADO,PRECARGA_NORMALIZADA,ALTA,NO,1,VALIDADO,PRECARGA_NORMALIZADA,ALTA,NO,2025,VALIDADO_POR_REGLA_INSTITUCIONAL,BASE_CONGELADA,ALTA,NO,1,VALIDADO_POR_REGLA_INSTITUCIONAL,BASE_CONGELADA,ALTA,NO,,NO_APLICA,REGLA_CONDICIONAL_MANUAL,MEDIA,NO,,NO_APLICA,REGLA_CONDICIONAL_MANUAL,MEDIA,NO,1,VALIDADO,CIERRE_PENDIENTES_BASE_62,ALTA,NO,APTO,20,0,0,0,0,,,SI,,HEREDADO_V3,HEREDADO_V3,HEREDADO_V3,HEREDADO_V3,HEREDADO_V3,HEREDADO_V3,HEREDADO_V3,HEREDADO_V3,HEREDADO_V3,SIN_INFORMACION_DE_RESIDENCIA_ASIGNAR_0,RESIDENCIA_0_NO_COMPLETAR_PAIS_ORIGEN,HEREDADO_V3,HEREDADO_V3,HEREDADO_V3,HEREDADO_V3,INGRESO_ORIGEN_IGUAL_INGRESO_INSTITUCIONAL,INGRESO_ORIGEN_IGUAL_INGRESO_INSTITUCIONAL,HEREDADO_V3,HEREDADO_V3,HEREDADO_V3,V7,2026-06-25T11:51:40,SIN_INFORMACION_DE_RESIDENCIA_ASIGNAR_0,INGRESO_ORIGEN_IGUAL_INGRESO_INSTITUCIONAL,CATALOGO_TERRITORIAL_CHILE_SOLO_COINCIDENCIA_INEQUIVOCA,TIPO_RESIDENCIA_ESTUDIANTE|PAIS_ORIGEN|ANIO_INGRESO_CARRERA_ORIGEN|SEM_INGRESO_CARRERA_ORIGEN,SI,2026-06-25 12:16:07,,2026-06-25 14:12:13,,,,2026-06-25T18:26:55
9438,20251TPAS032,TPAS,TECNICO EN PROGRAMACION Y ANALISIS DE SISTEMAS,2025,1,2025,1,25-10-2024,O,22301769-K,GUSTAVO ALONSO COLETO TAFUR,M,SOLTERO,21-01-1995,SAN PABLO 2353,SANTIAGO,LO PRADO,955312319,SAN PABLO 2353,SANTIAGO,LO PRADO,955312319,ALONSO.GUSTAVO19@GMAIL.COM,gustavo.coleto.tafur@estudiante.ipss.cl,Peruana,MAITE NUÑEZ (PAREJA),979911212,8508,LICEO POLIVALENTE JUAN ANTONIO RIOS,TÉCNICO-PROFESIONAL,MUNICIPAL DAEM,SANTIAGO,QUINTA NORMAL,NORMAL,ENSEÑANZA MEDIA  NACIONAL,HORARIOS,RECOMENDACION DE OTRO,PAGINA CONTACTO WEB,,,22301769-K,GUSTAVO ALONSO,TPAS,,,,,,,Entre $450.001 y $600.000,,2013,4.60,195224455,CRISTÓBAL IGNACIO ACEVEDO CANDIA,VIGENTE,20 - VIGENTE SIN ACTIVIDAD ACADEMICA,2,1,2150000,SI,25-10-2024,40,PREC-CONC-0033,34,1886,NO,,R,VALIDADO,PRECARGA_NORMALIZADA,ALTA,NO,22301769,VALIDADO,PRECARGA_NORMALIZADA,ALTA,NO,K,VALIDADO,PRECARGA_NORMALIZADA,ALTA,NO,COLETO,VALIDADO,PRECARGA_NORMALIZADA,ALTA,NO,TAFUR,VALIDADO,PRECARGA_NORMALIZADA,ALTA,NO,GUSTAVO ALONSO,VALIDADO,PRECARGA_NORMALIZADA,ALTA,NO,H,VALIDADO,PRECARGA_NORMALIZADA,ALTA,NO,21-01-1995,VALIDADO,PRECARGA_NORMALIZADA,ALTA,NO,142,VALIDADO,PRECARGA_NORMALIZADA,ALTA,NO,0,VALIDADO_POR_REGLA_INSTITUCIONAL,DECISION_INSTITUCIONAL_2026,ALTA,NO,,VACIO_PERMITIDO_POR_REGLA_CONDICIONAL,INSTRUCTIVO_SIES_2026,ALTA,NO,38,VALIDADO,PRECARGA_NORMALIZADA,ALTA,NO,I162S2C57J4V1,VALIDADO,PRECARGA_NORMALIZADA,ALTA,NO,2025,VALIDADO,PRECARGA_NORMALIZADA,ALTA,NO,1,VALIDADO,PRECARGA_NORMALIZADA,ALTA,NO,2025,VALIDADO_POR_REGLA_INSTITUCIONAL,BASE_CONGELADA,ALTA,NO,1,VALIDADO_POR_REGLA_INSTITUCIONAL,BASE_CONGELADA,ALTA,NO,,NO_APLICA,REGLA_CONDICIONAL_MANUAL,MEDIA,NO,,NO_APLICA,REGLA_CONDICIONAL_MANUAL,MEDIA,NO,1,VALIDADO,CIERRE_PENDIENTES_BASE_62,ALTA,NO,APTO,20,0,0,0,0,,,SI,,HEREDADO_V3,HEREDADO_V3,HEREDADO_V3,HEREDADO_V3,HEREDADO_V3,HEREDADO_V3,HEREDADO_V3,HEREDADO_V3,HEREDADO_V3,SIN_INFORMACION_DE_RESIDENCIA_ASIGNAR_0,RESIDENCIA_0_NO_COMPLETAR_PAIS_ORIGEN,HEREDADO_V3,HEREDADO_V3,HEREDADO_V3,HEREDADO_V3,INGRESO_ORIGEN_IGUAL_INGRESO_INSTITUCIONAL,INGRESO_ORIGEN_IGUAL_INGRESO_INSTITUCIONAL,HEREDADO_V3,HEREDADO_V3,HEREDADO_V3,V7,2026-06-25T11:51:40,SIN_INFORMACION_DE_RESIDENCIA_ASIGNAR_0,INGRESO_ORIGEN_IGUAL_INGRESO_INSTITUCIONAL,CATALOGO_TERRITORIAL_CHILE_SOLO_COINCIDENCIA_INEQUIVOCA,TIPO_RESIDENCIA_ESTUDIANTE|PAIS_ORIGEN|ANIO_INGRESO_CARRERA_ORIGEN|SEM_INGRESO_CARRERA_ORIGEN,SI,2026-06-25 12:16:07,,2026-06-25 14:12:13,,,,2026-06-25T18:26:55
7279,20241TLOG008,TLOG,TECNICO EN LOGISTICA,2025,1,2024,1,15-01-2025,O,22784985-1,JAIR ANDRÉ OLANO MARTINEZ,M,SOLTERO,19-06-1997,BOULEVARD SAN PEDRO 900 CASA 82,SANTIAGO,LAMPA,965546133,BOULEVARD SAN PEDRO 900 CASA 82,SANTIAGO,LAMPA,+56965546133,JAIROLANOHD@GMAIL.COM,jair.olano.martinez@estudiante.ipss.cl,Peruana,VICTORIA MARIA MARTINEZ REATEGUI,56983840545,10251,LICEO POETA FEDERICO GARCIA LORCA,TÉCNICO-PROFESIONAL,COORPORACION MUNICIPAL,SANTIAGO,CONCHALI,NORMAL,ENSEÑANZA MEDIA  NACIONAL,MALLAS CURRICULARES,PAGINA WEB CIISA,,,,22784985-1,JAIR ANDRÉ,TLOG,KAUFMANN,BODEGUERO LOGISTICO, AV LA SIEMBRA OTE N 2519,SANTIAGO,LAMPA,,Entre $250.001 y $450.000,,2015,1.1,154695702,BEATRIZ SOFIA MIRANDA GALLARDO,VIGENTE,1 - ALUMNO REGULAR,2,4,1980000,SI,15-01-2025,41,PREC-CONC-0039,40,2234,NO,,R,VALIDADO,PRECARGA_NORMALIZADA,ALTA,NO,22784985,VALIDADO,PRECARGA_NORMALIZADA,ALTA,NO,1,VALIDADO,PRECARGA_NORMALIZADA,ALTA,NO,OLANO,VALIDADO,PRECARGA_NORMALIZADA,ALTA,NO,MARTINEZ,VALIDADO,PRECARGA_NORMALIZADA,ALTA,NO,JAIR ANDRE,VALIDADO,PRECARGA_NORMALIZADA,ALTA,NO,H,VALIDADO,PRECARGA_NORMALIZADA,ALTA,NO,19-06-1997,VALIDADO,PRECARGA_NORMALIZADA,ALTA,NO,142,VALIDADO,PRECARGA_NORMALIZADA,ALTA,NO,0,VALIDADO_POR_REGLA_INSTITUCIONAL,DECISION_INSTITUCIONAL_2026,ALTA,NO,,VACIO_PERMITIDO_POR_REGLA_CONDICIONAL,INSTRUCTIVO_SIES_2026,ALTA,NO,38,VALIDADO,PRECARGA_NORMALIZADA,ALTA,NO,I162S2C79J4V1,VALIDADO,PRECARGA_NORMALIZADA,ALTA,NO,2024,VALIDADO,PRECARGA_NORMALIZADA,ALTA,NO,1,VALIDADO,PRECARGA_NORMALIZADA,ALTA,NO,2024,VALIDADO_POR_REGLA_INSTITUCIONAL,BASE_CONGELADA,ALTA,NO,1,VALIDADO_POR_REGLA_INSTITUCIONAL,BASE_CONGELADA,ALTA,NO,,NO_APLICA,REGLA_CONDICIONAL_MANUAL,MEDIA,NO,,NO_APLICA,REGLA_CONDICIONAL_MANUAL,MEDIA,NO,1,VALIDADO,CIERRE_PENDIENTES_BASE_62,ALTA,NO,APTO,20,0,0,0,0,,,SI,,HEREDADO_V3,HEREDADO_V3,HEREDADO_V3,HEREDADO_V3,HEREDADO_V3,HEREDADO_V3,HEREDADO_V3,HEREDADO_V3,HEREDADO_V3,SIN_INFORMACION_DE_RESIDENCIA_ASIGNAR_0,RESIDENCIA_0_NO_COMPLETAR_PAIS_ORIGEN,HEREDADO_V3,HEREDADO_V3,HEREDADO_V3,HEREDADO_V3,INGRESO_ORIGEN_IGUAL_INGRESO_INSTITUCIONAL,INGRESO_ORIGEN_IGUAL_INGRESO_INSTITUCIONAL,HEREDADO_V3,HEREDADO_V3,HEREDADO_V3,V7,2026-06-25T11:51:40,SIN_INFORMACION_DE_RESIDENCIA_ASIGNAR_0,INGRESO_ORIGEN_IGUAL_INGRESO_INSTITUCIONAL,CATALOGO_TERRITORIAL_CHILE_SOLO_COINCIDENCIA_INEQUIVOCA,TIPO_RESIDENCIA_ESTUDIANTE|PAIS_ORIGEN|ANIO_INGRESO_CARRERA_ORIGEN|SEM_INGRESO_CARRERA_ORIGEN,SI,2026-06-25 12:16:07,,2026-06-25 14:12:13,,,,2026-06-25T18:26:55
6558,20241ICIB062,ICIB,INGENIERIA EN CIBERSEGURIDAD,2025,1,2023,1,10-01-2025,O,23857592-3,PERCY FERNÁNDEZ DÁVILA GALLEGOS,M,CASADO,10-09-1972,PEDRO AGUIRRE CERDA 1889,SANTIAGO,CONCHALI,56997931199,PEDRO AGUIRRE CERDA 1889,SANTIAGO,CONCHALI,56997931199,PERCY.FERNANDEZ.DAVILA@GMAIL.COM,percy.fernandezdavila.gallegos@estudiante.ipss.cl,Peruana,RICARDO FERNANDEZ DAVILA (HIJO),56987567733,40031,Colegio No Encontrado,,NO DEFINIDA,SANTIAGO,SANTIAGO,NORMAL,EXTRANJERO,OTROS,PAGINA WEB CIISA,PAGINA CONTACTO WEB,,,23857592-3,PERCY,ICIB,FDINFORMATICA,INFORMATICA,SAN PIO X 2460 OF 706,SANTIAGO,PROVIDENCIA,2,Entre $1.100.001 y $1.500.000,,1989,1.10,195224455,CRISTÓBAL IGNACIO ACEVEDO CANDIA,VIGENTE,1 - ALUMNO REGULAR,2,8,2250000,SI,10-01-2025,42,PREC-CONC-0050,51,1558,NO,,R,VALIDADO,PRECARGA_NORMALIZADA,ALTA,NO,23857592,VALIDADO,PRECARGA_NORMALIZADA,ALTA,NO,3,VALIDADO,PRECARGA_NORMALIZADA,ALTA,NO,FERNANDEZ DAVILA,VALIDADO,PRECARGA_NORMALIZADA,ALTA,NO,GALLEGOS,VALIDADO,PRECARGA_NORMALIZADA,ALTA,NO,PERCY,VALIDADO,PRECARGA_NORMALIZADA,ALTA,NO,H,VALIDADO,PRECARGA_NORMALIZADA,ALTA,NO,10-09-1972,VALIDADO,PRECARGA_NORMALIZADA,ALTA,NO,142,VALIDADO,PRECARGA_NORMALIZADA,ALTA,NO,0,VALIDADO_POR_REGLA_INSTITUCIONAL,DECISION_INSTITUCIONAL_2026,ALTA,NO,,VACIO_PERMITIDO_POR_REGLA_CONDICIONAL,INSTRUCTIVO_SIES_2026,ALTA,NO,142,VALIDADO,PRECARGA_NORMALIZADA,ALTA,NO,I162S2C46J4V3,VALIDADO,PRECARGA_NORMALIZADA,ALTA,NO,2023,VALIDADO,PRECARGA_NORMALIZADA,ALTA,NO,1,VALIDADO,PRECARGA_NORMALIZADA,ALTA,NO,2023,VALIDADO_POR_REGLA_INSTITUCIONAL,BASE_CONGELADA,ALTA,NO,1,VALIDADO_POR_REGLA_INSTITUCIONAL,BASE_CONGELADA,ALTA,NO,,NO_APLICA,REGLA_CONDICIONAL_MANUAL,MEDIA,NO,,NO_APLICA,REGLA_CONDICIONAL_MANUAL,MEDIA,NO,1,VALIDADO,CIERRE_PENDIENTES_BASE_62,ALTA,NO,APTO,20,0,0,0,0,,,SI,,HEREDADO_V3,HEREDADO_V3,HEREDADO_V3,HEREDADO_V3,HEREDADO_V3,HEREDADO_V3,HEREDADO_V3,HEREDADO_V3,HEREDADO_V3,SIN_INFORMACION_DE_RESIDENCIA_ASIGNAR_0,RESIDENCIA_0_NO_COMPLETAR_PAIS_ORIGEN,HEREDADO_V3,HEREDADO_V3,HEREDADO_V3,HEREDADO_V3,INGRESO_ORIGEN_IGUAL_INGRESO_INSTITUCIONAL,INGRESO_ORIGEN_IGUAL_INGRESO_INSTITUCIONAL,HEREDADO_V3,HEREDADO_V3,HEREDADO_V3,V7,2026-06-25T11:51:40,SIN_INFORMACION_DE_RESIDENCIA_ASIGNAR_0,INGRESO_ORIGEN_IGUAL_INGRESO_INSTITUCIONAL,CATALOGO_TERRITORIAL_CHILE_SOLO_COINCIDENCIA_INEQUIVOCA,TIPO_RESIDENCIA_ESTUDIANTE|PAIS_ORIGEN|ANIO_INGRESO_CARRERA_ORIGEN|SEM_INGRESO_CARRERA_ORIGEN,SI,2026-06-25 12:16:07,,2026-06-25 14:12:13,,,,2026-06-25T18:26:55
7177,20241TCIB106,TCIB,TECNICO EN CIBERSEGURIDAD,2025,1,2024,1,12-12-2024,O,25232754-1,YIMY JOSE ABACHE MARTINEZ,M,CONVIVIENTE,30-07-1986,PALQUI 2933,SANTIAGO,ÑUÑOA,56935791316,PALQUI 2933,SANTIAGO,ÑUÑOA,56935791316,YIMY.ABACHE@GMAIL.COM,yimy.abache.martinez@estudiante.ipss.cl,Venezolana,Fraga Santana,56959862888,40031,Colegio No Encontrado,,NO DEFINIDA,SANTIAGO,SANTIAGO,NORMAL,ENSEÑANZA MEDIA  NACIONAL,OTROS,RECOMENDACION DE OTRO,,,,25232754-1,YIMY JOSE,TCIB,HP INC ,INFORMATICO , MARIANO SÁNCHEZ FONTECILLA 310,SANTIAGO,LAS CONDES,,Entre $250.001 y $450.000,,2004,1.1,154695702,BEATRIZ SOFIA MIRANDA GALLARDO,VIGENTE,1 - ALUMNO REGULAR,2,5,2250000,SI,12-12-2024,43,PREC-CONC-0068,69,2206,NO,,R,VALIDADO,PRECARGA_NORMALIZADA,ALTA,NO,25232754,VALIDADO,PRECARGA_NORMALIZADA,ALTA,NO,1,VALIDADO,PRECARGA_NORMALIZADA,ALTA,NO,ABACHE,VALIDADO,PRECARGA_NORMALIZADA,ALTA,NO,MARTINEZ,VALIDADO,PRECARGA_NORMALIZADA,ALTA,NO,YIMY JOSE,VALIDADO,PRECARGA_NORMALIZADA,ALTA,NO,H,VALIDADO,PRECARGA_NORMALIZADA,ALTA,NO,30-07-1986,VALIDADO,PRECARGA_NORMALIZADA,ALTA,NO,192,VALIDADO,PRECARGA_NORMALIZADA,ALTA,NO,0,VALIDADO_POR_REGLA_INSTITUCIONAL,DECISION_INSTITUCIONAL_2026,ALTA,NO,,VACIO_PERMITIDO_POR_REGLA_CONDICIONAL,INSTRUCTIVO_SIES_2026,ALTA,NO,192,VALIDADO,PRECARGA_NORMALIZADA,ALTA,NO,I162S2C47J4V1,VALIDADO,CANDIDATOS_19_COINCIDENCIAS_MULTIPLES,ALTA,NO,2024,VALIDADO,PRECARGA_NORMALIZADA,ALTA,NO,1,VALIDADO,PRECARGA_NORMALIZADA,ALTA,NO,2024,VALIDADO_POR_REGLA_INSTITUCIONAL,BASE_CONGELADA,ALTA,NO,1,VALIDADO_POR_REGLA_INSTITUCIONAL,BASE_CONGELADA,ALTA,NO,,NO_APLICA,REGLA_CONDICIONAL_MANUAL,MEDIA,NO,,NO_APLICA,REGLA_CONDICIONAL_MANUAL,MEDIA,NO,1,VALIDADO,CIERRE_PENDIENTES_BASE_62,ALTA,NO,APTO,20,0,0,0,0,,,SI,,HEREDADO_V3,HEREDADO_V3,HEREDADO_V3,HEREDADO_V3,HEREDADO_V3,HEREDADO_V3,HEREDADO_V3,HEREDADO_V3,HEREDADO_V3,SIN_INFORMACION_DE_RESIDENCIA_ASIGNAR_0,RESIDENCIA_0_NO_COMPLETAR_PAIS_ORIGEN,HEREDADO_V3,HEREDADO_V3,HEREDADO_V3,HEREDADO_V3,INGRESO_ORIGEN_IGUAL_INGRESO_INSTITUCIONAL,INGRESO_ORIGEN_IGUAL_INGRESO_INSTITUCIONAL,HEREDADO_V3,HEREDADO_V3,HEREDADO_V3,V7,2026-06-25T11:51:40,SIN_INFORMACION_DE_RESIDENCIA_ASIGNAR_0,INGRESO_ORIGEN_IGUAL_INGRESO_INSTITUCIONAL,CATALOGO_TERRITORIAL_CHILE_SOLO_COINCIDENCIA_INEQUIVOCA,TIPO_RESIDENCIA_ESTUDIANTE|PAIS_ORIGEN|ANIO_INGRESO_CARRERA_ORIGEN|SEM_INGRESO_CARRERA_ORIGEN,SI,2026-06-25 12:16:07,,2026-06-25 14:12:13,,,,2026-06-25T18:26:55
7639,20242TCIB007,TCIB,TECNICO EN CIBERSEGURIDAD,2025,2,2020,1,01-07-2025,O,25588246-5,LUISA MARIA GARCIA  OSPINA,F,SOLTERO,06-05-1993,LOS DURAZNOS 205,SANTIAGO,ESTACION CENTRAL,931112692,LOS DURAZNOS 205,SANTIAGO,ESTACION CENTRAL,56931112692,LUISAMARIAGARCIAOSPINA@GMAIL.COM,luisa.garcia.ospina@estudiante.ipss.cl,Colombiana,LUISA SIERRA (AMIGA),989553957,40031,Colegio No Encontrado,,NO DEFINIDA,SANTIAGO,SANTIAGO,NORMAL,ENSEÑANZA MEDIA  NACIONAL,OTROS,RECOMENDACION COMPANERO DE TRABAJO,PERSONALMENTE,,,25588246-5,LUISA MARIA,TCIB,WELEARN,DISEÑADORA INSTRUCCIONAL,MANUEL MONTT,SANTIAGO,PROVIDENCIA,,Entre $450.001 y $600.000,,2009,1.00,259180511,HEYTHCER DURLAY  PINTO  LUGO,VIGENTE,1 - ALUMNO REGULAR,2,6,2250000,SI,01-07-2025,44,PREC-CONC-0076,77,2451,NO,,R,VALIDADO,PRECARGA_NORMALIZADA,ALTA,NO,25588246,VALIDADO,PRECARGA_NORMALIZADA,ALTA,NO,5,VALIDADO,PRECARGA_NORMALIZADA,ALTA,NO,GARCIA,VALIDADO,PRECARGA_NORMALIZADA,ALTA,NO,OSPINA,VALIDADO,PRECARGA_NORMALIZADA,ALTA,NO,LUISA MARIA,VALIDADO,PRECARGA_NORMALIZADA,ALTA,NO,M,VALIDADO,PRECARGA_NORMALIZADA,ALTA,NO,06-05-1993,VALIDADO,PRECARGA_NORMALIZADA,ALTA,NO,41,VALIDADO,PRECARGA_NORMALIZADA,ALTA,NO,0,VALIDADO_POR_REGLA_INSTITUCIONAL,DECISION_INSTITUCIONAL_2026,ALTA,NO,,VACIO_PERMITIDO_POR_REGLA_CONDICIONAL,INSTRUCTIVO_SIES_2026,ALTA,NO,41,VALIDADO,PRECARGA_NORMALIZADA,ALTA,NO,I162S2C47J4V1,VALIDADO,PRECARGA_NORMALIZADA,ALTA,NO,2025,VALIDADO,PRECARGA_NORMALIZADA,ALTA,NO,1,VALIDADO,PRECARGA_NORMALIZADA,ALTA,NO,2020,VALIDADO_POR_REGLA_INSTITUCIONAL,BASE_CONGELADA,ALTA,NO,1,VALIDADO_POR_REGLA_INSTITUCIONAL,BASE_CONGELADA,ALTA,NO,,NO_APLICA,REGLA_CONDICIONAL_MANUAL,MEDIA,NO,,NO_APLICA,REGLA_CONDICIONAL_MANUAL,MEDIA,NO,1,VALIDADO,CIERRE_PENDIENTES_BASE_62,ALTA,NO,APTO,20,0,0,0,0,,,SI,,HEREDADO_V3,HEREDADO_V3,HEREDADO_V3,HEREDADO_V3,HEREDADO_V3,HEREDADO_V3,HEREDADO_V3,HEREDADO_V3,HEREDADO_V3,SIN_INFORMACION_DE_RESIDENCIA_ASIGNAR_0,RESIDENCIA_0_NO_COMPLETAR_PAIS_ORIGEN,HEREDADO_V3,HEREDADO_V3,HEREDADO_V3,HEREDADO_V3,INGRESO_ORIGEN_IGUAL_INGRESO_INSTITUCIONAL,INGRESO_ORIGEN_IGUAL_INGRESO_INSTITUCIONAL,HEREDADO_V3,HEREDADO_V3,HEREDADO_V3,V7,2026-06-25T11:51:40,SIN_INFORMACION_DE_RESIDENCIA_ASIGNAR_0,INGRESO_ORIGEN_IGUAL_INGRESO_INSTITUCIONAL,CATALOGO_TERRITORIAL_CHILE_SOLO_COINCIDENCIA_INEQUIVOCA,TIPO_RESIDENCIA_ESTUDIANTE|PAIS_ORIGEN|ANIO_INGRESO_CARRERA_ORIGEN|SEM_INGRESO_CARRERA_ORIGEN,SI,2026-06-25 12:16:07,,2026-06-25 14:12:13,,,,2026-06-25T18:26:55
5940,20231TPAREOL100,TPAREOL,TECNICO EN PROGRAMACION Y ANALISIS DE SISTEMAS,2025,1,2023,1,09-01-2025,O,25676371-0,JOJAN DIEGO CARDENAS HUAYLINOS,M,SOLTERO,18-10-1997,AV INDEPENDENCIA 223,SANTIAGO,INDEPENDENCIA,920630021,AV INDEPENDENCIA 223,SANTIAGO,INDEPENDENCIA,56920630021,YOJN.CARDENAS.H@GMAIL.COM,jojan.cardenas.huaylinos@estudiante.ipss.cl,Peruana,YOCELINE (ESPOSA),56920269992,40031,Colegio No Encontrado,,NO DEFINIDA,SANTIAGO,SANTIAGO,NORMAL,EXTRANJERO,MALLAS CURRICULARES,MEDIOS DIGITALES,PAGINA CONTACTO WEB,,,25676371-0,JOJAN DIEGO,TPAREOL,DIMASOFT,PROGRAMADOR JR,POCURO 2378,SANTIAGO,ÑUÑOA,,Entre $800.001 y $1.100.000,,2014,1.10,120131893,YASNA MARGARITA BUSTAMANTE VAZQUEZ,TITULADO,31 - TITULADO APROBADO,2,11,1075000,,,45,PREC-CONC-0079,80,1418,NO,,R,VALIDADO,PRECARGA_NORMALIZADA,ALTA,NO,25676371,VALIDADO,PRECARGA_NORMALIZADA,ALTA,NO,0,VALIDADO,PRECARGA_NORMALIZADA,ALTA,NO,CARDENAS,VALIDADO,PRECARGA_NORMALIZADA,ALTA,NO,HUAYLINOS,VALIDADO,PRECARGA_NORMALIZADA,ALTA,NO,JOJAN DIEGO,VALIDADO,PRECARGA_NORMALIZADA,ALTA,NO,H,VALIDADO,PRECARGA_NORMALIZADA,ALTA,NO,18-10-1997,VALIDADO,PRECARGA_NORMALIZADA,ALTA,NO,142,VALIDADO,PRECARGA_NORMALIZADA,ALTA,NO,0,VALIDADO_POR_REGLA_INSTITUCIONAL,DECISION_INSTITUCIONAL_2026,ALTA,NO,,VACIO_PERMITIDO_POR_REGLA_CONDICIONAL,INSTRUCTIVO_SIES_2026,ALTA,NO,142,VALIDADO,PRECARGA_NORMALIZADA,ALTA,NO,I162S2C57J4V1,VALIDADO,CANDIDATOS_19_COINCIDENCIAS_MULTIPLES,ALTA,NO,2023,VALIDADO,PRECARGA_NORMALIZADA,ALTA,NO,1,VALIDADO,PRECARGA_NORMALIZADA,ALTA,NO,2023,VALIDADO_POR_REGLA_INSTITUCIONAL,BASE_CONGELADA,ALTA,NO,1,VALIDADO_POR_REGLA_INSTITUCIONAL,BASE_CONGELADA,ALTA,NO,,NO_APLICA,REGLA_CONDICIONAL_MANUAL,MEDIA,NO,,NO_APLICA,REGLA_CONDICIONAL_MANUAL,MEDIA,NO,1,VALIDADO,CIERRE_PENDIENTES_BASE_62,ALTA,NO,APTO,20,0,0,0,0,,,SI,,HEREDADO_V3,HEREDADO_V3,HEREDADO_V3,HEREDADO_V3,HEREDADO_V3,HEREDADO_V3,HEREDADO_V3,HEREDADO_V3,HEREDADO_V3,SIN_INFORMACION_DE_RESIDENCIA_ASIGNAR_0,RESIDENCIA_0_NO_COMPLETAR_PAIS_ORIGEN,HEREDADO_V3,HEREDADO_V3,HEREDADO_V3,HEREDADO_V3,INGRESO_ORIGEN_IGUAL_INGRESO_INSTITUCIONAL,INGRESO_ORIGEN_IGUAL_INGRESO_INSTITUCIONAL,HEREDADO_V3,HEREDADO_V3,HEREDADO_V3,V7,2026-06-25T11:51:40,SIN_INFORMACION_DE_RESIDENCIA_ASIGNAR_0,INGRESO_ORIGEN_IGUAL_INGRESO_INSTITUCIONAL,CATALOGO_TERRITORIAL_CHILE_SOLO_COINCIDENCIA_INEQUIVOCA,TIPO_RESIDENCIA_ESTUDIANTE|PAIS_ORIGEN|ANIO_INGRESO_CARRERA_ORIGEN|SEM_INGRESO_CARRERA_ORIGEN,SI,2026-06-25 12:16:07,,2026-06-25 14:12:13,,,,2026-06-25T18:26:55
6865,20241IINF022,IINF,INGENIERIA EN INFORMATICA,2025,1,2024,1,16-01-2025,O,25830335-0,SIDNEY YESESKY MARTINEZ GOMEZ,F,SOLTERO,10-10-1994,MARTIN HENRIQUEZ 4123,SANTIAGO,SAN JOAQUIN,56 9 6232 1834,MARTIN HENRIQUEZ 4123,SANTIAGO,SAN JOAQUIN,56 9 6232 1834,yesesky.mg@gmail.com,sidney.martinez.gomez@estudiante.ipss.cl,Venezolana,Mabel gomez ,56962594340,40031,Colegio No Encontrado,,NO DEFINIDA,SANTIAGO,SANTIAGO,NORMAL,ENSEÑANZA MEDIA  NACIONAL,MALLAS CURRICULARES,RECOMENDACION DE ALUMNO,PAGINA CONTACTO WEB,,,25830335-0,SIDNEY YESESKY,IINF,COLLINS S.A ,EJECUTIVO DE VENTAS ,AV BRASIL 27 ,SANTIAGO,SANTIAGO,,Entre $450.001 y $600.000,,2012,1.1,195224455,CRISTÓBAL IGNACIO ACEVEDO CANDIA,VIGENTE,1 - ALUMNO REGULAR,2,4,2150000,SI,16-01-2025,46,PREC-CONC-0082,83,2388,NO,,R,VALIDADO,PRECARGA_NORMALIZADA,ALTA,NO,25830335,VALIDADO,PRECARGA_NORMALIZADA,ALTA,NO,0,VALIDADO,PRECARGA_NORMALIZADA,ALTA,NO,MARTINEZ,VALIDADO,PRECARGA_NORMALIZADA,ALTA,NO,GOMEZ,VALIDADO,PRECARGA_NORMALIZADA,ALTA,NO,SIDNEY YESESKY,VALIDADO,PRECARGA_NORMALIZADA,ALTA,NO,M,VALIDADO,PRECARGA_NORMALIZADA,ALTA,NO,10-10-1994,VALIDADO,PRECARGA_NORMALIZADA,ALTA,NO,192,VALIDADO,PRECARGA_NORMALIZADA,ALTA,NO,0,VALIDADO_POR_REGLA_INSTITUCIONAL,DECISION_INSTITUCIONAL_2026,ALTA,NO,,VACIO_PERMITIDO_POR_REGLA_CONDICIONAL,INSTRUCTIVO_SIES_2026,ALTA,NO,192,VALIDADO,PRECARGA_NORMALIZADA,ALTA,NO,I162S2C1J4V2,VALIDADO,PRECARGA_NORMALIZADA,ALTA,NO,2024,VALIDADO,PRECARGA_NORMALIZADA,ALTA,NO,1,VALIDADO,PRECARGA_NORMALIZADA,ALTA,NO,2024,VALIDADO_POR_REGLA_INSTITUCIONAL,BASE_CONGELADA,ALTA,NO,1,VALIDADO_POR_REGLA_INSTITUCIONAL,BASE_CONGELADA,ALTA,NO,,NO_APLICA,REGLA_CONDICIONAL_MANUAL,MEDIA,NO,,NO_APLICA,REGLA_CONDICIONAL_MANUAL,MEDIA,NO,1,VALIDADO,CIERRE_PENDIENTES_BASE_62,ALTA,NO,APTO,20,0,0,0,0,,,SI,,HEREDADO_V3,HEREDADO_V3,HEREDADO_V3,HEREDADO_V3,HEREDADO_V3,HEREDADO_V3,HEREDADO_V3,HEREDADO_V3,HEREDADO_V3,SIN_INFORMACION_DE_RESIDENCIA_ASIGNAR_0,RESIDENCIA_0_NO_COMPLETAR_PAIS_ORIGEN,HEREDADO_V3,HEREDADO_V3,HEREDADO_V3,HEREDADO_V3,INGRESO_ORIGEN_IGUAL_INGRESO_INSTITUCIONAL,INGRESO_ORIGEN_IGUAL_INGRESO_INSTITUCIONAL,HEREDADO_V3,HEREDADO_V3,HEREDADO_V3,V7,2026-06-25T11:51:40,SIN_INFORMACION_DE_RESIDENCIA_ASIGNAR_0,INGRESO_ORIGEN_IGUAL_INGRESO_INSTITUCIONAL,CATALOGO_TERRITORIAL_CHILE_SOLO_COINCIDENCIA_INEQUIVOCA,TIPO_RESIDENCIA_ESTUDIANTE|PAIS_ORIGEN|ANIO_INGRESO_CARRERA_ORIGEN|SEM_INGRESO_CARRERA_ORIGEN,SI,2026-06-25 12:16:07,,2026-06-25 14:12:13,,,,2026-06-25T18:26:55
6841,20241ICRE147,ICRE,INGENIERIA EN CONECTIVIDAD Y REDES,2025,1,2024,1,17-01-2025,O,26320901-K,JIMMY ALEXANDER ENCISO HERRERA,M,SOLTERO,02-01-2004,NAHUELBUTA 1444,SANTIAGO,CONCHALI,56981545729,NAHUELBUTA 1444,SANTIAGO,CONCHALI,56981545729,ALEXANDER21V7@GMAIL.COM,jimmy.enciso.herrera@estudiante.ipss.cl,Peruana,MADRE,56976885425,40031,Colegio No Encontrado,,NO DEFINIDA,SANTIAGO,SANTIAGO,NORMAL,ENSEÑANZA MEDIA  NACIONAL,OTROS,RECOMENDACION DE OTRO,,,,26320901-K,JIMMY ALEXANDER,ICRE,,,,,,,Entre $250.001 y $450.000,,2022,1.1,154695702,BEATRIZ SOFIA MIRANDA GALLARDO,VIGENTE,1 - ALUMNO REGULAR,2,5,2090000,SI,17-01-2025,47,PREC-CONC-0097,98,2269,NO,,R,VALIDADO,PRECARGA_NORMALIZADA,ALTA,NO,26320901,VALIDADO,PRECARGA_NORMALIZADA,ALTA,NO,K,VALIDADO,PRECARGA_NORMALIZADA,ALTA,NO,ENCISO,VALIDADO,PRECARGA_NORMALIZADA,ALTA,NO,HERRERA,VALIDADO,PRECARGA_NORMALIZADA,ALTA,NO,JIMMY ALEXANDER,VALIDADO,PRECARGA_NORMALIZADA,ALTA,NO,H,VALIDADO,PRECARGA_NORMALIZADA,ALTA,NO,02-01-2004,VALIDADO,PRECARGA_NORMALIZADA,ALTA,NO,142,VALIDADO,PRECARGA_NORMALIZADA,ALTA,NO,0,VALIDADO_POR_REGLA_INSTITUCIONAL,DECISION_INSTITUCIONAL_2026,ALTA,NO,,VACIO_PERMITIDO_POR_REGLA_CONDICIONAL,INSTRUCTIVO_SIES_2026,ALTA,NO,142,VALIDADO,PRECARGA_NORMALIZADA,ALTA,NO,I162S2C3J4V2,VALIDADO,PRECARGA_NORMALIZADA,ALTA,NO,2024,VALIDADO,PRECARGA_NORMALIZADA,ALTA,NO,1,VALIDADO,PRECARGA_NORMALIZADA,ALTA,NO,2024,VALIDADO_POR_REGLA_INSTITUCIONAL,BASE_CONGELADA,ALTA,NO,1,VALIDADO_POR_REGLA_INSTITUCIONAL,BASE_CONGELADA,ALTA,NO,,NO_APLICA,REGLA_CONDICIONAL_MANUAL,MEDIA,NO,,NO_APLICA,REGLA_CONDICIONAL_MANUAL,MEDIA,NO,1,VALIDADO,CIERRE_PENDIENTES_BASE_62,ALTA,NO,APTO,20,0,0,0,0,,,SI,,HEREDADO_V3,HEREDADO_V3,HEREDADO_V3,HEREDADO_V3,HEREDADO_V3,HEREDADO_V3,HEREDADO_V3,HEREDADO_V3,HEREDADO_V3,SIN_INFORMACION_DE_RESIDENCIA_ASIGNAR_0,RESIDENCIA_0_NO_COMPLETAR_PAIS_ORIGEN,HEREDADO_V3,HEREDADO_V3,HEREDADO_V3,HEREDADO_V3,INGRESO_ORIGEN_IGUAL_INGRESO_INSTITUCIONAL,INGRESO_ORIGEN_IGUAL_INGRESO_INSTITUCIONAL,HEREDADO_V3,HEREDADO_V3,HEREDADO_V3,V7,2026-06-25T11:51:40,SIN_INFORMACION_DE_RESIDENCIA_ASIGNAR_0,INGRESO_ORIGEN_IGUAL_INGRESO_INSTITUCIONAL,CATALOGO_TERRITORIAL_CHILE_SOLO_COINCIDENCIA_INEQUIVOCA,TIPO_RESIDENCIA_ESTUDIANTE|PAIS_ORIGEN|ANIO_INGRESO_CARRERA_ORIGEN|SEM_INGRESO_CARRERA_ORIGEN,SI,2026-06-25 12:16:07,,2026-06-25 14:12:13,,,,2026-06-25T18:26:55
7646,20242TCRE006,TCRE,TECNICO EN CONECTIVIDAD Y REDES,2025,2,2022,2,01-07-2025,O,26359214-K,JOSE ANTONIO FRANCO  SOTO,M,SOLTERO,23-10-1998,CARMEN 368,SANTIAGO,SANTIAGO,56977221939,PURISIMA 110,SANTIAGO,BUIN,56977221939,JOSEFRANCO486@GMAIL.COM,jose.franco.soto@estudiante.ipss.cl,Venezolana,jose franco padre,958872834,40031,Colegio No Encontrado,,NO DEFINIDA,SANTIAGO,SANTIAGO,NORMAL,ENSEÑANZA MEDIA  NACIONAL,HORARIOS,PAGINA WEB CIISA,PAGINA CONTACTO WEB,,,26359214-K,JOSE ANTONIO,TCRE,NOVA TELECOM,SUPERVISOR,APOQUINDO 4700 PISO 11,SANTIAGO,LAS CONDES,,Entre $1.100.001 y $1.500.000,,2017,1.10,154695702,BEATRIZ SOFIA MIRANDA GALLARDO,VIGENTE,1 - ALUMNO REGULAR,2,2,2090000,SI,01-07-2025,48,PREC-CONC-0100,101,952,NO,,R,VALIDADO,PRECARGA_NORMALIZADA,ALTA,NO,26359214,VALIDADO,PRECARGA_NORMALIZADA,ALTA,NO,K,VALIDADO,PRECARGA_NORMALIZADA,ALTA,NO,FRANCO,VALIDADO,PRECARGA_NORMALIZADA,ALTA,NO,SOTO,VALIDADO,PRECARGA_NORMALIZADA,ALTA,NO,JOSE ANTONIO,VALIDADO,PRECARGA_NORMALIZADA,ALTA,NO,H,VALIDADO,PRECARGA_NORMALIZADA,ALTA,NO,23-10-1998,VALIDADO,PRECARGA_NORMALIZADA,ALTA,NO,192,VALIDADO,PRECARGA_NORMALIZADA,ALTA,NO,0,VALIDADO_POR_REGLA_INSTITUCIONAL,DECISION_INSTITUCIONAL_2026,ALTA,NO,,VACIO_PERMITIDO_POR_REGLA_CONDICIONAL,INSTRUCTIVO_SIES_2026,ALTA,NO,192,VALIDADO,PRECARGA_NORMALIZADA,ALTA,NO,I162S2C6J4V2,VALIDADO,PRECARGA_NORMALIZADA,ALTA,NO,2025,VALIDADO,PRECARGA_NORMALIZADA,ALTA,NO,1,VALIDADO,PRECARGA_NORMALIZADA,ALTA,NO,2022,VALIDADO_POR_REGLA_INSTITUCIONAL,BASE_CONGELADA,ALTA,NO,2,VALIDADO_POR_REGLA_INSTITUCIONAL,BASE_CONGELADA,ALTA,NO,,NO_APLICA,REGLA_CONDICIONAL_MANUAL,MEDIA,NO,,NO_APLICA,REGLA_CONDICIONAL_MANUAL,MEDIA,NO,1,VALIDADO,CIERRE_PENDIENTES_BASE_62,ALTA,NO,APTO,20,0,0,0,0,,,SI,,HEREDADO_V3,HEREDADO_V3,HEREDADO_V3,HEREDADO_V3,HEREDADO_V3,HEREDADO_V3,HEREDADO_V3,HEREDADO_V3,HEREDADO_V3,SIN_INFORMACION_DE_RESIDENCIA_ASIGNAR_0,RESIDENCIA_0_NO_COMPLETAR_PAIS_ORIGEN,HEREDADO_V3,HEREDADO_V3,HEREDADO_V3,HEREDADO_V3,INGRESO_ORIGEN_IGUAL_INGRESO_INSTITUCIONAL,INGRESO_ORIGEN_IGUAL_INGRESO_INSTITUCIONAL,HEREDADO_V3,HEREDADO_V3,HEREDADO_V3,V7,2026-06-25T11:51:40,SIN_INFORMACION_DE_RESIDENCIA_ASIGNAR_0,INGRESO_ORIGEN_IGUAL_INGRESO_INSTITUCIONAL,CATALOGO_TERRITORIAL_CHILE_SOLO_COINCIDENCIA_INEQUIVOCA,TIPO_RESIDENCIA_ESTUDIANTE|PAIS_ORIGEN|ANIO_INGRESO_CARRERA_ORIGEN|SEM_INGRESO_CARRERA_ORIGEN,SI,2026-06-25 12:16:07,,2026-06-25 14:12:13,,,,2026-06-25T18:26:55
7068,20241TAMD021,TAMD,TECNICO EN ADMINISTRACION DE EMPRESAS,2025,1,2024,1,11-03-2025,O,26817949-6,YERALDINE DE LOS ANGELES LOPEZ ROJAS,F,SOLTERO,28-07-1995,SANTA ISABEL 747 DPTO 1212,SANTIAGO,SANTIAGO,56952301708,SERRANO 633 DPTO 507A,SANTIAGO,SANTIAGO,56952301708,YDLALR33@GMAIL.COM,yeraldine.lopez.rojas@estudiante.ipss.cl,Venezolana,Yaleinis lopez,56937592613,40031,Colegio No Encontrado,,NO DEFINIDA,SANTIAGO,SANTIAGO,NORMAL,ENSEÑANZA MEDIA  NACIONAL,MALLAS CURRICULARES,RECOMENDACION COMPANERO DE TRABAJO,PAGINA CONTACTO WEB,,Técnico en administración de empresas,26817949-6,YERALDINE DE LOS ANGELES,TAMD,NESTLE CHILE,VENDEDORA,BTQ COSTANERA CENTER NESPRESSO,SANTIAGO,PROVIDENCIA,,Entre $450.001 y $600.000,,2012,1.1,195224455,CRISTÓBAL IGNACIO ACEVEDO CANDIA,VIGENTE,38 - REINCORPORACION DE ACTIVIDADES,2,4,1980000,SI,11-03-2025,49,PREC-CONC-0125,126,326,NO,,R,VALIDADO,PRECARGA_NORMALIZADA,ALTA,NO,26817949,VALIDADO,PRECARGA_NORMALIZADA,ALTA,NO,6,VALIDADO,PRECARGA_NORMALIZADA,ALTA,NO,LOPEZ,VALIDADO,PRECARGA_NORMALIZADA,ALTA,NO,ROJAS,VALIDADO,PRECARGA_NORMALIZADA,ALTA,NO,YERALDINE DE LOS ANGELES,VALIDADO,PRECARGA_NORMALIZADA,ALTA,NO,M,VALIDADO,PRECARGA_NORMALIZADA,ALTA,NO,28-07-1995,VALIDADO,PRECARGA_NORMALIZADA,ALTA,NO,192,VALIDADO,PRECARGA_NORMALIZADA,ALTA,NO,0,VALIDADO_POR_REGLA_INSTITUCIONAL,DECISION_INSTITUCIONAL_2026,ALTA,NO,,VACIO_PERMITIDO_POR_REGLA_CONDICIONAL,INSTRUCTIVO_SIES_2026,ALTA,NO,192,VALIDADO,PRECARGA_NORMALIZADA,ALTA,NO,I162S2C78J4V1,VALIDADO,PRECARGA_NORMALIZADA,ALTA,NO,2024,VALIDADO,PRECARGA_NORMALIZADA,ALTA,NO,1,VALIDADO,PRECARGA_NORMALIZADA,ALTA,NO,2024,VALIDADO_POR_REGLA_INSTITUCIONAL,BASE_CONGELADA,ALTA,NO,1,VALIDADO_POR_REGLA_INSTITUCIONAL,BASE_CONGELADA,ALTA,NO,,NO_APLICA,REGLA_CONDICIONAL_MANUAL,MEDIA,NO,,NO_APLICA,REGLA_CONDICIONAL_MANUAL,MEDIA,NO,1,VALIDADO,CIERRE_PENDIENTES_BASE_62,ALTA,NO,APTO,20,0,0,0,0,,,SI,,HEREDADO_V3,HEREDADO_V3,HEREDADO_V3,HEREDADO_V3,HEREDADO_V3,HEREDADO_V3,HEREDADO_V3,HEREDADO_V3,HEREDADO_V3,SIN_INFORMACION_DE_RESIDENCIA_ASIGNAR_0,RESIDENCIA_0_NO_COMPLETAR_PAIS_ORIGEN,HEREDADO_V3,HEREDADO_V3,HEREDADO_V3,HEREDADO_V3,INGRESO_ORIGEN_IGUAL_INGRESO_INSTITUCIONAL,INGRESO_ORIGEN_IGUAL_INGRESO_INSTITUCIONAL,HEREDADO_V3,HEREDADO_V3,HEREDADO_V3,V7,2026-06-25T11:51:40,SIN_INFORMACION_DE_RESIDENCIA_ASIGNAR_0,INGRESO_ORIGEN_IGUAL_INGRESO_INSTITUCIONAL,CATALOGO_TERRITORIAL_CHILE_SOLO_COINCIDENCIA_INEQUIVOCA,TIPO_RESIDENCIA_ESTUDIANTE|PAIS_ORIGEN|ANIO_INGRESO_CARRERA_ORIGEN|SEM_INGRESO_CARRERA_ORIGEN,SI,2026-06-25 12:16:07,,2026-06-25 14:12:13,,,,2026-06-25T18:26:55
6583,20241ICIB087,ICIB,INGENIERIA EN CIBERSEGURIDAD,2025,1,2022,1,28-12-2024,O,26826562-7,ANTHONY JOSE MARIN DE FREITAS,M,SOLTERO,21-06-1990,CARMEN 660 DEPTO 117,SANTIAGO,SANTIAGO,981529236,ZAÑARTU 2075,SANTIAGO,ÑUÑOA,56981529236,ANTHONYJMDF@GMAIL.COM,anthony.marin.defreitas@estudiante.ipss.cl,Venezolana,NATASHA ARELLAN,998103272,40031,Colegio No Encontrado,,NO DEFINIDA,SANTIAGO,SANTIAGO,NORMAL,EXTRANJERO,MALLAS CURRICULARES,PAGINA WEB CIISA,TELEFONICO,,,26826562-7,ANTHONY JOSE,ICIB,GOOGLE,EMPLEO REMUNERADO,EL MOLINO 2130,SANTIAGO,QUILICURA,,Entre $600.001 y $800.000,,2009,1.10,068191785,ANGELICA ACEVEDO ARANGUIZ,VIGENTE,1 - ALUMNO REGULAR,2,11,2250000,SI,28-12-2024,50,PREC-CONC-0127,128,1520,NO,,R,VALIDADO,PRECARGA_NORMALIZADA,ALTA,NO,26826562,VALIDADO,PRECARGA_NORMALIZADA,ALTA,NO,7,VALIDADO,PRECARGA_NORMALIZADA,ALTA,NO,MARIN,VALIDADO,PRECARGA_NORMALIZADA,ALTA,NO,DE FREITAS,VALIDADO,PRECARGA_NORMALIZADA,ALTA,NO,ANTHONY JOSE,VALIDADO,PRECARGA_NORMALIZADA,ALTA,NO,H,VALIDADO,PRECARGA_NORMALIZADA,ALTA,NO,21-06-1990,VALIDADO,PRECARGA_NORMALIZADA,ALTA,NO,192,VALIDADO,PRECARGA_NORMALIZADA,ALTA,NO,0,VALIDADO_POR_REGLA_INSTITUCIONAL,DECISION_INSTITUCIONAL_2026,ALTA,NO,,VACIO_PERMITIDO_POR_REGLA_CONDICIONAL,INSTRUCTIVO_SIES_2026,ALTA,NO,192,VALIDADO,PRECARGA_NORMALIZADA,ALTA,NO,I162S2C46J4V3,VALIDADO,PRECARGA_NORMALIZADA,ALTA,NO,2022,VALIDADO,PRECARGA_NORMALIZADA,ALTA,NO,1,VALIDADO,PRECARGA_NORMALIZADA,ALTA,NO,2022,VALIDADO_POR_REGLA_INSTITUCIONAL,BASE_CONGELADA,ALTA,NO,1,VALIDADO_POR_REGLA_INSTITUCIONAL,BASE_CONGELADA,ALTA,NO,,NO_APLICA,REGLA_CONDICIONAL_MANUAL,MEDIA,NO,,NO_APLICA,REGLA_CONDICIONAL_MANUAL,MEDIA,NO,1,VALIDADO,CIERRE_PENDIENTES_BASE_62,ALTA,NO,APTO,20,0,0,0,0,,,SI,,HEREDADO_V3,HEREDADO_V3,HEREDADO_V3,HEREDADO_V3,HEREDADO_V3,HEREDADO_V3,HEREDADO_V3,HEREDADO_V3,HEREDADO_V3,SIN_INFORMACION_DE_RESIDENCIA_ASIGNAR_0,RESIDENCIA_0_NO_COMPLETAR_PAIS_ORIGEN,HEREDADO_V3,HEREDADO_V3,HEREDADO_V3,HEREDADO_V3,INGRESO_ORIGEN_IGUAL_INGRESO_INSTITUCIONAL,INGRESO_ORIGEN_IGUAL_INGRESO_INSTITUCIONAL,HEREDADO_V3,HEREDADO_V3,HEREDADO_V3,V7,2026-06-25T11:51:40,SIN_INFORMACION_DE_RESIDENCIA_ASIGNAR_0,INGRESO_ORIGEN_IGUAL_INGRESO_INSTITUCIONAL,CATALOGO_TERRITORIAL_CHILE_SOLO_COINCIDENCIA_INEQUIVOCA,TIPO_RESIDENCIA_ESTUDIANTE|PAIS_ORIGEN|ANIO_INGRESO_CARRERA_ORIGEN|SEM_INGRESO_CARRERA_ORIGEN,SI,2026-06-25 12:16:07,,2026-06-25 14:12:13,,,,2026-06-25T18:26:55
6762,20241ICRE068,ICRE,INGENIERIA EN CONECTIVIDAD Y REDES,2025,1,2021,1,24-01-2025,V,26850536-9,LUIS ÁNGEL  BRITO MENDOZA,M,SOLTERO,21-07-2003,MONEDA 2264 DEPTO 612,SANTIAGO,SANTIAGO,933048793,MONEDA 2264 DEPTO 612,SANTIAGO,SANTIAGO,56933048793,luisbrito2003@gmail.com,luis.brito.mendoza@estudiante.ipss.cl,Venezolana,MARLUS BRITO (MADRE),966337160,24638,LICEO MIGUEL DE CERVANTES Y SAAVEDRA,TÉCNICO-PROFESIONAL,MUNICIPAL DAEM,SANTIAGO,SANTIAGO,NORMAL,ENSEÑANZA MEDIA  NACIONAL,HORARIOS,RECOMENDACION DE OTRO,PERSONALMENTE,,,25961755-3,MARLUS ELENA,ICRE,,,,,,,Entre $2.000.001 y $2.500.000,,2020,5.40,068191785,ANGELICA ACEVEDO ARANGUIZ,VIGENTE,1 - ALUMNO REGULAR,2,11,2350000,SI,24-01-2025,51,PREC-CONC-0129,130,1379,SI,COINCIDENCIA_MULTIPLE,R,VALIDADO,PRECARGA_NORMALIZADA,ALTA,NO,26850536,VALIDADO,PRECARGA_NORMALIZADA,ALTA,NO,9,VALIDADO,PRECARGA_NORMALIZADA,ALTA,NO,BRITO,VALIDADO,PRECARGA_NORMALIZADA,ALTA,NO,MENDOZA,VALIDADO,PRECARGA_NORMALIZADA,ALTA,NO,LUIS ANGEL,VALIDADO,PRECARGA_NORMALIZADA,ALTA,NO,H,VALIDADO,PRECARGA_NORMALIZADA,ALTA,NO,21-07-2003,VALIDADO,PRECARGA_NORMALIZADA,ALTA,NO,192,VALIDADO,PRECARGA_NORMALIZADA,ALTA,NO,0,VALIDADO_POR_REGLA_INSTITUCIONAL,DECISION_INSTITUCIONAL_2026,ALTA,NO,,VACIO_PERMITIDO_POR_REGLA_CONDICIONAL,INSTRUCTIVO_SIES_2026,ALTA,NO,192,VALIDADO,PRECARGA_NORMALIZADA,ALTA,NO,I162S2C3J2V4,VALIDADO_DECISION_INSTITUCIONAL,RESOLUCION_INSTITUCIONAL_SIES,ALTA,NO,2021,VALIDADO,PRECARGA_NORMALIZADA,ALTA,NO,1,VALIDADO,PRECARGA_NORMALIZADA,ALTA,NO,2021,VALIDADO_POR_REGLA_INSTITUCIONAL,BASE_CONGELADA,ALTA,NO,1,VALIDADO_POR_REGLA_INSTITUCIONAL,BASE_CONGELADA,ALTA,NO,,NO_APLICA,REGLA_CONDICIONAL_MANUAL,MEDIA,NO,,NO_APLICA,REGLA_CONDICIONAL_MANUAL,MEDIA,NO,1,VALIDADO,CIERRE_PENDIENTES_BASE_62,ALTA,NO,APTO,19,0,1,0,0,CODIGO_UNICO,,SI,,HEREDADO_V3,HEREDADO_V3,HEREDADO_V3,HEREDADO_V3,HEREDADO_V3,HEREDADO_V3,HEREDADO_V3,HEREDADO_V3,HEREDADO_V3,SIN_INFORMACION_DE_RESIDENCIA_ASIGNAR_0,RESIDENCIA_0_NO_COMPLETAR_PAIS_ORIGEN,HEREDADO_V3,RESOLUCION_POR_EVIDENCIA_EXPLICITA,HEREDADO_V3,HEREDADO_V3,INGRESO_ORIGEN_IGUAL_INGRESO_INSTITUCIONAL,INGRESO_ORIGEN_IGUAL_INGRESO_INSTITUCIONAL,HEREDADO_V3,HEREDADO_V3,HEREDADO_V3,V8,2026-06-25T11:51:40,SIN_INFORMACION_DE_RESIDENCIA_ASIGNAR_0,INGRESO_ORIGEN_IGUAL_INGRESO_INSTITUCIONAL,CATALOGO_TERRITORIAL_CHILE_SOLO_COINCIDENCIA_INEQUIVOCA,TIPO_RESIDENCIA_ESTUDIANTE|PAIS_ORIGEN|ANIO_INGRESO_CARRERA_ORIGEN|SEM_INGRESO_CARRERA_ORIGEN,SI,2026-06-25 12:16:07,,2026-06-25 14:12:13,,I162S2C3J2V1 | I162S2C3J2V4,EXT-ICRE068-2026-002,2026-06-25T19:54:39
6169,20241CICIB040,CICIB,CONTINUIDAD INGENIERIA  CIBERSEGURIDAD,2025,1,2024,1,03-01-2025,O,27068625-7,JESUS OSWALDO CRESPO DIAZ,M,SOLTERO,06-10-1998,AV MANUEL RODRIGUEZ 881,SANTIAGO,SANTIAGO,964134886,MONVOISIN 90,SANTIAGO,SANTIAGO,56964134886,jesus62175@gmail.com,jesus.crespo.diaz@estudiante.ipss.cl,Venezolana,LUCIANA ALVAREZ (HERMANA),994652982,40031,Colegio No Encontrado,,NO DEFINIDA,SANTIAGO,SANTIAGO,PROCESO DE TITULO,ENSEÑANZA MEDIA  NACIONAL,MALLAS CURRICULARES,PAGINA WEB CIISA,PAGINA CONTACTO WEB,,,27068625-7,JESUS OSWALDO,CICIB,,,,,,,Entre $800.001 y $1.100.000,,2016,1.10,154695702,BEATRIZ SOFIA MIRANDA GALLARDO,VIGENTE,1 - ALUMNO REGULAR,1,5,2250000,SI,03-01-2025,52,PREC-CONC-0134,135,1525,SI,COINCIDENCIA_MULTIPLE,R,VALIDADO,PRECARGA_NORMALIZADA,ALTA,NO,27068625,VALIDADO,PRECARGA_NORMALIZADA,ALTA,NO,7,VALIDADO,PRECARGA_NORMALIZADA,ALTA,NO,CRESPO,VALIDADO,PRECARGA_NORMALIZADA,ALTA,NO,DIAZ,VALIDADO,PRECARGA_NORMALIZADA,ALTA,NO,JESUS OSWALDO,VALIDADO,PRECARGA_NORMALIZADA,ALTA,NO,H,VALIDADO,PRECARGA_NORMALIZADA,ALTA,NO,06-10-1998,VALIDADO,PRECARGA_NORMALIZADA,ALTA,NO,192,VALIDADO,PRECARGA_NORMALIZADA,ALTA,NO,0,VALIDADO_POR_REGLA_INSTITUCIONAL,DECISION_INSTITUCIONAL_2026,ALTA,NO,,VACIO_PERMITIDO_POR_REGLA_CONDICIONAL,INSTRUCTIVO_SIES_2026,ALTA,NO,192,VALIDADO,PRECARGA_NORMALIZADA,ALTA,NO,I162S2C46J4V1,VALIDADO,MATRICULA_UNIFICADA,ALTA,NO,2024,VALIDADO,PRECARGA_NORMALIZADA,ALTA,NO,1,VALIDADO,PRECARGA_NORMALIZADA,ALTA,NO,2024,VALIDADO_POR_REGLA_INSTITUCIONAL,BASE_CONGELADA,ALTA,NO,1,VALIDADO_POR_REGLA_INSTITUCIONAL,BASE_CONGELADA,ALTA,NO,,NO_APLICA,REGLA_CONDICIONAL_MANUAL,MEDIA,NO,,NO_APLICA,REGLA_CONDICIONAL_MANUAL,MEDIA,NO,1,VALIDADO,CIERRE_PENDIENTES_BASE_62,ALTA,NO,APTO,20,0,0,0,0,,,SI,,HEREDADO_V3,HEREDADO_V3,HEREDADO_V3,HEREDADO_V3,HEREDADO_V3,HEREDADO_V3,HEREDADO_V3,HEREDADO_V3,HEREDADO_V3,SIN_INFORMACION_DE_RESIDENCIA_ASIGNAR_0,RESIDENCIA_0_NO_COMPLETAR_PAIS_ORIGEN,HEREDADO_V3,RESUELTO_CODCLI_EXACTO,HEREDADO_V3,HEREDADO_V3,INGRESO_ORIGEN_IGUAL_INGRESO_INSTITUCIONAL,INGRESO_ORIGEN_IGUAL_INGRESO_INSTITUCIONAL,HEREDADO_V3,HEREDADO_V3,HEREDADO_V3,V7,2026-06-25T11:51:40,SIN_INFORMACION_DE_RESIDENCIA_ASIGNAR_0,INGRESO_ORIGEN_IGUAL_INGRESO_INSTITUCIONAL,CATALOGO_TERRITORIAL_CHILE_SOLO_COINCIDENCIA_INEQUIVOCA,TIPO_RESIDENCIA_ESTUDIANTE|PAIS_ORIGEN|ANIO_INGRESO_CARRERA_ORIGEN|SEM_INGRESO_CARRERA_ORIGEN,SI,2026-06-25 12:16:07,CODIGO_UNICO_RESUELTO;,2026-06-25 14:12:13,,,,2026-06-25T18:26:55
6183,20241CICRE005,CICRE,CONTINUIDAD INGENIERIA CONECTIVIDAD Y REDES,2025,1,2024,1,08-01-2025,O,27163964-3,JOSE ANDRES BOLAÑOS  VERA,M,SOLTERO,03-02-2001,EL TRAQUE 0831,PUENTE ALTO,PUENTE ALTO,940651025,ICHUAC 1128,SANTIAGO,PUENTE ALTO,56940651025,BOLANOSANDRES834@GMAIL.COM,jose.bolanos.vera@estudiante.ipss.cl,Ecuatoriana,ROCIA BOLAÑOS (MADRE),964178054,40031,Colegio No Encontrado,,NO DEFINIDA,SANTIAGO,SANTIAGO,INGRESO ESPECIAL,ENSEÑANZA MEDIA  NACIONAL,PRESTIGIO,RECOMENDACION DE OTRO,PERSONALMENTE,,,27163964-3,JOSE ANDRES,CICRE,COMERCIAL COMCR,VENDEDOR JUNIOR ,SAZIE 2676 LOCAL A ,SANTIAGO,ESTACION CENTRAL,,Entre $450.001 y $600.000,,2018,5.00,259180511,HEYTHCER DURLAY  PINTO  LUGO,VIGENTE,1 - ALUMNO REGULAR,1,1,2090000,SI,08-01-2025,53,PREC-CONC-0140,141,1176,SI,COINCIDENCIA_MULTIPLE,R,VALIDADO,PRECARGA_NORMALIZADA,ALTA,NO,27163964,VALIDADO,PRECARGA_NORMALIZADA,ALTA,NO,3,VALIDADO,PRECARGA_NORMALIZADA,ALTA,NO,BOLANOS,VALIDADO,PRECARGA_NORMALIZADA,ALTA,NO,VERA,VALIDADO,PRECARGA_NORMALIZADA,ALTA,NO,JOSE ANDRES,VALIDADO,PRECARGA_NORMALIZADA,ALTA,NO,H,VALIDADO,PRECARGA_NORMALIZADA,ALTA,NO,03-02-2001,VALIDADO,PRECARGA_NORMALIZADA,ALTA,NO,52,VALIDADO,PRECARGA_NORMALIZADA,ALTA,NO,0,VALIDADO_POR_REGLA_INSTITUCIONAL,DECISION_INSTITUCIONAL_2026,ALTA,NO,,VACIO_PERMITIDO_POR_REGLA_CONDICIONAL,INSTRUCTIVO_SIES_2026,ALTA,NO,52,VALIDADO,PRECARGA_NORMALIZADA,ALTA,NO,I162S2C3J4V3,VALIDADO,MATRICULA_UNIFICADA,ALTA,NO,2024,VALIDADO,PRECARGA_NORMALIZADA,ALTA,NO,1,VALIDADO,PRECARGA_NORMALIZADA,ALTA,NO,2024,VALIDADO_POR_REGLA_INSTITUCIONAL,BASE_CONGELADA,ALTA,NO,1,VALIDADO_POR_REGLA_INSTITUCIONAL,BASE_CONGELADA,ALTA,NO,,NO_APLICA,REGLA_CONDICIONAL_MANUAL,MEDIA,NO,,NO_APLICA,REGLA_CONDICIONAL_MANUAL,MEDIA,NO,1,VALIDADO,CIERRE_PENDIENTES_BASE_62,ALTA,NO,APTO,20,0,0,0,0,,,SI,,HEREDADO_V3,HEREDADO_V3,HEREDADO_V3,HEREDADO_V3,HEREDADO_V3,HEREDADO_V3,HEREDADO_V3,HEREDADO_V3,HEREDADO_V3,SIN_INFORMACION_DE_RESIDENCIA_ASIGNAR_0,RESIDENCIA_0_NO_COMPLETAR_PAIS_ORIGEN,HEREDADO_V3,RESUELTO_CODCLI_EXACTO,HEREDADO_V3,HEREDADO_V3,INGRESO_ORIGEN_IGUAL_INGRESO_INSTITUCIONAL,INGRESO_ORIGEN_IGUAL_INGRESO_INSTITUCIONAL,HEREDADO_V3,HEREDADO_V3,HEREDADO_V3,V7,2026-06-25T11:51:40,SIN_INFORMACION_DE_RESIDENCIA_ASIGNAR_0,INGRESO_ORIGEN_IGUAL_INGRESO_INSTITUCIONAL,CATALOGO_TERRITORIAL_CHILE_SOLO_COINCIDENCIA_INEQUIVOCA,TIPO_RESIDENCIA_ESTUDIANTE|PAIS_ORIGEN|ANIO_INGRESO_CARRERA_ORIGEN|SEM_INGRESO_CARRERA_ORIGEN,SI,2026-06-25 12:16:07,CODIGO_UNICO_RESUELTO;,2026-06-25 14:12:13,,,,2026-06-25T18:26:55
6630,20241ICIB134,ICIB,INGENIERIA EN CIBERSEGURIDAD,2025,1,2022,2,09-01-2025,O,27464121-5,KRYSTHEL MÉLIDA UNDA SÁNCHEZ,F,CASADO,10-08-1999,AVENIDA PARQUE DEL  ESTE 4480,SANTIAGO,PUENTE ALTO,963531150,AVENIDA PARQUE DEL  ESTE 4480,SANTIAGO,PUENTE ALTO,56963531150,KRYSTHELUNDA90@GMAIL.COM,krysthel.unda.sanchez@estudiante.ipss.cl,Ecuatoriana,christopher unda (hermano),942643180,40031,Colegio No Encontrado,,NO DEFINIDA,SANTIAGO,SANTIAGO,NORMAL,ENSEÑANZA MEDIA  NACIONAL,MALLAS CURRICULARES,PAGINA WEB CIISA,PAGINA CONTACTO WEB,,,27464121-5,KRYSTHEL MÉLIDA,ICIB,OFICINA,TECNICO INFORMÁTICO,AVENIDA IRRAZABAL 2827,SANTIAGO,PUENTE ALTO,1,Entre $600.001 y $800.000,,2012,1.10,99764392,LORETO ANDREA MANZUR SABRA,VIGENTE,100 - TITULACIÓN INTERMEDIA,2,9,2250000,SI,09-01-2025,54,PREC-CONC-0148,149,1562,NO,,R,VALIDADO,PRECARGA_NORMALIZADA,ALTA,NO,27464121,VALIDADO,PRECARGA_NORMALIZADA,ALTA,NO,5,VALIDADO,PRECARGA_NORMALIZADA,ALTA,NO,UNDA,VALIDADO,PRECARGA_NORMALIZADA,ALTA,NO,SANCHEZ,VALIDADO,PRECARGA_NORMALIZADA,ALTA,NO,KRYSTHEL MELIDA,VALIDADO,PRECARGA_NORMALIZADA,ALTA,NO,M,VALIDADO,PRECARGA_NORMALIZADA,ALTA,NO,10-08-1999,VALIDADO,PRECARGA_NORMALIZADA,ALTA,NO,52,VALIDADO,PRECARGA_NORMALIZADA,ALTA,NO,0,VALIDADO_POR_REGLA_INSTITUCIONAL,DECISION_INSTITUCIONAL_2026,ALTA,NO,,VACIO_PERMITIDO_POR_REGLA_CONDICIONAL,INSTRUCTIVO_SIES_2026,ALTA,NO,52,VALIDADO,PRECARGA_NORMALIZADA,ALTA,NO,I162S2C46J4V3,VALIDADO,PRECARGA_NORMALIZADA,ALTA,NO,2022,VALIDADO,PRECARGA_NORMALIZADA,ALTA,NO,2,VALIDADO,PRECARGA_NORMALIZADA,ALTA,NO,2022,VALIDADO_POR_REGLA_INSTITUCIONAL,BASE_CONGELADA,ALTA,NO,2,VALIDADO_POR_REGLA_INSTITUCIONAL,BASE_CONGELADA,ALTA,NO,,NO_APLICA,REGLA_CONDICIONAL_MANUAL,MEDIA,NO,,NO_APLICA,REGLA_CONDICIONAL_MANUAL,MEDIA,NO,1,VALIDADO,CIERRE_PENDIENTES_BASE_62,ALTA,NO,APTO,20,0,0,0,0,,,SI,,HEREDADO_V3,HEREDADO_V3,HEREDADO_V3,HEREDADO_V3,HEREDADO_V3,HEREDADO_V3,HEREDADO_V3,HEREDADO_V3,HEREDADO_V3,SIN_INFORMACION_DE_RESIDENCIA_ASIGNAR_0,RESIDENCIA_0_NO_COMPLETAR_PAIS_ORIGEN,HEREDADO_V3,HEREDADO_V3,HEREDADO_V3,HEREDADO_V3,INGRESO_ORIGEN_IGUAL_INGRESO_INSTITUCIONAL,INGRESO_ORIGEN_IGUAL_INGRESO_INSTITUCIONAL,HEREDADO_V3,HEREDADO_V3,HEREDADO_V3,V7,2026-06-25T11:51:40,SIN_INFORMACION_DE_RESIDENCIA_ASIGNAR_0,INGRESO_ORIGEN_IGUAL_INGRESO_INSTITUCIONAL,CATALOGO_TERRITORIAL_CHILE_SOLO_COINCIDENCIA_INEQUIVOCA,TIPO_RESIDENCIA_ESTUDIANTE|PAIS_ORIGEN|ANIO_INGRESO_CARRERA_ORIGEN|SEM_INGRESO_CARRERA_ORIGEN,SI,2026-06-25 12:16:07,,2026-06-25 14:12:13,,,,2026-06-25T18:26:55
6938,20241IINF095,IINF,INGENIERIA EN INFORMATICA,2025,1,2023,1,13-12-2024,O,27888829-0,LUZ VALENTINA MARTINEZ NUÑEZ,F,SOLTERO,09-08-2004,EL RONDADERO 3591,SANTIAGO,PUENTE ALTO,56937186049,AMUNÁTEGUI 620,SANTIAGO,SANTIAGO,56937186049,MARTINEZLUZV09@GMAIL.COM,luz.martinez.nunez@estudiante.ipss.cl,Venezolana,MANUEL MARTINEZ (PADRE),56953656320,40031,Colegio No Encontrado,,NO DEFINIDA,SANTIAGO,SANTIAGO,NORMAL,ENSEÑANZA MEDIA  NACIONAL,OTROS,MEDIOS DIGITALES,PAGINA CONTACTO WEB,,,27888829-0,LUZ VALENTINA,IINF,VACASA,CONTADOR,AVENIDA EL BOSQUE NORTE 92,SANTIAGO,LAS CONDES,,Entre $600.001 y $800.000,,2021,1.00,068191785,ANGELICA ACEVEDO ARANGUIZ,VIGENTE,1 - ALUMNO REGULAR,2,8,2150000,SI,13-12-2024,55,PREC-CONC-0161,162,1506,NO,,R,VALIDADO,PRECARGA_NORMALIZADA,ALTA,NO,27888829,VALIDADO,PRECARGA_NORMALIZADA,ALTA,NO,0,VALIDADO,PRECARGA_NORMALIZADA,ALTA,NO,MARTINEZ,VALIDADO,PRECARGA_NORMALIZADA,ALTA,NO,NUNEZ,VALIDADO,PRECARGA_NORMALIZADA,ALTA,NO,LUZ VALENTINA,VALIDADO,PRECARGA_NORMALIZADA,ALTA,NO,M,VALIDADO,PRECARGA_NORMALIZADA,ALTA,NO,09-08-2004,VALIDADO,PRECARGA_NORMALIZADA,ALTA,NO,192,VALIDADO,PRECARGA_NORMALIZADA,ALTA,NO,0,VALIDADO_POR_REGLA_INSTITUCIONAL,DECISION_INSTITUCIONAL_2026,ALTA,NO,,VACIO_PERMITIDO_POR_REGLA_CONDICIONAL,INSTRUCTIVO_SIES_2026,ALTA,NO,192,VALIDADO,PRECARGA_NORMALIZADA,ALTA,NO,I162S2C1J4V2,VALIDADO,PRECARGA_NORMALIZADA,ALTA,NO,2023,VALIDADO,PRECARGA_NORMALIZADA,ALTA,NO,1,VALIDADO,PRECARGA_NORMALIZADA,ALTA,NO,2023,VALIDADO_POR_REGLA_INSTITUCIONAL,BASE_CONGELADA,ALTA,NO,1,VALIDADO_POR_REGLA_INSTITUCIONAL,BASE_CONGELADA,ALTA,NO,,NO_APLICA,REGLA_CONDICIONAL_MANUAL,MEDIA,NO,,NO_APLICA,REGLA_CONDICIONAL_MANUAL,MEDIA,NO,1,VALIDADO,CIERRE_PENDIENTES_BASE_62,ALTA,NO,APTO,20,0,0,0,0,,,SI,,HEREDADO_V3,HEREDADO_V3,HEREDADO_V3,HEREDADO_V3,HEREDADO_V3,HEREDADO_V3,HEREDADO_V3,HEREDADO_V3,HEREDADO_V3,SIN_INFORMACION_DE_RESIDENCIA_ASIGNAR_0,RESIDENCIA_0_NO_COMPLETAR_PAIS_ORIGEN,HEREDADO_V3,HEREDADO_V3,HEREDADO_V3,HEREDADO_V3,INGRESO_ORIGEN_IGUAL_INGRESO_INSTITUCIONAL,INGRESO_ORIGEN_IGUAL_INGRESO_INSTITUCIONAL,HEREDADO_V3,HEREDADO_V3,HEREDADO_V3,V7,2026-06-25T11:51:40,SIN_INFORMACION_DE_RESIDENCIA_ASIGNAR_0,INGRESO_ORIGEN_IGUAL_INGRESO_INSTITUCIONAL,CATALOGO_TERRITORIAL_CHILE_SOLO_COINCIDENCIA_INEQUIVOCA,TIPO_RESIDENCIA_ESTUDIANTE|PAIS_ORIGEN|ANIO_INGRESO_CARRERA_ORIGEN|SEM_INGRESO_CARRERA_ORIGEN,SI,2026-06-25 12:16:07,,2026-06-25 14:12:13,,,,2026-06-25T18:26:55
7176,20241TCIB105,TCIB,TECNICO EN CIBERSEGURIDAD,2025,1,2024,1,13-03-2025,O,27948370-7,CHRISTOPHER FARID UNDA SÁNCHEZ,M,SOLTERO,16-12-2000,AVENIDA PARQUE DEL ESTE 4480,SANTIAGO,PUENTE ALTO,56990131847,AVENIDA PARQUE DEL ESTE 4480,SANTIAGO,PUENTE ALTO,56990131847,FARIDUNDA57@GMAIL.COM,christopher.unda.sanchez@estudiante.ipss.cl,Ecuatoriana,Krysthel Unda,56945840608,40031,Colegio No Encontrado,,NO DEFINIDA,SANTIAGO,SANTIAGO,NORMAL,ENSEÑANZA MEDIA  NACIONAL,MALLAS CURRICULARES,RECOMENDACION DE ALGUN FAMILIAR,PAGINA CONTACTO WEB,,,27948370-7,CHRISTOPHER FARID,TCIB,HOLOMEDIC,ADMINISTRADOR AREA DE SALUD,MATIAS COUSIÑO 154 ,SANTIAGO,SANTIAGO,,Entre $450.001 y $600.000,,2018,1.1,195224455,CRISTÓBAL IGNACIO ACEVEDO CANDIA,VIGENTE,1 - ALUMNO REGULAR,2,5,2250000,SI,13-03-2025,56,PREC-CONC-0163,164,2189,NO,,R,VALIDADO,PRECARGA_NORMALIZADA,ALTA,NO,27948370,VALIDADO,PRECARGA_NORMALIZADA,ALTA,NO,7,VALIDADO,PRECARGA_NORMALIZADA,ALTA,NO,UNDA,VALIDADO,PRECARGA_NORMALIZADA,ALTA,NO,SANCHEZ,VALIDADO,PRECARGA_NORMALIZADA,ALTA,NO,CHRISTOPHER FARID,VALIDADO,PRECARGA_NORMALIZADA,ALTA,NO,H,VALIDADO,PRECARGA_NORMALIZADA,ALTA,NO,16-12-2000,VALIDADO,PRECARGA_NORMALIZADA,ALTA,NO,52,VALIDADO,PRECARGA_NORMALIZADA,ALTA,NO,0,VALIDADO_POR_REGLA_INSTITUCIONAL,DECISION_INSTITUCIONAL_2026,ALTA,NO,,VACIO_PERMITIDO_POR_REGLA_CONDICIONAL,INSTRUCTIVO_SIES_2026,ALTA,NO,52,VALIDADO,PRECARGA_NORMALIZADA,ALTA,NO,I162S2C47J4V1,VALIDADO,PRECARGA_NORMALIZADA,ALTA,NO,2024,VALIDADO,PRECARGA_NORMALIZADA,ALTA,NO,1,VALIDADO,PRECARGA_NORMALIZADA,ALTA,NO,2024,VALIDADO_POR_REGLA_INSTITUCIONAL,BASE_CONGELADA,ALTA,NO,1,VALIDADO_POR_REGLA_INSTITUCIONAL,BASE_CONGELADA,ALTA,NO,,NO_APLICA,REGLA_CONDICIONAL_MANUAL,MEDIA,NO,,NO_APLICA,REGLA_CONDICIONAL_MANUAL,MEDIA,NO,1,VALIDADO,CIERRE_PENDIENTES_BASE_62,ALTA,NO,APTO,20,0,0,0,0,,,SI,,HEREDADO_V3,HEREDADO_V3,HEREDADO_V3,HEREDADO_V3,HEREDADO_V3,HEREDADO_V3,HEREDADO_V3,HEREDADO_V3,HEREDADO_V3,SIN_INFORMACION_DE_RESIDENCIA_ASIGNAR_0,RESIDENCIA_0_NO_COMPLETAR_PAIS_ORIGEN,HEREDADO_V3,HEREDADO_V3,HEREDADO_V3,HEREDADO_V3,INGRESO_ORIGEN_IGUAL_INGRESO_INSTITUCIONAL,INGRESO_ORIGEN_IGUAL_INGRESO_INSTITUCIONAL,HEREDADO_V3,HEREDADO_V3,HEREDADO_V3,V7,2026-06-25T11:51:40,SIN_INFORMACION_DE_RESIDENCIA_ASIGNAR_0,INGRESO_ORIGEN_IGUAL_INGRESO_INSTITUCIONAL,CATALOGO_TERRITORIAL_CHILE_SOLO_COINCIDENCIA_INEQUIVOCA,TIPO_RESIDENCIA_ESTUDIANTE|PAIS_ORIGEN|ANIO_INGRESO_CARRERA_ORIGEN|SEM_INGRESO_CARRERA_ORIGEN,SI,2026-06-25 12:16:07,,2026-06-25 14:12:13,,,,2026-06-25T18:26:55
6977,20241IINF136,IINF,INGENIERIA EN INFORMATICA,2025,1,2024,1,30-12-2024,D,28346489-K,MANUEL ALEJANDRO MENA DIAZ,M,SOLTERO,26-09-2006,SANTA ISABEL 55,SANTIAGO,SANTIAGO,56928214809,SANTA ISABEL 55,SANTIAGO,SANTIAGO,56928214809,alemena2601m@gmail.com,manuel.mena.diaz@estudiante.ipss.cl,Venezolana,MAHOLY MENA,937226871,8501,LICEO COMERCIAL  PTE. GABRIEL GONZALES V,TÉCNICO-PROFESIONAL,MUNICIPAL DAEM,SANTIAGO,SANTIAGO,NORMAL,ENSEÑANZA MEDIA  NACIONAL,MALLAS CURRICULARES,METRO,PAGINA CONTACTO WEB,,,28346489-K,MANUEL ALEJANDRO,IINF,,,,,,,$250.000 ó menos,,2023,1.1,195224455,CRISTÓBAL IGNACIO ACEVEDO CANDIA,VIGENTE,1 - ALUMNO REGULAR,2,5,2130000,SI,30-12-2024,57,PREC-CONC-0178,179,2217,NO,,R,VALIDADO,PRECARGA_NORMALIZADA,ALTA,NO,28346489,VALIDADO,PRECARGA_NORMALIZADA,ALTA,NO,K,VALIDADO,PRECARGA_NORMALIZADA,ALTA,NO,MENA,VALIDADO,PRECARGA_NORMALIZADA,ALTA,NO,DIAZ,VALIDADO,PRECARGA_NORMALIZADA,ALTA,NO,MANUEL ALEJANDRO,VALIDADO,PRECARGA_NORMALIZADA,ALTA,NO,H,VALIDADO,PRECARGA_NORMALIZADA,ALTA,NO,26-01-2006,VALIDADO,PRECARGA_NORMALIZADA,ALTA,NO,192,VALIDADO,PRECARGA_NORMALIZADA,ALTA,NO,0,VALIDADO_POR_REGLA_INSTITUCIONAL,DECISION_INSTITUCIONAL_2026,ALTA,NO,,VACIO_PERMITIDO_POR_REGLA_CONDICIONAL,INSTRUCTIVO_SIES_2026,ALTA,NO,38,VALIDADO,PRECARGA_NORMALIZADA,ALTA,NO,I162S2C1J4V2,VALIDADO,CANDIDATOS_19_COINCIDENCIAS_MULTIPLES,ALTA,NO,2024,VALIDADO,PRECARGA_NORMALIZADA,ALTA,NO,1,VALIDADO,PRECARGA_NORMALIZADA,ALTA,NO,2024,VALIDADO_POR_REGLA_INSTITUCIONAL,BASE_CONGELADA,ALTA,NO,1,VALIDADO_POR_REGLA_INSTITUCIONAL,BASE_CONGELADA,ALTA,NO,,NO_APLICA,REGLA_CONDICIONAL_MANUAL,MEDIA,NO,,NO_APLICA,REGLA_CONDICIONAL_MANUAL,MEDIA,NO,1,VALIDADO,CIERRE_PENDIENTES_BASE_62,ALTA,NO,APTO,20,0,0,0,0,,,SI,,HEREDADO_V3,HEREDADO_V3,HEREDADO_V3,HEREDADO_V3,HEREDADO_V3,HEREDADO_V3,HEREDADO_V3,HEREDADO_V3,HEREDADO_V3,SIN_INFORMACION_DE_RESIDENCIA_ASIGNAR_0,RESIDENCIA_0_NO_COMPLETAR_PAIS_ORIGEN,HEREDADO_V3,HEREDADO_V3,HEREDADO_V3,HEREDADO_V3,INGRESO_ORIGEN_IGUAL_INGRESO_INSTITUCIONAL,INGRESO_ORIGEN_IGUAL_INGRESO_INSTITUCIONAL,HEREDADO_V3,HEREDADO_V3,HEREDADO_V3,V7,2026-06-25T11:51:40,SIN_INFORMACION_DE_RESIDENCIA_ASIGNAR_0,INGRESO_ORIGEN_IGUAL_INGRESO_INSTITUCIONAL,CATALOGO_TERRITORIAL_CHILE_SOLO_COINCIDENCIA_INEQUIVOCA,TIPO_RESIDENCIA_ESTUDIANTE|PAIS_ORIGEN|ANIO_INGRESO_CARRERA_ORIGEN|SEM_INGRESO_CARRERA_ORIGEN,SI,2026-06-25 12:16:07,,2026-06-25 14:12:13,,,,2026-06-25T18:26:55
7296,20241TLOG027,TLOG,TECNICO EN LOGISTICA,2025,1,2024,1,16-01-2025,V,28419229-K,EDSON DAVID PEJE DIAZ,M,SOLTERO,11-07-2007,HERRERA 1127,SANTIAGO,SANTIAGO,966146930,HERRERA 1127,SANTIAGO,SANTIAGO,966146930,DAVIDPJE937@GMAIL.COM,edson.peje.diaz@estudiante.ipss.cl,Peruana,JUDITH DIAZ (MAMÁ),966146930,40031,Colegio No Encontrado,,NO DEFINIDA,SANTIAGO,SANTIAGO,NORMAL,ENSEÑANZA MEDIA  NACIONAL,MALLAS CURRICULARES,METRO,PAGINA CONTACTO WEB,,,25284967-K,HENRY YOHANY ,TLOG,RESTAURANT AJI SECO,ADMINISTRADOR BAR ,MATIAS COUSIÑO 184,SANTIAGO,SANTIAGO,,Entre $250.001 y $450.000,,2023,1.1,068191785,ANGELICA ACEVEDO ARANGUIZ,VIGENTE,49 - CAMBIO DE JORNADA,2,3,1880000,SI,16-01-2025,58,LOC-CONC-0199,,1074,NO,,R,VALIDADO,MATRICULA_CONTROL_2025,ALTA,NO,28419229,VALIDADO,MATRICULA_CONTROL_2025,ALTA,NO,K,VALIDADO,MATRICULA_CONTROL_2025,ALTA,NO,PEJE,VALIDADO,DATOS_ALUMNOS,ALTA,NO,DIAZ,VALIDADO,DATOS_ALUMNOS,ALTA,NO,EDSON DAVID,VALIDADO,DATOS_ALUMNOS,ALTA,NO,H,VALIDADO,BASE_CONGELADA_TRANSFORMACION_INSTITUCIONAL,ALTA,NO,11-07-2007,VALIDADO,BASE_CONGELADA,ALTA,NO,142,VALIDADO,BASE_CIERRE_CATALOGO_SIES,ALTA,NO,0,VALIDADO_POR_REGLA_INSTITUCIONAL,DECISION_INSTITUCIONAL_2026,ALTA,NO,,VACIO_PERMITIDO_POR_REGLA_CONDICIONAL,INSTRUCTIVO_SIES_2026,ALTA,NO,38,VALIDADO_POR_REGLA_INSTITUCIONAL,CATALOGO_TERRITORIAL_CHILE,ALTA,NO,I162S2C79J2V1,VALIDADO,UNIVERSO_AUDITADO,ALTA,NO,2024,VALIDADO,BASE_CONGELADA,ALTA,NO,1,VALIDADO,BASE_CONGELADA,ALTA,NO,2024,VALIDADO_POR_REGLA_INSTITUCIONAL,BASE_CONGELADA,ALTA,NO,1,VALIDADO_POR_REGLA_INSTITUCIONAL,BASE_CONGELADA,ALTA,NO,,NO_APLICA,REGLA_CONDICIONAL_MANUAL,MEDIA,NO,,NO_APLICA,REGLA_CONDICIONAL_MANUAL,MEDIA,NO,1,VALIDADO,CIERRE_PENDIENTES_BASE_62,ALTA,NO,APTO,20,0,0,0,0,,,SI,,HEREDADO_V3,HEREDADO_V3,HEREDADO_V3,HEREDADO_V3,HEREDADO_V3,HEREDADO_V3,HEREDADO_V3,HEREDADO_V3,HEREDADO_V3,SIN_INFORMACION_DE_RESIDENCIA_ASIGNAR_0,RESIDENCIA_0_NO_COMPLETAR_PAIS_ORIGEN,COMUNACOLEGIO_COINCIDE_INEQUIVOCAMENTE_CON_COMUNA_CHILENA,HEREDADO_V3,HEREDADO_V3,HEREDADO_V3,INGRESO_ORIGEN_IGUAL_INGRESO_INSTITUCIONAL,INGRESO_ORIGEN_IGUAL_INGRESO_INSTITUCIONAL,HEREDADO_V3,HEREDADO_V3,HEREDADO_V3,V7,2026-06-25T11:51:40,SIN_INFORMACION_DE_RESIDENCIA_ASIGNAR_0,INGRESO_ORIGEN_IGUAL_INGRESO_INSTITUCIONAL,CATALOGO_TERRITORIAL_CHILE_SOLO_COINCIDENCIA_INEQUIVOCA,TIPO_RESIDENCIA_ESTUDIANTE|PAIS_ORIGEN|PAIS_ESTUDIOS_SECUNDARIOS|ANIO_INGRESO_CARRERA_ORIGEN|SEM_INGRESO_CARRERA_ORIGEN,SI,2026-06-25 12:16:07,,2026-06-25 14:12:13,,,,2026-06-25T18:26:55
7535,20241TPAS222,TPAS,TECNICO EN PROGRAMACION Y ANALISIS DE SISTEMAS,2025,1,2024,1,31-12-2024,V,28494785-1,ALEJANDRO GAMBIN FAJARDO,M,SOLTERO,26-05-2001,PASAJE LO ALQUIMISTAS 80,SANTIAGO,CERRILLOS,987651419,PASAJE LO ALQUIMISTAS 80,SANTIAGO,CERRILLOS,56987651419,ale_gambin@hotmail.com,alejandro.gambin.fajardo@estudiante.ipss.cl,Colombiana,Maria yasmin fajardo,965340913,40031,Colegio No Encontrado,,NO DEFINIDA,SANTIAGO,SANTIAGO,NORMAL,ENSEÑANZA MEDIA  NACIONAL,MALLAS CURRICULARES,METRO,PAGINA CONTACTO WEB,,,25706063-2,MARIA YASMIN,TPAS,SERVICIOS LOGISTICOS  LOGYSERVICES,LOGISTICA,AMERICO VESPUCIO 400,SANTIAGO,PUDAHUEL,,$250.000 ó menos,,2018,1.1,18499030K,CRISTOPHER ANTONIO MORALES  ESPINOZA,VIGENTE,1 - ALUMNO REGULAR,2,5,2310000,SI,31-12-2024,59,PREC-CONC-0184,185,2249,NO,,R,VALIDADO,PRECARGA_NORMALIZADA,ALTA,NO,28494785,VALIDADO,PRECARGA_NORMALIZADA,ALTA,NO,1,VALIDADO,PRECARGA_NORMALIZADA,ALTA,NO,GAMBIN,VALIDADO,PRECARGA_NORMALIZADA,ALTA,NO,FAJARDO,VALIDADO,PRECARGA_NORMALIZADA,ALTA,NO,ALEJANDRO,VALIDADO,PRECARGA_NORMALIZADA,ALTA,NO,H,VALIDADO,PRECARGA_NORMALIZADA,ALTA,NO,26-05-2001,VALIDADO,PRECARGA_NORMALIZADA,ALTA,NO,41,VALIDADO,PRECARGA_NORMALIZADA,ALTA,NO,0,VALIDADO_POR_REGLA_INSTITUCIONAL,DECISION_INSTITUCIONAL_2026,ALTA,NO,,VACIO_PERMITIDO_POR_REGLA_CONDICIONAL,INSTRUCTIVO_SIES_2026,ALTA,NO,41,VALIDADO,PRECARGA_NORMALIZADA,ALTA,NO,I162S2C57J2V1,VALIDADO,PRECARGA_NORMALIZADA,ALTA,NO,2024,VALIDADO,PRECARGA_NORMALIZADA,ALTA,NO,1,VALIDADO,PRECARGA_NORMALIZADA,ALTA,NO,2024,VALIDADO_POR_REGLA_INSTITUCIONAL,BASE_CONGELADA,ALTA,NO,1,VALIDADO_POR_REGLA_INSTITUCIONAL,BASE_CONGELADA,ALTA,NO,,NO_APLICA,REGLA_CONDICIONAL_MANUAL,MEDIA,NO,,NO_APLICA,REGLA_CONDICIONAL_MANUAL,MEDIA,NO,1,VALIDADO,CIERRE_PENDIENTES_BASE_62,ALTA,NO,APTO,20,0,0,0,0,,,SI,,HEREDADO_V3,HEREDADO_V3,HEREDADO_V3,HEREDADO_V3,HEREDADO_V3,HEREDADO_V3,HEREDADO_V3,HEREDADO_V3,HEREDADO_V3,SIN_INFORMACION_DE_RESIDENCIA_ASIGNAR_0,RESIDENCIA_0_NO_COMPLETAR_PAIS_ORIGEN,HEREDADO_V3,HEREDADO_V3,HEREDADO_V3,HEREDADO_V3,INGRESO_ORIGEN_IGUAL_INGRESO_INSTITUCIONAL,INGRESO_ORIGEN_IGUAL_INGRESO_INSTITUCIONAL,HEREDADO_V3,HEREDADO_V3,HEREDADO_V3,V7,2026-06-25T11:51:40,SIN_INFORMACION_DE_RESIDENCIA_ASIGNAR_0,INGRESO_ORIGEN_IGUAL_INGRESO_INSTITUCIONAL,CATALOGO_TERRITORIAL_CHILE_SOLO_COINCIDENCIA_INEQUIVOCA,TIPO_RESIDENCIA_ESTUDIANTE|PAIS_ORIGEN|ANIO_INGRESO_CARRERA_ORIGEN|SEM_INGRESO_CARRERA_ORIGEN,SI,2026-06-25 12:16:07,,2026-06-25 14:12:13,,,,2026-06-25T18:26:55
7058,20241TAMD010,TAMD,TECNICO EN ADMINISTRACION DE EMPRESAS,2025,1,2024,1,17-01-2025,O,28738484-K,ADRIANO DI ALESSANDRO GELVEZ GARCIA,M,SOLTERO,10-05-2005,AV. RICARDO CUMMING 13,SANTIAGO,SANTIAGO,928563398,AV. RICARDO CUMMING 13,SANTIAGO,SANTIAGO,56928563398,ADRIANOGGARCIA8@GMAIL.COM,adriano.gelvez.garcia@estudiante.ipss.cl,Colombiana,YURLEY GARCIA,950449734,40031,Colegio No Encontrado,,NO DEFINIDA,SANTIAGO,SANTIAGO,NORMAL,ENSEÑANZA MEDIA  NACIONAL,OTROS,METRO,,,,27161805-0,YURLEY ,TAMD,,,,,,,$250.000 ó menos,,2024,1.1,068191785,ANGELICA ACEVEDO ARANGUIZ,VIGENTE,49 - CAMBIO DE JORNADA,2,5,1880000,SI,17-01-2025,60,LOC-CONC-0191,,323,NO,,R,VALIDADO,MATRICULA_CONTROL_2025,ALTA,NO,28738484,VALIDADO,MATRICULA_CONTROL_2025,ALTA,NO,K,VALIDADO,MATRICULA_CONTROL_2025,ALTA,NO,GELVEZ,VALIDADO,DATOS_ALUMNOS,ALTA,NO,GARCIA,VALIDADO,DATOS_ALUMNOS,ALTA,NO,ADRIANO DI ALESSANDRO,VALIDADO,DATOS_ALUMNOS,ALTA,NO,H,VALIDADO,BASE_CONGELADA_TRANSFORMACION_INSTITUCIONAL,ALTA,NO,10-05-2005,VALIDADO,BASE_CONGELADA,ALTA,NO,41,VALIDADO,BASE_CIERRE_CATALOGO_SIES,ALTA,NO,0,VALIDADO_POR_REGLA_INSTITUCIONAL,DECISION_INSTITUCIONAL_2026,ALTA,NO,,VACIO_PERMITIDO_POR_REGLA_CONDICIONAL,INSTRUCTIVO_SIES_2026,ALTA,NO,38,VALIDADO_POR_REGLA_INSTITUCIONAL,CATALOGO_TERRITORIAL_CHILE,ALTA,NO,I162S2C78J4V1,VALIDADO,UNIVERSO_AUDITADO,ALTA,NO,2024,VALIDADO,BASE_CONGELADA,ALTA,NO,1,VALIDADO,BASE_CONGELADA,ALTA,NO,2024,VALIDADO_POR_REGLA_INSTITUCIONAL,BASE_CONGELADA,ALTA,NO,1,VALIDADO_POR_REGLA_INSTITUCIONAL,BASE_CONGELADA,ALTA,NO,,NO_APLICA,REGLA_CONDICIONAL_MANUAL,MEDIA,NO,,NO_APLICA,REGLA_CONDICIONAL_MANUAL,MEDIA,NO,1,VALIDADO,CIERRE_PENDIENTES_BASE_62,ALTA,NO,APTO,20,0,0,0,0,,,SI,,HEREDADO_V3,HEREDADO_V3,HEREDADO_V3,HEREDADO_V3,HEREDADO_V3,HEREDADO_V3,HEREDADO_V3,HEREDADO_V3,HEREDADO_V3,SIN_INFORMACION_DE_RESIDENCIA_ASIGNAR_0,RESIDENCIA_0_NO_COMPLETAR_PAIS_ORIGEN,COMUNACOLEGIO_COINCIDE_INEQUIVOCAMENTE_CON_COMUNA_CHILENA,HEREDADO_V3,HEREDADO_V3,HEREDADO_V3,INGRESO_ORIGEN_IGUAL_INGRESO_INSTITUCIONAL,INGRESO_ORIGEN_IGUAL_INGRESO_INSTITUCIONAL,HEREDADO_V3,HEREDADO_V3,HEREDADO_V3,V7,2026-06-25T11:51:40,SIN_INFORMACION_DE_RESIDENCIA_ASIGNAR_0,INGRESO_ORIGEN_IGUAL_INGRESO_INSTITUCIONAL,CATALOGO_TERRITORIAL_CHILE_SOLO_COINCIDENCIA_INEQUIVOCA,TIPO_RESIDENCIA_ESTUDIANTE|PAIS_ORIGEN|PAIS_ESTUDIOS_SECUNDARIOS|ANIO_INGRESO_CARRERA_ORIGEN|SEM_INGRESO_CARRERA_ORIGEN,SI,2026-06-25 12:16:07,,2026-06-25 14:12:13,,,,2026-06-25T18:26:55
6628,20241ICIB132,ICIB,INGENIERIA EN CIBERSEGURIDAD,2025,1,2024,1,16-01-2025,D,28769273-0,LUIS ALBERTO MATEO FABIAN BURGOS COMETIVOS,M,SOLTERO,11-11-2004,LIRA  245 DEPTO 921,SANTIAGO,SANTIAGO,927141484,LIRA  245 DEPTO 921,SANTIAGO,SANTIAGO,927141484,FABIANBURGOS.C.24@GMAIL.COM,luis.burgos.cometivos@estudiante.ipss.cl,Peruana,HECTOR GARRIDO,98138464,40031,Colegio No Encontrado,,NO DEFINIDA,SANTIAGO,SANTIAGO,NORMAL,ENSEÑANZA MEDIA  NACIONAL,MALLAS CURRICULARES,PAGINA WEB CIISA,PAGINA CONTACTO WEB,,,13867558-0,HECTOR NEMESIO,ICIB,ENGIE S.A,INFORMATICA,ISIDORA GOYENECHEA 2800,SANTIAGO,LAS CONDES,,Entre $250.001 y $450.000,,2020,1.1,120131893,YASNA MARGARITA BUSTAMANTE VAZQUEZ,VIGENTE,1 - ALUMNO REGULAR,2,4,2130000,SI,16-01-2025,61,LOC-CONC-0213,,2346,NO,,R,VALIDADO,MATRICULA_CONTROL_2025,ALTA,NO,28769273,VALIDADO,MATRICULA_CONTROL_2025,ALTA,NO,0,VALIDADO,MATRICULA_CONTROL_2025,ALTA,NO,BURGOS,VALIDADO,DATOS_ALUMNOS,ALTA,NO,COMETIVOS,VALIDADO,DATOS_ALUMNOS,ALTA,NO,LUIS ALBERTO MATEO FABIAN,VALIDADO,DATOS_ALUMNOS,ALTA,NO,H,VALIDADO,BASE_CONGELADA_TRANSFORMACION_INSTITUCIONAL,ALTA,NO,11-11-2004,VALIDADO,BASE_CONGELADA,ALTA,NO,142,VALIDADO,BASE_CIERRE_CATALOGO_SIES,ALTA,NO,0,VALIDADO_POR_REGLA_INSTITUCIONAL,DECISION_INSTITUCIONAL_2026,ALTA,NO,,VACIO_PERMITIDO_POR_REGLA_CONDICIONAL,INSTRUCTIVO_SIES_2026,ALTA,NO,38,VALIDADO_POR_REGLA_INSTITUCIONAL,CATALOGO_TERRITORIAL_CHILE,ALTA,NO,I162S2C46J1V1,VALIDADO,UNIVERSO_AUDITADO,ALTA,NO,2024,VALIDADO,BASE_CONGELADA,ALTA,NO,1,VALIDADO,BASE_CONGELADA,ALTA,NO,2024,VALIDADO_POR_REGLA_INSTITUCIONAL,BASE_CONGELADA,ALTA,NO,1,VALIDADO_POR_REGLA_INSTITUCIONAL,BASE_CONGELADA,ALTA,NO,,NO_APLICA,REGLA_CONDICIONAL_MANUAL,MEDIA,NO,,NO_APLICA,REGLA_CONDICIONAL_MANUAL,MEDIA,NO,1,VALIDADO,CIERRE_PENDIENTES_BASE_62,ALTA,NO,APTO,20,0,0,0,0,,,SI,,HEREDADO_V3,HEREDADO_V3,HEREDADO_V3,HEREDADO_V3,HEREDADO_V3,HEREDADO_V3,HEREDADO_V3,HEREDADO_V3,HEREDADO_V3,SIN_INFORMACION_DE_RESIDENCIA_ASIGNAR_0,RESIDENCIA_0_NO_COMPLETAR_PAIS_ORIGEN,COMUNACOLEGIO_COINCIDE_INEQUIVOCAMENTE_CON_COMUNA_CHILENA,HEREDADO_V3,HEREDADO_V3,HEREDADO_V3,INGRESO_ORIGEN_IGUAL_INGRESO_INSTITUCIONAL,INGRESO_ORIGEN_IGUAL_INGRESO_INSTITUCIONAL,HEREDADO_V3,HEREDADO_V3,HEREDADO_V3,V7,2026-06-25T11:51:40,SIN_INFORMACION_DE_RESIDENCIA_ASIGNAR_0,INGRESO_ORIGEN_IGUAL_INGRESO_INSTITUCIONAL,CATALOGO_TERRITORIAL_CHILE_SOLO_COINCIDENCIA_INEQUIVOCA,TIPO_RESIDENCIA_ESTUDIANTE|PAIS_ORIGEN|PAIS_ESTUDIOS_SECUNDARIOS|ANIO_INGRESO_CARRERA_ORIGEN|SEM_INGRESO_CARRERA_ORIGEN,SI,2026-06-25 12:16:07,,2026-06-25 14:12:13,,,,2026-06-25T18:26:55
6636,20241ICIB140,ICIB,INGENIERIA EN CIBERSEGURIDAD,2025,1,2024,1,10-04-2025,O,28816506-8,ESTRELLITA JASMIN CARRANZA YUPANQUI,F,SOLTERO,04-02-2005,nueva central 4588,SANTIAGO,CONCHALI,934248823,nueva central 4588,SANTIAGO,CONCHALI,934248823,jasscaryuw@gmail.com,estrellita.carranza.yupanqui@estudiante.ipss.cl,Peruana,Juana castillo roble,934248823,40031,Colegio No Encontrado,,NO DEFINIDA,SANTIAGO,SANTIAGO,NORMAL,ENSEÑANZA MEDIA  NACIONAL,MALLAS CURRICULARES,METRO,PAGINA CONTACTO WEB,,,100741824-4,ESTRELLITA JASMIN,ICIB,,,,,,,Entre $450.001 y $600.000,,2021,1.10,176666781,ABEL EXEQUIEL SAAVEDRA BAUZÁ,VIGENTE,49 - CAMBIO DE JORNADA,2,3,2250000,SI,10-04-2025,62,LOC-CONC-0194,,733,NO,,R,VALIDADO,MATRICULA_CONTROL_2025,ALTA,NO,28816506,VALIDADO,MATRICULA_CONTROL_2025,ALTA,NO,8,VALIDADO,MATRICULA_CONTROL_2025,ALTA,NO,CARRANZA,VALIDADO,DATOS_ALUMNOS,ALTA,NO,YUPANQUI,VALIDADO,DATOS_ALUMNOS,ALTA,NO,ESTRELLITA JASMIN,VALIDADO,DATOS_ALUMNOS,ALTA,NO,M,VALIDADO,BASE_CONGELADA_TRANSFORMACION_INSTITUCIONAL,ALTA,NO,04-02-2005,VALIDADO,BASE_CONGELADA,ALTA,NO,142,VALIDADO,BASE_CIERRE_CATALOGO_SIES,ALTA,NO,0,VALIDADO_POR_REGLA_INSTITUCIONAL,DECISION_INSTITUCIONAL_2026,ALTA,NO,,VACIO_PERMITIDO_POR_REGLA_CONDICIONAL,INSTRUCTIVO_SIES_2026,ALTA,NO,38,VALIDADO_POR_REGLA_INSTITUCIONAL,CATALOGO_TERRITORIAL_CHILE,ALTA,NO,I162S2C46J4V3,VALIDADO,UNIVERSO_AUDITADO,ALTA,NO,2024,VALIDADO,BASE_CONGELADA,ALTA,NO,1,VALIDADO,BASE_CONGELADA,ALTA,NO,2024,VALIDADO_POR_REGLA_INSTITUCIONAL,BASE_CONGELADA,ALTA,NO,1,VALIDADO_POR_REGLA_INSTITUCIONAL,BASE_CONGELADA,ALTA,NO,,NO_APLICA,REGLA_CONDICIONAL_MANUAL,MEDIA,NO,,NO_APLICA,REGLA_CONDICIONAL_MANUAL,MEDIA,NO,1,VALIDADO,CIERRE_PENDIENTES_BASE_62,ALTA,NO,APTO,20,0,0,0,0,,,SI,,HEREDADO_V3,HEREDADO_V3,HEREDADO_V3,HEREDADO_V3,HEREDADO_V3,HEREDADO_V3,HEREDADO_V3,HEREDADO_V3,HEREDADO_V3,SIN_INFORMACION_DE_RESIDENCIA_ASIGNAR_0,RESIDENCIA_0_NO_COMPLETAR_PAIS_ORIGEN,COMUNACOLEGIO_COINCIDE_INEQUIVOCAMENTE_CON_COMUNA_CHILENA,HEREDADO_V3,HEREDADO_V3,HEREDADO_V3,INGRESO_ORIGEN_IGUAL_INGRESO_INSTITUCIONAL,INGRESO_ORIGEN_IGUAL_INGRESO_INSTITUCIONAL,HEREDADO_V3,HEREDADO_V3,HEREDADO_V3,V7,2026-06-25T11:51:40,SIN_INFORMACION_DE_RESIDENCIA_ASIGNAR_0,INGRESO_ORIGEN_IGUAL_INGRESO_INSTITUCIONAL,CATALOGO_TERRITORIAL_CHILE_SOLO_COINCIDENCIA_INEQUIVOCA,TIPO_RESIDENCIA_ESTUDIANTE|PAIS_ORIGEN|PAIS_ESTUDIOS_SECUNDARIOS|ANIO_INGRESO_CARRERA_ORIGEN|SEM_INGRESO_CARRERA_ORIGEN,SI,2026-06-25 12:16:07,,2026-06-25 14:12:13,,,,2026-06-25T18:26:55
7381,20241TPAS067,TPAS,TECNICO EN PROGRAMACION Y ANALISIS DE SISTEMAS,2025,1,2024,1,17-01-2025,D,28913269-4,ANDREA DEL CARMEN HORNA FERNANDEZ,F,SOLTERO,13-05-2005,ABNEGACION 15,SANTIAGO,RECOLETA,939241848,ABNEGACION 15,SANTIAGO,RECOLETA,939241848,HORNAFERNANDEZ1@GMAIL.COM,andrea.horna.fernandez@estudiante.ipss.cl,Peruana,CARMEN ROSA FERNANDEZ (MADRE),942123430,40031,Colegio No Encontrado,,NO DEFINIDA,SANTIAGO,SANTIAGO,NORMAL,ENSEÑANZA MEDIA  NACIONAL,MALLAS CURRICULARES,PAGINA WEB CIISA,PAGINA CONTACTO WEB,,,27435167-5,CARMEN ROSA,TPAS,,ASESORA DEL HOGAR,,,,,Entre $450.001 y $600.000,,2021,1.1,068191785,ANGELICA ACEVEDO ARANGUIZ,VIGENTE,49 - CAMBIO DE JORNADA,2,5,2130000,SI,17-01-2025,63,LOC-CONC-0210,,2184,NO,,R,VALIDADO,MATRICULA_CONTROL_2025,ALTA,NO,28913269,VALIDADO,MATRICULA_CONTROL_2025,ALTA,NO,4,VALIDADO,MATRICULA_CONTROL_2025,ALTA,NO,HORNA,VALIDADO,DATOS_ALUMNOS,ALTA,NO,FERNANDEZ,VALIDADO,DATOS_ALUMNOS,ALTA,NO,ANDREA DEL CARMEN,VALIDADO,DATOS_ALUMNOS,ALTA,NO,M,VALIDADO,BASE_CONGELADA_TRANSFORMACION_INSTITUCIONAL,ALTA,NO,13-05-2005,VALIDADO,BASE_CONGELADA,ALTA,NO,142,VALIDADO,BASE_CIERRE_CATALOGO_SIES,ALTA,NO,0,VALIDADO_POR_REGLA_INSTITUCIONAL,DECISION_INSTITUCIONAL_2026,ALTA,NO,,VACIO_PERMITIDO_POR_REGLA_CONDICIONAL,INSTRUCTIVO_SIES_2026,ALTA,NO,38,VALIDADO_POR_REGLA_INSTITUCIONAL,CATALOGO_TERRITORIAL_CHILE,ALTA,NO,I162S2C57J1V1,VALIDADO,CANDIDATOS_19_COINCIDENCIAS_MULTIPLES,ALTA,NO,2024,VALIDADO,BASE_CONGELADA,ALTA,NO,1,VALIDADO,BASE_CONGELADA,ALTA,NO,2024,VALIDADO_POR_REGLA_INSTITUCIONAL,BASE_CONGELADA,ALTA,NO,1,VALIDADO_POR_REGLA_INSTITUCIONAL,BASE_CONGELADA,ALTA,NO,,NO_APLICA,REGLA_CONDICIONAL_MANUAL,MEDIA,NO,,NO_APLICA,REGLA_CONDICIONAL_MANUAL,MEDIA,NO,1,VALIDADO,CIERRE_PENDIENTES_BASE_62,ALTA,NO,APTO,20,0,0,0,0,,,SI,,HEREDADO_V3,HEREDADO_V3,HEREDADO_V3,HEREDADO_V3,HEREDADO_V3,HEREDADO_V3,HEREDADO_V3,HEREDADO_V3,HEREDADO_V3,SIN_INFORMACION_DE_RESIDENCIA_ASIGNAR_0,RESIDENCIA_0_NO_COMPLETAR_PAIS_ORIGEN,COMUNACOLEGIO_COINCIDE_INEQUIVOCAMENTE_CON_COMUNA_CHILENA,HEREDADO_V3,HEREDADO_V3,HEREDADO_V3,INGRESO_ORIGEN_IGUAL_INGRESO_INSTITUCIONAL,INGRESO_ORIGEN_IGUAL_INGRESO_INSTITUCIONAL,HEREDADO_V3,HEREDADO_V3,HEREDADO_V3,V7,2026-06-25T11:51:40,SIN_INFORMACION_DE_RESIDENCIA_ASIGNAR_0,INGRESO_ORIGEN_IGUAL_INGRESO_INSTITUCIONAL,CATALOGO_TERRITORIAL_CHILE_SOLO_COINCIDENCIA_INEQUIVOCA,TIPO_RESIDENCIA_ESTUDIANTE|PAIS_ORIGEN|PAIS_ESTUDIOS_SECUNDARIOS|ANIO_INGRESO_CARRERA_ORIGEN|SEM_INGRESO_CARRERA_ORIGEN,SI,2026-06-25 12:16:07,,2026-06-25 14:12:13,,,,2026-06-25T18:26:55
