fila_excel_aproximada,columna,columna_normalizada,valor_completo,patron_detectado,tipo_columna,severidad_preliminar,clasificacion_marca,CODIGO_UNICO
2,Área del Conocimiento,AREA_DEL_CONOCIMIENTO,REVISAR_AREA_CODIGO_8,REVISAR,DESCONOCIDA,MEDIA,DUDA_METODOLOGICA,I162S2C101J4V1
2,Sub Área,SUB_AREA,REVISAR_SUB_AREA_SIN_FUENTE_DIRECTA,REVISAR,DESCONOCIDA,MEDIA,DUDA_METODOLOGICA,I162S2C101J4V1
2,Carrera Genérica,CARRERA_GENERICA,REVISAR_CARRERA_GENERICA_SIN_FUENTE_DIRECTA,REVISAR,DESCONOCIDA,MEDIA,DUDA_METODOLOGICA,I162S2C101J4V1
2,Grado Académico que otorga el programa,GRADO_ACADEMICO_QUE_OTORGA_EL_PROGRAMA,REVISAR_GRADO_ACADEMICO_SIN_FUENTE_DIRECTA,REVISAR,DESCONOCIDA,MEDIA,DUDA_METODOLOGICA,I162S2C101J4V1
2,Dependencia,DEPENDENCIA,REVISAR_DEPENDENCIA_SIN_FUENTE_DIRECTA,REVISAR,DESCONOCIDA,MEDIA,DUDA_METODOLOGICA,I162S2C101J4V1
2,Régimen,REGIMEN,REVISAR_REGIMEN_CODIGO_1,REVISAR,OFICIAL_PROBABLE,ALTA,CAMPO_PENDIENTE_REAL,I162S2C101J4V1
2,Ingreso Directo,INGRESO_DIRECTO,REVISAR_INGRESO_DIRECTO_CODIGO_REQUISITO_INGRESO_2,REVISAR,DESCONOCIDA,MEDIA,DUDA_METODOLOGICA,I162S2C101J4V1
2,Otro Tipo de Ingreso,OTRO_TIPO_DE_INGRESO,REVISAR_OTRO_TIPO_INGRESO_CODIGO_REQUISITO_INGRESO_2,REVISAR,DESCONOCIDA,MEDIA,DUDA_METODOLOGICA,I162S2C101J4V1
2,Ingreso otro,INGRESO_OTRO,REVISAR_DESCRIPCION_OTRO_INGRESO_SIN_TEXTO_FUENTE,REVISAR,DESCONOCIDA,MEDIA,DUDA_METODOLOGICA,I162S2C101J4V1
2,Observaciones,OBSERVACIONES,Crear según matriz PROMEDIOSDEALUMNOS_7804.xlsx / hoja matriz; conciliado contra diccionario oferta 2026; no encontrado en listado existente INDICES por CODIGO_UNICO; campos sin fuente directa quedan con revisión específica.,REVISION,DESCONOCIDA,MEDIA,OBSERVACION_INSTITUCIONAL,I162S2C101J4V1
2,FECHA_ADMISION_INICIAL,FECHA_ADMISION_INICIAL,REVISAR_FECHA_ADMISION_INICIAL_SIN_FUENTE,REVISAR,DESCONOCIDA,MEDIA,DUDA_METODOLOGICA,I162S2C101J4V1
2,MALLA_CURRICULAR,MALLA_CURRICULAR,REVISAR_MALLA_CURRICULAR_SIN_FUENTE,REVISAR,DESCONOCIDA,MEDIA,DUDA_METODOLOGICA,I162S2C101J4V1
2,PERFIL_EGRESO,PERFIL_EGRESO,REVISAR_PERFIL_EGRESO_SIN_FUENTE,REVISAR,DESCONOCIDA,MEDIA,DUDA_METODOLOGICA,I162S2C101J4V1
2,TEXTO_REQUISITO_INGRESO,TEXTO_REQUISITO_INGRESO,REVISAR_TEXTO_REQUISITO_INGRESO_SIN_FUENTE,REVISAR,DESCONOCIDA,MEDIA,DUDA_METODOLOGICA,I162S2C101J4V1
2,LICENCIA_ENS_MEDIA,LICENCIA_ENS_MEDIA,REVISAR_LICENCIA_ENS_MEDIA_SIN_FUENTE,REVISAR,DESCONOCIDA,MEDIA,DUDA_METODOLOGICA,I162S2C101J4V1
2,NOTAS_ENS_MEDIA,NOTAS_ENS_MEDIA,REVISAR_NOTAS_ENS_MEDIA_SIN_FUENTE,REVISAR,DESCONOCIDA,MEDIA,DUDA_METODOLOGICA,I162S2C101J4V1
2,PROMEDIO_MIN_ENS_MEDIA,PROMEDIO_MIN_ENS_MEDIA,REVISAR_PROMEDIO_MIN_ENS_MEDIA_SIN_FUENTE,REVISAR,DESCONOCIDA,MEDIA,DUDA_METODOLOGICA,I162S2C101J4V1
2,RECONOCIMIENTOS_APREN_PREVIOS,RECONOCIMIENTOS_APREN_PREVIOS,REVISAR_RECONOCIMIENTOS_APREN_PREVIOS_SIN_FUENTE,REVISAR,DESCONOCIDA,MEDIA,DUDA_METODOLOGICA,I162S2C101J4V1
2,EXPERIENCIA_LABORAL,EXPERIENCIA_LABORAL,REVISAR_EXPERIENCIA_LABORAL_SIN_FUENTE,REVISAR,DESCONOCIDA,MEDIA,DUDA_METODOLOGICA,I162S2C101J4V1
2,OTROS_REQUISITOS,OTROS_REQUISITOS,REVISAR_OTROS_REQUISITOS_SIN_FUENTE,REVISAR,DESCONOCIDA,MEDIA,DUDA_METODOLOGICA,I162S2C101J4V1
2,MAIL_DIFUSION_CARRERA,MAIL_DIFUSION_CARRERA,REVISAR_MAIL_DIFUSION_CARRERA_SIN_FUENTE,REVISAR,DESCONOCIDA,MEDIA,DUDA_METODOLOGICA,I162S2C101J4V1
2,FORMATO_VALOR,FORMATO_VALOR,REVISAR_FORMATO_VALOR_SIN_FUENTE,REVISAR,DESCONOCIDA,MEDIA,DUDA_METODOLOGICA,I162S2C101J4V1
2,VALOR_MATRICULA_ANUAL,VALOR_MATRICULA_ANUAL,REVISAR_VALOR_MATRICULA_ANUAL_SIN_FUENTE,REVISAR,DESCONOCIDA,MEDIA,DUDA_METODOLOGICA,I162S2C101J4V1
2,COSTO_TITULACION,COSTO_TITULACION,REVISAR_COSTO_TITULACION_SIN_FUENTE,REVISAR,DESCONOCIDA,MEDIA,DUDA_METODOLOGICA,I162S2C101J4V1
2,VALOR_CERTIFICADO_DIPLOMA,VALOR_CERTIFICADO_DIPLOMA,REVISAR_VALOR_CERTIFICADO_DIPLOMA_SIN_FUENTE,REVISAR,DESCONOCIDA,MEDIA,DUDA_METODOLOGICA,I162S2C101J4V1
2,ARANCEL_ANUAL,ARANCEL_ANUAL,REVISAR_ARANCEL_ANUAL_SIN_FUENTE,REVISAR,DESCONOCIDA,MEDIA,DUDA_METODOLOGICA,I162S2C101J4V1
2,VIGENCIA_CARRERA,VIGENCIA_CARRERA,REVISAR_VIGENCIA_CARRERA_SIN_FUENTE_DIRECTA,REVISAR,OFICIAL_PROBABLE,ALTA,CAMPO_PENDIENTE_REAL,I162S2C101J4V1
2,CNED_ESTADO_AUDITORIA,CNED_ESTADO_AUDITORIA,REQUIERE_REVISION,REVISION,AUXILIAR_TECNICA,BAJA,MARCA_TECNICA_REMOVIBLE,I162S2C101J4V1
2,CNED_ALERTAS,CNED_ALERTAS,CONTIENE_MARCAS_TECNICAS_DE_REVISION,REVISION,AUXILIAR_TECNICA,BAJA,MARCA_TECNICA_REMOVIBLE,I162S2C101J4V1
2,CNED_PUEDE_SUBIR_PRELIMINAR,CNED_PUEDE_SUBIR_PRELIMINAR,REVISAR,REVISAR,AUXILIAR_TECNICA,BAJA,MARCA_TECNICA_REMOVIBLE,I162S2C101J4V1
3,Área del Conocimiento,AREA_DEL_CONOCIMIENTO,REVISAR_AREA_CODIGO_8,REVISAR,DESCONOCIDA,MEDIA,DUDA_METODOLOGICA,I162S2C102J4V1
3,Sub Área,SUB_AREA,REVISAR_SUB_AREA_SIN_FUENTE_DIRECTA,REVISAR,DESCONOCIDA,MEDIA,DUDA_METODOLOGICA,I162S2C102J4V1
3,Carrera Genérica,CARRERA_GENERICA,REVISAR_CARRERA_GENERICA_SIN_FUENTE_DIRECTA,REVISAR,DESCONOCIDA,MEDIA,DUDA_METODOLOGICA,I162S2C102J4V1
3,Grado Académico que otorga el programa,GRADO_ACADEMICO_QUE_OTORGA_EL_PROGRAMA,REVISAR_GRADO_ACADEMICO_SIN_FUENTE_DIRECTA,REVISAR,DESCONOCIDA,MEDIA,DUDA_METODOLOGICA,I162S2C102J4V1
3,Dependencia,DEPENDENCIA,REVISAR_DEPENDENCIA_SIN_FUENTE_DIRECTA,REVISAR,DESCONOCIDA,MEDIA,DUDA_METODOLOGICA,I162S2C102J4V1
3,Régimen,REGIMEN,REVISAR_REGIMEN_CODIGO_1,REVISAR,OFICIAL_PROBABLE,ALTA,CAMPO_PENDIENTE_REAL,I162S2C102J4V1
3,Ingreso Directo,INGRESO_DIRECTO,REVISAR_INGRESO_DIRECTO_CODIGO_REQUISITO_INGRESO_2,REVISAR,DESCONOCIDA,MEDIA,DUDA_METODOLOGICA,I162S2C102J4V1
3,Otro Tipo de Ingreso,OTRO_TIPO_DE_INGRESO,REVISAR_OTRO_TIPO_INGRESO_CODIGO_REQUISITO_INGRESO_2,REVISAR,DESCONOCIDA,MEDIA,DUDA_METODOLOGICA,I162S2C102J4V1
3,Ingreso otro,INGRESO_OTRO,REVISAR_DESCRIPCION_OTRO_INGRESO_SIN_TEXTO_FUENTE,REVISAR,DESCONOCIDA,MEDIA,DUDA_METODOLOGICA,I162S2C102J4V1
3,Observaciones,OBSERVACIONES,Crear según matriz PROMEDIOSDEALUMNOS_7804.xlsx / hoja matriz; conciliado contra diccionario oferta 2026; no encontrado en listado existente INDICES por CODIGO_UNICO; campos sin fuente directa quedan con revisión específica.,REVISION,DESCONOCIDA,MEDIA,OBSERVACION_INSTITUCIONAL,I162S2C102J4V1
3,FECHA_ADMISION_INICIAL,FECHA_ADMISION_INICIAL,REVISAR_FECHA_ADMISION_INICIAL_SIN_FUENTE,REVISAR,DESCONOCIDA,MEDIA,DUDA_METODOLOGICA,I162S2C102J4V1
3,MALLA_CURRICULAR,MALLA_CURRICULAR,REVISAR_MALLA_CURRICULAR_SIN_FUENTE,REVISAR,DESCONOCIDA,MEDIA,DUDA_METODOLOGICA,I162S2C102J4V1
3,PERFIL_EGRESO,PERFIL_EGRESO,REVISAR_PERFIL_EGRESO_SIN_FUENTE,REVISAR,DESCONOCIDA,MEDIA,DUDA_METODOLOGICA,I162S2C102J4V1
3,TEXTO_REQUISITO_INGRESO,TEXTO_REQUISITO_INGRESO,REVISAR_TEXTO_REQUISITO_INGRESO_SIN_FUENTE,REVISAR,DESCONOCIDA,MEDIA,DUDA_METODOLOGICA,I162S2C102J4V1
3,LICENCIA_ENS_MEDIA,LICENCIA_ENS_MEDIA,REVISAR_LICENCIA_ENS_MEDIA_SIN_FUENTE,REVISAR,DESCONOCIDA,MEDIA,DUDA_METODOLOGICA,I162S2C102J4V1
3,NOTAS_ENS_MEDIA,NOTAS_ENS_MEDIA,REVISAR_NOTAS_ENS_MEDIA_SIN_FUENTE,REVISAR,DESCONOCIDA,MEDIA,DUDA_METODOLOGICA,I162S2C102J4V1
3,PROMEDIO_MIN_ENS_MEDIA,PROMEDIO_MIN_ENS_MEDIA,REVISAR_PROMEDIO_MIN_ENS_MEDIA_SIN_FUENTE,REVISAR,DESCONOCIDA,MEDIA,DUDA_METODOLOGICA,I162S2C102J4V1
3,RECONOCIMIENTOS_APREN_PREVIOS,RECONOCIMIENTOS_APREN_PREVIOS,REVISAR_RECONOCIMIENTOS_APREN_PREVIOS_SIN_FUENTE,REVISAR,DESCONOCIDA,MEDIA,DUDA_METODOLOGICA,I162S2C102J4V1
3,EXPERIENCIA_LABORAL,EXPERIENCIA_LABORAL,REVISAR_EXPERIENCIA_LABORAL_SIN_FUENTE,REVISAR,DESCONOCIDA,MEDIA,DUDA_METODOLOGICA,I162S2C102J4V1
3,OTROS_REQUISITOS,OTROS_REQUISITOS,REVISAR_OTROS_REQUISITOS_SIN_FUENTE,REVISAR,DESCONOCIDA,MEDIA,DUDA_METODOLOGICA,I162S2C102J4V1
3,MAIL_DIFUSION_CARRERA,MAIL_DIFUSION_CARRERA,REVISAR_MAIL_DIFUSION_CARRERA_SIN_FUENTE,REVISAR,DESCONOCIDA,MEDIA,DUDA_METODOLOGICA,I162S2C102J4V1
3,FORMATO_VALOR,FORMATO_VALOR,REVISAR_FORMATO_VALOR_SIN_FUENTE,REVISAR,DESCONOCIDA,MEDIA,DUDA_METODOLOGICA,I162S2C102J4V1
3,VALOR_MATRICULA_ANUAL,VALOR_MATRICULA_ANUAL,REVISAR_VALOR_MATRICULA_ANUAL_SIN_FUENTE,REVISAR,DESCONOCIDA,MEDIA,DUDA_METODOLOGICA,I162S2C102J4V1
3,COSTO_TITULACION,COSTO_TITULACION,REVISAR_COSTO_TITULACION_SIN_FUENTE,REVISAR,DESCONOCIDA,MEDIA,DUDA_METODOLOGICA,I162S2C102J4V1
3,VALOR_CERTIFICADO_DIPLOMA,VALOR_CERTIFICADO_DIPLOMA,REVISAR_VALOR_CERTIFICADO_DIPLOMA_SIN_FUENTE,REVISAR,DESCONOCIDA,MEDIA,DUDA_METODOLOGICA,I162S2C102J4V1
3,ARANCEL_ANUAL,ARANCEL_ANUAL,REVISAR_ARANCEL_ANUAL_SIN_FUENTE,REVISAR,DESCONOCIDA,MEDIA,DUDA_METODOLOGICA,I162S2C102J4V1
3,VIGENCIA_CARRERA,VIGENCIA_CARRERA,REVISAR_VIGENCIA_CARRERA_SIN_FUENTE_DIRECTA,REVISAR,OFICIAL_PROBABLE,ALTA,CAMPO_PENDIENTE_REAL,I162S2C102J4V1
3,CNED_ESTADO_AUDITORIA,CNED_ESTADO_AUDITORIA,REQUIERE_REVISION,REVISION,AUXILIAR_TECNICA,BAJA,MARCA_TECNICA_REMOVIBLE,I162S2C102J4V1
3,CNED_ALERTAS,CNED_ALERTAS,CONTIENE_MARCAS_TECNICAS_DE_REVISION,REVISION,AUXILIAR_TECNICA,BAJA,MARCA_TECNICA_REMOVIBLE,I162S2C102J4V1
3,CNED_PUEDE_SUBIR_PRELIMINAR,CNED_PUEDE_SUBIR_PRELIMINAR,REVISAR,REVISAR,AUXILIAR_TECNICA,BAJA,MARCA_TECNICA_REMOVIBLE,I162S2C102J4V1
4,Área del Conocimiento,AREA_DEL_CONOCIMIENTO,REVISAR_AREA_CODIGO_8,REVISAR,DESCONOCIDA,MEDIA,DUDA_METODOLOGICA,I162S2C103J4V1
4,Sub Área,SUB_AREA,REVISAR_SUB_AREA_SIN_FUENTE_DIRECTA,REVISAR,DESCONOCIDA,MEDIA,DUDA_METODOLOGICA,I162S2C103J4V1
4,Carrera Genérica,CARRERA_GENERICA,REVISAR_CARRERA_GENERICA_SIN_FUENTE_DIRECTA,REVISAR,DESCONOCIDA,MEDIA,DUDA_METODOLOGICA,I162S2C103J4V1
4,Grado Académico que otorga el programa,GRADO_ACADEMICO_QUE_OTORGA_EL_PROGRAMA,REVISAR_GRADO_ACADEMICO_SIN_FUENTE_DIRECTA,REVISAR,DESCONOCIDA,MEDIA,DUDA_METODOLOGICA,I162S2C103J4V1
4,Dependencia,DEPENDENCIA,REVISAR_DEPENDENCIA_SIN_FUENTE_DIRECTA,REVISAR,DESCONOCIDA,MEDIA,DUDA_METODOLOGICA,I162S2C103J4V1
4,Régimen,REGIMEN,REVISAR_REGIMEN_CODIGO_1,REVISAR,OFICIAL_PROBABLE,ALTA,CAMPO_PENDIENTE_REAL,I162S2C103J4V1
4,Ingreso Directo,INGRESO_DIRECTO,REVISAR_INGRESO_DIRECTO_CODIGO_REQUISITO_INGRESO_2,REVISAR,DESCONOCIDA,MEDIA,DUDA_METODOLOGICA,I162S2C103J4V1
4,Otro Tipo de Ingreso,OTRO_TIPO_DE_INGRESO,REVISAR_OTRO_TIPO_INGRESO_CODIGO_REQUISITO_INGRESO_2,REVISAR,DESCONOCIDA,MEDIA,DUDA_METODOLOGICA,I162S2C103J4V1
4,Ingreso otro,INGRESO_OTRO,REVISAR_DESCRIPCION_OTRO_INGRESO_SIN_TEXTO_FUENTE,REVISAR,DESCONOCIDA,MEDIA,DUDA_METODOLOGICA,I162S2C103J4V1
4,Observaciones,OBSERVACIONES,Crear según matriz PROMEDIOSDEALUMNOS_7804.xlsx / hoja matriz; conciliado contra diccionario oferta 2026; no encontrado en listado existente INDICES por CODIGO_UNICO; campos sin fuente directa quedan con revisión específica.,REVISION,DESCONOCIDA,MEDIA,OBSERVACION_INSTITUCIONAL,I162S2C103J4V1
4,FECHA_ADMISION_INICIAL,FECHA_ADMISION_INICIAL,REVISAR_FECHA_ADMISION_INICIAL_SIN_FUENTE,REVISAR,DESCONOCIDA,MEDIA,DUDA_METODOLOGICA,I162S2C103J4V1
4,MALLA_CURRICULAR,MALLA_CURRICULAR,REVISAR_MALLA_CURRICULAR_SIN_FUENTE,REVISAR,DESCONOCIDA,MEDIA,DUDA_METODOLOGICA,I162S2C103J4V1
4,PERFIL_EGRESO,PERFIL_EGRESO,REVISAR_PERFIL_EGRESO_SIN_FUENTE,REVISAR,DESCONOCIDA,MEDIA,DUDA_METODOLOGICA,I162S2C103J4V1
4,TEXTO_REQUISITO_INGRESO,TEXTO_REQUISITO_INGRESO,REVISAR_TEXTO_REQUISITO_INGRESO_SIN_FUENTE,REVISAR,DESCONOCIDA,MEDIA,DUDA_METODOLOGICA,I162S2C103J4V1
4,LICENCIA_ENS_MEDIA,LICENCIA_ENS_MEDIA,REVISAR_LICENCIA_ENS_MEDIA_SIN_FUENTE,REVISAR,DESCONOCIDA,MEDIA,DUDA_METODOLOGICA,I162S2C103J4V1
4,NOTAS_ENS_MEDIA,NOTAS_ENS_MEDIA,REVISAR_NOTAS_ENS_MEDIA_SIN_FUENTE,REVISAR,DESCONOCIDA,MEDIA,DUDA_METODOLOGICA,I162S2C103J4V1
4,PROMEDIO_MIN_ENS_MEDIA,PROMEDIO_MIN_ENS_MEDIA,REVISAR_PROMEDIO_MIN_ENS_MEDIA_SIN_FUENTE,REVISAR,DESCONOCIDA,MEDIA,DUDA_METODOLOGICA,I162S2C103J4V1
4,RECONOCIMIENTOS_APREN_PREVIOS,RECONOCIMIENTOS_APREN_PREVIOS,REVISAR_RECONOCIMIENTOS_APREN_PREVIOS_SIN_FUENTE,REVISAR,DESCONOCIDA,MEDIA,DUDA_METODOLOGICA,I162S2C103J4V1
4,EXPERIENCIA_LABORAL,EXPERIENCIA_LABORAL,REVISAR_EXPERIENCIA_LABORAL_SIN_FUENTE,REVISAR,DESCONOCIDA,MEDIA,DUDA_METODOLOGICA,I162S2C103J4V1
4,OTROS_REQUISITOS,OTROS_REQUISITOS,REVISAR_OTROS_REQUISITOS_SIN_FUENTE,REVISAR,DESCONOCIDA,MEDIA,DUDA_METODOLOGICA,I162S2C103J4V1
4,MAIL_DIFUSION_CARRERA,MAIL_DIFUSION_CARRERA,REVISAR_MAIL_DIFUSION_CARRERA_SIN_FUENTE,REVISAR,DESCONOCIDA,MEDIA,DUDA_METODOLOGICA,I162S2C103J4V1
4,FORMATO_VALOR,FORMATO_VALOR,REVISAR_FORMATO_VALOR_SIN_FUENTE,REVISAR,DESCONOCIDA,MEDIA,DUDA_METODOLOGICA,I162S2C103J4V1
4,VALOR_MATRICULA_ANUAL,VALOR_MATRICULA_ANUAL,REVISAR_VALOR_MATRICULA_ANUAL_SIN_FUENTE,REVISAR,DESCONOCIDA,MEDIA,DUDA_METODOLOGICA,I162S2C103J4V1
4,COSTO_TITULACION,COSTO_TITULACION,REVISAR_COSTO_TITULACION_SIN_FUENTE,REVISAR,DESCONOCIDA,MEDIA,DUDA_METODOLOGICA,I162S2C103J4V1
4,VALOR_CERTIFICADO_DIPLOMA,VALOR_CERTIFICADO_DIPLOMA,REVISAR_VALOR_CERTIFICADO_DIPLOMA_SIN_FUENTE,REVISAR,DESCONOCIDA,MEDIA,DUDA_METODOLOGICA,I162S2C103J4V1
4,ARANCEL_ANUAL,ARANCEL_ANUAL,REVISAR_ARANCEL_ANUAL_SIN_FUENTE,REVISAR,DESCONOCIDA,MEDIA,DUDA_METODOLOGICA,I162S2C103J4V1
4,VIGENCIA_CARRERA,VIGENCIA_CARRERA,REVISAR_VIGENCIA_CARRERA_SIN_FUENTE_DIRECTA,REVISAR,OFICIAL_PROBABLE,ALTA,CAMPO_PENDIENTE_REAL,I162S2C103J4V1
4,CNED_ESTADO_AUDITORIA,CNED_ESTADO_AUDITORIA,REQUIERE_REVISION,REVISION,AUXILIAR_TECNICA,BAJA,MARCA_TECNICA_REMOVIBLE,I162S2C103J4V1
4,CNED_ALERTAS,CNED_ALERTAS,CONTIENE_MARCAS_TECNICAS_DE_REVISION,REVISION,AUXILIAR_TECNICA,BAJA,MARCA_TECNICA_REMOVIBLE,I162S2C103J4V1
4,CNED_PUEDE_SUBIR_PRELIMINAR,CNED_PUEDE_SUBIR_PRELIMINAR,REVISAR,REVISAR,AUXILIAR_TECNICA,BAJA,MARCA_TECNICA_REMOVIBLE,I162S2C103J4V1
5,Área del Conocimiento,AREA_DEL_CONOCIMIENTO,REVISAR_AREA_CODIGO_6,REVISAR,DESCONOCIDA,MEDIA,DUDA_METODOLOGICA,I162S2C104J4V1
5,Sub Área,SUB_AREA,REVISAR_SUB_AREA_SIN_FUENTE_DIRECTA,REVISAR,DESCONOCIDA,MEDIA,DUDA_METODOLOGICA,I162S2C104J4V1
5,Carrera Genérica,CARRERA_GENERICA,REVISAR_CARRERA_GENERICA_SIN_FUENTE_DIRECTA,REVISAR,DESCONOCIDA,MEDIA,DUDA_METODOLOGICA,I162S2C104J4V1
5,Grado Académico que otorga el programa,GRADO_ACADEMICO_QUE_OTORGA_EL_PROGRAMA,REVISAR_GRADO_ACADEMICO_SIN_FUENTE_DIRECTA,REVISAR,DESCONOCIDA,MEDIA,DUDA_METODOLOGICA,I162S2C104J4V1
5,Dependencia,DEPENDENCIA,REVISAR_DEPENDENCIA_SIN_FUENTE_DIRECTA,REVISAR,DESCONOCIDA,MEDIA,DUDA_METODOLOGICA,I162S2C104J4V1
5,Régimen,REGIMEN,REVISAR_REGIMEN_CODIGO_1,REVISAR,OFICIAL_PROBABLE,ALTA,CAMPO_PENDIENTE_REAL,I162S2C104J4V1
5,Ingreso Directo,INGRESO_DIRECTO,REVISAR_INGRESO_DIRECTO_CODIGO_REQUISITO_INGRESO_2,REVISAR,DESCONOCIDA,MEDIA,DUDA_METODOLOGICA,I162S2C104J4V1
5,Otro Tipo de Ingreso,OTRO_TIPO_DE_INGRESO,REVISAR_OTRO_TIPO_INGRESO_CODIGO_REQUISITO_INGRESO_2,REVISAR,DESCONOCIDA,MEDIA,DUDA_METODOLOGICA,I162S2C104J4V1
5,Ingreso otro,INGRESO_OTRO,REVISAR_DESCRIPCION_OTRO_INGRESO_SIN_TEXTO_FUENTE,REVISAR,DESCONOCIDA,MEDIA,DUDA_METODOLOGICA,I162S2C104J4V1
5,Observaciones,OBSERVACIONES,Crear según matriz PROMEDIOSDEALUMNOS_7804.xlsx / hoja matriz; conciliado contra diccionario oferta 2026; no encontrado en listado existente INDICES por CODIGO_UNICO; campos sin fuente directa quedan con revisión específica.,REVISION,DESCONOCIDA,MEDIA,OBSERVACION_INSTITUCIONAL,I162S2C104J4V1
5,FECHA_ADMISION_INICIAL,FECHA_ADMISION_INICIAL,REVISAR_FECHA_ADMISION_INICIAL_SIN_FUENTE,REVISAR,DESCONOCIDA,MEDIA,DUDA_METODOLOGICA,I162S2C104J4V1
5,MALLA_CURRICULAR,MALLA_CURRICULAR,REVISAR_MALLA_CURRICULAR_SIN_FUENTE,REVISAR,DESCONOCIDA,MEDIA,DUDA_METODOLOGICA,I162S2C104J4V1
5,PERFIL_EGRESO,PERFIL_EGRESO,REVISAR_PERFIL_EGRESO_SIN_FUENTE,REVISAR,DESCONOCIDA,MEDIA,DUDA_METODOLOGICA,I162S2C104J4V1
5,TEXTO_REQUISITO_INGRESO,TEXTO_REQUISITO_INGRESO,REVISAR_TEXTO_REQUISITO_INGRESO_SIN_FUENTE,REVISAR,DESCONOCIDA,MEDIA,DUDA_METODOLOGICA,I162S2C104J4V1
5,LICENCIA_ENS_MEDIA,LICENCIA_ENS_MEDIA,REVISAR_LICENCIA_ENS_MEDIA_SIN_FUENTE,REVISAR,DESCONOCIDA,MEDIA,DUDA_METODOLOGICA,I162S2C104J4V1
5,NOTAS_ENS_MEDIA,NOTAS_ENS_MEDIA,REVISAR_NOTAS_ENS_MEDIA_SIN_FUENTE,REVISAR,DESCONOCIDA,MEDIA,DUDA_METODOLOGICA,I162S2C104J4V1
5,PROMEDIO_MIN_ENS_MEDIA,PROMEDIO_MIN_ENS_MEDIA,REVISAR_PROMEDIO_MIN_ENS_MEDIA_SIN_FUENTE,REVISAR,DESCONOCIDA,MEDIA,DUDA_METODOLOGICA,I162S2C104J4V1
5,RECONOCIMIENTOS_APREN_PREVIOS,RECONOCIMIENTOS_APREN_PREVIOS,REVISAR_RECONOCIMIENTOS_APREN_PREVIOS_SIN_FUENTE,REVISAR,DESCONOCIDA,MEDIA,DUDA_METODOLOGICA,I162S2C104J4V1
5,EXPERIENCIA_LABORAL,EXPERIENCIA_LABORAL,REVISAR_EXPERIENCIA_LABORAL_SIN_FUENTE,REVISAR,DESCONOCIDA,MEDIA,DUDA_METODOLOGICA,I162S2C104J4V1
5,OTROS_REQUISITOS,OTROS_REQUISITOS,REVISAR_OTROS_REQUISITOS_SIN_FUENTE,REVISAR,DESCONOCIDA,MEDIA,DUDA_METODOLOGICA,I162S2C104J4V1
5,MAIL_DIFUSION_CARRERA,MAIL_DIFUSION_CARRERA,REVISAR_MAIL_DIFUSION_CARRERA_SIN_FUENTE,REVISAR,DESCONOCIDA,MEDIA,DUDA_METODOLOGICA,I162S2C104J4V1
5,FORMATO_VALOR,FORMATO_VALOR,REVISAR_FORMATO_VALOR_SIN_FUENTE,REVISAR,DESCONOCIDA,MEDIA,DUDA_METODOLOGICA,I162S2C104J4V1
5,VALOR_MATRICULA_ANUAL,VALOR_MATRICULA_ANUAL,REVISAR_VALOR_MATRICULA_ANUAL_SIN_FUENTE,REVISAR,DESCONOCIDA,MEDIA,DUDA_METODOLOGICA,I162S2C104J4V1
5,COSTO_TITULACION,COSTO_TITULACION,REVISAR_COSTO_TITULACION_SIN_FUENTE,REVISAR,DESCONOCIDA,MEDIA,DUDA_METODOLOGICA,I162S2C104J4V1
5,VALOR_CERTIFICADO_DIPLOMA,VALOR_CERTIFICADO_DIPLOMA,REVISAR_VALOR_CERTIFICADO_DIPLOMA_SIN_FUENTE,REVISAR,DESCONOCIDA,MEDIA,DUDA_METODOLOGICA,I162S2C104J4V1
5,ARANCEL_ANUAL,ARANCEL_ANUAL,REVISAR_ARANCEL_ANUAL_SIN_FUENTE,REVISAR,DESCONOCIDA,MEDIA,DUDA_METODOLOGICA,I162S2C104J4V1
5,VIGENCIA_CARRERA,VIGENCIA_CARRERA,REVISAR_VIGENCIA_CARRERA_SIN_FUENTE_DIRECTA,REVISAR,OFICIAL_PROBABLE,ALTA,CAMPO_PENDIENTE_REAL,I162S2C104J4V1
5,CNED_ESTADO_AUDITORIA,CNED_ESTADO_AUDITORIA,REQUIERE_REVISION,REVISION,AUXILIAR_TECNICA,BAJA,MARCA_TECNICA_REMOVIBLE,I162S2C104J4V1
5,CNED_ALERTAS,CNED_ALERTAS,CONTIENE_MARCAS_TECNICAS_DE_REVISION,REVISION,AUXILIAR_TECNICA,BAJA,MARCA_TECNICA_REMOVIBLE,I162S2C104J4V1
5,CNED_PUEDE_SUBIR_PRELIMINAR,CNED_PUEDE_SUBIR_PRELIMINAR,REVISAR,REVISAR,AUXILIAR_TECNICA,BAJA,MARCA_TECNICA_REMOVIBLE,I162S2C104J4V1
6,Área del Conocimiento,AREA_DEL_CONOCIMIENTO,REVISAR_AREA_CODIGO_8,REVISAR,DESCONOCIDA,MEDIA,DUDA_METODOLOGICA,I162S2C105J4V1
6,Sub Área,SUB_AREA,REVISAR_SUB_AREA_SIN_FUENTE_DIRECTA,REVISAR,DESCONOCIDA,MEDIA,DUDA_METODOLOGICA,I162S2C105J4V1
6,Carrera Genérica,CARRERA_GENERICA,REVISAR_CARRERA_GENERICA_SIN_FUENTE_DIRECTA,REVISAR,DESCONOCIDA,MEDIA,DUDA_METODOLOGICA,I162S2C105J4V1
6,Grado Académico que otorga el programa,GRADO_ACADEMICO_QUE_OTORGA_EL_PROGRAMA,REVISAR_GRADO_ACADEMICO_SIN_FUENTE_DIRECTA,REVISAR,DESCONOCIDA,MEDIA,DUDA_METODOLOGICA,I162S2C105J4V1
6,Dependencia,DEPENDENCIA,REVISAR_DEPENDENCIA_SIN_FUENTE_DIRECTA,REVISAR,DESCONOCIDA,MEDIA,DUDA_METODOLOGICA,I162S2C105J4V1
6,Régimen,REGIMEN,REVISAR_REGIMEN_CODIGO_1,REVISAR,OFICIAL_PROBABLE,ALTA,CAMPO_PENDIENTE_REAL,I162S2C105J4V1
6,Ingreso Directo,INGRESO_DIRECTO,REVISAR_INGRESO_DIRECTO_CODIGO_REQUISITO_INGRESO_2,REVISAR,DESCONOCIDA,MEDIA,DUDA_METODOLOGICA,I162S2C105J4V1
6,Otro Tipo de Ingreso,OTRO_TIPO_DE_INGRESO,REVISAR_OTRO_TIPO_INGRESO_CODIGO_REQUISITO_INGRESO_2,REVISAR,DESCONOCIDA,MEDIA,DUDA_METODOLOGICA,I162S2C105J4V1
6,Ingreso otro,INGRESO_OTRO,REVISAR_DESCRIPCION_OTRO_INGRESO_SIN_TEXTO_FUENTE,REVISAR,DESCONOCIDA,MEDIA,DUDA_METODOLOGICA,I162S2C105J4V1
6,Observaciones,OBSERVACIONES,Crear según matriz PROMEDIOSDEALUMNOS_7804.xlsx / hoja matriz; conciliado contra diccionario oferta 2026; no encontrado en listado existente INDICES por CODIGO_UNICO; campos sin fuente directa quedan con revisión específica.,REVISION,DESCONOCIDA,MEDIA,OBSERVACION_INSTITUCIONAL,I162S2C105J4V1
6,FECHA_ADMISION_INICIAL,FECHA_ADMISION_INICIAL,REVISAR_FECHA_ADMISION_INICIAL_SIN_FUENTE,REVISAR,DESCONOCIDA,MEDIA,DUDA_METODOLOGICA,I162S2C105J4V1
6,MALLA_CURRICULAR,MALLA_CURRICULAR,REVISAR_MALLA_CURRICULAR_SIN_FUENTE,REVISAR,DESCONOCIDA,MEDIA,DUDA_METODOLOGICA,I162S2C105J4V1
6,PERFIL_EGRESO,PERFIL_EGRESO,REVISAR_PERFIL_EGRESO_SIN_FUENTE,REVISAR,DESCONOCIDA,MEDIA,DUDA_METODOLOGICA,I162S2C105J4V1
6,TEXTO_REQUISITO_INGRESO,TEXTO_REQUISITO_INGRESO,REVISAR_TEXTO_REQUISITO_INGRESO_SIN_FUENTE,REVISAR,DESCONOCIDA,MEDIA,DUDA_METODOLOGICA,I162S2C105J4V1
6,LICENCIA_ENS_MEDIA,LICENCIA_ENS_MEDIA,REVISAR_LICENCIA_ENS_MEDIA_SIN_FUENTE,REVISAR,DESCONOCIDA,MEDIA,DUDA_METODOLOGICA,I162S2C105J4V1
6,NOTAS_ENS_MEDIA,NOTAS_ENS_MEDIA,REVISAR_NOTAS_ENS_MEDIA_SIN_FUENTE,REVISAR,DESCONOCIDA,MEDIA,DUDA_METODOLOGICA,I162S2C105J4V1
6,PROMEDIO_MIN_ENS_MEDIA,PROMEDIO_MIN_ENS_MEDIA,REVISAR_PROMEDIO_MIN_ENS_MEDIA_SIN_FUENTE,REVISAR,DESCONOCIDA,MEDIA,DUDA_METODOLOGICA,I162S2C105J4V1
6,RECONOCIMIENTOS_APREN_PREVIOS,RECONOCIMIENTOS_APREN_PREVIOS,REVISAR_RECONOCIMIENTOS_APREN_PREVIOS_SIN_FUENTE,REVISAR,DESCONOCIDA,MEDIA,DUDA_METODOLOGICA,I162S2C105J4V1
6,EXPERIENCIA_LABORAL,EXPERIENCIA_LABORAL,REVISAR_EXPERIENCIA_LABORAL_SIN_FUENTE,REVISAR,DESCONOCIDA,MEDIA,DUDA_METODOLOGICA,I162S2C105J4V1
6,OTROS_REQUISITOS,OTROS_REQUISITOS,REVISAR_OTROS_REQUISITOS_SIN_FUENTE,REVISAR,DESCONOCIDA,MEDIA,DUDA_METODOLOGICA,I162S2C105J4V1
6,MAIL_DIFUSION_CARRERA,MAIL_DIFUSION_CARRERA,REVISAR_MAIL_DIFUSION_CARRERA_SIN_FUENTE,REVISAR,DESCONOCIDA,MEDIA,DUDA_METODOLOGICA,I162S2C105J4V1
6,FORMATO_VALOR,FORMATO_VALOR,REVISAR_FORMATO_VALOR_SIN_FUENTE,REVISAR,DESCONOCIDA,MEDIA,DUDA_METODOLOGICA,I162S2C105J4V1
6,VALOR_MATRICULA_ANUAL,VALOR_MATRICULA_ANUAL,REVISAR_VALOR_MATRICULA_ANUAL_SIN_FUENTE,REVISAR,DESCONOCIDA,MEDIA,DUDA_METODOLOGICA,I162S2C105J4V1
6,COSTO_TITULACION,COSTO_TITULACION,REVISAR_COSTO_TITULACION_SIN_FUENTE,REVISAR,DESCONOCIDA,MEDIA,DUDA_METODOLOGICA,I162S2C105J4V1
6,VALOR_CERTIFICADO_DIPLOMA,VALOR_CERTIFICADO_DIPLOMA,REVISAR_VALOR_CERTIFICADO_DIPLOMA_SIN_FUENTE,REVISAR,DESCONOCIDA,MEDIA,DUDA_METODOLOGICA,I162S2C105J4V1
6,ARANCEL_ANUAL,ARANCEL_ANUAL,REVISAR_ARANCEL_ANUAL_SIN_FUENTE,REVISAR,DESCONOCIDA,MEDIA,DUDA_METODOLOGICA,I162S2C105J4V1
6,VIGENCIA_CARRERA,VIGENCIA_CARRERA,REVISAR_VIGENCIA_CARRERA_SIN_FUENTE_DIRECTA,REVISAR,OFICIAL_PROBABLE,ALTA,CAMPO_PENDIENTE_REAL,I162S2C105J4V1
6,CNED_ESTADO_AUDITORIA,CNED_ESTADO_AUDITORIA,REQUIERE_REVISION,REVISION,AUXILIAR_TECNICA,BAJA,MARCA_TECNICA_REMOVIBLE,I162S2C105J4V1
6,CNED_ALERTAS,CNED_ALERTAS,CONTIENE_MARCAS_TECNICAS_DE_REVISION,REVISION,AUXILIAR_TECNICA,BAJA,MARCA_TECNICA_REMOVIBLE,I162S2C105J4V1
6,CNED_PUEDE_SUBIR_PRELIMINAR,CNED_PUEDE_SUBIR_PRELIMINAR,REVISAR,REVISAR,AUXILIAR_TECNICA,BAJA,MARCA_TECNICA_REMOVIBLE,I162S2C105J4V1
7,Área del Conocimiento,AREA_DEL_CONOCIMIENTO,REVISAR_AREA_CODIGO_9,REVISAR,DESCONOCIDA,MEDIA,DUDA_METODOLOGICA,I162S2C10J1V1
7,Sub Área,SUB_AREA,REVISAR_SUB_AREA_SIN_FUENTE_DIRECTA,REVISAR,DESCONOCIDA,MEDIA,DUDA_METODOLOGICA,I162S2C10J1V1
7,Carrera Genérica,CARRERA_GENERICA,REVISAR_CARRERA_GENERICA_SIN_FUENTE_DIRECTA,REVISAR,DESCONOCIDA,MEDIA,DUDA_METODOLOGICA,I162S2C10J1V1
7,Grado Académico que otorga el programa,GRADO_ACADEMICO_QUE_OTORGA_EL_PROGRAMA,REVISAR_GRADO_ACADEMICO_SIN_FUENTE_DIRECTA,REVISAR,DESCONOCIDA,MEDIA,DUDA_METODOLOGICA,I162S2C10J1V1
7,Dependencia,DEPENDENCIA,REVISAR_DEPENDENCIA_SIN_FUENTE_DIRECTA,REVISAR,DESCONOCIDA,MEDIA,DUDA_METODOLOGICA,I162S2C10J1V1
7,Régimen,REGIMEN,REVISAR_REGIMEN_CODIGO_1,REVISAR,OFICIAL_PROBABLE,ALTA,CAMPO_PENDIENTE_REAL,I162S2C10J1V1
7,Ingreso Directo,INGRESO_DIRECTO,REVISAR_INGRESO_DIRECTO_CODIGO_REQUISITO_INGRESO_1,REVISAR,DESCONOCIDA,MEDIA,DUDA_METODOLOGICA,I162S2C10J1V1
7,Observaciones,OBSERVACIONES,Crear según matriz PROMEDIOSDEALUMNOS_7804.xlsx / hoja matriz; conciliado contra diccionario oferta 2026; no encontrado en listado existente INDICES por CODIGO_UNICO; campos sin fuente directa quedan con revisión específica.,REVISION,DESCONOCIDA,MEDIA,OBSERVACION_INSTITUCIONAL,I162S2C10J1V1
7,FECHA_ADMISION_INICIAL,FECHA_ADMISION_INICIAL,REVISAR_FECHA_ADMISION_INICIAL_SIN_FUENTE,REVISAR,DESCONOCIDA,MEDIA,DUDA_METODOLOGICA,I162S2C10J1V1
7,MALLA_CURRICULAR,MALLA_CURRICULAR,REVISAR_MALLA_CURRICULAR_SIN_FUENTE,REVISAR,DESCONOCIDA,MEDIA,DUDA_METODOLOGICA,I162S2C10J1V1
7,PERFIL_EGRESO,PERFIL_EGRESO,REVISAR_PERFIL_EGRESO_SIN_FUENTE,REVISAR,DESCONOCIDA,MEDIA,DUDA_METODOLOGICA,I162S2C10J1V1
7,TEXTO_REQUISITO_INGRESO,TEXTO_REQUISITO_INGRESO,REVISAR_TEXTO_REQUISITO_INGRESO_SIN_FUENTE,REVISAR,DESCONOCIDA,MEDIA,DUDA_METODOLOGICA,I162S2C10J1V1
7,LICENCIA_ENS_MEDIA,LICENCIA_ENS_MEDIA,REVISAR_LICENCIA_ENS_MEDIA_SIN_FUENTE,REVISAR,DESCONOCIDA,MEDIA,DUDA_METODOLOGICA,I162S2C10J1V1
7,NOTAS_ENS_MEDIA,NOTAS_ENS_MEDIA,REVISAR_NOTAS_ENS_MEDIA_SIN_FUENTE,REVISAR,DESCONOCIDA,MEDIA,DUDA_METODOLOGICA,I162S2C10J1V1
7,PROMEDIO_MIN_ENS_MEDIA,PROMEDIO_MIN_ENS_MEDIA,REVISAR_PROMEDIO_MIN_ENS_MEDIA_SIN_FUENTE,REVISAR,DESCONOCIDA,MEDIA,DUDA_METODOLOGICA,I162S2C10J1V1
7,RECONOCIMIENTOS_APREN_PREVIOS,RECONOCIMIENTOS_APREN_PREVIOS,REVISAR_RECONOCIMIENTOS_APREN_PREVIOS_SIN_FUENTE,REVISAR,DESCONOCIDA,MEDIA,DUDA_METODOLOGICA,I162S2C10J1V1
7,EXPERIENCIA_LABORAL,EXPERIENCIA_LABORAL,REVISAR_EXPERIENCIA_LABORAL_SIN_FUENTE,REVISAR,DESCONOCIDA,MEDIA,DUDA_METODOLOGICA,I162S2C10J1V1
7,OTROS_REQUISITOS,OTROS_REQUISITOS,REVISAR_OTROS_REQUISITOS_SIN_FUENTE,REVISAR,DESCONOCIDA,MEDIA,DUDA_METODOLOGICA,I162S2C10J1V1
7,MAIL_DIFUSION_CARRERA,MAIL_DIFUSION_CARRERA,REVISAR_MAIL_DIFUSION_CARRERA_SIN_FUENTE,REVISAR,DESCONOCIDA,MEDIA,DUDA_METODOLOGICA,I162S2C10J1V1
7,FORMATO_VALOR,FORMATO_VALOR,REVISAR_FORMATO_VALOR_SIN_FUENTE,REVISAR,DESCONOCIDA,MEDIA,DUDA_METODOLOGICA,I162S2C10J1V1
7,VALOR_MATRICULA_ANUAL,VALOR_MATRICULA_ANUAL,REVISAR_VALOR_MATRICULA_ANUAL_SIN_FUENTE,REVISAR,DESCONOCIDA,MEDIA,DUDA_METODOLOGICA,I162S2C10J1V1
7,COSTO_TITULACION,COSTO_TITULACION,REVISAR_COSTO_TITULACION_SIN_FUENTE,REVISAR,DESCONOCIDA,MEDIA,DUDA_METODOLOGICA,I162S2C10J1V1
7,VALOR_CERTIFICADO_DIPLOMA,VALOR_CERTIFICADO_DIPLOMA,REVISAR_VALOR_CERTIFICADO_DIPLOMA_SIN_FUENTE,REVISAR,DESCONOCIDA,MEDIA,DUDA_METODOLOGICA,I162S2C10J1V1
7,ARANCEL_ANUAL,ARANCEL_ANUAL,REVISAR_ARANCEL_ANUAL_SIN_FUENTE,REVISAR,DESCONOCIDA,MEDIA,DUDA_METODOLOGICA,I162S2C10J1V1
7,VIGENCIA_CARRERA,VIGENCIA_CARRERA,REVISAR_VIGENCIA_CARRERA_SIN_FUENTE_DIRECTA,REVISAR,OFICIAL_PROBABLE,ALTA,CAMPO_PENDIENTE_REAL,I162S2C10J1V1
7,CNED_ESTADO_AUDITORIA,CNED_ESTADO_AUDITORIA,REQUIERE_REVISION,REVISION,AUXILIAR_TECNICA,BAJA,MARCA_TECNICA_REMOVIBLE,I162S2C10J1V1
7,CNED_ALERTAS,CNED_ALERTAS,CONTIENE_MARCAS_TECNICAS_DE_REVISION,REVISION,AUXILIAR_TECNICA,BAJA,MARCA_TECNICA_REMOVIBLE,I162S2C10J1V1
7,CNED_PUEDE_SUBIR_PRELIMINAR,CNED_PUEDE_SUBIR_PRELIMINAR,REVISAR,REVISAR,AUXILIAR_TECNICA,BAJA,MARCA_TECNICA_REMOVIBLE,I162S2C10J1V1
8,Área del Conocimiento,AREA_DEL_CONOCIMIENTO,REVISAR_AREA_CODIGO_9,REVISAR,DESCONOCIDA,MEDIA,DUDA_METODOLOGICA,I162S2C10J4V1
8,Sub Área,SUB_AREA,REVISAR_SUB_AREA_SIN_FUENTE_DIRECTA,REVISAR,DESCONOCIDA,MEDIA,DUDA_METODOLOGICA,I162S2C10J4V1
8,Carrera Genérica,CARRERA_GENERICA,REVISAR_CARRERA_GENERICA_SIN_FUENTE_DIRECTA,REVISAR,DESCONOCIDA,MEDIA,DUDA_METODOLOGICA,I162S2C10J4V1
8,Grado Académico que otorga el programa,GRADO_ACADEMICO_QUE_OTORGA_EL_PROGRAMA,REVISAR_GRADO_ACADEMICO_SIN_FUENTE_DIRECTA,REVISAR,DESCONOCIDA,MEDIA,DUDA_METODOLOGICA,I162S2C10J4V1
8,Dependencia,DEPENDENCIA,REVISAR_DEPENDENCIA_SIN_FUENTE_DIRECTA,REVISAR,DESCONOCIDA,MEDIA,DUDA_METODOLOGICA,I162S2C10J4V1
8,Régimen,REGIMEN,REVISAR_REGIMEN_CODIGO_2,REVISAR,OFICIAL_PROBABLE,ALTA,CAMPO_PENDIENTE_REAL,I162S2C10J4V1
8,Ingreso Directo,INGRESO_DIRECTO,REVISAR_INGRESO_DIRECTO_CODIGO_REQUISITO_INGRESO_1,REVISAR,DESCONOCIDA,MEDIA,DUDA_METODOLOGICA,I162S2C10J4V1
8,Observaciones,OBSERVACIONES,Crear según matriz PROMEDIOSDEALUMNOS_7804.xlsx / hoja matriz; conciliado contra diccionario oferta 2026; no encontrado en listado existente INDICES por CODIGO_UNICO; campos sin fuente directa quedan con revisión específica.,REVISION,DESCONOCIDA,MEDIA,OBSERVACION_INSTITUCIONAL,I162S2C10J4V1
8,FECHA_ADMISION_INICIAL,FECHA_ADMISION_INICIAL,REVISAR_FECHA_ADMISION_INICIAL_SIN_FUENTE,REVISAR,DESCONOCIDA,MEDIA,DUDA_METODOLOGICA,I162S2C10J4V1
8,MALLA_CURRICULAR,MALLA_CURRICULAR,REVISAR_MALLA_CURRICULAR_SIN_FUENTE,REVISAR,DESCONOCIDA,MEDIA,DUDA_METODOLOGICA,I162S2C10J4V1
8,PERFIL_EGRESO,PERFIL_EGRESO,REVISAR_PERFIL_EGRESO_SIN_FUENTE,REVISAR,DESCONOCIDA,MEDIA,DUDA_METODOLOGICA,I162S2C10J4V1
8,TEXTO_REQUISITO_INGRESO,TEXTO_REQUISITO_INGRESO,REVISAR_TEXTO_REQUISITO_INGRESO_SIN_FUENTE,REVISAR,DESCONOCIDA,MEDIA,DUDA_METODOLOGICA,I162S2C10J4V1
8,LICENCIA_ENS_MEDIA,LICENCIA_ENS_MEDIA,REVISAR_LICENCIA_ENS_MEDIA_SIN_FUENTE,REVISAR,DESCONOCIDA,MEDIA,DUDA_METODOLOGICA,I162S2C10J4V1
8,NOTAS_ENS_MEDIA,NOTAS_ENS_MEDIA,REVISAR_NOTAS_ENS_MEDIA_SIN_FUENTE,REVISAR,DESCONOCIDA,MEDIA,DUDA_METODOLOGICA,I162S2C10J4V1
8,PROMEDIO_MIN_ENS_MEDIA,PROMEDIO_MIN_ENS_MEDIA,REVISAR_PROMEDIO_MIN_ENS_MEDIA_SIN_FUENTE,REVISAR,DESCONOCIDA,MEDIA,DUDA_METODOLOGICA,I162S2C10J4V1
8,RECONOCIMIENTOS_APREN_PREVIOS,RECONOCIMIENTOS_APREN_PREVIOS,REVISAR_RECONOCIMIENTOS_APREN_PREVIOS_SIN_FUENTE,REVISAR,DESCONOCIDA,MEDIA,DUDA_METODOLOGICA,I162S2C10J4V1
8,EXPERIENCIA_LABORAL,EXPERIENCIA_LABORAL,REVISAR_EXPERIENCIA_LABORAL_SIN_FUENTE,REVISAR,DESCONOCIDA,MEDIA,DUDA_METODOLOGICA,I162S2C10J4V1
8,OTROS_REQUISITOS,OTROS_REQUISITOS,REVISAR_OTROS_REQUISITOS_SIN_FUENTE,REVISAR,DESCONOCIDA,MEDIA,DUDA_METODOLOGICA,I162S2C10J4V1
8,MAIL_DIFUSION_CARRERA,MAIL_DIFUSION_CARRERA,REVISAR_MAIL_DIFUSION_CARRERA_SIN_FUENTE,REVISAR,DESCONOCIDA,MEDIA,DUDA_METODOLOGICA,I162S2C10J4V1
8,FORMATO_VALOR,FORMATO_VALOR,REVISAR_FORMATO_VALOR_SIN_FUENTE,REVISAR,DESCONOCIDA,MEDIA,DUDA_METODOLOGICA,I162S2C10J4V1
8,VALOR_MATRICULA_ANUAL,VALOR_MATRICULA_ANUAL,REVISAR_VALOR_MATRICULA_ANUAL_SIN_FUENTE,REVISAR,DESCONOCIDA,MEDIA,DUDA_METODOLOGICA,I162S2C10J4V1
8,COSTO_TITULACION,COSTO_TITULACION,REVISAR_COSTO_TITULACION_SIN_FUENTE,REVISAR,DESCONOCIDA,MEDIA,DUDA_METODOLOGICA,I162S2C10J4V1
8,VALOR_CERTIFICADO_DIPLOMA,VALOR_CERTIFICADO_DIPLOMA,REVISAR_VALOR_CERTIFICADO_DIPLOMA_SIN_FUENTE,REVISAR,DESCONOCIDA,MEDIA,DUDA_METODOLOGICA,I162S2C10J4V1
8,ARANCEL_ANUAL,ARANCEL_ANUAL,REVISAR_ARANCEL_ANUAL_SIN_FUENTE,REVISAR,DESCONOCIDA,MEDIA,DUDA_METODOLOGICA,I162S2C10J4V1
8,VIGENCIA_CARRERA,VIGENCIA_CARRERA,REVISAR_VIGENCIA_CARRERA_SIN_FUENTE_DIRECTA,REVISAR,OFICIAL_PROBABLE,ALTA,CAMPO_PENDIENTE_REAL,I162S2C10J4V1
8,CNED_ESTADO_AUDITORIA,CNED_ESTADO_AUDITORIA,REQUIERE_REVISION,REVISION,AUXILIAR_TECNICA,BAJA,MARCA_TECNICA_REMOVIBLE,I162S2C10J4V1
8,CNED_ALERTAS,CNED_ALERTAS,CONTIENE_MARCAS_TECNICAS_DE_REVISION,REVISION,AUXILIAR_TECNICA,BAJA,MARCA_TECNICA_REMOVIBLE,I162S2C10J4V1
8,CNED_PUEDE_SUBIR_PRELIMINAR,CNED_PUEDE_SUBIR_PRELIMINAR,REVISAR,REVISAR,AUXILIAR_TECNICA,BAJA,MARCA_TECNICA_REMOVIBLE,I162S2C10J4V1
9,Área del Conocimiento,AREA_DEL_CONOCIMIENTO,REVISAR_AREA_CODIGO_1,REVISAR,DESCONOCIDA,MEDIA,DUDA_METODOLOGICA,I162S2C111J4V1
9,Sub Área,SUB_AREA,REVISAR_SUB_AREA_SIN_FUENTE_DIRECTA,REVISAR,DESCONOCIDA,MEDIA,DUDA_METODOLOGICA,I162S2C111J4V1
9,Carrera Genérica,CARRERA_GENERICA,REVISAR_CARRERA_GENERICA_SIN_FUENTE_DIRECTA,REVISAR,DESCONOCIDA,MEDIA,DUDA_METODOLOGICA,I162S2C111J4V1
9,Grado Académico que otorga el programa,GRADO_ACADEMICO_QUE_OTORGA_EL_PROGRAMA,REVISAR_GRADO_ACADEMICO_SIN_FUENTE_DIRECTA,REVISAR,DESCONOCIDA,MEDIA,DUDA_METODOLOGICA,I162S2C111J4V1
9,Dependencia,DEPENDENCIA,REVISAR_DEPENDENCIA_SIN_FUENTE_DIRECTA,REVISAR,DESCONOCIDA,MEDIA,DUDA_METODOLOGICA,I162S2C111J4V1
9,Régimen,REGIMEN,REVISAR_REGIMEN_CODIGO_2,REVISAR,OFICIAL_PROBABLE,ALTA,CAMPO_PENDIENTE_REAL,I162S2C111J4V1
9,Ingreso Directo,INGRESO_DIRECTO,REVISAR_INGRESO_DIRECTO_CODIGO_REQUISITO_INGRESO_1,REVISAR,DESCONOCIDA,MEDIA,DUDA_METODOLOGICA,I162S2C111J4V1
9,Observaciones,OBSERVACIONES,Crear según matriz PROMEDIOSDEALUMNOS_7804.xlsx / hoja matriz; conciliado contra diccionario oferta 2026; no encontrado en listado existente INDICES por CODIGO_UNICO; campos sin fuente directa quedan con revisión específica.,REVISION,DESCONOCIDA,MEDIA,OBSERVACION_INSTITUCIONAL,I162S2C111J4V1
9,FECHA_ADMISION_INICIAL,FECHA_ADMISION_INICIAL,REVISAR_FECHA_ADMISION_INICIAL_SIN_FUENTE,REVISAR,DESCONOCIDA,MEDIA,DUDA_METODOLOGICA,I162S2C111J4V1
9,MALLA_CURRICULAR,MALLA_CURRICULAR,REVISAR_MALLA_CURRICULAR_SIN_FUENTE,REVISAR,DESCONOCIDA,MEDIA,DUDA_METODOLOGICA,I162S2C111J4V1
9,PERFIL_EGRESO,PERFIL_EGRESO,REVISAR_PERFIL_EGRESO_SIN_FUENTE,REVISAR,DESCONOCIDA,MEDIA,DUDA_METODOLOGICA,I162S2C111J4V1
9,TEXTO_REQUISITO_INGRESO,TEXTO_REQUISITO_INGRESO,REVISAR_TEXTO_REQUISITO_INGRESO_SIN_FUENTE,REVISAR,DESCONOCIDA,MEDIA,DUDA_METODOLOGICA,I162S2C111J4V1
9,LICENCIA_ENS_MEDIA,LICENCIA_ENS_MEDIA,REVISAR_LICENCIA_ENS_MEDIA_SIN_FUENTE,REVISAR,DESCONOCIDA,MEDIA,DUDA_METODOLOGICA,I162S2C111J4V1
9,NOTAS_ENS_MEDIA,NOTAS_ENS_MEDIA,REVISAR_NOTAS_ENS_MEDIA_SIN_FUENTE,REVISAR,DESCONOCIDA,MEDIA,DUDA_METODOLOGICA,I162S2C111J4V1
9,PROMEDIO_MIN_ENS_MEDIA,PROMEDIO_MIN_ENS_MEDIA,REVISAR_PROMEDIO_MIN_ENS_MEDIA_SIN_FUENTE,REVISAR,DESCONOCIDA,MEDIA,DUDA_METODOLOGICA,I162S2C111J4V1
9,RECONOCIMIENTOS_APREN_PREVIOS,RECONOCIMIENTOS_APREN_PREVIOS,REVISAR_RECONOCIMIENTOS_APREN_PREVIOS_SIN_FUENTE,REVISAR,DESCONOCIDA,MEDIA,DUDA_METODOLOGICA,I162S2C111J4V1
9,EXPERIENCIA_LABORAL,EXPERIENCIA_LABORAL,REVISAR_EXPERIENCIA_LABORAL_SIN_FUENTE,REVISAR,DESCONOCIDA,MEDIA,DUDA_METODOLOGICA,I162S2C111J4V1
9,OTROS_REQUISITOS,OTROS_REQUISITOS,REVISAR_OTROS_REQUISITOS_SIN_FUENTE,REVISAR,DESCONOCIDA,MEDIA,DUDA_METODOLOGICA,I162S2C111J4V1
9,MAIL_DIFUSION_CARRERA,MAIL_DIFUSION_CARRERA,REVISAR_MAIL_DIFUSION_CARRERA_SIN_FUENTE,REVISAR,DESCONOCIDA,MEDIA,DUDA_METODOLOGICA,I162S2C111J4V1
9,FORMATO_VALOR,FORMATO_VALOR,REVISAR_FORMATO_VALOR_SIN_FUENTE,REVISAR,DESCONOCIDA,MEDIA,DUDA_METODOLOGICA,I162S2C111J4V1
9,VALOR_MATRICULA_ANUAL,VALOR_MATRICULA_ANUAL,REVISAR_VALOR_MATRICULA_ANUAL_SIN_FUENTE,REVISAR,DESCONOCIDA,MEDIA,DUDA_METODOLOGICA,I162S2C111J4V1
9,COSTO_TITULACION,COSTO_TITULACION,REVISAR_COSTO_TITULACION_SIN_FUENTE,REVISAR,DESCONOCIDA,MEDIA,DUDA_METODOLOGICA,I162S2C111J4V1
9,VALOR_CERTIFICADO_DIPLOMA,VALOR_CERTIFICADO_DIPLOMA,REVISAR_VALOR_CERTIFICADO_DIPLOMA_SIN_FUENTE,REVISAR,DESCONOCIDA,MEDIA,DUDA_METODOLOGICA,I162S2C111J4V1
9,ARANCEL_ANUAL,ARANCEL_ANUAL,REVISAR_ARANCEL_ANUAL_SIN_FUENTE,REVISAR,DESCONOCIDA,MEDIA,DUDA_METODOLOGICA,I162S2C111J4V1
9,VIGENCIA_CARRERA,VIGENCIA_CARRERA,REVISAR_VIGENCIA_CARRERA_SIN_FUENTE_DIRECTA,REVISAR,OFICIAL_PROBABLE,ALTA,CAMPO_PENDIENTE_REAL,I162S2C111J4V1
9,CNED_ESTADO_AUDITORIA,CNED_ESTADO_AUDITORIA,REQUIERE_REVISION,REVISION,AUXILIAR_TECNICA,BAJA,MARCA_TECNICA_REMOVIBLE,I162S2C111J4V1
9,CNED_ALERTAS,CNED_ALERTAS,CONTIENE_MARCAS_TECNICAS_DE_REVISION,REVISION,AUXILIAR_TECNICA,BAJA,MARCA_TECNICA_REMOVIBLE,I162S2C111J4V1
9,CNED_PUEDE_SUBIR_PRELIMINAR,CNED_PUEDE_SUBIR_PRELIMINAR,REVISAR,REVISAR,AUXILIAR_TECNICA,BAJA,MARCA_TECNICA_REMOVIBLE,I162S2C111J4V1
10,Detalle del Tipo de Programa (especiales),DETALLE_DEL_TIPO_DE_PROGRAMA_ESPECIALES,REVISAR_DETALLE_PROGRAMA_ESPECIAL,REVISAR,DESCONOCIDA,MEDIA,DUDA_METODOLOGICA,I162S2C111J4V2
10,Área del Conocimiento,AREA_DEL_CONOCIMIENTO,REVISAR_AREA_CODIGO_1,REVISAR,DESCONOCIDA,MEDIA,DUDA_METODOLOGICA,I162S2C111J4V2
10,Sub Área,SUB_AREA,REVISAR_SUB_AREA_SIN_FUENTE_DIRECTA,REVISAR,DESCONOCIDA,MEDIA,DUDA_METODOLOGICA,I162S2C111J4V2
10,Carrera Genérica,CARRERA_GENERICA,REVISAR_CARRERA_GENERICA_SIN_FUENTE_DIRECTA,REVISAR,DESCONOCIDA,MEDIA,DUDA_METODOLOGICA,I162S2C111J4V2
10,Grado Académico que otorga el programa,GRADO_ACADEMICO_QUE_OTORGA_EL_PROGRAMA,REVISAR_GRADO_ACADEMICO_SIN_FUENTE_DIRECTA,REVISAR,DESCONOCIDA,MEDIA,DUDA_METODOLOGICA,I162S2C111J4V2
10,Dependencia,DEPENDENCIA,REVISAR_DEPENDENCIA_SIN_FUENTE_DIRECTA,REVISAR,DESCONOCIDA,MEDIA,DUDA_METODOLOGICA,I162S2C111J4V2
10,Régimen,REGIMEN,REVISAR_REGIMEN_CODIGO_2,REVISAR,OFICIAL_PROBABLE,ALTA,CAMPO_PENDIENTE_REAL,I162S2C111J4V2
10,Ingreso Directo,INGRESO_DIRECTO,REVISAR_INGRESO_DIRECTO_CODIGO_REQUISITO_INGRESO_2_SEMESTRES_RECONOCIDOS_5,REVISAR,DESCONOCIDA,MEDIA,DUDA_METODOLOGICA,I162S2C111J4V2
10,Otro Tipo de Ingreso,OTRO_TIPO_DE_INGRESO,REVISAR_OTRO_TIPO_INGRESO_CODIGO_REQUISITO_INGRESO_2_SEMESTRES_RECONOCIDOS_5,REVISAR,DESCONOCIDA,MEDIA,DUDA_METODOLOGICA,I162S2C111J4V2
10,Ingreso otro,INGRESO_OTRO,REVISAR_DESCRIPCION_OTRO_INGRESO_SIN_TEXTO_FUENTE,REVISAR,DESCONOCIDA,MEDIA,DUDA_METODOLOGICA,I162S2C111J4V2
10,Observaciones,OBSERVACIONES,Crear según matriz PROMEDIOSDEALUMNOS_7804.xlsx / hoja matriz; conciliado contra diccionario oferta 2026; no encontrado en listado existente INDICES por CODIGO_UNICO; campos sin fuente directa quedan con revisión específica.,REVISION,DESCONOCIDA,MEDIA,OBSERVACION_INSTITUCIONAL,I162S2C111J4V2
10,FECHA_ADMISION_INICIAL,FECHA_ADMISION_INICIAL,REVISAR_FECHA_ADMISION_INICIAL_SIN_FUENTE,REVISAR,DESCONOCIDA,MEDIA,DUDA_METODOLOGICA,I162S2C111J4V2
10,MALLA_CURRICULAR,MALLA_CURRICULAR,REVISAR_MALLA_CURRICULAR_SIN_FUENTE,REVISAR,DESCONOCIDA,MEDIA,DUDA_METODOLOGICA,I162S2C111J4V2
10,PERFIL_EGRESO,PERFIL_EGRESO,REVISAR_PERFIL_EGRESO_SIN_FUENTE,REVISAR,DESCONOCIDA,MEDIA,DUDA_METODOLOGICA,I162S2C111J4V2
10,TEXTO_REQUISITO_INGRESO,TEXTO_REQUISITO_INGRESO,REVISAR_TEXTO_REQUISITO_INGRESO_SIN_FUENTE,REVISAR,DESCONOCIDA,MEDIA,DUDA_METODOLOGICA,I162S2C111J4V2
10,LICENCIA_ENS_MEDIA,LICENCIA_ENS_MEDIA,REVISAR_LICENCIA_ENS_MEDIA_SIN_FUENTE,REVISAR,DESCONOCIDA,MEDIA,DUDA_METODOLOGICA,I162S2C111J4V2
10,NOTAS_ENS_MEDIA,NOTAS_ENS_MEDIA,REVISAR_NOTAS_ENS_MEDIA_SIN_FUENTE,REVISAR,DESCONOCIDA,MEDIA,DUDA_METODOLOGICA,I162S2C111J4V2
10,PROMEDIO_MIN_ENS_MEDIA,PROMEDIO_MIN_ENS_MEDIA,REVISAR_PROMEDIO_MIN_ENS_MEDIA_SIN_FUENTE,REVISAR,DESCONOCIDA,MEDIA,DUDA_METODOLOGICA,I162S2C111J4V2
10,RECONOCIMIENTOS_APREN_PREVIOS,RECONOCIMIENTOS_APREN_PREVIOS,REVISAR_RECONOCIMIENTOS_APREN_PREVIOS_SIN_FUENTE,REVISAR,DESCONOCIDA,MEDIA,DUDA_METODOLOGICA,I162S2C111J4V2
10,EXPERIENCIA_LABORAL,EXPERIENCIA_LABORAL,REVISAR_EXPERIENCIA_LABORAL_SIN_FUENTE,REVISAR,DESCONOCIDA,MEDIA,DUDA_METODOLOGICA,I162S2C111J4V2
10,OTROS_REQUISITOS,OTROS_REQUISITOS,REVISAR_OTROS_REQUISITOS_SIN_FUENTE,REVISAR,DESCONOCIDA,MEDIA,DUDA_METODOLOGICA,I162S2C111J4V2
10,MAIL_DIFUSION_CARRERA,MAIL_DIFUSION_CARRERA,REVISAR_MAIL_DIFUSION_CARRERA_SIN_FUENTE,REVISAR,DESCONOCIDA,MEDIA,DUDA_METODOLOGICA,I162S2C111J4V2
10,FORMATO_VALOR,FORMATO_VALOR,REVISAR_FORMATO_VALOR_SIN_FUENTE,REVISAR,DESCONOCIDA,MEDIA,DUDA_METODOLOGICA,I162S2C111J4V2
10,VALOR_MATRICULA_ANUAL,VALOR_MATRICULA_ANUAL,REVISAR_VALOR_MATRICULA_ANUAL_SIN_FUENTE,REVISAR,DESCONOCIDA,MEDIA,DUDA_METODOLOGICA,I162S2C111J4V2
10,COSTO_TITULACION,COSTO_TITULACION,REVISAR_COSTO_TITULACION_SIN_FUENTE,REVISAR,DESCONOCIDA,MEDIA,DUDA_METODOLOGICA,I162S2C111J4V2
10,VALOR_CERTIFICADO_DIPLOMA,VALOR_CERTIFICADO_DIPLOMA,REVISAR_VALOR_CERTIFICADO_DIPLOMA_SIN_FUENTE,REVISAR,DESCONOCIDA,MEDIA,DUDA_METODOLOGICA,I162S2C111J4V2
10,ARANCEL_ANUAL,ARANCEL_ANUAL,REVISAR_ARANCEL_ANUAL_SIN_FUENTE,REVISAR,DESCONOCIDA,MEDIA,DUDA_METODOLOGICA,I162S2C111J4V2
10,VIGENCIA_CARRERA,VIGENCIA_CARRERA,REVISAR_VIGENCIA_CARRERA_SIN_FUENTE_DIRECTA,REVISAR,OFICIAL_PROBABLE,ALTA,CAMPO_PENDIENTE_REAL,I162S2C111J4V2
10,CNED_ESTADO_AUDITORIA,CNED_ESTADO_AUDITORIA,REQUIERE_REVISION,REVISION,AUXILIAR_TECNICA,BAJA,MARCA_TECNICA_REMOVIBLE,I162S2C111J4V2
10,CNED_ALERTAS,CNED_ALERTAS,CONTIENE_MARCAS_TECNICAS_DE_REVISION,REVISION,AUXILIAR_TECNICA,BAJA,MARCA_TECNICA_REMOVIBLE,I162S2C111J4V2
10,CNED_PUEDE_SUBIR_PRELIMINAR,CNED_PUEDE_SUBIR_PRELIMINAR,REVISAR,REVISAR,AUXILIAR_TECNICA,BAJA,MARCA_TECNICA_REMOVIBLE,I162S2C111J4V2
11,Área del Conocimiento,AREA_DEL_CONOCIMIENTO,REVISAR_AREA_CODIGO_1,REVISAR,DESCONOCIDA,MEDIA,DUDA_METODOLOGICA,I162S2C112J4V1
11,Sub Área,SUB_AREA,REVISAR_SUB_AREA_SIN_FUENTE_DIRECTA,REVISAR,DESCONOCIDA,MEDIA,DUDA_METODOLOGICA,I162S2C112J4V1
11,Carrera Genérica,CARRERA_GENERICA,REVISAR_CARRERA_GENERICA_SIN_FUENTE_DIRECTA,REVISAR,DESCONOCIDA,MEDIA,DUDA_METODOLOGICA,I162S2C112J4V1
11,Grado Académico que otorga el programa,GRADO_ACADEMICO_QUE_OTORGA_EL_PROGRAMA,REVISAR_GRADO_ACADEMICO_SIN_FUENTE_DIRECTA,REVISAR,DESCONOCIDA,MEDIA,DUDA_METODOLOGICA,I162S2C112J4V1
11,Dependencia,DEPENDENCIA,REVISAR_DEPENDENCIA_SIN_FUENTE_DIRECTA,REVISAR,DESCONOCIDA,MEDIA,DUDA_METODOLOGICA,I162S2C112J4V1
11,Régimen,REGIMEN,REVISAR_REGIMEN_CODIGO_2,REVISAR,OFICIAL_PROBABLE,ALTA,CAMPO_PENDIENTE_REAL,I162S2C112J4V1
11,Ingreso Directo,INGRESO_DIRECTO,REVISAR_INGRESO_DIRECTO_CODIGO_REQUISITO_INGRESO_1,REVISAR,DESCONOCIDA,MEDIA,DUDA_METODOLOGICA,I162S2C112J4V1
11,Observaciones,OBSERVACIONES,Crear según matriz PROMEDIOSDEALUMNOS_7804.xlsx / hoja matriz; conciliado contra diccionario oferta 2026; no encontrado en listado existente INDICES por CODIGO_UNICO; campos sin fuente directa quedan con revisión específica.,REVISION,DESCONOCIDA,MEDIA,OBSERVACION_INSTITUCIONAL,I162S2C112J4V1
11,FECHA_ADMISION_INICIAL,FECHA_ADMISION_INICIAL,REVISAR_FECHA_ADMISION_INICIAL_SIN_FUENTE,REVISAR,DESCONOCIDA,MEDIA,DUDA_METODOLOGICA,I162S2C112J4V1
11,MALLA_CURRICULAR,MALLA_CURRICULAR,REVISAR_MALLA_CURRICULAR_SIN_FUENTE,REVISAR,DESCONOCIDA,MEDIA,DUDA_METODOLOGICA,I162S2C112J4V1
11,PERFIL_EGRESO,PERFIL_EGRESO,REVISAR_PERFIL_EGRESO_SIN_FUENTE,REVISAR,DESCONOCIDA,MEDIA,DUDA_METODOLOGICA,I162S2C112J4V1
11,TEXTO_REQUISITO_INGRESO,TEXTO_REQUISITO_INGRESO,REVISAR_TEXTO_REQUISITO_INGRESO_SIN_FUENTE,REVISAR,DESCONOCIDA,MEDIA,DUDA_METODOLOGICA,I162S2C112J4V1
11,LICENCIA_ENS_MEDIA,LICENCIA_ENS_MEDIA,REVISAR_LICENCIA_ENS_MEDIA_SIN_FUENTE,REVISAR,DESCONOCIDA,MEDIA,DUDA_METODOLOGICA,I162S2C112J4V1
11,NOTAS_ENS_MEDIA,NOTAS_ENS_MEDIA,REVISAR_NOTAS_ENS_MEDIA_SIN_FUENTE,REVISAR,DESCONOCIDA,MEDIA,DUDA_METODOLOGICA,I162S2C112J4V1
11,PROMEDIO_MIN_ENS_MEDIA,PROMEDIO_MIN_ENS_MEDIA,REVISAR_PROMEDIO_MIN_ENS_MEDIA_SIN_FUENTE,REVISAR,DESCONOCIDA,MEDIA,DUDA_METODOLOGICA,I162S2C112J4V1
11,RECONOCIMIENTOS_APREN_PREVIOS,RECONOCIMIENTOS_APREN_PREVIOS,REVISAR_RECONOCIMIENTOS_APREN_PREVIOS_SIN_FUENTE,REVISAR,DESCONOCIDA,MEDIA,DUDA_METODOLOGICA,I162S2C112J4V1
11,EXPERIENCIA_LABORAL,EXPERIENCIA_LABORAL,REVISAR_EXPERIENCIA_LABORAL_SIN_FUENTE,REVISAR,DESCONOCIDA,MEDIA,DUDA_METODOLOGICA,I162S2C112J4V1
11,OTROS_REQUISITOS,OTROS_REQUISITOS,REVISAR_OTROS_REQUISITOS_SIN_FUENTE,REVISAR,DESCONOCIDA,MEDIA,DUDA_METODOLOGICA,I162S2C112J4V1
11,MAIL_DIFUSION_CARRERA,MAIL_DIFUSION_CARRERA,REVISAR_MAIL_DIFUSION_CARRERA_SIN_FUENTE,REVISAR,DESCONOCIDA,MEDIA,DUDA_METODOLOGICA,I162S2C112J4V1
11,FORMATO_VALOR,FORMATO_VALOR,REVISAR_FORMATO_VALOR_SIN_FUENTE,REVISAR,DESCONOCIDA,MEDIA,DUDA_METODOLOGICA,I162S2C112J4V1
11,VALOR_MATRICULA_ANUAL,VALOR_MATRICULA_ANUAL,REVISAR_VALOR_MATRICULA_ANUAL_SIN_FUENTE,REVISAR,DESCONOCIDA,MEDIA,DUDA_METODOLOGICA,I162S2C112J4V1
11,COSTO_TITULACION,COSTO_TITULACION,REVISAR_COSTO_TITULACION_SIN_FUENTE,REVISAR,DESCONOCIDA,MEDIA,DUDA_METODOLOGICA,I162S2C112J4V1
11,VALOR_CERTIFICADO_DIPLOMA,VALOR_CERTIFICADO_DIPLOMA,REVISAR_VALOR_CERTIFICADO_DIPLOMA_SIN_FUENTE,REVISAR,DESCONOCIDA,MEDIA,DUDA_METODOLOGICA,I162S2C112J4V1
11,ARANCEL_ANUAL,ARANCEL_ANUAL,REVISAR_ARANCEL_ANUAL_SIN_FUENTE,REVISAR,DESCONOCIDA,MEDIA,DUDA_METODOLOGICA,I162S2C112J4V1
11,VIGENCIA_CARRERA,VIGENCIA_CARRERA,REVISAR_VIGENCIA_CARRERA_SIN_FUENTE_DIRECTA,REVISAR,OFICIAL_PROBABLE,ALTA,CAMPO_PENDIENTE_REAL,I162S2C112J4V1
11,CNED_ESTADO_AUDITORIA,CNED_ESTADO_AUDITORIA,REQUIERE_REVISION,REVISION,AUXILIAR_TECNICA,BAJA,MARCA_TECNICA_REMOVIBLE,I162S2C112J4V1
11,CNED_ALERTAS,CNED_ALERTAS,CONTIENE_MARCAS_TECNICAS_DE_REVISION,REVISION,AUXILIAR_TECNICA,BAJA,MARCA_TECNICA_REMOVIBLE,I162S2C112J4V1
11,CNED_PUEDE_SUBIR_PRELIMINAR,CNED_PUEDE_SUBIR_PRELIMINAR,REVISAR,REVISAR,AUXILIAR_TECNICA,BAJA,MARCA_TECNICA_REMOVIBLE,I162S2C112J4V1
12,Detalle del Tipo de Programa (especiales),DETALLE_DEL_TIPO_DE_PROGRAMA_ESPECIALES,REVISAR_DETALLE_PROGRAMA_ESPECIAL,REVISAR,DESCONOCIDA,MEDIA,DUDA_METODOLOGICA,I162S2C112J4V2
12,Área del Conocimiento,AREA_DEL_CONOCIMIENTO,REVISAR_AREA_CODIGO_1,REVISAR,DESCONOCIDA,MEDIA,DUDA_METODOLOGICA,I162S2C112J4V2
12,Sub Área,SUB_AREA,REVISAR_SUB_AREA_SIN_FUENTE_DIRECTA,REVISAR,DESCONOCIDA,MEDIA,DUDA_METODOLOGICA,I162S2C112J4V2
12,Carrera Genérica,CARRERA_GENERICA,REVISAR_CARRERA_GENERICA_SIN_FUENTE_DIRECTA,REVISAR,DESCONOCIDA,MEDIA,DUDA_METODOLOGICA,I162S2C112J4V2
12,Grado Académico que otorga el programa,GRADO_ACADEMICO_QUE_OTORGA_EL_PROGRAMA,REVISAR_GRADO_ACADEMICO_SIN_FUENTE_DIRECTA,REVISAR,DESCONOCIDA,MEDIA,DUDA_METODOLOGICA,I162S2C112J4V2
12,Dependencia,DEPENDENCIA,REVISAR_DEPENDENCIA_SIN_FUENTE_DIRECTA,REVISAR,DESCONOCIDA,MEDIA,DUDA_METODOLOGICA,I162S2C112J4V2
12,Régimen,REGIMEN,REVISAR_REGIMEN_CODIGO_2,REVISAR,OFICIAL_PROBABLE,ALTA,CAMPO_PENDIENTE_REAL,I162S2C112J4V2
12,Ingreso Directo,INGRESO_DIRECTO,REVISAR_INGRESO_DIRECTO_CODIGO_REQUISITO_INGRESO_2_SEMESTRES_RECONOCIDOS_5,REVISAR,DESCONOCIDA,MEDIA,DUDA_METODOLOGICA,I162S2C112J4V2
12,Otro Tipo de Ingreso,OTRO_TIPO_DE_INGRESO,REVISAR_OTRO_TIPO_INGRESO_CODIGO_REQUISITO_INGRESO_2_SEMESTRES_RECONOCIDOS_5,REVISAR,DESCONOCIDA,MEDIA,DUDA_METODOLOGICA,I162S2C112J4V2
12,Ingreso otro,INGRESO_OTRO,REVISAR_DESCRIPCION_OTRO_INGRESO_SIN_TEXTO_FUENTE,REVISAR,DESCONOCIDA,MEDIA,DUDA_METODOLOGICA,I162S2C112J4V2
12,Observaciones,OBSERVACIONES,Crear según matriz PROMEDIOSDEALUMNOS_7804.xlsx / hoja matriz; conciliado contra diccionario oferta 2026; no encontrado en listado existente INDICES por CODIGO_UNICO; campos sin fuente directa quedan con revisión específica.,REVISION,DESCONOCIDA,MEDIA,OBSERVACION_INSTITUCIONAL,I162S2C112J4V2
12,FECHA_ADMISION_INICIAL,FECHA_ADMISION_INICIAL,REVISAR_FECHA_ADMISION_INICIAL_SIN_FUENTE,REVISAR,DESCONOCIDA,MEDIA,DUDA_METODOLOGICA,I162S2C112J4V2
12,MALLA_CURRICULAR,MALLA_CURRICULAR,REVISAR_MALLA_CURRICULAR_SIN_FUENTE,REVISAR,DESCONOCIDA,MEDIA,DUDA_METODOLOGICA,I162S2C112J4V2
12,PERFIL_EGRESO,PERFIL_EGRESO,REVISAR_PERFIL_EGRESO_SIN_FUENTE,REVISAR,DESCONOCIDA,MEDIA,DUDA_METODOLOGICA,I162S2C112J4V2
12,TEXTO_REQUISITO_INGRESO,TEXTO_REQUISITO_INGRESO,REVISAR_TEXTO_REQUISITO_INGRESO_SIN_FUENTE,REVISAR,DESCONOCIDA,MEDIA,DUDA_METODOLOGICA,I162S2C112J4V2
12,LICENCIA_ENS_MEDIA,LICENCIA_ENS_MEDIA,REVISAR_LICENCIA_ENS_MEDIA_SIN_FUENTE,REVISAR,DESCONOCIDA,MEDIA,DUDA_METODOLOGICA,I162S2C112J4V2
12,NOTAS_ENS_MEDIA,NOTAS_ENS_MEDIA,REVISAR_NOTAS_ENS_MEDIA_SIN_FUENTE,REVISAR,DESCONOCIDA,MEDIA,DUDA_METODOLOGICA,I162S2C112J4V2
12,PROMEDIO_MIN_ENS_MEDIA,PROMEDIO_MIN_ENS_MEDIA,REVISAR_PROMEDIO_MIN_ENS_MEDIA_SIN_FUENTE,REVISAR,DESCONOCIDA,MEDIA,DUDA_METODOLOGICA,I162S2C112J4V2
12,RECONOCIMIENTOS_APREN_PREVIOS,RECONOCIMIENTOS_APREN_PREVIOS,REVISAR_RECONOCIMIENTOS_APREN_PREVIOS_SIN_FUENTE,REVISAR,DESCONOCIDA,MEDIA,DUDA_METODOLOGICA,I162S2C112J4V2
12,EXPERIENCIA_LABORAL,EXPERIENCIA_LABORAL,REVISAR_EXPERIENCIA_LABORAL_SIN_FUENTE,REVISAR,DESCONOCIDA,MEDIA,DUDA_METODOLOGICA,I162S2C112J4V2
12,OTROS_REQUISITOS,OTROS_REQUISITOS,REVISAR_OTROS_REQUISITOS_SIN_FUENTE,REVISAR,DESCONOCIDA,MEDIA,DUDA_METODOLOGICA,I162S2C112J4V2
12,MAIL_DIFUSION_CARRERA,MAIL_DIFUSION_CARRERA,REVISAR_MAIL_DIFUSION_CARRERA_SIN_FUENTE,REVISAR,DESCONOCIDA,MEDIA,DUDA_METODOLOGICA,I162S2C112J4V2
12,FORMATO_VALOR,FORMATO_VALOR,REVISAR_FORMATO_VALOR_SIN_FUENTE,REVISAR,DESCONOCIDA,MEDIA,DUDA_METODOLOGICA,I162S2C112J4V2
12,VALOR_MATRICULA_ANUAL,VALOR_MATRICULA_ANUAL,REVISAR_VALOR_MATRICULA_ANUAL_SIN_FUENTE,REVISAR,DESCONOCIDA,MEDIA,DUDA_METODOLOGICA,I162S2C112J4V2
12,COSTO_TITULACION,COSTO_TITULACION,REVISAR_COSTO_TITULACION_SIN_FUENTE,REVISAR,DESCONOCIDA,MEDIA,DUDA_METODOLOGICA,I162S2C112J4V2
12,VALOR_CERTIFICADO_DIPLOMA,VALOR_CERTIFICADO_DIPLOMA,REVISAR_VALOR_CERTIFICADO_DIPLOMA_SIN_FUENTE,REVISAR,DESCONOCIDA,MEDIA,DUDA_METODOLOGICA,I162S2C112J4V2
12,ARANCEL_ANUAL,ARANCEL_ANUAL,REVISAR_ARANCEL_ANUAL_SIN_FUENTE,REVISAR,DESCONOCIDA,MEDIA,DUDA_METODOLOGICA,I162S2C112J4V2
12,VIGENCIA_CARRERA,VIGENCIA_CARRERA,REVISAR_VIGENCIA_CARRERA_SIN_FUENTE_DIRECTA,REVISAR,OFICIAL_PROBABLE,ALTA,CAMPO_PENDIENTE_REAL,I162S2C112J4V2
12,CNED_ESTADO_AUDITORIA,CNED_ESTADO_AUDITORIA,REQUIERE_REVISION,REVISION,AUXILIAR_TECNICA,BAJA,MARCA_TECNICA_REMOVIBLE,I162S2C112J4V2
12,CNED_ALERTAS,CNED_ALERTAS,CONTIENE_MARCAS_TECNICAS_DE_REVISION,REVISION,AUXILIAR_TECNICA,BAJA,MARCA_TECNICA_REMOVIBLE,I162S2C112J4V2
12,CNED_PUEDE_SUBIR_PRELIMINAR,CNED_PUEDE_SUBIR_PRELIMINAR,REVISAR,REVISAR,AUXILIAR_TECNICA,BAJA,MARCA_TECNICA_REMOVIBLE,I162S2C112J4V2
13,Área del Conocimiento,AREA_DEL_CONOCIMIENTO,REVISAR_AREA_CODIGO_1,REVISAR,DESCONOCIDA,MEDIA,DUDA_METODOLOGICA,I162S2C113J4V1
13,Sub Área,SUB_AREA,REVISAR_SUB_AREA_SIN_FUENTE_DIRECTA,REVISAR,DESCONOCIDA,MEDIA,DUDA_METODOLOGICA,I162S2C113J4V1
13,Carrera Genérica,CARRERA_GENERICA,REVISAR_CARRERA_GENERICA_SIN_FUENTE_DIRECTA,REVISAR,DESCONOCIDA,MEDIA,DUDA_METODOLOGICA,I162S2C113J4V1
13,Grado Académico que otorga el programa,GRADO_ACADEMICO_QUE_OTORGA_EL_PROGRAMA,REVISAR_GRADO_ACADEMICO_SIN_FUENTE_DIRECTA,REVISAR,DESCONOCIDA,MEDIA,DUDA_METODOLOGICA,I162S2C113J4V1
13,Dependencia,DEPENDENCIA,REVISAR_DEPENDENCIA_SIN_FUENTE_DIRECTA,REVISAR,DESCONOCIDA,MEDIA,DUDA_METODOLOGICA,I162S2C113J4V1
13,Régimen,REGIMEN,REVISAR_REGIMEN_CODIGO_2,REVISAR,OFICIAL_PROBABLE,ALTA,CAMPO_PENDIENTE_REAL,I162S2C113J4V1
13,Ingreso Directo,INGRESO_DIRECTO,REVISAR_INGRESO_DIRECTO_CODIGO_REQUISITO_INGRESO_1,REVISAR,DESCONOCIDA,MEDIA,DUDA_METODOLOGICA,I162S2C113J4V1
13,Observaciones,OBSERVACIONES,Crear según matriz PROMEDIOSDEALUMNOS_7804.xlsx / hoja matriz; conciliado contra diccionario oferta 2026; no encontrado en listado existente INDICES por CODIGO_UNICO; campos sin fuente directa quedan con revisión específica.,REVISION,DESCONOCIDA,MEDIA,OBSERVACION_INSTITUCIONAL,I162S2C113J4V1
13,FECHA_ADMISION_INICIAL,FECHA_ADMISION_INICIAL,REVISAR_FECHA_ADMISION_INICIAL_SIN_FUENTE,REVISAR,DESCONOCIDA,MEDIA,DUDA_METODOLOGICA,I162S2C113J4V1
13,MALLA_CURRICULAR,MALLA_CURRICULAR,REVISAR_MALLA_CURRICULAR_SIN_FUENTE,REVISAR,DESCONOCIDA,MEDIA,DUDA_METODOLOGICA,I162S2C113J4V1
13,PERFIL_EGRESO,PERFIL_EGRESO,REVISAR_PERFIL_EGRESO_SIN_FUENTE,REVISAR,DESCONOCIDA,MEDIA,DUDA_METODOLOGICA,I162S2C113J4V1
13,TEXTO_REQUISITO_INGRESO,TEXTO_REQUISITO_INGRESO,REVISAR_TEXTO_REQUISITO_INGRESO_SIN_FUENTE,REVISAR,DESCONOCIDA,MEDIA,DUDA_METODOLOGICA,I162S2C113J4V1
13,LICENCIA_ENS_MEDIA,LICENCIA_ENS_MEDIA,REVISAR_LICENCIA_ENS_MEDIA_SIN_FUENTE,REVISAR,DESCONOCIDA,MEDIA,DUDA_METODOLOGICA,I162S2C113J4V1
13,NOTAS_ENS_MEDIA,NOTAS_ENS_MEDIA,REVISAR_NOTAS_ENS_MEDIA_SIN_FUENTE,REVISAR,DESCONOCIDA,MEDIA,DUDA_METODOLOGICA,I162S2C113J4V1
13,PROMEDIO_MIN_ENS_MEDIA,PROMEDIO_MIN_ENS_MEDIA,REVISAR_PROMEDIO_MIN_ENS_MEDIA_SIN_FUENTE,REVISAR,DESCONOCIDA,MEDIA,DUDA_METODOLOGICA,I162S2C113J4V1
13,RECONOCIMIENTOS_APREN_PREVIOS,RECONOCIMIENTOS_APREN_PREVIOS,REVISAR_RECONOCIMIENTOS_APREN_PREVIOS_SIN_FUENTE,REVISAR,DESCONOCIDA,MEDIA,DUDA_METODOLOGICA,I162S2C113J4V1
13,EXPERIENCIA_LABORAL,EXPERIENCIA_LABORAL,REVISAR_EXPERIENCIA_LABORAL_SIN_FUENTE,REVISAR,DESCONOCIDA,MEDIA,DUDA_METODOLOGICA,I162S2C113J4V1
13,OTROS_REQUISITOS,OTROS_REQUISITOS,REVISAR_OTROS_REQUISITOS_SIN_FUENTE,REVISAR,DESCONOCIDA,MEDIA,DUDA_METODOLOGICA,I162S2C113J4V1
13,MAIL_DIFUSION_CARRERA,MAIL_DIFUSION_CARRERA,REVISAR_MAIL_DIFUSION_CARRERA_SIN_FUENTE,REVISAR,DESCONOCIDA,MEDIA,DUDA_METODOLOGICA,I162S2C113J4V1
13,FORMATO_VALOR,FORMATO_VALOR,REVISAR_FORMATO_VALOR_SIN_FUENTE,REVISAR,DESCONOCIDA,MEDIA,DUDA_METODOLOGICA,I162S2C113J4V1
13,VALOR_MATRICULA_ANUAL,VALOR_MATRICULA_ANUAL,REVISAR_VALOR_MATRICULA_ANUAL_SIN_FUENTE,REVISAR,DESCONOCIDA,MEDIA,DUDA_METODOLOGICA,I162S2C113J4V1
13,COSTO_TITULACION,COSTO_TITULACION,REVISAR_COSTO_TITULACION_SIN_FUENTE,REVISAR,DESCONOCIDA,MEDIA,DUDA_METODOLOGICA,I162S2C113J4V1
13,VALOR_CERTIFICADO_DIPLOMA,VALOR_CERTIFICADO_DIPLOMA,REVISAR_VALOR_CERTIFICADO_DIPLOMA_SIN_FUENTE,REVISAR,DESCONOCIDA,MEDIA,DUDA_METODOLOGICA,I162S2C113J4V1
13,ARANCEL_ANUAL,ARANCEL_ANUAL,REVISAR_ARANCEL_ANUAL_SIN_FUENTE,REVISAR,DESCONOCIDA,MEDIA,DUDA_METODOLOGICA,I162S2C113J4V1
13,VIGENCIA_CARRERA,VIGENCIA_CARRERA,REVISAR_VIGENCIA_CARRERA_SIN_FUENTE_DIRECTA,REVISAR,OFICIAL_PROBABLE,ALTA,CAMPO_PENDIENTE_REAL,I162S2C113J4V1
13,CNED_ESTADO_AUDITORIA,CNED_ESTADO_AUDITORIA,REQUIERE_REVISION,REVISION,AUXILIAR_TECNICA,BAJA,MARCA_TECNICA_REMOVIBLE,I162S2C113J4V1
13,CNED_ALERTAS,CNED_ALERTAS,CONTIENE_MARCAS_TECNICAS_DE_REVISION,REVISION,AUXILIAR_TECNICA,BAJA,MARCA_TECNICA_REMOVIBLE,I162S2C113J4V1
13,CNED_PUEDE_SUBIR_PRELIMINAR,CNED_PUEDE_SUBIR_PRELIMINAR,REVISAR,REVISAR,AUXILIAR_TECNICA,BAJA,MARCA_TECNICA_REMOVIBLE,I162S2C113J4V1
14,Detalle del Tipo de Programa (especiales),DETALLE_DEL_TIPO_DE_PROGRAMA_ESPECIALES,REVISAR_DETALLE_PROGRAMA_ESPECIAL,REVISAR,DESCONOCIDA,MEDIA,DUDA_METODOLOGICA,I162S2C113J4V2
14,Área del Conocimiento,AREA_DEL_CONOCIMIENTO,REVISAR_AREA_CODIGO_1,REVISAR,DESCONOCIDA,MEDIA,DUDA_METODOLOGICA,I162S2C113J4V2
14,Sub Área,SUB_AREA,REVISAR_SUB_AREA_SIN_FUENTE_DIRECTA,REVISAR,DESCONOCIDA,MEDIA,DUDA_METODOLOGICA,I162S2C113J4V2
14,Carrera Genérica,CARRERA_GENERICA,REVISAR_CARRERA_GENERICA_SIN_FUENTE_DIRECTA,REVISAR,DESCONOCIDA,MEDIA,DUDA_METODOLOGICA,I162S2C113J4V2
14,Grado Académico que otorga el programa,GRADO_ACADEMICO_QUE_OTORGA_EL_PROGRAMA,REVISAR_GRADO_ACADEMICO_SIN_FUENTE_DIRECTA,REVISAR,DESCONOCIDA,MEDIA,DUDA_METODOLOGICA,I162S2C113J4V2
14,Dependencia,DEPENDENCIA,REVISAR_DEPENDENCIA_SIN_FUENTE_DIRECTA,REVISAR,DESCONOCIDA,MEDIA,DUDA_METODOLOGICA,I162S2C113J4V2
14,Régimen,REGIMEN,REVISAR_REGIMEN_CODIGO_2,REVISAR,OFICIAL_PROBABLE,ALTA,CAMPO_PENDIENTE_REAL,I162S2C113J4V2
14,Ingreso Directo,INGRESO_DIRECTO,REVISAR_INGRESO_DIRECTO_CODIGO_REQUISITO_INGRESO_2_SEMESTRES_RECONOCIDOS_5,REVISAR,DESCONOCIDA,MEDIA,DUDA_METODOLOGICA,I162S2C113J4V2
14,Otro Tipo de Ingreso,OTRO_TIPO_DE_INGRESO,REVISAR_OTRO_TIPO_INGRESO_CODIGO_REQUISITO_INGRESO_2_SEMESTRES_RECONOCIDOS_5,REVISAR,DESCONOCIDA,MEDIA,DUDA_METODOLOGICA,I162S2C113J4V2
14,Ingreso otro,INGRESO_OTRO,REVISAR_DESCRIPCION_OTRO_INGRESO_SIN_TEXTO_FUENTE,REVISAR,DESCONOCIDA,MEDIA,DUDA_METODOLOGICA,I162S2C113J4V2
14,Observaciones,OBSERVACIONES,Crear según matriz PROMEDIOSDEALUMNOS_7804.xlsx / hoja matriz; conciliado contra diccionario oferta 2026; no encontrado en listado existente INDICES por CODIGO_UNICO; campos sin fuente directa quedan con revisión específica.,REVISION,DESCONOCIDA,MEDIA,OBSERVACION_INSTITUCIONAL,I162S2C113J4V2
14,FECHA_ADMISION_INICIAL,FECHA_ADMISION_INICIAL,REVISAR_FECHA_ADMISION_INICIAL_SIN_FUENTE,REVISAR,DESCONOCIDA,MEDIA,DUDA_METODOLOGICA,I162S2C113J4V2
14,MALLA_CURRICULAR,MALLA_CURRICULAR,REVISAR_MALLA_CURRICULAR_SIN_FUENTE,REVISAR,DESCONOCIDA,MEDIA,DUDA_METODOLOGICA,I162S2C113J4V2
14,PERFIL_EGRESO,PERFIL_EGRESO,REVISAR_PERFIL_EGRESO_SIN_FUENTE,REVISAR,DESCONOCIDA,MEDIA,DUDA_METODOLOGICA,I162S2C113J4V2
14,TEXTO_REQUISITO_INGRESO,TEXTO_REQUISITO_INGRESO,REVISAR_TEXTO_REQUISITO_INGRESO_SIN_FUENTE,REVISAR,DESCONOCIDA,MEDIA,DUDA_METODOLOGICA,I162S2C113J4V2
14,LICENCIA_ENS_MEDIA,LICENCIA_ENS_MEDIA,REVISAR_LICENCIA_ENS_MEDIA_SIN_FUENTE,REVISAR,DESCONOCIDA,MEDIA,DUDA_METODOLOGICA,I162S2C113J4V2
14,NOTAS_ENS_MEDIA,NOTAS_ENS_MEDIA,REVISAR_NOTAS_ENS_MEDIA_SIN_FUENTE,REVISAR,DESCONOCIDA,MEDIA,DUDA_METODOLOGICA,I162S2C113J4V2
14,PROMEDIO_MIN_ENS_MEDIA,PROMEDIO_MIN_ENS_MEDIA,REVISAR_PROMEDIO_MIN_ENS_MEDIA_SIN_FUENTE,REVISAR,DESCONOCIDA,MEDIA,DUDA_METODOLOGICA,I162S2C113J4V2
14,RECONOCIMIENTOS_APREN_PREVIOS,RECONOCIMIENTOS_APREN_PREVIOS,REVISAR_RECONOCIMIENTOS_APREN_PREVIOS_SIN_FUENTE,REVISAR,DESCONOCIDA,MEDIA,DUDA_METODOLOGICA,I162S2C113J4V2
14,EXPERIENCIA_LABORAL,EXPERIENCIA_LABORAL,REVISAR_EXPERIENCIA_LABORAL_SIN_FUENTE,REVISAR,DESCONOCIDA,MEDIA,DUDA_METODOLOGICA,I162S2C113J4V2
14,OTROS_REQUISITOS,OTROS_REQUISITOS,REVISAR_OTROS_REQUISITOS_SIN_FUENTE,REVISAR,DESCONOCIDA,MEDIA,DUDA_METODOLOGICA,I162S2C113J4V2
14,MAIL_DIFUSION_CARRERA,MAIL_DIFUSION_CARRERA,REVISAR_MAIL_DIFUSION_CARRERA_SIN_FUENTE,REVISAR,DESCONOCIDA,MEDIA,DUDA_METODOLOGICA,I162S2C113J4V2
14,FORMATO_VALOR,FORMATO_VALOR,REVISAR_FORMATO_VALOR_SIN_FUENTE,REVISAR,DESCONOCIDA,MEDIA,DUDA_METODOLOGICA,I162S2C113J4V2
14,VALOR_MATRICULA_ANUAL,VALOR_MATRICULA_ANUAL,REVISAR_VALOR_MATRICULA_ANUAL_SIN_FUENTE,REVISAR,DESCONOCIDA,MEDIA,DUDA_METODOLOGICA,I162S2C113J4V2
14,COSTO_TITULACION,COSTO_TITULACION,REVISAR_COSTO_TITULACION_SIN_FUENTE,REVISAR,DESCONOCIDA,MEDIA,DUDA_METODOLOGICA,I162S2C113J4V2
14,VALOR_CERTIFICADO_DIPLOMA,VALOR_CERTIFICADO_DIPLOMA,REVISAR_VALOR_CERTIFICADO_DIPLOMA_SIN_FUENTE,REVISAR,DESCONOCIDA,MEDIA,DUDA_METODOLOGICA,I162S2C113J4V2
14,ARANCEL_ANUAL,ARANCEL_ANUAL,REVISAR_ARANCEL_ANUAL_SIN_FUENTE,REVISAR,DESCONOCIDA,MEDIA,DUDA_METODOLOGICA,I162S2C113J4V2
14,VIGENCIA_CARRERA,VIGENCIA_CARRERA,REVISAR_VIGENCIA_CARRERA_SIN_FUENTE_DIRECTA,REVISAR,OFICIAL_PROBABLE,ALTA,CAMPO_PENDIENTE_REAL,I162S2C113J4V2
14,CNED_ESTADO_AUDITORIA,CNED_ESTADO_AUDITORIA,REQUIERE_REVISION,REVISION,AUXILIAR_TECNICA,BAJA,MARCA_TECNICA_REMOVIBLE,I162S2C113J4V2
14,CNED_ALERTAS,CNED_ALERTAS,CONTIENE_MARCAS_TECNICAS_DE_REVISION,REVISION,AUXILIAR_TECNICA,BAJA,MARCA_TECNICA_REMOVIBLE,I162S2C113J4V2
14,CNED_PUEDE_SUBIR_PRELIMINAR,CNED_PUEDE_SUBIR_PRELIMINAR,REVISAR,REVISAR,AUXILIAR_TECNICA,BAJA,MARCA_TECNICA_REMOVIBLE,I162S2C113J4V2
15,Área del Conocimiento,AREA_DEL_CONOCIMIENTO,REVISAR_AREA_CODIGO_8,REVISAR,DESCONOCIDA,MEDIA,DUDA_METODOLOGICA,I162S2C114J2V1
15,Sub Área,SUB_AREA,REVISAR_SUB_AREA_SIN_FUENTE_DIRECTA,REVISAR,DESCONOCIDA,MEDIA,DUDA_METODOLOGICA,I162S2C114J2V1
15,Carrera Genérica,CARRERA_GENERICA,REVISAR_CARRERA_GENERICA_SIN_FUENTE_DIRECTA,REVISAR,DESCONOCIDA,MEDIA,DUDA_METODOLOGICA,I162S2C114J2V1
15,Grado Académico que otorga el programa,GRADO_ACADEMICO_QUE_OTORGA_EL_PROGRAMA,REVISAR_GRADO_ACADEMICO_SIN_FUENTE_DIRECTA,REVISAR,DESCONOCIDA,MEDIA,DUDA_METODOLOGICA,I162S2C114J2V1
15,Dependencia,DEPENDENCIA,REVISAR_DEPENDENCIA_SIN_FUENTE_DIRECTA,REVISAR,DESCONOCIDA,MEDIA,DUDA_METODOLOGICA,I162S2C114J2V1
15,Régimen,REGIMEN,REVISAR_REGIMEN_CODIGO_2,REVISAR,OFICIAL_PROBABLE,ALTA,CAMPO_PENDIENTE_REAL,I162S2C114J2V1
15,Ingreso Directo,INGRESO_DIRECTO,REVISAR_INGRESO_DIRECTO_CODIGO_REQUISITO_INGRESO_1,REVISAR,DESCONOCIDA,MEDIA,DUDA_METODOLOGICA,I162S2C114J2V1
15,Observaciones,OBSERVACIONES,Crear según matriz PROMEDIOSDEALUMNOS_7804.xlsx / hoja matriz; conciliado contra diccionario oferta 2026; no encontrado en listado existente INDICES por CODIGO_UNICO; campos sin fuente directa quedan con revisión específica.,REVISION,DESCONOCIDA,MEDIA,OBSERVACION_INSTITUCIONAL,I162S2C114J2V1
15,FECHA_ADMISION_INICIAL,FECHA_ADMISION_INICIAL,REVISAR_FECHA_ADMISION_INICIAL_SIN_FUENTE,REVISAR,DESCONOCIDA,MEDIA,DUDA_METODOLOGICA,I162S2C114J2V1
15,MALLA_CURRICULAR,MALLA_CURRICULAR,REVISAR_MALLA_CURRICULAR_SIN_FUENTE,REVISAR,DESCONOCIDA,MEDIA,DUDA_METODOLOGICA,I162S2C114J2V1
15,PERFIL_EGRESO,PERFIL_EGRESO,REVISAR_PERFIL_EGRESO_SIN_FUENTE,REVISAR,DESCONOCIDA,MEDIA,DUDA_METODOLOGICA,I162S2C114J2V1
15,TEXTO_REQUISITO_INGRESO,TEXTO_REQUISITO_INGRESO,REVISAR_TEXTO_REQUISITO_INGRESO_SIN_FUENTE,REVISAR,DESCONOCIDA,MEDIA,DUDA_METODOLOGICA,I162S2C114J2V1
15,LICENCIA_ENS_MEDIA,LICENCIA_ENS_MEDIA,REVISAR_LICENCIA_ENS_MEDIA_SIN_FUENTE,REVISAR,DESCONOCIDA,MEDIA,DUDA_METODOLOGICA,I162S2C114J2V1
15,NOTAS_ENS_MEDIA,NOTAS_ENS_MEDIA,REVISAR_NOTAS_ENS_MEDIA_SIN_FUENTE,REVISAR,DESCONOCIDA,MEDIA,DUDA_METODOLOGICA,I162S2C114J2V1
15,PROMEDIO_MIN_ENS_MEDIA,PROMEDIO_MIN_ENS_MEDIA,REVISAR_PROMEDIO_MIN_ENS_MEDIA_SIN_FUENTE,REVISAR,DESCONOCIDA,MEDIA,DUDA_METODOLOGICA,I162S2C114J2V1
15,RECONOCIMIENTOS_APREN_PREVIOS,RECONOCIMIENTOS_APREN_PREVIOS,REVISAR_RECONOCIMIENTOS_APREN_PREVIOS_SIN_FUENTE,REVISAR,DESCONOCIDA,MEDIA,DUDA_METODOLOGICA,I162S2C114J2V1
15,EXPERIENCIA_LABORAL,EXPERIENCIA_LABORAL,REVISAR_EXPERIENCIA_LABORAL_SIN_FUENTE,REVISAR,DESCONOCIDA,MEDIA,DUDA_METODOLOGICA,I162S2C114J2V1
15,OTROS_REQUISITOS,OTROS_REQUISITOS,REVISAR_OTROS_REQUISITOS_SIN_FUENTE,REVISAR,DESCONOCIDA,MEDIA,DUDA_METODOLOGICA,I162S2C114J2V1
15,MAIL_DIFUSION_CARRERA,MAIL_DIFUSION_CARRERA,REVISAR_MAIL_DIFUSION_CARRERA_SIN_FUENTE,REVISAR,DESCONOCIDA,MEDIA,DUDA_METODOLOGICA,I162S2C114J2V1
15,FORMATO_VALOR,FORMATO_VALOR,REVISAR_FORMATO_VALOR_SIN_FUENTE,REVISAR,DESCONOCIDA,MEDIA,DUDA_METODOLOGICA,I162S2C114J2V1
15,VALOR_MATRICULA_ANUAL,VALOR_MATRICULA_ANUAL,REVISAR_VALOR_MATRICULA_ANUAL_SIN_FUENTE,REVISAR,DESCONOCIDA,MEDIA,DUDA_METODOLOGICA,I162S2C114J2V1
15,COSTO_TITULACION,COSTO_TITULACION,REVISAR_COSTO_TITULACION_SIN_FUENTE,REVISAR,DESCONOCIDA,MEDIA,DUDA_METODOLOGICA,I162S2C114J2V1
15,VALOR_CERTIFICADO_DIPLOMA,VALOR_CERTIFICADO_DIPLOMA,REVISAR_VALOR_CERTIFICADO_DIPLOMA_SIN_FUENTE,REVISAR,DESCONOCIDA,MEDIA,DUDA_METODOLOGICA,I162S2C114J2V1
15,ARANCEL_ANUAL,ARANCEL_ANUAL,REVISAR_ARANCEL_ANUAL_SIN_FUENTE,REVISAR,DESCONOCIDA,MEDIA,DUDA_METODOLOGICA,I162S2C114J2V1
15,VIGENCIA_CARRERA,VIGENCIA_CARRERA,REVISAR_VIGENCIA_CARRERA_SIN_FUENTE_DIRECTA,REVISAR,OFICIAL_PROBABLE,ALTA,CAMPO_PENDIENTE_REAL,I162S2C114J2V1
15,CNED_ESTADO_AUDITORIA,CNED_ESTADO_AUDITORIA,REQUIERE_REVISION,REVISION,AUXILIAR_TECNICA,BAJA,MARCA_TECNICA_REMOVIBLE,I162S2C114J2V1
15,CNED_ALERTAS,CNED_ALERTAS,CONTIENE_MARCAS_TECNICAS_DE_REVISION,REVISION,AUXILIAR_TECNICA,BAJA,MARCA_TECNICA_REMOVIBLE,I162S2C114J2V1
15,CNED_PUEDE_SUBIR_PRELIMINAR,CNED_PUEDE_SUBIR_PRELIMINAR,REVISAR,REVISAR,AUXILIAR_TECNICA,BAJA,MARCA_TECNICA_REMOVIBLE,I162S2C114J2V1
16,Área del Conocimiento,AREA_DEL_CONOCIMIENTO,REVISAR_AREA_CODIGO_8,REVISAR,DESCONOCIDA,MEDIA,DUDA_METODOLOGICA,I162S2C115J2V1
16,Sub Área,SUB_AREA,REVISAR_SUB_AREA_SIN_FUENTE_DIRECTA,REVISAR,DESCONOCIDA,MEDIA,DUDA_METODOLOGICA,I162S2C115J2V1
16,Carrera Genérica,CARRERA_GENERICA,REVISAR_CARRERA_GENERICA_SIN_FUENTE_DIRECTA,REVISAR,DESCONOCIDA,MEDIA,DUDA_METODOLOGICA,I162S2C115J2V1
16,Grado Académico que otorga el programa,GRADO_ACADEMICO_QUE_OTORGA_EL_PROGRAMA,REVISAR_GRADO_ACADEMICO_SIN_FUENTE_DIRECTA,REVISAR,DESCONOCIDA,MEDIA,DUDA_METODOLOGICA,I162S2C115J2V1
16,Dependencia,DEPENDENCIA,REVISAR_DEPENDENCIA_SIN_FUENTE_DIRECTA,REVISAR,DESCONOCIDA,MEDIA,DUDA_METODOLOGICA,I162S2C115J2V1
16,Régimen,REGIMEN,REVISAR_REGIMEN_CODIGO_2,REVISAR,OFICIAL_PROBABLE,ALTA,CAMPO_PENDIENTE_REAL,I162S2C115J2V1
16,Ingreso Directo,INGRESO_DIRECTO,REVISAR_INGRESO_DIRECTO_CODIGO_REQUISITO_INGRESO_1,REVISAR,DESCONOCIDA,MEDIA,DUDA_METODOLOGICA,I162S2C115J2V1
16,Observaciones,OBSERVACIONES,Crear según matriz PROMEDIOSDEALUMNOS_7804.xlsx / hoja matriz; conciliado contra diccionario oferta 2026; no encontrado en listado existente INDICES por CODIGO_UNICO; campos sin fuente directa quedan con revisión específica.,REVISION,DESCONOCIDA,MEDIA,OBSERVACION_INSTITUCIONAL,I162S2C115J2V1
16,FECHA_ADMISION_INICIAL,FECHA_ADMISION_INICIAL,REVISAR_FECHA_ADMISION_INICIAL_SIN_FUENTE,REVISAR,DESCONOCIDA,MEDIA,DUDA_METODOLOGICA,I162S2C115J2V1
16,MALLA_CURRICULAR,MALLA_CURRICULAR,REVISAR_MALLA_CURRICULAR_SIN_FUENTE,REVISAR,DESCONOCIDA,MEDIA,DUDA_METODOLOGICA,I162S2C115J2V1
16,PERFIL_EGRESO,PERFIL_EGRESO,REVISAR_PERFIL_EGRESO_SIN_FUENTE,REVISAR,DESCONOCIDA,MEDIA,DUDA_METODOLOGICA,I162S2C115J2V1
16,TEXTO_REQUISITO_INGRESO,TEXTO_REQUISITO_INGRESO,REVISAR_TEXTO_REQUISITO_INGRESO_SIN_FUENTE,REVISAR,DESCONOCIDA,MEDIA,DUDA_METODOLOGICA,I162S2C115J2V1
16,LICENCIA_ENS_MEDIA,LICENCIA_ENS_MEDIA,REVISAR_LICENCIA_ENS_MEDIA_SIN_FUENTE,REVISAR,DESCONOCIDA,MEDIA,DUDA_METODOLOGICA,I162S2C115J2V1
16,NOTAS_ENS_MEDIA,NOTAS_ENS_MEDIA,REVISAR_NOTAS_ENS_MEDIA_SIN_FUENTE,REVISAR,DESCONOCIDA,MEDIA,DUDA_METODOLOGICA,I162S2C115J2V1
16,PROMEDIO_MIN_ENS_MEDIA,PROMEDIO_MIN_ENS_MEDIA,REVISAR_PROMEDIO_MIN_ENS_MEDIA_SIN_FUENTE,REVISAR,DESCONOCIDA,MEDIA,DUDA_METODOLOGICA,I162S2C115J2V1
16,RECONOCIMIENTOS_APREN_PREVIOS,RECONOCIMIENTOS_APREN_PREVIOS,REVISAR_RECONOCIMIENTOS_APREN_PREVIOS_SIN_FUENTE,REVISAR,DESCONOCIDA,MEDIA,DUDA_METODOLOGICA,I162S2C115J2V1
16,EXPERIENCIA_LABORAL,EXPERIENCIA_LABORAL,REVISAR_EXPERIENCIA_LABORAL_SIN_FUENTE,REVISAR,DESCONOCIDA,MEDIA,DUDA_METODOLOGICA,I162S2C115J2V1
16,OTROS_REQUISITOS,OTROS_REQUISITOS,REVISAR_OTROS_REQUISITOS_SIN_FUENTE,REVISAR,DESCONOCIDA,MEDIA,DUDA_METODOLOGICA,I162S2C115J2V1
16,MAIL_DIFUSION_CARRERA,MAIL_DIFUSION_CARRERA,REVISAR_MAIL_DIFUSION_CARRERA_SIN_FUENTE,REVISAR,DESCONOCIDA,MEDIA,DUDA_METODOLOGICA,I162S2C115J2V1
16,FORMATO_VALOR,FORMATO_VALOR,REVISAR_FORMATO_VALOR_SIN_FUENTE,REVISAR,DESCONOCIDA,MEDIA,DUDA_METODOLOGICA,I162S2C115J2V1
16,VALOR_MATRICULA_ANUAL,VALOR_MATRICULA_ANUAL,REVISAR_VALOR_MATRICULA_ANUAL_SIN_FUENTE,REVISAR,DESCONOCIDA,MEDIA,DUDA_METODOLOGICA,I162S2C115J2V1
16,COSTO_TITULACION,COSTO_TITULACION,REVISAR_COSTO_TITULACION_SIN_FUENTE,REVISAR,DESCONOCIDA,MEDIA,DUDA_METODOLOGICA,I162S2C115J2V1
16,VALOR_CERTIFICADO_DIPLOMA,VALOR_CERTIFICADO_DIPLOMA,REVISAR_VALOR_CERTIFICADO_DIPLOMA_SIN_FUENTE,REVISAR,DESCONOCIDA,MEDIA,DUDA_METODOLOGICA,I162S2C115J2V1
16,ARANCEL_ANUAL,ARANCEL_ANUAL,REVISAR_ARANCEL_ANUAL_SIN_FUENTE,REVISAR,DESCONOCIDA,MEDIA,DUDA_METODOLOGICA,I162S2C115J2V1
16,VIGENCIA_CARRERA,VIGENCIA_CARRERA,REVISAR_VIGENCIA_CARRERA_SIN_FUENTE_DIRECTA,REVISAR,OFICIAL_PROBABLE,ALTA,CAMPO_PENDIENTE_REAL,I162S2C115J2V1
16,CNED_ESTADO_AUDITORIA,CNED_ESTADO_AUDITORIA,REQUIERE_REVISION,REVISION,AUXILIAR_TECNICA,BAJA,MARCA_TECNICA_REMOVIBLE,I162S2C115J2V1
16,CNED_ALERTAS,CNED_ALERTAS,CONTIENE_MARCAS_TECNICAS_DE_REVISION,REVISION,AUXILIAR_TECNICA,BAJA,MARCA_TECNICA_REMOVIBLE,I162S2C115J2V1
16,CNED_PUEDE_SUBIR_PRELIMINAR,CNED_PUEDE_SUBIR_PRELIMINAR,REVISAR,REVISAR,AUXILIAR_TECNICA,BAJA,MARCA_TECNICA_REMOVIBLE,I162S2C115J2V1
17,Área del Conocimiento,AREA_DEL_CONOCIMIENTO,REVISAR_AREA_CODIGO_1,REVISAR,DESCONOCIDA,MEDIA,DUDA_METODOLOGICA,I162S2C116J4V1
17,Sub Área,SUB_AREA,REVISAR_SUB_AREA_SIN_FUENTE_DIRECTA,REVISAR,DESCONOCIDA,MEDIA,DUDA_METODOLOGICA,I162S2C116J4V1
17,Carrera Genérica,CARRERA_GENERICA,REVISAR_CARRERA_GENERICA_SIN_FUENTE_DIRECTA,REVISAR,DESCONOCIDA,MEDIA,DUDA_METODOLOGICA,I162S2C116J4V1
17,Grado Académico que otorga el programa,GRADO_ACADEMICO_QUE_OTORGA_EL_PROGRAMA,REVISAR_GRADO_ACADEMICO_SIN_FUENTE_DIRECTA,REVISAR,DESCONOCIDA,MEDIA,DUDA_METODOLOGICA,I162S2C116J4V1
17,Dependencia,DEPENDENCIA,REVISAR_DEPENDENCIA_SIN_FUENTE_DIRECTA,REVISAR,DESCONOCIDA,MEDIA,DUDA_METODOLOGICA,I162S2C116J4V1
17,Régimen,REGIMEN,REVISAR_REGIMEN_CODIGO_2,REVISAR,OFICIAL_PROBABLE,ALTA,CAMPO_PENDIENTE_REAL,I162S2C116J4V1
17,Ingreso Directo,INGRESO_DIRECTO,REVISAR_INGRESO_DIRECTO_CODIGO_REQUISITO_INGRESO_1,REVISAR,DESCONOCIDA,MEDIA,DUDA_METODOLOGICA,I162S2C116J4V1
17,Observaciones,OBSERVACIONES,Crear según matriz PROMEDIOSDEALUMNOS_7804.xlsx / hoja matriz; conciliado contra diccionario oferta 2026; no encontrado en listado existente INDICES por CODIGO_UNICO; campos sin fuente directa quedan con revisión específica.,REVISION,DESCONOCIDA,MEDIA,OBSERVACION_INSTITUCIONAL,I162S2C116J4V1
17,FECHA_ADMISION_INICIAL,FECHA_ADMISION_INICIAL,REVISAR_FECHA_ADMISION_INICIAL_SIN_FUENTE,REVISAR,DESCONOCIDA,MEDIA,DUDA_METODOLOGICA,I162S2C116J4V1
17,MALLA_CURRICULAR,MALLA_CURRICULAR,REVISAR_MALLA_CURRICULAR_SIN_FUENTE,REVISAR,DESCONOCIDA,MEDIA,DUDA_METODOLOGICA,I162S2C116J4V1
17,PERFIL_EGRESO,PERFIL_EGRESO,REVISAR_PERFIL_EGRESO_SIN_FUENTE,REVISAR,DESCONOCIDA,MEDIA,DUDA_METODOLOGICA,I162S2C116J4V1
17,TEXTO_REQUISITO_INGRESO,TEXTO_REQUISITO_INGRESO,REVISAR_TEXTO_REQUISITO_INGRESO_SIN_FUENTE,REVISAR,DESCONOCIDA,MEDIA,DUDA_METODOLOGICA,I162S2C116J4V1
17,LICENCIA_ENS_MEDIA,LICENCIA_ENS_MEDIA,REVISAR_LICENCIA_ENS_MEDIA_SIN_FUENTE,REVISAR,DESCONOCIDA,MEDIA,DUDA_METODOLOGICA,I162S2C116J4V1
17,NOTAS_ENS_MEDIA,NOTAS_ENS_MEDIA,REVISAR_NOTAS_ENS_MEDIA_SIN_FUENTE,REVISAR,DESCONOCIDA,MEDIA,DUDA_METODOLOGICA,I162S2C116J4V1
17,PROMEDIO_MIN_ENS_MEDIA,PROMEDIO_MIN_ENS_MEDIA,REVISAR_PROMEDIO_MIN_ENS_MEDIA_SIN_FUENTE,REVISAR,DESCONOCIDA,MEDIA,DUDA_METODOLOGICA,I162S2C116J4V1
17,RECONOCIMIENTOS_APREN_PREVIOS,RECONOCIMIENTOS_APREN_PREVIOS,REVISAR_RECONOCIMIENTOS_APREN_PREVIOS_SIN_FUENTE,REVISAR,DESCONOCIDA,MEDIA,DUDA_METODOLOGICA,I162S2C116J4V1
17,EXPERIENCIA_LABORAL,EXPERIENCIA_LABORAL,REVISAR_EXPERIENCIA_LABORAL_SIN_FUENTE,REVISAR,DESCONOCIDA,MEDIA,DUDA_METODOLOGICA,I162S2C116J4V1
17,OTROS_REQUISITOS,OTROS_REQUISITOS,REVISAR_OTROS_REQUISITOS_SIN_FUENTE,REVISAR,DESCONOCIDA,MEDIA,DUDA_METODOLOGICA,I162S2C116J4V1
17,MAIL_DIFUSION_CARRERA,MAIL_DIFUSION_CARRERA,REVISAR_MAIL_DIFUSION_CARRERA_SIN_FUENTE,REVISAR,DESCONOCIDA,MEDIA,DUDA_METODOLOGICA,I162S2C116J4V1
17,FORMATO_VALOR,FORMATO_VALOR,REVISAR_FORMATO_VALOR_SIN_FUENTE,REVISAR,DESCONOCIDA,MEDIA,DUDA_METODOLOGICA,I162S2C116J4V1
17,VALOR_MATRICULA_ANUAL,VALOR_MATRICULA_ANUAL,REVISAR_VALOR_MATRICULA_ANUAL_SIN_FUENTE,REVISAR,DESCONOCIDA,MEDIA,DUDA_METODOLOGICA,I162S2C116J4V1
17,COSTO_TITULACION,COSTO_TITULACION,REVISAR_COSTO_TITULACION_SIN_FUENTE,REVISAR,DESCONOCIDA,MEDIA,DUDA_METODOLOGICA,I162S2C116J4V1
17,VALOR_CERTIFICADO_DIPLOMA,VALOR_CERTIFICADO_DIPLOMA,REVISAR_VALOR_CERTIFICADO_DIPLOMA_SIN_FUENTE,REVISAR,DESCONOCIDA,MEDIA,DUDA_METODOLOGICA,I162S2C116J4V1
17,ARANCEL_ANUAL,ARANCEL_ANUAL,REVISAR_ARANCEL_ANUAL_SIN_FUENTE,REVISAR,DESCONOCIDA,MEDIA,DUDA_METODOLOGICA,I162S2C116J4V1
17,VIGENCIA_CARRERA,VIGENCIA_CARRERA,REVISAR_VIGENCIA_CARRERA_SIN_FUENTE_DIRECTA,REVISAR,OFICIAL_PROBABLE,ALTA,CAMPO_PENDIENTE_REAL,I162S2C116J4V1
17,CNED_ESTADO_AUDITORIA,CNED_ESTADO_AUDITORIA,REQUIERE_REVISION,REVISION,AUXILIAR_TECNICA,BAJA,MARCA_TECNICA_REMOVIBLE,I162S2C116J4V1
17,CNED_ALERTAS,CNED_ALERTAS,CONTIENE_MARCAS_TECNICAS_DE_REVISION,REVISION,AUXILIAR_TECNICA,BAJA,MARCA_TECNICA_REMOVIBLE,I162S2C116J4V1
17,CNED_PUEDE_SUBIR_PRELIMINAR,CNED_PUEDE_SUBIR_PRELIMINAR,REVISAR,REVISAR,AUXILIAR_TECNICA,BAJA,MARCA_TECNICA_REMOVIBLE,I162S2C116J4V1
18,Área del Conocimiento,AREA_DEL_CONOCIMIENTO,REVISAR_AREA_CODIGO_10,REVISAR,DESCONOCIDA,MEDIA,DUDA_METODOLOGICA,I162S2C117J4V1
18,Sub Área,SUB_AREA,REVISAR_SUB_AREA_SIN_FUENTE_DIRECTA,REVISAR,DESCONOCIDA,MEDIA,DUDA_METODOLOGICA,I162S2C117J4V1
18,Carrera Genérica,CARRERA_GENERICA,REVISAR_CARRERA_GENERICA_SIN_FUENTE_DIRECTA,REVISAR,DESCONOCIDA,MEDIA,DUDA_METODOLOGICA,I162S2C117J4V1
18,Grado Académico que otorga el programa,GRADO_ACADEMICO_QUE_OTORGA_EL_PROGRAMA,REVISAR_GRADO_ACADEMICO_SIN_FUENTE_DIRECTA,REVISAR,DESCONOCIDA,MEDIA,DUDA_METODOLOGICA,I162S2C117J4V1
18,Dependencia,DEPENDENCIA,REVISAR_DEPENDENCIA_SIN_FUENTE_DIRECTA,REVISAR,DESCONOCIDA,MEDIA,DUDA_METODOLOGICA,I162S2C117J4V1
18,Régimen,REGIMEN,REVISAR_REGIMEN_CODIGO_2,REVISAR,OFICIAL_PROBABLE,ALTA,CAMPO_PENDIENTE_REAL,I162S2C117J4V1
18,Ingreso Directo,INGRESO_DIRECTO,REVISAR_INGRESO_DIRECTO_CODIGO_REQUISITO_INGRESO_1,REVISAR,DESCONOCIDA,MEDIA,DUDA_METODOLOGICA,I162S2C117J4V1
18,Observaciones,OBSERVACIONES,Crear según matriz PROMEDIOSDEALUMNOS_7804.xlsx / hoja matriz; conciliado contra diccionario oferta 2026; no encontrado en listado existente INDICES por CODIGO_UNICO; campos sin fuente directa quedan con revisión específica.,REVISION,DESCONOCIDA,MEDIA,OBSERVACION_INSTITUCIONAL,I162S2C117J4V1
18,FECHA_ADMISION_INICIAL,FECHA_ADMISION_INICIAL,REVISAR_FECHA_ADMISION_INICIAL_SIN_FUENTE,REVISAR,DESCONOCIDA,MEDIA,DUDA_METODOLOGICA,I162S2C117J4V1
18,MALLA_CURRICULAR,MALLA_CURRICULAR,REVISAR_MALLA_CURRICULAR_SIN_FUENTE,REVISAR,DESCONOCIDA,MEDIA,DUDA_METODOLOGICA,I162S2C117J4V1
18,PERFIL_EGRESO,PERFIL_EGRESO,REVISAR_PERFIL_EGRESO_SIN_FUENTE,REVISAR,DESCONOCIDA,MEDIA,DUDA_METODOLOGICA,I162S2C117J4V1
18,TEXTO_REQUISITO_INGRESO,TEXTO_REQUISITO_INGRESO,REVISAR_TEXTO_REQUISITO_INGRESO_SIN_FUENTE,REVISAR,DESCONOCIDA,MEDIA,DUDA_METODOLOGICA,I162S2C117J4V1
18,LICENCIA_ENS_MEDIA,LICENCIA_ENS_MEDIA,REVISAR_LICENCIA_ENS_MEDIA_SIN_FUENTE,REVISAR,DESCONOCIDA,MEDIA,DUDA_METODOLOGICA,I162S2C117J4V1
18,NOTAS_ENS_MEDIA,NOTAS_ENS_MEDIA,REVISAR_NOTAS_ENS_MEDIA_SIN_FUENTE,REVISAR,DESCONOCIDA,MEDIA,DUDA_METODOLOGICA,I162S2C117J4V1
18,PROMEDIO_MIN_ENS_MEDIA,PROMEDIO_MIN_ENS_MEDIA,REVISAR_PROMEDIO_MIN_ENS_MEDIA_SIN_FUENTE,REVISAR,DESCONOCIDA,MEDIA,DUDA_METODOLOGICA,I162S2C117J4V1
18,RECONOCIMIENTOS_APREN_PREVIOS,RECONOCIMIENTOS_APREN_PREVIOS,REVISAR_RECONOCIMIENTOS_APREN_PREVIOS_SIN_FUENTE,REVISAR,DESCONOCIDA,MEDIA,DUDA_METODOLOGICA,I162S2C117J4V1
18,EXPERIENCIA_LABORAL,EXPERIENCIA_LABORAL,REVISAR_EXPERIENCIA_LABORAL_SIN_FUENTE,REVISAR,DESCONOCIDA,MEDIA,DUDA_METODOLOGICA,I162S2C117J4V1
18,OTROS_REQUISITOS,OTROS_REQUISITOS,REVISAR_OTROS_REQUISITOS_SIN_FUENTE,REVISAR,DESCONOCIDA,MEDIA,DUDA_METODOLOGICA,I162S2C117J4V1
18,MAIL_DIFUSION_CARRERA,MAIL_DIFUSION_CARRERA,REVISAR_MAIL_DIFUSION_CARRERA_SIN_FUENTE,REVISAR,DESCONOCIDA,MEDIA,DUDA_METODOLOGICA,I162S2C117J4V1
18,FORMATO_VALOR,FORMATO_VALOR,REVISAR_FORMATO_VALOR_SIN_FUENTE,REVISAR,DESCONOCIDA,MEDIA,DUDA_METODOLOGICA,I162S2C117J4V1
18,VALOR_MATRICULA_ANUAL,VALOR_MATRICULA_ANUAL,REVISAR_VALOR_MATRICULA_ANUAL_SIN_FUENTE,REVISAR,DESCONOCIDA,MEDIA,DUDA_METODOLOGICA,I162S2C117J4V1
18,COSTO_TITULACION,COSTO_TITULACION,REVISAR_COSTO_TITULACION_SIN_FUENTE,REVISAR,DESCONOCIDA,MEDIA,DUDA_METODOLOGICA,I162S2C117J4V1
18,VALOR_CERTIFICADO_DIPLOMA,VALOR_CERTIFICADO_DIPLOMA,REVISAR_VALOR_CERTIFICADO_DIPLOMA_SIN_FUENTE,REVISAR,DESCONOCIDA,MEDIA,DUDA_METODOLOGICA,I162S2C117J4V1
18,ARANCEL_ANUAL,ARANCEL_ANUAL,REVISAR_ARANCEL_ANUAL_SIN_FUENTE,REVISAR,DESCONOCIDA,MEDIA,DUDA_METODOLOGICA,I162S2C117J4V1
18,VIGENCIA_CARRERA,VIGENCIA_CARRERA,REVISAR_VIGENCIA_CARRERA_SIN_FUENTE_DIRECTA,REVISAR,OFICIAL_PROBABLE,ALTA,CAMPO_PENDIENTE_REAL,I162S2C117J4V1
18,CNED_ESTADO_AUDITORIA,CNED_ESTADO_AUDITORIA,REQUIERE_REVISION,REVISION,AUXILIAR_TECNICA,BAJA,MARCA_TECNICA_REMOVIBLE,I162S2C117J4V1
18,CNED_ALERTAS,CNED_ALERTAS,CONTIENE_MARCAS_TECNICAS_DE_REVISION,REVISION,AUXILIAR_TECNICA,BAJA,MARCA_TECNICA_REMOVIBLE,I162S2C117J4V1
18,CNED_PUEDE_SUBIR_PRELIMINAR,CNED_PUEDE_SUBIR_PRELIMINAR,REVISAR,REVISAR,AUXILIAR_TECNICA,BAJA,MARCA_TECNICA_REMOVIBLE,I162S2C117J4V1
19,Área del Conocimiento,AREA_DEL_CONOCIMIENTO,REVISAR_AREA_CODIGO_1,REVISAR,DESCONOCIDA,MEDIA,DUDA_METODOLOGICA,I162S2C118J4V1
19,Sub Área,SUB_AREA,REVISAR_SUB_AREA_SIN_FUENTE_DIRECTA,REVISAR,DESCONOCIDA,MEDIA,DUDA_METODOLOGICA,I162S2C118J4V1
19,Carrera Genérica,CARRERA_GENERICA,REVISAR_CARRERA_GENERICA_SIN_FUENTE_DIRECTA,REVISAR,DESCONOCIDA,MEDIA,DUDA_METODOLOGICA,I162S2C118J4V1
19,Grado Académico que otorga el programa,GRADO_ACADEMICO_QUE_OTORGA_EL_PROGRAMA,REVISAR_GRADO_ACADEMICO_SIN_FUENTE_DIRECTA,REVISAR,DESCONOCIDA,MEDIA,DUDA_METODOLOGICA,I162S2C118J4V1
19,Dependencia,DEPENDENCIA,REVISAR_DEPENDENCIA_SIN_FUENTE_DIRECTA,REVISAR,DESCONOCIDA,MEDIA,DUDA_METODOLOGICA,I162S2C118J4V1
19,Régimen,REGIMEN,REVISAR_REGIMEN_CODIGO_2,REVISAR,OFICIAL_PROBABLE,ALTA,CAMPO_PENDIENTE_REAL,I162S2C118J4V1
19,Ingreso Directo,INGRESO_DIRECTO,REVISAR_INGRESO_DIRECTO_CODIGO_REQUISITO_INGRESO_1,REVISAR,DESCONOCIDA,MEDIA,DUDA_METODOLOGICA,I162S2C118J4V1
19,Observaciones,OBSERVACIONES,Crear según matriz PROMEDIOSDEALUMNOS_7804.xlsx / hoja matriz; conciliado contra diccionario oferta 2026; no encontrado en listado existente INDICES por CODIGO_UNICO; campos sin fuente directa quedan con revisión específica.,REVISION,DESCONOCIDA,MEDIA,OBSERVACION_INSTITUCIONAL,I162S2C118J4V1
19,FECHA_ADMISION_INICIAL,FECHA_ADMISION_INICIAL,REVISAR_FECHA_ADMISION_INICIAL_SIN_FUENTE,REVISAR,DESCONOCIDA,MEDIA,DUDA_METODOLOGICA,I162S2C118J4V1
19,MALLA_CURRICULAR,MALLA_CURRICULAR,REVISAR_MALLA_CURRICULAR_SIN_FUENTE,REVISAR,DESCONOCIDA,MEDIA,DUDA_METODOLOGICA,I162S2C118J4V1
19,PERFIL_EGRESO,PERFIL_EGRESO,REVISAR_PERFIL_EGRESO_SIN_FUENTE,REVISAR,DESCONOCIDA,MEDIA,DUDA_METODOLOGICA,I162S2C118J4V1
19,TEXTO_REQUISITO_INGRESO,TEXTO_REQUISITO_INGRESO,REVISAR_TEXTO_REQUISITO_INGRESO_SIN_FUENTE,REVISAR,DESCONOCIDA,MEDIA,DUDA_METODOLOGICA,I162S2C118J4V1
19,LICENCIA_ENS_MEDIA,LICENCIA_ENS_MEDIA,REVISAR_LICENCIA_ENS_MEDIA_SIN_FUENTE,REVISAR,DESCONOCIDA,MEDIA,DUDA_METODOLOGICA,I162S2C118J4V1
19,NOTAS_ENS_MEDIA,NOTAS_ENS_MEDIA,REVISAR_NOTAS_ENS_MEDIA_SIN_FUENTE,REVISAR,DESCONOCIDA,MEDIA,DUDA_METODOLOGICA,I162S2C118J4V1
19,PROMEDIO_MIN_ENS_MEDIA,PROMEDIO_MIN_ENS_MEDIA,REVISAR_PROMEDIO_MIN_ENS_MEDIA_SIN_FUENTE,REVISAR,DESCONOCIDA,MEDIA,DUDA_METODOLOGICA,I162S2C118J4V1
19,RECONOCIMIENTOS_APREN_PREVIOS,RECONOCIMIENTOS_APREN_PREVIOS,REVISAR_RECONOCIMIENTOS_APREN_PREVIOS_SIN_FUENTE,REVISAR,DESCONOCIDA,MEDIA,DUDA_METODOLOGICA,I162S2C118J4V1
19,EXPERIENCIA_LABORAL,EXPERIENCIA_LABORAL,REVISAR_EXPERIENCIA_LABORAL_SIN_FUENTE,REVISAR,DESCONOCIDA,MEDIA,DUDA_METODOLOGICA,I162S2C118J4V1
19,OTROS_REQUISITOS,OTROS_REQUISITOS,REVISAR_OTROS_REQUISITOS_SIN_FUENTE,REVISAR,DESCONOCIDA,MEDIA,DUDA_METODOLOGICA,I162S2C118J4V1
19,MAIL_DIFUSION_CARRERA,MAIL_DIFUSION_CARRERA,REVISAR_MAIL_DIFUSION_CARRERA_SIN_FUENTE,REVISAR,DESCONOCIDA,MEDIA,DUDA_METODOLOGICA,I162S2C118J4V1
19,FORMATO_VALOR,FORMATO_VALOR,REVISAR_FORMATO_VALOR_SIN_FUENTE,REVISAR,DESCONOCIDA,MEDIA,DUDA_METODOLOGICA,I162S2C118J4V1
19,VALOR_MATRICULA_ANUAL,VALOR_MATRICULA_ANUAL,REVISAR_VALOR_MATRICULA_ANUAL_SIN_FUENTE,REVISAR,DESCONOCIDA,MEDIA,DUDA_METODOLOGICA,I162S2C118J4V1
19,COSTO_TITULACION,COSTO_TITULACION,REVISAR_COSTO_TITULACION_SIN_FUENTE,REVISAR,DESCONOCIDA,MEDIA,DUDA_METODOLOGICA,I162S2C118J4V1
19,VALOR_CERTIFICADO_DIPLOMA,VALOR_CERTIFICADO_DIPLOMA,REVISAR_VALOR_CERTIFICADO_DIPLOMA_SIN_FUENTE,REVISAR,DESCONOCIDA,MEDIA,DUDA_METODOLOGICA,I162S2C118J4V1
19,ARANCEL_ANUAL,ARANCEL_ANUAL,REVISAR_ARANCEL_ANUAL_SIN_FUENTE,REVISAR,DESCONOCIDA,MEDIA,DUDA_METODOLOGICA,I162S2C118J4V1
19,VIGENCIA_CARRERA,VIGENCIA_CARRERA,REVISAR_VIGENCIA_CARRERA_SIN_FUENTE_DIRECTA,REVISAR,OFICIAL_PROBABLE,ALTA,CAMPO_PENDIENTE_REAL,I162S2C118J4V1
19,CNED_ESTADO_AUDITORIA,CNED_ESTADO_AUDITORIA,REQUIERE_REVISION,REVISION,AUXILIAR_TECNICA,BAJA,MARCA_TECNICA_REMOVIBLE,I162S2C118J4V1
19,CNED_ALERTAS,CNED_ALERTAS,CONTIENE_MARCAS_TECNICAS_DE_REVISION,REVISION,AUXILIAR_TECNICA,BAJA,MARCA_TECNICA_REMOVIBLE,I162S2C118J4V1
19,CNED_PUEDE_SUBIR_PRELIMINAR,CNED_PUEDE_SUBIR_PRELIMINAR,REVISAR,REVISAR,AUXILIAR_TECNICA,BAJA,MARCA_TECNICA_REMOVIBLE,I162S2C118J4V1
20,Área del Conocimiento,AREA_DEL_CONOCIMIENTO,REVISAR_AREA_CODIGO_1,REVISAR,DESCONOCIDA,MEDIA,DUDA_METODOLOGICA,I162S2C119J4V1
20,Sub Área,SUB_AREA,REVISAR_SUB_AREA_SIN_FUENTE_DIRECTA,REVISAR,DESCONOCIDA,MEDIA,DUDA_METODOLOGICA,I162S2C119J4V1
20,Carrera Genérica,CARRERA_GENERICA,REVISAR_CARRERA_GENERICA_SIN_FUENTE_DIRECTA,REVISAR,DESCONOCIDA,MEDIA,DUDA_METODOLOGICA,I162S2C119J4V1
20,Grado Académico que otorga el programa,GRADO_ACADEMICO_QUE_OTORGA_EL_PROGRAMA,REVISAR_GRADO_ACADEMICO_SIN_FUENTE_DIRECTA,REVISAR,DESCONOCIDA,MEDIA,DUDA_METODOLOGICA,I162S2C119J4V1
20,Dependencia,DEPENDENCIA,REVISAR_DEPENDENCIA_SIN_FUENTE_DIRECTA,REVISAR,DESCONOCIDA,MEDIA,DUDA_METODOLOGICA,I162S2C119J4V1
20,Régimen,REGIMEN,REVISAR_REGIMEN_CODIGO_2,REVISAR,OFICIAL_PROBABLE,ALTA,CAMPO_PENDIENTE_REAL,I162S2C119J4V1
20,Ingreso Directo,INGRESO_DIRECTO,REVISAR_INGRESO_DIRECTO_CODIGO_REQUISITO_INGRESO_1,REVISAR,DESCONOCIDA,MEDIA,DUDA_METODOLOGICA,I162S2C119J4V1
20,Observaciones,OBSERVACIONES,Crear según matriz PROMEDIOSDEALUMNOS_7804.xlsx / hoja matriz; conciliado contra diccionario oferta 2026; no encontrado en listado existente INDICES por CODIGO_UNICO; campos sin fuente directa quedan con revisión específica.,REVISION,DESCONOCIDA,MEDIA,OBSERVACION_INSTITUCIONAL,I162S2C119J4V1
20,FECHA_ADMISION_INICIAL,FECHA_ADMISION_INICIAL,REVISAR_FECHA_ADMISION_INICIAL_SIN_FUENTE,REVISAR,DESCONOCIDA,MEDIA,DUDA_METODOLOGICA,I162S2C119J4V1
20,MALLA_CURRICULAR,MALLA_CURRICULAR,REVISAR_MALLA_CURRICULAR_SIN_FUENTE,REVISAR,DESCONOCIDA,MEDIA,DUDA_METODOLOGICA,I162S2C119J4V1
20,PERFIL_EGRESO,PERFIL_EGRESO,REVISAR_PERFIL_EGRESO_SIN_FUENTE,REVISAR,DESCONOCIDA,MEDIA,DUDA_METODOLOGICA,I162S2C119J4V1
20,TEXTO_REQUISITO_INGRESO,TEXTO_REQUISITO_INGRESO,REVISAR_TEXTO_REQUISITO_INGRESO_SIN_FUENTE,REVISAR,DESCONOCIDA,MEDIA,DUDA_METODOLOGICA,I162S2C119J4V1
20,LICENCIA_ENS_MEDIA,LICENCIA_ENS_MEDIA,REVISAR_LICENCIA_ENS_MEDIA_SIN_FUENTE,REVISAR,DESCONOCIDA,MEDIA,DUDA_METODOLOGICA,I162S2C119J4V1
20,NOTAS_ENS_MEDIA,NOTAS_ENS_MEDIA,REVISAR_NOTAS_ENS_MEDIA_SIN_FUENTE,REVISAR,DESCONOCIDA,MEDIA,DUDA_METODOLOGICA,I162S2C119J4V1
20,PROMEDIO_MIN_ENS_MEDIA,PROMEDIO_MIN_ENS_MEDIA,REVISAR_PROMEDIO_MIN_ENS_MEDIA_SIN_FUENTE,REVISAR,DESCONOCIDA,MEDIA,DUDA_METODOLOGICA,I162S2C119J4V1
20,RECONOCIMIENTOS_APREN_PREVIOS,RECONOCIMIENTOS_APREN_PREVIOS,REVISAR_RECONOCIMIENTOS_APREN_PREVIOS_SIN_FUENTE,REVISAR,DESCONOCIDA,MEDIA,DUDA_METODOLOGICA,I162S2C119J4V1
20,EXPERIENCIA_LABORAL,EXPERIENCIA_LABORAL,REVISAR_EXPERIENCIA_LABORAL_SIN_FUENTE,REVISAR,DESCONOCIDA,MEDIA,DUDA_METODOLOGICA,I162S2C119J4V1
20,OTROS_REQUISITOS,OTROS_REQUISITOS,REVISAR_OTROS_REQUISITOS_SIN_FUENTE,REVISAR,DESCONOCIDA,MEDIA,DUDA_METODOLOGICA,I162S2C119J4V1
20,MAIL_DIFUSION_CARRERA,MAIL_DIFUSION_CARRERA,REVISAR_MAIL_DIFUSION_CARRERA_SIN_FUENTE,REVISAR,DESCONOCIDA,MEDIA,DUDA_METODOLOGICA,I162S2C119J4V1
20,FORMATO_VALOR,FORMATO_VALOR,REVISAR_FORMATO_VALOR_SIN_FUENTE,REVISAR,DESCONOCIDA,MEDIA,DUDA_METODOLOGICA,I162S2C119J4V1
20,VALOR_MATRICULA_ANUAL,VALOR_MATRICULA_ANUAL,REVISAR_VALOR_MATRICULA_ANUAL_SIN_FUENTE,REVISAR,DESCONOCIDA,MEDIA,DUDA_METODOLOGICA,I162S2C119J4V1
20,COSTO_TITULACION,COSTO_TITULACION,REVISAR_COSTO_TITULACION_SIN_FUENTE,REVISAR,DESCONOCIDA,MEDIA,DUDA_METODOLOGICA,I162S2C119J4V1
20,VALOR_CERTIFICADO_DIPLOMA,VALOR_CERTIFICADO_DIPLOMA,REVISAR_VALOR_CERTIFICADO_DIPLOMA_SIN_FUENTE,REVISAR,DESCONOCIDA,MEDIA,DUDA_METODOLOGICA,I162S2C119J4V1
20,ARANCEL_ANUAL,ARANCEL_ANUAL,REVISAR_ARANCEL_ANUAL_SIN_FUENTE,REVISAR,DESCONOCIDA,MEDIA,DUDA_METODOLOGICA,I162S2C119J4V1
20,VIGENCIA_CARRERA,VIGENCIA_CARRERA,REVISAR_VIGENCIA_CARRERA_SIN_FUENTE_DIRECTA,REVISAR,OFICIAL_PROBABLE,ALTA,CAMPO_PENDIENTE_REAL,I162S2C119J4V1
20,CNED_ESTADO_AUDITORIA,CNED_ESTADO_AUDITORIA,REQUIERE_REVISION,REVISION,AUXILIAR_TECNICA,BAJA,MARCA_TECNICA_REMOVIBLE,I162S2C119J4V1
20,CNED_ALERTAS,CNED_ALERTAS,CONTIENE_MARCAS_TECNICAS_DE_REVISION,REVISION,AUXILIAR_TECNICA,BAJA,MARCA_TECNICA_REMOVIBLE,I162S2C119J4V1
20,CNED_PUEDE_SUBIR_PRELIMINAR,CNED_PUEDE_SUBIR_PRELIMINAR,REVISAR,REVISAR,AUXILIAR_TECNICA,BAJA,MARCA_TECNICA_REMOVIBLE,I162S2C119J4V1
21,Área del Conocimiento,AREA_DEL_CONOCIMIENTO,REVISAR_AREA_CODIGO_9,REVISAR,DESCONOCIDA,MEDIA,DUDA_METODOLOGICA,I162S2C124J4V1
21,Sub Área,SUB_AREA,REVISAR_SUB_AREA_SIN_FUENTE_DIRECTA,REVISAR,DESCONOCIDA,MEDIA,DUDA_METODOLOGICA,I162S2C124J4V1
21,Carrera Genérica,CARRERA_GENERICA,REVISAR_CARRERA_GENERICA_SIN_FUENTE_DIRECTA,REVISAR,DESCONOCIDA,MEDIA,DUDA_METODOLOGICA,I162S2C124J4V1
21,Grado Académico que otorga el programa,GRADO_ACADEMICO_QUE_OTORGA_EL_PROGRAMA,REVISAR_GRADO_ACADEMICO_SIN_FUENTE_DIRECTA,REVISAR,DESCONOCIDA,MEDIA,DUDA_METODOLOGICA,I162S2C124J4V1
21,Dependencia,DEPENDENCIA,REVISAR_DEPENDENCIA_SIN_FUENTE_DIRECTA,REVISAR,DESCONOCIDA,MEDIA,DUDA_METODOLOGICA,I162S2C124J4V1
21,Régimen,REGIMEN,REVISAR_REGIMEN_CODIGO_2,REVISAR,OFICIAL_PROBABLE,ALTA,CAMPO_PENDIENTE_REAL,I162S2C124J4V1
21,Ingreso Directo,INGRESO_DIRECTO,REVISAR_INGRESO_DIRECTO_CODIGO_REQUISITO_INGRESO_1,REVISAR,DESCONOCIDA,MEDIA,DUDA_METODOLOGICA,I162S2C124J4V1
21,Observaciones,OBSERVACIONES,Crear según matriz PROMEDIOSDEALUMNOS_7804.xlsx / hoja matriz; conciliado contra diccionario oferta 2026; no encontrado en listado existente INDICES por CODIGO_UNICO; campos sin fuente directa quedan con revisión específica.,REVISION,DESCONOCIDA,MEDIA,OBSERVACION_INSTITUCIONAL,I162S2C124J4V1
21,FECHA_ADMISION_INICIAL,FECHA_ADMISION_INICIAL,REVISAR_FECHA_ADMISION_INICIAL_SIN_FUENTE,REVISAR,DESCONOCIDA,MEDIA,DUDA_METODOLOGICA,I162S2C124J4V1
21,MALLA_CURRICULAR,MALLA_CURRICULAR,REVISAR_MALLA_CURRICULAR_SIN_FUENTE,REVISAR,DESCONOCIDA,MEDIA,DUDA_METODOLOGICA,I162S2C124J4V1
21,PERFIL_EGRESO,PERFIL_EGRESO,REVISAR_PERFIL_EGRESO_SIN_FUENTE,REVISAR,DESCONOCIDA,MEDIA,DUDA_METODOLOGICA,I162S2C124J4V1
21,TEXTO_REQUISITO_INGRESO,TEXTO_REQUISITO_INGRESO,REVISAR_TEXTO_REQUISITO_INGRESO_SIN_FUENTE,REVISAR,DESCONOCIDA,MEDIA,DUDA_METODOLOGICA,I162S2C124J4V1
21,LICENCIA_ENS_MEDIA,LICENCIA_ENS_MEDIA,REVISAR_LICENCIA_ENS_MEDIA_SIN_FUENTE,REVISAR,DESCONOCIDA,MEDIA,DUDA_METODOLOGICA,I162S2C124J4V1
21,NOTAS_ENS_MEDIA,NOTAS_ENS_MEDIA,REVISAR_NOTAS_ENS_MEDIA_SIN_FUENTE,REVISAR,DESCONOCIDA,MEDIA,DUDA_METODOLOGICA,I162S2C124J4V1
21,PROMEDIO_MIN_ENS_MEDIA,PROMEDIO_MIN_ENS_MEDIA,REVISAR_PROMEDIO_MIN_ENS_MEDIA_SIN_FUENTE,REVISAR,DESCONOCIDA,MEDIA,DUDA_METODOLOGICA,I162S2C124J4V1
21,RECONOCIMIENTOS_APREN_PREVIOS,RECONOCIMIENTOS_APREN_PREVIOS,REVISAR_RECONOCIMIENTOS_APREN_PREVIOS_SIN_FUENTE,REVISAR,DESCONOCIDA,MEDIA,DUDA_METODOLOGICA,I162S2C124J4V1
21,EXPERIENCIA_LABORAL,EXPERIENCIA_LABORAL,REVISAR_EXPERIENCIA_LABORAL_SIN_FUENTE,REVISAR,DESCONOCIDA,MEDIA,DUDA_METODOLOGICA,I162S2C124J4V1
21,OTROS_REQUISITOS,OTROS_REQUISITOS,REVISAR_OTROS_REQUISITOS_SIN_FUENTE,REVISAR,DESCONOCIDA,MEDIA,DUDA_METODOLOGICA,I162S2C124J4V1
21,MAIL_DIFUSION_CARRERA,MAIL_DIFUSION_CARRERA,REVISAR_MAIL_DIFUSION_CARRERA_SIN_FUENTE,REVISAR,DESCONOCIDA,MEDIA,DUDA_METODOLOGICA,I162S2C124J4V1
21,FORMATO_VALOR,FORMATO_VALOR,REVISAR_FORMATO_VALOR_SIN_FUENTE,REVISAR,DESCONOCIDA,MEDIA,DUDA_METODOLOGICA,I162S2C124J4V1
21,VALOR_MATRICULA_ANUAL,VALOR_MATRICULA_ANUAL,REVISAR_VALOR_MATRICULA_ANUAL_SIN_FUENTE,REVISAR,DESCONOCIDA,MEDIA,DUDA_METODOLOGICA,I162S2C124J4V1
21,COSTO_TITULACION,COSTO_TITULACION,REVISAR_COSTO_TITULACION_SIN_FUENTE,REVISAR,DESCONOCIDA,MEDIA,DUDA_METODOLOGICA,I162S2C124J4V1
21,VALOR_CERTIFICADO_DIPLOMA,VALOR_CERTIFICADO_DIPLOMA,REVISAR_VALOR_CERTIFICADO_DIPLOMA_SIN_FUENTE,REVISAR,DESCONOCIDA,MEDIA,DUDA_METODOLOGICA,I162S2C124J4V1
21,ARANCEL_ANUAL,ARANCEL_ANUAL,REVISAR_ARANCEL_ANUAL_SIN_FUENTE,REVISAR,DESCONOCIDA,MEDIA,DUDA_METODOLOGICA,I162S2C124J4V1
21,VIGENCIA_CARRERA,VIGENCIA_CARRERA,REVISAR_VIGENCIA_CARRERA_SIN_FUENTE_DIRECTA,REVISAR,OFICIAL_PROBABLE,ALTA,CAMPO_PENDIENTE_REAL,I162S2C124J4V1
21,CNED_ESTADO_AUDITORIA,CNED_ESTADO_AUDITORIA,REQUIERE_REVISION,REVISION,AUXILIAR_TECNICA,BAJA,MARCA_TECNICA_REMOVIBLE,I162S2C124J4V1
21,CNED_ALERTAS,CNED_ALERTAS,CONTIENE_MARCAS_TECNICAS_DE_REVISION,REVISION,AUXILIAR_TECNICA,BAJA,MARCA_TECNICA_REMOVIBLE,I162S2C124J4V1
21,CNED_PUEDE_SUBIR_PRELIMINAR,CNED_PUEDE_SUBIR_PRELIMINAR,REVISAR,REVISAR,AUXILIAR_TECNICA,BAJA,MARCA_TECNICA_REMOVIBLE,I162S2C124J4V1
22,Detalle del Tipo de Programa (especiales),DETALLE_DEL_TIPO_DE_PROGRAMA_ESPECIALES,REVISAR_DETALLE_PROGRAMA_ESPECIAL,REVISAR,DESCONOCIDA,MEDIA,DUDA_METODOLOGICA,I162S2C124J4V2
22,Área del Conocimiento,AREA_DEL_CONOCIMIENTO,REVISAR_AREA_CODIGO_9,REVISAR,DESCONOCIDA,MEDIA,DUDA_METODOLOGICA,I162S2C124J4V2
22,Sub Área,SUB_AREA,REVISAR_SUB_AREA_SIN_FUENTE_DIRECTA,REVISAR,DESCONOCIDA,MEDIA,DUDA_METODOLOGICA,I162S2C124J4V2
22,Carrera Genérica,CARRERA_GENERICA,REVISAR_CARRERA_GENERICA_SIN_FUENTE_DIRECTA,REVISAR,DESCONOCIDA,MEDIA,DUDA_METODOLOGICA,I162S2C124J4V2
22,Grado Académico que otorga el programa,GRADO_ACADEMICO_QUE_OTORGA_EL_PROGRAMA,REVISAR_GRADO_ACADEMICO_SIN_FUENTE_DIRECTA,REVISAR,DESCONOCIDA,MEDIA,DUDA_METODOLOGICA,I162S2C124J4V2
22,Dependencia,DEPENDENCIA,REVISAR_DEPENDENCIA_SIN_FUENTE_DIRECTA,REVISAR,DESCONOCIDA,MEDIA,DUDA_METODOLOGICA,I162S2C124J4V2
22,Régimen,REGIMEN,REVISAR_REGIMEN_CODIGO_2,REVISAR,OFICIAL_PROBABLE,ALTA,CAMPO_PENDIENTE_REAL,I162S2C124J4V2
22,Ingreso Directo,INGRESO_DIRECTO,REVISAR_INGRESO_DIRECTO_CODIGO_REQUISITO_INGRESO_2_SEMESTRES_RECONOCIDOS_5,REVISAR,DESCONOCIDA,MEDIA,DUDA_METODOLOGICA,I162S2C124J4V2
22,Otro Tipo de Ingreso,OTRO_TIPO_DE_INGRESO,REVISAR_OTRO_TIPO_INGRESO_CODIGO_REQUISITO_INGRESO_2_SEMESTRES_RECONOCIDOS_5,REVISAR,DESCONOCIDA,MEDIA,DUDA_METODOLOGICA,I162S2C124J4V2
22,Ingreso otro,INGRESO_OTRO,REVISAR_DESCRIPCION_OTRO_INGRESO_SIN_TEXTO_FUENTE,REVISAR,DESCONOCIDA,MEDIA,DUDA_METODOLOGICA,I162S2C124J4V2
22,Observaciones,OBSERVACIONES,Crear según matriz PROMEDIOSDEALUMNOS_7804.xlsx / hoja matriz; conciliado contra diccionario oferta 2026; no encontrado en listado existente INDICES por CODIGO_UNICO; campos sin fuente directa quedan con revisión específica.,REVISION,DESCONOCIDA,MEDIA,OBSERVACION_INSTITUCIONAL,I162S2C124J4V2
22,FECHA_ADMISION_INICIAL,FECHA_ADMISION_INICIAL,REVISAR_FECHA_ADMISION_INICIAL_SIN_FUENTE,REVISAR,DESCONOCIDA,MEDIA,DUDA_METODOLOGICA,I162S2C124J4V2
22,MALLA_CURRICULAR,MALLA_CURRICULAR,REVISAR_MALLA_CURRICULAR_SIN_FUENTE,REVISAR,DESCONOCIDA,MEDIA,DUDA_METODOLOGICA,I162S2C124J4V2
22,PERFIL_EGRESO,PERFIL_EGRESO,REVISAR_PERFIL_EGRESO_SIN_FUENTE,REVISAR,DESCONOCIDA,MEDIA,DUDA_METODOLOGICA,I162S2C124J4V2
22,TEXTO_REQUISITO_INGRESO,TEXTO_REQUISITO_INGRESO,REVISAR_TEXTO_REQUISITO_INGRESO_SIN_FUENTE,REVISAR,DESCONOCIDA,MEDIA,DUDA_METODOLOGICA,I162S2C124J4V2
22,LICENCIA_ENS_MEDIA,LICENCIA_ENS_MEDIA,REVISAR_LICENCIA_ENS_MEDIA_SIN_FUENTE,REVISAR,DESCONOCIDA,MEDIA,DUDA_METODOLOGICA,I162S2C124J4V2
22,NOTAS_ENS_MEDIA,NOTAS_ENS_MEDIA,REVISAR_NOTAS_ENS_MEDIA_SIN_FUENTE,REVISAR,DESCONOCIDA,MEDIA,DUDA_METODOLOGICA,I162S2C124J4V2
22,PROMEDIO_MIN_ENS_MEDIA,PROMEDIO_MIN_ENS_MEDIA,REVISAR_PROMEDIO_MIN_ENS_MEDIA_SIN_FUENTE,REVISAR,DESCONOCIDA,MEDIA,DUDA_METODOLOGICA,I162S2C124J4V2
22,RECONOCIMIENTOS_APREN_PREVIOS,RECONOCIMIENTOS_APREN_PREVIOS,REVISAR_RECONOCIMIENTOS_APREN_PREVIOS_SIN_FUENTE,REVISAR,DESCONOCIDA,MEDIA,DUDA_METODOLOGICA,I162S2C124J4V2
22,EXPERIENCIA_LABORAL,EXPERIENCIA_LABORAL,REVISAR_EXPERIENCIA_LABORAL_SIN_FUENTE,REVISAR,DESCONOCIDA,MEDIA,DUDA_METODOLOGICA,I162S2C124J4V2
22,OTROS_REQUISITOS,OTROS_REQUISITOS,REVISAR_OTROS_REQUISITOS_SIN_FUENTE,REVISAR,DESCONOCIDA,MEDIA,DUDA_METODOLOGICA,I162S2C124J4V2
22,MAIL_DIFUSION_CARRERA,MAIL_DIFUSION_CARRERA,REVISAR_MAIL_DIFUSION_CARRERA_SIN_FUENTE,REVISAR,DESCONOCIDA,MEDIA,DUDA_METODOLOGICA,I162S2C124J4V2
22,FORMATO_VALOR,FORMATO_VALOR,REVISAR_FORMATO_VALOR_SIN_FUENTE,REVISAR,DESCONOCIDA,MEDIA,DUDA_METODOLOGICA,I162S2C124J4V2
22,VALOR_MATRICULA_ANUAL,VALOR_MATRICULA_ANUAL,REVISAR_VALOR_MATRICULA_ANUAL_SIN_FUENTE,REVISAR,DESCONOCIDA,MEDIA,DUDA_METODOLOGICA,I162S2C124J4V2
22,COSTO_TITULACION,COSTO_TITULACION,REVISAR_COSTO_TITULACION_SIN_FUENTE,REVISAR,DESCONOCIDA,MEDIA,DUDA_METODOLOGICA,I162S2C124J4V2
22,VALOR_CERTIFICADO_DIPLOMA,VALOR_CERTIFICADO_DIPLOMA,REVISAR_VALOR_CERTIFICADO_DIPLOMA_SIN_FUENTE,REVISAR,DESCONOCIDA,MEDIA,DUDA_METODOLOGICA,I162S2C124J4V2
22,ARANCEL_ANUAL,ARANCEL_ANUAL,REVISAR_ARANCEL_ANUAL_SIN_FUENTE,REVISAR,DESCONOCIDA,MEDIA,DUDA_METODOLOGICA,I162S2C124J4V2
22,VIGENCIA_CARRERA,VIGENCIA_CARRERA,REVISAR_VIGENCIA_CARRERA_SIN_FUENTE_DIRECTA,REVISAR,OFICIAL_PROBABLE,ALTA,CAMPO_PENDIENTE_REAL,I162S2C124J4V2
22,CNED_ESTADO_AUDITORIA,CNED_ESTADO_AUDITORIA,REQUIERE_REVISION,REVISION,AUXILIAR_TECNICA,BAJA,MARCA_TECNICA_REMOVIBLE,I162S2C124J4V2
22,CNED_ALERTAS,CNED_ALERTAS,CONTIENE_MARCAS_TECNICAS_DE_REVISION,REVISION,AUXILIAR_TECNICA,BAJA,MARCA_TECNICA_REMOVIBLE,I162S2C124J4V2
22,CNED_PUEDE_SUBIR_PRELIMINAR,CNED_PUEDE_SUBIR_PRELIMINAR,REVISAR,REVISAR,AUXILIAR_TECNICA,BAJA,MARCA_TECNICA_REMOVIBLE,I162S2C124J4V2
23,Área del Conocimiento,AREA_DEL_CONOCIMIENTO,REVISAR_AREA_CODIGO_9,REVISAR,DESCONOCIDA,MEDIA,DUDA_METODOLOGICA,I162S2C125J4V1
23,Sub Área,SUB_AREA,REVISAR_SUB_AREA_SIN_FUENTE_DIRECTA,REVISAR,DESCONOCIDA,MEDIA,DUDA_METODOLOGICA,I162S2C125J4V1
23,Carrera Genérica,CARRERA_GENERICA,REVISAR_CARRERA_GENERICA_SIN_FUENTE_DIRECTA,REVISAR,DESCONOCIDA,MEDIA,DUDA_METODOLOGICA,I162S2C125J4V1
23,Grado Académico que otorga el programa,GRADO_ACADEMICO_QUE_OTORGA_EL_PROGRAMA,REVISAR_GRADO_ACADEMICO_SIN_FUENTE_DIRECTA,REVISAR,DESCONOCIDA,MEDIA,DUDA_METODOLOGICA,I162S2C125J4V1
23,Dependencia,DEPENDENCIA,REVISAR_DEPENDENCIA_SIN_FUENTE_DIRECTA,REVISAR,DESCONOCIDA,MEDIA,DUDA_METODOLOGICA,I162S2C125J4V1
23,Régimen,REGIMEN,REVISAR_REGIMEN_CODIGO_2,REVISAR,OFICIAL_PROBABLE,ALTA,CAMPO_PENDIENTE_REAL,I162S2C125J4V1
23,Ingreso Directo,INGRESO_DIRECTO,REVISAR_INGRESO_DIRECTO_CODIGO_REQUISITO_INGRESO_1,REVISAR,DESCONOCIDA,MEDIA,DUDA_METODOLOGICA,I162S2C125J4V1
23,Observaciones,OBSERVACIONES,Crear según matriz PROMEDIOSDEALUMNOS_7804.xlsx / hoja matriz; conciliado contra diccionario oferta 2026; no encontrado en listado existente INDICES por CODIGO_UNICO; campos sin fuente directa quedan con revisión específica.,REVISION,DESCONOCIDA,MEDIA,OBSERVACION_INSTITUCIONAL,I162S2C125J4V1
23,FECHA_ADMISION_INICIAL,FECHA_ADMISION_INICIAL,REVISAR_FECHA_ADMISION_INICIAL_SIN_FUENTE,REVISAR,DESCONOCIDA,MEDIA,DUDA_METODOLOGICA,I162S2C125J4V1
23,MALLA_CURRICULAR,MALLA_CURRICULAR,REVISAR_MALLA_CURRICULAR_SIN_FUENTE,REVISAR,DESCONOCIDA,MEDIA,DUDA_METODOLOGICA,I162S2C125J4V1
23,PERFIL_EGRESO,PERFIL_EGRESO,REVISAR_PERFIL_EGRESO_SIN_FUENTE,REVISAR,DESCONOCIDA,MEDIA,DUDA_METODOLOGICA,I162S2C125J4V1
23,TEXTO_REQUISITO_INGRESO,TEXTO_REQUISITO_INGRESO,REVISAR_TEXTO_REQUISITO_INGRESO_SIN_FUENTE,REVISAR,DESCONOCIDA,MEDIA,DUDA_METODOLOGICA,I162S2C125J4V1
23,LICENCIA_ENS_MEDIA,LICENCIA_ENS_MEDIA,REVISAR_LICENCIA_ENS_MEDIA_SIN_FUENTE,REVISAR,DESCONOCIDA,MEDIA,DUDA_METODOLOGICA,I162S2C125J4V1
23,NOTAS_ENS_MEDIA,NOTAS_ENS_MEDIA,REVISAR_NOTAS_ENS_MEDIA_SIN_FUENTE,REVISAR,DESCONOCIDA,MEDIA,DUDA_METODOLOGICA,I162S2C125J4V1
23,PROMEDIO_MIN_ENS_MEDIA,PROMEDIO_MIN_ENS_MEDIA,REVISAR_PROMEDIO_MIN_ENS_MEDIA_SIN_FUENTE,REVISAR,DESCONOCIDA,MEDIA,DUDA_METODOLOGICA,I162S2C125J4V1
23,RECONOCIMIENTOS_APREN_PREVIOS,RECONOCIMIENTOS_APREN_PREVIOS,REVISAR_RECONOCIMIENTOS_APREN_PREVIOS_SIN_FUENTE,REVISAR,DESCONOCIDA,MEDIA,DUDA_METODOLOGICA,I162S2C125J4V1
23,EXPERIENCIA_LABORAL,EXPERIENCIA_LABORAL,REVISAR_EXPERIENCIA_LABORAL_SIN_FUENTE,REVISAR,DESCONOCIDA,MEDIA,DUDA_METODOLOGICA,I162S2C125J4V1
23,OTROS_REQUISITOS,OTROS_REQUISITOS,REVISAR_OTROS_REQUISITOS_SIN_FUENTE,REVISAR,DESCONOCIDA,MEDIA,DUDA_METODOLOGICA,I162S2C125J4V1
23,MAIL_DIFUSION_CARRERA,MAIL_DIFUSION_CARRERA,REVISAR_MAIL_DIFUSION_CARRERA_SIN_FUENTE,REVISAR,DESCONOCIDA,MEDIA,DUDA_METODOLOGICA,I162S2C125J4V1
23,FORMATO_VALOR,FORMATO_VALOR,REVISAR_FORMATO_VALOR_SIN_FUENTE,REVISAR,DESCONOCIDA,MEDIA,DUDA_METODOLOGICA,I162S2C125J4V1
23,VALOR_MATRICULA_ANUAL,VALOR_MATRICULA_ANUAL,REVISAR_VALOR_MATRICULA_ANUAL_SIN_FUENTE,REVISAR,DESCONOCIDA,MEDIA,DUDA_METODOLOGICA,I162S2C125J4V1
23,COSTO_TITULACION,COSTO_TITULACION,REVISAR_COSTO_TITULACION_SIN_FUENTE,REVISAR,DESCONOCIDA,MEDIA,DUDA_METODOLOGICA,I162S2C125J4V1
23,VALOR_CERTIFICADO_DIPLOMA,VALOR_CERTIFICADO_DIPLOMA,REVISAR_VALOR_CERTIFICADO_DIPLOMA_SIN_FUENTE,REVISAR,DESCONOCIDA,MEDIA,DUDA_METODOLOGICA,I162S2C125J4V1
23,ARANCEL_ANUAL,ARANCEL_ANUAL,REVISAR_ARANCEL_ANUAL_SIN_FUENTE,REVISAR,DESCONOCIDA,MEDIA,DUDA_METODOLOGICA,I162S2C125J4V1
23,VIGENCIA_CARRERA,VIGENCIA_CARRERA,REVISAR_VIGENCIA_CARRERA_SIN_FUENTE_DIRECTA,REVISAR,OFICIAL_PROBABLE,ALTA,CAMPO_PENDIENTE_REAL,I162S2C125J4V1
23,CNED_ESTADO_AUDITORIA,CNED_ESTADO_AUDITORIA,REQUIERE_REVISION,REVISION,AUXILIAR_TECNICA,BAJA,MARCA_TECNICA_REMOVIBLE,I162S2C125J4V1
23,CNED_ALERTAS,CNED_ALERTAS,CONTIENE_MARCAS_TECNICAS_DE_REVISION,REVISION,AUXILIAR_TECNICA,BAJA,MARCA_TECNICA_REMOVIBLE,I162S2C125J4V1
23,CNED_PUEDE_SUBIR_PRELIMINAR,CNED_PUEDE_SUBIR_PRELIMINAR,REVISAR,REVISAR,AUXILIAR_TECNICA,BAJA,MARCA_TECNICA_REMOVIBLE,I162S2C125J4V1
24,Detalle del Tipo de Programa (especiales),DETALLE_DEL_TIPO_DE_PROGRAMA_ESPECIALES,REVISAR_DETALLE_PROGRAMA_ESPECIAL,REVISAR,DESCONOCIDA,MEDIA,DUDA_METODOLOGICA,I162S2C125J4V2
24,Área del Conocimiento,AREA_DEL_CONOCIMIENTO,REVISAR_AREA_CODIGO_9,REVISAR,DESCONOCIDA,MEDIA,DUDA_METODOLOGICA,I162S2C125J4V2
24,Sub Área,SUB_AREA,REVISAR_SUB_AREA_SIN_FUENTE_DIRECTA,REVISAR,DESCONOCIDA,MEDIA,DUDA_METODOLOGICA,I162S2C125J4V2
24,Carrera Genérica,CARRERA_GENERICA,REVISAR_CARRERA_GENERICA_SIN_FUENTE_DIRECTA,REVISAR,DESCONOCIDA,MEDIA,DUDA_METODOLOGICA,I162S2C125J4V2
24,Grado Académico que otorga el programa,GRADO_ACADEMICO_QUE_OTORGA_EL_PROGRAMA,REVISAR_GRADO_ACADEMICO_SIN_FUENTE_DIRECTA,REVISAR,DESCONOCIDA,MEDIA,DUDA_METODOLOGICA,I162S2C125J4V2
24,Dependencia,DEPENDENCIA,REVISAR_DEPENDENCIA_SIN_FUENTE_DIRECTA,REVISAR,DESCONOCIDA,MEDIA,DUDA_METODOLOGICA,I162S2C125J4V2
24,Régimen,REGIMEN,REVISAR_REGIMEN_CODIGO_2,REVISAR,OFICIAL_PROBABLE,ALTA,CAMPO_PENDIENTE_REAL,I162S2C125J4V2
24,Ingreso Directo,INGRESO_DIRECTO,REVISAR_INGRESO_DIRECTO_CODIGO_REQUISITO_INGRESO_2_SEMESTRES_RECONOCIDOS_5,REVISAR,DESCONOCIDA,MEDIA,DUDA_METODOLOGICA,I162S2C125J4V2
24,Otro Tipo de Ingreso,OTRO_TIPO_DE_INGRESO,REVISAR_OTRO_TIPO_INGRESO_CODIGO_REQUISITO_INGRESO_2_SEMESTRES_RECONOCIDOS_5,REVISAR,DESCONOCIDA,MEDIA,DUDA_METODOLOGICA,I162S2C125J4V2
24,Ingreso otro,INGRESO_OTRO,REVISAR_DESCRIPCION_OTRO_INGRESO_SIN_TEXTO_FUENTE,REVISAR,DESCONOCIDA,MEDIA,DUDA_METODOLOGICA,I162S2C125J4V2
24,Observaciones,OBSERVACIONES,Crear según matriz PROMEDIOSDEALUMNOS_7804.xlsx / hoja matriz; conciliado contra diccionario oferta 2026; no encontrado en listado existente INDICES por CODIGO_UNICO; campos sin fuente directa quedan con revisión específica.,REVISION,DESCONOCIDA,MEDIA,OBSERVACION_INSTITUCIONAL,I162S2C125J4V2
24,FECHA_ADMISION_INICIAL,FECHA_ADMISION_INICIAL,REVISAR_FECHA_ADMISION_INICIAL_SIN_FUENTE,REVISAR,DESCONOCIDA,MEDIA,DUDA_METODOLOGICA,I162S2C125J4V2
24,MALLA_CURRICULAR,MALLA_CURRICULAR,REVISAR_MALLA_CURRICULAR_SIN_FUENTE,REVISAR,DESCONOCIDA,MEDIA,DUDA_METODOLOGICA,I162S2C125J4V2
24,PERFIL_EGRESO,PERFIL_EGRESO,REVISAR_PERFIL_EGRESO_SIN_FUENTE,REVISAR,DESCONOCIDA,MEDIA,DUDA_METODOLOGICA,I162S2C125J4V2
24,TEXTO_REQUISITO_INGRESO,TEXTO_REQUISITO_INGRESO,REVISAR_TEXTO_REQUISITO_INGRESO_SIN_FUENTE,REVISAR,DESCONOCIDA,MEDIA,DUDA_METODOLOGICA,I162S2C125J4V2
24,LICENCIA_ENS_MEDIA,LICENCIA_ENS_MEDIA,REVISAR_LICENCIA_ENS_MEDIA_SIN_FUENTE,REVISAR,DESCONOCIDA,MEDIA,DUDA_METODOLOGICA,I162S2C125J4V2
24,NOTAS_ENS_MEDIA,NOTAS_ENS_MEDIA,REVISAR_NOTAS_ENS_MEDIA_SIN_FUENTE,REVISAR,DESCONOCIDA,MEDIA,DUDA_METODOLOGICA,I162S2C125J4V2
24,PROMEDIO_MIN_ENS_MEDIA,PROMEDIO_MIN_ENS_MEDIA,REVISAR_PROMEDIO_MIN_ENS_MEDIA_SIN_FUENTE,REVISAR,DESCONOCIDA,MEDIA,DUDA_METODOLOGICA,I162S2C125J4V2
24,RECONOCIMIENTOS_APREN_PREVIOS,RECONOCIMIENTOS_APREN_PREVIOS,REVISAR_RECONOCIMIENTOS_APREN_PREVIOS_SIN_FUENTE,REVISAR,DESCONOCIDA,MEDIA,DUDA_METODOLOGICA,I162S2C125J4V2
24,EXPERIENCIA_LABORAL,EXPERIENCIA_LABORAL,REVISAR_EXPERIENCIA_LABORAL_SIN_FUENTE,REVISAR,DESCONOCIDA,MEDIA,DUDA_METODOLOGICA,I162S2C125J4V2
24,OTROS_REQUISITOS,OTROS_REQUISITOS,REVISAR_OTROS_REQUISITOS_SIN_FUENTE,REVISAR,DESCONOCIDA,MEDIA,DUDA_METODOLOGICA,I162S2C125J4V2
24,MAIL_DIFUSION_CARRERA,MAIL_DIFUSION_CARRERA,REVISAR_MAIL_DIFUSION_CARRERA_SIN_FUENTE,REVISAR,DESCONOCIDA,MEDIA,DUDA_METODOLOGICA,I162S2C125J4V2
24,FORMATO_VALOR,FORMATO_VALOR,REVISAR_FORMATO_VALOR_SIN_FUENTE,REVISAR,DESCONOCIDA,MEDIA,DUDA_METODOLOGICA,I162S2C125J4V2
24,VALOR_MATRICULA_ANUAL,VALOR_MATRICULA_ANUAL,REVISAR_VALOR_MATRICULA_ANUAL_SIN_FUENTE,REVISAR,DESCONOCIDA,MEDIA,DUDA_METODOLOGICA,I162S2C125J4V2
24,COSTO_TITULACION,COSTO_TITULACION,REVISAR_COSTO_TITULACION_SIN_FUENTE,REVISAR,DESCONOCIDA,MEDIA,DUDA_METODOLOGICA,I162S2C125J4V2
24,VALOR_CERTIFICADO_DIPLOMA,VALOR_CERTIFICADO_DIPLOMA,REVISAR_VALOR_CERTIFICADO_DIPLOMA_SIN_FUENTE,REVISAR,DESCONOCIDA,MEDIA,DUDA_METODOLOGICA,I162S2C125J4V2
24,ARANCEL_ANUAL,ARANCEL_ANUAL,REVISAR_ARANCEL_ANUAL_SIN_FUENTE,REVISAR,DESCONOCIDA,MEDIA,DUDA_METODOLOGICA,I162S2C125J4V2
24,VIGENCIA_CARRERA,VIGENCIA_CARRERA,REVISAR_VIGENCIA_CARRERA_SIN_FUENTE_DIRECTA,REVISAR,OFICIAL_PROBABLE,ALTA,CAMPO_PENDIENTE_REAL,I162S2C125J4V2
24,CNED_ESTADO_AUDITORIA,CNED_ESTADO_AUDITORIA,REQUIERE_REVISION,REVISION,AUXILIAR_TECNICA,BAJA,MARCA_TECNICA_REMOVIBLE,I162S2C125J4V2
24,CNED_ALERTAS,CNED_ALERTAS,CONTIENE_MARCAS_TECNICAS_DE_REVISION,REVISION,AUXILIAR_TECNICA,BAJA,MARCA_TECNICA_REMOVIBLE,I162S2C125J4V2
24,CNED_PUEDE_SUBIR_PRELIMINAR,CNED_PUEDE_SUBIR_PRELIMINAR,REVISAR,REVISAR,AUXILIAR_TECNICA,BAJA,MARCA_TECNICA_REMOVIBLE,I162S2C125J4V2
25,Año de inicio de Actividades,ANO_DE_INICIO_DE_ACTIVIDADES,DECISION_MANUAL_ANIO_INICIO,MANUAL,DESCONOCIDA,MEDIA,DUDA_METODOLOGICA,I162S2C13J1V1
25,Área del Conocimiento,AREA_DEL_CONOCIMIENTO,REVISAR_AREA_SIN_FUENTE_DIRECTA,REVISAR,DESCONOCIDA,MEDIA,DUDA_METODOLOGICA,I162S2C13J1V1
25,Sub Área,SUB_AREA,REVISAR_SUB_AREA_SIN_FUENTE_DIRECTA,REVISAR,DESCONOCIDA,MEDIA,DUDA_METODOLOGICA,I162S2C13J1V1
25,Carrera Genérica,CARRERA_GENERICA,REVISAR_CARRERA_GENERICA_SIN_FUENTE_DIRECTA,REVISAR,DESCONOCIDA,MEDIA,DUDA_METODOLOGICA,I162S2C13J1V1
25,Título que otorga el programa,TITULO_QUE_OTORGA_EL_PROGRAMA,REVISAR_TITULO_SIN_FUENTE_DIRECTA,REVISAR,DESCONOCIDA,MEDIA,DUDA_METODOLOGICA,I162S2C13J1V1
25,Grado Académico que otorga el programa,GRADO_ACADEMICO_QUE_OTORGA_EL_PROGRAMA,REVISAR_GRADO_ACADEMICO_SIN_FUENTE_DIRECTA,REVISAR,DESCONOCIDA,MEDIA,DUDA_METODOLOGICA,I162S2C13J1V1
25,Dependencia,DEPENDENCIA,REVISAR_DEPENDENCIA_SIN_FUENTE_DIRECTA,REVISAR,DESCONOCIDA,MEDIA,DUDA_METODOLOGICA,I162S2C13J1V1
25,Régimen,REGIMEN,REVISAR_REGIMEN_SIN_FUENTE,REVISAR,OFICIAL_PROBABLE,ALTA,CAMPO_PENDIENTE_REAL,I162S2C13J1V1
25,Ingreso Directo,INGRESO_DIRECTO,REVISAR_INGRESO_DIRECTO_SIN_FUENTE_DIRECTA,REVISAR,DESCONOCIDA,MEDIA,DUDA_METODOLOGICA,I162S2C13J1V1
25,Observaciones,OBSERVACIONES,Crear según matriz PROMEDIOSDEALUMNOS_7804.xlsx / hoja matriz; conciliado contra diccionario oferta 2026; no encontrado en listado existente INDICES por CODIGO_UNICO; campos sin fuente directa quedan con revisión específica.,REVISION,DESCONOCIDA,MEDIA,OBSERVACION_INSTITUCIONAL,I162S2C13J1V1
25,ANIO_INICIO,ANIO_INICIO,REVISAR_ANIO_INICIO_SIN_FUENTE,REVISAR,OFICIAL_PROBABLE,ALTA,CAMPO_PENDIENTE_REAL,I162S2C13J1V1
25,REGIMEN,REGIMEN,REVISAR_REGIMEN_SIN_FUENTE,REVISAR,OFICIAL_PROBABLE,ALTA,CAMPO_PENDIENTE_REAL,I162S2C13J1V1
25,DURACION_REGIMEN,DURACION_REGIMEN,REVISAR_DURACION_REGIMEN_SIN_FUENTE,REVISAR,OFICIAL_PROBABLE,ALTA,CAMPO_PENDIENTE_REAL,I162S2C13J1V1
25,NOMBRE_TITULO,NOMBRE_TITULO,REVISAR_NOMBRE_TITULO_SIN_FUENTE_CONFIABLE,REVISAR,OFICIAL_PROBABLE,ALTA,CAMPO_PENDIENTE_REAL,I162S2C13J1V1
25,ACREDITACION,ACREDITACION,REVISAR_ACREDITACION_SIN_FUENTE,REVISAR,OFICIAL_PROBABLE,ALTA,CAMPO_PENDIENTE_REAL,I162S2C13J1V1
25,REQUISITO_INGRESO,REQUISITO_INGRESO,REVISAR_REQUISITO_INGRESO_SIN_FUENTE,REVISAR,OFICIAL_PROBABLE,ALTA,CAMPO_PENDIENTE_REAL,I162S2C13J1V1
25,SEMESTRES_RECONOCIDOS,SEMESTRES_RECONOCIDOS,REVISAR_SEMESTRES_RECONOCIDOS_SIN_FUENTE,REVISAR,OFICIAL_PROBABLE,ALTA,CAMPO_PENDIENTE_REAL,I162S2C13J1V1
25,AREA_ACTUAL,AREA_ACTUAL,REVISAR_AREA_ACTUAL_SIN_FUENTE,REVISAR,OFICIAL_PROBABLE,ALTA,CAMPO_PENDIENTE_REAL,I162S2C13J1V1
25,AREA_ADMIN_DERECHO,AREA_ADMIN_DERECHO,REVISAR_AREA_ADMIN_DERECHO_SIN_FUENTE,REVISAR,DESCONOCIDA,MEDIA,DUDA_METODOLOGICA,I162S2C13J1V1
25,AREA_AGRI_SILVI_PESCA_VET,AREA_AGRI_SILVI_PESCA_VET,REVISAR_AREA_AGRI_SILVI_PESCA_VET_SIN_FUENTE,REVISAR,DESCONOCIDA,MEDIA,DUDA_METODOLOGICA,I162S2C13J1V1
25,AREA_ARTES_HUMANIDADES,AREA_ARTES_HUMANIDADES,REVISAR_AREA_ARTES_HUMANIDADES_SIN_FUENTE,REVISAR,DESCONOCIDA,MEDIA,DUDA_METODOLOGICA,I162S2C13J1V1
25,AREA_CIENCIAS_NAT_MAT_ESTAD,AREA_CIENCIAS_NAT_MAT_ESTAD,REVISAR_AREA_CIENCIAS_NAT_MAT_ESTAD_SIN_FUENTE,REVISAR,DESCONOCIDA,MEDIA,DUDA_METODOLOGICA,I162S2C13J1V1
25,AREA_CS_SOCIAL_PERIODISMO_INFO,AREA_CS_SOCIAL_PERIODISMO_INFO,REVISAR_AREA_CS_SOCIAL_PERIODISMO_INFO_SIN_FUENTE,REVISAR,DESCONOCIDA,MEDIA,DUDA_METODOLOGICA,I162S2C13J1V1
25,AREA_EDUCACION,AREA_EDUCACION,REVISAR_AREA_EDUCACION_SIN_FUENTE,REVISAR,DESCONOCIDA,MEDIA,DUDA_METODOLOGICA,I162S2C13J1V1
25,AREA_INGE_INDUSTRIA_CONSTRUC,AREA_INGE_INDUSTRIA_CONSTRUC,REVISAR_AREA_INGE_INDUSTRIA_CONSTRUC_SIN_FUENTE,REVISAR,DESCONOCIDA,MEDIA,DUDA_METODOLOGICA,I162S2C13J1V1
25,AREA_SALUD_BIENESTAR,AREA_SALUD_BIENESTAR,REVISAR_AREA_SALUD_BIENESTAR_SIN_FUENTE,REVISAR,DESCONOCIDA,MEDIA,DUDA_METODOLOGICA,I162S2C13J1V1
25,AREA_SERVICIOS,AREA_SERVICIOS,REVISAR_AREA_SERVICIOS_SIN_FUENTE,REVISAR,DESCONOCIDA,MEDIA,DUDA_METODOLOGICA,I162S2C13J1V1
25,AREA_TECNO_INFO_COMUNICA,AREA_TECNO_INFO_COMUNICA,REVISAR_AREA_TECNO_INFO_COMUNICA_SIN_FUENTE,REVISAR,DESCONOCIDA,MEDIA,DUDA_METODOLOGICA,I162S2C13J1V1
25,VACANTES_PRIMER_SEMESTRE,VACANTES_PRIMER_SEMESTRE,REVISAR_VACANTES_PRIMER_SEMESTRE_SIN_FUENTE,REVISAR,DESCONOCIDA,MEDIA,DUDA_METODOLOGICA,I162S2C13J1V1
25,VACANTES_SEGUNDO_SEMESTRE,VACANTES_SEGUNDO_SEMESTRE,REVISAR_VACANTES_SEGUNDO_SEMESTRE_SIN_FUENTE,REVISAR,DESCONOCIDA,MEDIA,DUDA_METODOLOGICA,I162S2C13J1V1
25,FECHA_ADMISION_INICIAL,FECHA_ADMISION_INICIAL,REVISAR_FECHA_ADMISION_INICIAL_SIN_FUENTE,REVISAR,DESCONOCIDA,MEDIA,DUDA_METODOLOGICA,I162S2C13J1V1
25,MALLA_CURRICULAR,MALLA_CURRICULAR,REVISAR_MALLA_CURRICULAR_SIN_FUENTE,REVISAR,DESCONOCIDA,MEDIA,DUDA_METODOLOGICA,I162S2C13J1V1
25,PERFIL_EGRESO,PERFIL_EGRESO,REVISAR_PERFIL_EGRESO_SIN_FUENTE,REVISAR,DESCONOCIDA,MEDIA,DUDA_METODOLOGICA,I162S2C13J1V1
25,TEXTO_REQUISITO_INGRESO,TEXTO_REQUISITO_INGRESO,REVISAR_TEXTO_REQUISITO_INGRESO_SIN_FUENTE,REVISAR,DESCONOCIDA,MEDIA,DUDA_METODOLOGICA,I162S2C13J1V1
25,LICENCIA_ENS_MEDIA,LICENCIA_ENS_MEDIA,REVISAR_LICENCIA_ENS_MEDIA_SIN_FUENTE,REVISAR,DESCONOCIDA,MEDIA,DUDA_METODOLOGICA,I162S2C13J1V1
25,NOTAS_ENS_MEDIA,NOTAS_ENS_MEDIA,REVISAR_NOTAS_ENS_MEDIA_SIN_FUENTE,REVISAR,DESCONOCIDA,MEDIA,DUDA_METODOLOGICA,I162S2C13J1V1
25,PROMEDIO_MIN_ENS_MEDIA,PROMEDIO_MIN_ENS_MEDIA,REVISAR_PROMEDIO_MIN_ENS_MEDIA_SIN_FUENTE,REVISAR,DESCONOCIDA,MEDIA,DUDA_METODOLOGICA,I162S2C13J1V1
25,RECONOCIMIENTOS_APREN_PREVIOS,RECONOCIMIENTOS_APREN_PREVIOS,REVISAR_RECONOCIMIENTOS_APREN_PREVIOS_SIN_FUENTE,REVISAR,DESCONOCIDA,MEDIA,DUDA_METODOLOGICA,I162S2C13J1V1
25,EXPERIENCIA_LABORAL,EXPERIENCIA_LABORAL,REVISAR_EXPERIENCIA_LABORAL_SIN_FUENTE,REVISAR,DESCONOCIDA,MEDIA,DUDA_METODOLOGICA,I162S2C13J1V1
25,OTROS_REQUISITOS,OTROS_REQUISITOS,REVISAR_OTROS_REQUISITOS_SIN_FUENTE,REVISAR,DESCONOCIDA,MEDIA,DUDA_METODOLOGICA,I162S2C13J1V1
25,MAIL_DIFUSION_CARRERA,MAIL_DIFUSION_CARRERA,REVISAR_MAIL_DIFUSION_CARRERA_SIN_FUENTE,REVISAR,DESCONOCIDA,MEDIA,DUDA_METODOLOGICA,I162S2C13J1V1
25,FORMATO_VALOR,FORMATO_VALOR,REVISAR_FORMATO_VALOR_SIN_FUENTE,REVISAR,DESCONOCIDA,MEDIA,DUDA_METODOLOGICA,I162S2C13J1V1
25,VALOR_MATRICULA_ANUAL,VALOR_MATRICULA_ANUAL,REVISAR_VALOR_MATRICULA_ANUAL_SIN_FUENTE,REVISAR,DESCONOCIDA,MEDIA,DUDA_METODOLOGICA,I162S2C13J1V1
25,COSTO_TITULACION,COSTO_TITULACION,REVISAR_COSTO_TITULACION_SIN_FUENTE,REVISAR,DESCONOCIDA,MEDIA,DUDA_METODOLOGICA,I162S2C13J1V1
25,VALOR_CERTIFICADO_DIPLOMA,VALOR_CERTIFICADO_DIPLOMA,REVISAR_VALOR_CERTIFICADO_DIPLOMA_SIN_FUENTE,REVISAR,DESCONOCIDA,MEDIA,DUDA_METODOLOGICA,I162S2C13J1V1
25,ARANCEL_ANUAL,ARANCEL_ANUAL,REVISAR_ARANCEL_ANUAL_SIN_FUENTE,REVISAR,DESCONOCIDA,MEDIA,DUDA_METODOLOGICA,I162S2C13J1V1
25,CNED_ESTADO_AUDITORIA,CNED_ESTADO_AUDITORIA,REQUIERE_REVISION,REVISION,AUXILIAR_TECNICA,BAJA,MARCA_TECNICA_REMOVIBLE,I162S2C13J1V1
25,CNED_ALERTAS,CNED_ALERTAS,CONTIENE_MARCAS_TECNICAS_DE_REVISION,REVISION,AUXILIAR_TECNICA,BAJA,MARCA_TECNICA_REMOVIBLE,I162S2C13J1V1
25,CNED_PUEDE_SUBIR_PRELIMINAR,CNED_PUEDE_SUBIR_PRELIMINAR,REVISAR,REVISAR,AUXILIAR_TECNICA,BAJA,MARCA_TECNICA_REMOVIBLE,I162S2C13J1V1
26,Año de inicio de Actividades,ANO_DE_INICIO_DE_ACTIVIDADES,DECISION_MANUAL_ANIO_INICIO,MANUAL,DESCONOCIDA,MEDIA,DUDA_METODOLOGICA,I162S2C13J2V1
26,Área del Conocimiento,AREA_DEL_CONOCIMIENTO,REVISAR_AREA_SIN_FUENTE_DIRECTA,REVISAR,DESCONOCIDA,MEDIA,DUDA_METODOLOGICA,I162S2C13J2V1
26,Sub Área,SUB_AREA,REVISAR_SUB_AREA_SIN_FUENTE_DIRECTA,REVISAR,DESCONOCIDA,MEDIA,DUDA_METODOLOGICA,I162S2C13J2V1
26,Carrera Genérica,CARRERA_GENERICA,REVISAR_CARRERA_GENERICA_SIN_FUENTE_DIRECTA,REVISAR,DESCONOCIDA,MEDIA,DUDA_METODOLOGICA,I162S2C13J2V1
26,Título que otorga el programa,TITULO_QUE_OTORGA_EL_PROGRAMA,REVISAR_TITULO_SIN_FUENTE_DIRECTA,REVISAR,DESCONOCIDA,MEDIA,DUDA_METODOLOGICA,I162S2C13J2V1
26,Grado Académico que otorga el programa,GRADO_ACADEMICO_QUE_OTORGA_EL_PROGRAMA,REVISAR_GRADO_ACADEMICO_SIN_FUENTE_DIRECTA,REVISAR,DESCONOCIDA,MEDIA,DUDA_METODOLOGICA,I162S2C13J2V1
26,Dependencia,DEPENDENCIA,REVISAR_DEPENDENCIA_SIN_FUENTE_DIRECTA,REVISAR,DESCONOCIDA,MEDIA,DUDA_METODOLOGICA,I162S2C13J2V1
26,Régimen,REGIMEN,REVISAR_REGIMEN_SIN_FUENTE,REVISAR,OFICIAL_PROBABLE,ALTA,CAMPO_PENDIENTE_REAL,I162S2C13J2V1
26,Ingreso Directo,INGRESO_DIRECTO,REVISAR_INGRESO_DIRECTO_SIN_FUENTE_DIRECTA,REVISAR,DESCONOCIDA,MEDIA,DUDA_METODOLOGICA,I162S2C13J2V1
26,Observaciones,OBSERVACIONES,Crear según matriz PROMEDIOSDEALUMNOS_7804.xlsx / hoja matriz; conciliado contra diccionario oferta 2026; no encontrado en listado existente INDICES por CODIGO_UNICO; campos sin fuente directa quedan con revisión específica.,REVISION,DESCONOCIDA,MEDIA,OBSERVACION_INSTITUCIONAL,I162S2C13J2V1
26,ANIO_INICIO,ANIO_INICIO,REVISAR_ANIO_INICIO_SIN_FUENTE,REVISAR,OFICIAL_PROBABLE,ALTA,CAMPO_PENDIENTE_REAL,I162S2C13J2V1
26,REGIMEN,REGIMEN,REVISAR_REGIMEN_SIN_FUENTE,REVISAR,OFICIAL_PROBABLE,ALTA,CAMPO_PENDIENTE_REAL,I162S2C13J2V1
26,DURACION_REGIMEN,DURACION_REGIMEN,REVISAR_DURACION_REGIMEN_SIN_FUENTE,REVISAR,OFICIAL_PROBABLE,ALTA,CAMPO_PENDIENTE_REAL,I162S2C13J2V1
26,NOMBRE_TITULO,NOMBRE_TITULO,REVISAR_NOMBRE_TITULO_SIN_FUENTE_CONFIABLE,REVISAR,OFICIAL_PROBABLE,ALTA,CAMPO_PENDIENTE_REAL,I162S2C13J2V1
26,ACREDITACION,ACREDITACION,REVISAR_ACREDITACION_SIN_FUENTE,REVISAR,OFICIAL_PROBABLE,ALTA,CAMPO_PENDIENTE_REAL,I162S2C13J2V1
26,REQUISITO_INGRESO,REQUISITO_INGRESO,REVISAR_REQUISITO_INGRESO_SIN_FUENTE,REVISAR,OFICIAL_PROBABLE,ALTA,CAMPO_PENDIENTE_REAL,I162S2C13J2V1
26,SEMESTRES_RECONOCIDOS,SEMESTRES_RECONOCIDOS,REVISAR_SEMESTRES_RECONOCIDOS_SIN_FUENTE,REVISAR,OFICIAL_PROBABLE,ALTA,CAMPO_PENDIENTE_REAL,I162S2C13J2V1
26,AREA_ACTUAL,AREA_ACTUAL,REVISAR_AREA_ACTUAL_SIN_FUENTE,REVISAR,OFICIAL_PROBABLE,ALTA,CAMPO_PENDIENTE_REAL,I162S2C13J2V1
26,AREA_ADMIN_DERECHO,AREA_ADMIN_DERECHO,REVISAR_AREA_ADMIN_DERECHO_SIN_FUENTE,REVISAR,DESCONOCIDA,MEDIA,DUDA_METODOLOGICA,I162S2C13J2V1
26,AREA_AGRI_SILVI_PESCA_VET,AREA_AGRI_SILVI_PESCA_VET,REVISAR_AREA_AGRI_SILVI_PESCA_VET_SIN_FUENTE,REVISAR,DESCONOCIDA,MEDIA,DUDA_METODOLOGICA,I162S2C13J2V1
26,AREA_ARTES_HUMANIDADES,AREA_ARTES_HUMANIDADES,REVISAR_AREA_ARTES_HUMANIDADES_SIN_FUENTE,REVISAR,DESCONOCIDA,MEDIA,DUDA_METODOLOGICA,I162S2C13J2V1
26,AREA_CIENCIAS_NAT_MAT_ESTAD,AREA_CIENCIAS_NAT_MAT_ESTAD,REVISAR_AREA_CIENCIAS_NAT_MAT_ESTAD_SIN_FUENTE,REVISAR,DESCONOCIDA,MEDIA,DUDA_METODOLOGICA,I162S2C13J2V1
26,AREA_CS_SOCIAL_PERIODISMO_INFO,AREA_CS_SOCIAL_PERIODISMO_INFO,REVISAR_AREA_CS_SOCIAL_PERIODISMO_INFO_SIN_FUENTE,REVISAR,DESCONOCIDA,MEDIA,DUDA_METODOLOGICA,I162S2C13J2V1
26,AREA_EDUCACION,AREA_EDUCACION,REVISAR_AREA_EDUCACION_SIN_FUENTE,REVISAR,DESCONOCIDA,MEDIA,DUDA_METODOLOGICA,I162S2C13J2V1
26,AREA_INGE_INDUSTRIA_CONSTRUC,AREA_INGE_INDUSTRIA_CONSTRUC,REVISAR_AREA_INGE_INDUSTRIA_CONSTRUC_SIN_FUENTE,REVISAR,DESCONOCIDA,MEDIA,DUDA_METODOLOGICA,I162S2C13J2V1
26,AREA_SALUD_BIENESTAR,AREA_SALUD_BIENESTAR,REVISAR_AREA_SALUD_BIENESTAR_SIN_FUENTE,REVISAR,DESCONOCIDA,MEDIA,DUDA_METODOLOGICA,I162S2C13J2V1
26,AREA_SERVICIOS,AREA_SERVICIOS,REVISAR_AREA_SERVICIOS_SIN_FUENTE,REVISAR,DESCONOCIDA,MEDIA,DUDA_METODOLOGICA,I162S2C13J2V1
26,AREA_TECNO_INFO_COMUNICA,AREA_TECNO_INFO_COMUNICA,REVISAR_AREA_TECNO_INFO_COMUNICA_SIN_FUENTE,REVISAR,DESCONOCIDA,MEDIA,DUDA_METODOLOGICA,I162S2C13J2V1
26,VACANTES_PRIMER_SEMESTRE,VACANTES_PRIMER_SEMESTRE,REVISAR_VACANTES_PRIMER_SEMESTRE_SIN_FUENTE,REVISAR,DESCONOCIDA,MEDIA,DUDA_METODOLOGICA,I162S2C13J2V1
26,VACANTES_SEGUNDO_SEMESTRE,VACANTES_SEGUNDO_SEMESTRE,REVISAR_VACANTES_SEGUNDO_SEMESTRE_SIN_FUENTE,REVISAR,DESCONOCIDA,MEDIA,DUDA_METODOLOGICA,I162S2C13J2V1
26,FECHA_ADMISION_INICIAL,FECHA_ADMISION_INICIAL,REVISAR_FECHA_ADMISION_INICIAL_SIN_FUENTE,REVISAR,DESCONOCIDA,MEDIA,DUDA_METODOLOGICA,I162S2C13J2V1
26,MALLA_CURRICULAR,MALLA_CURRICULAR,REVISAR_MALLA_CURRICULAR_SIN_FUENTE,REVISAR,DESCONOCIDA,MEDIA,DUDA_METODOLOGICA,I162S2C13J2V1
26,PERFIL_EGRESO,PERFIL_EGRESO,REVISAR_PERFIL_EGRESO_SIN_FUENTE,REVISAR,DESCONOCIDA,MEDIA,DUDA_METODOLOGICA,I162S2C13J2V1
26,TEXTO_REQUISITO_INGRESO,TEXTO_REQUISITO_INGRESO,REVISAR_TEXTO_REQUISITO_INGRESO_SIN_FUENTE,REVISAR,DESCONOCIDA,MEDIA,DUDA_METODOLOGICA,I162S2C13J2V1
26,LICENCIA_ENS_MEDIA,LICENCIA_ENS_MEDIA,REVISAR_LICENCIA_ENS_MEDIA_SIN_FUENTE,REVISAR,DESCONOCIDA,MEDIA,DUDA_METODOLOGICA,I162S2C13J2V1
26,NOTAS_ENS_MEDIA,NOTAS_ENS_MEDIA,REVISAR_NOTAS_ENS_MEDIA_SIN_FUENTE,REVISAR,DESCONOCIDA,MEDIA,DUDA_METODOLOGICA,I162S2C13J2V1
26,PROMEDIO_MIN_ENS_MEDIA,PROMEDIO_MIN_ENS_MEDIA,REVISAR_PROMEDIO_MIN_ENS_MEDIA_SIN_FUENTE,REVISAR,DESCONOCIDA,MEDIA,DUDA_METODOLOGICA,I162S2C13J2V1
26,RECONOCIMIENTOS_APREN_PREVIOS,RECONOCIMIENTOS_APREN_PREVIOS,REVISAR_RECONOCIMIENTOS_APREN_PREVIOS_SIN_FUENTE,REVISAR,DESCONOCIDA,MEDIA,DUDA_METODOLOGICA,I162S2C13J2V1
26,EXPERIENCIA_LABORAL,EXPERIENCIA_LABORAL,REVISAR_EXPERIENCIA_LABORAL_SIN_FUENTE,REVISAR,DESCONOCIDA,MEDIA,DUDA_METODOLOGICA,I162S2C13J2V1
26,OTROS_REQUISITOS,OTROS_REQUISITOS,REVISAR_OTROS_REQUISITOS_SIN_FUENTE,REVISAR,DESCONOCIDA,MEDIA,DUDA_METODOLOGICA,I162S2C13J2V1
26,MAIL_DIFUSION_CARRERA,MAIL_DIFUSION_CARRERA,REVISAR_MAIL_DIFUSION_CARRERA_SIN_FUENTE,REVISAR,DESCONOCIDA,MEDIA,DUDA_METODOLOGICA,I162S2C13J2V1
26,FORMATO_VALOR,FORMATO_VALOR,REVISAR_FORMATO_VALOR_SIN_FUENTE,REVISAR,DESCONOCIDA,MEDIA,DUDA_METODOLOGICA,I162S2C13J2V1
26,VALOR_MATRICULA_ANUAL,VALOR_MATRICULA_ANUAL,REVISAR_VALOR_MATRICULA_ANUAL_SIN_FUENTE,REVISAR,DESCONOCIDA,MEDIA,DUDA_METODOLOGICA,I162S2C13J2V1
26,COSTO_TITULACION,COSTO_TITULACION,REVISAR_COSTO_TITULACION_SIN_FUENTE,REVISAR,DESCONOCIDA,MEDIA,DUDA_METODOLOGICA,I162S2C13J2V1
26,VALOR_CERTIFICADO_DIPLOMA,VALOR_CERTIFICADO_DIPLOMA,REVISAR_VALOR_CERTIFICADO_DIPLOMA_SIN_FUENTE,REVISAR,DESCONOCIDA,MEDIA,DUDA_METODOLOGICA,I162S2C13J2V1
26,ARANCEL_ANUAL,ARANCEL_ANUAL,REVISAR_ARANCEL_ANUAL_SIN_FUENTE,REVISAR,DESCONOCIDA,MEDIA,DUDA_METODOLOGICA,I162S2C13J2V1
26,CNED_ESTADO_AUDITORIA,CNED_ESTADO_AUDITORIA,REQUIERE_REVISION,REVISION,AUXILIAR_TECNICA,BAJA,MARCA_TECNICA_REMOVIBLE,I162S2C13J2V1
26,CNED_ALERTAS,CNED_ALERTAS,CONTIENE_MARCAS_TECNICAS_DE_REVISION,REVISION,AUXILIAR_TECNICA,BAJA,MARCA_TECNICA_REMOVIBLE,I162S2C13J2V1
26,CNED_PUEDE_SUBIR_PRELIMINAR,CNED_PUEDE_SUBIR_PRELIMINAR,REVISAR,REVISAR,AUXILIAR_TECNICA,BAJA,MARCA_TECNICA_REMOVIBLE,I162S2C13J2V1
27,Detalle del Tipo de Programa (especiales),DETALLE_DEL_TIPO_DE_PROGRAMA_ESPECIALES,REVISAR_DETALLE_PROGRAMA_ESPECIAL,REVISAR,DESCONOCIDA,MEDIA,DUDA_METODOLOGICA,I162S2C1J2V2
27,Área del Conocimiento,AREA_DEL_CONOCIMIENTO,REVISAR_AREA_CODIGO_10,REVISAR,DESCONOCIDA,MEDIA,DUDA_METODOLOGICA,I162S2C1J2V2
27,Sub Área,SUB_AREA,REVISAR_SUB_AREA_SIN_FUENTE_DIRECTA,REVISAR,DESCONOCIDA,MEDIA,DUDA_METODOLOGICA,I162S2C1J2V2
27,Carrera Genérica,CARRERA_GENERICA,REVISAR_CARRERA_GENERICA_SIN_FUENTE_DIRECTA,REVISAR,DESCONOCIDA,MEDIA,DUDA_METODOLOGICA,I162S2C1J2V2
27,Grado Académico que otorga el programa,GRADO_ACADEMICO_QUE_OTORGA_EL_PROGRAMA,REVISAR_GRADO_ACADEMICO_SIN_FUENTE_DIRECTA,REVISAR,DESCONOCIDA,MEDIA,DUDA_METODOLOGICA,I162S2C1J2V2
27,Dependencia,DEPENDENCIA,REVISAR_DEPENDENCIA_SIN_FUENTE_DIRECTA,REVISAR,DESCONOCIDA,MEDIA,DUDA_METODOLOGICA,I162S2C1J2V2
27,Régimen,REGIMEN,REVISAR_REGIMEN_CODIGO_1,REVISAR,OFICIAL_PROBABLE,ALTA,CAMPO_PENDIENTE_REAL,I162S2C1J2V2
27,Ingreso Directo,INGRESO_DIRECTO,REVISAR_INGRESO_DIRECTO_CODIGO_REQUISITO_INGRESO_2_SEMESTRES_RECONOCIDOS_5,REVISAR,DESCONOCIDA,MEDIA,DUDA_METODOLOGICA,I162S2C1J2V2
27,Otro Tipo de Ingreso,OTRO_TIPO_DE_INGRESO,REVISAR_OTRO_TIPO_INGRESO_CODIGO_REQUISITO_INGRESO_2_SEMESTRES_RECONOCIDOS_5,REVISAR,DESCONOCIDA,MEDIA,DUDA_METODOLOGICA,I162S2C1J2V2
27,Ingreso otro,INGRESO_OTRO,REVISAR_DESCRIPCION_OTRO_INGRESO_SIN_TEXTO_FUENTE,REVISAR,DESCONOCIDA,MEDIA,DUDA_METODOLOGICA,I162S2C1J2V2
27,Observaciones,OBSERVACIONES,Crear según matriz PROMEDIOSDEALUMNOS_7804.xlsx / hoja matriz; conciliado contra diccionario oferta 2026; no encontrado en listado existente INDICES por CODIGO_UNICO; campos sin fuente directa quedan con revisión específica.,REVISION,DESCONOCIDA,MEDIA,OBSERVACION_INSTITUCIONAL,I162S2C1J2V2
27,FECHA_ADMISION_INICIAL,FECHA_ADMISION_INICIAL,REVISAR_FECHA_ADMISION_INICIAL_SIN_FUENTE,REVISAR,DESCONOCIDA,MEDIA,DUDA_METODOLOGICA,I162S2C1J2V2
27,MALLA_CURRICULAR,MALLA_CURRICULAR,REVISAR_MALLA_CURRICULAR_SIN_FUENTE,REVISAR,DESCONOCIDA,MEDIA,DUDA_METODOLOGICA,I162S2C1J2V2
27,PERFIL_EGRESO,PERFIL_EGRESO,REVISAR_PERFIL_EGRESO_SIN_FUENTE,REVISAR,DESCONOCIDA,MEDIA,DUDA_METODOLOGICA,I162S2C1J2V2
27,TEXTO_REQUISITO_INGRESO,TEXTO_REQUISITO_INGRESO,REVISAR_TEXTO_REQUISITO_INGRESO_SIN_FUENTE,REVISAR,DESCONOCIDA,MEDIA,DUDA_METODOLOGICA,I162S2C1J2V2
27,LICENCIA_ENS_MEDIA,LICENCIA_ENS_MEDIA,REVISAR_LICENCIA_ENS_MEDIA_SIN_FUENTE,REVISAR,DESCONOCIDA,MEDIA,DUDA_METODOLOGICA,I162S2C1J2V2
27,NOTAS_ENS_MEDIA,NOTAS_ENS_MEDIA,REVISAR_NOTAS_ENS_MEDIA_SIN_FUENTE,REVISAR,DESCONOCIDA,MEDIA,DUDA_METODOLOGICA,I162S2C1J2V2
27,PROMEDIO_MIN_ENS_MEDIA,PROMEDIO_MIN_ENS_MEDIA,REVISAR_PROMEDIO_MIN_ENS_MEDIA_SIN_FUENTE,REVISAR,DESCONOCIDA,MEDIA,DUDA_METODOLOGICA,I162S2C1J2V2
27,RECONOCIMIENTOS_APREN_PREVIOS,RECONOCIMIENTOS_APREN_PREVIOS,REVISAR_RECONOCIMIENTOS_APREN_PREVIOS_SIN_FUENTE,REVISAR,DESCONOCIDA,MEDIA,DUDA_METODOLOGICA,I162S2C1J2V2
27,EXPERIENCIA_LABORAL,EXPERIENCIA_LABORAL,REVISAR_EXPERIENCIA_LABORAL_SIN_FUENTE,REVISAR,DESCONOCIDA,MEDIA,DUDA_METODOLOGICA,I162S2C1J2V2
27,OTROS_REQUISITOS,OTROS_REQUISITOS,REVISAR_OTROS_REQUISITOS_SIN_FUENTE,REVISAR,DESCONOCIDA,MEDIA,DUDA_METODOLOGICA,I162S2C1J2V2
27,MAIL_DIFUSION_CARRERA,MAIL_DIFUSION_CARRERA,REVISAR_MAIL_DIFUSION_CARRERA_SIN_FUENTE,REVISAR,DESCONOCIDA,MEDIA,DUDA_METODOLOGICA,I162S2C1J2V2
27,FORMATO_VALOR,FORMATO_VALOR,REVISAR_FORMATO_VALOR_SIN_FUENTE,REVISAR,DESCONOCIDA,MEDIA,DUDA_METODOLOGICA,I162S2C1J2V2
27,VALOR_MATRICULA_ANUAL,VALOR_MATRICULA_ANUAL,REVISAR_VALOR_MATRICULA_ANUAL_SIN_FUENTE,REVISAR,DESCONOCIDA,MEDIA,DUDA_METODOLOGICA,I162S2C1J2V2
27,COSTO_TITULACION,COSTO_TITULACION,REVISAR_COSTO_TITULACION_SIN_FUENTE,REVISAR,DESCONOCIDA,MEDIA,DUDA_METODOLOGICA,I162S2C1J2V2
27,VALOR_CERTIFICADO_DIPLOMA,VALOR_CERTIFICADO_DIPLOMA,REVISAR_VALOR_CERTIFICADO_DIPLOMA_SIN_FUENTE,REVISAR,DESCONOCIDA,MEDIA,DUDA_METODOLOGICA,I162S2C1J2V2
27,ARANCEL_ANUAL,ARANCEL_ANUAL,REVISAR_ARANCEL_ANUAL_SIN_FUENTE,REVISAR,DESCONOCIDA,MEDIA,DUDA_METODOLOGICA,I162S2C1J2V2
27,VIGENCIA_CARRERA,VIGENCIA_CARRERA,REVISAR_VIGENCIA_CARRERA_SIN_FUENTE_DIRECTA,REVISAR,OFICIAL_PROBABLE,ALTA,CAMPO_PENDIENTE_REAL,I162S2C1J2V2
27,CNED_ESTADO_AUDITORIA,CNED_ESTADO_AUDITORIA,REQUIERE_REVISION,REVISION,AUXILIAR_TECNICA,BAJA,MARCA_TECNICA_REMOVIBLE,I162S2C1J2V2
27,CNED_ALERTAS,CNED_ALERTAS,CONTIENE_MARCAS_TECNICAS_DE_REVISION,REVISION,AUXILIAR_TECNICA,BAJA,MARCA_TECNICA_REMOVIBLE,I162S2C1J2V2
27,CNED_PUEDE_SUBIR_PRELIMINAR,CNED_PUEDE_SUBIR_PRELIMINAR,REVISAR,REVISAR,AUXILIAR_TECNICA,BAJA,MARCA_TECNICA_REMOVIBLE,I162S2C1J2V2
28,Detalle del Tipo de Programa (especiales),DETALLE_DEL_TIPO_DE_PROGRAMA_ESPECIALES,REVISAR_DETALLE_PROGRAMA_ESPECIAL,REVISAR,DESCONOCIDA,MEDIA,DUDA_METODOLOGICA,I162S2C1J4V3
28,Área del Conocimiento,AREA_DEL_CONOCIMIENTO,REVISAR_AREA_CODIGO_10,REVISAR,DESCONOCIDA,MEDIA,DUDA_METODOLOGICA,I162S2C1J4V3
28,Sub Área,SUB_AREA,REVISAR_SUB_AREA_SIN_FUENTE_DIRECTA,REVISAR,DESCONOCIDA,MEDIA,DUDA_METODOLOGICA,I162S2C1J4V3
28,Carrera Genérica,CARRERA_GENERICA,REVISAR_CARRERA_GENERICA_SIN_FUENTE_DIRECTA,REVISAR,DESCONOCIDA,MEDIA,DUDA_METODOLOGICA,I162S2C1J4V3
28,Grado Académico que otorga el programa,GRADO_ACADEMICO_QUE_OTORGA_EL_PROGRAMA,REVISAR_GRADO_ACADEMICO_SIN_FUENTE_DIRECTA,REVISAR,DESCONOCIDA,MEDIA,DUDA_METODOLOGICA,I162S2C1J4V3
28,Dependencia,DEPENDENCIA,REVISAR_DEPENDENCIA_SIN_FUENTE_DIRECTA,REVISAR,DESCONOCIDA,MEDIA,DUDA_METODOLOGICA,I162S2C1J4V3
28,Régimen,REGIMEN,REVISAR_REGIMEN_CODIGO_1,REVISAR,OFICIAL_PROBABLE,ALTA,CAMPO_PENDIENTE_REAL,I162S2C1J4V3
28,Ingreso Directo,INGRESO_DIRECTO,REVISAR_INGRESO_DIRECTO_CODIGO_REQUISITO_INGRESO_2_SEMESTRES_RECONOCIDOS_4,REVISAR,DESCONOCIDA,MEDIA,DUDA_METODOLOGICA,I162S2C1J4V3
28,Otro Tipo de Ingreso,OTRO_TIPO_DE_INGRESO,REVISAR_OTRO_TIPO_INGRESO_CODIGO_REQUISITO_INGRESO_2_SEMESTRES_RECONOCIDOS_4,REVISAR,DESCONOCIDA,MEDIA,DUDA_METODOLOGICA,I162S2C1J4V3
28,Ingreso otro,INGRESO_OTRO,REVISAR_DESCRIPCION_OTRO_INGRESO_SIN_TEXTO_FUENTE,REVISAR,DESCONOCIDA,MEDIA,DUDA_METODOLOGICA,I162S2C1J4V3
28,Observaciones,OBSERVACIONES,Crear según matriz PROMEDIOSDEALUMNOS_7804.xlsx / hoja matriz; conciliado contra diccionario oferta 2026; no encontrado en listado existente INDICES por CODIGO_UNICO; campos sin fuente directa quedan con revisión específica.,REVISION,DESCONOCIDA,MEDIA,OBSERVACION_INSTITUCIONAL,I162S2C1J4V3
28,FECHA_ADMISION_INICIAL,FECHA_ADMISION_INICIAL,REVISAR_FECHA_ADMISION_INICIAL_SIN_FUENTE,REVISAR,DESCONOCIDA,MEDIA,DUDA_METODOLOGICA,I162S2C1J4V3
28,MALLA_CURRICULAR,MALLA_CURRICULAR,REVISAR_MALLA_CURRICULAR_SIN_FUENTE,REVISAR,DESCONOCIDA,MEDIA,DUDA_METODOLOGICA,I162S2C1J4V3
28,PERFIL_EGRESO,PERFIL_EGRESO,REVISAR_PERFIL_EGRESO_SIN_FUENTE,REVISAR,DESCONOCIDA,MEDIA,DUDA_METODOLOGICA,I162S2C1J4V3
28,TEXTO_REQUISITO_INGRESO,TEXTO_REQUISITO_INGRESO,REVISAR_TEXTO_REQUISITO_INGRESO_SIN_FUENTE,REVISAR,DESCONOCIDA,MEDIA,DUDA_METODOLOGICA,I162S2C1J4V3
28,LICENCIA_ENS_MEDIA,LICENCIA_ENS_MEDIA,REVISAR_LICENCIA_ENS_MEDIA_SIN_FUENTE,REVISAR,DESCONOCIDA,MEDIA,DUDA_METODOLOGICA,I162S2C1J4V3
28,NOTAS_ENS_MEDIA,NOTAS_ENS_MEDIA,REVISAR_NOTAS_ENS_MEDIA_SIN_FUENTE,REVISAR,DESCONOCIDA,MEDIA,DUDA_METODOLOGICA,I162S2C1J4V3
28,PROMEDIO_MIN_ENS_MEDIA,PROMEDIO_MIN_ENS_MEDIA,REVISAR_PROMEDIO_MIN_ENS_MEDIA_SIN_FUENTE,REVISAR,DESCONOCIDA,MEDIA,DUDA_METODOLOGICA,I162S2C1J4V3
28,RECONOCIMIENTOS_APREN_PREVIOS,RECONOCIMIENTOS_APREN_PREVIOS,REVISAR_RECONOCIMIENTOS_APREN_PREVIOS_SIN_FUENTE,REVISAR,DESCONOCIDA,MEDIA,DUDA_METODOLOGICA,I162S2C1J4V3
28,EXPERIENCIA_LABORAL,EXPERIENCIA_LABORAL,REVISAR_EXPERIENCIA_LABORAL_SIN_FUENTE,REVISAR,DESCONOCIDA,MEDIA,DUDA_METODOLOGICA,I162S2C1J4V3
28,OTROS_REQUISITOS,OTROS_REQUISITOS,REVISAR_OTROS_REQUISITOS_SIN_FUENTE,REVISAR,DESCONOCIDA,MEDIA,DUDA_METODOLOGICA,I162S2C1J4V3
28,MAIL_DIFUSION_CARRERA,MAIL_DIFUSION_CARRERA,REVISAR_MAIL_DIFUSION_CARRERA_SIN_FUENTE,REVISAR,DESCONOCIDA,MEDIA,DUDA_METODOLOGICA,I162S2C1J4V3
28,FORMATO_VALOR,FORMATO_VALOR,REVISAR_FORMATO_VALOR_SIN_FUENTE,REVISAR,DESCONOCIDA,MEDIA,DUDA_METODOLOGICA,I162S2C1J4V3
28,VALOR_MATRICULA_ANUAL,VALOR_MATRICULA_ANUAL,REVISAR_VALOR_MATRICULA_ANUAL_SIN_FUENTE,REVISAR,DESCONOCIDA,MEDIA,DUDA_METODOLOGICA,I162S2C1J4V3
28,COSTO_TITULACION,COSTO_TITULACION,REVISAR_COSTO_TITULACION_SIN_FUENTE,REVISAR,DESCONOCIDA,MEDIA,DUDA_METODOLOGICA,I162S2C1J4V3
28,VALOR_CERTIFICADO_DIPLOMA,VALOR_CERTIFICADO_DIPLOMA,REVISAR_VALOR_CERTIFICADO_DIPLOMA_SIN_FUENTE,REVISAR,DESCONOCIDA,MEDIA,DUDA_METODOLOGICA,I162S2C1J4V3
28,ARANCEL_ANUAL,ARANCEL_ANUAL,REVISAR_ARANCEL_ANUAL_SIN_FUENTE,REVISAR,DESCONOCIDA,MEDIA,DUDA_METODOLOGICA,I162S2C1J4V3
28,VIGENCIA_CARRERA,VIGENCIA_CARRERA,REVISAR_VIGENCIA_CARRERA_SIN_FUENTE_DIRECTA,REVISAR,OFICIAL_PROBABLE,ALTA,CAMPO_PENDIENTE_REAL,I162S2C1J4V3
28,CNED_ESTADO_AUDITORIA,CNED_ESTADO_AUDITORIA,REQUIERE_REVISION,REVISION,AUXILIAR_TECNICA,BAJA,MARCA_TECNICA_REMOVIBLE,I162S2C1J4V3
28,CNED_ALERTAS,CNED_ALERTAS,CONTIENE_MARCAS_TECNICAS_DE_REVISION,REVISION,AUXILIAR_TECNICA,BAJA,MARCA_TECNICA_REMOVIBLE,I162S2C1J4V3
28,CNED_PUEDE_SUBIR_PRELIMINAR,CNED_PUEDE_SUBIR_PRELIMINAR,REVISAR,REVISAR,AUXILIAR_TECNICA,BAJA,MARCA_TECNICA_REMOVIBLE,I162S2C1J4V3
29,Año de inicio de Actividades,ANO_DE_INICIO_DE_ACTIVIDADES,DECISION_MANUAL_ANIO_INICIO,MANUAL,DESCONOCIDA,MEDIA,DUDA_METODOLOGICA,I162S2C21J1V1
29,Área del Conocimiento,AREA_DEL_CONOCIMIENTO,REVISAR_AREA_SIN_FUENTE_DIRECTA,REVISAR,DESCONOCIDA,MEDIA,DUDA_METODOLOGICA,I162S2C21J1V1
29,Sub Área,SUB_AREA,REVISAR_SUB_AREA_SIN_FUENTE_DIRECTA,REVISAR,DESCONOCIDA,MEDIA,DUDA_METODOLOGICA,I162S2C21J1V1
29,Carrera Genérica,CARRERA_GENERICA,REVISAR_CARRERA_GENERICA_SIN_FUENTE_DIRECTA,REVISAR,DESCONOCIDA,MEDIA,DUDA_METODOLOGICA,I162S2C21J1V1
29,Título que otorga el programa,TITULO_QUE_OTORGA_EL_PROGRAMA,REVISAR_TITULO_SIN_FUENTE_DIRECTA,REVISAR,DESCONOCIDA,MEDIA,DUDA_METODOLOGICA,I162S2C21J1V1
29,Grado Académico que otorga el programa,GRADO_ACADEMICO_QUE_OTORGA_EL_PROGRAMA,REVISAR_GRADO_ACADEMICO_SIN_FUENTE_DIRECTA,REVISAR,DESCONOCIDA,MEDIA,DUDA_METODOLOGICA,I162S2C21J1V1
29,Dependencia,DEPENDENCIA,REVISAR_DEPENDENCIA_SIN_FUENTE_DIRECTA,REVISAR,DESCONOCIDA,MEDIA,DUDA_METODOLOGICA,I162S2C21J1V1
29,Régimen,REGIMEN,REVISAR_REGIMEN_SIN_FUENTE,REVISAR,OFICIAL_PROBABLE,ALTA,CAMPO_PENDIENTE_REAL,I162S2C21J1V1
29,Ingreso Directo,INGRESO_DIRECTO,REVISAR_INGRESO_DIRECTO_SIN_FUENTE_DIRECTA,REVISAR,DESCONOCIDA,MEDIA,DUDA_METODOLOGICA,I162S2C21J1V1
29,Observaciones,OBSERVACIONES,Crear según matriz PROMEDIOSDEALUMNOS_7804.xlsx / hoja matriz; conciliado contra diccionario oferta 2026; no encontrado en listado existente INDICES por CODIGO_UNICO; campos sin fuente directa quedan con revisión específica.,REVISION,DESCONOCIDA,MEDIA,OBSERVACION_INSTITUCIONAL,I162S2C21J1V1
29,ANIO_INICIO,ANIO_INICIO,REVISAR_ANIO_INICIO_SIN_FUENTE,REVISAR,OFICIAL_PROBABLE,ALTA,CAMPO_PENDIENTE_REAL,I162S2C21J1V1
29,REGIMEN,REGIMEN,REVISAR_REGIMEN_SIN_FUENTE,REVISAR,OFICIAL_PROBABLE,ALTA,CAMPO_PENDIENTE_REAL,I162S2C21J1V1
29,DURACION_REGIMEN,DURACION_REGIMEN,REVISAR_DURACION_REGIMEN_SIN_FUENTE,REVISAR,OFICIAL_PROBABLE,ALTA,CAMPO_PENDIENTE_REAL,I162S2C21J1V1
29,NOMBRE_TITULO,NOMBRE_TITULO,REVISAR_NOMBRE_TITULO_SIN_FUENTE_CONFIABLE,REVISAR,OFICIAL_PROBABLE,ALTA,CAMPO_PENDIENTE_REAL,I162S2C21J1V1
29,ACREDITACION,ACREDITACION,REVISAR_ACREDITACION_SIN_FUENTE,REVISAR,OFICIAL_PROBABLE,ALTA,CAMPO_PENDIENTE_REAL,I162S2C21J1V1
29,REQUISITO_INGRESO,REQUISITO_INGRESO,REVISAR_REQUISITO_INGRESO_SIN_FUENTE,REVISAR,OFICIAL_PROBABLE,ALTA,CAMPO_PENDIENTE_REAL,I162S2C21J1V1
29,SEMESTRES_RECONOCIDOS,SEMESTRES_RECONOCIDOS,REVISAR_SEMESTRES_RECONOCIDOS_SIN_FUENTE,REVISAR,OFICIAL_PROBABLE,ALTA,CAMPO_PENDIENTE_REAL,I162S2C21J1V1
29,AREA_ACTUAL,AREA_ACTUAL,REVISAR_AREA_ACTUAL_SIN_FUENTE,REVISAR,OFICIAL_PROBABLE,ALTA,CAMPO_PENDIENTE_REAL,I162S2C21J1V1
29,AREA_ADMIN_DERECHO,AREA_ADMIN_DERECHO,REVISAR_AREA_ADMIN_DERECHO_SIN_FUENTE,REVISAR,DESCONOCIDA,MEDIA,DUDA_METODOLOGICA,I162S2C21J1V1
29,AREA_AGRI_SILVI_PESCA_VET,AREA_AGRI_SILVI_PESCA_VET,REVISAR_AREA_AGRI_SILVI_PESCA_VET_SIN_FUENTE,REVISAR,DESCONOCIDA,MEDIA,DUDA_METODOLOGICA,I162S2C21J1V1
29,AREA_ARTES_HUMANIDADES,AREA_ARTES_HUMANIDADES,REVISAR_AREA_ARTES_HUMANIDADES_SIN_FUENTE,REVISAR,DESCONOCIDA,MEDIA,DUDA_METODOLOGICA,I162S2C21J1V1
29,AREA_CIENCIAS_NAT_MAT_ESTAD,AREA_CIENCIAS_NAT_MAT_ESTAD,REVISAR_AREA_CIENCIAS_NAT_MAT_ESTAD_SIN_FUENTE,REVISAR,DESCONOCIDA,MEDIA,DUDA_METODOLOGICA,I162S2C21J1V1
29,AREA_CS_SOCIAL_PERIODISMO_INFO,AREA_CS_SOCIAL_PERIODISMO_INFO,REVISAR_AREA_CS_SOCIAL_PERIODISMO_INFO_SIN_FUENTE,REVISAR,DESCONOCIDA,MEDIA,DUDA_METODOLOGICA,I162S2C21J1V1
29,AREA_EDUCACION,AREA_EDUCACION,REVISAR_AREA_EDUCACION_SIN_FUENTE,REVISAR,DESCONOCIDA,MEDIA,DUDA_METODOLOGICA,I162S2C21J1V1
29,AREA_INGE_INDUSTRIA_CONSTRUC,AREA_INGE_INDUSTRIA_CONSTRUC,REVISAR_AREA_INGE_INDUSTRIA_CONSTRUC_SIN_FUENTE,REVISAR,DESCONOCIDA,MEDIA,DUDA_METODOLOGICA,I162S2C21J1V1
29,AREA_SALUD_BIENESTAR,AREA_SALUD_BIENESTAR,REVISAR_AREA_SALUD_BIENESTAR_SIN_FUENTE,REVISAR,DESCONOCIDA,MEDIA,DUDA_METODOLOGICA,I162S2C21J1V1
29,AREA_SERVICIOS,AREA_SERVICIOS,REVISAR_AREA_SERVICIOS_SIN_FUENTE,REVISAR,DESCONOCIDA,MEDIA,DUDA_METODOLOGICA,I162S2C21J1V1
29,AREA_TECNO_INFO_COMUNICA,AREA_TECNO_INFO_COMUNICA,REVISAR_AREA_TECNO_INFO_COMUNICA_SIN_FUENTE,REVISAR,DESCONOCIDA,MEDIA,DUDA_METODOLOGICA,I162S2C21J1V1
29,VACANTES_PRIMER_SEMESTRE,VACANTES_PRIMER_SEMESTRE,REVISAR_VACANTES_PRIMER_SEMESTRE_SIN_FUENTE,REVISAR,DESCONOCIDA,MEDIA,DUDA_METODOLOGICA,I162S2C21J1V1
29,VACANTES_SEGUNDO_SEMESTRE,VACANTES_SEGUNDO_SEMESTRE,REVISAR_VACANTES_SEGUNDO_SEMESTRE_SIN_FUENTE,REVISAR,DESCONOCIDA,MEDIA,DUDA_METODOLOGICA,I162S2C21J1V1
29,FECHA_ADMISION_INICIAL,FECHA_ADMISION_INICIAL,REVISAR_FECHA_ADMISION_INICIAL_SIN_FUENTE,REVISAR,DESCONOCIDA,MEDIA,DUDA_METODOLOGICA,I162S2C21J1V1
29,MALLA_CURRICULAR,MALLA_CURRICULAR,REVISAR_MALLA_CURRICULAR_SIN_FUENTE,REVISAR,DESCONOCIDA,MEDIA,DUDA_METODOLOGICA,I162S2C21J1V1
29,PERFIL_EGRESO,PERFIL_EGRESO,REVISAR_PERFIL_EGRESO_SIN_FUENTE,REVISAR,DESCONOCIDA,MEDIA,DUDA_METODOLOGICA,I162S2C21J1V1
29,TEXTO_REQUISITO_INGRESO,TEXTO_REQUISITO_INGRESO,REVISAR_TEXTO_REQUISITO_INGRESO_SIN_FUENTE,REVISAR,DESCONOCIDA,MEDIA,DUDA_METODOLOGICA,I162S2C21J1V1
29,LICENCIA_ENS_MEDIA,LICENCIA_ENS_MEDIA,REVISAR_LICENCIA_ENS_MEDIA_SIN_FUENTE,REVISAR,DESCONOCIDA,MEDIA,DUDA_METODOLOGICA,I162S2C21J1V1
29,NOTAS_ENS_MEDIA,NOTAS_ENS_MEDIA,REVISAR_NOTAS_ENS_MEDIA_SIN_FUENTE,REVISAR,DESCONOCIDA,MEDIA,DUDA_METODOLOGICA,I162S2C21J1V1
29,PROMEDIO_MIN_ENS_MEDIA,PROMEDIO_MIN_ENS_MEDIA,REVISAR_PROMEDIO_MIN_ENS_MEDIA_SIN_FUENTE,REVISAR,DESCONOCIDA,MEDIA,DUDA_METODOLOGICA,I162S2C21J1V1
29,RECONOCIMIENTOS_APREN_PREVIOS,RECONOCIMIENTOS_APREN_PREVIOS,REVISAR_RECONOCIMIENTOS_APREN_PREVIOS_SIN_FUENTE,REVISAR,DESCONOCIDA,MEDIA,DUDA_METODOLOGICA,I162S2C21J1V1
29,EXPERIENCIA_LABORAL,EXPERIENCIA_LABORAL,REVISAR_EXPERIENCIA_LABORAL_SIN_FUENTE,REVISAR,DESCONOCIDA,MEDIA,DUDA_METODOLOGICA,I162S2C21J1V1
29,OTROS_REQUISITOS,OTROS_REQUISITOS,REVISAR_OTROS_REQUISITOS_SIN_FUENTE,REVISAR,DESCONOCIDA,MEDIA,DUDA_METODOLOGICA,I162S2C21J1V1
29,MAIL_DIFUSION_CARRERA,MAIL_DIFUSION_CARRERA,REVISAR_MAIL_DIFUSION_CARRERA_SIN_FUENTE,REVISAR,DESCONOCIDA,MEDIA,DUDA_METODOLOGICA,I162S2C21J1V1
29,FORMATO_VALOR,FORMATO_VALOR,REVISAR_FORMATO_VALOR_SIN_FUENTE,REVISAR,DESCONOCIDA,MEDIA,DUDA_METODOLOGICA,I162S2C21J1V1
29,VALOR_MATRICULA_ANUAL,VALOR_MATRICULA_ANUAL,REVISAR_VALOR_MATRICULA_ANUAL_SIN_FUENTE,REVISAR,DESCONOCIDA,MEDIA,DUDA_METODOLOGICA,I162S2C21J1V1
29,COSTO_TITULACION,COSTO_TITULACION,REVISAR_COSTO_TITULACION_SIN_FUENTE,REVISAR,DESCONOCIDA,MEDIA,DUDA_METODOLOGICA,I162S2C21J1V1
29,VALOR_CERTIFICADO_DIPLOMA,VALOR_CERTIFICADO_DIPLOMA,REVISAR_VALOR_CERTIFICADO_DIPLOMA_SIN_FUENTE,REVISAR,DESCONOCIDA,MEDIA,DUDA_METODOLOGICA,I162S2C21J1V1
29,ARANCEL_ANUAL,ARANCEL_ANUAL,REVISAR_ARANCEL_ANUAL_SIN_FUENTE,REVISAR,DESCONOCIDA,MEDIA,DUDA_METODOLOGICA,I162S2C21J1V1
29,CNED_ESTADO_AUDITORIA,CNED_ESTADO_AUDITORIA,REQUIERE_REVISION,REVISION,AUXILIAR_TECNICA,BAJA,MARCA_TECNICA_REMOVIBLE,I162S2C21J1V1
29,CNED_ALERTAS,CNED_ALERTAS,CONTIENE_MARCAS_TECNICAS_DE_REVISION,REVISION,AUXILIAR_TECNICA,BAJA,MARCA_TECNICA_REMOVIBLE,I162S2C21J1V1
29,CNED_PUEDE_SUBIR_PRELIMINAR,CNED_PUEDE_SUBIR_PRELIMINAR,REVISAR,REVISAR,AUXILIAR_TECNICA,BAJA,MARCA_TECNICA_REMOVIBLE,I162S2C21J1V1
30,Año de inicio de Actividades,ANO_DE_INICIO_DE_ACTIVIDADES,DECISION_MANUAL_ANIO_INICIO,MANUAL,DESCONOCIDA,MEDIA,DUDA_METODOLOGICA,I162S2C21J2V1
30,Área del Conocimiento,AREA_DEL_CONOCIMIENTO,REVISAR_AREA_SIN_FUENTE_DIRECTA,REVISAR,DESCONOCIDA,MEDIA,DUDA_METODOLOGICA,I162S2C21J2V1
30,Sub Área,SUB_AREA,REVISAR_SUB_AREA_SIN_FUENTE_DIRECTA,REVISAR,DESCONOCIDA,MEDIA,DUDA_METODOLOGICA,I162S2C21J2V1
30,Carrera Genérica,CARRERA_GENERICA,REVISAR_CARRERA_GENERICA_SIN_FUENTE_DIRECTA,REVISAR,DESCONOCIDA,MEDIA,DUDA_METODOLOGICA,I162S2C21J2V1
30,Título que otorga el programa,TITULO_QUE_OTORGA_EL_PROGRAMA,REVISAR_TITULO_SIN_FUENTE_DIRECTA,REVISAR,DESCONOCIDA,MEDIA,DUDA_METODOLOGICA,I162S2C21J2V1
30,Grado Académico que otorga el programa,GRADO_ACADEMICO_QUE_OTORGA_EL_PROGRAMA,REVISAR_GRADO_ACADEMICO_SIN_FUENTE_DIRECTA,REVISAR,DESCONOCIDA,MEDIA,DUDA_METODOLOGICA,I162S2C21J2V1
30,Dependencia,DEPENDENCIA,REVISAR_DEPENDENCIA_SIN_FUENTE_DIRECTA,REVISAR,DESCONOCIDA,MEDIA,DUDA_METODOLOGICA,I162S2C21J2V1
30,Régimen,REGIMEN,REVISAR_REGIMEN_SIN_FUENTE,REVISAR,OFICIAL_PROBABLE,ALTA,CAMPO_PENDIENTE_REAL,I162S2C21J2V1
30,Ingreso Directo,INGRESO_DIRECTO,REVISAR_INGRESO_DIRECTO_SIN_FUENTE_DIRECTA,REVISAR,DESCONOCIDA,MEDIA,DUDA_METODOLOGICA,I162S2C21J2V1
30,Observaciones,OBSERVACIONES,Crear según matriz PROMEDIOSDEALUMNOS_7804.xlsx / hoja matriz; conciliado contra diccionario oferta 2026; no encontrado en listado existente INDICES por CODIGO_UNICO; campos sin fuente directa quedan con revisión específica.,REVISION,DESCONOCIDA,MEDIA,OBSERVACION_INSTITUCIONAL,I162S2C21J2V1
30,ANIO_INICIO,ANIO_INICIO,REVISAR_ANIO_INICIO_SIN_FUENTE,REVISAR,OFICIAL_PROBABLE,ALTA,CAMPO_PENDIENTE_REAL,I162S2C21J2V1
30,REGIMEN,REGIMEN,REVISAR_REGIMEN_SIN_FUENTE,REVISAR,OFICIAL_PROBABLE,ALTA,CAMPO_PENDIENTE_REAL,I162S2C21J2V1
30,DURACION_REGIMEN,DURACION_REGIMEN,REVISAR_DURACION_REGIMEN_SIN_FUENTE,REVISAR,OFICIAL_PROBABLE,ALTA,CAMPO_PENDIENTE_REAL,I162S2C21J2V1
30,NOMBRE_TITULO,NOMBRE_TITULO,REVISAR_NOMBRE_TITULO_SIN_FUENTE_CONFIABLE,REVISAR,OFICIAL_PROBABLE,ALTA,CAMPO_PENDIENTE_REAL,I162S2C21J2V1
30,ACREDITACION,ACREDITACION,REVISAR_ACREDITACION_SIN_FUENTE,REVISAR,OFICIAL_PROBABLE,ALTA,CAMPO_PENDIENTE_REAL,I162S2C21J2V1
30,REQUISITO_INGRESO,REQUISITO_INGRESO,REVISAR_REQUISITO_INGRESO_SIN_FUENTE,REVISAR,OFICIAL_PROBABLE,ALTA,CAMPO_PENDIENTE_REAL,I162S2C21J2V1
30,SEMESTRES_RECONOCIDOS,SEMESTRES_RECONOCIDOS,REVISAR_SEMESTRES_RECONOCIDOS_SIN_FUENTE,REVISAR,OFICIAL_PROBABLE,ALTA,CAMPO_PENDIENTE_REAL,I162S2C21J2V1
30,AREA_ACTUAL,AREA_ACTUAL,REVISAR_AREA_ACTUAL_SIN_FUENTE,REVISAR,OFICIAL_PROBABLE,ALTA,CAMPO_PENDIENTE_REAL,I162S2C21J2V1
30,AREA_ADMIN_DERECHO,AREA_ADMIN_DERECHO,REVISAR_AREA_ADMIN_DERECHO_SIN_FUENTE,REVISAR,DESCONOCIDA,MEDIA,DUDA_METODOLOGICA,I162S2C21J2V1
30,AREA_AGRI_SILVI_PESCA_VET,AREA_AGRI_SILVI_PESCA_VET,REVISAR_AREA_AGRI_SILVI_PESCA_VET_SIN_FUENTE,REVISAR,DESCONOCIDA,MEDIA,DUDA_METODOLOGICA,I162S2C21J2V1
30,AREA_ARTES_HUMANIDADES,AREA_ARTES_HUMANIDADES,REVISAR_AREA_ARTES_HUMANIDADES_SIN_FUENTE,REVISAR,DESCONOCIDA,MEDIA,DUDA_METODOLOGICA,I162S2C21J2V1
30,AREA_CIENCIAS_NAT_MAT_ESTAD,AREA_CIENCIAS_NAT_MAT_ESTAD,REVISAR_AREA_CIENCIAS_NAT_MAT_ESTAD_SIN_FUENTE,REVISAR,DESCONOCIDA,MEDIA,DUDA_METODOLOGICA,I162S2C21J2V1
30,AREA_CS_SOCIAL_PERIODISMO_INFO,AREA_CS_SOCIAL_PERIODISMO_INFO,REVISAR_AREA_CS_SOCIAL_PERIODISMO_INFO_SIN_FUENTE,REVISAR,DESCONOCIDA,MEDIA,DUDA_METODOLOGICA,I162S2C21J2V1
30,AREA_EDUCACION,AREA_EDUCACION,REVISAR_AREA_EDUCACION_SIN_FUENTE,REVISAR,DESCONOCIDA,MEDIA,DUDA_METODOLOGICA,I162S2C21J2V1
30,AREA_INGE_INDUSTRIA_CONSTRUC,AREA_INGE_INDUSTRIA_CONSTRUC,REVISAR_AREA_INGE_INDUSTRIA_CONSTRUC_SIN_FUENTE,REVISAR,DESCONOCIDA,MEDIA,DUDA_METODOLOGICA,I162S2C21J2V1
30,AREA_SALUD_BIENESTAR,AREA_SALUD_BIENESTAR,REVISAR_AREA_SALUD_BIENESTAR_SIN_FUENTE,REVISAR,DESCONOCIDA,MEDIA,DUDA_METODOLOGICA,I162S2C21J2V1
30,AREA_SERVICIOS,AREA_SERVICIOS,REVISAR_AREA_SERVICIOS_SIN_FUENTE,REVISAR,DESCONOCIDA,MEDIA,DUDA_METODOLOGICA,I162S2C21J2V1
30,AREA_TECNO_INFO_COMUNICA,AREA_TECNO_INFO_COMUNICA,REVISAR_AREA_TECNO_INFO_COMUNICA_SIN_FUENTE,REVISAR,DESCONOCIDA,MEDIA,DUDA_METODOLOGICA,I162S2C21J2V1
30,VACANTES_PRIMER_SEMESTRE,VACANTES_PRIMER_SEMESTRE,REVISAR_VACANTES_PRIMER_SEMESTRE_SIN_FUENTE,REVISAR,DESCONOCIDA,MEDIA,DUDA_METODOLOGICA,I162S2C21J2V1
30,VACANTES_SEGUNDO_SEMESTRE,VACANTES_SEGUNDO_SEMESTRE,REVISAR_VACANTES_SEGUNDO_SEMESTRE_SIN_FUENTE,REVISAR,DESCONOCIDA,MEDIA,DUDA_METODOLOGICA,I162S2C21J2V1
30,FECHA_ADMISION_INICIAL,FECHA_ADMISION_INICIAL,REVISAR_FECHA_ADMISION_INICIAL_SIN_FUENTE,REVISAR,DESCONOCIDA,MEDIA,DUDA_METODOLOGICA,I162S2C21J2V1
30,MALLA_CURRICULAR,MALLA_CURRICULAR,REVISAR_MALLA_CURRICULAR_SIN_FUENTE,REVISAR,DESCONOCIDA,MEDIA,DUDA_METODOLOGICA,I162S2C21J2V1
30,PERFIL_EGRESO,PERFIL_EGRESO,REVISAR_PERFIL_EGRESO_SIN_FUENTE,REVISAR,DESCONOCIDA,MEDIA,DUDA_METODOLOGICA,I162S2C21J2V1
30,TEXTO_REQUISITO_INGRESO,TEXTO_REQUISITO_INGRESO,REVISAR_TEXTO_REQUISITO_INGRESO_SIN_FUENTE,REVISAR,DESCONOCIDA,MEDIA,DUDA_METODOLOGICA,I162S2C21J2V1
30,LICENCIA_ENS_MEDIA,LICENCIA_ENS_MEDIA,REVISAR_LICENCIA_ENS_MEDIA_SIN_FUENTE,REVISAR,DESCONOCIDA,MEDIA,DUDA_METODOLOGICA,I162S2C21J2V1
30,NOTAS_ENS_MEDIA,NOTAS_ENS_MEDIA,REVISAR_NOTAS_ENS_MEDIA_SIN_FUENTE,REVISAR,DESCONOCIDA,MEDIA,DUDA_METODOLOGICA,I162S2C21J2V1
30,PROMEDIO_MIN_ENS_MEDIA,PROMEDIO_MIN_ENS_MEDIA,REVISAR_PROMEDIO_MIN_ENS_MEDIA_SIN_FUENTE,REVISAR,DESCONOCIDA,MEDIA,DUDA_METODOLOGICA,I162S2C21J2V1
30,RECONOCIMIENTOS_APREN_PREVIOS,RECONOCIMIENTOS_APREN_PREVIOS,REVISAR_RECONOCIMIENTOS_APREN_PREVIOS_SIN_FUENTE,REVISAR,DESCONOCIDA,MEDIA,DUDA_METODOLOGICA,I162S2C21J2V1
30,EXPERIENCIA_LABORAL,EXPERIENCIA_LABORAL,REVISAR_EXPERIENCIA_LABORAL_SIN_FUENTE,REVISAR,DESCONOCIDA,MEDIA,DUDA_METODOLOGICA,I162S2C21J2V1
30,OTROS_REQUISITOS,OTROS_REQUISITOS,REVISAR_OTROS_REQUISITOS_SIN_FUENTE,REVISAR,DESCONOCIDA,MEDIA,DUDA_METODOLOGICA,I162S2C21J2V1
30,MAIL_DIFUSION_CARRERA,MAIL_DIFUSION_CARRERA,REVISAR_MAIL_DIFUSION_CARRERA_SIN_FUENTE,REVISAR,DESCONOCIDA,MEDIA,DUDA_METODOLOGICA,I162S2C21J2V1
30,FORMATO_VALOR,FORMATO_VALOR,REVISAR_FORMATO_VALOR_SIN_FUENTE,REVISAR,DESCONOCIDA,MEDIA,DUDA_METODOLOGICA,I162S2C21J2V1
30,VALOR_MATRICULA_ANUAL,VALOR_MATRICULA_ANUAL,REVISAR_VALOR_MATRICULA_ANUAL_SIN_FUENTE,REVISAR,DESCONOCIDA,MEDIA,DUDA_METODOLOGICA,I162S2C21J2V1
30,COSTO_TITULACION,COSTO_TITULACION,REVISAR_COSTO_TITULACION_SIN_FUENTE,REVISAR,DESCONOCIDA,MEDIA,DUDA_METODOLOGICA,I162S2C21J2V1
30,VALOR_CERTIFICADO_DIPLOMA,VALOR_CERTIFICADO_DIPLOMA,REVISAR_VALOR_CERTIFICADO_DIPLOMA_SIN_FUENTE,REVISAR,DESCONOCIDA,MEDIA,DUDA_METODOLOGICA,I162S2C21J2V1
30,ARANCEL_ANUAL,ARANCEL_ANUAL,REVISAR_ARANCEL_ANUAL_SIN_FUENTE,REVISAR,DESCONOCIDA,MEDIA,DUDA_METODOLOGICA,I162S2C21J2V1
30,CNED_ESTADO_AUDITORIA,CNED_ESTADO_AUDITORIA,REQUIERE_REVISION,REVISION,AUXILIAR_TECNICA,BAJA,MARCA_TECNICA_REMOVIBLE,I162S2C21J2V1
30,CNED_ALERTAS,CNED_ALERTAS,CONTIENE_MARCAS_TECNICAS_DE_REVISION,REVISION,AUXILIAR_TECNICA,BAJA,MARCA_TECNICA_REMOVIBLE,I162S2C21J2V1
30,CNED_PUEDE_SUBIR_PRELIMINAR,CNED_PUEDE_SUBIR_PRELIMINAR,REVISAR,REVISAR,AUXILIAR_TECNICA,BAJA,MARCA_TECNICA_REMOVIBLE,I162S2C21J2V1
31,Año de inicio de Actividades,ANO_DE_INICIO_DE_ACTIVIDADES,DECISION_MANUAL_ANIO_INICIO,MANUAL,DESCONOCIDA,MEDIA,DUDA_METODOLOGICA,I162S2C23J1V1
31,Área del Conocimiento,AREA_DEL_CONOCIMIENTO,REVISAR_AREA_SIN_FUENTE_DIRECTA,REVISAR,DESCONOCIDA,MEDIA,DUDA_METODOLOGICA,I162S2C23J1V1
31,Sub Área,SUB_AREA,REVISAR_SUB_AREA_SIN_FUENTE_DIRECTA,REVISAR,DESCONOCIDA,MEDIA,DUDA_METODOLOGICA,I162S2C23J1V1
31,Carrera Genérica,CARRERA_GENERICA,REVISAR_CARRERA_GENERICA_SIN_FUENTE_DIRECTA,REVISAR,DESCONOCIDA,MEDIA,DUDA_METODOLOGICA,I162S2C23J1V1
31,Título que otorga el programa,TITULO_QUE_OTORGA_EL_PROGRAMA,REVISAR_TITULO_SIN_FUENTE_DIRECTA,REVISAR,DESCONOCIDA,MEDIA,DUDA_METODOLOGICA,I162S2C23J1V1
31,Grado Académico que otorga el programa,GRADO_ACADEMICO_QUE_OTORGA_EL_PROGRAMA,REVISAR_GRADO_ACADEMICO_SIN_FUENTE_DIRECTA,REVISAR,DESCONOCIDA,MEDIA,DUDA_METODOLOGICA,I162S2C23J1V1
31,Dependencia,DEPENDENCIA,REVISAR_DEPENDENCIA_SIN_FUENTE_DIRECTA,REVISAR,DESCONOCIDA,MEDIA,DUDA_METODOLOGICA,I162S2C23J1V1
31,Régimen,REGIMEN,REVISAR_REGIMEN_SIN_FUENTE,REVISAR,OFICIAL_PROBABLE,ALTA,CAMPO_PENDIENTE_REAL,I162S2C23J1V1
31,Ingreso Directo,INGRESO_DIRECTO,REVISAR_INGRESO_DIRECTO_SIN_FUENTE_DIRECTA,REVISAR,DESCONOCIDA,MEDIA,DUDA_METODOLOGICA,I162S2C23J1V1
31,Observaciones,OBSERVACIONES,Crear según matriz PROMEDIOSDEALUMNOS_7804.xlsx / hoja matriz; conciliado contra diccionario oferta 2026; no encontrado en listado existente INDICES por CODIGO_UNICO; campos sin fuente directa quedan con revisión específica.,REVISION,DESCONOCIDA,MEDIA,OBSERVACION_INSTITUCIONAL,I162S2C23J1V1
31,ANIO_INICIO,ANIO_INICIO,REVISAR_ANIO_INICIO_SIN_FUENTE,REVISAR,OFICIAL_PROBABLE,ALTA,CAMPO_PENDIENTE_REAL,I162S2C23J1V1
31,REGIMEN,REGIMEN,REVISAR_REGIMEN_SIN_FUENTE,REVISAR,OFICIAL_PROBABLE,ALTA,CAMPO_PENDIENTE_REAL,I162S2C23J1V1
31,DURACION_REGIMEN,DURACION_REGIMEN,REVISAR_DURACION_REGIMEN_SIN_FUENTE,REVISAR,OFICIAL_PROBABLE,ALTA,CAMPO_PENDIENTE_REAL,I162S2C23J1V1
31,NOMBRE_TITULO,NOMBRE_TITULO,REVISAR_NOMBRE_TITULO_SIN_FUENTE_CONFIABLE,REVISAR,OFICIAL_PROBABLE,ALTA,CAMPO_PENDIENTE_REAL,I162S2C23J1V1
31,ACREDITACION,ACREDITACION,REVISAR_ACREDITACION_SIN_FUENTE,REVISAR,OFICIAL_PROBABLE,ALTA,CAMPO_PENDIENTE_REAL,I162S2C23J1V1
31,REQUISITO_INGRESO,REQUISITO_INGRESO,REVISAR_REQUISITO_INGRESO_SIN_FUENTE,REVISAR,OFICIAL_PROBABLE,ALTA,CAMPO_PENDIENTE_REAL,I162S2C23J1V1
31,SEMESTRES_RECONOCIDOS,SEMESTRES_RECONOCIDOS,REVISAR_SEMESTRES_RECONOCIDOS_SIN_FUENTE,REVISAR,OFICIAL_PROBABLE,ALTA,CAMPO_PENDIENTE_REAL,I162S2C23J1V1
31,AREA_ACTUAL,AREA_ACTUAL,REVISAR_AREA_ACTUAL_SIN_FUENTE,REVISAR,OFICIAL_PROBABLE,ALTA,CAMPO_PENDIENTE_REAL,I162S2C23J1V1
31,AREA_ADMIN_DERECHO,AREA_ADMIN_DERECHO,REVISAR_AREA_ADMIN_DERECHO_SIN_FUENTE,REVISAR,DESCONOCIDA,MEDIA,DUDA_METODOLOGICA,I162S2C23J1V1
31,AREA_AGRI_SILVI_PESCA_VET,AREA_AGRI_SILVI_PESCA_VET,REVISAR_AREA_AGRI_SILVI_PESCA_VET_SIN_FUENTE,REVISAR,DESCONOCIDA,MEDIA,DUDA_METODOLOGICA,I162S2C23J1V1
31,AREA_ARTES_HUMANIDADES,AREA_ARTES_HUMANIDADES,REVISAR_AREA_ARTES_HUMANIDADES_SIN_FUENTE,REVISAR,DESCONOCIDA,MEDIA,DUDA_METODOLOGICA,I162S2C23J1V1
31,AREA_CIENCIAS_NAT_MAT_ESTAD,AREA_CIENCIAS_NAT_MAT_ESTAD,REVISAR_AREA_CIENCIAS_NAT_MAT_ESTAD_SIN_FUENTE,REVISAR,DESCONOCIDA,MEDIA,DUDA_METODOLOGICA,I162S2C23J1V1
31,AREA_CS_SOCIAL_PERIODISMO_INFO,AREA_CS_SOCIAL_PERIODISMO_INFO,REVISAR_AREA_CS_SOCIAL_PERIODISMO_INFO_SIN_FUENTE,REVISAR,DESCONOCIDA,MEDIA,DUDA_METODOLOGICA,I162S2C23J1V1
31,AREA_EDUCACION,AREA_EDUCACION,REVISAR_AREA_EDUCACION_SIN_FUENTE,REVISAR,DESCONOCIDA,MEDIA,DUDA_METODOLOGICA,I162S2C23J1V1
31,AREA_INGE_INDUSTRIA_CONSTRUC,AREA_INGE_INDUSTRIA_CONSTRUC,REVISAR_AREA_INGE_INDUSTRIA_CONSTRUC_SIN_FUENTE,REVISAR,DESCONOCIDA,MEDIA,DUDA_METODOLOGICA,I162S2C23J1V1
31,AREA_SALUD_BIENESTAR,AREA_SALUD_BIENESTAR,REVISAR_AREA_SALUD_BIENESTAR_SIN_FUENTE,REVISAR,DESCONOCIDA,MEDIA,DUDA_METODOLOGICA,I162S2C23J1V1
31,AREA_SERVICIOS,AREA_SERVICIOS,REVISAR_AREA_SERVICIOS_SIN_FUENTE,REVISAR,DESCONOCIDA,MEDIA,DUDA_METODOLOGICA,I162S2C23J1V1
31,AREA_TECNO_INFO_COMUNICA,AREA_TECNO_INFO_COMUNICA,REVISAR_AREA_TECNO_INFO_COMUNICA_SIN_FUENTE,REVISAR,DESCONOCIDA,MEDIA,DUDA_METODOLOGICA,I162S2C23J1V1
31,VACANTES_PRIMER_SEMESTRE,VACANTES_PRIMER_SEMESTRE,REVISAR_VACANTES_PRIMER_SEMESTRE_SIN_FUENTE,REVISAR,DESCONOCIDA,MEDIA,DUDA_METODOLOGICA,I162S2C23J1V1
31,VACANTES_SEGUNDO_SEMESTRE,VACANTES_SEGUNDO_SEMESTRE,REVISAR_VACANTES_SEGUNDO_SEMESTRE_SIN_FUENTE,REVISAR,DESCONOCIDA,MEDIA,DUDA_METODOLOGICA,I162S2C23J1V1
31,FECHA_ADMISION_INICIAL,FECHA_ADMISION_INICIAL,REVISAR_FECHA_ADMISION_INICIAL_SIN_FUENTE,REVISAR,DESCONOCIDA,MEDIA,DUDA_METODOLOGICA,I162S2C23J1V1
31,MALLA_CURRICULAR,MALLA_CURRICULAR,REVISAR_MALLA_CURRICULAR_SIN_FUENTE,REVISAR,DESCONOCIDA,MEDIA,DUDA_METODOLOGICA,I162S2C23J1V1
31,PERFIL_EGRESO,PERFIL_EGRESO,REVISAR_PERFIL_EGRESO_SIN_FUENTE,REVISAR,DESCONOCIDA,MEDIA,DUDA_METODOLOGICA,I162S2C23J1V1
31,TEXTO_REQUISITO_INGRESO,TEXTO_REQUISITO_INGRESO,REVISAR_TEXTO_REQUISITO_INGRESO_SIN_FUENTE,REVISAR,DESCONOCIDA,MEDIA,DUDA_METODOLOGICA,I162S2C23J1V1
31,LICENCIA_ENS_MEDIA,LICENCIA_ENS_MEDIA,REVISAR_LICENCIA_ENS_MEDIA_SIN_FUENTE,REVISAR,DESCONOCIDA,MEDIA,DUDA_METODOLOGICA,I162S2C23J1V1
31,NOTAS_ENS_MEDIA,NOTAS_ENS_MEDIA,REVISAR_NOTAS_ENS_MEDIA_SIN_FUENTE,REVISAR,DESCONOCIDA,MEDIA,DUDA_METODOLOGICA,I162S2C23J1V1
31,PROMEDIO_MIN_ENS_MEDIA,PROMEDIO_MIN_ENS_MEDIA,REVISAR_PROMEDIO_MIN_ENS_MEDIA_SIN_FUENTE,REVISAR,DESCONOCIDA,MEDIA,DUDA_METODOLOGICA,I162S2C23J1V1
31,RECONOCIMIENTOS_APREN_PREVIOS,RECONOCIMIENTOS_APREN_PREVIOS,REVISAR_RECONOCIMIENTOS_APREN_PREVIOS_SIN_FUENTE,REVISAR,DESCONOCIDA,MEDIA,DUDA_METODOLOGICA,I162S2C23J1V1
31,EXPERIENCIA_LABORAL,EXPERIENCIA_LABORAL,REVISAR_EXPERIENCIA_LABORAL_SIN_FUENTE,REVISAR,DESCONOCIDA,MEDIA,DUDA_METODOLOGICA,I162S2C23J1V1
31,OTROS_REQUISITOS,OTROS_REQUISITOS,REVISAR_OTROS_REQUISITOS_SIN_FUENTE,REVISAR,DESCONOCIDA,MEDIA,DUDA_METODOLOGICA,I162S2C23J1V1
31,MAIL_DIFUSION_CARRERA,MAIL_DIFUSION_CARRERA,REVISAR_MAIL_DIFUSION_CARRERA_SIN_FUENTE,REVISAR,DESCONOCIDA,MEDIA,DUDA_METODOLOGICA,I162S2C23J1V1
31,FORMATO_VALOR,FORMATO_VALOR,REVISAR_FORMATO_VALOR_SIN_FUENTE,REVISAR,DESCONOCIDA,MEDIA,DUDA_METODOLOGICA,I162S2C23J1V1
31,VALOR_MATRICULA_ANUAL,VALOR_MATRICULA_ANUAL,REVISAR_VALOR_MATRICULA_ANUAL_SIN_FUENTE,REVISAR,DESCONOCIDA,MEDIA,DUDA_METODOLOGICA,I162S2C23J1V1
31,COSTO_TITULACION,COSTO_TITULACION,REVISAR_COSTO_TITULACION_SIN_FUENTE,REVISAR,DESCONOCIDA,MEDIA,DUDA_METODOLOGICA,I162S2C23J1V1
31,VALOR_CERTIFICADO_DIPLOMA,VALOR_CERTIFICADO_DIPLOMA,REVISAR_VALOR_CERTIFICADO_DIPLOMA_SIN_FUENTE,REVISAR,DESCONOCIDA,MEDIA,DUDA_METODOLOGICA,I162S2C23J1V1
31,ARANCEL_ANUAL,ARANCEL_ANUAL,REVISAR_ARANCEL_ANUAL_SIN_FUENTE,REVISAR,DESCONOCIDA,MEDIA,DUDA_METODOLOGICA,I162S2C23J1V1
31,CNED_ESTADO_AUDITORIA,CNED_ESTADO_AUDITORIA,REQUIERE_REVISION,REVISION,AUXILIAR_TECNICA,BAJA,MARCA_TECNICA_REMOVIBLE,I162S2C23J1V1
31,CNED_ALERTAS,CNED_ALERTAS,CONTIENE_MARCAS_TECNICAS_DE_REVISION,REVISION,AUXILIAR_TECNICA,BAJA,MARCA_TECNICA_REMOVIBLE,I162S2C23J1V1
31,CNED_PUEDE_SUBIR_PRELIMINAR,CNED_PUEDE_SUBIR_PRELIMINAR,REVISAR,REVISAR,AUXILIAR_TECNICA,BAJA,MARCA_TECNICA_REMOVIBLE,I162S2C23J1V1
32,Año de inicio de Actividades,ANO_DE_INICIO_DE_ACTIVIDADES,DECISION_MANUAL_ANIO_INICIO,MANUAL,DESCONOCIDA,MEDIA,DUDA_METODOLOGICA,I162S2C23J2V1
32,Área del Conocimiento,AREA_DEL_CONOCIMIENTO,REVISAR_AREA_SIN_FUENTE_DIRECTA,REVISAR,DESCONOCIDA,MEDIA,DUDA_METODOLOGICA,I162S2C23J2V1
32,Sub Área,SUB_AREA,REVISAR_SUB_AREA_SIN_FUENTE_DIRECTA,REVISAR,DESCONOCIDA,MEDIA,DUDA_METODOLOGICA,I162S2C23J2V1
32,Carrera Genérica,CARRERA_GENERICA,REVISAR_CARRERA_GENERICA_SIN_FUENTE_DIRECTA,REVISAR,DESCONOCIDA,MEDIA,DUDA_METODOLOGICA,I162S2C23J2V1
32,Título que otorga el programa,TITULO_QUE_OTORGA_EL_PROGRAMA,REVISAR_TITULO_SIN_FUENTE_DIRECTA,REVISAR,DESCONOCIDA,MEDIA,DUDA_METODOLOGICA,I162S2C23J2V1
32,Grado Académico que otorga el programa,GRADO_ACADEMICO_QUE_OTORGA_EL_PROGRAMA,REVISAR_GRADO_ACADEMICO_SIN_FUENTE_DIRECTA,REVISAR,DESCONOCIDA,MEDIA,DUDA_METODOLOGICA,I162S2C23J2V1
32,Dependencia,DEPENDENCIA,REVISAR_DEPENDENCIA_SIN_FUENTE_DIRECTA,REVISAR,DESCONOCIDA,MEDIA,DUDA_METODOLOGICA,I162S2C23J2V1
32,Régimen,REGIMEN,REVISAR_REGIMEN_SIN_FUENTE,REVISAR,OFICIAL_PROBABLE,ALTA,CAMPO_PENDIENTE_REAL,I162S2C23J2V1
32,Ingreso Directo,INGRESO_DIRECTO,REVISAR_INGRESO_DIRECTO_SIN_FUENTE_DIRECTA,REVISAR,DESCONOCIDA,MEDIA,DUDA_METODOLOGICA,I162S2C23J2V1
32,Observaciones,OBSERVACIONES,Crear según matriz PROMEDIOSDEALUMNOS_7804.xlsx / hoja matriz; conciliado contra diccionario oferta 2026; no encontrado en listado existente INDICES por CODIGO_UNICO; campos sin fuente directa quedan con revisión específica.,REVISION,DESCONOCIDA,MEDIA,OBSERVACION_INSTITUCIONAL,I162S2C23J2V1
32,ANIO_INICIO,ANIO_INICIO,REVISAR_ANIO_INICIO_SIN_FUENTE,REVISAR,OFICIAL_PROBABLE,ALTA,CAMPO_PENDIENTE_REAL,I162S2C23J2V1
32,REGIMEN,REGIMEN,REVISAR_REGIMEN_SIN_FUENTE,REVISAR,OFICIAL_PROBABLE,ALTA,CAMPO_PENDIENTE_REAL,I162S2C23J2V1
32,DURACION_REGIMEN,DURACION_REGIMEN,REVISAR_DURACION_REGIMEN_SIN_FUENTE,REVISAR,OFICIAL_PROBABLE,ALTA,CAMPO_PENDIENTE_REAL,I162S2C23J2V1
32,NOMBRE_TITULO,NOMBRE_TITULO,REVISAR_NOMBRE_TITULO_SIN_FUENTE_CONFIABLE,REVISAR,OFICIAL_PROBABLE,ALTA,CAMPO_PENDIENTE_REAL,I162S2C23J2V1
32,ACREDITACION,ACREDITACION,REVISAR_ACREDITACION_SIN_FUENTE,REVISAR,OFICIAL_PROBABLE,ALTA,CAMPO_PENDIENTE_REAL,I162S2C23J2V1
32,REQUISITO_INGRESO,REQUISITO_INGRESO,REVISAR_REQUISITO_INGRESO_SIN_FUENTE,REVISAR,OFICIAL_PROBABLE,ALTA,CAMPO_PENDIENTE_REAL,I162S2C23J2V1
32,SEMESTRES_RECONOCIDOS,SEMESTRES_RECONOCIDOS,REVISAR_SEMESTRES_RECONOCIDOS_SIN_FUENTE,REVISAR,OFICIAL_PROBABLE,ALTA,CAMPO_PENDIENTE_REAL,I162S2C23J2V1
32,AREA_ACTUAL,AREA_ACTUAL,REVISAR_AREA_ACTUAL_SIN_FUENTE,REVISAR,OFICIAL_PROBABLE,ALTA,CAMPO_PENDIENTE_REAL,I162S2C23J2V1
32,AREA_ADMIN_DERECHO,AREA_ADMIN_DERECHO,REVISAR_AREA_ADMIN_DERECHO_SIN_FUENTE,REVISAR,DESCONOCIDA,MEDIA,DUDA_METODOLOGICA,I162S2C23J2V1
32,AREA_AGRI_SILVI_PESCA_VET,AREA_AGRI_SILVI_PESCA_VET,REVISAR_AREA_AGRI_SILVI_PESCA_VET_SIN_FUENTE,REVISAR,DESCONOCIDA,MEDIA,DUDA_METODOLOGICA,I162S2C23J2V1
32,AREA_ARTES_HUMANIDADES,AREA_ARTES_HUMANIDADES,REVISAR_AREA_ARTES_HUMANIDADES_SIN_FUENTE,REVISAR,DESCONOCIDA,MEDIA,DUDA_METODOLOGICA,I162S2C23J2V1
32,AREA_CIENCIAS_NAT_MAT_ESTAD,AREA_CIENCIAS_NAT_MAT_ESTAD,REVISAR_AREA_CIENCIAS_NAT_MAT_ESTAD_SIN_FUENTE,REVISAR,DESCONOCIDA,MEDIA,DUDA_METODOLOGICA,I162S2C23J2V1
32,AREA_CS_SOCIAL_PERIODISMO_INFO,AREA_CS_SOCIAL_PERIODISMO_INFO,REVISAR_AREA_CS_SOCIAL_PERIODISMO_INFO_SIN_FUENTE,REVISAR,DESCONOCIDA,MEDIA,DUDA_METODOLOGICA,I162S2C23J2V1
32,AREA_EDUCACION,AREA_EDUCACION,REVISAR_AREA_EDUCACION_SIN_FUENTE,REVISAR,DESCONOCIDA,MEDIA,DUDA_METODOLOGICA,I162S2C23J2V1
32,AREA_INGE_INDUSTRIA_CONSTRUC,AREA_INGE_INDUSTRIA_CONSTRUC,REVISAR_AREA_INGE_INDUSTRIA_CONSTRUC_SIN_FUENTE,REVISAR,DESCONOCIDA,MEDIA,DUDA_METODOLOGICA,I162S2C23J2V1
32,AREA_SALUD_BIENESTAR,AREA_SALUD_BIENESTAR,REVISAR_AREA_SALUD_BIENESTAR_SIN_FUENTE,REVISAR,DESCONOCIDA,MEDIA,DUDA_METODOLOGICA,I162S2C23J2V1
32,AREA_SERVICIOS,AREA_SERVICIOS,REVISAR_AREA_SERVICIOS_SIN_FUENTE,REVISAR,DESCONOCIDA,MEDIA,DUDA_METODOLOGICA,I162S2C23J2V1
32,AREA_TECNO_INFO_COMUNICA,AREA_TECNO_INFO_COMUNICA,REVISAR_AREA_TECNO_INFO_COMUNICA_SIN_FUENTE,REVISAR,DESCONOCIDA,MEDIA,DUDA_METODOLOGICA,I162S2C23J2V1
32,VACANTES_PRIMER_SEMESTRE,VACANTES_PRIMER_SEMESTRE,REVISAR_VACANTES_PRIMER_SEMESTRE_SIN_FUENTE,REVISAR,DESCONOCIDA,MEDIA,DUDA_METODOLOGICA,I162S2C23J2V1
32,VACANTES_SEGUNDO_SEMESTRE,VACANTES_SEGUNDO_SEMESTRE,REVISAR_VACANTES_SEGUNDO_SEMESTRE_SIN_FUENTE,REVISAR,DESCONOCIDA,MEDIA,DUDA_METODOLOGICA,I162S2C23J2V1
32,FECHA_ADMISION_INICIAL,FECHA_ADMISION_INICIAL,REVISAR_FECHA_ADMISION_INICIAL_SIN_FUENTE,REVISAR,DESCONOCIDA,MEDIA,DUDA_METODOLOGICA,I162S2C23J2V1
32,MALLA_CURRICULAR,MALLA_CURRICULAR,REVISAR_MALLA_CURRICULAR_SIN_FUENTE,REVISAR,DESCONOCIDA,MEDIA,DUDA_METODOLOGICA,I162S2C23J2V1
32,PERFIL_EGRESO,PERFIL_EGRESO,REVISAR_PERFIL_EGRESO_SIN_FUENTE,REVISAR,DESCONOCIDA,MEDIA,DUDA_METODOLOGICA,I162S2C23J2V1
32,TEXTO_REQUISITO_INGRESO,TEXTO_REQUISITO_INGRESO,REVISAR_TEXTO_REQUISITO_INGRESO_SIN_FUENTE,REVISAR,DESCONOCIDA,MEDIA,DUDA_METODOLOGICA,I162S2C23J2V1
32,LICENCIA_ENS_MEDIA,LICENCIA_ENS_MEDIA,REVISAR_LICENCIA_ENS_MEDIA_SIN_FUENTE,REVISAR,DESCONOCIDA,MEDIA,DUDA_METODOLOGICA,I162S2C23J2V1
32,NOTAS_ENS_MEDIA,NOTAS_ENS_MEDIA,REVISAR_NOTAS_ENS_MEDIA_SIN_FUENTE,REVISAR,DESCONOCIDA,MEDIA,DUDA_METODOLOGICA,I162S2C23J2V1
32,PROMEDIO_MIN_ENS_MEDIA,PROMEDIO_MIN_ENS_MEDIA,REVISAR_PROMEDIO_MIN_ENS_MEDIA_SIN_FUENTE,REVISAR,DESCONOCIDA,MEDIA,DUDA_METODOLOGICA,I162S2C23J2V1
32,RECONOCIMIENTOS_APREN_PREVIOS,RECONOCIMIENTOS_APREN_PREVIOS,REVISAR_RECONOCIMIENTOS_APREN_PREVIOS_SIN_FUENTE,REVISAR,DESCONOCIDA,MEDIA,DUDA_METODOLOGICA,I162S2C23J2V1
32,EXPERIENCIA_LABORAL,EXPERIENCIA_LABORAL,REVISAR_EXPERIENCIA_LABORAL_SIN_FUENTE,REVISAR,DESCONOCIDA,MEDIA,DUDA_METODOLOGICA,I162S2C23J2V1
32,OTROS_REQUISITOS,OTROS_REQUISITOS,REVISAR_OTROS_REQUISITOS_SIN_FUENTE,REVISAR,DESCONOCIDA,MEDIA,DUDA_METODOLOGICA,I162S2C23J2V1
32,MAIL_DIFUSION_CARRERA,MAIL_DIFUSION_CARRERA,REVISAR_MAIL_DIFUSION_CARRERA_SIN_FUENTE,REVISAR,DESCONOCIDA,MEDIA,DUDA_METODOLOGICA,I162S2C23J2V1
32,FORMATO_VALOR,FORMATO_VALOR,REVISAR_FORMATO_VALOR_SIN_FUENTE,REVISAR,DESCONOCIDA,MEDIA,DUDA_METODOLOGICA,I162S2C23J2V1
32,VALOR_MATRICULA_ANUAL,VALOR_MATRICULA_ANUAL,REVISAR_VALOR_MATRICULA_ANUAL_SIN_FUENTE,REVISAR,DESCONOCIDA,MEDIA,DUDA_METODOLOGICA,I162S2C23J2V1
32,COSTO_TITULACION,COSTO_TITULACION,REVISAR_COSTO_TITULACION_SIN_FUENTE,REVISAR,DESCONOCIDA,MEDIA,DUDA_METODOLOGICA,I162S2C23J2V1
32,VALOR_CERTIFICADO_DIPLOMA,VALOR_CERTIFICADO_DIPLOMA,REVISAR_VALOR_CERTIFICADO_DIPLOMA_SIN_FUENTE,REVISAR,DESCONOCIDA,MEDIA,DUDA_METODOLOGICA,I162S2C23J2V1
32,ARANCEL_ANUAL,ARANCEL_ANUAL,REVISAR_ARANCEL_ANUAL_SIN_FUENTE,REVISAR,DESCONOCIDA,MEDIA,DUDA_METODOLOGICA,I162S2C23J2V1
32,CNED_ESTADO_AUDITORIA,CNED_ESTADO_AUDITORIA,REQUIERE_REVISION,REVISION,AUXILIAR_TECNICA,BAJA,MARCA_TECNICA_REMOVIBLE,I162S2C23J2V1
32,CNED_ALERTAS,CNED_ALERTAS,CONTIENE_MARCAS_TECNICAS_DE_REVISION,REVISION,AUXILIAR_TECNICA,BAJA,MARCA_TECNICA_REMOVIBLE,I162S2C23J2V1
32,CNED_PUEDE_SUBIR_PRELIMINAR,CNED_PUEDE_SUBIR_PRELIMINAR,REVISAR,REVISAR,AUXILIAR_TECNICA,BAJA,MARCA_TECNICA_REMOVIBLE,I162S2C23J2V1
33,Año de inicio de Actividades,ANO_DE_INICIO_DE_ACTIVIDADES,DECISION_MANUAL_ANIO_INICIO,MANUAL,DESCONOCIDA,MEDIA,DUDA_METODOLOGICA,I162S2C24J1V1
33,Área del Conocimiento,AREA_DEL_CONOCIMIENTO,REVISAR_AREA_SIN_FUENTE_DIRECTA,REVISAR,DESCONOCIDA,MEDIA,DUDA_METODOLOGICA,I162S2C24J1V1
33,Sub Área,SUB_AREA,REVISAR_SUB_AREA_SIN_FUENTE_DIRECTA,REVISAR,DESCONOCIDA,MEDIA,DUDA_METODOLOGICA,I162S2C24J1V1
33,Carrera Genérica,CARRERA_GENERICA,REVISAR_CARRERA_GENERICA_SIN_FUENTE_DIRECTA,REVISAR,DESCONOCIDA,MEDIA,DUDA_METODOLOGICA,I162S2C24J1V1
33,Título que otorga el programa,TITULO_QUE_OTORGA_EL_PROGRAMA,REVISAR_TITULO_SIN_FUENTE_DIRECTA,REVISAR,DESCONOCIDA,MEDIA,DUDA_METODOLOGICA,I162S2C24J1V1
33,Grado Académico que otorga el programa,GRADO_ACADEMICO_QUE_OTORGA_EL_PROGRAMA,REVISAR_GRADO_ACADEMICO_SIN_FUENTE_DIRECTA,REVISAR,DESCONOCIDA,MEDIA,DUDA_METODOLOGICA,I162S2C24J1V1
33,Dependencia,DEPENDENCIA,REVISAR_DEPENDENCIA_SIN_FUENTE_DIRECTA,REVISAR,DESCONOCIDA,MEDIA,DUDA_METODOLOGICA,I162S2C24J1V1
33,Régimen,REGIMEN,REVISAR_REGIMEN_SIN_FUENTE,REVISAR,OFICIAL_PROBABLE,ALTA,CAMPO_PENDIENTE_REAL,I162S2C24J1V1
33,Ingreso Directo,INGRESO_DIRECTO,REVISAR_INGRESO_DIRECTO_SIN_FUENTE_DIRECTA,REVISAR,DESCONOCIDA,MEDIA,DUDA_METODOLOGICA,I162S2C24J1V1
33,Observaciones,OBSERVACIONES,Crear según matriz PROMEDIOSDEALUMNOS_7804.xlsx / hoja matriz; conciliado contra diccionario oferta 2026; no encontrado en listado existente INDICES por CODIGO_UNICO; campos sin fuente directa quedan con revisión específica.,REVISION,DESCONOCIDA,MEDIA,OBSERVACION_INSTITUCIONAL,I162S2C24J1V1
33,ANIO_INICIO,ANIO_INICIO,REVISAR_ANIO_INICIO_SIN_FUENTE,REVISAR,OFICIAL_PROBABLE,ALTA,CAMPO_PENDIENTE_REAL,I162S2C24J1V1
33,REGIMEN,REGIMEN,REVISAR_REGIMEN_SIN_FUENTE,REVISAR,OFICIAL_PROBABLE,ALTA,CAMPO_PENDIENTE_REAL,I162S2C24J1V1
33,DURACION_REGIMEN,DURACION_REGIMEN,REVISAR_DURACION_REGIMEN_SIN_FUENTE,REVISAR,OFICIAL_PROBABLE,ALTA,CAMPO_PENDIENTE_REAL,I162S2C24J1V1
33,NOMBRE_TITULO,NOMBRE_TITULO,REVISAR_NOMBRE_TITULO_SIN_FUENTE_CONFIABLE,REVISAR,OFICIAL_PROBABLE,ALTA,CAMPO_PENDIENTE_REAL,I162S2C24J1V1
33,ACREDITACION,ACREDITACION,REVISAR_ACREDITACION_SIN_FUENTE,REVISAR,OFICIAL_PROBABLE,ALTA,CAMPO_PENDIENTE_REAL,I162S2C24J1V1
33,REQUISITO_INGRESO,REQUISITO_INGRESO,REVISAR_REQUISITO_INGRESO_SIN_FUENTE,REVISAR,OFICIAL_PROBABLE,ALTA,CAMPO_PENDIENTE_REAL,I162S2C24J1V1
33,SEMESTRES_RECONOCIDOS,SEMESTRES_RECONOCIDOS,REVISAR_SEMESTRES_RECONOCIDOS_SIN_FUENTE,REVISAR,OFICIAL_PROBABLE,ALTA,CAMPO_PENDIENTE_REAL,I162S2C24J1V1
33,AREA_ACTUAL,AREA_ACTUAL,REVISAR_AREA_ACTUAL_SIN_FUENTE,REVISAR,OFICIAL_PROBABLE,ALTA,CAMPO_PENDIENTE_REAL,I162S2C24J1V1
33,AREA_ADMIN_DERECHO,AREA_ADMIN_DERECHO,REVISAR_AREA_ADMIN_DERECHO_SIN_FUENTE,REVISAR,DESCONOCIDA,MEDIA,DUDA_METODOLOGICA,I162S2C24J1V1
33,AREA_AGRI_SILVI_PESCA_VET,AREA_AGRI_SILVI_PESCA_VET,REVISAR_AREA_AGRI_SILVI_PESCA_VET_SIN_FUENTE,REVISAR,DESCONOCIDA,MEDIA,DUDA_METODOLOGICA,I162S2C24J1V1
33,AREA_ARTES_HUMANIDADES,AREA_ARTES_HUMANIDADES,REVISAR_AREA_ARTES_HUMANIDADES_SIN_FUENTE,REVISAR,DESCONOCIDA,MEDIA,DUDA_METODOLOGICA,I162S2C24J1V1
33,AREA_CIENCIAS_NAT_MAT_ESTAD,AREA_CIENCIAS_NAT_MAT_ESTAD,REVISAR_AREA_CIENCIAS_NAT_MAT_ESTAD_SIN_FUENTE,REVISAR,DESCONOCIDA,MEDIA,DUDA_METODOLOGICA,I162S2C24J1V1
33,AREA_CS_SOCIAL_PERIODISMO_INFO,AREA_CS_SOCIAL_PERIODISMO_INFO,REVISAR_AREA_CS_SOCIAL_PERIODISMO_INFO_SIN_FUENTE,REVISAR,DESCONOCIDA,MEDIA,DUDA_METODOLOGICA,I162S2C24J1V1
33,AREA_EDUCACION,AREA_EDUCACION,REVISAR_AREA_EDUCACION_SIN_FUENTE,REVISAR,DESCONOCIDA,MEDIA,DUDA_METODOLOGICA,I162S2C24J1V1
33,AREA_INGE_INDUSTRIA_CONSTRUC,AREA_INGE_INDUSTRIA_CONSTRUC,REVISAR_AREA_INGE_INDUSTRIA_CONSTRUC_SIN_FUENTE,REVISAR,DESCONOCIDA,MEDIA,DUDA_METODOLOGICA,I162S2C24J1V1
33,AREA_SALUD_BIENESTAR,AREA_SALUD_BIENESTAR,REVISAR_AREA_SALUD_BIENESTAR_SIN_FUENTE,REVISAR,DESCONOCIDA,MEDIA,DUDA_METODOLOGICA,I162S2C24J1V1
33,AREA_SERVICIOS,AREA_SERVICIOS,REVISAR_AREA_SERVICIOS_SIN_FUENTE,REVISAR,DESCONOCIDA,MEDIA,DUDA_METODOLOGICA,I162S2C24J1V1
33,AREA_TECNO_INFO_COMUNICA,AREA_TECNO_INFO_COMUNICA,REVISAR_AREA_TECNO_INFO_COMUNICA_SIN_FUENTE,REVISAR,DESCONOCIDA,MEDIA,DUDA_METODOLOGICA,I162S2C24J1V1
33,VACANTES_PRIMER_SEMESTRE,VACANTES_PRIMER_SEMESTRE,REVISAR_VACANTES_PRIMER_SEMESTRE_SIN_FUENTE,REVISAR,DESCONOCIDA,MEDIA,DUDA_METODOLOGICA,I162S2C24J1V1
33,VACANTES_SEGUNDO_SEMESTRE,VACANTES_SEGUNDO_SEMESTRE,REVISAR_VACANTES_SEGUNDO_SEMESTRE_SIN_FUENTE,REVISAR,DESCONOCIDA,MEDIA,DUDA_METODOLOGICA,I162S2C24J1V1
33,FECHA_ADMISION_INICIAL,FECHA_ADMISION_INICIAL,REVISAR_FECHA_ADMISION_INICIAL_SIN_FUENTE,REVISAR,DESCONOCIDA,MEDIA,DUDA_METODOLOGICA,I162S2C24J1V1
33,MALLA_CURRICULAR,MALLA_CURRICULAR,REVISAR_MALLA_CURRICULAR_SIN_FUENTE,REVISAR,DESCONOCIDA,MEDIA,DUDA_METODOLOGICA,I162S2C24J1V1
33,PERFIL_EGRESO,PERFIL_EGRESO,REVISAR_PERFIL_EGRESO_SIN_FUENTE,REVISAR,DESCONOCIDA,MEDIA,DUDA_METODOLOGICA,I162S2C24J1V1
33,TEXTO_REQUISITO_INGRESO,TEXTO_REQUISITO_INGRESO,REVISAR_TEXTO_REQUISITO_INGRESO_SIN_FUENTE,REVISAR,DESCONOCIDA,MEDIA,DUDA_METODOLOGICA,I162S2C24J1V1
33,LICENCIA_ENS_MEDIA,LICENCIA_ENS_MEDIA,REVISAR_LICENCIA_ENS_MEDIA_SIN_FUENTE,REVISAR,DESCONOCIDA,MEDIA,DUDA_METODOLOGICA,I162S2C24J1V1
33,NOTAS_ENS_MEDIA,NOTAS_ENS_MEDIA,REVISAR_NOTAS_ENS_MEDIA_SIN_FUENTE,REVISAR,DESCONOCIDA,MEDIA,DUDA_METODOLOGICA,I162S2C24J1V1
33,PROMEDIO_MIN_ENS_MEDIA,PROMEDIO_MIN_ENS_MEDIA,REVISAR_PROMEDIO_MIN_ENS_MEDIA_SIN_FUENTE,REVISAR,DESCONOCIDA,MEDIA,DUDA_METODOLOGICA,I162S2C24J1V1
33,RECONOCIMIENTOS_APREN_PREVIOS,RECONOCIMIENTOS_APREN_PREVIOS,REVISAR_RECONOCIMIENTOS_APREN_PREVIOS_SIN_FUENTE,REVISAR,DESCONOCIDA,MEDIA,DUDA_METODOLOGICA,I162S2C24J1V1
33,EXPERIENCIA_LABORAL,EXPERIENCIA_LABORAL,REVISAR_EXPERIENCIA_LABORAL_SIN_FUENTE,REVISAR,DESCONOCIDA,MEDIA,DUDA_METODOLOGICA,I162S2C24J1V1
33,OTROS_REQUISITOS,OTROS_REQUISITOS,REVISAR_OTROS_REQUISITOS_SIN_FUENTE,REVISAR,DESCONOCIDA,MEDIA,DUDA_METODOLOGICA,I162S2C24J1V1
33,MAIL_DIFUSION_CARRERA,MAIL_DIFUSION_CARRERA,REVISAR_MAIL_DIFUSION_CARRERA_SIN_FUENTE,REVISAR,DESCONOCIDA,MEDIA,DUDA_METODOLOGICA,I162S2C24J1V1
33,FORMATO_VALOR,FORMATO_VALOR,REVISAR_FORMATO_VALOR_SIN_FUENTE,REVISAR,DESCONOCIDA,MEDIA,DUDA_METODOLOGICA,I162S2C24J1V1
33,VALOR_MATRICULA_ANUAL,VALOR_MATRICULA_ANUAL,REVISAR_VALOR_MATRICULA_ANUAL_SIN_FUENTE,REVISAR,DESCONOCIDA,MEDIA,DUDA_METODOLOGICA,I162S2C24J1V1
33,COSTO_TITULACION,COSTO_TITULACION,REVISAR_COSTO_TITULACION_SIN_FUENTE,REVISAR,DESCONOCIDA,MEDIA,DUDA_METODOLOGICA,I162S2C24J1V1
33,VALOR_CERTIFICADO_DIPLOMA,VALOR_CERTIFICADO_DIPLOMA,REVISAR_VALOR_CERTIFICADO_DIPLOMA_SIN_FUENTE,REVISAR,DESCONOCIDA,MEDIA,DUDA_METODOLOGICA,I162S2C24J1V1
33,ARANCEL_ANUAL,ARANCEL_ANUAL,REVISAR_ARANCEL_ANUAL_SIN_FUENTE,REVISAR,DESCONOCIDA,MEDIA,DUDA_METODOLOGICA,I162S2C24J1V1
33,CNED_ESTADO_AUDITORIA,CNED_ESTADO_AUDITORIA,REQUIERE_REVISION,REVISION,AUXILIAR_TECNICA,BAJA,MARCA_TECNICA_REMOVIBLE,I162S2C24J1V1
33,CNED_ALERTAS,CNED_ALERTAS,CONTIENE_MARCAS_TECNICAS_DE_REVISION,REVISION,AUXILIAR_TECNICA,BAJA,MARCA_TECNICA_REMOVIBLE,I162S2C24J1V1
33,CNED_PUEDE_SUBIR_PRELIMINAR,CNED_PUEDE_SUBIR_PRELIMINAR,REVISAR,REVISAR,AUXILIAR_TECNICA,BAJA,MARCA_TECNICA_REMOVIBLE,I162S2C24J1V1
34,Año de inicio de Actividades,ANO_DE_INICIO_DE_ACTIVIDADES,DECISION_MANUAL_ANIO_INICIO,MANUAL,DESCONOCIDA,MEDIA,DUDA_METODOLOGICA,I162S2C24J2V1
34,Área del Conocimiento,AREA_DEL_CONOCIMIENTO,REVISAR_AREA_SIN_FUENTE_DIRECTA,REVISAR,DESCONOCIDA,MEDIA,DUDA_METODOLOGICA,I162S2C24J2V1
34,Sub Área,SUB_AREA,REVISAR_SUB_AREA_SIN_FUENTE_DIRECTA,REVISAR,DESCONOCIDA,MEDIA,DUDA_METODOLOGICA,I162S2C24J2V1
34,Carrera Genérica,CARRERA_GENERICA,REVISAR_CARRERA_GENERICA_SIN_FUENTE_DIRECTA,REVISAR,DESCONOCIDA,MEDIA,DUDA_METODOLOGICA,I162S2C24J2V1
34,Título que otorga el programa,TITULO_QUE_OTORGA_EL_PROGRAMA,REVISAR_TITULO_SIN_FUENTE_DIRECTA,REVISAR,DESCONOCIDA,MEDIA,DUDA_METODOLOGICA,I162S2C24J2V1
34,Grado Académico que otorga el programa,GRADO_ACADEMICO_QUE_OTORGA_EL_PROGRAMA,REVISAR_GRADO_ACADEMICO_SIN_FUENTE_DIRECTA,REVISAR,DESCONOCIDA,MEDIA,DUDA_METODOLOGICA,I162S2C24J2V1
34,Dependencia,DEPENDENCIA,REVISAR_DEPENDENCIA_SIN_FUENTE_DIRECTA,REVISAR,DESCONOCIDA,MEDIA,DUDA_METODOLOGICA,I162S2C24J2V1
34,Régimen,REGIMEN,REVISAR_REGIMEN_SIN_FUENTE,REVISAR,OFICIAL_PROBABLE,ALTA,CAMPO_PENDIENTE_REAL,I162S2C24J2V1
34,Ingreso Directo,INGRESO_DIRECTO,REVISAR_INGRESO_DIRECTO_SIN_FUENTE_DIRECTA,REVISAR,DESCONOCIDA,MEDIA,DUDA_METODOLOGICA,I162S2C24J2V1
34,Observaciones,OBSERVACIONES,Crear según matriz PROMEDIOSDEALUMNOS_7804.xlsx / hoja matriz; conciliado contra diccionario oferta 2026; no encontrado en listado existente INDICES por CODIGO_UNICO; campos sin fuente directa quedan con revisión específica.,REVISION,DESCONOCIDA,MEDIA,OBSERVACION_INSTITUCIONAL,I162S2C24J2V1
34,ANIO_INICIO,ANIO_INICIO,REVISAR_ANIO_INICIO_SIN_FUENTE,REVISAR,OFICIAL_PROBABLE,ALTA,CAMPO_PENDIENTE_REAL,I162S2C24J2V1
34,REGIMEN,REGIMEN,REVISAR_REGIMEN_SIN_FUENTE,REVISAR,OFICIAL_PROBABLE,ALTA,CAMPO_PENDIENTE_REAL,I162S2C24J2V1
34,DURACION_REGIMEN,DURACION_REGIMEN,REVISAR_DURACION_REGIMEN_SIN_FUENTE,REVISAR,OFICIAL_PROBABLE,ALTA,CAMPO_PENDIENTE_REAL,I162S2C24J2V1
34,NOMBRE_TITULO,NOMBRE_TITULO,REVISAR_NOMBRE_TITULO_SIN_FUENTE_CONFIABLE,REVISAR,OFICIAL_PROBABLE,ALTA,CAMPO_PENDIENTE_REAL,I162S2C24J2V1
34,ACREDITACION,ACREDITACION,REVISAR_ACREDITACION_SIN_FUENTE,REVISAR,OFICIAL_PROBABLE,ALTA,CAMPO_PENDIENTE_REAL,I162S2C24J2V1
34,REQUISITO_INGRESO,REQUISITO_INGRESO,REVISAR_REQUISITO_INGRESO_SIN_FUENTE,REVISAR,OFICIAL_PROBABLE,ALTA,CAMPO_PENDIENTE_REAL,I162S2C24J2V1
34,SEMESTRES_RECONOCIDOS,SEMESTRES_RECONOCIDOS,REVISAR_SEMESTRES_RECONOCIDOS_SIN_FUENTE,REVISAR,OFICIAL_PROBABLE,ALTA,CAMPO_PENDIENTE_REAL,I162S2C24J2V1
34,AREA_ACTUAL,AREA_ACTUAL,REVISAR_AREA_ACTUAL_SIN_FUENTE,REVISAR,OFICIAL_PROBABLE,ALTA,CAMPO_PENDIENTE_REAL,I162S2C24J2V1
34,AREA_ADMIN_DERECHO,AREA_ADMIN_DERECHO,REVISAR_AREA_ADMIN_DERECHO_SIN_FUENTE,REVISAR,DESCONOCIDA,MEDIA,DUDA_METODOLOGICA,I162S2C24J2V1
34,AREA_AGRI_SILVI_PESCA_VET,AREA_AGRI_SILVI_PESCA_VET,REVISAR_AREA_AGRI_SILVI_PESCA_VET_SIN_FUENTE,REVISAR,DESCONOCIDA,MEDIA,DUDA_METODOLOGICA,I162S2C24J2V1
34,AREA_ARTES_HUMANIDADES,AREA_ARTES_HUMANIDADES,REVISAR_AREA_ARTES_HUMANIDADES_SIN_FUENTE,REVISAR,DESCONOCIDA,MEDIA,DUDA_METODOLOGICA,I162S2C24J2V1
34,AREA_CIENCIAS_NAT_MAT_ESTAD,AREA_CIENCIAS_NAT_MAT_ESTAD,REVISAR_AREA_CIENCIAS_NAT_MAT_ESTAD_SIN_FUENTE,REVISAR,DESCONOCIDA,MEDIA,DUDA_METODOLOGICA,I162S2C24J2V1
34,AREA_CS_SOCIAL_PERIODISMO_INFO,AREA_CS_SOCIAL_PERIODISMO_INFO,REVISAR_AREA_CS_SOCIAL_PERIODISMO_INFO_SIN_FUENTE,REVISAR,DESCONOCIDA,MEDIA,DUDA_METODOLOGICA,I162S2C24J2V1
34,AREA_EDUCACION,AREA_EDUCACION,REVISAR_AREA_EDUCACION_SIN_FUENTE,REVISAR,DESCONOCIDA,MEDIA,DUDA_METODOLOGICA,I162S2C24J2V1
34,AREA_INGE_INDUSTRIA_CONSTRUC,AREA_INGE_INDUSTRIA_CONSTRUC,REVISAR_AREA_INGE_INDUSTRIA_CONSTRUC_SIN_FUENTE,REVISAR,DESCONOCIDA,MEDIA,DUDA_METODOLOGICA,I162S2C24J2V1
34,AREA_SALUD_BIENESTAR,AREA_SALUD_BIENESTAR,REVISAR_AREA_SALUD_BIENESTAR_SIN_FUENTE,REVISAR,DESCONOCIDA,MEDIA,DUDA_METODOLOGICA,I162S2C24J2V1
34,AREA_SERVICIOS,AREA_SERVICIOS,REVISAR_AREA_SERVICIOS_SIN_FUENTE,REVISAR,DESCONOCIDA,MEDIA,DUDA_METODOLOGICA,I162S2C24J2V1
34,AREA_TECNO_INFO_COMUNICA,AREA_TECNO_INFO_COMUNICA,REVISAR_AREA_TECNO_INFO_COMUNICA_SIN_FUENTE,REVISAR,DESCONOCIDA,MEDIA,DUDA_METODOLOGICA,I162S2C24J2V1
34,VACANTES_PRIMER_SEMESTRE,VACANTES_PRIMER_SEMESTRE,REVISAR_VACANTES_PRIMER_SEMESTRE_SIN_FUENTE,REVISAR,DESCONOCIDA,MEDIA,DUDA_METODOLOGICA,I162S2C24J2V1
34,VACANTES_SEGUNDO_SEMESTRE,VACANTES_SEGUNDO_SEMESTRE,REVISAR_VACANTES_SEGUNDO_SEMESTRE_SIN_FUENTE,REVISAR,DESCONOCIDA,MEDIA,DUDA_METODOLOGICA,I162S2C24J2V1
34,FECHA_ADMISION_INICIAL,FECHA_ADMISION_INICIAL,REVISAR_FECHA_ADMISION_INICIAL_SIN_FUENTE,REVISAR,DESCONOCIDA,MEDIA,DUDA_METODOLOGICA,I162S2C24J2V1
34,MALLA_CURRICULAR,MALLA_CURRICULAR,REVISAR_MALLA_CURRICULAR_SIN_FUENTE,REVISAR,DESCONOCIDA,MEDIA,DUDA_METODOLOGICA,I162S2C24J2V1
34,PERFIL_EGRESO,PERFIL_EGRESO,REVISAR_PERFIL_EGRESO_SIN_FUENTE,REVISAR,DESCONOCIDA,MEDIA,DUDA_METODOLOGICA,I162S2C24J2V1
34,TEXTO_REQUISITO_INGRESO,TEXTO_REQUISITO_INGRESO,REVISAR_TEXTO_REQUISITO_INGRESO_SIN_FUENTE,REVISAR,DESCONOCIDA,MEDIA,DUDA_METODOLOGICA,I162S2C24J2V1
34,LICENCIA_ENS_MEDIA,LICENCIA_ENS_MEDIA,REVISAR_LICENCIA_ENS_MEDIA_SIN_FUENTE,REVISAR,DESCONOCIDA,MEDIA,DUDA_METODOLOGICA,I162S2C24J2V1
34,NOTAS_ENS_MEDIA,NOTAS_ENS_MEDIA,REVISAR_NOTAS_ENS_MEDIA_SIN_FUENTE,REVISAR,DESCONOCIDA,MEDIA,DUDA_METODOLOGICA,I162S2C24J2V1
34,PROMEDIO_MIN_ENS_MEDIA,PROMEDIO_MIN_ENS_MEDIA,REVISAR_PROMEDIO_MIN_ENS_MEDIA_SIN_FUENTE,REVISAR,DESCONOCIDA,MEDIA,DUDA_METODOLOGICA,I162S2C24J2V1
34,RECONOCIMIENTOS_APREN_PREVIOS,RECONOCIMIENTOS_APREN_PREVIOS,REVISAR_RECONOCIMIENTOS_APREN_PREVIOS_SIN_FUENTE,REVISAR,DESCONOCIDA,MEDIA,DUDA_METODOLOGICA,I162S2C24J2V1
34,EXPERIENCIA_LABORAL,EXPERIENCIA_LABORAL,REVISAR_EXPERIENCIA_LABORAL_SIN_FUENTE,REVISAR,DESCONOCIDA,MEDIA,DUDA_METODOLOGICA,I162S2C24J2V1
34,OTROS_REQUISITOS,OTROS_REQUISITOS,REVISAR_OTROS_REQUISITOS_SIN_FUENTE,REVISAR,DESCONOCIDA,MEDIA,DUDA_METODOLOGICA,I162S2C24J2V1
34,MAIL_DIFUSION_CARRERA,MAIL_DIFUSION_CARRERA,REVISAR_MAIL_DIFUSION_CARRERA_SIN_FUENTE,REVISAR,DESCONOCIDA,MEDIA,DUDA_METODOLOGICA,I162S2C24J2V1
34,FORMATO_VALOR,FORMATO_VALOR,REVISAR_FORMATO_VALOR_SIN_FUENTE,REVISAR,DESCONOCIDA,MEDIA,DUDA_METODOLOGICA,I162S2C24J2V1
34,VALOR_MATRICULA_ANUAL,VALOR_MATRICULA_ANUAL,REVISAR_VALOR_MATRICULA_ANUAL_SIN_FUENTE,REVISAR,DESCONOCIDA,MEDIA,DUDA_METODOLOGICA,I162S2C24J2V1
34,COSTO_TITULACION,COSTO_TITULACION,REVISAR_COSTO_TITULACION_SIN_FUENTE,REVISAR,DESCONOCIDA,MEDIA,DUDA_METODOLOGICA,I162S2C24J2V1
34,VALOR_CERTIFICADO_DIPLOMA,VALOR_CERTIFICADO_DIPLOMA,REVISAR_VALOR_CERTIFICADO_DIPLOMA_SIN_FUENTE,REVISAR,DESCONOCIDA,MEDIA,DUDA_METODOLOGICA,I162S2C24J2V1
34,ARANCEL_ANUAL,ARANCEL_ANUAL,REVISAR_ARANCEL_ANUAL_SIN_FUENTE,REVISAR,DESCONOCIDA,MEDIA,DUDA_METODOLOGICA,I162S2C24J2V1
34,CNED_ESTADO_AUDITORIA,CNED_ESTADO_AUDITORIA,REQUIERE_REVISION,REVISION,AUXILIAR_TECNICA,BAJA,MARCA_TECNICA_REMOVIBLE,I162S2C24J2V1
34,CNED_ALERTAS,CNED_ALERTAS,CONTIENE_MARCAS_TECNICAS_DE_REVISION,REVISION,AUXILIAR_TECNICA,BAJA,MARCA_TECNICA_REMOVIBLE,I162S2C24J2V1
34,CNED_PUEDE_SUBIR_PRELIMINAR,CNED_PUEDE_SUBIR_PRELIMINAR,REVISAR,REVISAR,AUXILIAR_TECNICA,BAJA,MARCA_TECNICA_REMOVIBLE,I162S2C24J2V1
35,Área del Conocimiento,AREA_DEL_CONOCIMIENTO,REVISAR_AREA_CODIGO_10,REVISAR,DESCONOCIDA,MEDIA,DUDA_METODOLOGICA,I162S2C2J1V2
35,Sub Área,SUB_AREA,REVISAR_SUB_AREA_SIN_FUENTE_DIRECTA,REVISAR,DESCONOCIDA,MEDIA,DUDA_METODOLOGICA,I162S2C2J1V2
35,Carrera Genérica,CARRERA_GENERICA,REVISAR_CARRERA_GENERICA_SIN_FUENTE_DIRECTA,REVISAR,DESCONOCIDA,MEDIA,DUDA_METODOLOGICA,I162S2C2J1V2
35,Grado Académico que otorga el programa,GRADO_ACADEMICO_QUE_OTORGA_EL_PROGRAMA,REVISAR_GRADO_ACADEMICO_SIN_FUENTE_DIRECTA,REVISAR,DESCONOCIDA,MEDIA,DUDA_METODOLOGICA,I162S2C2J1V2
35,Dependencia,DEPENDENCIA,REVISAR_DEPENDENCIA_SIN_FUENTE_DIRECTA,REVISAR,DESCONOCIDA,MEDIA,DUDA_METODOLOGICA,I162S2C2J1V2
35,Régimen,REGIMEN,REVISAR_REGIMEN_CODIGO_1,REVISAR,OFICIAL_PROBABLE,ALTA,CAMPO_PENDIENTE_REAL,I162S2C2J1V2
35,Ingreso Directo,INGRESO_DIRECTO,REVISAR_INGRESO_DIRECTO_CODIGO_REQUISITO_INGRESO_1,REVISAR,DESCONOCIDA,MEDIA,DUDA_METODOLOGICA,I162S2C2J1V2
35,Observaciones,OBSERVACIONES,Crear según matriz PROMEDIOSDEALUMNOS_7804.xlsx / hoja matriz; conciliado contra diccionario oferta 2026; no encontrado en listado existente INDICES por CODIGO_UNICO; campos sin fuente directa quedan con revisión específica.,REVISION,DESCONOCIDA,MEDIA,OBSERVACION_INSTITUCIONAL,I162S2C2J1V2
35,FECHA_ADMISION_INICIAL,FECHA_ADMISION_INICIAL,REVISAR_FECHA_ADMISION_INICIAL_SIN_FUENTE,REVISAR,DESCONOCIDA,MEDIA,DUDA_METODOLOGICA,I162S2C2J1V2
35,MALLA_CURRICULAR,MALLA_CURRICULAR,REVISAR_MALLA_CURRICULAR_SIN_FUENTE,REVISAR,DESCONOCIDA,MEDIA,DUDA_METODOLOGICA,I162S2C2J1V2
35,PERFIL_EGRESO,PERFIL_EGRESO,REVISAR_PERFIL_EGRESO_SIN_FUENTE,REVISAR,DESCONOCIDA,MEDIA,DUDA_METODOLOGICA,I162S2C2J1V2
35,TEXTO_REQUISITO_INGRESO,TEXTO_REQUISITO_INGRESO,REVISAR_TEXTO_REQUISITO_INGRESO_SIN_FUENTE,REVISAR,DESCONOCIDA,MEDIA,DUDA_METODOLOGICA,I162S2C2J1V2
35,LICENCIA_ENS_MEDIA,LICENCIA_ENS_MEDIA,REVISAR_LICENCIA_ENS_MEDIA_SIN_FUENTE,REVISAR,DESCONOCIDA,MEDIA,DUDA_METODOLOGICA,I162S2C2J1V2
35,NOTAS_ENS_MEDIA,NOTAS_ENS_MEDIA,REVISAR_NOTAS_ENS_MEDIA_SIN_FUENTE,REVISAR,DESCONOCIDA,MEDIA,DUDA_METODOLOGICA,I162S2C2J1V2
35,PROMEDIO_MIN_ENS_MEDIA,PROMEDIO_MIN_ENS_MEDIA,REVISAR_PROMEDIO_MIN_ENS_MEDIA_SIN_FUENTE,REVISAR,DESCONOCIDA,MEDIA,DUDA_METODOLOGICA,I162S2C2J1V2
35,RECONOCIMIENTOS_APREN_PREVIOS,RECONOCIMIENTOS_APREN_PREVIOS,REVISAR_RECONOCIMIENTOS_APREN_PREVIOS_SIN_FUENTE,REVISAR,DESCONOCIDA,MEDIA,DUDA_METODOLOGICA,I162S2C2J1V2
35,EXPERIENCIA_LABORAL,EXPERIENCIA_LABORAL,REVISAR_EXPERIENCIA_LABORAL_SIN_FUENTE,REVISAR,DESCONOCIDA,MEDIA,DUDA_METODOLOGICA,I162S2C2J1V2
35,OTROS_REQUISITOS,OTROS_REQUISITOS,REVISAR_OTROS_REQUISITOS_SIN_FUENTE,REVISAR,DESCONOCIDA,MEDIA,DUDA_METODOLOGICA,I162S2C2J1V2
35,MAIL_DIFUSION_CARRERA,MAIL_DIFUSION_CARRERA,REVISAR_MAIL_DIFUSION_CARRERA_SIN_FUENTE,REVISAR,DESCONOCIDA,MEDIA,DUDA_METODOLOGICA,I162S2C2J1V2
35,FORMATO_VALOR,FORMATO_VALOR,REVISAR_FORMATO_VALOR_SIN_FUENTE,REVISAR,DESCONOCIDA,MEDIA,DUDA_METODOLOGICA,I162S2C2J1V2
35,VALOR_MATRICULA_ANUAL,VALOR_MATRICULA_ANUAL,REVISAR_VALOR_MATRICULA_ANUAL_SIN_FUENTE,REVISAR,DESCONOCIDA,MEDIA,DUDA_METODOLOGICA,I162S2C2J1V2
35,COSTO_TITULACION,COSTO_TITULACION,REVISAR_COSTO_TITULACION_SIN_FUENTE,REVISAR,DESCONOCIDA,MEDIA,DUDA_METODOLOGICA,I162S2C2J1V2
35,VALOR_CERTIFICADO_DIPLOMA,VALOR_CERTIFICADO_DIPLOMA,REVISAR_VALOR_CERTIFICADO_DIPLOMA_SIN_FUENTE,REVISAR,DESCONOCIDA,MEDIA,DUDA_METODOLOGICA,I162S2C2J1V2
35,ARANCEL_ANUAL,ARANCEL_ANUAL,REVISAR_ARANCEL_ANUAL_SIN_FUENTE,REVISAR,DESCONOCIDA,MEDIA,DUDA_METODOLOGICA,I162S2C2J1V2
35,VIGENCIA_CARRERA,VIGENCIA_CARRERA,REVISAR_VIGENCIA_CARRERA_SIN_FUENTE_DIRECTA,REVISAR,OFICIAL_PROBABLE,ALTA,CAMPO_PENDIENTE_REAL,I162S2C2J1V2
35,CNED_ESTADO_AUDITORIA,CNED_ESTADO_AUDITORIA,REQUIERE_REVISION,REVISION,AUXILIAR_TECNICA,BAJA,MARCA_TECNICA_REMOVIBLE,I162S2C2J1V2
35,CNED_ALERTAS,CNED_ALERTAS,CONTIENE_MARCAS_TECNICAS_DE_REVISION,REVISION,AUXILIAR_TECNICA,BAJA,MARCA_TECNICA_REMOVIBLE,I162S2C2J1V2
35,CNED_PUEDE_SUBIR_PRELIMINAR,CNED_PUEDE_SUBIR_PRELIMINAR,REVISAR,REVISAR,AUXILIAR_TECNICA,BAJA,MARCA_TECNICA_REMOVIBLE,I162S2C2J1V2
36,Área del Conocimiento,AREA_DEL_CONOCIMIENTO,REVISAR_AREA_CODIGO_10,REVISAR,DESCONOCIDA,MEDIA,DUDA_METODOLOGICA,I162S2C2J2V2
36,Sub Área,SUB_AREA,REVISAR_SUB_AREA_SIN_FUENTE_DIRECTA,REVISAR,DESCONOCIDA,MEDIA,DUDA_METODOLOGICA,I162S2C2J2V2
36,Carrera Genérica,CARRERA_GENERICA,REVISAR_CARRERA_GENERICA_SIN_FUENTE_DIRECTA,REVISAR,DESCONOCIDA,MEDIA,DUDA_METODOLOGICA,I162S2C2J2V2
36,Grado Académico que otorga el programa,GRADO_ACADEMICO_QUE_OTORGA_EL_PROGRAMA,REVISAR_GRADO_ACADEMICO_SIN_FUENTE_DIRECTA,REVISAR,DESCONOCIDA,MEDIA,DUDA_METODOLOGICA,I162S2C2J2V2
36,Dependencia,DEPENDENCIA,REVISAR_DEPENDENCIA_SIN_FUENTE_DIRECTA,REVISAR,DESCONOCIDA,MEDIA,DUDA_METODOLOGICA,I162S2C2J2V2
36,Régimen,REGIMEN,REVISAR_REGIMEN_CODIGO_1,REVISAR,OFICIAL_PROBABLE,ALTA,CAMPO_PENDIENTE_REAL,I162S2C2J2V2
36,Ingreso Directo,INGRESO_DIRECTO,REVISAR_INGRESO_DIRECTO_CODIGO_REQUISITO_INGRESO_1,REVISAR,DESCONOCIDA,MEDIA,DUDA_METODOLOGICA,I162S2C2J2V2
36,Observaciones,OBSERVACIONES,Crear según matriz PROMEDIOSDEALUMNOS_7804.xlsx / hoja matriz; conciliado contra diccionario oferta 2026; no encontrado en listado existente INDICES por CODIGO_UNICO; campos sin fuente directa quedan con revisión específica.,REVISION,DESCONOCIDA,MEDIA,OBSERVACION_INSTITUCIONAL,I162S2C2J2V2
36,FECHA_ADMISION_INICIAL,FECHA_ADMISION_INICIAL,REVISAR_FECHA_ADMISION_INICIAL_SIN_FUENTE,REVISAR,DESCONOCIDA,MEDIA,DUDA_METODOLOGICA,I162S2C2J2V2
36,MALLA_CURRICULAR,MALLA_CURRICULAR,REVISAR_MALLA_CURRICULAR_SIN_FUENTE,REVISAR,DESCONOCIDA,MEDIA,DUDA_METODOLOGICA,I162S2C2J2V2
36,PERFIL_EGRESO,PERFIL_EGRESO,REVISAR_PERFIL_EGRESO_SIN_FUENTE,REVISAR,DESCONOCIDA,MEDIA,DUDA_METODOLOGICA,I162S2C2J2V2
36,TEXTO_REQUISITO_INGRESO,TEXTO_REQUISITO_INGRESO,REVISAR_TEXTO_REQUISITO_INGRESO_SIN_FUENTE,REVISAR,DESCONOCIDA,MEDIA,DUDA_METODOLOGICA,I162S2C2J2V2
36,LICENCIA_ENS_MEDIA,LICENCIA_ENS_MEDIA,REVISAR_LICENCIA_ENS_MEDIA_SIN_FUENTE,REVISAR,DESCONOCIDA,MEDIA,DUDA_METODOLOGICA,I162S2C2J2V2
36,NOTAS_ENS_MEDIA,NOTAS_ENS_MEDIA,REVISAR_NOTAS_ENS_MEDIA_SIN_FUENTE,REVISAR,DESCONOCIDA,MEDIA,DUDA_METODOLOGICA,I162S2C2J2V2
36,PROMEDIO_MIN_ENS_MEDIA,PROMEDIO_MIN_ENS_MEDIA,REVISAR_PROMEDIO_MIN_ENS_MEDIA_SIN_FUENTE,REVISAR,DESCONOCIDA,MEDIA,DUDA_METODOLOGICA,I162S2C2J2V2
36,RECONOCIMIENTOS_APREN_PREVIOS,RECONOCIMIENTOS_APREN_PREVIOS,REVISAR_RECONOCIMIENTOS_APREN_PREVIOS_SIN_FUENTE,REVISAR,DESCONOCIDA,MEDIA,DUDA_METODOLOGICA,I162S2C2J2V2
36,EXPERIENCIA_LABORAL,EXPERIENCIA_LABORAL,REVISAR_EXPERIENCIA_LABORAL_SIN_FUENTE,REVISAR,DESCONOCIDA,MEDIA,DUDA_METODOLOGICA,I162S2C2J2V2
36,OTROS_REQUISITOS,OTROS_REQUISITOS,REVISAR_OTROS_REQUISITOS_SIN_FUENTE,REVISAR,DESCONOCIDA,MEDIA,DUDA_METODOLOGICA,I162S2C2J2V2
36,MAIL_DIFUSION_CARRERA,MAIL_DIFUSION_CARRERA,REVISAR_MAIL_DIFUSION_CARRERA_SIN_FUENTE,REVISAR,DESCONOCIDA,MEDIA,DUDA_METODOLOGICA,I162S2C2J2V2
36,FORMATO_VALOR,FORMATO_VALOR,REVISAR_FORMATO_VALOR_SIN_FUENTE,REVISAR,DESCONOCIDA,MEDIA,DUDA_METODOLOGICA,I162S2C2J2V2
36,VALOR_MATRICULA_ANUAL,VALOR_MATRICULA_ANUAL,REVISAR_VALOR_MATRICULA_ANUAL_SIN_FUENTE,REVISAR,DESCONOCIDA,MEDIA,DUDA_METODOLOGICA,I162S2C2J2V2
36,COSTO_TITULACION,COSTO_TITULACION,REVISAR_COSTO_TITULACION_SIN_FUENTE,REVISAR,DESCONOCIDA,MEDIA,DUDA_METODOLOGICA,I162S2C2J2V2
36,VALOR_CERTIFICADO_DIPLOMA,VALOR_CERTIFICADO_DIPLOMA,REVISAR_VALOR_CERTIFICADO_DIPLOMA_SIN_FUENTE,REVISAR,DESCONOCIDA,MEDIA,DUDA_METODOLOGICA,I162S2C2J2V2
36,ARANCEL_ANUAL,ARANCEL_ANUAL,REVISAR_ARANCEL_ANUAL_SIN_FUENTE,REVISAR,DESCONOCIDA,MEDIA,DUDA_METODOLOGICA,I162S2C2J2V2
36,VIGENCIA_CARRERA,VIGENCIA_CARRERA,REVISAR_VIGENCIA_CARRERA_SIN_FUENTE_DIRECTA,REVISAR,OFICIAL_PROBABLE,ALTA,CAMPO_PENDIENTE_REAL,I162S2C2J2V2
36,CNED_ESTADO_AUDITORIA,CNED_ESTADO_AUDITORIA,REQUIERE_REVISION,REVISION,AUXILIAR_TECNICA,BAJA,MARCA_TECNICA_REMOVIBLE,I162S2C2J2V2
36,CNED_ALERTAS,CNED_ALERTAS,CONTIENE_MARCAS_TECNICAS_DE_REVISION,REVISION,AUXILIAR_TECNICA,BAJA,MARCA_TECNICA_REMOVIBLE,I162S2C2J2V2
36,CNED_PUEDE_SUBIR_PRELIMINAR,CNED_PUEDE_SUBIR_PRELIMINAR,REVISAR,REVISAR,AUXILIAR_TECNICA,BAJA,MARCA_TECNICA_REMOVIBLE,I162S2C2J2V2
37,Área del Conocimiento,AREA_DEL_CONOCIMIENTO,REVISAR_AREA_CODIGO_10,REVISAR,DESCONOCIDA,MEDIA,DUDA_METODOLOGICA,I162S2C2J4V2
37,Sub Área,SUB_AREA,REVISAR_SUB_AREA_SIN_FUENTE_DIRECTA,REVISAR,DESCONOCIDA,MEDIA,DUDA_METODOLOGICA,I162S2C2J4V2
37,Carrera Genérica,CARRERA_GENERICA,REVISAR_CARRERA_GENERICA_SIN_FUENTE_DIRECTA,REVISAR,DESCONOCIDA,MEDIA,DUDA_METODOLOGICA,I162S2C2J4V2
37,Grado Académico que otorga el programa,GRADO_ACADEMICO_QUE_OTORGA_EL_PROGRAMA,REVISAR_GRADO_ACADEMICO_SIN_FUENTE_DIRECTA,REVISAR,DESCONOCIDA,MEDIA,DUDA_METODOLOGICA,I162S2C2J4V2
37,Dependencia,DEPENDENCIA,REVISAR_DEPENDENCIA_SIN_FUENTE_DIRECTA,REVISAR,DESCONOCIDA,MEDIA,DUDA_METODOLOGICA,I162S2C2J4V2
37,Régimen,REGIMEN,REVISAR_REGIMEN_CODIGO_1,REVISAR,OFICIAL_PROBABLE,ALTA,CAMPO_PENDIENTE_REAL,I162S2C2J4V2
37,Ingreso Directo,INGRESO_DIRECTO,REVISAR_INGRESO_DIRECTO_CODIGO_REQUISITO_INGRESO_1,REVISAR,DESCONOCIDA,MEDIA,DUDA_METODOLOGICA,I162S2C2J4V2
37,Observaciones,OBSERVACIONES,Crear según matriz PROMEDIOSDEALUMNOS_7804.xlsx / hoja matriz; conciliado contra diccionario oferta 2026; no encontrado en listado existente INDICES por CODIGO_UNICO; campos sin fuente directa quedan con revisión específica.,REVISION,DESCONOCIDA,MEDIA,OBSERVACION_INSTITUCIONAL,I162S2C2J4V2
37,FECHA_ADMISION_INICIAL,FECHA_ADMISION_INICIAL,REVISAR_FECHA_ADMISION_INICIAL_SIN_FUENTE,REVISAR,DESCONOCIDA,MEDIA,DUDA_METODOLOGICA,I162S2C2J4V2
37,MALLA_CURRICULAR,MALLA_CURRICULAR,REVISAR_MALLA_CURRICULAR_SIN_FUENTE,REVISAR,DESCONOCIDA,MEDIA,DUDA_METODOLOGICA,I162S2C2J4V2
37,PERFIL_EGRESO,PERFIL_EGRESO,REVISAR_PERFIL_EGRESO_SIN_FUENTE,REVISAR,DESCONOCIDA,MEDIA,DUDA_METODOLOGICA,I162S2C2J4V2
37,TEXTO_REQUISITO_INGRESO,TEXTO_REQUISITO_INGRESO,REVISAR_TEXTO_REQUISITO_INGRESO_SIN_FUENTE,REVISAR,DESCONOCIDA,MEDIA,DUDA_METODOLOGICA,I162S2C2J4V2
37,LICENCIA_ENS_MEDIA,LICENCIA_ENS_MEDIA,REVISAR_LICENCIA_ENS_MEDIA_SIN_FUENTE,REVISAR,DESCONOCIDA,MEDIA,DUDA_METODOLOGICA,I162S2C2J4V2
37,NOTAS_ENS_MEDIA,NOTAS_ENS_MEDIA,REVISAR_NOTAS_ENS_MEDIA_SIN_FUENTE,REVISAR,DESCONOCIDA,MEDIA,DUDA_METODOLOGICA,I162S2C2J4V2
37,PROMEDIO_MIN_ENS_MEDIA,PROMEDIO_MIN_ENS_MEDIA,REVISAR_PROMEDIO_MIN_ENS_MEDIA_SIN_FUENTE,REVISAR,DESCONOCIDA,MEDIA,DUDA_METODOLOGICA,I162S2C2J4V2
37,RECONOCIMIENTOS_APREN_PREVIOS,RECONOCIMIENTOS_APREN_PREVIOS,REVISAR_RECONOCIMIENTOS_APREN_PREVIOS_SIN_FUENTE,REVISAR,DESCONOCIDA,MEDIA,DUDA_METODOLOGICA,I162S2C2J4V2
37,EXPERIENCIA_LABORAL,EXPERIENCIA_LABORAL,REVISAR_EXPERIENCIA_LABORAL_SIN_FUENTE,REVISAR,DESCONOCIDA,MEDIA,DUDA_METODOLOGICA,I162S2C2J4V2
37,OTROS_REQUISITOS,OTROS_REQUISITOS,REVISAR_OTROS_REQUISITOS_SIN_FUENTE,REVISAR,DESCONOCIDA,MEDIA,DUDA_METODOLOGICA,I162S2C2J4V2
37,MAIL_DIFUSION_CARRERA,MAIL_DIFUSION_CARRERA,REVISAR_MAIL_DIFUSION_CARRERA_SIN_FUENTE,REVISAR,DESCONOCIDA,MEDIA,DUDA_METODOLOGICA,I162S2C2J4V2
37,FORMATO_VALOR,FORMATO_VALOR,REVISAR_FORMATO_VALOR_SIN_FUENTE,REVISAR,DESCONOCIDA,MEDIA,DUDA_METODOLOGICA,I162S2C2J4V2
37,VALOR_MATRICULA_ANUAL,VALOR_MATRICULA_ANUAL,REVISAR_VALOR_MATRICULA_ANUAL_SIN_FUENTE,REVISAR,DESCONOCIDA,MEDIA,DUDA_METODOLOGICA,I162S2C2J4V2
37,COSTO_TITULACION,COSTO_TITULACION,REVISAR_COSTO_TITULACION_SIN_FUENTE,REVISAR,DESCONOCIDA,MEDIA,DUDA_METODOLOGICA,I162S2C2J4V2
37,VALOR_CERTIFICADO_DIPLOMA,VALOR_CERTIFICADO_DIPLOMA,REVISAR_VALOR_CERTIFICADO_DIPLOMA_SIN_FUENTE,REVISAR,DESCONOCIDA,MEDIA,DUDA_METODOLOGICA,I162S2C2J4V2
37,ARANCEL_ANUAL,ARANCEL_ANUAL,REVISAR_ARANCEL_ANUAL_SIN_FUENTE,REVISAR,DESCONOCIDA,MEDIA,DUDA_METODOLOGICA,I162S2C2J4V2
37,VIGENCIA_CARRERA,VIGENCIA_CARRERA,REVISAR_VIGENCIA_CARRERA_SIN_FUENTE_DIRECTA,REVISAR,OFICIAL_PROBABLE,ALTA,CAMPO_PENDIENTE_REAL,I162S2C2J4V2
37,CNED_ESTADO_AUDITORIA,CNED_ESTADO_AUDITORIA,REQUIERE_REVISION,REVISION,AUXILIAR_TECNICA,BAJA,MARCA_TECNICA_REMOVIBLE,I162S2C2J4V2
37,CNED_ALERTAS,CNED_ALERTAS,CONTIENE_MARCAS_TECNICAS_DE_REVISION,REVISION,AUXILIAR_TECNICA,BAJA,MARCA_TECNICA_REMOVIBLE,I162S2C2J4V2
37,CNED_PUEDE_SUBIR_PRELIMINAR,CNED_PUEDE_SUBIR_PRELIMINAR,REVISAR,REVISAR,AUXILIAR_TECNICA,BAJA,MARCA_TECNICA_REMOVIBLE,I162S2C2J4V2
38,Área del Conocimiento,AREA_DEL_CONOCIMIENTO,REVISAR_AREA_CODIGO_10,REVISAR,DESCONOCIDA,MEDIA,DUDA_METODOLOGICA,I162S2C35J1V2
38,Sub Área,SUB_AREA,REVISAR_SUB_AREA_SIN_FUENTE_DIRECTA,REVISAR,DESCONOCIDA,MEDIA,DUDA_METODOLOGICA,I162S2C35J1V2
38,Carrera Genérica,CARRERA_GENERICA,REVISAR_CARRERA_GENERICA_SIN_FUENTE_DIRECTA,REVISAR,DESCONOCIDA,MEDIA,DUDA_METODOLOGICA,I162S2C35J1V2
38,Grado Académico que otorga el programa,GRADO_ACADEMICO_QUE_OTORGA_EL_PROGRAMA,REVISAR_GRADO_ACADEMICO_SIN_FUENTE_DIRECTA,REVISAR,DESCONOCIDA,MEDIA,DUDA_METODOLOGICA,I162S2C35J1V2
38,Dependencia,DEPENDENCIA,REVISAR_DEPENDENCIA_SIN_FUENTE_DIRECTA,REVISAR,DESCONOCIDA,MEDIA,DUDA_METODOLOGICA,I162S2C35J1V2
38,Régimen,REGIMEN,REVISAR_REGIMEN_CODIGO_1,REVISAR,OFICIAL_PROBABLE,ALTA,CAMPO_PENDIENTE_REAL,I162S2C35J1V2
38,Ingreso Directo,INGRESO_DIRECTO,REVISAR_INGRESO_DIRECTO_CODIGO_REQUISITO_INGRESO_1,REVISAR,DESCONOCIDA,MEDIA,DUDA_METODOLOGICA,I162S2C35J1V2
38,Observaciones,OBSERVACIONES,Crear según matriz PROMEDIOSDEALUMNOS_7804.xlsx / hoja matriz; conciliado contra diccionario oferta 2026; no encontrado en listado existente INDICES por CODIGO_UNICO; campos sin fuente directa quedan con revisión específica.,REVISION,DESCONOCIDA,MEDIA,OBSERVACION_INSTITUCIONAL,I162S2C35J1V2
38,FECHA_ADMISION_INICIAL,FECHA_ADMISION_INICIAL,REVISAR_FECHA_ADMISION_INICIAL_SIN_FUENTE,REVISAR,DESCONOCIDA,MEDIA,DUDA_METODOLOGICA,I162S2C35J1V2
38,MALLA_CURRICULAR,MALLA_CURRICULAR,REVISAR_MALLA_CURRICULAR_SIN_FUENTE,REVISAR,DESCONOCIDA,MEDIA,DUDA_METODOLOGICA,I162S2C35J1V2
38,PERFIL_EGRESO,PERFIL_EGRESO,REVISAR_PERFIL_EGRESO_SIN_FUENTE,REVISAR,DESCONOCIDA,MEDIA,DUDA_METODOLOGICA,I162S2C35J1V2
38,TEXTO_REQUISITO_INGRESO,TEXTO_REQUISITO_INGRESO,REVISAR_TEXTO_REQUISITO_INGRESO_SIN_FUENTE,REVISAR,DESCONOCIDA,MEDIA,DUDA_METODOLOGICA,I162S2C35J1V2
38,LICENCIA_ENS_MEDIA,LICENCIA_ENS_MEDIA,REVISAR_LICENCIA_ENS_MEDIA_SIN_FUENTE,REVISAR,DESCONOCIDA,MEDIA,DUDA_METODOLOGICA,I162S2C35J1V2
38,NOTAS_ENS_MEDIA,NOTAS_ENS_MEDIA,REVISAR_NOTAS_ENS_MEDIA_SIN_FUENTE,REVISAR,DESCONOCIDA,MEDIA,DUDA_METODOLOGICA,I162S2C35J1V2
38,PROMEDIO_MIN_ENS_MEDIA,PROMEDIO_MIN_ENS_MEDIA,REVISAR_PROMEDIO_MIN_ENS_MEDIA_SIN_FUENTE,REVISAR,DESCONOCIDA,MEDIA,DUDA_METODOLOGICA,I162S2C35J1V2
38,RECONOCIMIENTOS_APREN_PREVIOS,RECONOCIMIENTOS_APREN_PREVIOS,REVISAR_RECONOCIMIENTOS_APREN_PREVIOS_SIN_FUENTE,REVISAR,DESCONOCIDA,MEDIA,DUDA_METODOLOGICA,I162S2C35J1V2
38,EXPERIENCIA_LABORAL,EXPERIENCIA_LABORAL,REVISAR_EXPERIENCIA_LABORAL_SIN_FUENTE,REVISAR,DESCONOCIDA,MEDIA,DUDA_METODOLOGICA,I162S2C35J1V2
38,OTROS_REQUISITOS,OTROS_REQUISITOS,REVISAR_OTROS_REQUISITOS_SIN_FUENTE,REVISAR,DESCONOCIDA,MEDIA,DUDA_METODOLOGICA,I162S2C35J1V2
38,MAIL_DIFUSION_CARRERA,MAIL_DIFUSION_CARRERA,REVISAR_MAIL_DIFUSION_CARRERA_SIN_FUENTE,REVISAR,DESCONOCIDA,MEDIA,DUDA_METODOLOGICA,I162S2C35J1V2
38,FORMATO_VALOR,FORMATO_VALOR,REVISAR_FORMATO_VALOR_SIN_FUENTE,REVISAR,DESCONOCIDA,MEDIA,DUDA_METODOLOGICA,I162S2C35J1V2
38,VALOR_MATRICULA_ANUAL,VALOR_MATRICULA_ANUAL,REVISAR_VALOR_MATRICULA_ANUAL_SIN_FUENTE,REVISAR,DESCONOCIDA,MEDIA,DUDA_METODOLOGICA,I162S2C35J1V2
38,COSTO_TITULACION,COSTO_TITULACION,REVISAR_COSTO_TITULACION_SIN_FUENTE,REVISAR,DESCONOCIDA,MEDIA,DUDA_METODOLOGICA,I162S2C35J1V2
38,VALOR_CERTIFICADO_DIPLOMA,VALOR_CERTIFICADO_DIPLOMA,REVISAR_VALOR_CERTIFICADO_DIPLOMA_SIN_FUENTE,REVISAR,DESCONOCIDA,MEDIA,DUDA_METODOLOGICA,I162S2C35J1V2
38,ARANCEL_ANUAL,ARANCEL_ANUAL,REVISAR_ARANCEL_ANUAL_SIN_FUENTE,REVISAR,DESCONOCIDA,MEDIA,DUDA_METODOLOGICA,I162S2C35J1V2
38,VIGENCIA_CARRERA,VIGENCIA_CARRERA,REVISAR_VIGENCIA_CARRERA_SIN_FUENTE_DIRECTA,REVISAR,OFICIAL_PROBABLE,ALTA,CAMPO_PENDIENTE_REAL,I162S2C35J1V2
38,CNED_ESTADO_AUDITORIA,CNED_ESTADO_AUDITORIA,REQUIERE_REVISION,REVISION,AUXILIAR_TECNICA,BAJA,MARCA_TECNICA_REMOVIBLE,I162S2C35J1V2
38,CNED_ALERTAS,CNED_ALERTAS,CONTIENE_MARCAS_TECNICAS_DE_REVISION,REVISION,AUXILIAR_TECNICA,BAJA,MARCA_TECNICA_REMOVIBLE,I162S2C35J1V2
38,CNED_PUEDE_SUBIR_PRELIMINAR,CNED_PUEDE_SUBIR_PRELIMINAR,REVISAR,REVISAR,AUXILIAR_TECNICA,BAJA,MARCA_TECNICA_REMOVIBLE,I162S2C35J1V2
39,Área del Conocimiento,AREA_DEL_CONOCIMIENTO,REVISAR_AREA_CODIGO_10,REVISAR,DESCONOCIDA,MEDIA,DUDA_METODOLOGICA,I162S2C35J2V2
39,Sub Área,SUB_AREA,REVISAR_SUB_AREA_SIN_FUENTE_DIRECTA,REVISAR,DESCONOCIDA,MEDIA,DUDA_METODOLOGICA,I162S2C35J2V2
39,Carrera Genérica,CARRERA_GENERICA,REVISAR_CARRERA_GENERICA_SIN_FUENTE_DIRECTA,REVISAR,DESCONOCIDA,MEDIA,DUDA_METODOLOGICA,I162S2C35J2V2
39,Grado Académico que otorga el programa,GRADO_ACADEMICO_QUE_OTORGA_EL_PROGRAMA,REVISAR_GRADO_ACADEMICO_SIN_FUENTE_DIRECTA,REVISAR,DESCONOCIDA,MEDIA,DUDA_METODOLOGICA,I162S2C35J2V2
39,Dependencia,DEPENDENCIA,REVISAR_DEPENDENCIA_SIN_FUENTE_DIRECTA,REVISAR,DESCONOCIDA,MEDIA,DUDA_METODOLOGICA,I162S2C35J2V2
39,Régimen,REGIMEN,REVISAR_REGIMEN_CODIGO_1,REVISAR,OFICIAL_PROBABLE,ALTA,CAMPO_PENDIENTE_REAL,I162S2C35J2V2
39,Ingreso Directo,INGRESO_DIRECTO,REVISAR_INGRESO_DIRECTO_CODIGO_REQUISITO_INGRESO_1,REVISAR,DESCONOCIDA,MEDIA,DUDA_METODOLOGICA,I162S2C35J2V2
39,Observaciones,OBSERVACIONES,Crear según matriz PROMEDIOSDEALUMNOS_7804.xlsx / hoja matriz; conciliado contra diccionario oferta 2026; no encontrado en listado existente INDICES por CODIGO_UNICO; campos sin fuente directa quedan con revisión específica.,REVISION,DESCONOCIDA,MEDIA,OBSERVACION_INSTITUCIONAL,I162S2C35J2V2
39,FECHA_ADMISION_INICIAL,FECHA_ADMISION_INICIAL,REVISAR_FECHA_ADMISION_INICIAL_SIN_FUENTE,REVISAR,DESCONOCIDA,MEDIA,DUDA_METODOLOGICA,I162S2C35J2V2
39,MALLA_CURRICULAR,MALLA_CURRICULAR,REVISAR_MALLA_CURRICULAR_SIN_FUENTE,REVISAR,DESCONOCIDA,MEDIA,DUDA_METODOLOGICA,I162S2C35J2V2
39,PERFIL_EGRESO,PERFIL_EGRESO,REVISAR_PERFIL_EGRESO_SIN_FUENTE,REVISAR,DESCONOCIDA,MEDIA,DUDA_METODOLOGICA,I162S2C35J2V2
39,TEXTO_REQUISITO_INGRESO,TEXTO_REQUISITO_INGRESO,REVISAR_TEXTO_REQUISITO_INGRESO_SIN_FUENTE,REVISAR,DESCONOCIDA,MEDIA,DUDA_METODOLOGICA,I162S2C35J2V2
39,LICENCIA_ENS_MEDIA,LICENCIA_ENS_MEDIA,REVISAR_LICENCIA_ENS_MEDIA_SIN_FUENTE,REVISAR,DESCONOCIDA,MEDIA,DUDA_METODOLOGICA,I162S2C35J2V2
39,NOTAS_ENS_MEDIA,NOTAS_ENS_MEDIA,REVISAR_NOTAS_ENS_MEDIA_SIN_FUENTE,REVISAR,DESCONOCIDA,MEDIA,DUDA_METODOLOGICA,I162S2C35J2V2
39,PROMEDIO_MIN_ENS_MEDIA,PROMEDIO_MIN_ENS_MEDIA,REVISAR_PROMEDIO_MIN_ENS_MEDIA_SIN_FUENTE,REVISAR,DESCONOCIDA,MEDIA,DUDA_METODOLOGICA,I162S2C35J2V2
39,RECONOCIMIENTOS_APREN_PREVIOS,RECONOCIMIENTOS_APREN_PREVIOS,REVISAR_RECONOCIMIENTOS_APREN_PREVIOS_SIN_FUENTE,REVISAR,DESCONOCIDA,MEDIA,DUDA_METODOLOGICA,I162S2C35J2V2
39,EXPERIENCIA_LABORAL,EXPERIENCIA_LABORAL,REVISAR_EXPERIENCIA_LABORAL_SIN_FUENTE,REVISAR,DESCONOCIDA,MEDIA,DUDA_METODOLOGICA,I162S2C35J2V2
39,OTROS_REQUISITOS,OTROS_REQUISITOS,REVISAR_OTROS_REQUISITOS_SIN_FUENTE,REVISAR,DESCONOCIDA,MEDIA,DUDA_METODOLOGICA,I162S2C35J2V2
39,MAIL_DIFUSION_CARRERA,MAIL_DIFUSION_CARRERA,REVISAR_MAIL_DIFUSION_CARRERA_SIN_FUENTE,REVISAR,DESCONOCIDA,MEDIA,DUDA_METODOLOGICA,I162S2C35J2V2
39,FORMATO_VALOR,FORMATO_VALOR,REVISAR_FORMATO_VALOR_SIN_FUENTE,REVISAR,DESCONOCIDA,MEDIA,DUDA_METODOLOGICA,I162S2C35J2V2
39,VALOR_MATRICULA_ANUAL,VALOR_MATRICULA_ANUAL,REVISAR_VALOR_MATRICULA_ANUAL_SIN_FUENTE,REVISAR,DESCONOCIDA,MEDIA,DUDA_METODOLOGICA,I162S2C35J2V2
39,COSTO_TITULACION,COSTO_TITULACION,REVISAR_COSTO_TITULACION_SIN_FUENTE,REVISAR,DESCONOCIDA,MEDIA,DUDA_METODOLOGICA,I162S2C35J2V2
39,VALOR_CERTIFICADO_DIPLOMA,VALOR_CERTIFICADO_DIPLOMA,REVISAR_VALOR_CERTIFICADO_DIPLOMA_SIN_FUENTE,REVISAR,DESCONOCIDA,MEDIA,DUDA_METODOLOGICA,I162S2C35J2V2
39,ARANCEL_ANUAL,ARANCEL_ANUAL,REVISAR_ARANCEL_ANUAL_SIN_FUENTE,REVISAR,DESCONOCIDA,MEDIA,DUDA_METODOLOGICA,I162S2C35J2V2
39,VIGENCIA_CARRERA,VIGENCIA_CARRERA,REVISAR_VIGENCIA_CARRERA_SIN_FUENTE_DIRECTA,REVISAR,OFICIAL_PROBABLE,ALTA,CAMPO_PENDIENTE_REAL,I162S2C35J2V2
39,CNED_ESTADO_AUDITORIA,CNED_ESTADO_AUDITORIA,REQUIERE_REVISION,REVISION,AUXILIAR_TECNICA,BAJA,MARCA_TECNICA_REMOVIBLE,I162S2C35J2V2
39,CNED_ALERTAS,CNED_ALERTAS,CONTIENE_MARCAS_TECNICAS_DE_REVISION,REVISION,AUXILIAR_TECNICA,BAJA,MARCA_TECNICA_REMOVIBLE,I162S2C35J2V2
39,CNED_PUEDE_SUBIR_PRELIMINAR,CNED_PUEDE_SUBIR_PRELIMINAR,REVISAR,REVISAR,AUXILIAR_TECNICA,BAJA,MARCA_TECNICA_REMOVIBLE,I162S2C35J2V2
40,Área del Conocimiento,AREA_DEL_CONOCIMIENTO,REVISAR_AREA_CODIGO_10,REVISAR,DESCONOCIDA,MEDIA,DUDA_METODOLOGICA,I162S2C35J4V2
40,Sub Área,SUB_AREA,REVISAR_SUB_AREA_SIN_FUENTE_DIRECTA,REVISAR,DESCONOCIDA,MEDIA,DUDA_METODOLOGICA,I162S2C35J4V2
40,Carrera Genérica,CARRERA_GENERICA,REVISAR_CARRERA_GENERICA_SIN_FUENTE_DIRECTA,REVISAR,DESCONOCIDA,MEDIA,DUDA_METODOLOGICA,I162S2C35J4V2
40,Grado Académico que otorga el programa,GRADO_ACADEMICO_QUE_OTORGA_EL_PROGRAMA,REVISAR_GRADO_ACADEMICO_SIN_FUENTE_DIRECTA,REVISAR,DESCONOCIDA,MEDIA,DUDA_METODOLOGICA,I162S2C35J4V2
40,Dependencia,DEPENDENCIA,REVISAR_DEPENDENCIA_SIN_FUENTE_DIRECTA,REVISAR,DESCONOCIDA,MEDIA,DUDA_METODOLOGICA,I162S2C35J4V2
40,Régimen,REGIMEN,REVISAR_REGIMEN_CODIGO_1,REVISAR,OFICIAL_PROBABLE,ALTA,CAMPO_PENDIENTE_REAL,I162S2C35J4V2
40,Ingreso Directo,INGRESO_DIRECTO,REVISAR_INGRESO_DIRECTO_CODIGO_REQUISITO_INGRESO_1,REVISAR,DESCONOCIDA,MEDIA,DUDA_METODOLOGICA,I162S2C35J4V2
40,Observaciones,OBSERVACIONES,Crear según matriz PROMEDIOSDEALUMNOS_7804.xlsx / hoja matriz; conciliado contra diccionario oferta 2026; no encontrado en listado existente INDICES por CODIGO_UNICO; campos sin fuente directa quedan con revisión específica.,REVISION,DESCONOCIDA,MEDIA,OBSERVACION_INSTITUCIONAL,I162S2C35J4V2
40,FECHA_ADMISION_INICIAL,FECHA_ADMISION_INICIAL,REVISAR_FECHA_ADMISION_INICIAL_SIN_FUENTE,REVISAR,DESCONOCIDA,MEDIA,DUDA_METODOLOGICA,I162S2C35J4V2
40,MALLA_CURRICULAR,MALLA_CURRICULAR,REVISAR_MALLA_CURRICULAR_SIN_FUENTE,REVISAR,DESCONOCIDA,MEDIA,DUDA_METODOLOGICA,I162S2C35J4V2
40,PERFIL_EGRESO,PERFIL_EGRESO,REVISAR_PERFIL_EGRESO_SIN_FUENTE,REVISAR,DESCONOCIDA,MEDIA,DUDA_METODOLOGICA,I162S2C35J4V2
40,TEXTO_REQUISITO_INGRESO,TEXTO_REQUISITO_INGRESO,REVISAR_TEXTO_REQUISITO_INGRESO_SIN_FUENTE,REVISAR,DESCONOCIDA,MEDIA,DUDA_METODOLOGICA,I162S2C35J4V2
40,LICENCIA_ENS_MEDIA,LICENCIA_ENS_MEDIA,REVISAR_LICENCIA_ENS_MEDIA_SIN_FUENTE,REVISAR,DESCONOCIDA,MEDIA,DUDA_METODOLOGICA,I162S2C35J4V2
40,NOTAS_ENS_MEDIA,NOTAS_ENS_MEDIA,REVISAR_NOTAS_ENS_MEDIA_SIN_FUENTE,REVISAR,DESCONOCIDA,MEDIA,DUDA_METODOLOGICA,I162S2C35J4V2
40,PROMEDIO_MIN_ENS_MEDIA,PROMEDIO_MIN_ENS_MEDIA,REVISAR_PROMEDIO_MIN_ENS_MEDIA_SIN_FUENTE,REVISAR,DESCONOCIDA,MEDIA,DUDA_METODOLOGICA,I162S2C35J4V2
40,RECONOCIMIENTOS_APREN_PREVIOS,RECONOCIMIENTOS_APREN_PREVIOS,REVISAR_RECONOCIMIENTOS_APREN_PREVIOS_SIN_FUENTE,REVISAR,DESCONOCIDA,MEDIA,DUDA_METODOLOGICA,I162S2C35J4V2
40,EXPERIENCIA_LABORAL,EXPERIENCIA_LABORAL,REVISAR_EXPERIENCIA_LABORAL_SIN_FUENTE,REVISAR,DESCONOCIDA,MEDIA,DUDA_METODOLOGICA,I162S2C35J4V2
40,OTROS_REQUISITOS,OTROS_REQUISITOS,REVISAR_OTROS_REQUISITOS_SIN_FUENTE,REVISAR,DESCONOCIDA,MEDIA,DUDA_METODOLOGICA,I162S2C35J4V2
40,MAIL_DIFUSION_CARRERA,MAIL_DIFUSION_CARRERA,REVISAR_MAIL_DIFUSION_CARRERA_SIN_FUENTE,REVISAR,DESCONOCIDA,MEDIA,DUDA_METODOLOGICA,I162S2C35J4V2
40,FORMATO_VALOR,FORMATO_VALOR,REVISAR_FORMATO_VALOR_SIN_FUENTE,REVISAR,DESCONOCIDA,MEDIA,DUDA_METODOLOGICA,I162S2C35J4V2
40,VALOR_MATRICULA_ANUAL,VALOR_MATRICULA_ANUAL,REVISAR_VALOR_MATRICULA_ANUAL_SIN_FUENTE,REVISAR,DESCONOCIDA,MEDIA,DUDA_METODOLOGICA,I162S2C35J4V2
40,COSTO_TITULACION,COSTO_TITULACION,REVISAR_COSTO_TITULACION_SIN_FUENTE,REVISAR,DESCONOCIDA,MEDIA,DUDA_METODOLOGICA,I162S2C35J4V2
40,VALOR_CERTIFICADO_DIPLOMA,VALOR_CERTIFICADO_DIPLOMA,REVISAR_VALOR_CERTIFICADO_DIPLOMA_SIN_FUENTE,REVISAR,DESCONOCIDA,MEDIA,DUDA_METODOLOGICA,I162S2C35J4V2
40,ARANCEL_ANUAL,ARANCEL_ANUAL,REVISAR_ARANCEL_ANUAL_SIN_FUENTE,REVISAR,DESCONOCIDA,MEDIA,DUDA_METODOLOGICA,I162S2C35J4V2
40,VIGENCIA_CARRERA,VIGENCIA_CARRERA,REVISAR_VIGENCIA_CARRERA_SIN_FUENTE_DIRECTA,REVISAR,OFICIAL_PROBABLE,ALTA,CAMPO_PENDIENTE_REAL,I162S2C35J4V2
40,CNED_ESTADO_AUDITORIA,CNED_ESTADO_AUDITORIA,REQUIERE_REVISION,REVISION,AUXILIAR_TECNICA,BAJA,MARCA_TECNICA_REMOVIBLE,I162S2C35J4V2
40,CNED_ALERTAS,CNED_ALERTAS,CONTIENE_MARCAS_TECNICAS_DE_REVISION,REVISION,AUXILIAR_TECNICA,BAJA,MARCA_TECNICA_REMOVIBLE,I162S2C35J4V2
40,CNED_PUEDE_SUBIR_PRELIMINAR,CNED_PUEDE_SUBIR_PRELIMINAR,REVISAR,REVISAR,AUXILIAR_TECNICA,BAJA,MARCA_TECNICA_REMOVIBLE,I162S2C35J4V2
41,Año de inicio de Actividades,ANO_DE_INICIO_DE_ACTIVIDADES,DECISION_MANUAL_ANIO_INICIO,MANUAL,DESCONOCIDA,MEDIA,DUDA_METODOLOGICA,I162S2C3J2V2
41,Detalle del Tipo de Programa (especiales),DETALLE_DEL_TIPO_DE_PROGRAMA_ESPECIALES,REVISAR_DETALLE_PROGRAMA_ESPECIAL,REVISAR,DESCONOCIDA,MEDIA,DUDA_METODOLOGICA,I162S2C3J2V2
41,Área del Conocimiento,AREA_DEL_CONOCIMIENTO,REVISAR_AREA_CONOCIMIENTO_10,REVISAR,DESCONOCIDA,MEDIA,DUDA_METODOLOGICA,I162S2C3J2V2
41,Sub Área,SUB_AREA,REVISAR_SUB_AREA_SIN_FUENTE_DIRECTA,REVISAR,DESCONOCIDA,MEDIA,DUDA_METODOLOGICA,I162S2C3J2V2
41,Carrera Genérica,CARRERA_GENERICA,REVISAR_CARRERA_GENERICA_SIN_FUENTE_DIRECTA,REVISAR,DESCONOCIDA,MEDIA,DUDA_METODOLOGICA,I162S2C3J2V2
41,Título que otorga el programa,TITULO_QUE_OTORGA_EL_PROGRAMA,REVISAR_TITULO_MATCH_AMBIGUO,REVISAR,DESCONOCIDA,MEDIA,DUDA_METODOLOGICA,I162S2C3J2V2
41,Grado Académico que otorga el programa,GRADO_ACADEMICO_QUE_OTORGA_EL_PROGRAMA,REVISAR_GRADO_ACADEMICO_SIN_FUENTE_DIRECTA,REVISAR,DESCONOCIDA,MEDIA,DUDA_METODOLOGICA,I162S2C3J2V2
41,Dependencia,DEPENDENCIA,REVISAR_DEPENDENCIA_SIN_FUENTE_DIRECTA,REVISAR,DESCONOCIDA,MEDIA,DUDA_METODOLOGICA,I162S2C3J2V2
41,Régimen,REGIMEN,REVISAR_REGIMEN_MATCH_AMBIGUO,REVISAR,OFICIAL_PROBABLE,ALTA,CAMPO_PENDIENTE_REAL,I162S2C3J2V2
41,Ingreso Directo,INGRESO_DIRECTO,REVISAR_INGRESO_DIRECTO_MATCH_AMBIGUO,REVISAR,DESCONOCIDA,MEDIA,DUDA_METODOLOGICA,I162S2C3J2V2
41,Otro Tipo de Ingreso,OTRO_TIPO_DE_INGRESO,REVISAR_OTRO_TIPO_INGRESO_MATCH_AMBIGUO,REVISAR,DESCONOCIDA,MEDIA,DUDA_METODOLOGICA,I162S2C3J2V2
41,Ingreso otro,INGRESO_OTRO,REVISAR_DESCRIPCION_OTRO_INGRESO_MATCH_AMBIGUO,REVISAR,DESCONOCIDA,MEDIA,DUDA_METODOLOGICA,I162S2C3J2V2
41,Observaciones,OBSERVACIONES,Crear según matriz PROMEDIOSDEALUMNOS_7804.xlsx / hoja matriz; conciliado contra diccionario oferta 2026; no encontrado en listado existente INDICES por CODIGO_UNICO; campos sin fuente directa quedan con revisión específica; Requiere revisión por match no directo/ambiguo; no completar campos críticos por inferencia.,REVISION,DESCONOCIDA,MEDIA,OBSERVACION_INSTITUCIONAL,I162S2C3J2V2
41,ANIO_INICIO,ANIO_INICIO,CONFLICTO_REVISAR_ANIO_INICIO_MATCH_AMBIGUO,REVISAR,OFICIAL_PROBABLE,ALTA,BLOQUEO_CRITICO,I162S2C3J2V2
41,REGIMEN,REGIMEN,CONFLICTO_REVISAR_REGIMEN_MATCH_AMBIGUO,REVISAR,OFICIAL_PROBABLE,ALTA,BLOQUEO_CRITICO,I162S2C3J2V2
41,DURACION_REGIMEN,DURACION_REGIMEN,CONFLICTO_REVISAR_DURACION_REGIMEN_MATCH_AMBIGUO,REVISAR,OFICIAL_PROBABLE,ALTA,BLOQUEO_CRITICO,I162S2C3J2V2
41,NOMBRE_TITULO,NOMBRE_TITULO,CONFLICTO_REVISAR_NOMBRE_TITULO_MATCH_NO_UNICO,REVISAR,OFICIAL_PROBABLE,ALTA,BLOQUEO_CRITICO,I162S2C3J2V2
41,ACREDITACION,ACREDITACION,CONFLICTO_REVISAR_ACREDITACION_MATCH_NO_UNICO,REVISAR,OFICIAL_PROBABLE,ALTA,BLOQUEO_CRITICO,I162S2C3J2V2
41,REQUISITO_INGRESO,REQUISITO_INGRESO,CONFLICTO_REVISAR_REQUISITO_INGRESO_MATCH_NO_UNICO,REVISAR,OFICIAL_PROBABLE,ALTA,BLOQUEO_CRITICO,I162S2C3J2V2
41,SEMESTRES_RECONOCIDOS,SEMESTRES_RECONOCIDOS,CONFLICTO_REVISAR_SEMESTRES_RECONOCIDOS_MATCH_NO_UNICO,REVISAR,OFICIAL_PROBABLE,ALTA,BLOQUEO_CRITICO,I162S2C3J2V2
41,AREA_ACTUAL,AREA_ACTUAL,CONFLICTO_REVISAR_AREA_ACTUAL_MATCH_NO_UNICO,REVISAR,OFICIAL_PROBABLE,ALTA,BLOQUEO_CRITICO,I162S2C3J2V2
41,AREA_ADMIN_DERECHO,AREA_ADMIN_DERECHO,CONFLICTO_REVISAR_AREA_ADMIN_DERECHO_MATCH_NO_UNICO,REVISAR,DESCONOCIDA,MEDIA,DUDA_METODOLOGICA,I162S2C3J2V2
41,AREA_AGRI_SILVI_PESCA_VET,AREA_AGRI_SILVI_PESCA_VET,CONFLICTO_REVISAR_AREA_AGRI_SILVI_PESCA_VET_MATCH_NO_UNICO,REVISAR,DESCONOCIDA,MEDIA,DUDA_METODOLOGICA,I162S2C3J2V2
41,AREA_ARTES_HUMANIDADES,AREA_ARTES_HUMANIDADES,CONFLICTO_REVISAR_AREA_ARTES_HUMANIDADES_MATCH_NO_UNICO,REVISAR,DESCONOCIDA,MEDIA,DUDA_METODOLOGICA,I162S2C3J2V2
41,AREA_CIENCIAS_NAT_MAT_ESTAD,AREA_CIENCIAS_NAT_MAT_ESTAD,CONFLICTO_REVISAR_AREA_CIENCIAS_NAT_MAT_ESTAD_MATCH_NO_UNICO,REVISAR,DESCONOCIDA,MEDIA,DUDA_METODOLOGICA,I162S2C3J2V2
41,AREA_CS_SOCIAL_PERIODISMO_INFO,AREA_CS_SOCIAL_PERIODISMO_INFO,CONFLICTO_REVISAR_AREA_CS_SOCIAL_PERIODISMO_INFO_MATCH_NO_UNICO,REVISAR,DESCONOCIDA,MEDIA,DUDA_METODOLOGICA,I162S2C3J2V2
41,AREA_EDUCACION,AREA_EDUCACION,CONFLICTO_REVISAR_AREA_EDUCACION_MATCH_NO_UNICO,REVISAR,DESCONOCIDA,MEDIA,DUDA_METODOLOGICA,I162S2C3J2V2
41,AREA_INGE_INDUSTRIA_CONSTRUC,AREA_INGE_INDUSTRIA_CONSTRUC,CONFLICTO_REVISAR_AREA_INGE_INDUSTRIA_CONSTRUC_MATCH_NO_UNICO,REVISAR,DESCONOCIDA,MEDIA,DUDA_METODOLOGICA,I162S2C3J2V2
41,AREA_SALUD_BIENESTAR,AREA_SALUD_BIENESTAR,CONFLICTO_REVISAR_AREA_SALUD_BIENESTAR_MATCH_NO_UNICO,REVISAR,DESCONOCIDA,MEDIA,DUDA_METODOLOGICA,I162S2C3J2V2
41,AREA_SERVICIOS,AREA_SERVICIOS,CONFLICTO_REVISAR_AREA_SERVICIOS_MATCH_NO_UNICO,REVISAR,DESCONOCIDA,MEDIA,DUDA_METODOLOGICA,I162S2C3J2V2
41,AREA_TECNO_INFO_COMUNICA,AREA_TECNO_INFO_COMUNICA,CONFLICTO_REVISAR_AREA_TECNO_INFO_COMUNICA_MATCH_NO_UNICO,REVISAR,DESCONOCIDA,MEDIA,DUDA_METODOLOGICA,I162S2C3J2V2
41,VACANTES_PRIMER_SEMESTRE,VACANTES_PRIMER_SEMESTRE,CONFLICTO_REVISAR_VACANTES_PRIMER_SEMESTRE_MATCH_NO_UNICO,REVISAR,DESCONOCIDA,MEDIA,DUDA_METODOLOGICA,I162S2C3J2V2
41,VACANTES_SEGUNDO_SEMESTRE,VACANTES_SEGUNDO_SEMESTRE,CONFLICTO_REVISAR_VACANTES_SEGUNDO_SEMESTRE_MATCH_NO_UNICO,REVISAR,DESCONOCIDA,MEDIA,DUDA_METODOLOGICA,I162S2C3J2V2
41,FECHA_ADMISION_INICIAL,FECHA_ADMISION_INICIAL,REVISAR_FECHA_ADMISION_INICIAL_SIN_FUENTE,REVISAR,DESCONOCIDA,MEDIA,DUDA_METODOLOGICA,I162S2C3J2V2
41,MALLA_CURRICULAR,MALLA_CURRICULAR,REVISAR_MALLA_CURRICULAR_SIN_FUENTE,REVISAR,DESCONOCIDA,MEDIA,DUDA_METODOLOGICA,I162S2C3J2V2
41,PERFIL_EGRESO,PERFIL_EGRESO,REVISAR_PERFIL_EGRESO_SIN_FUENTE,REVISAR,DESCONOCIDA,MEDIA,DUDA_METODOLOGICA,I162S2C3J2V2
41,TEXTO_REQUISITO_INGRESO,TEXTO_REQUISITO_INGRESO,REVISAR_TEXTO_REQUISITO_INGRESO_SIN_FUENTE,REVISAR,DESCONOCIDA,MEDIA,DUDA_METODOLOGICA,I162S2C3J2V2
41,LICENCIA_ENS_MEDIA,LICENCIA_ENS_MEDIA,REVISAR_LICENCIA_ENS_MEDIA_SIN_FUENTE,REVISAR,DESCONOCIDA,MEDIA,DUDA_METODOLOGICA,I162S2C3J2V2
41,NOTAS_ENS_MEDIA,NOTAS_ENS_MEDIA,REVISAR_NOTAS_ENS_MEDIA_SIN_FUENTE,REVISAR,DESCONOCIDA,MEDIA,DUDA_METODOLOGICA,I162S2C3J2V2
41,PROMEDIO_MIN_ENS_MEDIA,PROMEDIO_MIN_ENS_MEDIA,REVISAR_PROMEDIO_MIN_ENS_MEDIA_SIN_FUENTE,REVISAR,DESCONOCIDA,MEDIA,DUDA_METODOLOGICA,I162S2C3J2V2
41,RECONOCIMIENTOS_APREN_PREVIOS,RECONOCIMIENTOS_APREN_PREVIOS,REVISAR_RECONOCIMIENTOS_APREN_PREVIOS_SIN_FUENTE,REVISAR,DESCONOCIDA,MEDIA,DUDA_METODOLOGICA,I162S2C3J2V2
41,EXPERIENCIA_LABORAL,EXPERIENCIA_LABORAL,REVISAR_EXPERIENCIA_LABORAL_SIN_FUENTE,REVISAR,DESCONOCIDA,MEDIA,DUDA_METODOLOGICA,I162S2C3J2V2
41,OTROS_REQUISITOS,OTROS_REQUISITOS,REVISAR_OTROS_REQUISITOS_SIN_FUENTE,REVISAR,DESCONOCIDA,MEDIA,DUDA_METODOLOGICA,I162S2C3J2V2
41,MAIL_DIFUSION_CARRERA,MAIL_DIFUSION_CARRERA,REVISAR_MAIL_DIFUSION_CARRERA_SIN_FUENTE,REVISAR,DESCONOCIDA,MEDIA,DUDA_METODOLOGICA,I162S2C3J2V2
41,FORMATO_VALOR,FORMATO_VALOR,REVISAR_FORMATO_VALOR_SIN_FUENTE,REVISAR,DESCONOCIDA,MEDIA,DUDA_METODOLOGICA,I162S2C3J2V2
41,VALOR_MATRICULA_ANUAL,VALOR_MATRICULA_ANUAL,REVISAR_VALOR_MATRICULA_ANUAL_SIN_FUENTE,REVISAR,DESCONOCIDA,MEDIA,DUDA_METODOLOGICA,I162S2C3J2V2
41,COSTO_TITULACION,COSTO_TITULACION,REVISAR_COSTO_TITULACION_SIN_FUENTE,REVISAR,DESCONOCIDA,MEDIA,DUDA_METODOLOGICA,I162S2C3J2V2
41,VALOR_CERTIFICADO_DIPLOMA,VALOR_CERTIFICADO_DIPLOMA,REVISAR_VALOR_CERTIFICADO_DIPLOMA_SIN_FUENTE,REVISAR,DESCONOCIDA,MEDIA,DUDA_METODOLOGICA,I162S2C3J2V2
41,ARANCEL_ANUAL,ARANCEL_ANUAL,REVISAR_ARANCEL_ANUAL_SIN_FUENTE,REVISAR,DESCONOCIDA,MEDIA,DUDA_METODOLOGICA,I162S2C3J2V2
41,VIGENCIA_CARRERA,VIGENCIA_CARRERA,REVISAR_VIGENCIA_CARRERA_SIN_FUENTE_DIRECTA,REVISAR,OFICIAL_PROBABLE,ALTA,CAMPO_PENDIENTE_REAL,I162S2C3J2V2
41,MATCH_CODIGO_UNICO_DERIVADO,MATCH_CODIGO_UNICO_DERIVADO,REVISAR_MATCH_CODIGO_UNICO_DERIVADO_AMBIGUO_I162S2C3J2V2,REVISAR,AUXILIAR_TECNICA,BAJA,MARCA_TECNICA_REMOVIBLE,I162S2C3J2V2
41,CNED_ESTADO_AUDITORIA,CNED_ESTADO_AUDITORIA,REQUIERE_REVISION,REVISION,AUXILIAR_TECNICA,BAJA,MARCA_TECNICA_REMOVIBLE,I162S2C3J2V2
41,CNED_ALERTAS,CNED_ALERTAS,CONTIENE_MARCAS_TECNICAS_DE_REVISION,REVISION,AUXILIAR_TECNICA,BAJA,MARCA_TECNICA_REMOVIBLE,I162S2C3J2V2
41,CNED_PUEDE_SUBIR_PRELIMINAR,CNED_PUEDE_SUBIR_PRELIMINAR,REVISAR,REVISAR,AUXILIAR_TECNICA,BAJA,MARCA_TECNICA_REMOVIBLE,I162S2C3J2V2
42,Modalidad del Programa,MODALIDAD_DEL_PROGRAMA,REVISAR_MODALIDAD_2,REVISAR,DESCONOCIDA,MEDIA,DUDA_METODOLOGICA,I162S2C40J2V1
42,Área del Conocimiento,AREA_DEL_CONOCIMIENTO,REVISAR_AREA_CODIGO_6,REVISAR,DESCONOCIDA,MEDIA,DUDA_METODOLOGICA,I162S2C40J2V1
42,Sub Área,SUB_AREA,REVISAR_SUB_AREA_SIN_FUENTE_DIRECTA,REVISAR,DESCONOCIDA,MEDIA,DUDA_METODOLOGICA,I162S2C40J2V1
42,Carrera Genérica,CARRERA_GENERICA,REVISAR_CARRERA_GENERICA_SIN_FUENTE_DIRECTA,REVISAR,DESCONOCIDA,MEDIA,DUDA_METODOLOGICA,I162S2C40J2V1
42,Grado Académico que otorga el programa,GRADO_ACADEMICO_QUE_OTORGA_EL_PROGRAMA,REVISAR_GRADO_ACADEMICO_SIN_FUENTE_DIRECTA,REVISAR,DESCONOCIDA,MEDIA,DUDA_METODOLOGICA,I162S2C40J2V1
42,Dependencia,DEPENDENCIA,REVISAR_DEPENDENCIA_SIN_FUENTE_DIRECTA,REVISAR,DESCONOCIDA,MEDIA,DUDA_METODOLOGICA,I162S2C40J2V1
42,Régimen,REGIMEN,REVISAR_REGIMEN_CODIGO_1,REVISAR,OFICIAL_PROBABLE,ALTA,CAMPO_PENDIENTE_REAL,I162S2C40J2V1
42,Ingreso Directo,INGRESO_DIRECTO,REVISAR_INGRESO_DIRECTO_CODIGO_REQUISITO_INGRESO_2,REVISAR,DESCONOCIDA,MEDIA,DUDA_METODOLOGICA,I162S2C40J2V1
42,Otro Tipo de Ingreso,OTRO_TIPO_DE_INGRESO,REVISAR_OTRO_TIPO_INGRESO_CODIGO_REQUISITO_INGRESO_2,REVISAR,DESCONOCIDA,MEDIA,DUDA_METODOLOGICA,I162S2C40J2V1
42,Ingreso otro,INGRESO_OTRO,REVISAR_DESCRIPCION_OTRO_INGRESO_SIN_TEXTO_FUENTE,REVISAR,DESCONOCIDA,MEDIA,DUDA_METODOLOGICA,I162S2C40J2V1
42,Observaciones,OBSERVACIONES,Crear según matriz PROMEDIOSDEALUMNOS_7804.xlsx / hoja matriz; conciliado contra diccionario oferta 2026; no encontrado en listado existente INDICES por CODIGO_UNICO; campos sin fuente directa quedan con revisión específica.,REVISION,DESCONOCIDA,MEDIA,OBSERVACION_INSTITUCIONAL,I162S2C40J2V1
42,FECHA_ADMISION_INICIAL,FECHA_ADMISION_INICIAL,REVISAR_FECHA_ADMISION_INICIAL_SIN_FUENTE,REVISAR,DESCONOCIDA,MEDIA,DUDA_METODOLOGICA,I162S2C40J2V1
42,MALLA_CURRICULAR,MALLA_CURRICULAR,REVISAR_MALLA_CURRICULAR_SIN_FUENTE,REVISAR,DESCONOCIDA,MEDIA,DUDA_METODOLOGICA,I162S2C40J2V1
42,PERFIL_EGRESO,PERFIL_EGRESO,REVISAR_PERFIL_EGRESO_SIN_FUENTE,REVISAR,DESCONOCIDA,MEDIA,DUDA_METODOLOGICA,I162S2C40J2V1
42,TEXTO_REQUISITO_INGRESO,TEXTO_REQUISITO_INGRESO,REVISAR_TEXTO_REQUISITO_INGRESO_SIN_FUENTE,REVISAR,DESCONOCIDA,MEDIA,DUDA_METODOLOGICA,I162S2C40J2V1
42,LICENCIA_ENS_MEDIA,LICENCIA_ENS_MEDIA,REVISAR_LICENCIA_ENS_MEDIA_SIN_FUENTE,REVISAR,DESCONOCIDA,MEDIA,DUDA_METODOLOGICA,I162S2C40J2V1
42,NOTAS_ENS_MEDIA,NOTAS_ENS_MEDIA,REVISAR_NOTAS_ENS_MEDIA_SIN_FUENTE,REVISAR,DESCONOCIDA,MEDIA,DUDA_METODOLOGICA,I162S2C40J2V1
42,PROMEDIO_MIN_ENS_MEDIA,PROMEDIO_MIN_ENS_MEDIA,REVISAR_PROMEDIO_MIN_ENS_MEDIA_SIN_FUENTE,REVISAR,DESCONOCIDA,MEDIA,DUDA_METODOLOGICA,I162S2C40J2V1
42,RECONOCIMIENTOS_APREN_PREVIOS,RECONOCIMIENTOS_APREN_PREVIOS,REVISAR_RECONOCIMIENTOS_APREN_PREVIOS_SIN_FUENTE,REVISAR,DESCONOCIDA,MEDIA,DUDA_METODOLOGICA,I162S2C40J2V1
42,EXPERIENCIA_LABORAL,EXPERIENCIA_LABORAL,REVISAR_EXPERIENCIA_LABORAL_SIN_FUENTE,REVISAR,DESCONOCIDA,MEDIA,DUDA_METODOLOGICA,I162S2C40J2V1
42,OTROS_REQUISITOS,OTROS_REQUISITOS,REVISAR_OTROS_REQUISITOS_SIN_FUENTE,REVISAR,DESCONOCIDA,MEDIA,DUDA_METODOLOGICA,I162S2C40J2V1
42,MAIL_DIFUSION_CARRERA,MAIL_DIFUSION_CARRERA,REVISAR_MAIL_DIFUSION_CARRERA_SIN_FUENTE,REVISAR,DESCONOCIDA,MEDIA,DUDA_METODOLOGICA,I162S2C40J2V1
42,FORMATO_VALOR,FORMATO_VALOR,REVISAR_FORMATO_VALOR_SIN_FUENTE,REVISAR,DESCONOCIDA,MEDIA,DUDA_METODOLOGICA,I162S2C40J2V1
42,VALOR_MATRICULA_ANUAL,VALOR_MATRICULA_ANUAL,REVISAR_VALOR_MATRICULA_ANUAL_SIN_FUENTE,REVISAR,DESCONOCIDA,MEDIA,DUDA_METODOLOGICA,I162S2C40J2V1
42,COSTO_TITULACION,COSTO_TITULACION,REVISAR_COSTO_TITULACION_SIN_FUENTE,REVISAR,DESCONOCIDA,MEDIA,DUDA_METODOLOGICA,I162S2C40J2V1
42,VALOR_CERTIFICADO_DIPLOMA,VALOR_CERTIFICADO_DIPLOMA,REVISAR_VALOR_CERTIFICADO_DIPLOMA_SIN_FUENTE,REVISAR,DESCONOCIDA,MEDIA,DUDA_METODOLOGICA,I162S2C40J2V1
42,ARANCEL_ANUAL,ARANCEL_ANUAL,REVISAR_ARANCEL_ANUAL_SIN_FUENTE,REVISAR,DESCONOCIDA,MEDIA,DUDA_METODOLOGICA,I162S2C40J2V1
42,VIGENCIA_CARRERA,VIGENCIA_CARRERA,REVISAR_VIGENCIA_CARRERA_SIN_FUENTE_DIRECTA,REVISAR,OFICIAL_PROBABLE,ALTA,CAMPO_PENDIENTE_REAL,I162S2C40J2V1
42,CNED_ESTADO_AUDITORIA,CNED_ESTADO_AUDITORIA,REQUIERE_REVISION,REVISION,AUXILIAR_TECNICA,BAJA,MARCA_TECNICA_REMOVIBLE,I162S2C40J2V1
42,CNED_ALERTAS,CNED_ALERTAS,CONTIENE_MARCAS_TECNICAS_DE_REVISION,REVISION,AUXILIAR_TECNICA,BAJA,MARCA_TECNICA_REMOVIBLE,I162S2C40J2V1
42,CNED_PUEDE_SUBIR_PRELIMINAR,CNED_PUEDE_SUBIR_PRELIMINAR,REVISAR,REVISAR,AUXILIAR_TECNICA,BAJA,MARCA_TECNICA_REMOVIBLE,I162S2C40J2V1
43,Año de inicio de Actividades,ANO_DE_INICIO_DE_ACTIVIDADES,DECISION_MANUAL_ANIO_INICIO,MANUAL,DESCONOCIDA,MEDIA,DUDA_METODOLOGICA,I162S2C41J2V1
43,Área del Conocimiento,AREA_DEL_CONOCIMIENTO,REVISAR_AREA_SIN_FUENTE_DIRECTA,REVISAR,DESCONOCIDA,MEDIA,DUDA_METODOLOGICA,I162S2C41J2V1
43,Sub Área,SUB_AREA,REVISAR_SUB_AREA_SIN_FUENTE_DIRECTA,REVISAR,DESCONOCIDA,MEDIA,DUDA_METODOLOGICA,I162S2C41J2V1
43,Carrera Genérica,CARRERA_GENERICA,REVISAR_CARRERA_GENERICA_SIN_FUENTE_DIRECTA,REVISAR,DESCONOCIDA,MEDIA,DUDA_METODOLOGICA,I162S2C41J2V1
43,Título que otorga el programa,TITULO_QUE_OTORGA_EL_PROGRAMA,REVISAR_TITULO_SIN_FUENTE_DIRECTA,REVISAR,DESCONOCIDA,MEDIA,DUDA_METODOLOGICA,I162S2C41J2V1
43,Grado Académico que otorga el programa,GRADO_ACADEMICO_QUE_OTORGA_EL_PROGRAMA,REVISAR_GRADO_ACADEMICO_SIN_FUENTE_DIRECTA,REVISAR,DESCONOCIDA,MEDIA,DUDA_METODOLOGICA,I162S2C41J2V1
43,Dependencia,DEPENDENCIA,REVISAR_DEPENDENCIA_SIN_FUENTE_DIRECTA,REVISAR,DESCONOCIDA,MEDIA,DUDA_METODOLOGICA,I162S2C41J2V1
43,Régimen,REGIMEN,REVISAR_REGIMEN_SIN_FUENTE,REVISAR,OFICIAL_PROBABLE,ALTA,CAMPO_PENDIENTE_REAL,I162S2C41J2V1
43,Ingreso Directo,INGRESO_DIRECTO,REVISAR_INGRESO_DIRECTO_SIN_FUENTE_DIRECTA,REVISAR,DESCONOCIDA,MEDIA,DUDA_METODOLOGICA,I162S2C41J2V1
43,Observaciones,OBSERVACIONES,Crear según matriz PROMEDIOSDEALUMNOS_7804.xlsx / hoja matriz; conciliado contra diccionario oferta 2026; no encontrado en listado existente INDICES por CODIGO_UNICO; campos sin fuente directa quedan con revisión específica.,REVISION,DESCONOCIDA,MEDIA,OBSERVACION_INSTITUCIONAL,I162S2C41J2V1
43,ANIO_INICIO,ANIO_INICIO,REVISAR_ANIO_INICIO_SIN_FUENTE,REVISAR,OFICIAL_PROBABLE,ALTA,CAMPO_PENDIENTE_REAL,I162S2C41J2V1
43,REGIMEN,REGIMEN,REVISAR_REGIMEN_SIN_FUENTE,REVISAR,OFICIAL_PROBABLE,ALTA,CAMPO_PENDIENTE_REAL,I162S2C41J2V1
43,DURACION_REGIMEN,DURACION_REGIMEN,REVISAR_DURACION_REGIMEN_SIN_FUENTE,REVISAR,OFICIAL_PROBABLE,ALTA,CAMPO_PENDIENTE_REAL,I162S2C41J2V1
43,NOMBRE_TITULO,NOMBRE_TITULO,REVISAR_NOMBRE_TITULO_SIN_FUENTE_CONFIABLE,REVISAR,OFICIAL_PROBABLE,ALTA,CAMPO_PENDIENTE_REAL,I162S2C41J2V1
43,ACREDITACION,ACREDITACION,REVISAR_ACREDITACION_SIN_FUENTE,REVISAR,OFICIAL_PROBABLE,ALTA,CAMPO_PENDIENTE_REAL,I162S2C41J2V1
43,REQUISITO_INGRESO,REQUISITO_INGRESO,REVISAR_REQUISITO_INGRESO_SIN_FUENTE,REVISAR,OFICIAL_PROBABLE,ALTA,CAMPO_PENDIENTE_REAL,I162S2C41J2V1
43,SEMESTRES_RECONOCIDOS,SEMESTRES_RECONOCIDOS,REVISAR_SEMESTRES_RECONOCIDOS_SIN_FUENTE,REVISAR,OFICIAL_PROBABLE,ALTA,CAMPO_PENDIENTE_REAL,I162S2C41J2V1
43,AREA_ACTUAL,AREA_ACTUAL,REVISAR_AREA_ACTUAL_SIN_FUENTE,REVISAR,OFICIAL_PROBABLE,ALTA,CAMPO_PENDIENTE_REAL,I162S2C41J2V1
43,AREA_ADMIN_DERECHO,AREA_ADMIN_DERECHO,REVISAR_AREA_ADMIN_DERECHO_SIN_FUENTE,REVISAR,DESCONOCIDA,MEDIA,DUDA_METODOLOGICA,I162S2C41J2V1
43,AREA_AGRI_SILVI_PESCA_VET,AREA_AGRI_SILVI_PESCA_VET,REVISAR_AREA_AGRI_SILVI_PESCA_VET_SIN_FUENTE,REVISAR,DESCONOCIDA,MEDIA,DUDA_METODOLOGICA,I162S2C41J2V1
43,AREA_ARTES_HUMANIDADES,AREA_ARTES_HUMANIDADES,REVISAR_AREA_ARTES_HUMANIDADES_SIN_FUENTE,REVISAR,DESCONOCIDA,MEDIA,DUDA_METODOLOGICA,I162S2C41J2V1
43,AREA_CIENCIAS_NAT_MAT_ESTAD,AREA_CIENCIAS_NAT_MAT_ESTAD,REVISAR_AREA_CIENCIAS_NAT_MAT_ESTAD_SIN_FUENTE,REVISAR,DESCONOCIDA,MEDIA,DUDA_METODOLOGICA,I162S2C41J2V1
43,AREA_CS_SOCIAL_PERIODISMO_INFO,AREA_CS_SOCIAL_PERIODISMO_INFO,REVISAR_AREA_CS_SOCIAL_PERIODISMO_INFO_SIN_FUENTE,REVISAR,DESCONOCIDA,MEDIA,DUDA_METODOLOGICA,I162S2C41J2V1
43,AREA_EDUCACION,AREA_EDUCACION,REVISAR_AREA_EDUCACION_SIN_FUENTE,REVISAR,DESCONOCIDA,MEDIA,DUDA_METODOLOGICA,I162S2C41J2V1
43,AREA_INGE_INDUSTRIA_CONSTRUC,AREA_INGE_INDUSTRIA_CONSTRUC,REVISAR_AREA_INGE_INDUSTRIA_CONSTRUC_SIN_FUENTE,REVISAR,DESCONOCIDA,MEDIA,DUDA_METODOLOGICA,I162S2C41J2V1
43,AREA_SALUD_BIENESTAR,AREA_SALUD_BIENESTAR,REVISAR_AREA_SALUD_BIENESTAR_SIN_FUENTE,REVISAR,DESCONOCIDA,MEDIA,DUDA_METODOLOGICA,I162S2C41J2V1
43,AREA_SERVICIOS,AREA_SERVICIOS,REVISAR_AREA_SERVICIOS_SIN_FUENTE,REVISAR,DESCONOCIDA,MEDIA,DUDA_METODOLOGICA,I162S2C41J2V1
43,AREA_TECNO_INFO_COMUNICA,AREA_TECNO_INFO_COMUNICA,REVISAR_AREA_TECNO_INFO_COMUNICA_SIN_FUENTE,REVISAR,DESCONOCIDA,MEDIA,DUDA_METODOLOGICA,I162S2C41J2V1
43,VACANTES_PRIMER_SEMESTRE,VACANTES_PRIMER_SEMESTRE,REVISAR_VACANTES_PRIMER_SEMESTRE_SIN_FUENTE,REVISAR,DESCONOCIDA,MEDIA,DUDA_METODOLOGICA,I162S2C41J2V1
43,VACANTES_SEGUNDO_SEMESTRE,VACANTES_SEGUNDO_SEMESTRE,REVISAR_VACANTES_SEGUNDO_SEMESTRE_SIN_FUENTE,REVISAR,DESCONOCIDA,MEDIA,DUDA_METODOLOGICA,I162S2C41J2V1
43,FECHA_ADMISION_INICIAL,FECHA_ADMISION_INICIAL,REVISAR_FECHA_ADMISION_INICIAL_SIN_FUENTE,REVISAR,DESCONOCIDA,MEDIA,DUDA_METODOLOGICA,I162S2C41J2V1
43,MALLA_CURRICULAR,MALLA_CURRICULAR,REVISAR_MALLA_CURRICULAR_SIN_FUENTE,REVISAR,DESCONOCIDA,MEDIA,DUDA_METODOLOGICA,I162S2C41J2V1
43,PERFIL_EGRESO,PERFIL_EGRESO,REVISAR_PERFIL_EGRESO_SIN_FUENTE,REVISAR,DESCONOCIDA,MEDIA,DUDA_METODOLOGICA,I162S2C41J2V1
43,TEXTO_REQUISITO_INGRESO,TEXTO_REQUISITO_INGRESO,REVISAR_TEXTO_REQUISITO_INGRESO_SIN_FUENTE,REVISAR,DESCONOCIDA,MEDIA,DUDA_METODOLOGICA,I162S2C41J2V1
43,LICENCIA_ENS_MEDIA,LICENCIA_ENS_MEDIA,REVISAR_LICENCIA_ENS_MEDIA_SIN_FUENTE,REVISAR,DESCONOCIDA,MEDIA,DUDA_METODOLOGICA,I162S2C41J2V1
43,NOTAS_ENS_MEDIA,NOTAS_ENS_MEDIA,REVISAR_NOTAS_ENS_MEDIA_SIN_FUENTE,REVISAR,DESCONOCIDA,MEDIA,DUDA_METODOLOGICA,I162S2C41J2V1
43,PROMEDIO_MIN_ENS_MEDIA,PROMEDIO_MIN_ENS_MEDIA,REVISAR_PROMEDIO_MIN_ENS_MEDIA_SIN_FUENTE,REVISAR,DESCONOCIDA,MEDIA,DUDA_METODOLOGICA,I162S2C41J2V1
43,RECONOCIMIENTOS_APREN_PREVIOS,RECONOCIMIENTOS_APREN_PREVIOS,REVISAR_RECONOCIMIENTOS_APREN_PREVIOS_SIN_FUENTE,REVISAR,DESCONOCIDA,MEDIA,DUDA_METODOLOGICA,I162S2C41J2V1
43,EXPERIENCIA_LABORAL,EXPERIENCIA_LABORAL,REVISAR_EXPERIENCIA_LABORAL_SIN_FUENTE,REVISAR,DESCONOCIDA,MEDIA,DUDA_METODOLOGICA,I162S2C41J2V1
43,OTROS_REQUISITOS,OTROS_REQUISITOS,REVISAR_OTROS_REQUISITOS_SIN_FUENTE,REVISAR,DESCONOCIDA,MEDIA,DUDA_METODOLOGICA,I162S2C41J2V1
43,MAIL_DIFUSION_CARRERA,MAIL_DIFUSION_CARRERA,REVISAR_MAIL_DIFUSION_CARRERA_SIN_FUENTE,REVISAR,DESCONOCIDA,MEDIA,DUDA_METODOLOGICA,I162S2C41J2V1
43,FORMATO_VALOR,FORMATO_VALOR,REVISAR_FORMATO_VALOR_SIN_FUENTE,REVISAR,DESCONOCIDA,MEDIA,DUDA_METODOLOGICA,I162S2C41J2V1
43,VALOR_MATRICULA_ANUAL,VALOR_MATRICULA_ANUAL,REVISAR_VALOR_MATRICULA_ANUAL_SIN_FUENTE,REVISAR,DESCONOCIDA,MEDIA,DUDA_METODOLOGICA,I162S2C41J2V1
43,COSTO_TITULACION,COSTO_TITULACION,REVISAR_COSTO_TITULACION_SIN_FUENTE,REVISAR,DESCONOCIDA,MEDIA,DUDA_METODOLOGICA,I162S2C41J2V1
43,VALOR_CERTIFICADO_DIPLOMA,VALOR_CERTIFICADO_DIPLOMA,REVISAR_VALOR_CERTIFICADO_DIPLOMA_SIN_FUENTE,REVISAR,DESCONOCIDA,MEDIA,DUDA_METODOLOGICA,I162S2C41J2V1
43,ARANCEL_ANUAL,ARANCEL_ANUAL,REVISAR_ARANCEL_ANUAL_SIN_FUENTE,REVISAR,DESCONOCIDA,MEDIA,DUDA_METODOLOGICA,I162S2C41J2V1
43,CNED_ESTADO_AUDITORIA,CNED_ESTADO_AUDITORIA,REQUIERE_REVISION,REVISION,AUXILIAR_TECNICA,BAJA,MARCA_TECNICA_REMOVIBLE,I162S2C41J2V1
43,CNED_ALERTAS,CNED_ALERTAS,CONTIENE_MARCAS_TECNICAS_DE_REVISION,REVISION,AUXILIAR_TECNICA,BAJA,MARCA_TECNICA_REMOVIBLE,I162S2C41J2V1
43,CNED_PUEDE_SUBIR_PRELIMINAR,CNED_PUEDE_SUBIR_PRELIMINAR,REVISAR,REVISAR,AUXILIAR_TECNICA,BAJA,MARCA_TECNICA_REMOVIBLE,I162S2C41J2V1
44,Horario,HORARIO,REVISAR_HORARIO_3,REVISAR,DESCONOCIDA,MEDIA,DUDA_METODOLOGICA,I162S2C53J3V1
44,Modalidad del Programa,MODALIDAD_DEL_PROGRAMA,REVISAR_MODALIDAD_2,REVISAR,DESCONOCIDA,MEDIA,DUDA_METODOLOGICA,I162S2C53J3V1
44,Área del Conocimiento,AREA_DEL_CONOCIMIENTO,REVISAR_AREA_CODIGO_10,REVISAR,DESCONOCIDA,MEDIA,DUDA_METODOLOGICA,I162S2C53J3V1
44,Sub Área,SUB_AREA,REVISAR_SUB_AREA_SIN_FUENTE_DIRECTA,REVISAR,DESCONOCIDA,MEDIA,DUDA_METODOLOGICA,I162S2C53J3V1
44,Carrera Genérica,CARRERA_GENERICA,REVISAR_CARRERA_GENERICA_SIN_FUENTE_DIRECTA,REVISAR,DESCONOCIDA,MEDIA,DUDA_METODOLOGICA,I162S2C53J3V1
44,Grado Académico que otorga el programa,GRADO_ACADEMICO_QUE_OTORGA_EL_PROGRAMA,REVISAR_GRADO_ACADEMICO_SIN_FUENTE_DIRECTA,REVISAR,DESCONOCIDA,MEDIA,DUDA_METODOLOGICA,I162S2C53J3V1
44,Dependencia,DEPENDENCIA,REVISAR_DEPENDENCIA_SIN_FUENTE_DIRECTA,REVISAR,DESCONOCIDA,MEDIA,DUDA_METODOLOGICA,I162S2C53J3V1
44,Régimen,REGIMEN,REVISAR_REGIMEN_CODIGO_1,REVISAR,OFICIAL_PROBABLE,ALTA,CAMPO_PENDIENTE_REAL,I162S2C53J3V1
44,Ingreso Directo,INGRESO_DIRECTO,REVISAR_INGRESO_DIRECTO_CODIGO_REQUISITO_INGRESO_2,REVISAR,DESCONOCIDA,MEDIA,DUDA_METODOLOGICA,I162S2C53J3V1
44,Otro Tipo de Ingreso,OTRO_TIPO_DE_INGRESO,REVISAR_OTRO_TIPO_INGRESO_CODIGO_REQUISITO_INGRESO_2,REVISAR,DESCONOCIDA,MEDIA,DUDA_METODOLOGICA,I162S2C53J3V1
44,Ingreso otro,INGRESO_OTRO,REVISAR_DESCRIPCION_OTRO_INGRESO_SIN_TEXTO_FUENTE,REVISAR,DESCONOCIDA,MEDIA,DUDA_METODOLOGICA,I162S2C53J3V1
44,Observaciones,OBSERVACIONES,Crear según matriz PROMEDIOSDEALUMNOS_7804.xlsx / hoja matriz; conciliado contra diccionario oferta 2026; no encontrado en listado existente INDICES por CODIGO_UNICO; campos sin fuente directa quedan con revisión específica.,REVISION,DESCONOCIDA,MEDIA,OBSERVACION_INSTITUCIONAL,I162S2C53J3V1
44,FECHA_ADMISION_INICIAL,FECHA_ADMISION_INICIAL,REVISAR_FECHA_ADMISION_INICIAL_SIN_FUENTE,REVISAR,DESCONOCIDA,MEDIA,DUDA_METODOLOGICA,I162S2C53J3V1
44,MALLA_CURRICULAR,MALLA_CURRICULAR,REVISAR_MALLA_CURRICULAR_SIN_FUENTE,REVISAR,DESCONOCIDA,MEDIA,DUDA_METODOLOGICA,I162S2C53J3V1
44,PERFIL_EGRESO,PERFIL_EGRESO,REVISAR_PERFIL_EGRESO_SIN_FUENTE,REVISAR,DESCONOCIDA,MEDIA,DUDA_METODOLOGICA,I162S2C53J3V1
44,TEXTO_REQUISITO_INGRESO,TEXTO_REQUISITO_INGRESO,REVISAR_TEXTO_REQUISITO_INGRESO_SIN_FUENTE,REVISAR,DESCONOCIDA,MEDIA,DUDA_METODOLOGICA,I162S2C53J3V1
44,LICENCIA_ENS_MEDIA,LICENCIA_ENS_MEDIA,REVISAR_LICENCIA_ENS_MEDIA_SIN_FUENTE,REVISAR,DESCONOCIDA,MEDIA,DUDA_METODOLOGICA,I162S2C53J3V1
44,NOTAS_ENS_MEDIA,NOTAS_ENS_MEDIA,REVISAR_NOTAS_ENS_MEDIA_SIN_FUENTE,REVISAR,DESCONOCIDA,MEDIA,DUDA_METODOLOGICA,I162S2C53J3V1
44,PROMEDIO_MIN_ENS_MEDIA,PROMEDIO_MIN_ENS_MEDIA,REVISAR_PROMEDIO_MIN_ENS_MEDIA_SIN_FUENTE,REVISAR,DESCONOCIDA,MEDIA,DUDA_METODOLOGICA,I162S2C53J3V1
44,RECONOCIMIENTOS_APREN_PREVIOS,RECONOCIMIENTOS_APREN_PREVIOS,REVISAR_RECONOCIMIENTOS_APREN_PREVIOS_SIN_FUENTE,REVISAR,DESCONOCIDA,MEDIA,DUDA_METODOLOGICA,I162S2C53J3V1
44,EXPERIENCIA_LABORAL,EXPERIENCIA_LABORAL,REVISAR_EXPERIENCIA_LABORAL_SIN_FUENTE,REVISAR,DESCONOCIDA,MEDIA,DUDA_METODOLOGICA,I162S2C53J3V1
44,OTROS_REQUISITOS,OTROS_REQUISITOS,REVISAR_OTROS_REQUISITOS_SIN_FUENTE,REVISAR,DESCONOCIDA,MEDIA,DUDA_METODOLOGICA,I162S2C53J3V1
44,MAIL_DIFUSION_CARRERA,MAIL_DIFUSION_CARRERA,REVISAR_MAIL_DIFUSION_CARRERA_SIN_FUENTE,REVISAR,DESCONOCIDA,MEDIA,DUDA_METODOLOGICA,I162S2C53J3V1
44,FORMATO_VALOR,FORMATO_VALOR,REVISAR_FORMATO_VALOR_SIN_FUENTE,REVISAR,DESCONOCIDA,MEDIA,DUDA_METODOLOGICA,I162S2C53J3V1
44,VALOR_MATRICULA_ANUAL,VALOR_MATRICULA_ANUAL,REVISAR_VALOR_MATRICULA_ANUAL_SIN_FUENTE,REVISAR,DESCONOCIDA,MEDIA,DUDA_METODOLOGICA,I162S2C53J3V1
44,COSTO_TITULACION,COSTO_TITULACION,REVISAR_COSTO_TITULACION_SIN_FUENTE,REVISAR,DESCONOCIDA,MEDIA,DUDA_METODOLOGICA,I162S2C53J3V1
44,VALOR_CERTIFICADO_DIPLOMA,VALOR_CERTIFICADO_DIPLOMA,REVISAR_VALOR_CERTIFICADO_DIPLOMA_SIN_FUENTE,REVISAR,DESCONOCIDA,MEDIA,DUDA_METODOLOGICA,I162S2C53J3V1
44,ARANCEL_ANUAL,ARANCEL_ANUAL,REVISAR_ARANCEL_ANUAL_SIN_FUENTE,REVISAR,DESCONOCIDA,MEDIA,DUDA_METODOLOGICA,I162S2C53J3V1
44,VIGENCIA_CARRERA,VIGENCIA_CARRERA,REVISAR_VIGENCIA_CARRERA_SIN_FUENTE_DIRECTA,REVISAR,OFICIAL_PROBABLE,ALTA,CAMPO_PENDIENTE_REAL,I162S2C53J3V1
44,CNED_ESTADO_AUDITORIA,CNED_ESTADO_AUDITORIA,REQUIERE_REVISION,REVISION,AUXILIAR_TECNICA,BAJA,MARCA_TECNICA_REMOVIBLE,I162S2C53J3V1
44,CNED_ALERTAS,CNED_ALERTAS,CONTIENE_MARCAS_TECNICAS_DE_REVISION,REVISION,AUXILIAR_TECNICA,BAJA,MARCA_TECNICA_REMOVIBLE,I162S2C53J3V1
44,CNED_PUEDE_SUBIR_PRELIMINAR,CNED_PUEDE_SUBIR_PRELIMINAR,REVISAR,REVISAR,AUXILIAR_TECNICA,BAJA,MARCA_TECNICA_REMOVIBLE,I162S2C53J3V1
45,Área del Conocimiento,AREA_DEL_CONOCIMIENTO,REVISAR_AREA_CODIGO_10,REVISAR,DESCONOCIDA,MEDIA,DUDA_METODOLOGICA,I162S2C63J4V1
45,Sub Área,SUB_AREA,REVISAR_SUB_AREA_SIN_FUENTE_DIRECTA,REVISAR,DESCONOCIDA,MEDIA,DUDA_METODOLOGICA,I162S2C63J4V1
45,Carrera Genérica,CARRERA_GENERICA,REVISAR_CARRERA_GENERICA_SIN_FUENTE_DIRECTA,REVISAR,DESCONOCIDA,MEDIA,DUDA_METODOLOGICA,I162S2C63J4V1
45,Grado Académico que otorga el programa,GRADO_ACADEMICO_QUE_OTORGA_EL_PROGRAMA,REVISAR_GRADO_ACADEMICO_SIN_FUENTE_DIRECTA,REVISAR,DESCONOCIDA,MEDIA,DUDA_METODOLOGICA,I162S2C63J4V1
45,Dependencia,DEPENDENCIA,REVISAR_DEPENDENCIA_SIN_FUENTE_DIRECTA,REVISAR,DESCONOCIDA,MEDIA,DUDA_METODOLOGICA,I162S2C63J4V1
45,Régimen,REGIMEN,REVISAR_REGIMEN_CODIGO_1,REVISAR,OFICIAL_PROBABLE,ALTA,CAMPO_PENDIENTE_REAL,I162S2C63J4V1
45,Ingreso Directo,INGRESO_DIRECTO,REVISAR_INGRESO_DIRECTO_CODIGO_REQUISITO_INGRESO_2,REVISAR,DESCONOCIDA,MEDIA,DUDA_METODOLOGICA,I162S2C63J4V1
45,Otro Tipo de Ingreso,OTRO_TIPO_DE_INGRESO,REVISAR_OTRO_TIPO_INGRESO_CODIGO_REQUISITO_INGRESO_2,REVISAR,DESCONOCIDA,MEDIA,DUDA_METODOLOGICA,I162S2C63J4V1
45,Ingreso otro,INGRESO_OTRO,REVISAR_DESCRIPCION_OTRO_INGRESO_SIN_TEXTO_FUENTE,REVISAR,DESCONOCIDA,MEDIA,DUDA_METODOLOGICA,I162S2C63J4V1
45,Observaciones,OBSERVACIONES,Crear según matriz PROMEDIOSDEALUMNOS_7804.xlsx / hoja matriz; conciliado contra diccionario oferta 2026; no encontrado en listado existente INDICES por CODIGO_UNICO; campos sin fuente directa quedan con revisión específica.,REVISION,DESCONOCIDA,MEDIA,OBSERVACION_INSTITUCIONAL,I162S2C63J4V1
45,FECHA_ADMISION_INICIAL,FECHA_ADMISION_INICIAL,REVISAR_FECHA_ADMISION_INICIAL_SIN_FUENTE,REVISAR,DESCONOCIDA,MEDIA,DUDA_METODOLOGICA,I162S2C63J4V1
45,MALLA_CURRICULAR,MALLA_CURRICULAR,REVISAR_MALLA_CURRICULAR_SIN_FUENTE,REVISAR,DESCONOCIDA,MEDIA,DUDA_METODOLOGICA,I162S2C63J4V1
45,PERFIL_EGRESO,PERFIL_EGRESO,REVISAR_PERFIL_EGRESO_SIN_FUENTE,REVISAR,DESCONOCIDA,MEDIA,DUDA_METODOLOGICA,I162S2C63J4V1
45,TEXTO_REQUISITO_INGRESO,TEXTO_REQUISITO_INGRESO,REVISAR_TEXTO_REQUISITO_INGRESO_SIN_FUENTE,REVISAR,DESCONOCIDA,MEDIA,DUDA_METODOLOGICA,I162S2C63J4V1
45,LICENCIA_ENS_MEDIA,LICENCIA_ENS_MEDIA,REVISAR_LICENCIA_ENS_MEDIA_SIN_FUENTE,REVISAR,DESCONOCIDA,MEDIA,DUDA_METODOLOGICA,I162S2C63J4V1
45,NOTAS_ENS_MEDIA,NOTAS_ENS_MEDIA,REVISAR_NOTAS_ENS_MEDIA_SIN_FUENTE,REVISAR,DESCONOCIDA,MEDIA,DUDA_METODOLOGICA,I162S2C63J4V1
45,PROMEDIO_MIN_ENS_MEDIA,PROMEDIO_MIN_ENS_MEDIA,REVISAR_PROMEDIO_MIN_ENS_MEDIA_SIN_FUENTE,REVISAR,DESCONOCIDA,MEDIA,DUDA_METODOLOGICA,I162S2C63J4V1
45,RECONOCIMIENTOS_APREN_PREVIOS,RECONOCIMIENTOS_APREN_PREVIOS,REVISAR_RECONOCIMIENTOS_APREN_PREVIOS_SIN_FUENTE,REVISAR,DESCONOCIDA,MEDIA,DUDA_METODOLOGICA,I162S2C63J4V1
45,EXPERIENCIA_LABORAL,EXPERIENCIA_LABORAL,REVISAR_EXPERIENCIA_LABORAL_SIN_FUENTE,REVISAR,DESCONOCIDA,MEDIA,DUDA_METODOLOGICA,I162S2C63J4V1
45,OTROS_REQUISITOS,OTROS_REQUISITOS,REVISAR_OTROS_REQUISITOS_SIN_FUENTE,REVISAR,DESCONOCIDA,MEDIA,DUDA_METODOLOGICA,I162S2C63J4V1
45,MAIL_DIFUSION_CARRERA,MAIL_DIFUSION_CARRERA,REVISAR_MAIL_DIFUSION_CARRERA_SIN_FUENTE,REVISAR,DESCONOCIDA,MEDIA,DUDA_METODOLOGICA,I162S2C63J4V1
45,FORMATO_VALOR,FORMATO_VALOR,REVISAR_FORMATO_VALOR_SIN_FUENTE,REVISAR,DESCONOCIDA,MEDIA,DUDA_METODOLOGICA,I162S2C63J4V1
45,VALOR_MATRICULA_ANUAL,VALOR_MATRICULA_ANUAL,REVISAR_VALOR_MATRICULA_ANUAL_SIN_FUENTE,REVISAR,DESCONOCIDA,MEDIA,DUDA_METODOLOGICA,I162S2C63J4V1
45,COSTO_TITULACION,COSTO_TITULACION,REVISAR_COSTO_TITULACION_SIN_FUENTE,REVISAR,DESCONOCIDA,MEDIA,DUDA_METODOLOGICA,I162S2C63J4V1
45,VALOR_CERTIFICADO_DIPLOMA,VALOR_CERTIFICADO_DIPLOMA,REVISAR_VALOR_CERTIFICADO_DIPLOMA_SIN_FUENTE,REVISAR,DESCONOCIDA,MEDIA,DUDA_METODOLOGICA,I162S2C63J4V1
45,ARANCEL_ANUAL,ARANCEL_ANUAL,REVISAR_ARANCEL_ANUAL_SIN_FUENTE,REVISAR,DESCONOCIDA,MEDIA,DUDA_METODOLOGICA,I162S2C63J4V1
45,VIGENCIA_CARRERA,VIGENCIA_CARRERA,REVISAR_VIGENCIA_CARRERA_SIN_FUENTE_DIRECTA,REVISAR,OFICIAL_PROBABLE,ALTA,CAMPO_PENDIENTE_REAL,I162S2C63J4V1
45,CNED_ESTADO_AUDITORIA,CNED_ESTADO_AUDITORIA,REQUIERE_REVISION,REVISION,AUXILIAR_TECNICA,BAJA,MARCA_TECNICA_REMOVIBLE,I162S2C63J4V1
45,CNED_ALERTAS,CNED_ALERTAS,CONTIENE_MARCAS_TECNICAS_DE_REVISION,REVISION,AUXILIAR_TECNICA,BAJA,MARCA_TECNICA_REMOVIBLE,I162S2C63J4V1
45,CNED_PUEDE_SUBIR_PRELIMINAR,CNED_PUEDE_SUBIR_PRELIMINAR,REVISAR,REVISAR,AUXILIAR_TECNICA,BAJA,MARCA_TECNICA_REMOVIBLE,I162S2C63J4V1
46,Área del Conocimiento,AREA_DEL_CONOCIMIENTO,REVISAR_AREA_CODIGO_10,REVISAR,DESCONOCIDA,MEDIA,DUDA_METODOLOGICA,I162S2C64J4V1
46,Sub Área,SUB_AREA,REVISAR_SUB_AREA_SIN_FUENTE_DIRECTA,REVISAR,DESCONOCIDA,MEDIA,DUDA_METODOLOGICA,I162S2C64J4V1
46,Carrera Genérica,CARRERA_GENERICA,REVISAR_CARRERA_GENERICA_SIN_FUENTE_DIRECTA,REVISAR,DESCONOCIDA,MEDIA,DUDA_METODOLOGICA,I162S2C64J4V1
46,Grado Académico que otorga el programa,GRADO_ACADEMICO_QUE_OTORGA_EL_PROGRAMA,REVISAR_GRADO_ACADEMICO_SIN_FUENTE_DIRECTA,REVISAR,DESCONOCIDA,MEDIA,DUDA_METODOLOGICA,I162S2C64J4V1
46,Dependencia,DEPENDENCIA,REVISAR_DEPENDENCIA_SIN_FUENTE_DIRECTA,REVISAR,DESCONOCIDA,MEDIA,DUDA_METODOLOGICA,I162S2C64J4V1
46,Régimen,REGIMEN,REVISAR_REGIMEN_CODIGO_1,REVISAR,OFICIAL_PROBABLE,ALTA,CAMPO_PENDIENTE_REAL,I162S2C64J4V1
46,Ingreso Directo,INGRESO_DIRECTO,REVISAR_INGRESO_DIRECTO_CODIGO_REQUISITO_INGRESO_2,REVISAR,DESCONOCIDA,MEDIA,DUDA_METODOLOGICA,I162S2C64J4V1
46,Otro Tipo de Ingreso,OTRO_TIPO_DE_INGRESO,REVISAR_OTRO_TIPO_INGRESO_CODIGO_REQUISITO_INGRESO_2,REVISAR,DESCONOCIDA,MEDIA,DUDA_METODOLOGICA,I162S2C64J4V1
46,Ingreso otro,INGRESO_OTRO,REVISAR_DESCRIPCION_OTRO_INGRESO_SIN_TEXTO_FUENTE,REVISAR,DESCONOCIDA,MEDIA,DUDA_METODOLOGICA,I162S2C64J4V1
46,Observaciones,OBSERVACIONES,Crear según matriz PROMEDIOSDEALUMNOS_7804.xlsx / hoja matriz; conciliado contra diccionario oferta 2026; no encontrado en listado existente INDICES por CODIGO_UNICO; campos sin fuente directa quedan con revisión específica.,REVISION,DESCONOCIDA,MEDIA,OBSERVACION_INSTITUCIONAL,I162S2C64J4V1
46,FECHA_ADMISION_INICIAL,FECHA_ADMISION_INICIAL,REVISAR_FECHA_ADMISION_INICIAL_SIN_FUENTE,REVISAR,DESCONOCIDA,MEDIA,DUDA_METODOLOGICA,I162S2C64J4V1
46,MALLA_CURRICULAR,MALLA_CURRICULAR,REVISAR_MALLA_CURRICULAR_SIN_FUENTE,REVISAR,DESCONOCIDA,MEDIA,DUDA_METODOLOGICA,I162S2C64J4V1
46,PERFIL_EGRESO,PERFIL_EGRESO,REVISAR_PERFIL_EGRESO_SIN_FUENTE,REVISAR,DESCONOCIDA,MEDIA,DUDA_METODOLOGICA,I162S2C64J4V1
46,TEXTO_REQUISITO_INGRESO,TEXTO_REQUISITO_INGRESO,REVISAR_TEXTO_REQUISITO_INGRESO_SIN_FUENTE,REVISAR,DESCONOCIDA,MEDIA,DUDA_METODOLOGICA,I162S2C64J4V1
46,LICENCIA_ENS_MEDIA,LICENCIA_ENS_MEDIA,REVISAR_LICENCIA_ENS_MEDIA_SIN_FUENTE,REVISAR,DESCONOCIDA,MEDIA,DUDA_METODOLOGICA,I162S2C64J4V1
46,NOTAS_ENS_MEDIA,NOTAS_ENS_MEDIA,REVISAR_NOTAS_ENS_MEDIA_SIN_FUENTE,REVISAR,DESCONOCIDA,MEDIA,DUDA_METODOLOGICA,I162S2C64J4V1
46,PROMEDIO_MIN_ENS_MEDIA,PROMEDIO_MIN_ENS_MEDIA,REVISAR_PROMEDIO_MIN_ENS_MEDIA_SIN_FUENTE,REVISAR,DESCONOCIDA,MEDIA,DUDA_METODOLOGICA,I162S2C64J4V1
46,RECONOCIMIENTOS_APREN_PREVIOS,RECONOCIMIENTOS_APREN_PREVIOS,REVISAR_RECONOCIMIENTOS_APREN_PREVIOS_SIN_FUENTE,REVISAR,DESCONOCIDA,MEDIA,DUDA_METODOLOGICA,I162S2C64J4V1
46,EXPERIENCIA_LABORAL,EXPERIENCIA_LABORAL,REVISAR_EXPERIENCIA_LABORAL_SIN_FUENTE,REVISAR,DESCONOCIDA,MEDIA,DUDA_METODOLOGICA,I162S2C64J4V1
46,OTROS_REQUISITOS,OTROS_REQUISITOS,REVISAR_OTROS_REQUISITOS_SIN_FUENTE,REVISAR,DESCONOCIDA,MEDIA,DUDA_METODOLOGICA,I162S2C64J4V1
46,MAIL_DIFUSION_CARRERA,MAIL_DIFUSION_CARRERA,REVISAR_MAIL_DIFUSION_CARRERA_SIN_FUENTE,REVISAR,DESCONOCIDA,MEDIA,DUDA_METODOLOGICA,I162S2C64J4V1
46,FORMATO_VALOR,FORMATO_VALOR,REVISAR_FORMATO_VALOR_SIN_FUENTE,REVISAR,DESCONOCIDA,MEDIA,DUDA_METODOLOGICA,I162S2C64J4V1
46,VALOR_MATRICULA_ANUAL,VALOR_MATRICULA_ANUAL,REVISAR_VALOR_MATRICULA_ANUAL_SIN_FUENTE,REVISAR,DESCONOCIDA,MEDIA,DUDA_METODOLOGICA,I162S2C64J4V1
46,COSTO_TITULACION,COSTO_TITULACION,REVISAR_COSTO_TITULACION_SIN_FUENTE,REVISAR,DESCONOCIDA,MEDIA,DUDA_METODOLOGICA,I162S2C64J4V1
46,VALOR_CERTIFICADO_DIPLOMA,VALOR_CERTIFICADO_DIPLOMA,REVISAR_VALOR_CERTIFICADO_DIPLOMA_SIN_FUENTE,REVISAR,DESCONOCIDA,MEDIA,DUDA_METODOLOGICA,I162S2C64J4V1
46,ARANCEL_ANUAL,ARANCEL_ANUAL,REVISAR_ARANCEL_ANUAL_SIN_FUENTE,REVISAR,DESCONOCIDA,MEDIA,DUDA_METODOLOGICA,I162S2C64J4V1
46,VIGENCIA_CARRERA,VIGENCIA_CARRERA,REVISAR_VIGENCIA_CARRERA_SIN_FUENTE_DIRECTA,REVISAR,OFICIAL_PROBABLE,ALTA,CAMPO_PENDIENTE_REAL,I162S2C64J4V1
46,CNED_ESTADO_AUDITORIA,CNED_ESTADO_AUDITORIA,REQUIERE_REVISION,REVISION,AUXILIAR_TECNICA,BAJA,MARCA_TECNICA_REMOVIBLE,I162S2C64J4V1
46,CNED_ALERTAS,CNED_ALERTAS,CONTIENE_MARCAS_TECNICAS_DE_REVISION,REVISION,AUXILIAR_TECNICA,BAJA,MARCA_TECNICA_REMOVIBLE,I162S2C64J4V1
46,CNED_PUEDE_SUBIR_PRELIMINAR,CNED_PUEDE_SUBIR_PRELIMINAR,REVISAR,REVISAR,AUXILIAR_TECNICA,BAJA,MARCA_TECNICA_REMOVIBLE,I162S2C64J4V1
47,Área del Conocimiento,AREA_DEL_CONOCIMIENTO,REVISAR_AREA_CODIGO_10,REVISAR,DESCONOCIDA,MEDIA,DUDA_METODOLOGICA,I162S2C65J4V1
47,Sub Área,SUB_AREA,REVISAR_SUB_AREA_SIN_FUENTE_DIRECTA,REVISAR,DESCONOCIDA,MEDIA,DUDA_METODOLOGICA,I162S2C65J4V1
47,Carrera Genérica,CARRERA_GENERICA,REVISAR_CARRERA_GENERICA_SIN_FUENTE_DIRECTA,REVISAR,DESCONOCIDA,MEDIA,DUDA_METODOLOGICA,I162S2C65J4V1
47,Grado Académico que otorga el programa,GRADO_ACADEMICO_QUE_OTORGA_EL_PROGRAMA,REVISAR_GRADO_ACADEMICO_SIN_FUENTE_DIRECTA,REVISAR,DESCONOCIDA,MEDIA,DUDA_METODOLOGICA,I162S2C65J4V1
47,Dependencia,DEPENDENCIA,REVISAR_DEPENDENCIA_SIN_FUENTE_DIRECTA,REVISAR,DESCONOCIDA,MEDIA,DUDA_METODOLOGICA,I162S2C65J4V1
47,Régimen,REGIMEN,REVISAR_REGIMEN_CODIGO_1,REVISAR,OFICIAL_PROBABLE,ALTA,CAMPO_PENDIENTE_REAL,I162S2C65J4V1
47,Ingreso Directo,INGRESO_DIRECTO,REVISAR_INGRESO_DIRECTO_CODIGO_REQUISITO_INGRESO_2,REVISAR,DESCONOCIDA,MEDIA,DUDA_METODOLOGICA,I162S2C65J4V1
47,Otro Tipo de Ingreso,OTRO_TIPO_DE_INGRESO,REVISAR_OTRO_TIPO_INGRESO_CODIGO_REQUISITO_INGRESO_2,REVISAR,DESCONOCIDA,MEDIA,DUDA_METODOLOGICA,I162S2C65J4V1
47,Ingreso otro,INGRESO_OTRO,REVISAR_DESCRIPCION_OTRO_INGRESO_SIN_TEXTO_FUENTE,REVISAR,DESCONOCIDA,MEDIA,DUDA_METODOLOGICA,I162S2C65J4V1
47,Observaciones,OBSERVACIONES,Crear según matriz PROMEDIOSDEALUMNOS_7804.xlsx / hoja matriz; conciliado contra diccionario oferta 2026; no encontrado en listado existente INDICES por CODIGO_UNICO; campos sin fuente directa quedan con revisión específica.,REVISION,DESCONOCIDA,MEDIA,OBSERVACION_INSTITUCIONAL,I162S2C65J4V1
47,FECHA_ADMISION_INICIAL,FECHA_ADMISION_INICIAL,REVISAR_FECHA_ADMISION_INICIAL_SIN_FUENTE,REVISAR,DESCONOCIDA,MEDIA,DUDA_METODOLOGICA,I162S2C65J4V1
47,MALLA_CURRICULAR,MALLA_CURRICULAR,REVISAR_MALLA_CURRICULAR_SIN_FUENTE,REVISAR,DESCONOCIDA,MEDIA,DUDA_METODOLOGICA,I162S2C65J4V1
47,PERFIL_EGRESO,PERFIL_EGRESO,REVISAR_PERFIL_EGRESO_SIN_FUENTE,REVISAR,DESCONOCIDA,MEDIA,DUDA_METODOLOGICA,I162S2C65J4V1
47,TEXTO_REQUISITO_INGRESO,TEXTO_REQUISITO_INGRESO,REVISAR_TEXTO_REQUISITO_INGRESO_SIN_FUENTE,REVISAR,DESCONOCIDA,MEDIA,DUDA_METODOLOGICA,I162S2C65J4V1
47,LICENCIA_ENS_MEDIA,LICENCIA_ENS_MEDIA,REVISAR_LICENCIA_ENS_MEDIA_SIN_FUENTE,REVISAR,DESCONOCIDA,MEDIA,DUDA_METODOLOGICA,I162S2C65J4V1
47,NOTAS_ENS_MEDIA,NOTAS_ENS_MEDIA,REVISAR_NOTAS_ENS_MEDIA_SIN_FUENTE,REVISAR,DESCONOCIDA,MEDIA,DUDA_METODOLOGICA,I162S2C65J4V1
47,PROMEDIO_MIN_ENS_MEDIA,PROMEDIO_MIN_ENS_MEDIA,REVISAR_PROMEDIO_MIN_ENS_MEDIA_SIN_FUENTE,REVISAR,DESCONOCIDA,MEDIA,DUDA_METODOLOGICA,I162S2C65J4V1
47,RECONOCIMIENTOS_APREN_PREVIOS,RECONOCIMIENTOS_APREN_PREVIOS,REVISAR_RECONOCIMIENTOS_APREN_PREVIOS_SIN_FUENTE,REVISAR,DESCONOCIDA,MEDIA,DUDA_METODOLOGICA,I162S2C65J4V1
47,EXPERIENCIA_LABORAL,EXPERIENCIA_LABORAL,REVISAR_EXPERIENCIA_LABORAL_SIN_FUENTE,REVISAR,DESCONOCIDA,MEDIA,DUDA_METODOLOGICA,I162S2C65J4V1
47,OTROS_REQUISITOS,OTROS_REQUISITOS,REVISAR_OTROS_REQUISITOS_SIN_FUENTE,REVISAR,DESCONOCIDA,MEDIA,DUDA_METODOLOGICA,I162S2C65J4V1
47,MAIL_DIFUSION_CARRERA,MAIL_DIFUSION_CARRERA,REVISAR_MAIL_DIFUSION_CARRERA_SIN_FUENTE,REVISAR,DESCONOCIDA,MEDIA,DUDA_METODOLOGICA,I162S2C65J4V1
47,FORMATO_VALOR,FORMATO_VALOR,REVISAR_FORMATO_VALOR_SIN_FUENTE,REVISAR,DESCONOCIDA,MEDIA,DUDA_METODOLOGICA,I162S2C65J4V1
47,VALOR_MATRICULA_ANUAL,VALOR_MATRICULA_ANUAL,REVISAR_VALOR_MATRICULA_ANUAL_SIN_FUENTE,REVISAR,DESCONOCIDA,MEDIA,DUDA_METODOLOGICA,I162S2C65J4V1
47,COSTO_TITULACION,COSTO_TITULACION,REVISAR_COSTO_TITULACION_SIN_FUENTE,REVISAR,DESCONOCIDA,MEDIA,DUDA_METODOLOGICA,I162S2C65J4V1
47,VALOR_CERTIFICADO_DIPLOMA,VALOR_CERTIFICADO_DIPLOMA,REVISAR_VALOR_CERTIFICADO_DIPLOMA_SIN_FUENTE,REVISAR,DESCONOCIDA,MEDIA,DUDA_METODOLOGICA,I162S2C65J4V1
47,ARANCEL_ANUAL,ARANCEL_ANUAL,REVISAR_ARANCEL_ANUAL_SIN_FUENTE,REVISAR,DESCONOCIDA,MEDIA,DUDA_METODOLOGICA,I162S2C65J4V1
47,VIGENCIA_CARRERA,VIGENCIA_CARRERA,REVISAR_VIGENCIA_CARRERA_SIN_FUENTE_DIRECTA,REVISAR,OFICIAL_PROBABLE,ALTA,CAMPO_PENDIENTE_REAL,I162S2C65J4V1
47,CNED_ESTADO_AUDITORIA,CNED_ESTADO_AUDITORIA,REQUIERE_REVISION,REVISION,AUXILIAR_TECNICA,BAJA,MARCA_TECNICA_REMOVIBLE,I162S2C65J4V1
47,CNED_ALERTAS,CNED_ALERTAS,CONTIENE_MARCAS_TECNICAS_DE_REVISION,REVISION,AUXILIAR_TECNICA,BAJA,MARCA_TECNICA_REMOVIBLE,I162S2C65J4V1
47,CNED_PUEDE_SUBIR_PRELIMINAR,CNED_PUEDE_SUBIR_PRELIMINAR,REVISAR,REVISAR,AUXILIAR_TECNICA,BAJA,MARCA_TECNICA_REMOVIBLE,I162S2C65J4V1
48,Área del Conocimiento,AREA_DEL_CONOCIMIENTO,REVISAR_AREA_CODIGO_10,REVISAR,DESCONOCIDA,MEDIA,DUDA_METODOLOGICA,I162S2C66J4V1
48,Sub Área,SUB_AREA,REVISAR_SUB_AREA_SIN_FUENTE_DIRECTA,REVISAR,DESCONOCIDA,MEDIA,DUDA_METODOLOGICA,I162S2C66J4V1
48,Carrera Genérica,CARRERA_GENERICA,REVISAR_CARRERA_GENERICA_SIN_FUENTE_DIRECTA,REVISAR,DESCONOCIDA,MEDIA,DUDA_METODOLOGICA,I162S2C66J4V1
48,Grado Académico que otorga el programa,GRADO_ACADEMICO_QUE_OTORGA_EL_PROGRAMA,REVISAR_GRADO_ACADEMICO_SIN_FUENTE_DIRECTA,REVISAR,DESCONOCIDA,MEDIA,DUDA_METODOLOGICA,I162S2C66J4V1
48,Dependencia,DEPENDENCIA,REVISAR_DEPENDENCIA_SIN_FUENTE_DIRECTA,REVISAR,DESCONOCIDA,MEDIA,DUDA_METODOLOGICA,I162S2C66J4V1
48,Régimen,REGIMEN,REVISAR_REGIMEN_CODIGO_1,REVISAR,OFICIAL_PROBABLE,ALTA,CAMPO_PENDIENTE_REAL,I162S2C66J4V1
48,Ingreso Directo,INGRESO_DIRECTO,REVISAR_INGRESO_DIRECTO_CODIGO_REQUISITO_INGRESO_2,REVISAR,DESCONOCIDA,MEDIA,DUDA_METODOLOGICA,I162S2C66J4V1
48,Otro Tipo de Ingreso,OTRO_TIPO_DE_INGRESO,REVISAR_OTRO_TIPO_INGRESO_CODIGO_REQUISITO_INGRESO_2,REVISAR,DESCONOCIDA,MEDIA,DUDA_METODOLOGICA,I162S2C66J4V1
48,Ingreso otro,INGRESO_OTRO,REVISAR_DESCRIPCION_OTRO_INGRESO_SIN_TEXTO_FUENTE,REVISAR,DESCONOCIDA,MEDIA,DUDA_METODOLOGICA,I162S2C66J4V1
48,Observaciones,OBSERVACIONES,Crear según matriz PROMEDIOSDEALUMNOS_7804.xlsx / hoja matriz; conciliado contra diccionario oferta 2026; no encontrado en listado existente INDICES por CODIGO_UNICO; campos sin fuente directa quedan con revisión específica.,REVISION,DESCONOCIDA,MEDIA,OBSERVACION_INSTITUCIONAL,I162S2C66J4V1
48,FECHA_ADMISION_INICIAL,FECHA_ADMISION_INICIAL,REVISAR_FECHA_ADMISION_INICIAL_SIN_FUENTE,REVISAR,DESCONOCIDA,MEDIA,DUDA_METODOLOGICA,I162S2C66J4V1
48,MALLA_CURRICULAR,MALLA_CURRICULAR,REVISAR_MALLA_CURRICULAR_SIN_FUENTE,REVISAR,DESCONOCIDA,MEDIA,DUDA_METODOLOGICA,I162S2C66J4V1
48,PERFIL_EGRESO,PERFIL_EGRESO,REVISAR_PERFIL_EGRESO_SIN_FUENTE,REVISAR,DESCONOCIDA,MEDIA,DUDA_METODOLOGICA,I162S2C66J4V1
48,TEXTO_REQUISITO_INGRESO,TEXTO_REQUISITO_INGRESO,REVISAR_TEXTO_REQUISITO_INGRESO_SIN_FUENTE,REVISAR,DESCONOCIDA,MEDIA,DUDA_METODOLOGICA,I162S2C66J4V1
48,LICENCIA_ENS_MEDIA,LICENCIA_ENS_MEDIA,REVISAR_LICENCIA_ENS_MEDIA_SIN_FUENTE,REVISAR,DESCONOCIDA,MEDIA,DUDA_METODOLOGICA,I162S2C66J4V1
48,NOTAS_ENS_MEDIA,NOTAS_ENS_MEDIA,REVISAR_NOTAS_ENS_MEDIA_SIN_FUENTE,REVISAR,DESCONOCIDA,MEDIA,DUDA_METODOLOGICA,I162S2C66J4V1
48,PROMEDIO_MIN_ENS_MEDIA,PROMEDIO_MIN_ENS_MEDIA,REVISAR_PROMEDIO_MIN_ENS_MEDIA_SIN_FUENTE,REVISAR,DESCONOCIDA,MEDIA,DUDA_METODOLOGICA,I162S2C66J4V1
48,RECONOCIMIENTOS_APREN_PREVIOS,RECONOCIMIENTOS_APREN_PREVIOS,REVISAR_RECONOCIMIENTOS_APREN_PREVIOS_SIN_FUENTE,REVISAR,DESCONOCIDA,MEDIA,DUDA_METODOLOGICA,I162S2C66J4V1
48,EXPERIENCIA_LABORAL,EXPERIENCIA_LABORAL,REVISAR_EXPERIENCIA_LABORAL_SIN_FUENTE,REVISAR,DESCONOCIDA,MEDIA,DUDA_METODOLOGICA,I162S2C66J4V1
48,OTROS_REQUISITOS,OTROS_REQUISITOS,REVISAR_OTROS_REQUISITOS_SIN_FUENTE,REVISAR,DESCONOCIDA,MEDIA,DUDA_METODOLOGICA,I162S2C66J4V1
48,MAIL_DIFUSION_CARRERA,MAIL_DIFUSION_CARRERA,REVISAR_MAIL_DIFUSION_CARRERA_SIN_FUENTE,REVISAR,DESCONOCIDA,MEDIA,DUDA_METODOLOGICA,I162S2C66J4V1
48,FORMATO_VALOR,FORMATO_VALOR,REVISAR_FORMATO_VALOR_SIN_FUENTE,REVISAR,DESCONOCIDA,MEDIA,DUDA_METODOLOGICA,I162S2C66J4V1
48,VALOR_MATRICULA_ANUAL,VALOR_MATRICULA_ANUAL,REVISAR_VALOR_MATRICULA_ANUAL_SIN_FUENTE,REVISAR,DESCONOCIDA,MEDIA,DUDA_METODOLOGICA,I162S2C66J4V1
48,COSTO_TITULACION,COSTO_TITULACION,REVISAR_COSTO_TITULACION_SIN_FUENTE,REVISAR,DESCONOCIDA,MEDIA,DUDA_METODOLOGICA,I162S2C66J4V1
48,VALOR_CERTIFICADO_DIPLOMA,VALOR_CERTIFICADO_DIPLOMA,REVISAR_VALOR_CERTIFICADO_DIPLOMA_SIN_FUENTE,REVISAR,DESCONOCIDA,MEDIA,DUDA_METODOLOGICA,I162S2C66J4V1
48,ARANCEL_ANUAL,ARANCEL_ANUAL,REVISAR_ARANCEL_ANUAL_SIN_FUENTE,REVISAR,DESCONOCIDA,MEDIA,DUDA_METODOLOGICA,I162S2C66J4V1
48,VIGENCIA_CARRERA,VIGENCIA_CARRERA,REVISAR_VIGENCIA_CARRERA_SIN_FUENTE_DIRECTA,REVISAR,OFICIAL_PROBABLE,ALTA,CAMPO_PENDIENTE_REAL,I162S2C66J4V1
48,CNED_ESTADO_AUDITORIA,CNED_ESTADO_AUDITORIA,REQUIERE_REVISION,REVISION,AUXILIAR_TECNICA,BAJA,MARCA_TECNICA_REMOVIBLE,I162S2C66J4V1
48,CNED_ALERTAS,CNED_ALERTAS,CONTIENE_MARCAS_TECNICAS_DE_REVISION,REVISION,AUXILIAR_TECNICA,BAJA,MARCA_TECNICA_REMOVIBLE,I162S2C66J4V1
48,CNED_PUEDE_SUBIR_PRELIMINAR,CNED_PUEDE_SUBIR_PRELIMINAR,REVISAR,REVISAR,AUXILIAR_TECNICA,BAJA,MARCA_TECNICA_REMOVIBLE,I162S2C66J4V1
49,Área del Conocimiento,AREA_DEL_CONOCIMIENTO,REVISAR_AREA_CODIGO_1,REVISAR,DESCONOCIDA,MEDIA,DUDA_METODOLOGICA,I162S2C67J4V1
49,Sub Área,SUB_AREA,REVISAR_SUB_AREA_SIN_FUENTE_DIRECTA,REVISAR,DESCONOCIDA,MEDIA,DUDA_METODOLOGICA,I162S2C67J4V1
49,Carrera Genérica,CARRERA_GENERICA,REVISAR_CARRERA_GENERICA_SIN_FUENTE_DIRECTA,REVISAR,DESCONOCIDA,MEDIA,DUDA_METODOLOGICA,I162S2C67J4V1
49,Grado Académico que otorga el programa,GRADO_ACADEMICO_QUE_OTORGA_EL_PROGRAMA,REVISAR_GRADO_ACADEMICO_SIN_FUENTE_DIRECTA,REVISAR,DESCONOCIDA,MEDIA,DUDA_METODOLOGICA,I162S2C67J4V1
49,Dependencia,DEPENDENCIA,REVISAR_DEPENDENCIA_SIN_FUENTE_DIRECTA,REVISAR,DESCONOCIDA,MEDIA,DUDA_METODOLOGICA,I162S2C67J4V1
49,Régimen,REGIMEN,REVISAR_REGIMEN_CODIGO_1,REVISAR,OFICIAL_PROBABLE,ALTA,CAMPO_PENDIENTE_REAL,I162S2C67J4V1
49,Ingreso Directo,INGRESO_DIRECTO,REVISAR_INGRESO_DIRECTO_CODIGO_REQUISITO_INGRESO_2,REVISAR,DESCONOCIDA,MEDIA,DUDA_METODOLOGICA,I162S2C67J4V1
49,Otro Tipo de Ingreso,OTRO_TIPO_DE_INGRESO,REVISAR_OTRO_TIPO_INGRESO_CODIGO_REQUISITO_INGRESO_2,REVISAR,DESCONOCIDA,MEDIA,DUDA_METODOLOGICA,I162S2C67J4V1
49,Ingreso otro,INGRESO_OTRO,REVISAR_DESCRIPCION_OTRO_INGRESO_SIN_TEXTO_FUENTE,REVISAR,DESCONOCIDA,MEDIA,DUDA_METODOLOGICA,I162S2C67J4V1
49,Observaciones,OBSERVACIONES,Crear según matriz PROMEDIOSDEALUMNOS_7804.xlsx / hoja matriz; conciliado contra diccionario oferta 2026; no encontrado en listado existente INDICES por CODIGO_UNICO; campos sin fuente directa quedan con revisión específica.,REVISION,DESCONOCIDA,MEDIA,OBSERVACION_INSTITUCIONAL,I162S2C67J4V1
49,FECHA_ADMISION_INICIAL,FECHA_ADMISION_INICIAL,REVISAR_FECHA_ADMISION_INICIAL_SIN_FUENTE,REVISAR,DESCONOCIDA,MEDIA,DUDA_METODOLOGICA,I162S2C67J4V1
49,MALLA_CURRICULAR,MALLA_CURRICULAR,REVISAR_MALLA_CURRICULAR_SIN_FUENTE,REVISAR,DESCONOCIDA,MEDIA,DUDA_METODOLOGICA,I162S2C67J4V1
49,PERFIL_EGRESO,PERFIL_EGRESO,REVISAR_PERFIL_EGRESO_SIN_FUENTE,REVISAR,DESCONOCIDA,MEDIA,DUDA_METODOLOGICA,I162S2C67J4V1
49,TEXTO_REQUISITO_INGRESO,TEXTO_REQUISITO_INGRESO,REVISAR_TEXTO_REQUISITO_INGRESO_SIN_FUENTE,REVISAR,DESCONOCIDA,MEDIA,DUDA_METODOLOGICA,I162S2C67J4V1
49,LICENCIA_ENS_MEDIA,LICENCIA_ENS_MEDIA,REVISAR_LICENCIA_ENS_MEDIA_SIN_FUENTE,REVISAR,DESCONOCIDA,MEDIA,DUDA_METODOLOGICA,I162S2C67J4V1
49,NOTAS_ENS_MEDIA,NOTAS_ENS_MEDIA,REVISAR_NOTAS_ENS_MEDIA_SIN_FUENTE,REVISAR,DESCONOCIDA,MEDIA,DUDA_METODOLOGICA,I162S2C67J4V1
49,PROMEDIO_MIN_ENS_MEDIA,PROMEDIO_MIN_ENS_MEDIA,REVISAR_PROMEDIO_MIN_ENS_MEDIA_SIN_FUENTE,REVISAR,DESCONOCIDA,MEDIA,DUDA_METODOLOGICA,I162S2C67J4V1
49,RECONOCIMIENTOS_APREN_PREVIOS,RECONOCIMIENTOS_APREN_PREVIOS,REVISAR_RECONOCIMIENTOS_APREN_PREVIOS_SIN_FUENTE,REVISAR,DESCONOCIDA,MEDIA,DUDA_METODOLOGICA,I162S2C67J4V1
49,EXPERIENCIA_LABORAL,EXPERIENCIA_LABORAL,REVISAR_EXPERIENCIA_LABORAL_SIN_FUENTE,REVISAR,DESCONOCIDA,MEDIA,DUDA_METODOLOGICA,I162S2C67J4V1
49,OTROS_REQUISITOS,OTROS_REQUISITOS,REVISAR_OTROS_REQUISITOS_SIN_FUENTE,REVISAR,DESCONOCIDA,MEDIA,DUDA_METODOLOGICA,I162S2C67J4V1
49,MAIL_DIFUSION_CARRERA,MAIL_DIFUSION_CARRERA,REVISAR_MAIL_DIFUSION_CARRERA_SIN_FUENTE,REVISAR,DESCONOCIDA,MEDIA,DUDA_METODOLOGICA,I162S2C67J4V1
49,FORMATO_VALOR,FORMATO_VALOR,REVISAR_FORMATO_VALOR_SIN_FUENTE,REVISAR,DESCONOCIDA,MEDIA,DUDA_METODOLOGICA,I162S2C67J4V1
49,VALOR_MATRICULA_ANUAL,VALOR_MATRICULA_ANUAL,REVISAR_VALOR_MATRICULA_ANUAL_SIN_FUENTE,REVISAR,DESCONOCIDA,MEDIA,DUDA_METODOLOGICA,I162S2C67J4V1
49,COSTO_TITULACION,COSTO_TITULACION,REVISAR_COSTO_TITULACION_SIN_FUENTE,REVISAR,DESCONOCIDA,MEDIA,DUDA_METODOLOGICA,I162S2C67J4V1
49,VALOR_CERTIFICADO_DIPLOMA,VALOR_CERTIFICADO_DIPLOMA,REVISAR_VALOR_CERTIFICADO_DIPLOMA_SIN_FUENTE,REVISAR,DESCONOCIDA,MEDIA,DUDA_METODOLOGICA,I162S2C67J4V1
49,ARANCEL_ANUAL,ARANCEL_ANUAL,REVISAR_ARANCEL_ANUAL_SIN_FUENTE,REVISAR,DESCONOCIDA,MEDIA,DUDA_METODOLOGICA,I162S2C67J4V1
49,VIGENCIA_CARRERA,VIGENCIA_CARRERA,REVISAR_VIGENCIA_CARRERA_SIN_FUENTE_DIRECTA,REVISAR,OFICIAL_PROBABLE,ALTA,CAMPO_PENDIENTE_REAL,I162S2C67J4V1
49,CNED_ESTADO_AUDITORIA,CNED_ESTADO_AUDITORIA,REQUIERE_REVISION,REVISION,AUXILIAR_TECNICA,BAJA,MARCA_TECNICA_REMOVIBLE,I162S2C67J4V1
49,CNED_ALERTAS,CNED_ALERTAS,CONTIENE_MARCAS_TECNICAS_DE_REVISION,REVISION,AUXILIAR_TECNICA,BAJA,MARCA_TECNICA_REMOVIBLE,I162S2C67J4V1
49,CNED_PUEDE_SUBIR_PRELIMINAR,CNED_PUEDE_SUBIR_PRELIMINAR,REVISAR,REVISAR,AUXILIAR_TECNICA,BAJA,MARCA_TECNICA_REMOVIBLE,I162S2C67J4V1
50,Área del Conocimiento,AREA_DEL_CONOCIMIENTO,REVISAR_AREA_CODIGO_9,REVISAR,DESCONOCIDA,MEDIA,DUDA_METODOLOGICA,I162S2C68J4V1
50,Sub Área,SUB_AREA,REVISAR_SUB_AREA_SIN_FUENTE_DIRECTA,REVISAR,DESCONOCIDA,MEDIA,DUDA_METODOLOGICA,I162S2C68J4V1
50,Carrera Genérica,CARRERA_GENERICA,REVISAR_CARRERA_GENERICA_SIN_FUENTE_DIRECTA,REVISAR,DESCONOCIDA,MEDIA,DUDA_METODOLOGICA,I162S2C68J4V1
50,Grado Académico que otorga el programa,GRADO_ACADEMICO_QUE_OTORGA_EL_PROGRAMA,REVISAR_GRADO_ACADEMICO_SIN_FUENTE_DIRECTA,REVISAR,DESCONOCIDA,MEDIA,DUDA_METODOLOGICA,I162S2C68J4V1
50,Dependencia,DEPENDENCIA,REVISAR_DEPENDENCIA_SIN_FUENTE_DIRECTA,REVISAR,DESCONOCIDA,MEDIA,DUDA_METODOLOGICA,I162S2C68J4V1
50,Régimen,REGIMEN,REVISAR_REGIMEN_CODIGO_1,REVISAR,OFICIAL_PROBABLE,ALTA,CAMPO_PENDIENTE_REAL,I162S2C68J4V1
50,Ingreso Directo,INGRESO_DIRECTO,REVISAR_INGRESO_DIRECTO_CODIGO_REQUISITO_INGRESO_2,REVISAR,DESCONOCIDA,MEDIA,DUDA_METODOLOGICA,I162S2C68J4V1
50,Otro Tipo de Ingreso,OTRO_TIPO_DE_INGRESO,REVISAR_OTRO_TIPO_INGRESO_CODIGO_REQUISITO_INGRESO_2,REVISAR,DESCONOCIDA,MEDIA,DUDA_METODOLOGICA,I162S2C68J4V1
50,Ingreso otro,INGRESO_OTRO,REVISAR_DESCRIPCION_OTRO_INGRESO_SIN_TEXTO_FUENTE,REVISAR,DESCONOCIDA,MEDIA,DUDA_METODOLOGICA,I162S2C68J4V1
50,Observaciones,OBSERVACIONES,Crear según matriz PROMEDIOSDEALUMNOS_7804.xlsx / hoja matriz; conciliado contra diccionario oferta 2026; no encontrado en listado existente INDICES por CODIGO_UNICO; campos sin fuente directa quedan con revisión específica.,REVISION,DESCONOCIDA,MEDIA,OBSERVACION_INSTITUCIONAL,I162S2C68J4V1
50,FECHA_ADMISION_INICIAL,FECHA_ADMISION_INICIAL,REVISAR_FECHA_ADMISION_INICIAL_SIN_FUENTE,REVISAR,DESCONOCIDA,MEDIA,DUDA_METODOLOGICA,I162S2C68J4V1
50,MALLA_CURRICULAR,MALLA_CURRICULAR,REVISAR_MALLA_CURRICULAR_SIN_FUENTE,REVISAR,DESCONOCIDA,MEDIA,DUDA_METODOLOGICA,I162S2C68J4V1
50,PERFIL_EGRESO,PERFIL_EGRESO,REVISAR_PERFIL_EGRESO_SIN_FUENTE,REVISAR,DESCONOCIDA,MEDIA,DUDA_METODOLOGICA,I162S2C68J4V1
50,TEXTO_REQUISITO_INGRESO,TEXTO_REQUISITO_INGRESO,REVISAR_TEXTO_REQUISITO_INGRESO_SIN_FUENTE,REVISAR,DESCONOCIDA,MEDIA,DUDA_METODOLOGICA,I162S2C68J4V1
50,LICENCIA_ENS_MEDIA,LICENCIA_ENS_MEDIA,REVISAR_LICENCIA_ENS_MEDIA_SIN_FUENTE,REVISAR,DESCONOCIDA,MEDIA,DUDA_METODOLOGICA,I162S2C68J4V1
50,NOTAS_ENS_MEDIA,NOTAS_ENS_MEDIA,REVISAR_NOTAS_ENS_MEDIA_SIN_FUENTE,REVISAR,DESCONOCIDA,MEDIA,DUDA_METODOLOGICA,I162S2C68J4V1
50,PROMEDIO_MIN_ENS_MEDIA,PROMEDIO_MIN_ENS_MEDIA,REVISAR_PROMEDIO_MIN_ENS_MEDIA_SIN_FUENTE,REVISAR,DESCONOCIDA,MEDIA,DUDA_METODOLOGICA,I162S2C68J4V1
50,RECONOCIMIENTOS_APREN_PREVIOS,RECONOCIMIENTOS_APREN_PREVIOS,REVISAR_RECONOCIMIENTOS_APREN_PREVIOS_SIN_FUENTE,REVISAR,DESCONOCIDA,MEDIA,DUDA_METODOLOGICA,I162S2C68J4V1
50,EXPERIENCIA_LABORAL,EXPERIENCIA_LABORAL,REVISAR_EXPERIENCIA_LABORAL_SIN_FUENTE,REVISAR,DESCONOCIDA,MEDIA,DUDA_METODOLOGICA,I162S2C68J4V1
50,OTROS_REQUISITOS,OTROS_REQUISITOS,REVISAR_OTROS_REQUISITOS_SIN_FUENTE,REVISAR,DESCONOCIDA,MEDIA,DUDA_METODOLOGICA,I162S2C68J4V1
50,MAIL_DIFUSION_CARRERA,MAIL_DIFUSION_CARRERA,REVISAR_MAIL_DIFUSION_CARRERA_SIN_FUENTE,REVISAR,DESCONOCIDA,MEDIA,DUDA_METODOLOGICA,I162S2C68J4V1
50,FORMATO_VALOR,FORMATO_VALOR,REVISAR_FORMATO_VALOR_SIN_FUENTE,REVISAR,DESCONOCIDA,MEDIA,DUDA_METODOLOGICA,I162S2C68J4V1
50,VALOR_MATRICULA_ANUAL,VALOR_MATRICULA_ANUAL,REVISAR_VALOR_MATRICULA_ANUAL_SIN_FUENTE,REVISAR,DESCONOCIDA,MEDIA,DUDA_METODOLOGICA,I162S2C68J4V1
50,COSTO_TITULACION,COSTO_TITULACION,REVISAR_COSTO_TITULACION_SIN_FUENTE,REVISAR,DESCONOCIDA,MEDIA,DUDA_METODOLOGICA,I162S2C68J4V1
50,VALOR_CERTIFICADO_DIPLOMA,VALOR_CERTIFICADO_DIPLOMA,REVISAR_VALOR_CERTIFICADO_DIPLOMA_SIN_FUENTE,REVISAR,DESCONOCIDA,MEDIA,DUDA_METODOLOGICA,I162S2C68J4V1
50,ARANCEL_ANUAL,ARANCEL_ANUAL,REVISAR_ARANCEL_ANUAL_SIN_FUENTE,REVISAR,DESCONOCIDA,MEDIA,DUDA_METODOLOGICA,I162S2C68J4V1
50,VIGENCIA_CARRERA,VIGENCIA_CARRERA,REVISAR_VIGENCIA_CARRERA_SIN_FUENTE_DIRECTA,REVISAR,OFICIAL_PROBABLE,ALTA,CAMPO_PENDIENTE_REAL,I162S2C68J4V1
50,CNED_ESTADO_AUDITORIA,CNED_ESTADO_AUDITORIA,REQUIERE_REVISION,REVISION,AUXILIAR_TECNICA,BAJA,MARCA_TECNICA_REMOVIBLE,I162S2C68J4V1
50,CNED_ALERTAS,CNED_ALERTAS,CONTIENE_MARCAS_TECNICAS_DE_REVISION,REVISION,AUXILIAR_TECNICA,BAJA,MARCA_TECNICA_REMOVIBLE,I162S2C68J4V1
50,CNED_PUEDE_SUBIR_PRELIMINAR,CNED_PUEDE_SUBIR_PRELIMINAR,REVISAR,REVISAR,AUXILIAR_TECNICA,BAJA,MARCA_TECNICA_REMOVIBLE,I162S2C68J4V1
51,Área del Conocimiento,AREA_DEL_CONOCIMIENTO,REVISAR_AREA_CODIGO_10,REVISAR,DESCONOCIDA,MEDIA,DUDA_METODOLOGICA,I162S2C69J4V1
51,Sub Área,SUB_AREA,REVISAR_SUB_AREA_SIN_FUENTE_DIRECTA,REVISAR,DESCONOCIDA,MEDIA,DUDA_METODOLOGICA,I162S2C69J4V1
51,Carrera Genérica,CARRERA_GENERICA,REVISAR_CARRERA_GENERICA_SIN_FUENTE_DIRECTA,REVISAR,DESCONOCIDA,MEDIA,DUDA_METODOLOGICA,I162S2C69J4V1
51,Grado Académico que otorga el programa,GRADO_ACADEMICO_QUE_OTORGA_EL_PROGRAMA,REVISAR_GRADO_ACADEMICO_SIN_FUENTE_DIRECTA,REVISAR,DESCONOCIDA,MEDIA,DUDA_METODOLOGICA,I162S2C69J4V1
51,Dependencia,DEPENDENCIA,REVISAR_DEPENDENCIA_SIN_FUENTE_DIRECTA,REVISAR,DESCONOCIDA,MEDIA,DUDA_METODOLOGICA,I162S2C69J4V1
51,Régimen,REGIMEN,REVISAR_REGIMEN_CODIGO_1,REVISAR,OFICIAL_PROBABLE,ALTA,CAMPO_PENDIENTE_REAL,I162S2C69J4V1
51,Ingreso Directo,INGRESO_DIRECTO,REVISAR_INGRESO_DIRECTO_CODIGO_REQUISITO_INGRESO_2,REVISAR,DESCONOCIDA,MEDIA,DUDA_METODOLOGICA,I162S2C69J4V1
51,Otro Tipo de Ingreso,OTRO_TIPO_DE_INGRESO,REVISAR_OTRO_TIPO_INGRESO_CODIGO_REQUISITO_INGRESO_2,REVISAR,DESCONOCIDA,MEDIA,DUDA_METODOLOGICA,I162S2C69J4V1
51,Ingreso otro,INGRESO_OTRO,REVISAR_DESCRIPCION_OTRO_INGRESO_SIN_TEXTO_FUENTE,REVISAR,DESCONOCIDA,MEDIA,DUDA_METODOLOGICA,I162S2C69J4V1
51,Observaciones,OBSERVACIONES,Crear según matriz PROMEDIOSDEALUMNOS_7804.xlsx / hoja matriz; conciliado contra diccionario oferta 2026; no encontrado en listado existente INDICES por CODIGO_UNICO; campos sin fuente directa quedan con revisión específica.,REVISION,DESCONOCIDA,MEDIA,OBSERVACION_INSTITUCIONAL,I162S2C69J4V1
51,FECHA_ADMISION_INICIAL,FECHA_ADMISION_INICIAL,REVISAR_FECHA_ADMISION_INICIAL_SIN_FUENTE,REVISAR,DESCONOCIDA,MEDIA,DUDA_METODOLOGICA,I162S2C69J4V1
51,MALLA_CURRICULAR,MALLA_CURRICULAR,REVISAR_MALLA_CURRICULAR_SIN_FUENTE,REVISAR,DESCONOCIDA,MEDIA,DUDA_METODOLOGICA,I162S2C69J4V1
51,PERFIL_EGRESO,PERFIL_EGRESO,REVISAR_PERFIL_EGRESO_SIN_FUENTE,REVISAR,DESCONOCIDA,MEDIA,DUDA_METODOLOGICA,I162S2C69J4V1
51,TEXTO_REQUISITO_INGRESO,TEXTO_REQUISITO_INGRESO,REVISAR_TEXTO_REQUISITO_INGRESO_SIN_FUENTE,REVISAR,DESCONOCIDA,MEDIA,DUDA_METODOLOGICA,I162S2C69J4V1
51,LICENCIA_ENS_MEDIA,LICENCIA_ENS_MEDIA,REVISAR_LICENCIA_ENS_MEDIA_SIN_FUENTE,REVISAR,DESCONOCIDA,MEDIA,DUDA_METODOLOGICA,I162S2C69J4V1
51,NOTAS_ENS_MEDIA,NOTAS_ENS_MEDIA,REVISAR_NOTAS_ENS_MEDIA_SIN_FUENTE,REVISAR,DESCONOCIDA,MEDIA,DUDA_METODOLOGICA,I162S2C69J4V1
51,PROMEDIO_MIN_ENS_MEDIA,PROMEDIO_MIN_ENS_MEDIA,REVISAR_PROMEDIO_MIN_ENS_MEDIA_SIN_FUENTE,REVISAR,DESCONOCIDA,MEDIA,DUDA_METODOLOGICA,I162S2C69J4V1
51,RECONOCIMIENTOS_APREN_PREVIOS,RECONOCIMIENTOS_APREN_PREVIOS,REVISAR_RECONOCIMIENTOS_APREN_PREVIOS_SIN_FUENTE,REVISAR,DESCONOCIDA,MEDIA,DUDA_METODOLOGICA,I162S2C69J4V1
51,EXPERIENCIA_LABORAL,EXPERIENCIA_LABORAL,REVISAR_EXPERIENCIA_LABORAL_SIN_FUENTE,REVISAR,DESCONOCIDA,MEDIA,DUDA_METODOLOGICA,I162S2C69J4V1
51,OTROS_REQUISITOS,OTROS_REQUISITOS,REVISAR_OTROS_REQUISITOS_SIN_FUENTE,REVISAR,DESCONOCIDA,MEDIA,DUDA_METODOLOGICA,I162S2C69J4V1
51,MAIL_DIFUSION_CARRERA,MAIL_DIFUSION_CARRERA,REVISAR_MAIL_DIFUSION_CARRERA_SIN_FUENTE,REVISAR,DESCONOCIDA,MEDIA,DUDA_METODOLOGICA,I162S2C69J4V1
51,FORMATO_VALOR,FORMATO_VALOR,REVISAR_FORMATO_VALOR_SIN_FUENTE,REVISAR,DESCONOCIDA,MEDIA,DUDA_METODOLOGICA,I162S2C69J4V1
51,VALOR_MATRICULA_ANUAL,VALOR_MATRICULA_ANUAL,REVISAR_VALOR_MATRICULA_ANUAL_SIN_FUENTE,REVISAR,DESCONOCIDA,MEDIA,DUDA_METODOLOGICA,I162S2C69J4V1
51,COSTO_TITULACION,COSTO_TITULACION,REVISAR_COSTO_TITULACION_SIN_FUENTE,REVISAR,DESCONOCIDA,MEDIA,DUDA_METODOLOGICA,I162S2C69J4V1
51,VALOR_CERTIFICADO_DIPLOMA,VALOR_CERTIFICADO_DIPLOMA,REVISAR_VALOR_CERTIFICADO_DIPLOMA_SIN_FUENTE,REVISAR,DESCONOCIDA,MEDIA,DUDA_METODOLOGICA,I162S2C69J4V1
51,ARANCEL_ANUAL,ARANCEL_ANUAL,REVISAR_ARANCEL_ANUAL_SIN_FUENTE,REVISAR,DESCONOCIDA,MEDIA,DUDA_METODOLOGICA,I162S2C69J4V1
51,VIGENCIA_CARRERA,VIGENCIA_CARRERA,REVISAR_VIGENCIA_CARRERA_SIN_FUENTE_DIRECTA,REVISAR,OFICIAL_PROBABLE,ALTA,CAMPO_PENDIENTE_REAL,I162S2C69J4V1
51,CNED_ESTADO_AUDITORIA,CNED_ESTADO_AUDITORIA,REQUIERE_REVISION,REVISION,AUXILIAR_TECNICA,BAJA,MARCA_TECNICA_REMOVIBLE,I162S2C69J4V1
51,CNED_ALERTAS,CNED_ALERTAS,CONTIENE_MARCAS_TECNICAS_DE_REVISION,REVISION,AUXILIAR_TECNICA,BAJA,MARCA_TECNICA_REMOVIBLE,I162S2C69J4V1
51,CNED_PUEDE_SUBIR_PRELIMINAR,CNED_PUEDE_SUBIR_PRELIMINAR,REVISAR,REVISAR,AUXILIAR_TECNICA,BAJA,MARCA_TECNICA_REMOVIBLE,I162S2C69J4V1
52,Área del Conocimiento,AREA_DEL_CONOCIMIENTO,REVISAR_AREA_CODIGO_10,REVISAR,DESCONOCIDA,MEDIA,DUDA_METODOLOGICA,I162S2C6J1V1
52,Sub Área,SUB_AREA,REVISAR_SUB_AREA_SIN_FUENTE_DIRECTA,REVISAR,DESCONOCIDA,MEDIA,DUDA_METODOLOGICA,I162S2C6J1V1
52,Carrera Genérica,CARRERA_GENERICA,REVISAR_CARRERA_GENERICA_SIN_FUENTE_DIRECTA,REVISAR,DESCONOCIDA,MEDIA,DUDA_METODOLOGICA,I162S2C6J1V1
52,Grado Académico que otorga el programa,GRADO_ACADEMICO_QUE_OTORGA_EL_PROGRAMA,REVISAR_GRADO_ACADEMICO_SIN_FUENTE_DIRECTA,REVISAR,DESCONOCIDA,MEDIA,DUDA_METODOLOGICA,I162S2C6J1V1
52,Dependencia,DEPENDENCIA,REVISAR_DEPENDENCIA_SIN_FUENTE_DIRECTA,REVISAR,DESCONOCIDA,MEDIA,DUDA_METODOLOGICA,I162S2C6J1V1
52,Régimen,REGIMEN,REVISAR_REGIMEN_CODIGO_1,REVISAR,OFICIAL_PROBABLE,ALTA,CAMPO_PENDIENTE_REAL,I162S2C6J1V1
52,Ingreso Directo,INGRESO_DIRECTO,REVISAR_INGRESO_DIRECTO_CODIGO_REQUISITO_INGRESO_1,REVISAR,DESCONOCIDA,MEDIA,DUDA_METODOLOGICA,I162S2C6J1V1
52,Observaciones,OBSERVACIONES,Crear según matriz PROMEDIOSDEALUMNOS_7804.xlsx / hoja matriz; conciliado contra diccionario oferta 2026; no encontrado en listado existente INDICES por CODIGO_UNICO; campos sin fuente directa quedan con revisión específica.,REVISION,DESCONOCIDA,MEDIA,OBSERVACION_INSTITUCIONAL,I162S2C6J1V1
52,FECHA_ADMISION_INICIAL,FECHA_ADMISION_INICIAL,REVISAR_FECHA_ADMISION_INICIAL_SIN_FUENTE,REVISAR,DESCONOCIDA,MEDIA,DUDA_METODOLOGICA,I162S2C6J1V1
52,MALLA_CURRICULAR,MALLA_CURRICULAR,REVISAR_MALLA_CURRICULAR_SIN_FUENTE,REVISAR,DESCONOCIDA,MEDIA,DUDA_METODOLOGICA,I162S2C6J1V1
52,PERFIL_EGRESO,PERFIL_EGRESO,REVISAR_PERFIL_EGRESO_SIN_FUENTE,REVISAR,DESCONOCIDA,MEDIA,DUDA_METODOLOGICA,I162S2C6J1V1
52,TEXTO_REQUISITO_INGRESO,TEXTO_REQUISITO_INGRESO,REVISAR_TEXTO_REQUISITO_INGRESO_SIN_FUENTE,REVISAR,DESCONOCIDA,MEDIA,DUDA_METODOLOGICA,I162S2C6J1V1
52,LICENCIA_ENS_MEDIA,LICENCIA_ENS_MEDIA,REVISAR_LICENCIA_ENS_MEDIA_SIN_FUENTE,REVISAR,DESCONOCIDA,MEDIA,DUDA_METODOLOGICA,I162S2C6J1V1
52,NOTAS_ENS_MEDIA,NOTAS_ENS_MEDIA,REVISAR_NOTAS_ENS_MEDIA_SIN_FUENTE,REVISAR,DESCONOCIDA,MEDIA,DUDA_METODOLOGICA,I162S2C6J1V1
52,PROMEDIO_MIN_ENS_MEDIA,PROMEDIO_MIN_ENS_MEDIA,REVISAR_PROMEDIO_MIN_ENS_MEDIA_SIN_FUENTE,REVISAR,DESCONOCIDA,MEDIA,DUDA_METODOLOGICA,I162S2C6J1V1
52,RECONOCIMIENTOS_APREN_PREVIOS,RECONOCIMIENTOS_APREN_PREVIOS,REVISAR_RECONOCIMIENTOS_APREN_PREVIOS_SIN_FUENTE,REVISAR,DESCONOCIDA,MEDIA,DUDA_METODOLOGICA,I162S2C6J1V1
52,EXPERIENCIA_LABORAL,EXPERIENCIA_LABORAL,REVISAR_EXPERIENCIA_LABORAL_SIN_FUENTE,REVISAR,DESCONOCIDA,MEDIA,DUDA_METODOLOGICA,I162S2C6J1V1
52,OTROS_REQUISITOS,OTROS_REQUISITOS,REVISAR_OTROS_REQUISITOS_SIN_FUENTE,REVISAR,DESCONOCIDA,MEDIA,DUDA_METODOLOGICA,I162S2C6J1V1
52,MAIL_DIFUSION_CARRERA,MAIL_DIFUSION_CARRERA,REVISAR_MAIL_DIFUSION_CARRERA_SIN_FUENTE,REVISAR,DESCONOCIDA,MEDIA,DUDA_METODOLOGICA,I162S2C6J1V1
52,FORMATO_VALOR,FORMATO_VALOR,REVISAR_FORMATO_VALOR_SIN_FUENTE,REVISAR,DESCONOCIDA,MEDIA,DUDA_METODOLOGICA,I162S2C6J1V1
52,VALOR_MATRICULA_ANUAL,VALOR_MATRICULA_ANUAL,REVISAR_VALOR_MATRICULA_ANUAL_SIN_FUENTE,REVISAR,DESCONOCIDA,MEDIA,DUDA_METODOLOGICA,I162S2C6J1V1
52,COSTO_TITULACION,COSTO_TITULACION,REVISAR_COSTO_TITULACION_SIN_FUENTE,REVISAR,DESCONOCIDA,MEDIA,DUDA_METODOLOGICA,I162S2C6J1V1
52,VALOR_CERTIFICADO_DIPLOMA,VALOR_CERTIFICADO_DIPLOMA,REVISAR_VALOR_CERTIFICADO_DIPLOMA_SIN_FUENTE,REVISAR,DESCONOCIDA,MEDIA,DUDA_METODOLOGICA,I162S2C6J1V1
52,ARANCEL_ANUAL,ARANCEL_ANUAL,REVISAR_ARANCEL_ANUAL_SIN_FUENTE,REVISAR,DESCONOCIDA,MEDIA,DUDA_METODOLOGICA,I162S2C6J1V1
52,VIGENCIA_CARRERA,VIGENCIA_CARRERA,REVISAR_VIGENCIA_CARRERA_SIN_FUENTE_DIRECTA,REVISAR,OFICIAL_PROBABLE,ALTA,CAMPO_PENDIENTE_REAL,I162S2C6J1V1
52,CNED_ESTADO_AUDITORIA,CNED_ESTADO_AUDITORIA,REQUIERE_REVISION,REVISION,AUXILIAR_TECNICA,BAJA,MARCA_TECNICA_REMOVIBLE,I162S2C6J1V1
52,CNED_ALERTAS,CNED_ALERTAS,CONTIENE_MARCAS_TECNICAS_DE_REVISION,REVISION,AUXILIAR_TECNICA,BAJA,MARCA_TECNICA_REMOVIBLE,I162S2C6J1V1
52,CNED_PUEDE_SUBIR_PRELIMINAR,CNED_PUEDE_SUBIR_PRELIMINAR,REVISAR,REVISAR,AUXILIAR_TECNICA,BAJA,MARCA_TECNICA_REMOVIBLE,I162S2C6J1V1
53,Área del Conocimiento,AREA_DEL_CONOCIMIENTO,REVISAR_AREA_CODIGO_10,REVISAR,DESCONOCIDA,MEDIA,DUDA_METODOLOGICA,I162S2C6J2V1
53,Sub Área,SUB_AREA,REVISAR_SUB_AREA_SIN_FUENTE_DIRECTA,REVISAR,DESCONOCIDA,MEDIA,DUDA_METODOLOGICA,I162S2C6J2V1
53,Carrera Genérica,CARRERA_GENERICA,REVISAR_CARRERA_GENERICA_SIN_FUENTE_DIRECTA,REVISAR,DESCONOCIDA,MEDIA,DUDA_METODOLOGICA,I162S2C6J2V1
53,Grado Académico que otorga el programa,GRADO_ACADEMICO_QUE_OTORGA_EL_PROGRAMA,REVISAR_GRADO_ACADEMICO_SIN_FUENTE_DIRECTA,REVISAR,DESCONOCIDA,MEDIA,DUDA_METODOLOGICA,I162S2C6J2V1
53,Dependencia,DEPENDENCIA,REVISAR_DEPENDENCIA_SIN_FUENTE_DIRECTA,REVISAR,DESCONOCIDA,MEDIA,DUDA_METODOLOGICA,I162S2C6J2V1
53,Régimen,REGIMEN,REVISAR_REGIMEN_CODIGO_1,REVISAR,OFICIAL_PROBABLE,ALTA,CAMPO_PENDIENTE_REAL,I162S2C6J2V1
53,Ingreso Directo,INGRESO_DIRECTO,REVISAR_INGRESO_DIRECTO_CODIGO_REQUISITO_INGRESO_1,REVISAR,DESCONOCIDA,MEDIA,DUDA_METODOLOGICA,I162S2C6J2V1
53,Observaciones,OBSERVACIONES,Crear según matriz PROMEDIOSDEALUMNOS_7804.xlsx / hoja matriz; conciliado contra diccionario oferta 2026; no encontrado en listado existente INDICES por CODIGO_UNICO; campos sin fuente directa quedan con revisión específica.,REVISION,DESCONOCIDA,MEDIA,OBSERVACION_INSTITUCIONAL,I162S2C6J2V1
53,FECHA_ADMISION_INICIAL,FECHA_ADMISION_INICIAL,REVISAR_FECHA_ADMISION_INICIAL_SIN_FUENTE,REVISAR,DESCONOCIDA,MEDIA,DUDA_METODOLOGICA,I162S2C6J2V1
53,MALLA_CURRICULAR,MALLA_CURRICULAR,REVISAR_MALLA_CURRICULAR_SIN_FUENTE,REVISAR,DESCONOCIDA,MEDIA,DUDA_METODOLOGICA,I162S2C6J2V1
53,PERFIL_EGRESO,PERFIL_EGRESO,REVISAR_PERFIL_EGRESO_SIN_FUENTE,REVISAR,DESCONOCIDA,MEDIA,DUDA_METODOLOGICA,I162S2C6J2V1
53,TEXTO_REQUISITO_INGRESO,TEXTO_REQUISITO_INGRESO,REVISAR_TEXTO_REQUISITO_INGRESO_SIN_FUENTE,REVISAR,DESCONOCIDA,MEDIA,DUDA_METODOLOGICA,I162S2C6J2V1
53,LICENCIA_ENS_MEDIA,LICENCIA_ENS_MEDIA,REVISAR_LICENCIA_ENS_MEDIA_SIN_FUENTE,REVISAR,DESCONOCIDA,MEDIA,DUDA_METODOLOGICA,I162S2C6J2V1
53,NOTAS_ENS_MEDIA,NOTAS_ENS_MEDIA,REVISAR_NOTAS_ENS_MEDIA_SIN_FUENTE,REVISAR,DESCONOCIDA,MEDIA,DUDA_METODOLOGICA,I162S2C6J2V1
53,PROMEDIO_MIN_ENS_MEDIA,PROMEDIO_MIN_ENS_MEDIA,REVISAR_PROMEDIO_MIN_ENS_MEDIA_SIN_FUENTE,REVISAR,DESCONOCIDA,MEDIA,DUDA_METODOLOGICA,I162S2C6J2V1
53,RECONOCIMIENTOS_APREN_PREVIOS,RECONOCIMIENTOS_APREN_PREVIOS,REVISAR_RECONOCIMIENTOS_APREN_PREVIOS_SIN_FUENTE,REVISAR,DESCONOCIDA,MEDIA,DUDA_METODOLOGICA,I162S2C6J2V1
53,EXPERIENCIA_LABORAL,EXPERIENCIA_LABORAL,REVISAR_EXPERIENCIA_LABORAL_SIN_FUENTE,REVISAR,DESCONOCIDA,MEDIA,DUDA_METODOLOGICA,I162S2C6J2V1
53,OTROS_REQUISITOS,OTROS_REQUISITOS,REVISAR_OTROS_REQUISITOS_SIN_FUENTE,REVISAR,DESCONOCIDA,MEDIA,DUDA_METODOLOGICA,I162S2C6J2V1
53,MAIL_DIFUSION_CARRERA,MAIL_DIFUSION_CARRERA,REVISAR_MAIL_DIFUSION_CARRERA_SIN_FUENTE,REVISAR,DESCONOCIDA,MEDIA,DUDA_METODOLOGICA,I162S2C6J2V1
53,FORMATO_VALOR,FORMATO_VALOR,REVISAR_FORMATO_VALOR_SIN_FUENTE,REVISAR,DESCONOCIDA,MEDIA,DUDA_METODOLOGICA,I162S2C6J2V1
53,VALOR_MATRICULA_ANUAL,VALOR_MATRICULA_ANUAL,REVISAR_VALOR_MATRICULA_ANUAL_SIN_FUENTE,REVISAR,DESCONOCIDA,MEDIA,DUDA_METODOLOGICA,I162S2C6J2V1
53,COSTO_TITULACION,COSTO_TITULACION,REVISAR_COSTO_TITULACION_SIN_FUENTE,REVISAR,DESCONOCIDA,MEDIA,DUDA_METODOLOGICA,I162S2C6J2V1
53,VALOR_CERTIFICADO_DIPLOMA,VALOR_CERTIFICADO_DIPLOMA,REVISAR_VALOR_CERTIFICADO_DIPLOMA_SIN_FUENTE,REVISAR,DESCONOCIDA,MEDIA,DUDA_METODOLOGICA,I162S2C6J2V1
53,ARANCEL_ANUAL,ARANCEL_ANUAL,REVISAR_ARANCEL_ANUAL_SIN_FUENTE,REVISAR,DESCONOCIDA,MEDIA,DUDA_METODOLOGICA,I162S2C6J2V1
53,VIGENCIA_CARRERA,VIGENCIA_CARRERA,REVISAR_VIGENCIA_CARRERA_SIN_FUENTE_DIRECTA,REVISAR,OFICIAL_PROBABLE,ALTA,CAMPO_PENDIENTE_REAL,I162S2C6J2V1
53,CNED_ESTADO_AUDITORIA,CNED_ESTADO_AUDITORIA,REQUIERE_REVISION,REVISION,AUXILIAR_TECNICA,BAJA,MARCA_TECNICA_REMOVIBLE,I162S2C6J2V1
53,CNED_ALERTAS,CNED_ALERTAS,CONTIENE_MARCAS_TECNICAS_DE_REVISION,REVISION,AUXILIAR_TECNICA,BAJA,MARCA_TECNICA_REMOVIBLE,I162S2C6J2V1
53,CNED_PUEDE_SUBIR_PRELIMINAR,CNED_PUEDE_SUBIR_PRELIMINAR,REVISAR,REVISAR,AUXILIAR_TECNICA,BAJA,MARCA_TECNICA_REMOVIBLE,I162S2C6J2V1
54,Área del Conocimiento,AREA_DEL_CONOCIMIENTO,REVISAR_AREA_CONOCIMIENTO_10,REVISAR,DESCONOCIDA,MEDIA,DUDA_METODOLOGICA,I162S2C6J4V1
54,Sub Área,SUB_AREA,REVISAR_SUB_AREA_SIN_FUENTE_DIRECTA,REVISAR,DESCONOCIDA,MEDIA,DUDA_METODOLOGICA,I162S2C6J4V1
54,Carrera Genérica,CARRERA_GENERICA,REVISAR_CARRERA_GENERICA_SIN_FUENTE_DIRECTA,REVISAR,DESCONOCIDA,MEDIA,DUDA_METODOLOGICA,I162S2C6J4V1
54,Grado Académico que otorga el programa,GRADO_ACADEMICO_QUE_OTORGA_EL_PROGRAMA,REVISAR_GRADO_ACADEMICO_SIN_FUENTE_DIRECTA,REVISAR,DESCONOCIDA,MEDIA,DUDA_METODOLOGICA,I162S2C6J4V1
54,Dependencia,DEPENDENCIA,REVISAR_DEPENDENCIA_SIN_FUENTE_DIRECTA,REVISAR,DESCONOCIDA,MEDIA,DUDA_METODOLOGICA,I162S2C6J4V1
54,Régimen,REGIMEN,REVISAR_REGIMEN_CODIGO_1,REVISAR,OFICIAL_PROBABLE,ALTA,CAMPO_PENDIENTE_REAL,I162S2C6J4V1
54,Ingreso Directo,INGRESO_DIRECTO,REVISAR_INGRESO_DIRECTO_CODIGO_REQUISITO_INGRESO_1,REVISAR,DESCONOCIDA,MEDIA,DUDA_METODOLOGICA,I162S2C6J4V1
54,Observaciones,OBSERVACIONES,Crear según matriz PROMEDIOSDEALUMNOS_7804.xlsx / hoja matriz; conciliado contra diccionario oferta 2026; no encontrado en listado existente INDICES por CODIGO_UNICO; campos sin fuente directa quedan con revisión específica; Revisión por alternativa estructural no exacta: I162S2C6J4V2.,REVISION,DESCONOCIDA,MEDIA,OBSERVACION_INSTITUCIONAL,I162S2C6J4V1
54,ANIO_INICIO,ANIO_INICIO,REVISAR_ANIO_INICIO_SIN_FUENTE,REVISAR,OFICIAL_PROBABLE,ALTA,CAMPO_PENDIENTE_REAL,I162S2C6J4V1
54,REGIMEN,REGIMEN,REVISAR_REGIMEN_SIN_FUENTE,REVISAR,OFICIAL_PROBABLE,ALTA,CAMPO_PENDIENTE_REAL,I162S2C6J4V1
54,DURACION_REGIMEN,DURACION_REGIMEN,REVISAR_DURACION_REGIMEN_SIN_FUENTE,REVISAR,OFICIAL_PROBABLE,ALTA,CAMPO_PENDIENTE_REAL,I162S2C6J4V1
54,NOMBRE_TITULO,NOMBRE_TITULO,REVISAR_NOMBRE_TITULO_SIN_FUENTE_CONFIABLE,REVISAR,OFICIAL_PROBABLE,ALTA,CAMPO_PENDIENTE_REAL,I162S2C6J4V1
54,ACREDITACION,ACREDITACION,REVISAR_ACREDITACION_SIN_FUENTE,REVISAR,OFICIAL_PROBABLE,ALTA,CAMPO_PENDIENTE_REAL,I162S2C6J4V1
54,REQUISITO_INGRESO,REQUISITO_INGRESO,REVISAR_REQUISITO_INGRESO_SIN_FUENTE,REVISAR,OFICIAL_PROBABLE,ALTA,CAMPO_PENDIENTE_REAL,I162S2C6J4V1
54,SEMESTRES_RECONOCIDOS,SEMESTRES_RECONOCIDOS,REVISAR_SEMESTRES_RECONOCIDOS_SIN_FUENTE,REVISAR,OFICIAL_PROBABLE,ALTA,CAMPO_PENDIENTE_REAL,I162S2C6J4V1
54,AREA_ACTUAL,AREA_ACTUAL,REVISAR_AREA_ACTUAL_SIN_FUENTE,REVISAR,OFICIAL_PROBABLE,ALTA,CAMPO_PENDIENTE_REAL,I162S2C6J4V1
54,AREA_ADMIN_DERECHO,AREA_ADMIN_DERECHO,REVISAR_AREA_ADMIN_DERECHO_SIN_FUENTE,REVISAR,DESCONOCIDA,MEDIA,DUDA_METODOLOGICA,I162S2C6J4V1
54,AREA_AGRI_SILVI_PESCA_VET,AREA_AGRI_SILVI_PESCA_VET,REVISAR_AREA_AGRI_SILVI_PESCA_VET_SIN_FUENTE,REVISAR,DESCONOCIDA,MEDIA,DUDA_METODOLOGICA,I162S2C6J4V1
54,AREA_ARTES_HUMANIDADES,AREA_ARTES_HUMANIDADES,REVISAR_AREA_ARTES_HUMANIDADES_SIN_FUENTE,REVISAR,DESCONOCIDA,MEDIA,DUDA_METODOLOGICA,I162S2C6J4V1
54,AREA_CIENCIAS_NAT_MAT_ESTAD,AREA_CIENCIAS_NAT_MAT_ESTAD,REVISAR_AREA_CIENCIAS_NAT_MAT_ESTAD_SIN_FUENTE,REVISAR,DESCONOCIDA,MEDIA,DUDA_METODOLOGICA,I162S2C6J4V1
54,AREA_CS_SOCIAL_PERIODISMO_INFO,AREA_CS_SOCIAL_PERIODISMO_INFO,REVISAR_AREA_CS_SOCIAL_PERIODISMO_INFO_SIN_FUENTE,REVISAR,DESCONOCIDA,MEDIA,DUDA_METODOLOGICA,I162S2C6J4V1
54,AREA_EDUCACION,AREA_EDUCACION,REVISAR_AREA_EDUCACION_SIN_FUENTE,REVISAR,DESCONOCIDA,MEDIA,DUDA_METODOLOGICA,I162S2C6J4V1
54,AREA_INGE_INDUSTRIA_CONSTRUC,AREA_INGE_INDUSTRIA_CONSTRUC,REVISAR_AREA_INGE_INDUSTRIA_CONSTRUC_SIN_FUENTE,REVISAR,DESCONOCIDA,MEDIA,DUDA_METODOLOGICA,I162S2C6J4V1
54,AREA_SALUD_BIENESTAR,AREA_SALUD_BIENESTAR,REVISAR_AREA_SALUD_BIENESTAR_SIN_FUENTE,REVISAR,DESCONOCIDA,MEDIA,DUDA_METODOLOGICA,I162S2C6J4V1
54,AREA_SERVICIOS,AREA_SERVICIOS,REVISAR_AREA_SERVICIOS_SIN_FUENTE,REVISAR,DESCONOCIDA,MEDIA,DUDA_METODOLOGICA,I162S2C6J4V1
54,AREA_TECNO_INFO_COMUNICA,AREA_TECNO_INFO_COMUNICA,REVISAR_AREA_TECNO_INFO_COMUNICA_SIN_FUENTE,REVISAR,DESCONOCIDA,MEDIA,DUDA_METODOLOGICA,I162S2C6J4V1
54,VACANTES_PRIMER_SEMESTRE,VACANTES_PRIMER_SEMESTRE,REVISAR_VACANTES_PRIMER_SEMESTRE_SIN_FUENTE,REVISAR,DESCONOCIDA,MEDIA,DUDA_METODOLOGICA,I162S2C6J4V1
54,VACANTES_SEGUNDO_SEMESTRE,VACANTES_SEGUNDO_SEMESTRE,REVISAR_VACANTES_SEGUNDO_SEMESTRE_SIN_FUENTE,REVISAR,DESCONOCIDA,MEDIA,DUDA_METODOLOGICA,I162S2C6J4V1
54,FECHA_ADMISION_INICIAL,FECHA_ADMISION_INICIAL,REVISAR_FECHA_ADMISION_INICIAL_SIN_FUENTE,REVISAR,DESCONOCIDA,MEDIA,DUDA_METODOLOGICA,I162S2C6J4V1
54,MALLA_CURRICULAR,MALLA_CURRICULAR,REVISAR_MALLA_CURRICULAR_SIN_FUENTE,REVISAR,DESCONOCIDA,MEDIA,DUDA_METODOLOGICA,I162S2C6J4V1
54,PERFIL_EGRESO,PERFIL_EGRESO,REVISAR_PERFIL_EGRESO_SIN_FUENTE,REVISAR,DESCONOCIDA,MEDIA,DUDA_METODOLOGICA,I162S2C6J4V1
54,TEXTO_REQUISITO_INGRESO,TEXTO_REQUISITO_INGRESO,REVISAR_TEXTO_REQUISITO_INGRESO_SIN_FUENTE,REVISAR,DESCONOCIDA,MEDIA,DUDA_METODOLOGICA,I162S2C6J4V1
54,LICENCIA_ENS_MEDIA,LICENCIA_ENS_MEDIA,REVISAR_LICENCIA_ENS_MEDIA_SIN_FUENTE,REVISAR,DESCONOCIDA,MEDIA,DUDA_METODOLOGICA,I162S2C6J4V1
54,NOTAS_ENS_MEDIA,NOTAS_ENS_MEDIA,REVISAR_NOTAS_ENS_MEDIA_SIN_FUENTE,REVISAR,DESCONOCIDA,MEDIA,DUDA_METODOLOGICA,I162S2C6J4V1
54,PROMEDIO_MIN_ENS_MEDIA,PROMEDIO_MIN_ENS_MEDIA,REVISAR_PROMEDIO_MIN_ENS_MEDIA_SIN_FUENTE,REVISAR,DESCONOCIDA,MEDIA,DUDA_METODOLOGICA,I162S2C6J4V1
54,RECONOCIMIENTOS_APREN_PREVIOS,RECONOCIMIENTOS_APREN_PREVIOS,REVISAR_RECONOCIMIENTOS_APREN_PREVIOS_SIN_FUENTE,REVISAR,DESCONOCIDA,MEDIA,DUDA_METODOLOGICA,I162S2C6J4V1
54,EXPERIENCIA_LABORAL,EXPERIENCIA_LABORAL,REVISAR_EXPERIENCIA_LABORAL_SIN_FUENTE,REVISAR,DESCONOCIDA,MEDIA,DUDA_METODOLOGICA,I162S2C6J4V1
54,OTROS_REQUISITOS,OTROS_REQUISITOS,REVISAR_OTROS_REQUISITOS_SIN_FUENTE,REVISAR,DESCONOCIDA,MEDIA,DUDA_METODOLOGICA,I162S2C6J4V1
54,MAIL_DIFUSION_CARRERA,MAIL_DIFUSION_CARRERA,REVISAR_MAIL_DIFUSION_CARRERA_SIN_FUENTE,REVISAR,DESCONOCIDA,MEDIA,DUDA_METODOLOGICA,I162S2C6J4V1
54,FORMATO_VALOR,FORMATO_VALOR,REVISAR_FORMATO_VALOR_SIN_FUENTE,REVISAR,DESCONOCIDA,MEDIA,DUDA_METODOLOGICA,I162S2C6J4V1
54,VALOR_MATRICULA_ANUAL,VALOR_MATRICULA_ANUAL,REVISAR_VALOR_MATRICULA_ANUAL_SIN_FUENTE,REVISAR,DESCONOCIDA,MEDIA,DUDA_METODOLOGICA,I162S2C6J4V1
54,COSTO_TITULACION,COSTO_TITULACION,REVISAR_COSTO_TITULACION_SIN_FUENTE,REVISAR,DESCONOCIDA,MEDIA,DUDA_METODOLOGICA,I162S2C6J4V1
54,VALOR_CERTIFICADO_DIPLOMA,VALOR_CERTIFICADO_DIPLOMA,REVISAR_VALOR_CERTIFICADO_DIPLOMA_SIN_FUENTE,REVISAR,DESCONOCIDA,MEDIA,DUDA_METODOLOGICA,I162S2C6J4V1
54,ARANCEL_ANUAL,ARANCEL_ANUAL,REVISAR_ARANCEL_ANUAL_SIN_FUENTE,REVISAR,DESCONOCIDA,MEDIA,DUDA_METODOLOGICA,I162S2C6J4V1
54,VIGENCIA_CARRERA,VIGENCIA_CARRERA,REVISAR_VIGENCIA_CARRERA_SIN_FUENTE_DIRECTA,REVISAR,OFICIAL_PROBABLE,ALTA,CAMPO_PENDIENTE_REAL,I162S2C6J4V1
54,CNED_ESTADO_AUDITORIA,CNED_ESTADO_AUDITORIA,REQUIERE_REVISION,REVISION,AUXILIAR_TECNICA,BAJA,MARCA_TECNICA_REMOVIBLE,I162S2C6J4V1
54,CNED_ALERTAS,CNED_ALERTAS,CONTIENE_MARCAS_TECNICAS_DE_REVISION,REVISION,AUXILIAR_TECNICA,BAJA,MARCA_TECNICA_REMOVIBLE,I162S2C6J4V1
54,CNED_PUEDE_SUBIR_PRELIMINAR,CNED_PUEDE_SUBIR_PRELIMINAR,REVISAR,REVISAR,AUXILIAR_TECNICA,BAJA,MARCA_TECNICA_REMOVIBLE,I162S2C6J4V1
55,Área del Conocimiento,AREA_DEL_CONOCIMIENTO,REVISAR_AREA_CODIGO_7,REVISAR,DESCONOCIDA,MEDIA,DUDA_METODOLOGICA,I162S2C70J4V1
55,Sub Área,SUB_AREA,REVISAR_SUB_AREA_SIN_FUENTE_DIRECTA,REVISAR,DESCONOCIDA,MEDIA,DUDA_METODOLOGICA,I162S2C70J4V1
55,Carrera Genérica,CARRERA_GENERICA,REVISAR_CARRERA_GENERICA_SIN_FUENTE_DIRECTA,REVISAR,DESCONOCIDA,MEDIA,DUDA_METODOLOGICA,I162S2C70J4V1
55,Grado Académico que otorga el programa,GRADO_ACADEMICO_QUE_OTORGA_EL_PROGRAMA,REVISAR_GRADO_ACADEMICO_SIN_FUENTE_DIRECTA,REVISAR,DESCONOCIDA,MEDIA,DUDA_METODOLOGICA,I162S2C70J4V1
55,Dependencia,DEPENDENCIA,REVISAR_DEPENDENCIA_SIN_FUENTE_DIRECTA,REVISAR,DESCONOCIDA,MEDIA,DUDA_METODOLOGICA,I162S2C70J4V1
55,Régimen,REGIMEN,REVISAR_REGIMEN_CODIGO_1,REVISAR,OFICIAL_PROBABLE,ALTA,CAMPO_PENDIENTE_REAL,I162S2C70J4V1
55,Ingreso Directo,INGRESO_DIRECTO,REVISAR_INGRESO_DIRECTO_CODIGO_REQUISITO_INGRESO_2,REVISAR,DESCONOCIDA,MEDIA,DUDA_METODOLOGICA,I162S2C70J4V1
55,Otro Tipo de Ingreso,OTRO_TIPO_DE_INGRESO,REVISAR_OTRO_TIPO_INGRESO_CODIGO_REQUISITO_INGRESO_2,REVISAR,DESCONOCIDA,MEDIA,DUDA_METODOLOGICA,I162S2C70J4V1
55,Ingreso otro,INGRESO_OTRO,REVISAR_DESCRIPCION_OTRO_INGRESO_SIN_TEXTO_FUENTE,REVISAR,DESCONOCIDA,MEDIA,DUDA_METODOLOGICA,I162S2C70J4V1
55,Observaciones,OBSERVACIONES,Crear según matriz PROMEDIOSDEALUMNOS_7804.xlsx / hoja matriz; conciliado contra diccionario oferta 2026; no encontrado en listado existente INDICES por CODIGO_UNICO; campos sin fuente directa quedan con revisión específica.,REVISION,DESCONOCIDA,MEDIA,OBSERVACION_INSTITUCIONAL,I162S2C70J4V1
55,FECHA_ADMISION_INICIAL,FECHA_ADMISION_INICIAL,REVISAR_FECHA_ADMISION_INICIAL_SIN_FUENTE,REVISAR,DESCONOCIDA,MEDIA,DUDA_METODOLOGICA,I162S2C70J4V1
55,MALLA_CURRICULAR,MALLA_CURRICULAR,REVISAR_MALLA_CURRICULAR_SIN_FUENTE,REVISAR,DESCONOCIDA,MEDIA,DUDA_METODOLOGICA,I162S2C70J4V1
55,PERFIL_EGRESO,PERFIL_EGRESO,REVISAR_PERFIL_EGRESO_SIN_FUENTE,REVISAR,DESCONOCIDA,MEDIA,DUDA_METODOLOGICA,I162S2C70J4V1
55,TEXTO_REQUISITO_INGRESO,TEXTO_REQUISITO_INGRESO,REVISAR_TEXTO_REQUISITO_INGRESO_SIN_FUENTE,REVISAR,DESCONOCIDA,MEDIA,DUDA_METODOLOGICA,I162S2C70J4V1
55,LICENCIA_ENS_MEDIA,LICENCIA_ENS_MEDIA,REVISAR_LICENCIA_ENS_MEDIA_SIN_FUENTE,REVISAR,DESCONOCIDA,MEDIA,DUDA_METODOLOGICA,I162S2C70J4V1
55,NOTAS_ENS_MEDIA,NOTAS_ENS_MEDIA,REVISAR_NOTAS_ENS_MEDIA_SIN_FUENTE,REVISAR,DESCONOCIDA,MEDIA,DUDA_METODOLOGICA,I162S2C70J4V1
55,PROMEDIO_MIN_ENS_MEDIA,PROMEDIO_MIN_ENS_MEDIA,REVISAR_PROMEDIO_MIN_ENS_MEDIA_SIN_FUENTE,REVISAR,DESCONOCIDA,MEDIA,DUDA_METODOLOGICA,I162S2C70J4V1
55,RECONOCIMIENTOS_APREN_PREVIOS,RECONOCIMIENTOS_APREN_PREVIOS,REVISAR_RECONOCIMIENTOS_APREN_PREVIOS_SIN_FUENTE,REVISAR,DESCONOCIDA,MEDIA,DUDA_METODOLOGICA,I162S2C70J4V1
55,EXPERIENCIA_LABORAL,EXPERIENCIA_LABORAL,REVISAR_EXPERIENCIA_LABORAL_SIN_FUENTE,REVISAR,DESCONOCIDA,MEDIA,DUDA_METODOLOGICA,I162S2C70J4V1
55,OTROS_REQUISITOS,OTROS_REQUISITOS,REVISAR_OTROS_REQUISITOS_SIN_FUENTE,REVISAR,DESCONOCIDA,MEDIA,DUDA_METODOLOGICA,I162S2C70J4V1
55,MAIL_DIFUSION_CARRERA,MAIL_DIFUSION_CARRERA,REVISAR_MAIL_DIFUSION_CARRERA_SIN_FUENTE,REVISAR,DESCONOCIDA,MEDIA,DUDA_METODOLOGICA,I162S2C70J4V1
55,FORMATO_VALOR,FORMATO_VALOR,REVISAR_FORMATO_VALOR_SIN_FUENTE,REVISAR,DESCONOCIDA,MEDIA,DUDA_METODOLOGICA,I162S2C70J4V1
55,VALOR_MATRICULA_ANUAL,VALOR_MATRICULA_ANUAL,REVISAR_VALOR_MATRICULA_ANUAL_SIN_FUENTE,REVISAR,DESCONOCIDA,MEDIA,DUDA_METODOLOGICA,I162S2C70J4V1
55,COSTO_TITULACION,COSTO_TITULACION,REVISAR_COSTO_TITULACION_SIN_FUENTE,REVISAR,DESCONOCIDA,MEDIA,DUDA_METODOLOGICA,I162S2C70J4V1
55,VALOR_CERTIFICADO_DIPLOMA,VALOR_CERTIFICADO_DIPLOMA,REVISAR_VALOR_CERTIFICADO_DIPLOMA_SIN_FUENTE,REVISAR,DESCONOCIDA,MEDIA,DUDA_METODOLOGICA,I162S2C70J4V1
55,ARANCEL_ANUAL,ARANCEL_ANUAL,REVISAR_ARANCEL_ANUAL_SIN_FUENTE,REVISAR,DESCONOCIDA,MEDIA,DUDA_METODOLOGICA,I162S2C70J4V1
55,VIGENCIA_CARRERA,VIGENCIA_CARRERA,REVISAR_VIGENCIA_CARRERA_SIN_FUENTE_DIRECTA,REVISAR,OFICIAL_PROBABLE,ALTA,CAMPO_PENDIENTE_REAL,I162S2C70J4V1
55,CNED_ESTADO_AUDITORIA,CNED_ESTADO_AUDITORIA,REQUIERE_REVISION,REVISION,AUXILIAR_TECNICA,BAJA,MARCA_TECNICA_REMOVIBLE,I162S2C70J4V1
55,CNED_ALERTAS,CNED_ALERTAS,CONTIENE_MARCAS_TECNICAS_DE_REVISION,REVISION,AUXILIAR_TECNICA,BAJA,MARCA_TECNICA_REMOVIBLE,I162S2C70J4V1
55,CNED_PUEDE_SUBIR_PRELIMINAR,CNED_PUEDE_SUBIR_PRELIMINAR,REVISAR,REVISAR,AUXILIAR_TECNICA,BAJA,MARCA_TECNICA_REMOVIBLE,I162S2C70J4V1
56,Área del Conocimiento,AREA_DEL_CONOCIMIENTO,REVISAR_AREA_CODIGO_10,REVISAR,DESCONOCIDA,MEDIA,DUDA_METODOLOGICA,I162S2C71J4V1
56,Sub Área,SUB_AREA,REVISAR_SUB_AREA_SIN_FUENTE_DIRECTA,REVISAR,DESCONOCIDA,MEDIA,DUDA_METODOLOGICA,I162S2C71J4V1
56,Carrera Genérica,CARRERA_GENERICA,REVISAR_CARRERA_GENERICA_SIN_FUENTE_DIRECTA,REVISAR,DESCONOCIDA,MEDIA,DUDA_METODOLOGICA,I162S2C71J4V1
56,Grado Académico que otorga el programa,GRADO_ACADEMICO_QUE_OTORGA_EL_PROGRAMA,REVISAR_GRADO_ACADEMICO_SIN_FUENTE_DIRECTA,REVISAR,DESCONOCIDA,MEDIA,DUDA_METODOLOGICA,I162S2C71J4V1
56,Dependencia,DEPENDENCIA,REVISAR_DEPENDENCIA_SIN_FUENTE_DIRECTA,REVISAR,DESCONOCIDA,MEDIA,DUDA_METODOLOGICA,I162S2C71J4V1
56,Régimen,REGIMEN,REVISAR_REGIMEN_CODIGO_1,REVISAR,OFICIAL_PROBABLE,ALTA,CAMPO_PENDIENTE_REAL,I162S2C71J4V1
56,Ingreso Directo,INGRESO_DIRECTO,REVISAR_INGRESO_DIRECTO_CODIGO_REQUISITO_INGRESO_2,REVISAR,DESCONOCIDA,MEDIA,DUDA_METODOLOGICA,I162S2C71J4V1
56,Otro Tipo de Ingreso,OTRO_TIPO_DE_INGRESO,REVISAR_OTRO_TIPO_INGRESO_CODIGO_REQUISITO_INGRESO_2,REVISAR,DESCONOCIDA,MEDIA,DUDA_METODOLOGICA,I162S2C71J4V1
56,Ingreso otro,INGRESO_OTRO,REVISAR_DESCRIPCION_OTRO_INGRESO_SIN_TEXTO_FUENTE,REVISAR,DESCONOCIDA,MEDIA,DUDA_METODOLOGICA,I162S2C71J4V1
56,Observaciones,OBSERVACIONES,Crear según matriz PROMEDIOSDEALUMNOS_7804.xlsx / hoja matriz; conciliado contra diccionario oferta 2026; no encontrado en listado existente INDICES por CODIGO_UNICO; campos sin fuente directa quedan con revisión específica.,REVISION,DESCONOCIDA,MEDIA,OBSERVACION_INSTITUCIONAL,I162S2C71J4V1
56,FECHA_ADMISION_INICIAL,FECHA_ADMISION_INICIAL,REVISAR_FECHA_ADMISION_INICIAL_SIN_FUENTE,REVISAR,DESCONOCIDA,MEDIA,DUDA_METODOLOGICA,I162S2C71J4V1
56,MALLA_CURRICULAR,MALLA_CURRICULAR,REVISAR_MALLA_CURRICULAR_SIN_FUENTE,REVISAR,DESCONOCIDA,MEDIA,DUDA_METODOLOGICA,I162S2C71J4V1
56,PERFIL_EGRESO,PERFIL_EGRESO,REVISAR_PERFIL_EGRESO_SIN_FUENTE,REVISAR,DESCONOCIDA,MEDIA,DUDA_METODOLOGICA,I162S2C71J4V1
56,TEXTO_REQUISITO_INGRESO,TEXTO_REQUISITO_INGRESO,REVISAR_TEXTO_REQUISITO_INGRESO_SIN_FUENTE,REVISAR,DESCONOCIDA,MEDIA,DUDA_METODOLOGICA,I162S2C71J4V1
56,LICENCIA_ENS_MEDIA,LICENCIA_ENS_MEDIA,REVISAR_LICENCIA_ENS_MEDIA_SIN_FUENTE,REVISAR,DESCONOCIDA,MEDIA,DUDA_METODOLOGICA,I162S2C71J4V1
56,NOTAS_ENS_MEDIA,NOTAS_ENS_MEDIA,REVISAR_NOTAS_ENS_MEDIA_SIN_FUENTE,REVISAR,DESCONOCIDA,MEDIA,DUDA_METODOLOGICA,I162S2C71J4V1
56,PROMEDIO_MIN_ENS_MEDIA,PROMEDIO_MIN_ENS_MEDIA,REVISAR_PROMEDIO_MIN_ENS_MEDIA_SIN_FUENTE,REVISAR,DESCONOCIDA,MEDIA,DUDA_METODOLOGICA,I162S2C71J4V1
56,RECONOCIMIENTOS_APREN_PREVIOS,RECONOCIMIENTOS_APREN_PREVIOS,REVISAR_RECONOCIMIENTOS_APREN_PREVIOS_SIN_FUENTE,REVISAR,DESCONOCIDA,MEDIA,DUDA_METODOLOGICA,I162S2C71J4V1
56,EXPERIENCIA_LABORAL,EXPERIENCIA_LABORAL,REVISAR_EXPERIENCIA_LABORAL_SIN_FUENTE,REVISAR,DESCONOCIDA,MEDIA,DUDA_METODOLOGICA,I162S2C71J4V1
56,OTROS_REQUISITOS,OTROS_REQUISITOS,REVISAR_OTROS_REQUISITOS_SIN_FUENTE,REVISAR,DESCONOCIDA,MEDIA,DUDA_METODOLOGICA,I162S2C71J4V1
56,MAIL_DIFUSION_CARRERA,MAIL_DIFUSION_CARRERA,REVISAR_MAIL_DIFUSION_CARRERA_SIN_FUENTE,REVISAR,DESCONOCIDA,MEDIA,DUDA_METODOLOGICA,I162S2C71J4V1
56,FORMATO_VALOR,FORMATO_VALOR,REVISAR_FORMATO_VALOR_SIN_FUENTE,REVISAR,DESCONOCIDA,MEDIA,DUDA_METODOLOGICA,I162S2C71J4V1
56,VALOR_MATRICULA_ANUAL,VALOR_MATRICULA_ANUAL,REVISAR_VALOR_MATRICULA_ANUAL_SIN_FUENTE,REVISAR,DESCONOCIDA,MEDIA,DUDA_METODOLOGICA,I162S2C71J4V1
56,COSTO_TITULACION,COSTO_TITULACION,REVISAR_COSTO_TITULACION_SIN_FUENTE,REVISAR,DESCONOCIDA,MEDIA,DUDA_METODOLOGICA,I162S2C71J4V1
56,VALOR_CERTIFICADO_DIPLOMA,VALOR_CERTIFICADO_DIPLOMA,REVISAR_VALOR_CERTIFICADO_DIPLOMA_SIN_FUENTE,REVISAR,DESCONOCIDA,MEDIA,DUDA_METODOLOGICA,I162S2C71J4V1
56,ARANCEL_ANUAL,ARANCEL_ANUAL,REVISAR_ARANCEL_ANUAL_SIN_FUENTE,REVISAR,DESCONOCIDA,MEDIA,DUDA_METODOLOGICA,I162S2C71J4V1
56,VIGENCIA_CARRERA,VIGENCIA_CARRERA,REVISAR_VIGENCIA_CARRERA_SIN_FUENTE_DIRECTA,REVISAR,OFICIAL_PROBABLE,ALTA,CAMPO_PENDIENTE_REAL,I162S2C71J4V1
56,CNED_ESTADO_AUDITORIA,CNED_ESTADO_AUDITORIA,REQUIERE_REVISION,REVISION,AUXILIAR_TECNICA,BAJA,MARCA_TECNICA_REMOVIBLE,I162S2C71J4V1
56,CNED_ALERTAS,CNED_ALERTAS,CONTIENE_MARCAS_TECNICAS_DE_REVISION,REVISION,AUXILIAR_TECNICA,BAJA,MARCA_TECNICA_REMOVIBLE,I162S2C71J4V1
56,CNED_PUEDE_SUBIR_PRELIMINAR,CNED_PUEDE_SUBIR_PRELIMINAR,REVISAR,REVISAR,AUXILIAR_TECNICA,BAJA,MARCA_TECNICA_REMOVIBLE,I162S2C71J4V1
57,Detalle del Tipo de Programa (especiales),DETALLE_DEL_TIPO_DE_PROGRAMA_ESPECIALES,REVISAR_DETALLE_PROGRAMA_ESPECIAL,REVISAR,DESCONOCIDA,MEDIA,DUDA_METODOLOGICA,I162S2C76J4V2
57,Área del Conocimiento,AREA_DEL_CONOCIMIENTO,REVISAR_AREA_CODIGO_1,REVISAR,DESCONOCIDA,MEDIA,DUDA_METODOLOGICA,I162S2C76J4V2
57,Sub Área,SUB_AREA,REVISAR_SUB_AREA_SIN_FUENTE_DIRECTA,REVISAR,DESCONOCIDA,MEDIA,DUDA_METODOLOGICA,I162S2C76J4V2
57,Carrera Genérica,CARRERA_GENERICA,REVISAR_CARRERA_GENERICA_SIN_FUENTE_DIRECTA,REVISAR,DESCONOCIDA,MEDIA,DUDA_METODOLOGICA,I162S2C76J4V2
57,Grado Académico que otorga el programa,GRADO_ACADEMICO_QUE_OTORGA_EL_PROGRAMA,REVISAR_GRADO_ACADEMICO_SIN_FUENTE_DIRECTA,REVISAR,DESCONOCIDA,MEDIA,DUDA_METODOLOGICA,I162S2C76J4V2
57,Dependencia,DEPENDENCIA,REVISAR_DEPENDENCIA_SIN_FUENTE_DIRECTA,REVISAR,DESCONOCIDA,MEDIA,DUDA_METODOLOGICA,I162S2C76J4V2
57,Régimen,REGIMEN,REVISAR_REGIMEN_CODIGO_1,REVISAR,OFICIAL_PROBABLE,ALTA,CAMPO_PENDIENTE_REAL,I162S2C76J4V2
57,Ingreso Directo,INGRESO_DIRECTO,REVISAR_INGRESO_DIRECTO_CODIGO_REQUISITO_INGRESO_2_SEMESTRES_RECONOCIDOS_4,REVISAR,DESCONOCIDA,MEDIA,DUDA_METODOLOGICA,I162S2C76J4V2
57,Otro Tipo de Ingreso,OTRO_TIPO_DE_INGRESO,REVISAR_OTRO_TIPO_INGRESO_CODIGO_REQUISITO_INGRESO_2_SEMESTRES_RECONOCIDOS_4,REVISAR,DESCONOCIDA,MEDIA,DUDA_METODOLOGICA,I162S2C76J4V2
57,Ingreso otro,INGRESO_OTRO,REVISAR_DESCRIPCION_OTRO_INGRESO_SIN_TEXTO_FUENTE,REVISAR,DESCONOCIDA,MEDIA,DUDA_METODOLOGICA,I162S2C76J4V2
57,Observaciones,OBSERVACIONES,Crear según matriz PROMEDIOSDEALUMNOS_7804.xlsx / hoja matriz; conciliado contra diccionario oferta 2026; no encontrado en listado existente INDICES por CODIGO_UNICO; campos sin fuente directa quedan con revisión específica.,REVISION,DESCONOCIDA,MEDIA,OBSERVACION_INSTITUCIONAL,I162S2C76J4V2
57,FECHA_ADMISION_INICIAL,FECHA_ADMISION_INICIAL,REVISAR_FECHA_ADMISION_INICIAL_SIN_FUENTE,REVISAR,DESCONOCIDA,MEDIA,DUDA_METODOLOGICA,I162S2C76J4V2
57,MALLA_CURRICULAR,MALLA_CURRICULAR,REVISAR_MALLA_CURRICULAR_SIN_FUENTE,REVISAR,DESCONOCIDA,MEDIA,DUDA_METODOLOGICA,I162S2C76J4V2
57,PERFIL_EGRESO,PERFIL_EGRESO,REVISAR_PERFIL_EGRESO_SIN_FUENTE,REVISAR,DESCONOCIDA,MEDIA,DUDA_METODOLOGICA,I162S2C76J4V2
57,TEXTO_REQUISITO_INGRESO,TEXTO_REQUISITO_INGRESO,REVISAR_TEXTO_REQUISITO_INGRESO_SIN_FUENTE,REVISAR,DESCONOCIDA,MEDIA,DUDA_METODOLOGICA,I162S2C76J4V2
57,LICENCIA_ENS_MEDIA,LICENCIA_ENS_MEDIA,REVISAR_LICENCIA_ENS_MEDIA_SIN_FUENTE,REVISAR,DESCONOCIDA,MEDIA,DUDA_METODOLOGICA,I162S2C76J4V2
57,NOTAS_ENS_MEDIA,NOTAS_ENS_MEDIA,REVISAR_NOTAS_ENS_MEDIA_SIN_FUENTE,REVISAR,DESCONOCIDA,MEDIA,DUDA_METODOLOGICA,I162S2C76J4V2
57,PROMEDIO_MIN_ENS_MEDIA,PROMEDIO_MIN_ENS_MEDIA,REVISAR_PROMEDIO_MIN_ENS_MEDIA_SIN_FUENTE,REVISAR,DESCONOCIDA,MEDIA,DUDA_METODOLOGICA,I162S2C76J4V2
57,RECONOCIMIENTOS_APREN_PREVIOS,RECONOCIMIENTOS_APREN_PREVIOS,REVISAR_RECONOCIMIENTOS_APREN_PREVIOS_SIN_FUENTE,REVISAR,DESCONOCIDA,MEDIA,DUDA_METODOLOGICA,I162S2C76J4V2
57,EXPERIENCIA_LABORAL,EXPERIENCIA_LABORAL,REVISAR_EXPERIENCIA_LABORAL_SIN_FUENTE,REVISAR,DESCONOCIDA,MEDIA,DUDA_METODOLOGICA,I162S2C76J4V2
57,OTROS_REQUISITOS,OTROS_REQUISITOS,REVISAR_OTROS_REQUISITOS_SIN_FUENTE,REVISAR,DESCONOCIDA,MEDIA,DUDA_METODOLOGICA,I162S2C76J4V2
57,MAIL_DIFUSION_CARRERA,MAIL_DIFUSION_CARRERA,REVISAR_MAIL_DIFUSION_CARRERA_SIN_FUENTE,REVISAR,DESCONOCIDA,MEDIA,DUDA_METODOLOGICA,I162S2C76J4V2
57,FORMATO_VALOR,FORMATO_VALOR,REVISAR_FORMATO_VALOR_SIN_FUENTE,REVISAR,DESCONOCIDA,MEDIA,DUDA_METODOLOGICA,I162S2C76J4V2
57,VALOR_MATRICULA_ANUAL,VALOR_MATRICULA_ANUAL,REVISAR_VALOR_MATRICULA_ANUAL_SIN_FUENTE,REVISAR,DESCONOCIDA,MEDIA,DUDA_METODOLOGICA,I162S2C76J4V2
57,COSTO_TITULACION,COSTO_TITULACION,REVISAR_COSTO_TITULACION_SIN_FUENTE,REVISAR,DESCONOCIDA,MEDIA,DUDA_METODOLOGICA,I162S2C76J4V2
57,VALOR_CERTIFICADO_DIPLOMA,VALOR_CERTIFICADO_DIPLOMA,REVISAR_VALOR_CERTIFICADO_DIPLOMA_SIN_FUENTE,REVISAR,DESCONOCIDA,MEDIA,DUDA_METODOLOGICA,I162S2C76J4V2
57,ARANCEL_ANUAL,ARANCEL_ANUAL,REVISAR_ARANCEL_ANUAL_SIN_FUENTE,REVISAR,DESCONOCIDA,MEDIA,DUDA_METODOLOGICA,I162S2C76J4V2
57,VIGENCIA_CARRERA,VIGENCIA_CARRERA,REVISAR_VIGENCIA_CARRERA_SIN_FUENTE_DIRECTA,REVISAR,OFICIAL_PROBABLE,ALTA,CAMPO_PENDIENTE_REAL,I162S2C76J4V2
57,CNED_ESTADO_AUDITORIA,CNED_ESTADO_AUDITORIA,REQUIERE_REVISION,REVISION,AUXILIAR_TECNICA,BAJA,MARCA_TECNICA_REMOVIBLE,I162S2C76J4V2
57,CNED_ALERTAS,CNED_ALERTAS,CONTIENE_MARCAS_TECNICAS_DE_REVISION,REVISION,AUXILIAR_TECNICA,BAJA,MARCA_TECNICA_REMOVIBLE,I162S2C76J4V2
57,CNED_PUEDE_SUBIR_PRELIMINAR,CNED_PUEDE_SUBIR_PRELIMINAR,REVISAR,REVISAR,AUXILIAR_TECNICA,BAJA,MARCA_TECNICA_REMOVIBLE,I162S2C76J4V2
58,Detalle del Tipo de Programa (especiales),DETALLE_DEL_TIPO_DE_PROGRAMA_ESPECIALES,REVISAR_DETALLE_PROGRAMA_ESPECIAL,REVISAR,DESCONOCIDA,MEDIA,DUDA_METODOLOGICA,I162S2C77J4V2
58,Área del Conocimiento,AREA_DEL_CONOCIMIENTO,REVISAR_AREA_CODIGO_1,REVISAR,DESCONOCIDA,MEDIA,DUDA_METODOLOGICA,I162S2C77J4V2
58,Sub Área,SUB_AREA,REVISAR_SUB_AREA_SIN_FUENTE_DIRECTA,REVISAR,DESCONOCIDA,MEDIA,DUDA_METODOLOGICA,I162S2C77J4V2
58,Carrera Genérica,CARRERA_GENERICA,REVISAR_CARRERA_GENERICA_SIN_FUENTE_DIRECTA,REVISAR,DESCONOCIDA,MEDIA,DUDA_METODOLOGICA,I162S2C77J4V2
58,Grado Académico que otorga el programa,GRADO_ACADEMICO_QUE_OTORGA_EL_PROGRAMA,REVISAR_GRADO_ACADEMICO_SIN_FUENTE_DIRECTA,REVISAR,DESCONOCIDA,MEDIA,DUDA_METODOLOGICA,I162S2C77J4V2
58,Dependencia,DEPENDENCIA,REVISAR_DEPENDENCIA_SIN_FUENTE_DIRECTA,REVISAR,DESCONOCIDA,MEDIA,DUDA_METODOLOGICA,I162S2C77J4V2
58,Régimen,REGIMEN,REVISAR_REGIMEN_CODIGO_1,REVISAR,OFICIAL_PROBABLE,ALTA,CAMPO_PENDIENTE_REAL,I162S2C77J4V2
58,Ingreso Directo,INGRESO_DIRECTO,REVISAR_INGRESO_DIRECTO_CODIGO_REQUISITO_INGRESO_2_SEMESTRES_RECONOCIDOS_4,REVISAR,DESCONOCIDA,MEDIA,DUDA_METODOLOGICA,I162S2C77J4V2
58,Otro Tipo de Ingreso,OTRO_TIPO_DE_INGRESO,REVISAR_OTRO_TIPO_INGRESO_CODIGO_REQUISITO_INGRESO_2_SEMESTRES_RECONOCIDOS_4,REVISAR,DESCONOCIDA,MEDIA,DUDA_METODOLOGICA,I162S2C77J4V2
58,Ingreso otro,INGRESO_OTRO,REVISAR_DESCRIPCION_OTRO_INGRESO_SIN_TEXTO_FUENTE,REVISAR,DESCONOCIDA,MEDIA,DUDA_METODOLOGICA,I162S2C77J4V2
58,Observaciones,OBSERVACIONES,Crear según matriz PROMEDIOSDEALUMNOS_7804.xlsx / hoja matriz; conciliado contra diccionario oferta 2026; no encontrado en listado existente INDICES por CODIGO_UNICO; campos sin fuente directa quedan con revisión específica.,REVISION,DESCONOCIDA,MEDIA,OBSERVACION_INSTITUCIONAL,I162S2C77J4V2
58,FECHA_ADMISION_INICIAL,FECHA_ADMISION_INICIAL,REVISAR_FECHA_ADMISION_INICIAL_SIN_FUENTE,REVISAR,DESCONOCIDA,MEDIA,DUDA_METODOLOGICA,I162S2C77J4V2
58,MALLA_CURRICULAR,MALLA_CURRICULAR,REVISAR_MALLA_CURRICULAR_SIN_FUENTE,REVISAR,DESCONOCIDA,MEDIA,DUDA_METODOLOGICA,I162S2C77J4V2
58,PERFIL_EGRESO,PERFIL_EGRESO,REVISAR_PERFIL_EGRESO_SIN_FUENTE,REVISAR,DESCONOCIDA,MEDIA,DUDA_METODOLOGICA,I162S2C77J4V2
58,TEXTO_REQUISITO_INGRESO,TEXTO_REQUISITO_INGRESO,REVISAR_TEXTO_REQUISITO_INGRESO_SIN_FUENTE,REVISAR,DESCONOCIDA,MEDIA,DUDA_METODOLOGICA,I162S2C77J4V2
58,LICENCIA_ENS_MEDIA,LICENCIA_ENS_MEDIA,REVISAR_LICENCIA_ENS_MEDIA_SIN_FUENTE,REVISAR,DESCONOCIDA,MEDIA,DUDA_METODOLOGICA,I162S2C77J4V2
58,NOTAS_ENS_MEDIA,NOTAS_ENS_MEDIA,REVISAR_NOTAS_ENS_MEDIA_SIN_FUENTE,REVISAR,DESCONOCIDA,MEDIA,DUDA_METODOLOGICA,I162S2C77J4V2
58,PROMEDIO_MIN_ENS_MEDIA,PROMEDIO_MIN_ENS_MEDIA,REVISAR_PROMEDIO_MIN_ENS_MEDIA_SIN_FUENTE,REVISAR,DESCONOCIDA,MEDIA,DUDA_METODOLOGICA,I162S2C77J4V2
58,RECONOCIMIENTOS_APREN_PREVIOS,RECONOCIMIENTOS_APREN_PREVIOS,REVISAR_RECONOCIMIENTOS_APREN_PREVIOS_SIN_FUENTE,REVISAR,DESCONOCIDA,MEDIA,DUDA_METODOLOGICA,I162S2C77J4V2
58,EXPERIENCIA_LABORAL,EXPERIENCIA_LABORAL,REVISAR_EXPERIENCIA_LABORAL_SIN_FUENTE,REVISAR,DESCONOCIDA,MEDIA,DUDA_METODOLOGICA,I162S2C77J4V2
58,OTROS_REQUISITOS,OTROS_REQUISITOS,REVISAR_OTROS_REQUISITOS_SIN_FUENTE,REVISAR,DESCONOCIDA,MEDIA,DUDA_METODOLOGICA,I162S2C77J4V2
58,MAIL_DIFUSION_CARRERA,MAIL_DIFUSION_CARRERA,REVISAR_MAIL_DIFUSION_CARRERA_SIN_FUENTE,REVISAR,DESCONOCIDA,MEDIA,DUDA_METODOLOGICA,I162S2C77J4V2
58,FORMATO_VALOR,FORMATO_VALOR,REVISAR_FORMATO_VALOR_SIN_FUENTE,REVISAR,DESCONOCIDA,MEDIA,DUDA_METODOLOGICA,I162S2C77J4V2
58,VALOR_MATRICULA_ANUAL,VALOR_MATRICULA_ANUAL,REVISAR_VALOR_MATRICULA_ANUAL_SIN_FUENTE,REVISAR,DESCONOCIDA,MEDIA,DUDA_METODOLOGICA,I162S2C77J4V2
58,COSTO_TITULACION,COSTO_TITULACION,REVISAR_COSTO_TITULACION_SIN_FUENTE,REVISAR,DESCONOCIDA,MEDIA,DUDA_METODOLOGICA,I162S2C77J4V2
58,VALOR_CERTIFICADO_DIPLOMA,VALOR_CERTIFICADO_DIPLOMA,REVISAR_VALOR_CERTIFICADO_DIPLOMA_SIN_FUENTE,REVISAR,DESCONOCIDA,MEDIA,DUDA_METODOLOGICA,I162S2C77J4V2
58,ARANCEL_ANUAL,ARANCEL_ANUAL,REVISAR_ARANCEL_ANUAL_SIN_FUENTE,REVISAR,DESCONOCIDA,MEDIA,DUDA_METODOLOGICA,I162S2C77J4V2
58,VIGENCIA_CARRERA,VIGENCIA_CARRERA,REVISAR_VIGENCIA_CARRERA_SIN_FUENTE_DIRECTA,REVISAR,OFICIAL_PROBABLE,ALTA,CAMPO_PENDIENTE_REAL,I162S2C77J4V2
58,CNED_ESTADO_AUDITORIA,CNED_ESTADO_AUDITORIA,REQUIERE_REVISION,REVISION,AUXILIAR_TECNICA,BAJA,MARCA_TECNICA_REMOVIBLE,I162S2C77J4V2
58,CNED_ALERTAS,CNED_ALERTAS,CONTIENE_MARCAS_TECNICAS_DE_REVISION,REVISION,AUXILIAR_TECNICA,BAJA,MARCA_TECNICA_REMOVIBLE,I162S2C77J4V2
58,CNED_PUEDE_SUBIR_PRELIMINAR,CNED_PUEDE_SUBIR_PRELIMINAR,REVISAR,REVISAR,AUXILIAR_TECNICA,BAJA,MARCA_TECNICA_REMOVIBLE,I162S2C77J4V2
59,Detalle del Tipo de Programa (especiales),DETALLE_DEL_TIPO_DE_PROGRAMA_ESPECIALES,REVISAR_DETALLE_PROGRAMA_ESPECIAL,REVISAR,DESCONOCIDA,MEDIA,DUDA_METODOLOGICA,I162S2C83J4V2
59,Área del Conocimiento,AREA_DEL_CONOCIMIENTO,REVISAR_AREA_CODIGO_1,REVISAR,DESCONOCIDA,MEDIA,DUDA_METODOLOGICA,I162S2C83J4V2
59,Sub Área,SUB_AREA,REVISAR_SUB_AREA_SIN_FUENTE_DIRECTA,REVISAR,DESCONOCIDA,MEDIA,DUDA_METODOLOGICA,I162S2C83J4V2
59,Carrera Genérica,CARRERA_GENERICA,REVISAR_CARRERA_GENERICA_SIN_FUENTE_DIRECTA,REVISAR,DESCONOCIDA,MEDIA,DUDA_METODOLOGICA,I162S2C83J4V2
59,Grado Académico que otorga el programa,GRADO_ACADEMICO_QUE_OTORGA_EL_PROGRAMA,REVISAR_GRADO_ACADEMICO_SIN_FUENTE_DIRECTA,REVISAR,DESCONOCIDA,MEDIA,DUDA_METODOLOGICA,I162S2C83J4V2
59,Dependencia,DEPENDENCIA,REVISAR_DEPENDENCIA_SIN_FUENTE_DIRECTA,REVISAR,DESCONOCIDA,MEDIA,DUDA_METODOLOGICA,I162S2C83J4V2
59,Régimen,REGIMEN,REVISAR_REGIMEN_CODIGO_1,REVISAR,OFICIAL_PROBABLE,ALTA,CAMPO_PENDIENTE_REAL,I162S2C83J4V2
59,Ingreso Directo,INGRESO_DIRECTO,REVISAR_INGRESO_DIRECTO_CODIGO_REQUISITO_INGRESO_2_SEMESTRES_RECONOCIDOS_4,REVISAR,DESCONOCIDA,MEDIA,DUDA_METODOLOGICA,I162S2C83J4V2
59,Otro Tipo de Ingreso,OTRO_TIPO_DE_INGRESO,REVISAR_OTRO_TIPO_INGRESO_CODIGO_REQUISITO_INGRESO_2_SEMESTRES_RECONOCIDOS_4,REVISAR,DESCONOCIDA,MEDIA,DUDA_METODOLOGICA,I162S2C83J4V2
59,Ingreso otro,INGRESO_OTRO,REVISAR_DESCRIPCION_OTRO_INGRESO_SIN_TEXTO_FUENTE,REVISAR,DESCONOCIDA,MEDIA,DUDA_METODOLOGICA,I162S2C83J4V2
59,Observaciones,OBSERVACIONES,Crear según matriz PROMEDIOSDEALUMNOS_7804.xlsx / hoja matriz; conciliado contra diccionario oferta 2026; no encontrado en listado existente INDICES por CODIGO_UNICO; campos sin fuente directa quedan con revisión específica.,REVISION,DESCONOCIDA,MEDIA,OBSERVACION_INSTITUCIONAL,I162S2C83J4V2
59,FECHA_ADMISION_INICIAL,FECHA_ADMISION_INICIAL,REVISAR_FECHA_ADMISION_INICIAL_SIN_FUENTE,REVISAR,DESCONOCIDA,MEDIA,DUDA_METODOLOGICA,I162S2C83J4V2
59,MALLA_CURRICULAR,MALLA_CURRICULAR,REVISAR_MALLA_CURRICULAR_SIN_FUENTE,REVISAR,DESCONOCIDA,MEDIA,DUDA_METODOLOGICA,I162S2C83J4V2
59,PERFIL_EGRESO,PERFIL_EGRESO,REVISAR_PERFIL_EGRESO_SIN_FUENTE,REVISAR,DESCONOCIDA,MEDIA,DUDA_METODOLOGICA,I162S2C83J4V2
59,TEXTO_REQUISITO_INGRESO,TEXTO_REQUISITO_INGRESO,REVISAR_TEXTO_REQUISITO_INGRESO_SIN_FUENTE,REVISAR,DESCONOCIDA,MEDIA,DUDA_METODOLOGICA,I162S2C83J4V2
59,LICENCIA_ENS_MEDIA,LICENCIA_ENS_MEDIA,REVISAR_LICENCIA_ENS_MEDIA_SIN_FUENTE,REVISAR,DESCONOCIDA,MEDIA,DUDA_METODOLOGICA,I162S2C83J4V2
59,NOTAS_ENS_MEDIA,NOTAS_ENS_MEDIA,REVISAR_NOTAS_ENS_MEDIA_SIN_FUENTE,REVISAR,DESCONOCIDA,MEDIA,DUDA_METODOLOGICA,I162S2C83J4V2
59,PROMEDIO_MIN_ENS_MEDIA,PROMEDIO_MIN_ENS_MEDIA,REVISAR_PROMEDIO_MIN_ENS_MEDIA_SIN_FUENTE,REVISAR,DESCONOCIDA,MEDIA,DUDA_METODOLOGICA,I162S2C83J4V2
59,RECONOCIMIENTOS_APREN_PREVIOS,RECONOCIMIENTOS_APREN_PREVIOS,REVISAR_RECONOCIMIENTOS_APREN_PREVIOS_SIN_FUENTE,REVISAR,DESCONOCIDA,MEDIA,DUDA_METODOLOGICA,I162S2C83J4V2
59,EXPERIENCIA_LABORAL,EXPERIENCIA_LABORAL,REVISAR_EXPERIENCIA_LABORAL_SIN_FUENTE,REVISAR,DESCONOCIDA,MEDIA,DUDA_METODOLOGICA,I162S2C83J4V2
59,OTROS_REQUISITOS,OTROS_REQUISITOS,REVISAR_OTROS_REQUISITOS_SIN_FUENTE,REVISAR,DESCONOCIDA,MEDIA,DUDA_METODOLOGICA,I162S2C83J4V2
59,MAIL_DIFUSION_CARRERA,MAIL_DIFUSION_CARRERA,REVISAR_MAIL_DIFUSION_CARRERA_SIN_FUENTE,REVISAR,DESCONOCIDA,MEDIA,DUDA_METODOLOGICA,I162S2C83J4V2
59,FORMATO_VALOR,FORMATO_VALOR,REVISAR_FORMATO_VALOR_SIN_FUENTE,REVISAR,DESCONOCIDA,MEDIA,DUDA_METODOLOGICA,I162S2C83J4V2
59,VALOR_MATRICULA_ANUAL,VALOR_MATRICULA_ANUAL,REVISAR_VALOR_MATRICULA_ANUAL_SIN_FUENTE,REVISAR,DESCONOCIDA,MEDIA,DUDA_METODOLOGICA,I162S2C83J4V2
59,COSTO_TITULACION,COSTO_TITULACION,REVISAR_COSTO_TITULACION_SIN_FUENTE,REVISAR,DESCONOCIDA,MEDIA,DUDA_METODOLOGICA,I162S2C83J4V2
59,VALOR_CERTIFICADO_DIPLOMA,VALOR_CERTIFICADO_DIPLOMA,REVISAR_VALOR_CERTIFICADO_DIPLOMA_SIN_FUENTE,REVISAR,DESCONOCIDA,MEDIA,DUDA_METODOLOGICA,I162S2C83J4V2
59,ARANCEL_ANUAL,ARANCEL_ANUAL,REVISAR_ARANCEL_ANUAL_SIN_FUENTE,REVISAR,DESCONOCIDA,MEDIA,DUDA_METODOLOGICA,I162S2C83J4V2
59,VIGENCIA_CARRERA,VIGENCIA_CARRERA,REVISAR_VIGENCIA_CARRERA_SIN_FUENTE_DIRECTA,REVISAR,OFICIAL_PROBABLE,ALTA,CAMPO_PENDIENTE_REAL,I162S2C83J4V2
59,CNED_ESTADO_AUDITORIA,CNED_ESTADO_AUDITORIA,REQUIERE_REVISION,REVISION,AUXILIAR_TECNICA,BAJA,MARCA_TECNICA_REMOVIBLE,I162S2C83J4V2
59,CNED_ALERTAS,CNED_ALERTAS,CONTIENE_MARCAS_TECNICAS_DE_REVISION,REVISION,AUXILIAR_TECNICA,BAJA,MARCA_TECNICA_REMOVIBLE,I162S2C83J4V2
59,CNED_PUEDE_SUBIR_PRELIMINAR,CNED_PUEDE_SUBIR_PRELIMINAR,REVISAR,REVISAR,AUXILIAR_TECNICA,BAJA,MARCA_TECNICA_REMOVIBLE,I162S2C83J4V2
60,Detalle del Tipo de Programa (especiales),DETALLE_DEL_TIPO_DE_PROGRAMA_ESPECIALES,REVISAR_DETALLE_PROGRAMA_ESPECIAL,REVISAR,DESCONOCIDA,MEDIA,DUDA_METODOLOGICA,I162S2C86J4V2
60,Área del Conocimiento,AREA_DEL_CONOCIMIENTO,REVISAR_AREA_CODIGO_1,REVISAR,DESCONOCIDA,MEDIA,DUDA_METODOLOGICA,I162S2C86J4V2
60,Sub Área,SUB_AREA,REVISAR_SUB_AREA_SIN_FUENTE_DIRECTA,REVISAR,DESCONOCIDA,MEDIA,DUDA_METODOLOGICA,I162S2C86J4V2
60,Carrera Genérica,CARRERA_GENERICA,REVISAR_CARRERA_GENERICA_SIN_FUENTE_DIRECTA,REVISAR,DESCONOCIDA,MEDIA,DUDA_METODOLOGICA,I162S2C86J4V2
60,Grado Académico que otorga el programa,GRADO_ACADEMICO_QUE_OTORGA_EL_PROGRAMA,REVISAR_GRADO_ACADEMICO_SIN_FUENTE_DIRECTA,REVISAR,DESCONOCIDA,MEDIA,DUDA_METODOLOGICA,I162S2C86J4V2
60,Dependencia,DEPENDENCIA,REVISAR_DEPENDENCIA_SIN_FUENTE_DIRECTA,REVISAR,DESCONOCIDA,MEDIA,DUDA_METODOLOGICA,I162S2C86J4V2
60,Régimen,REGIMEN,REVISAR_REGIMEN_CODIGO_1,REVISAR,OFICIAL_PROBABLE,ALTA,CAMPO_PENDIENTE_REAL,I162S2C86J4V2
60,Ingreso Directo,INGRESO_DIRECTO,REVISAR_INGRESO_DIRECTO_CODIGO_REQUISITO_INGRESO_2_SEMESTRES_RECONOCIDOS_4,REVISAR,DESCONOCIDA,MEDIA,DUDA_METODOLOGICA,I162S2C86J4V2
60,Otro Tipo de Ingreso,OTRO_TIPO_DE_INGRESO,REVISAR_OTRO_TIPO_INGRESO_CODIGO_REQUISITO_INGRESO_2_SEMESTRES_RECONOCIDOS_4,REVISAR,DESCONOCIDA,MEDIA,DUDA_METODOLOGICA,I162S2C86J4V2
60,Ingreso otro,INGRESO_OTRO,REVISAR_DESCRIPCION_OTRO_INGRESO_SIN_TEXTO_FUENTE,REVISAR,DESCONOCIDA,MEDIA,DUDA_METODOLOGICA,I162S2C86J4V2
60,Observaciones,OBSERVACIONES,Crear según matriz PROMEDIOSDEALUMNOS_7804.xlsx / hoja matriz; conciliado contra diccionario oferta 2026; no encontrado en listado existente INDICES por CODIGO_UNICO; campos sin fuente directa quedan con revisión específica.,REVISION,DESCONOCIDA,MEDIA,OBSERVACION_INSTITUCIONAL,I162S2C86J4V2
60,FECHA_ADMISION_INICIAL,FECHA_ADMISION_INICIAL,REVISAR_FECHA_ADMISION_INICIAL_SIN_FUENTE,REVISAR,DESCONOCIDA,MEDIA,DUDA_METODOLOGICA,I162S2C86J4V2
60,MALLA_CURRICULAR,MALLA_CURRICULAR,REVISAR_MALLA_CURRICULAR_SIN_FUENTE,REVISAR,DESCONOCIDA,MEDIA,DUDA_METODOLOGICA,I162S2C86J4V2
60,PERFIL_EGRESO,PERFIL_EGRESO,REVISAR_PERFIL_EGRESO_SIN_FUENTE,REVISAR,DESCONOCIDA,MEDIA,DUDA_METODOLOGICA,I162S2C86J4V2
60,TEXTO_REQUISITO_INGRESO,TEXTO_REQUISITO_INGRESO,REVISAR_TEXTO_REQUISITO_INGRESO_SIN_FUENTE,REVISAR,DESCONOCIDA,MEDIA,DUDA_METODOLOGICA,I162S2C86J4V2
60,LICENCIA_ENS_MEDIA,LICENCIA_ENS_MEDIA,REVISAR_LICENCIA_ENS_MEDIA_SIN_FUENTE,REVISAR,DESCONOCIDA,MEDIA,DUDA_METODOLOGICA,I162S2C86J4V2
60,NOTAS_ENS_MEDIA,NOTAS_ENS_MEDIA,REVISAR_NOTAS_ENS_MEDIA_SIN_FUENTE,REVISAR,DESCONOCIDA,MEDIA,DUDA_METODOLOGICA,I162S2C86J4V2
60,PROMEDIO_MIN_ENS_MEDIA,PROMEDIO_MIN_ENS_MEDIA,REVISAR_PROMEDIO_MIN_ENS_MEDIA_SIN_FUENTE,REVISAR,DESCONOCIDA,MEDIA,DUDA_METODOLOGICA,I162S2C86J4V2
60,RECONOCIMIENTOS_APREN_PREVIOS,RECONOCIMIENTOS_APREN_PREVIOS,REVISAR_RECONOCIMIENTOS_APREN_PREVIOS_SIN_FUENTE,REVISAR,DESCONOCIDA,MEDIA,DUDA_METODOLOGICA,I162S2C86J4V2
60,EXPERIENCIA_LABORAL,EXPERIENCIA_LABORAL,REVISAR_EXPERIENCIA_LABORAL_SIN_FUENTE,REVISAR,DESCONOCIDA,MEDIA,DUDA_METODOLOGICA,I162S2C86J4V2
60,OTROS_REQUISITOS,OTROS_REQUISITOS,REVISAR_OTROS_REQUISITOS_SIN_FUENTE,REVISAR,DESCONOCIDA,MEDIA,DUDA_METODOLOGICA,I162S2C86J4V2
60,MAIL_DIFUSION_CARRERA,MAIL_DIFUSION_CARRERA,REVISAR_MAIL_DIFUSION_CARRERA_SIN_FUENTE,REVISAR,DESCONOCIDA,MEDIA,DUDA_METODOLOGICA,I162S2C86J4V2
60,FORMATO_VALOR,FORMATO_VALOR,REVISAR_FORMATO_VALOR_SIN_FUENTE,REVISAR,DESCONOCIDA,MEDIA,DUDA_METODOLOGICA,I162S2C86J4V2
60,VALOR_MATRICULA_ANUAL,VALOR_MATRICULA_ANUAL,REVISAR_VALOR_MATRICULA_ANUAL_SIN_FUENTE,REVISAR,DESCONOCIDA,MEDIA,DUDA_METODOLOGICA,I162S2C86J4V2
60,COSTO_TITULACION,COSTO_TITULACION,REVISAR_COSTO_TITULACION_SIN_FUENTE,REVISAR,DESCONOCIDA,MEDIA,DUDA_METODOLOGICA,I162S2C86J4V2
60,VALOR_CERTIFICADO_DIPLOMA,VALOR_CERTIFICADO_DIPLOMA,REVISAR_VALOR_CERTIFICADO_DIPLOMA_SIN_FUENTE,REVISAR,DESCONOCIDA,MEDIA,DUDA_METODOLOGICA,I162S2C86J4V2
60,ARANCEL_ANUAL,ARANCEL_ANUAL,REVISAR_ARANCEL_ANUAL_SIN_FUENTE,REVISAR,DESCONOCIDA,MEDIA,DUDA_METODOLOGICA,I162S2C86J4V2
60,VIGENCIA_CARRERA,VIGENCIA_CARRERA,REVISAR_VIGENCIA_CARRERA_SIN_FUENTE_DIRECTA,REVISAR,OFICIAL_PROBABLE,ALTA,CAMPO_PENDIENTE_REAL,I162S2C86J4V2
60,CNED_ESTADO_AUDITORIA,CNED_ESTADO_AUDITORIA,REQUIERE_REVISION,REVISION,AUXILIAR_TECNICA,BAJA,MARCA_TECNICA_REMOVIBLE,I162S2C86J4V2
60,CNED_ALERTAS,CNED_ALERTAS,CONTIENE_MARCAS_TECNICAS_DE_REVISION,REVISION,AUXILIAR_TECNICA,BAJA,MARCA_TECNICA_REMOVIBLE,I162S2C86J4V2
60,CNED_PUEDE_SUBIR_PRELIMINAR,CNED_PUEDE_SUBIR_PRELIMINAR,REVISAR,REVISAR,AUXILIAR_TECNICA,BAJA,MARCA_TECNICA_REMOVIBLE,I162S2C86J4V2
61,Área del Conocimiento,AREA_DEL_CONOCIMIENTO,REVISAR_AREA_CODIGO_7,REVISAR,DESCONOCIDA,MEDIA,DUDA_METODOLOGICA,I162S2C87J4V2
61,Sub Área,SUB_AREA,REVISAR_SUB_AREA_SIN_FUENTE_DIRECTA,REVISAR,DESCONOCIDA,MEDIA,DUDA_METODOLOGICA,I162S2C87J4V2
61,Carrera Genérica,CARRERA_GENERICA,REVISAR_CARRERA_GENERICA_SIN_FUENTE_DIRECTA,REVISAR,DESCONOCIDA,MEDIA,DUDA_METODOLOGICA,I162S2C87J4V2
61,Grado Académico que otorga el programa,GRADO_ACADEMICO_QUE_OTORGA_EL_PROGRAMA,REVISAR_GRADO_ACADEMICO_SIN_FUENTE_DIRECTA,REVISAR,DESCONOCIDA,MEDIA,DUDA_METODOLOGICA,I162S2C87J4V2
61,Dependencia,DEPENDENCIA,REVISAR_DEPENDENCIA_SIN_FUENTE_DIRECTA,REVISAR,DESCONOCIDA,MEDIA,DUDA_METODOLOGICA,I162S2C87J4V2
61,Régimen,REGIMEN,REVISAR_REGIMEN_CODIGO_2,REVISAR,OFICIAL_PROBABLE,ALTA,CAMPO_PENDIENTE_REAL,I162S2C87J4V2
61,Ingreso Directo,INGRESO_DIRECTO,REVISAR_INGRESO_DIRECTO_CODIGO_REQUISITO_INGRESO_1,REVISAR,DESCONOCIDA,MEDIA,DUDA_METODOLOGICA,I162S2C87J4V2
61,Observaciones,OBSERVACIONES,Crear según matriz PROMEDIOSDEALUMNOS_7804.xlsx / hoja matriz; conciliado contra diccionario oferta 2026; no encontrado en listado existente INDICES por CODIGO_UNICO; campos sin fuente directa quedan con revisión específica.,REVISION,DESCONOCIDA,MEDIA,OBSERVACION_INSTITUCIONAL,I162S2C87J4V2
61,FECHA_ADMISION_INICIAL,FECHA_ADMISION_INICIAL,REVISAR_FECHA_ADMISION_INICIAL_SIN_FUENTE,REVISAR,DESCONOCIDA,MEDIA,DUDA_METODOLOGICA,I162S2C87J4V2
61,MALLA_CURRICULAR,MALLA_CURRICULAR,REVISAR_MALLA_CURRICULAR_SIN_FUENTE,REVISAR,DESCONOCIDA,MEDIA,DUDA_METODOLOGICA,I162S2C87J4V2
61,PERFIL_EGRESO,PERFIL_EGRESO,REVISAR_PERFIL_EGRESO_SIN_FUENTE,REVISAR,DESCONOCIDA,MEDIA,DUDA_METODOLOGICA,I162S2C87J4V2
61,TEXTO_REQUISITO_INGRESO,TEXTO_REQUISITO_INGRESO,REVISAR_TEXTO_REQUISITO_INGRESO_SIN_FUENTE,REVISAR,DESCONOCIDA,MEDIA,DUDA_METODOLOGICA,I162S2C87J4V2
61,LICENCIA_ENS_MEDIA,LICENCIA_ENS_MEDIA,REVISAR_LICENCIA_ENS_MEDIA_SIN_FUENTE,REVISAR,DESCONOCIDA,MEDIA,DUDA_METODOLOGICA,I162S2C87J4V2
61,NOTAS_ENS_MEDIA,NOTAS_ENS_MEDIA,REVISAR_NOTAS_ENS_MEDIA_SIN_FUENTE,REVISAR,DESCONOCIDA,MEDIA,DUDA_METODOLOGICA,I162S2C87J4V2
61,PROMEDIO_MIN_ENS_MEDIA,PROMEDIO_MIN_ENS_MEDIA,REVISAR_PROMEDIO_MIN_ENS_MEDIA_SIN_FUENTE,REVISAR,DESCONOCIDA,MEDIA,DUDA_METODOLOGICA,I162S2C87J4V2
61,RECONOCIMIENTOS_APREN_PREVIOS,RECONOCIMIENTOS_APREN_PREVIOS,REVISAR_RECONOCIMIENTOS_APREN_PREVIOS_SIN_FUENTE,REVISAR,DESCONOCIDA,MEDIA,DUDA_METODOLOGICA,I162S2C87J4V2
61,EXPERIENCIA_LABORAL,EXPERIENCIA_LABORAL,REVISAR_EXPERIENCIA_LABORAL_SIN_FUENTE,REVISAR,DESCONOCIDA,MEDIA,DUDA_METODOLOGICA,I162S2C87J4V2
61,OTROS_REQUISITOS,OTROS_REQUISITOS,REVISAR_OTROS_REQUISITOS_SIN_FUENTE,REVISAR,DESCONOCIDA,MEDIA,DUDA_METODOLOGICA,I162S2C87J4V2
61,MAIL_DIFUSION_CARRERA,MAIL_DIFUSION_CARRERA,REVISAR_MAIL_DIFUSION_CARRERA_SIN_FUENTE,REVISAR,DESCONOCIDA,MEDIA,DUDA_METODOLOGICA,I162S2C87J4V2
61,FORMATO_VALOR,FORMATO_VALOR,REVISAR_FORMATO_VALOR_SIN_FUENTE,REVISAR,DESCONOCIDA,MEDIA,DUDA_METODOLOGICA,I162S2C87J4V2
61,VALOR_MATRICULA_ANUAL,VALOR_MATRICULA_ANUAL,REVISAR_VALOR_MATRICULA_ANUAL_SIN_FUENTE,REVISAR,DESCONOCIDA,MEDIA,DUDA_METODOLOGICA,I162S2C87J4V2
61,COSTO_TITULACION,COSTO_TITULACION,REVISAR_COSTO_TITULACION_SIN_FUENTE,REVISAR,DESCONOCIDA,MEDIA,DUDA_METODOLOGICA,I162S2C87J4V2
61,VALOR_CERTIFICADO_DIPLOMA,VALOR_CERTIFICADO_DIPLOMA,REVISAR_VALOR_CERTIFICADO_DIPLOMA_SIN_FUENTE,REVISAR,DESCONOCIDA,MEDIA,DUDA_METODOLOGICA,I162S2C87J4V2
61,ARANCEL_ANUAL,ARANCEL_ANUAL,REVISAR_ARANCEL_ANUAL_SIN_FUENTE,REVISAR,DESCONOCIDA,MEDIA,DUDA_METODOLOGICA,I162S2C87J4V2
61,VIGENCIA_CARRERA,VIGENCIA_CARRERA,REVISAR_VIGENCIA_CARRERA_SIN_FUENTE_DIRECTA,REVISAR,OFICIAL_PROBABLE,ALTA,CAMPO_PENDIENTE_REAL,I162S2C87J4V2
61,CNED_ESTADO_AUDITORIA,CNED_ESTADO_AUDITORIA,REQUIERE_REVISION,REVISION,AUXILIAR_TECNICA,BAJA,MARCA_TECNICA_REMOVIBLE,I162S2C87J4V2
61,CNED_ALERTAS,CNED_ALERTAS,CONTIENE_MARCAS_TECNICAS_DE_REVISION,REVISION,AUXILIAR_TECNICA,BAJA,MARCA_TECNICA_REMOVIBLE,I162S2C87J4V2
61,CNED_PUEDE_SUBIR_PRELIMINAR,CNED_PUEDE_SUBIR_PRELIMINAR,REVISAR,REVISAR,AUXILIAR_TECNICA,BAJA,MARCA_TECNICA_REMOVIBLE,I162S2C87J4V2
62,Detalle del Tipo de Programa (especiales),DETALLE_DEL_TIPO_DE_PROGRAMA_ESPECIALES,REVISAR_DETALLE_PROGRAMA_ESPECIAL,REVISAR,DESCONOCIDA,MEDIA,DUDA_METODOLOGICA,I162S2C88J4V2
62,Área del Conocimiento,AREA_DEL_CONOCIMIENTO,REVISAR_AREA_CODIGO_4,REVISAR,DESCONOCIDA,MEDIA,DUDA_METODOLOGICA,I162S2C88J4V2
62,Sub Área,SUB_AREA,REVISAR_SUB_AREA_SIN_FUENTE_DIRECTA,REVISAR,DESCONOCIDA,MEDIA,DUDA_METODOLOGICA,I162S2C88J4V2
62,Carrera Genérica,CARRERA_GENERICA,REVISAR_CARRERA_GENERICA_SIN_FUENTE_DIRECTA,REVISAR,DESCONOCIDA,MEDIA,DUDA_METODOLOGICA,I162S2C88J4V2
62,Grado Académico que otorga el programa,GRADO_ACADEMICO_QUE_OTORGA_EL_PROGRAMA,REVISAR_GRADO_ACADEMICO_SIN_FUENTE_DIRECTA,REVISAR,DESCONOCIDA,MEDIA,DUDA_METODOLOGICA,I162S2C88J4V2
62,Dependencia,DEPENDENCIA,REVISAR_DEPENDENCIA_SIN_FUENTE_DIRECTA,REVISAR,DESCONOCIDA,MEDIA,DUDA_METODOLOGICA,I162S2C88J4V2
62,Régimen,REGIMEN,REVISAR_REGIMEN_CODIGO_1,REVISAR,OFICIAL_PROBABLE,ALTA,CAMPO_PENDIENTE_REAL,I162S2C88J4V2
62,Ingreso Directo,INGRESO_DIRECTO,REVISAR_INGRESO_DIRECTO_CODIGO_REQUISITO_INGRESO_2_SEMESTRES_RECONOCIDOS_4,REVISAR,DESCONOCIDA,MEDIA,DUDA_METODOLOGICA,I162S2C88J4V2
62,Otro Tipo de Ingreso,OTRO_TIPO_DE_INGRESO,REVISAR_OTRO_TIPO_INGRESO_CODIGO_REQUISITO_INGRESO_2_SEMESTRES_RECONOCIDOS_4,REVISAR,DESCONOCIDA,MEDIA,DUDA_METODOLOGICA,I162S2C88J4V2
62,Ingreso otro,INGRESO_OTRO,REVISAR_DESCRIPCION_OTRO_INGRESO_SIN_TEXTO_FUENTE,REVISAR,DESCONOCIDA,MEDIA,DUDA_METODOLOGICA,I162S2C88J4V2
62,Observaciones,OBSERVACIONES,Crear según matriz PROMEDIOSDEALUMNOS_7804.xlsx / hoja matriz; conciliado contra diccionario oferta 2026; no encontrado en listado existente INDICES por CODIGO_UNICO; campos sin fuente directa quedan con revisión específica.,REVISION,DESCONOCIDA,MEDIA,OBSERVACION_INSTITUCIONAL,I162S2C88J4V2
62,FECHA_ADMISION_INICIAL,FECHA_ADMISION_INICIAL,REVISAR_FECHA_ADMISION_INICIAL_SIN_FUENTE,REVISAR,DESCONOCIDA,MEDIA,DUDA_METODOLOGICA,I162S2C88J4V2
62,MALLA_CURRICULAR,MALLA_CURRICULAR,REVISAR_MALLA_CURRICULAR_SIN_FUENTE,REVISAR,DESCONOCIDA,MEDIA,DUDA_METODOLOGICA,I162S2C88J4V2
62,PERFIL_EGRESO,PERFIL_EGRESO,REVISAR_PERFIL_EGRESO_SIN_FUENTE,REVISAR,DESCONOCIDA,MEDIA,DUDA_METODOLOGICA,I162S2C88J4V2
62,TEXTO_REQUISITO_INGRESO,TEXTO_REQUISITO_INGRESO,REVISAR_TEXTO_REQUISITO_INGRESO_SIN_FUENTE,REVISAR,DESCONOCIDA,MEDIA,DUDA_METODOLOGICA,I162S2C88J4V2
62,LICENCIA_ENS_MEDIA,LICENCIA_ENS_MEDIA,REVISAR_LICENCIA_ENS_MEDIA_SIN_FUENTE,REVISAR,DESCONOCIDA,MEDIA,DUDA_METODOLOGICA,I162S2C88J4V2
62,NOTAS_ENS_MEDIA,NOTAS_ENS_MEDIA,REVISAR_NOTAS_ENS_MEDIA_SIN_FUENTE,REVISAR,DESCONOCIDA,MEDIA,DUDA_METODOLOGICA,I162S2C88J4V2
62,PROMEDIO_MIN_ENS_MEDIA,PROMEDIO_MIN_ENS_MEDIA,REVISAR_PROMEDIO_MIN_ENS_MEDIA_SIN_FUENTE,REVISAR,DESCONOCIDA,MEDIA,DUDA_METODOLOGICA,I162S2C88J4V2
62,RECONOCIMIENTOS_APREN_PREVIOS,RECONOCIMIENTOS_APREN_PREVIOS,REVISAR_RECONOCIMIENTOS_APREN_PREVIOS_SIN_FUENTE,REVISAR,DESCONOCIDA,MEDIA,DUDA_METODOLOGICA,I162S2C88J4V2
62,EXPERIENCIA_LABORAL,EXPERIENCIA_LABORAL,REVISAR_EXPERIENCIA_LABORAL_SIN_FUENTE,REVISAR,DESCONOCIDA,MEDIA,DUDA_METODOLOGICA,I162S2C88J4V2
62,OTROS_REQUISITOS,OTROS_REQUISITOS,REVISAR_OTROS_REQUISITOS_SIN_FUENTE,REVISAR,DESCONOCIDA,MEDIA,DUDA_METODOLOGICA,I162S2C88J4V2
62,MAIL_DIFUSION_CARRERA,MAIL_DIFUSION_CARRERA,REVISAR_MAIL_DIFUSION_CARRERA_SIN_FUENTE,REVISAR,DESCONOCIDA,MEDIA,DUDA_METODOLOGICA,I162S2C88J4V2
62,FORMATO_VALOR,FORMATO_VALOR,REVISAR_FORMATO_VALOR_SIN_FUENTE,REVISAR,DESCONOCIDA,MEDIA,DUDA_METODOLOGICA,I162S2C88J4V2
62,VALOR_MATRICULA_ANUAL,VALOR_MATRICULA_ANUAL,REVISAR_VALOR_MATRICULA_ANUAL_SIN_FUENTE,REVISAR,DESCONOCIDA,MEDIA,DUDA_METODOLOGICA,I162S2C88J4V2
62,COSTO_TITULACION,COSTO_TITULACION,REVISAR_COSTO_TITULACION_SIN_FUENTE,REVISAR,DESCONOCIDA,MEDIA,DUDA_METODOLOGICA,I162S2C88J4V2
62,VALOR_CERTIFICADO_DIPLOMA,VALOR_CERTIFICADO_DIPLOMA,REVISAR_VALOR_CERTIFICADO_DIPLOMA_SIN_FUENTE,REVISAR,DESCONOCIDA,MEDIA,DUDA_METODOLOGICA,I162S2C88J4V2
62,ARANCEL_ANUAL,ARANCEL_ANUAL,REVISAR_ARANCEL_ANUAL_SIN_FUENTE,REVISAR,DESCONOCIDA,MEDIA,DUDA_METODOLOGICA,I162S2C88J4V2
62,VIGENCIA_CARRERA,VIGENCIA_CARRERA,REVISAR_VIGENCIA_CARRERA_SIN_FUENTE_DIRECTA,REVISAR,OFICIAL_PROBABLE,ALTA,CAMPO_PENDIENTE_REAL,I162S2C88J4V2
62,CNED_ESTADO_AUDITORIA,CNED_ESTADO_AUDITORIA,REQUIERE_REVISION,REVISION,AUXILIAR_TECNICA,BAJA,MARCA_TECNICA_REMOVIBLE,I162S2C88J4V2
62,CNED_ALERTAS,CNED_ALERTAS,CONTIENE_MARCAS_TECNICAS_DE_REVISION,REVISION,AUXILIAR_TECNICA,BAJA,MARCA_TECNICA_REMOVIBLE,I162S2C88J4V2
62,CNED_PUEDE_SUBIR_PRELIMINAR,CNED_PUEDE_SUBIR_PRELIMINAR,REVISAR,REVISAR,AUXILIAR_TECNICA,BAJA,MARCA_TECNICA_REMOVIBLE,I162S2C88J4V2
63,Detalle del Tipo de Programa (especiales),DETALLE_DEL_TIPO_DE_PROGRAMA_ESPECIALES,REVISAR_DETALLE_PROGRAMA_ESPECIAL,REVISAR,DESCONOCIDA,MEDIA,DUDA_METODOLOGICA,I162S2C90J2V1
63,Área del Conocimiento,AREA_DEL_CONOCIMIENTO,REVISAR_AREA_CODIGO_8,REVISAR,DESCONOCIDA,MEDIA,DUDA_METODOLOGICA,I162S2C90J2V1
63,Sub Área,SUB_AREA,REVISAR_SUB_AREA_SIN_FUENTE_DIRECTA,REVISAR,DESCONOCIDA,MEDIA,DUDA_METODOLOGICA,I162S2C90J2V1
63,Carrera Genérica,CARRERA_GENERICA,REVISAR_CARRERA_GENERICA_SIN_FUENTE_DIRECTA,REVISAR,DESCONOCIDA,MEDIA,DUDA_METODOLOGICA,I162S2C90J2V1
63,Grado Académico que otorga el programa,GRADO_ACADEMICO_QUE_OTORGA_EL_PROGRAMA,REVISAR_GRADO_ACADEMICO_SIN_FUENTE_DIRECTA,REVISAR,DESCONOCIDA,MEDIA,DUDA_METODOLOGICA,I162S2C90J2V1
63,Dependencia,DEPENDENCIA,REVISAR_DEPENDENCIA_SIN_FUENTE_DIRECTA,REVISAR,DESCONOCIDA,MEDIA,DUDA_METODOLOGICA,I162S2C90J2V1
63,Régimen,REGIMEN,REVISAR_REGIMEN_CODIGO_1,REVISAR,OFICIAL_PROBABLE,ALTA,CAMPO_PENDIENTE_REAL,I162S2C90J2V1
63,Ingreso Directo,INGRESO_DIRECTO,REVISAR_INGRESO_DIRECTO_CODIGO_REQUISITO_INGRESO_2_SEMESTRES_RECONOCIDOS_5,REVISAR,DESCONOCIDA,MEDIA,DUDA_METODOLOGICA,I162S2C90J2V1
63,Otro Tipo de Ingreso,OTRO_TIPO_DE_INGRESO,REVISAR_OTRO_TIPO_INGRESO_CODIGO_REQUISITO_INGRESO_2_SEMESTRES_RECONOCIDOS_5,REVISAR,DESCONOCIDA,MEDIA,DUDA_METODOLOGICA,I162S2C90J2V1
63,Ingreso otro,INGRESO_OTRO,REVISAR_DESCRIPCION_OTRO_INGRESO_SIN_TEXTO_FUENTE,REVISAR,DESCONOCIDA,MEDIA,DUDA_METODOLOGICA,I162S2C90J2V1
63,Observaciones,OBSERVACIONES,Crear según matriz PROMEDIOSDEALUMNOS_7804.xlsx / hoja matriz; conciliado contra diccionario oferta 2026; no encontrado en listado existente INDICES por CODIGO_UNICO; campos sin fuente directa quedan con revisión específica.,REVISION,DESCONOCIDA,MEDIA,OBSERVACION_INSTITUCIONAL,I162S2C90J2V1
63,FECHA_ADMISION_INICIAL,FECHA_ADMISION_INICIAL,REVISAR_FECHA_ADMISION_INICIAL_SIN_FUENTE,REVISAR,DESCONOCIDA,MEDIA,DUDA_METODOLOGICA,I162S2C90J2V1
63,MALLA_CURRICULAR,MALLA_CURRICULAR,REVISAR_MALLA_CURRICULAR_SIN_FUENTE,REVISAR,DESCONOCIDA,MEDIA,DUDA_METODOLOGICA,I162S2C90J2V1
63,PERFIL_EGRESO,PERFIL_EGRESO,REVISAR_PERFIL_EGRESO_SIN_FUENTE,REVISAR,DESCONOCIDA,MEDIA,DUDA_METODOLOGICA,I162S2C90J2V1
63,TEXTO_REQUISITO_INGRESO,TEXTO_REQUISITO_INGRESO,REVISAR_TEXTO_REQUISITO_INGRESO_SIN_FUENTE,REVISAR,DESCONOCIDA,MEDIA,DUDA_METODOLOGICA,I162S2C90J2V1
63,LICENCIA_ENS_MEDIA,LICENCIA_ENS_MEDIA,REVISAR_LICENCIA_ENS_MEDIA_SIN_FUENTE,REVISAR,DESCONOCIDA,MEDIA,DUDA_METODOLOGICA,I162S2C90J2V1
63,NOTAS_ENS_MEDIA,NOTAS_ENS_MEDIA,REVISAR_NOTAS_ENS_MEDIA_SIN_FUENTE,REVISAR,DESCONOCIDA,MEDIA,DUDA_METODOLOGICA,I162S2C90J2V1
63,PROMEDIO_MIN_ENS_MEDIA,PROMEDIO_MIN_ENS_MEDIA,REVISAR_PROMEDIO_MIN_ENS_MEDIA_SIN_FUENTE,REVISAR,DESCONOCIDA,MEDIA,DUDA_METODOLOGICA,I162S2C90J2V1
63,RECONOCIMIENTOS_APREN_PREVIOS,RECONOCIMIENTOS_APREN_PREVIOS,REVISAR_RECONOCIMIENTOS_APREN_PREVIOS_SIN_FUENTE,REVISAR,DESCONOCIDA,MEDIA,DUDA_METODOLOGICA,I162S2C90J2V1
63,EXPERIENCIA_LABORAL,EXPERIENCIA_LABORAL,REVISAR_EXPERIENCIA_LABORAL_SIN_FUENTE,REVISAR,DESCONOCIDA,MEDIA,DUDA_METODOLOGICA,I162S2C90J2V1
63,OTROS_REQUISITOS,OTROS_REQUISITOS,REVISAR_OTROS_REQUISITOS_SIN_FUENTE,REVISAR,DESCONOCIDA,MEDIA,DUDA_METODOLOGICA,I162S2C90J2V1
63,MAIL_DIFUSION_CARRERA,MAIL_DIFUSION_CARRERA,REVISAR_MAIL_DIFUSION_CARRERA_SIN_FUENTE,REVISAR,DESCONOCIDA,MEDIA,DUDA_METODOLOGICA,I162S2C90J2V1
63,FORMATO_VALOR,FORMATO_VALOR,REVISAR_FORMATO_VALOR_SIN_FUENTE,REVISAR,DESCONOCIDA,MEDIA,DUDA_METODOLOGICA,I162S2C90J2V1
63,VALOR_MATRICULA_ANUAL,VALOR_MATRICULA_ANUAL,REVISAR_VALOR_MATRICULA_ANUAL_SIN_FUENTE,REVISAR,DESCONOCIDA,MEDIA,DUDA_METODOLOGICA,I162S2C90J2V1
63,COSTO_TITULACION,COSTO_TITULACION,REVISAR_COSTO_TITULACION_SIN_FUENTE,REVISAR,DESCONOCIDA,MEDIA,DUDA_METODOLOGICA,I162S2C90J2V1
63,VALOR_CERTIFICADO_DIPLOMA,VALOR_CERTIFICADO_DIPLOMA,REVISAR_VALOR_CERTIFICADO_DIPLOMA_SIN_FUENTE,REVISAR,DESCONOCIDA,MEDIA,DUDA_METODOLOGICA,I162S2C90J2V1
63,ARANCEL_ANUAL,ARANCEL_ANUAL,REVISAR_ARANCEL_ANUAL_SIN_FUENTE,REVISAR,DESCONOCIDA,MEDIA,DUDA_METODOLOGICA,I162S2C90J2V1
63,VIGENCIA_CARRERA,VIGENCIA_CARRERA,REVISAR_VIGENCIA_CARRERA_SIN_FUENTE_DIRECTA,REVISAR,OFICIAL_PROBABLE,ALTA,CAMPO_PENDIENTE_REAL,I162S2C90J2V1
63,CNED_ESTADO_AUDITORIA,CNED_ESTADO_AUDITORIA,REQUIERE_REVISION,REVISION,AUXILIAR_TECNICA,BAJA,MARCA_TECNICA_REMOVIBLE,I162S2C90J2V1
63,CNED_ALERTAS,CNED_ALERTAS,CONTIENE_MARCAS_TECNICAS_DE_REVISION,REVISION,AUXILIAR_TECNICA,BAJA,MARCA_TECNICA_REMOVIBLE,I162S2C90J2V1
63,CNED_PUEDE_SUBIR_PRELIMINAR,CNED_PUEDE_SUBIR_PRELIMINAR,REVISAR,REVISAR,AUXILIAR_TECNICA,BAJA,MARCA_TECNICA_REMOVIBLE,I162S2C90J2V1
64,Área del Conocimiento,AREA_DEL_CONOCIMIENTO,REVISAR_AREA_CODIGO_8,REVISAR,DESCONOCIDA,MEDIA,DUDA_METODOLOGICA,I162S2C90J2V2
64,Sub Área,SUB_AREA,REVISAR_SUB_AREA_SIN_FUENTE_DIRECTA,REVISAR,DESCONOCIDA,MEDIA,DUDA_METODOLOGICA,I162S2C90J2V2
64,Carrera Genérica,CARRERA_GENERICA,REVISAR_CARRERA_GENERICA_SIN_FUENTE_DIRECTA,REVISAR,DESCONOCIDA,MEDIA,DUDA_METODOLOGICA,I162S2C90J2V2
64,Grado Académico que otorga el programa,GRADO_ACADEMICO_QUE_OTORGA_EL_PROGRAMA,REVISAR_GRADO_ACADEMICO_SIN_FUENTE_DIRECTA,REVISAR,DESCONOCIDA,MEDIA,DUDA_METODOLOGICA,I162S2C90J2V2
64,Dependencia,DEPENDENCIA,REVISAR_DEPENDENCIA_SIN_FUENTE_DIRECTA,REVISAR,DESCONOCIDA,MEDIA,DUDA_METODOLOGICA,I162S2C90J2V2
64,Régimen,REGIMEN,REVISAR_REGIMEN_CODIGO_2,REVISAR,OFICIAL_PROBABLE,ALTA,CAMPO_PENDIENTE_REAL,I162S2C90J2V2
64,Ingreso Directo,INGRESO_DIRECTO,REVISAR_INGRESO_DIRECTO_CODIGO_REQUISITO_INGRESO_1,REVISAR,DESCONOCIDA,MEDIA,DUDA_METODOLOGICA,I162S2C90J2V2
64,Observaciones,OBSERVACIONES,Crear según matriz PROMEDIOSDEALUMNOS_7804.xlsx / hoja matriz; conciliado contra diccionario oferta 2026; no encontrado en listado existente INDICES por CODIGO_UNICO; campos sin fuente directa quedan con revisión específica.,REVISION,DESCONOCIDA,MEDIA,OBSERVACION_INSTITUCIONAL,I162S2C90J2V2
64,FECHA_ADMISION_INICIAL,FECHA_ADMISION_INICIAL,REVISAR_FECHA_ADMISION_INICIAL_SIN_FUENTE,REVISAR,DESCONOCIDA,MEDIA,DUDA_METODOLOGICA,I162S2C90J2V2
64,MALLA_CURRICULAR,MALLA_CURRICULAR,REVISAR_MALLA_CURRICULAR_SIN_FUENTE,REVISAR,DESCONOCIDA,MEDIA,DUDA_METODOLOGICA,I162S2C90J2V2
64,PERFIL_EGRESO,PERFIL_EGRESO,REVISAR_PERFIL_EGRESO_SIN_FUENTE,REVISAR,DESCONOCIDA,MEDIA,DUDA_METODOLOGICA,I162S2C90J2V2
64,TEXTO_REQUISITO_INGRESO,TEXTO_REQUISITO_INGRESO,REVISAR_TEXTO_REQUISITO_INGRESO_SIN_FUENTE,REVISAR,DESCONOCIDA,MEDIA,DUDA_METODOLOGICA,I162S2C90J2V2
64,LICENCIA_ENS_MEDIA,LICENCIA_ENS_MEDIA,REVISAR_LICENCIA_ENS_MEDIA_SIN_FUENTE,REVISAR,DESCONOCIDA,MEDIA,DUDA_METODOLOGICA,I162S2C90J2V2
64,NOTAS_ENS_MEDIA,NOTAS_ENS_MEDIA,REVISAR_NOTAS_ENS_MEDIA_SIN_FUENTE,REVISAR,DESCONOCIDA,MEDIA,DUDA_METODOLOGICA,I162S2C90J2V2
64,PROMEDIO_MIN_ENS_MEDIA,PROMEDIO_MIN_ENS_MEDIA,REVISAR_PROMEDIO_MIN_ENS_MEDIA_SIN_FUENTE,REVISAR,DESCONOCIDA,MEDIA,DUDA_METODOLOGICA,I162S2C90J2V2
64,RECONOCIMIENTOS_APREN_PREVIOS,RECONOCIMIENTOS_APREN_PREVIOS,REVISAR_RECONOCIMIENTOS_APREN_PREVIOS_SIN_FUENTE,REVISAR,DESCONOCIDA,MEDIA,DUDA_METODOLOGICA,I162S2C90J2V2
64,EXPERIENCIA_LABORAL,EXPERIENCIA_LABORAL,REVISAR_EXPERIENCIA_LABORAL_SIN_FUENTE,REVISAR,DESCONOCIDA,MEDIA,DUDA_METODOLOGICA,I162S2C90J2V2
64,OTROS_REQUISITOS,OTROS_REQUISITOS,REVISAR_OTROS_REQUISITOS_SIN_FUENTE,REVISAR,DESCONOCIDA,MEDIA,DUDA_METODOLOGICA,I162S2C90J2V2
64,MAIL_DIFUSION_CARRERA,MAIL_DIFUSION_CARRERA,REVISAR_MAIL_DIFUSION_CARRERA_SIN_FUENTE,REVISAR,DESCONOCIDA,MEDIA,DUDA_METODOLOGICA,I162S2C90J2V2
64,FORMATO_VALOR,FORMATO_VALOR,REVISAR_FORMATO_VALOR_SIN_FUENTE,REVISAR,DESCONOCIDA,MEDIA,DUDA_METODOLOGICA,I162S2C90J2V2
64,VALOR_MATRICULA_ANUAL,VALOR_MATRICULA_ANUAL,REVISAR_VALOR_MATRICULA_ANUAL_SIN_FUENTE,REVISAR,DESCONOCIDA,MEDIA,DUDA_METODOLOGICA,I162S2C90J2V2
64,COSTO_TITULACION,COSTO_TITULACION,REVISAR_COSTO_TITULACION_SIN_FUENTE,REVISAR,DESCONOCIDA,MEDIA,DUDA_METODOLOGICA,I162S2C90J2V2
64,VALOR_CERTIFICADO_DIPLOMA,VALOR_CERTIFICADO_DIPLOMA,REVISAR_VALOR_CERTIFICADO_DIPLOMA_SIN_FUENTE,REVISAR,DESCONOCIDA,MEDIA,DUDA_METODOLOGICA,I162S2C90J2V2
64,ARANCEL_ANUAL,ARANCEL_ANUAL,REVISAR_ARANCEL_ANUAL_SIN_FUENTE,REVISAR,DESCONOCIDA,MEDIA,DUDA_METODOLOGICA,I162S2C90J2V2
64,VIGENCIA_CARRERA,VIGENCIA_CARRERA,REVISAR_VIGENCIA_CARRERA_SIN_FUENTE_DIRECTA,REVISAR,OFICIAL_PROBABLE,ALTA,CAMPO_PENDIENTE_REAL,I162S2C90J2V2
64,CNED_ESTADO_AUDITORIA,CNED_ESTADO_AUDITORIA,REQUIERE_REVISION,REVISION,AUXILIAR_TECNICA,BAJA,MARCA_TECNICA_REMOVIBLE,I162S2C90J2V2
64,CNED_ALERTAS,CNED_ALERTAS,CONTIENE_MARCAS_TECNICAS_DE_REVISION,REVISION,AUXILIAR_TECNICA,BAJA,MARCA_TECNICA_REMOVIBLE,I162S2C90J2V2
64,CNED_PUEDE_SUBIR_PRELIMINAR,CNED_PUEDE_SUBIR_PRELIMINAR,REVISAR,REVISAR,AUXILIAR_TECNICA,BAJA,MARCA_TECNICA_REMOVIBLE,I162S2C90J2V2
65,Área del Conocimiento,AREA_DEL_CONOCIMIENTO,REVISAR_AREA_CODIGO_10,REVISAR,DESCONOCIDA,MEDIA,DUDA_METODOLOGICA,I162S2C95J4V1
65,Sub Área,SUB_AREA,REVISAR_SUB_AREA_SIN_FUENTE_DIRECTA,REVISAR,DESCONOCIDA,MEDIA,DUDA_METODOLOGICA,I162S2C95J4V1
65,Carrera Genérica,CARRERA_GENERICA,REVISAR_CARRERA_GENERICA_SIN_FUENTE_DIRECTA,REVISAR,DESCONOCIDA,MEDIA,DUDA_METODOLOGICA,I162S2C95J4V1
65,Grado Académico que otorga el programa,GRADO_ACADEMICO_QUE_OTORGA_EL_PROGRAMA,REVISAR_GRADO_ACADEMICO_SIN_FUENTE_DIRECTA,REVISAR,DESCONOCIDA,MEDIA,DUDA_METODOLOGICA,I162S2C95J4V1
65,Dependencia,DEPENDENCIA,REVISAR_DEPENDENCIA_SIN_FUENTE_DIRECTA,REVISAR,DESCONOCIDA,MEDIA,DUDA_METODOLOGICA,I162S2C95J4V1
65,Régimen,REGIMEN,REVISAR_REGIMEN_CODIGO_1,REVISAR,OFICIAL_PROBABLE,ALTA,CAMPO_PENDIENTE_REAL,I162S2C95J4V1
65,Ingreso Directo,INGRESO_DIRECTO,REVISAR_INGRESO_DIRECTO_CODIGO_REQUISITO_INGRESO_2,REVISAR,DESCONOCIDA,MEDIA,DUDA_METODOLOGICA,I162S2C95J4V1
65,Otro Tipo de Ingreso,OTRO_TIPO_DE_INGRESO,REVISAR_OTRO_TIPO_INGRESO_CODIGO_REQUISITO_INGRESO_2,REVISAR,DESCONOCIDA,MEDIA,DUDA_METODOLOGICA,I162S2C95J4V1
65,Ingreso otro,INGRESO_OTRO,REVISAR_DESCRIPCION_OTRO_INGRESO_SIN_TEXTO_FUENTE,REVISAR,DESCONOCIDA,MEDIA,DUDA_METODOLOGICA,I162S2C95J4V1
65,Observaciones,OBSERVACIONES,Crear según matriz PROMEDIOSDEALUMNOS_7804.xlsx / hoja matriz; conciliado contra diccionario oferta 2026; no encontrado en listado existente INDICES por CODIGO_UNICO; campos sin fuente directa quedan con revisión específica.,REVISION,DESCONOCIDA,MEDIA,OBSERVACION_INSTITUCIONAL,I162S2C95J4V1
65,FECHA_ADMISION_INICIAL,FECHA_ADMISION_INICIAL,REVISAR_FECHA_ADMISION_INICIAL_SIN_FUENTE,REVISAR,DESCONOCIDA,MEDIA,DUDA_METODOLOGICA,I162S2C95J4V1
65,MALLA_CURRICULAR,MALLA_CURRICULAR,REVISAR_MALLA_CURRICULAR_SIN_FUENTE,REVISAR,DESCONOCIDA,MEDIA,DUDA_METODOLOGICA,I162S2C95J4V1
65,PERFIL_EGRESO,PERFIL_EGRESO,REVISAR_PERFIL_EGRESO_SIN_FUENTE,REVISAR,DESCONOCIDA,MEDIA,DUDA_METODOLOGICA,I162S2C95J4V1
65,TEXTO_REQUISITO_INGRESO,TEXTO_REQUISITO_INGRESO,REVISAR_TEXTO_REQUISITO_INGRESO_SIN_FUENTE,REVISAR,DESCONOCIDA,MEDIA,DUDA_METODOLOGICA,I162S2C95J4V1
65,LICENCIA_ENS_MEDIA,LICENCIA_ENS_MEDIA,REVISAR_LICENCIA_ENS_MEDIA_SIN_FUENTE,REVISAR,DESCONOCIDA,MEDIA,DUDA_METODOLOGICA,I162S2C95J4V1
65,NOTAS_ENS_MEDIA,NOTAS_ENS_MEDIA,REVISAR_NOTAS_ENS_MEDIA_SIN_FUENTE,REVISAR,DESCONOCIDA,MEDIA,DUDA_METODOLOGICA,I162S2C95J4V1
65,PROMEDIO_MIN_ENS_MEDIA,PROMEDIO_MIN_ENS_MEDIA,REVISAR_PROMEDIO_MIN_ENS_MEDIA_SIN_FUENTE,REVISAR,DESCONOCIDA,MEDIA,DUDA_METODOLOGICA,I162S2C95J4V1
65,RECONOCIMIENTOS_APREN_PREVIOS,RECONOCIMIENTOS_APREN_PREVIOS,REVISAR_RECONOCIMIENTOS_APREN_PREVIOS_SIN_FUENTE,REVISAR,DESCONOCIDA,MEDIA,DUDA_METODOLOGICA,I162S2C95J4V1
65,EXPERIENCIA_LABORAL,EXPERIENCIA_LABORAL,REVISAR_EXPERIENCIA_LABORAL_SIN_FUENTE,REVISAR,DESCONOCIDA,MEDIA,DUDA_METODOLOGICA,I162S2C95J4V1
65,OTROS_REQUISITOS,OTROS_REQUISITOS,REVISAR_OTROS_REQUISITOS_SIN_FUENTE,REVISAR,DESCONOCIDA,MEDIA,DUDA_METODOLOGICA,I162S2C95J4V1
65,MAIL_DIFUSION_CARRERA,MAIL_DIFUSION_CARRERA,REVISAR_MAIL_DIFUSION_CARRERA_SIN_FUENTE,REVISAR,DESCONOCIDA,MEDIA,DUDA_METODOLOGICA,I162S2C95J4V1
65,FORMATO_VALOR,FORMATO_VALOR,REVISAR_FORMATO_VALOR_SIN_FUENTE,REVISAR,DESCONOCIDA,MEDIA,DUDA_METODOLOGICA,I162S2C95J4V1
65,VALOR_MATRICULA_ANUAL,VALOR_MATRICULA_ANUAL,REVISAR_VALOR_MATRICULA_ANUAL_SIN_FUENTE,REVISAR,DESCONOCIDA,MEDIA,DUDA_METODOLOGICA,I162S2C95J4V1
65,COSTO_TITULACION,COSTO_TITULACION,REVISAR_COSTO_TITULACION_SIN_FUENTE,REVISAR,DESCONOCIDA,MEDIA,DUDA_METODOLOGICA,I162S2C95J4V1
65,VALOR_CERTIFICADO_DIPLOMA,VALOR_CERTIFICADO_DIPLOMA,REVISAR_VALOR_CERTIFICADO_DIPLOMA_SIN_FUENTE,REVISAR,DESCONOCIDA,MEDIA,DUDA_METODOLOGICA,I162S2C95J4V1
65,ARANCEL_ANUAL,ARANCEL_ANUAL,REVISAR_ARANCEL_ANUAL_SIN_FUENTE,REVISAR,DESCONOCIDA,MEDIA,DUDA_METODOLOGICA,I162S2C95J4V1
65,VIGENCIA_CARRERA,VIGENCIA_CARRERA,REVISAR_VIGENCIA_CARRERA_SIN_FUENTE_DIRECTA,REVISAR,OFICIAL_PROBABLE,ALTA,CAMPO_PENDIENTE_REAL,I162S2C95J4V1
65,CNED_ESTADO_AUDITORIA,CNED_ESTADO_AUDITORIA,REQUIERE_REVISION,REVISION,AUXILIAR_TECNICA,BAJA,MARCA_TECNICA_REMOVIBLE,I162S2C95J4V1
65,CNED_ALERTAS,CNED_ALERTAS,CONTIENE_MARCAS_TECNICAS_DE_REVISION,REVISION,AUXILIAR_TECNICA,BAJA,MARCA_TECNICA_REMOVIBLE,I162S2C95J4V1
65,CNED_PUEDE_SUBIR_PRELIMINAR,CNED_PUEDE_SUBIR_PRELIMINAR,REVISAR,REVISAR,AUXILIAR_TECNICA,BAJA,MARCA_TECNICA_REMOVIBLE,I162S2C95J4V1
66,Área del Conocimiento,AREA_DEL_CONOCIMIENTO,REVISAR_AREA_CODIGO_4,REVISAR,DESCONOCIDA,MEDIA,DUDA_METODOLOGICA,I162S2C96J4V1
66,Sub Área,SUB_AREA,REVISAR_SUB_AREA_SIN_FUENTE_DIRECTA,REVISAR,DESCONOCIDA,MEDIA,DUDA_METODOLOGICA,I162S2C96J4V1
66,Carrera Genérica,CARRERA_GENERICA,REVISAR_CARRERA_GENERICA_SIN_FUENTE_DIRECTA,REVISAR,DESCONOCIDA,MEDIA,DUDA_METODOLOGICA,I162S2C96J4V1
66,Grado Académico que otorga el programa,GRADO_ACADEMICO_QUE_OTORGA_EL_PROGRAMA,REVISAR_GRADO_ACADEMICO_SIN_FUENTE_DIRECTA,REVISAR,DESCONOCIDA,MEDIA,DUDA_METODOLOGICA,I162S2C96J4V1
66,Dependencia,DEPENDENCIA,REVISAR_DEPENDENCIA_SIN_FUENTE_DIRECTA,REVISAR,DESCONOCIDA,MEDIA,DUDA_METODOLOGICA,I162S2C96J4V1
66,Régimen,REGIMEN,REVISAR_REGIMEN_CODIGO_1,REVISAR,OFICIAL_PROBABLE,ALTA,CAMPO_PENDIENTE_REAL,I162S2C96J4V1
66,Ingreso Directo,INGRESO_DIRECTO,REVISAR_INGRESO_DIRECTO_CODIGO_REQUISITO_INGRESO_2,REVISAR,DESCONOCIDA,MEDIA,DUDA_METODOLOGICA,I162S2C96J4V1
66,Otro Tipo de Ingreso,OTRO_TIPO_DE_INGRESO,REVISAR_OTRO_TIPO_INGRESO_CODIGO_REQUISITO_INGRESO_2,REVISAR,DESCONOCIDA,MEDIA,DUDA_METODOLOGICA,I162S2C96J4V1
66,Ingreso otro,INGRESO_OTRO,REVISAR_DESCRIPCION_OTRO_INGRESO_SIN_TEXTO_FUENTE,REVISAR,DESCONOCIDA,MEDIA,DUDA_METODOLOGICA,I162S2C96J4V1
66,Observaciones,OBSERVACIONES,Crear según matriz PROMEDIOSDEALUMNOS_7804.xlsx / hoja matriz; conciliado contra diccionario oferta 2026; no encontrado en listado existente INDICES por CODIGO_UNICO; campos sin fuente directa quedan con revisión específica.,REVISION,DESCONOCIDA,MEDIA,OBSERVACION_INSTITUCIONAL,I162S2C96J4V1
66,FECHA_ADMISION_INICIAL,FECHA_ADMISION_INICIAL,REVISAR_FECHA_ADMISION_INICIAL_SIN_FUENTE,REVISAR,DESCONOCIDA,MEDIA,DUDA_METODOLOGICA,I162S2C96J4V1
66,MALLA_CURRICULAR,MALLA_CURRICULAR,REVISAR_MALLA_CURRICULAR_SIN_FUENTE,REVISAR,DESCONOCIDA,MEDIA,DUDA_METODOLOGICA,I162S2C96J4V1
66,PERFIL_EGRESO,PERFIL_EGRESO,REVISAR_PERFIL_EGRESO_SIN_FUENTE,REVISAR,DESCONOCIDA,MEDIA,DUDA_METODOLOGICA,I162S2C96J4V1
66,TEXTO_REQUISITO_INGRESO,TEXTO_REQUISITO_INGRESO,REVISAR_TEXTO_REQUISITO_INGRESO_SIN_FUENTE,REVISAR,DESCONOCIDA,MEDIA,DUDA_METODOLOGICA,I162S2C96J4V1
66,LICENCIA_ENS_MEDIA,LICENCIA_ENS_MEDIA,REVISAR_LICENCIA_ENS_MEDIA_SIN_FUENTE,REVISAR,DESCONOCIDA,MEDIA,DUDA_METODOLOGICA,I162S2C96J4V1
66,NOTAS_ENS_MEDIA,NOTAS_ENS_MEDIA,REVISAR_NOTAS_ENS_MEDIA_SIN_FUENTE,REVISAR,DESCONOCIDA,MEDIA,DUDA_METODOLOGICA,I162S2C96J4V1
66,PROMEDIO_MIN_ENS_MEDIA,PROMEDIO_MIN_ENS_MEDIA,REVISAR_PROMEDIO_MIN_ENS_MEDIA_SIN_FUENTE,REVISAR,DESCONOCIDA,MEDIA,DUDA_METODOLOGICA,I162S2C96J4V1
66,RECONOCIMIENTOS_APREN_PREVIOS,RECONOCIMIENTOS_APREN_PREVIOS,REVISAR_RECONOCIMIENTOS_APREN_PREVIOS_SIN_FUENTE,REVISAR,DESCONOCIDA,MEDIA,DUDA_METODOLOGICA,I162S2C96J4V1
66,EXPERIENCIA_LABORAL,EXPERIENCIA_LABORAL,REVISAR_EXPERIENCIA_LABORAL_SIN_FUENTE,REVISAR,DESCONOCIDA,MEDIA,DUDA_METODOLOGICA,I162S2C96J4V1
66,OTROS_REQUISITOS,OTROS_REQUISITOS,REVISAR_OTROS_REQUISITOS_SIN_FUENTE,REVISAR,DESCONOCIDA,MEDIA,DUDA_METODOLOGICA,I162S2C96J4V1
66,MAIL_DIFUSION_CARRERA,MAIL_DIFUSION_CARRERA,REVISAR_MAIL_DIFUSION_CARRERA_SIN_FUENTE,REVISAR,DESCONOCIDA,MEDIA,DUDA_METODOLOGICA,I162S2C96J4V1
66,FORMATO_VALOR,FORMATO_VALOR,REVISAR_FORMATO_VALOR_SIN_FUENTE,REVISAR,DESCONOCIDA,MEDIA,DUDA_METODOLOGICA,I162S2C96J4V1
66,VALOR_MATRICULA_ANUAL,VALOR_MATRICULA_ANUAL,REVISAR_VALOR_MATRICULA_ANUAL_SIN_FUENTE,REVISAR,DESCONOCIDA,MEDIA,DUDA_METODOLOGICA,I162S2C96J4V1
66,COSTO_TITULACION,COSTO_TITULACION,REVISAR_COSTO_TITULACION_SIN_FUENTE,REVISAR,DESCONOCIDA,MEDIA,DUDA_METODOLOGICA,I162S2C96J4V1
66,VALOR_CERTIFICADO_DIPLOMA,VALOR_CERTIFICADO_DIPLOMA,REVISAR_VALOR_CERTIFICADO_DIPLOMA_SIN_FUENTE,REVISAR,DESCONOCIDA,MEDIA,DUDA_METODOLOGICA,I162S2C96J4V1
66,ARANCEL_ANUAL,ARANCEL_ANUAL,REVISAR_ARANCEL_ANUAL_SIN_FUENTE,REVISAR,DESCONOCIDA,MEDIA,DUDA_METODOLOGICA,I162S2C96J4V1
66,VIGENCIA_CARRERA,VIGENCIA_CARRERA,REVISAR_VIGENCIA_CARRERA_SIN_FUENTE_DIRECTA,REVISAR,OFICIAL_PROBABLE,ALTA,CAMPO_PENDIENTE_REAL,I162S2C96J4V1
66,CNED_ESTADO_AUDITORIA,CNED_ESTADO_AUDITORIA,REQUIERE_REVISION,REVISION,AUXILIAR_TECNICA,BAJA,MARCA_TECNICA_REMOVIBLE,I162S2C96J4V1
66,CNED_ALERTAS,CNED_ALERTAS,CONTIENE_MARCAS_TECNICAS_DE_REVISION,REVISION,AUXILIAR_TECNICA,BAJA,MARCA_TECNICA_REMOVIBLE,I162S2C96J4V1
66,CNED_PUEDE_SUBIR_PRELIMINAR,CNED_PUEDE_SUBIR_PRELIMINAR,REVISAR,REVISAR,AUXILIAR_TECNICA,BAJA,MARCA_TECNICA_REMOVIBLE,I162S2C96J4V1
67,Área del Conocimiento,AREA_DEL_CONOCIMIENTO,REVISAR_AREA_CODIGO_1,REVISAR,DESCONOCIDA,MEDIA,DUDA_METODOLOGICA,I162S2C97J4V1
67,Sub Área,SUB_AREA,REVISAR_SUB_AREA_SIN_FUENTE_DIRECTA,REVISAR,DESCONOCIDA,MEDIA,DUDA_METODOLOGICA,I162S2C97J4V1
67,Carrera Genérica,CARRERA_GENERICA,REVISAR_CARRERA_GENERICA_SIN_FUENTE_DIRECTA,REVISAR,DESCONOCIDA,MEDIA,DUDA_METODOLOGICA,I162S2C97J4V1
67,Grado Académico que otorga el programa,GRADO_ACADEMICO_QUE_OTORGA_EL_PROGRAMA,REVISAR_GRADO_ACADEMICO_SIN_FUENTE_DIRECTA,REVISAR,DESCONOCIDA,MEDIA,DUDA_METODOLOGICA,I162S2C97J4V1
67,Dependencia,DEPENDENCIA,REVISAR_DEPENDENCIA_SIN_FUENTE_DIRECTA,REVISAR,DESCONOCIDA,MEDIA,DUDA_METODOLOGICA,I162S2C97J4V1
67,Régimen,REGIMEN,REVISAR_REGIMEN_CODIGO_1,REVISAR,OFICIAL_PROBABLE,ALTA,CAMPO_PENDIENTE_REAL,I162S2C97J4V1
67,Ingreso Directo,INGRESO_DIRECTO,REVISAR_INGRESO_DIRECTO_CODIGO_REQUISITO_INGRESO_2,REVISAR,DESCONOCIDA,MEDIA,DUDA_METODOLOGICA,I162S2C97J4V1
67,Otro Tipo de Ingreso,OTRO_TIPO_DE_INGRESO,REVISAR_OTRO_TIPO_INGRESO_CODIGO_REQUISITO_INGRESO_2,REVISAR,DESCONOCIDA,MEDIA,DUDA_METODOLOGICA,I162S2C97J4V1
67,Ingreso otro,INGRESO_OTRO,REVISAR_DESCRIPCION_OTRO_INGRESO_SIN_TEXTO_FUENTE,REVISAR,DESCONOCIDA,MEDIA,DUDA_METODOLOGICA,I162S2C97J4V1
67,Observaciones,OBSERVACIONES,Crear según matriz PROMEDIOSDEALUMNOS_7804.xlsx / hoja matriz; conciliado contra diccionario oferta 2026; no encontrado en listado existente INDICES por CODIGO_UNICO; campos sin fuente directa quedan con revisión específica.,REVISION,DESCONOCIDA,MEDIA,OBSERVACION_INSTITUCIONAL,I162S2C97J4V1
67,FECHA_ADMISION_INICIAL,FECHA_ADMISION_INICIAL,REVISAR_FECHA_ADMISION_INICIAL_SIN_FUENTE,REVISAR,DESCONOCIDA,MEDIA,DUDA_METODOLOGICA,I162S2C97J4V1
67,MALLA_CURRICULAR,MALLA_CURRICULAR,REVISAR_MALLA_CURRICULAR_SIN_FUENTE,REVISAR,DESCONOCIDA,MEDIA,DUDA_METODOLOGICA,I162S2C97J4V1
67,PERFIL_EGRESO,PERFIL_EGRESO,REVISAR_PERFIL_EGRESO_SIN_FUENTE,REVISAR,DESCONOCIDA,MEDIA,DUDA_METODOLOGICA,I162S2C97J4V1
67,TEXTO_REQUISITO_INGRESO,TEXTO_REQUISITO_INGRESO,REVISAR_TEXTO_REQUISITO_INGRESO_SIN_FUENTE,REVISAR,DESCONOCIDA,MEDIA,DUDA_METODOLOGICA,I162S2C97J4V1
67,LICENCIA_ENS_MEDIA,LICENCIA_ENS_MEDIA,REVISAR_LICENCIA_ENS_MEDIA_SIN_FUENTE,REVISAR,DESCONOCIDA,MEDIA,DUDA_METODOLOGICA,I162S2C97J4V1
67,NOTAS_ENS_MEDIA,NOTAS_ENS_MEDIA,REVISAR_NOTAS_ENS_MEDIA_SIN_FUENTE,REVISAR,DESCONOCIDA,MEDIA,DUDA_METODOLOGICA,I162S2C97J4V1
67,PROMEDIO_MIN_ENS_MEDIA,PROMEDIO_MIN_ENS_MEDIA,REVISAR_PROMEDIO_MIN_ENS_MEDIA_SIN_FUENTE,REVISAR,DESCONOCIDA,MEDIA,DUDA_METODOLOGICA,I162S2C97J4V1
67,RECONOCIMIENTOS_APREN_PREVIOS,RECONOCIMIENTOS_APREN_PREVIOS,REVISAR_RECONOCIMIENTOS_APREN_PREVIOS_SIN_FUENTE,REVISAR,DESCONOCIDA,MEDIA,DUDA_METODOLOGICA,I162S2C97J4V1
67,EXPERIENCIA_LABORAL,EXPERIENCIA_LABORAL,REVISAR_EXPERIENCIA_LABORAL_SIN_FUENTE,REVISAR,DESCONOCIDA,MEDIA,DUDA_METODOLOGICA,I162S2C97J4V1
67,OTROS_REQUISITOS,OTROS_REQUISITOS,REVISAR_OTROS_REQUISITOS_SIN_FUENTE,REVISAR,DESCONOCIDA,MEDIA,DUDA_METODOLOGICA,I162S2C97J4V1
67,MAIL_DIFUSION_CARRERA,MAIL_DIFUSION_CARRERA,REVISAR_MAIL_DIFUSION_CARRERA_SIN_FUENTE,REVISAR,DESCONOCIDA,MEDIA,DUDA_METODOLOGICA,I162S2C97J4V1
67,FORMATO_VALOR,FORMATO_VALOR,REVISAR_FORMATO_VALOR_SIN_FUENTE,REVISAR,DESCONOCIDA,MEDIA,DUDA_METODOLOGICA,I162S2C97J4V1
67,VALOR_MATRICULA_ANUAL,VALOR_MATRICULA_ANUAL,REVISAR_VALOR_MATRICULA_ANUAL_SIN_FUENTE,REVISAR,DESCONOCIDA,MEDIA,DUDA_METODOLOGICA,I162S2C97J4V1
67,COSTO_TITULACION,COSTO_TITULACION,REVISAR_COSTO_TITULACION_SIN_FUENTE,REVISAR,DESCONOCIDA,MEDIA,DUDA_METODOLOGICA,I162S2C97J4V1
67,VALOR_CERTIFICADO_DIPLOMA,VALOR_CERTIFICADO_DIPLOMA,REVISAR_VALOR_CERTIFICADO_DIPLOMA_SIN_FUENTE,REVISAR,DESCONOCIDA,MEDIA,DUDA_METODOLOGICA,I162S2C97J4V1
67,ARANCEL_ANUAL,ARANCEL_ANUAL,REVISAR_ARANCEL_ANUAL_SIN_FUENTE,REVISAR,DESCONOCIDA,MEDIA,DUDA_METODOLOGICA,I162S2C97J4V1
67,VIGENCIA_CARRERA,VIGENCIA_CARRERA,REVISAR_VIGENCIA_CARRERA_SIN_FUENTE_DIRECTA,REVISAR,OFICIAL_PROBABLE,ALTA,CAMPO_PENDIENTE_REAL,I162S2C97J4V1
67,CNED_ESTADO_AUDITORIA,CNED_ESTADO_AUDITORIA,REQUIERE_REVISION,REVISION,AUXILIAR_TECNICA,BAJA,MARCA_TECNICA_REMOVIBLE,I162S2C97J4V1
67,CNED_ALERTAS,CNED_ALERTAS,CONTIENE_MARCAS_TECNICAS_DE_REVISION,REVISION,AUXILIAR_TECNICA,BAJA,MARCA_TECNICA_REMOVIBLE,I162S2C97J4V1
67,CNED_PUEDE_SUBIR_PRELIMINAR,CNED_PUEDE_SUBIR_PRELIMINAR,REVISAR,REVISAR,AUXILIAR_TECNICA,BAJA,MARCA_TECNICA_REMOVIBLE,I162S2C97J4V1
68,Área del Conocimiento,AREA_DEL_CONOCIMIENTO,REVISAR_AREA_CODIGO_1,REVISAR,DESCONOCIDA,MEDIA,DUDA_METODOLOGICA,I162S2C98J4V1
68,Sub Área,SUB_AREA,REVISAR_SUB_AREA_SIN_FUENTE_DIRECTA,REVISAR,DESCONOCIDA,MEDIA,DUDA_METODOLOGICA,I162S2C98J4V1
68,Carrera Genérica,CARRERA_GENERICA,REVISAR_CARRERA_GENERICA_SIN_FUENTE_DIRECTA,REVISAR,DESCONOCIDA,MEDIA,DUDA_METODOLOGICA,I162S2C98J4V1
68,Grado Académico que otorga el programa,GRADO_ACADEMICO_QUE_OTORGA_EL_PROGRAMA,REVISAR_GRADO_ACADEMICO_SIN_FUENTE_DIRECTA,REVISAR,DESCONOCIDA,MEDIA,DUDA_METODOLOGICA,I162S2C98J4V1
68,Dependencia,DEPENDENCIA,REVISAR_DEPENDENCIA_SIN_FUENTE_DIRECTA,REVISAR,DESCONOCIDA,MEDIA,DUDA_METODOLOGICA,I162S2C98J4V1
68,Régimen,REGIMEN,REVISAR_REGIMEN_CODIGO_1,REVISAR,OFICIAL_PROBABLE,ALTA,CAMPO_PENDIENTE_REAL,I162S2C98J4V1
68,Ingreso Directo,INGRESO_DIRECTO,REVISAR_INGRESO_DIRECTO_CODIGO_REQUISITO_INGRESO_2,REVISAR,DESCONOCIDA,MEDIA,DUDA_METODOLOGICA,I162S2C98J4V1
68,Otro Tipo de Ingreso,OTRO_TIPO_DE_INGRESO,REVISAR_OTRO_TIPO_INGRESO_CODIGO_REQUISITO_INGRESO_2,REVISAR,DESCONOCIDA,MEDIA,DUDA_METODOLOGICA,I162S2C98J4V1
68,Ingreso otro,INGRESO_OTRO,REVISAR_DESCRIPCION_OTRO_INGRESO_SIN_TEXTO_FUENTE,REVISAR,DESCONOCIDA,MEDIA,DUDA_METODOLOGICA,I162S2C98J4V1
68,Observaciones,OBSERVACIONES,Crear según matriz PROMEDIOSDEALUMNOS_7804.xlsx / hoja matriz; conciliado contra diccionario oferta 2026; no encontrado en listado existente INDICES por CODIGO_UNICO; campos sin fuente directa quedan con revisión específica.,REVISION,DESCONOCIDA,MEDIA,OBSERVACION_INSTITUCIONAL,I162S2C98J4V1
68,FECHA_ADMISION_INICIAL,FECHA_ADMISION_INICIAL,REVISAR_FECHA_ADMISION_INICIAL_SIN_FUENTE,REVISAR,DESCONOCIDA,MEDIA,DUDA_METODOLOGICA,I162S2C98J4V1
68,MALLA_CURRICULAR,MALLA_CURRICULAR,REVISAR_MALLA_CURRICULAR_SIN_FUENTE,REVISAR,DESCONOCIDA,MEDIA,DUDA_METODOLOGICA,I162S2C98J4V1
68,PERFIL_EGRESO,PERFIL_EGRESO,REVISAR_PERFIL_EGRESO_SIN_FUENTE,REVISAR,DESCONOCIDA,MEDIA,DUDA_METODOLOGICA,I162S2C98J4V1
68,TEXTO_REQUISITO_INGRESO,TEXTO_REQUISITO_INGRESO,REVISAR_TEXTO_REQUISITO_INGRESO_SIN_FUENTE,REVISAR,DESCONOCIDA,MEDIA,DUDA_METODOLOGICA,I162S2C98J4V1
68,LICENCIA_ENS_MEDIA,LICENCIA_ENS_MEDIA,REVISAR_LICENCIA_ENS_MEDIA_SIN_FUENTE,REVISAR,DESCONOCIDA,MEDIA,DUDA_METODOLOGICA,I162S2C98J4V1
68,NOTAS_ENS_MEDIA,NOTAS_ENS_MEDIA,REVISAR_NOTAS_ENS_MEDIA_SIN_FUENTE,REVISAR,DESCONOCIDA,MEDIA,DUDA_METODOLOGICA,I162S2C98J4V1
68,PROMEDIO_MIN_ENS_MEDIA,PROMEDIO_MIN_ENS_MEDIA,REVISAR_PROMEDIO_MIN_ENS_MEDIA_SIN_FUENTE,REVISAR,DESCONOCIDA,MEDIA,DUDA_METODOLOGICA,I162S2C98J4V1
68,RECONOCIMIENTOS_APREN_PREVIOS,RECONOCIMIENTOS_APREN_PREVIOS,REVISAR_RECONOCIMIENTOS_APREN_PREVIOS_SIN_FUENTE,REVISAR,DESCONOCIDA,MEDIA,DUDA_METODOLOGICA,I162S2C98J4V1
68,EXPERIENCIA_LABORAL,EXPERIENCIA_LABORAL,REVISAR_EXPERIENCIA_LABORAL_SIN_FUENTE,REVISAR,DESCONOCIDA,MEDIA,DUDA_METODOLOGICA,I162S2C98J4V1
68,OTROS_REQUISITOS,OTROS_REQUISITOS,REVISAR_OTROS_REQUISITOS_SIN_FUENTE,REVISAR,DESCONOCIDA,MEDIA,DUDA_METODOLOGICA,I162S2C98J4V1
68,MAIL_DIFUSION_CARRERA,MAIL_DIFUSION_CARRERA,REVISAR_MAIL_DIFUSION_CARRERA_SIN_FUENTE,REVISAR,DESCONOCIDA,MEDIA,DUDA_METODOLOGICA,I162S2C98J4V1
68,FORMATO_VALOR,FORMATO_VALOR,REVISAR_FORMATO_VALOR_SIN_FUENTE,REVISAR,DESCONOCIDA,MEDIA,DUDA_METODOLOGICA,I162S2C98J4V1
68,VALOR_MATRICULA_ANUAL,VALOR_MATRICULA_ANUAL,REVISAR_VALOR_MATRICULA_ANUAL_SIN_FUENTE,REVISAR,DESCONOCIDA,MEDIA,DUDA_METODOLOGICA,I162S2C98J4V1
68,COSTO_TITULACION,COSTO_TITULACION,REVISAR_COSTO_TITULACION_SIN_FUENTE,REVISAR,DESCONOCIDA,MEDIA,DUDA_METODOLOGICA,I162S2C98J4V1
68,VALOR_CERTIFICADO_DIPLOMA,VALOR_CERTIFICADO_DIPLOMA,REVISAR_VALOR_CERTIFICADO_DIPLOMA_SIN_FUENTE,REVISAR,DESCONOCIDA,MEDIA,DUDA_METODOLOGICA,I162S2C98J4V1
68,ARANCEL_ANUAL,ARANCEL_ANUAL,REVISAR_ARANCEL_ANUAL_SIN_FUENTE,REVISAR,DESCONOCIDA,MEDIA,DUDA_METODOLOGICA,I162S2C98J4V1
68,VIGENCIA_CARRERA,VIGENCIA_CARRERA,REVISAR_VIGENCIA_CARRERA_SIN_FUENTE_DIRECTA,REVISAR,OFICIAL_PROBABLE,ALTA,CAMPO_PENDIENTE_REAL,I162S2C98J4V1
68,CNED_ESTADO_AUDITORIA,CNED_ESTADO_AUDITORIA,REQUIERE_REVISION,REVISION,AUXILIAR_TECNICA,BAJA,MARCA_TECNICA_REMOVIBLE,I162S2C98J4V1
68,CNED_ALERTAS,CNED_ALERTAS,CONTIENE_MARCAS_TECNICAS_DE_REVISION,REVISION,AUXILIAR_TECNICA,BAJA,MARCA_TECNICA_REMOVIBLE,I162S2C98J4V1
68,CNED_PUEDE_SUBIR_PRELIMINAR,CNED_PUEDE_SUBIR_PRELIMINAR,REVISAR,REVISAR,AUXILIAR_TECNICA,BAJA,MARCA_TECNICA_REMOVIBLE,I162S2C98J4V1
69,Área del Conocimiento,AREA_DEL_CONOCIMIENTO,REVISAR_AREA_CODIGO_1,REVISAR,DESCONOCIDA,MEDIA,DUDA_METODOLOGICA,I162S2C99J4V1
69,Sub Área,SUB_AREA,REVISAR_SUB_AREA_SIN_FUENTE_DIRECTA,REVISAR,DESCONOCIDA,MEDIA,DUDA_METODOLOGICA,I162S2C99J4V1
69,Carrera Genérica,CARRERA_GENERICA,REVISAR_CARRERA_GENERICA_SIN_FUENTE_DIRECTA,REVISAR,DESCONOCIDA,MEDIA,DUDA_METODOLOGICA,I162S2C99J4V1
69,Grado Académico que otorga el programa,GRADO_ACADEMICO_QUE_OTORGA_EL_PROGRAMA,REVISAR_GRADO_ACADEMICO_SIN_FUENTE_DIRECTA,REVISAR,DESCONOCIDA,MEDIA,DUDA_METODOLOGICA,I162S2C99J4V1
69,Dependencia,DEPENDENCIA,REVISAR_DEPENDENCIA_SIN_FUENTE_DIRECTA,REVISAR,DESCONOCIDA,MEDIA,DUDA_METODOLOGICA,I162S2C99J4V1
69,Régimen,REGIMEN,REVISAR_REGIMEN_CODIGO_1,REVISAR,OFICIAL_PROBABLE,ALTA,CAMPO_PENDIENTE_REAL,I162S2C99J4V1
69,Ingreso Directo,INGRESO_DIRECTO,REVISAR_INGRESO_DIRECTO_CODIGO_REQUISITO_INGRESO_2,REVISAR,DESCONOCIDA,MEDIA,DUDA_METODOLOGICA,I162S2C99J4V1
69,Otro Tipo de Ingreso,OTRO_TIPO_DE_INGRESO,REVISAR_OTRO_TIPO_INGRESO_CODIGO_REQUISITO_INGRESO_2,REVISAR,DESCONOCIDA,MEDIA,DUDA_METODOLOGICA,I162S2C99J4V1
69,Ingreso otro,INGRESO_OTRO,REVISAR_DESCRIPCION_OTRO_INGRESO_SIN_TEXTO_FUENTE,REVISAR,DESCONOCIDA,MEDIA,DUDA_METODOLOGICA,I162S2C99J4V1
69,Observaciones,OBSERVACIONES,Crear según matriz PROMEDIOSDEALUMNOS_7804.xlsx / hoja matriz; conciliado contra diccionario oferta 2026; no encontrado en listado existente INDICES por CODIGO_UNICO; campos sin fuente directa quedan con revisión específica.,REVISION,DESCONOCIDA,MEDIA,OBSERVACION_INSTITUCIONAL,I162S2C99J4V1
69,FECHA_ADMISION_INICIAL,FECHA_ADMISION_INICIAL,REVISAR_FECHA_ADMISION_INICIAL_SIN_FUENTE,REVISAR,DESCONOCIDA,MEDIA,DUDA_METODOLOGICA,I162S2C99J4V1
69,MALLA_CURRICULAR,MALLA_CURRICULAR,REVISAR_MALLA_CURRICULAR_SIN_FUENTE,REVISAR,DESCONOCIDA,MEDIA,DUDA_METODOLOGICA,I162S2C99J4V1
69,PERFIL_EGRESO,PERFIL_EGRESO,REVISAR_PERFIL_EGRESO_SIN_FUENTE,REVISAR,DESCONOCIDA,MEDIA,DUDA_METODOLOGICA,I162S2C99J4V1
69,TEXTO_REQUISITO_INGRESO,TEXTO_REQUISITO_INGRESO,REVISAR_TEXTO_REQUISITO_INGRESO_SIN_FUENTE,REVISAR,DESCONOCIDA,MEDIA,DUDA_METODOLOGICA,I162S2C99J4V1
69,LICENCIA_ENS_MEDIA,LICENCIA_ENS_MEDIA,REVISAR_LICENCIA_ENS_MEDIA_SIN_FUENTE,REVISAR,DESCONOCIDA,MEDIA,DUDA_METODOLOGICA,I162S2C99J4V1
69,NOTAS_ENS_MEDIA,NOTAS_ENS_MEDIA,REVISAR_NOTAS_ENS_MEDIA_SIN_FUENTE,REVISAR,DESCONOCIDA,MEDIA,DUDA_METODOLOGICA,I162S2C99J4V1
69,PROMEDIO_MIN_ENS_MEDIA,PROMEDIO_MIN_ENS_MEDIA,REVISAR_PROMEDIO_MIN_ENS_MEDIA_SIN_FUENTE,REVISAR,DESCONOCIDA,MEDIA,DUDA_METODOLOGICA,I162S2C99J4V1
69,RECONOCIMIENTOS_APREN_PREVIOS,RECONOCIMIENTOS_APREN_PREVIOS,REVISAR_RECONOCIMIENTOS_APREN_PREVIOS_SIN_FUENTE,REVISAR,DESCONOCIDA,MEDIA,DUDA_METODOLOGICA,I162S2C99J4V1
69,EXPERIENCIA_LABORAL,EXPERIENCIA_LABORAL,REVISAR_EXPERIENCIA_LABORAL_SIN_FUENTE,REVISAR,DESCONOCIDA,MEDIA,DUDA_METODOLOGICA,I162S2C99J4V1
69,OTROS_REQUISITOS,OTROS_REQUISITOS,REVISAR_OTROS_REQUISITOS_SIN_FUENTE,REVISAR,DESCONOCIDA,MEDIA,DUDA_METODOLOGICA,I162S2C99J4V1
69,MAIL_DIFUSION_CARRERA,MAIL_DIFUSION_CARRERA,REVISAR_MAIL_DIFUSION_CARRERA_SIN_FUENTE,REVISAR,DESCONOCIDA,MEDIA,DUDA_METODOLOGICA,I162S2C99J4V1
69,FORMATO_VALOR,FORMATO_VALOR,REVISAR_FORMATO_VALOR_SIN_FUENTE,REVISAR,DESCONOCIDA,MEDIA,DUDA_METODOLOGICA,I162S2C99J4V1
69,VALOR_MATRICULA_ANUAL,VALOR_MATRICULA_ANUAL,REVISAR_VALOR_MATRICULA_ANUAL_SIN_FUENTE,REVISAR,DESCONOCIDA,MEDIA,DUDA_METODOLOGICA,I162S2C99J4V1
69,COSTO_TITULACION,COSTO_TITULACION,REVISAR_COSTO_TITULACION_SIN_FUENTE,REVISAR,DESCONOCIDA,MEDIA,DUDA_METODOLOGICA,I162S2C99J4V1
69,VALOR_CERTIFICADO_DIPLOMA,VALOR_CERTIFICADO_DIPLOMA,REVISAR_VALOR_CERTIFICADO_DIPLOMA_SIN_FUENTE,REVISAR,DESCONOCIDA,MEDIA,DUDA_METODOLOGICA,I162S2C99J4V1
69,ARANCEL_ANUAL,ARANCEL_ANUAL,REVISAR_ARANCEL_ANUAL_SIN_FUENTE,REVISAR,DESCONOCIDA,MEDIA,DUDA_METODOLOGICA,I162S2C99J4V1
69,VIGENCIA_CARRERA,VIGENCIA_CARRERA,REVISAR_VIGENCIA_CARRERA_SIN_FUENTE_DIRECTA,REVISAR,OFICIAL_PROBABLE,ALTA,CAMPO_PENDIENTE_REAL,I162S2C99J4V1
69,CNED_ESTADO_AUDITORIA,CNED_ESTADO_AUDITORIA,REQUIERE_REVISION,REVISION,AUXILIAR_TECNICA,BAJA,MARCA_TECNICA_REMOVIBLE,I162S2C99J4V1
69,CNED_ALERTAS,CNED_ALERTAS,CONTIENE_MARCAS_TECNICAS_DE_REVISION,REVISION,AUXILIAR_TECNICA,BAJA,MARCA_TECNICA_REMOVIBLE,I162S2C99J4V1
69,CNED_PUEDE_SUBIR_PRELIMINAR,CNED_PUEDE_SUBIR_PRELIMINAR,REVISAR,REVISAR,AUXILIAR_TECNICA,BAJA,MARCA_TECNICA_REMOVIBLE,I162S2C99J4V1
70,Campus,CAMPUS,REVISAR_SEDE_CONCEPCION,REVISAR,DESCONOCIDA,MEDIA,DUDA_METODOLOGICA,I162S3C114J2V1
70,Área del Conocimiento,AREA_DEL_CONOCIMIENTO,REVISAR_AREA_CODIGO_8,REVISAR,DESCONOCIDA,MEDIA,DUDA_METODOLOGICA,I162S3C114J2V1
70,Sub Área,SUB_AREA,REVISAR_SUB_AREA_SIN_FUENTE_DIRECTA,REVISAR,DESCONOCIDA,MEDIA,DUDA_METODOLOGICA,I162S3C114J2V1
70,Carrera Genérica,CARRERA_GENERICA,REVISAR_CARRERA_GENERICA_SIN_FUENTE_DIRECTA,REVISAR,DESCONOCIDA,MEDIA,DUDA_METODOLOGICA,I162S3C114J2V1
70,Grado Académico que otorga el programa,GRADO_ACADEMICO_QUE_OTORGA_EL_PROGRAMA,REVISAR_GRADO_ACADEMICO_SIN_FUENTE_DIRECTA,REVISAR,DESCONOCIDA,MEDIA,DUDA_METODOLOGICA,I162S3C114J2V1
70,Dependencia,DEPENDENCIA,REVISAR_DEPENDENCIA_SIN_FUENTE_DIRECTA,REVISAR,DESCONOCIDA,MEDIA,DUDA_METODOLOGICA,I162S3C114J2V1
70,Régimen,REGIMEN,REVISAR_REGIMEN_CODIGO_2,REVISAR,OFICIAL_PROBABLE,ALTA,CAMPO_PENDIENTE_REAL,I162S3C114J2V1
70,Ingreso Directo,INGRESO_DIRECTO,REVISAR_INGRESO_DIRECTO_CODIGO_REQUISITO_INGRESO_1,REVISAR,DESCONOCIDA,MEDIA,DUDA_METODOLOGICA,I162S3C114J2V1
70,Observaciones,OBSERVACIONES,Crear según matriz PROMEDIOSDEALUMNOS_7804.xlsx / hoja matriz; conciliado contra diccionario oferta 2026; no encontrado en listado existente INDICES por CODIGO_UNICO; campos sin fuente directa quedan con revisión específica.,REVISION,DESCONOCIDA,MEDIA,OBSERVACION_INSTITUCIONAL,I162S3C114J2V1
70,FECHA_ADMISION_INICIAL,FECHA_ADMISION_INICIAL,REVISAR_FECHA_ADMISION_INICIAL_SIN_FUENTE,REVISAR,DESCONOCIDA,MEDIA,DUDA_METODOLOGICA,I162S3C114J2V1
70,MALLA_CURRICULAR,MALLA_CURRICULAR,REVISAR_MALLA_CURRICULAR_SIN_FUENTE,REVISAR,DESCONOCIDA,MEDIA,DUDA_METODOLOGICA,I162S3C114J2V1
70,PERFIL_EGRESO,PERFIL_EGRESO,REVISAR_PERFIL_EGRESO_SIN_FUENTE,REVISAR,DESCONOCIDA,MEDIA,DUDA_METODOLOGICA,I162S3C114J2V1
70,TEXTO_REQUISITO_INGRESO,TEXTO_REQUISITO_INGRESO,REVISAR_TEXTO_REQUISITO_INGRESO_SIN_FUENTE,REVISAR,DESCONOCIDA,MEDIA,DUDA_METODOLOGICA,I162S3C114J2V1
70,LICENCIA_ENS_MEDIA,LICENCIA_ENS_MEDIA,REVISAR_LICENCIA_ENS_MEDIA_SIN_FUENTE,REVISAR,DESCONOCIDA,MEDIA,DUDA_METODOLOGICA,I162S3C114J2V1
70,NOTAS_ENS_MEDIA,NOTAS_ENS_MEDIA,REVISAR_NOTAS_ENS_MEDIA_SIN_FUENTE,REVISAR,DESCONOCIDA,MEDIA,DUDA_METODOLOGICA,I162S3C114J2V1
70,PROMEDIO_MIN_ENS_MEDIA,PROMEDIO_MIN_ENS_MEDIA,REVISAR_PROMEDIO_MIN_ENS_MEDIA_SIN_FUENTE,REVISAR,DESCONOCIDA,MEDIA,DUDA_METODOLOGICA,I162S3C114J2V1
70,RECONOCIMIENTOS_APREN_PREVIOS,RECONOCIMIENTOS_APREN_PREVIOS,REVISAR_RECONOCIMIENTOS_APREN_PREVIOS_SIN_FUENTE,REVISAR,DESCONOCIDA,MEDIA,DUDA_METODOLOGICA,I162S3C114J2V1
70,EXPERIENCIA_LABORAL,EXPERIENCIA_LABORAL,REVISAR_EXPERIENCIA_LABORAL_SIN_FUENTE,REVISAR,DESCONOCIDA,MEDIA,DUDA_METODOLOGICA,I162S3C114J2V1
70,OTROS_REQUISITOS,OTROS_REQUISITOS,REVISAR_OTROS_REQUISITOS_SIN_FUENTE,REVISAR,DESCONOCIDA,MEDIA,DUDA_METODOLOGICA,I162S3C114J2V1
70,MAIL_DIFUSION_CARRERA,MAIL_DIFUSION_CARRERA,REVISAR_MAIL_DIFUSION_CARRERA_SIN_FUENTE,REVISAR,DESCONOCIDA,MEDIA,DUDA_METODOLOGICA,I162S3C114J2V1
70,FORMATO_VALOR,FORMATO_VALOR,REVISAR_FORMATO_VALOR_SIN_FUENTE,REVISAR,DESCONOCIDA,MEDIA,DUDA_METODOLOGICA,I162S3C114J2V1
70,VALOR_MATRICULA_ANUAL,VALOR_MATRICULA_ANUAL,REVISAR_VALOR_MATRICULA_ANUAL_SIN_FUENTE,REVISAR,DESCONOCIDA,MEDIA,DUDA_METODOLOGICA,I162S3C114J2V1
70,COSTO_TITULACION,COSTO_TITULACION,REVISAR_COSTO_TITULACION_SIN_FUENTE,REVISAR,DESCONOCIDA,MEDIA,DUDA_METODOLOGICA,I162S3C114J2V1
70,VALOR_CERTIFICADO_DIPLOMA,VALOR_CERTIFICADO_DIPLOMA,REVISAR_VALOR_CERTIFICADO_DIPLOMA_SIN_FUENTE,REVISAR,DESCONOCIDA,MEDIA,DUDA_METODOLOGICA,I162S3C114J2V1
70,ARANCEL_ANUAL,ARANCEL_ANUAL,REVISAR_ARANCEL_ANUAL_SIN_FUENTE,REVISAR,DESCONOCIDA,MEDIA,DUDA_METODOLOGICA,I162S3C114J2V1
70,VIGENCIA_CARRERA,VIGENCIA_CARRERA,REVISAR_VIGENCIA_CARRERA_SIN_FUENTE_DIRECTA,REVISAR,OFICIAL_PROBABLE,ALTA,CAMPO_PENDIENTE_REAL,I162S3C114J2V1
70,CNED_ESTADO_AUDITORIA,CNED_ESTADO_AUDITORIA,REQUIERE_REVISION,REVISION,AUXILIAR_TECNICA,BAJA,MARCA_TECNICA_REMOVIBLE,I162S3C114J2V1
70,CNED_ALERTAS,CNED_ALERTAS,CONTIENE_MARCAS_TECNICAS_DE_REVISION,REVISION,AUXILIAR_TECNICA,BAJA,MARCA_TECNICA_REMOVIBLE,I162S3C114J2V1
70,CNED_PUEDE_SUBIR_PRELIMINAR,CNED_PUEDE_SUBIR_PRELIMINAR,REVISAR,REVISAR,AUXILIAR_TECNICA,BAJA,MARCA_TECNICA_REMOVIBLE,I162S3C114J2V1
71,Campus,CAMPUS,REVISAR_SEDE_CONCEPCION,REVISAR,DESCONOCIDA,MEDIA,DUDA_METODOLOGICA,I162S3C115J2V1
71,Área del Conocimiento,AREA_DEL_CONOCIMIENTO,REVISAR_AREA_CODIGO_8,REVISAR,DESCONOCIDA,MEDIA,DUDA_METODOLOGICA,I162S3C115J2V1
71,Sub Área,SUB_AREA,REVISAR_SUB_AREA_SIN_FUENTE_DIRECTA,REVISAR,DESCONOCIDA,MEDIA,DUDA_METODOLOGICA,I162S3C115J2V1
71,Carrera Genérica,CARRERA_GENERICA,REVISAR_CARRERA_GENERICA_SIN_FUENTE_DIRECTA,REVISAR,DESCONOCIDA,MEDIA,DUDA_METODOLOGICA,I162S3C115J2V1
71,Grado Académico que otorga el programa,GRADO_ACADEMICO_QUE_OTORGA_EL_PROGRAMA,REVISAR_GRADO_ACADEMICO_SIN_FUENTE_DIRECTA,REVISAR,DESCONOCIDA,MEDIA,DUDA_METODOLOGICA,I162S3C115J2V1
71,Dependencia,DEPENDENCIA,REVISAR_DEPENDENCIA_SIN_FUENTE_DIRECTA,REVISAR,DESCONOCIDA,MEDIA,DUDA_METODOLOGICA,I162S3C115J2V1
71,Régimen,REGIMEN,REVISAR_REGIMEN_CODIGO_2,REVISAR,OFICIAL_PROBABLE,ALTA,CAMPO_PENDIENTE_REAL,I162S3C115J2V1
71,Ingreso Directo,INGRESO_DIRECTO,REVISAR_INGRESO_DIRECTO_CODIGO_REQUISITO_INGRESO_1,REVISAR,DESCONOCIDA,MEDIA,DUDA_METODOLOGICA,I162S3C115J2V1
71,Observaciones,OBSERVACIONES,Crear según matriz PROMEDIOSDEALUMNOS_7804.xlsx / hoja matriz; conciliado contra diccionario oferta 2026; no encontrado en listado existente INDICES por CODIGO_UNICO; campos sin fuente directa quedan con revisión específica.,REVISION,DESCONOCIDA,MEDIA,OBSERVACION_INSTITUCIONAL,I162S3C115J2V1
71,FECHA_ADMISION_INICIAL,FECHA_ADMISION_INICIAL,REVISAR_FECHA_ADMISION_INICIAL_SIN_FUENTE,REVISAR,DESCONOCIDA,MEDIA,DUDA_METODOLOGICA,I162S3C115J2V1
71,MALLA_CURRICULAR,MALLA_CURRICULAR,REVISAR_MALLA_CURRICULAR_SIN_FUENTE,REVISAR,DESCONOCIDA,MEDIA,DUDA_METODOLOGICA,I162S3C115J2V1
71,PERFIL_EGRESO,PERFIL_EGRESO,REVISAR_PERFIL_EGRESO_SIN_FUENTE,REVISAR,DESCONOCIDA,MEDIA,DUDA_METODOLOGICA,I162S3C115J2V1
71,TEXTO_REQUISITO_INGRESO,TEXTO_REQUISITO_INGRESO,REVISAR_TEXTO_REQUISITO_INGRESO_SIN_FUENTE,REVISAR,DESCONOCIDA,MEDIA,DUDA_METODOLOGICA,I162S3C115J2V1
71,LICENCIA_ENS_MEDIA,LICENCIA_ENS_MEDIA,REVISAR_LICENCIA_ENS_MEDIA_SIN_FUENTE,REVISAR,DESCONOCIDA,MEDIA,DUDA_METODOLOGICA,I162S3C115J2V1
71,NOTAS_ENS_MEDIA,NOTAS_ENS_MEDIA,REVISAR_NOTAS_ENS_MEDIA_SIN_FUENTE,REVISAR,DESCONOCIDA,MEDIA,DUDA_METODOLOGICA,I162S3C115J2V1
71,PROMEDIO_MIN_ENS_MEDIA,PROMEDIO_MIN_ENS_MEDIA,REVISAR_PROMEDIO_MIN_ENS_MEDIA_SIN_FUENTE,REVISAR,DESCONOCIDA,MEDIA,DUDA_METODOLOGICA,I162S3C115J2V1
71,RECONOCIMIENTOS_APREN_PREVIOS,RECONOCIMIENTOS_APREN_PREVIOS,REVISAR_RECONOCIMIENTOS_APREN_PREVIOS_SIN_FUENTE,REVISAR,DESCONOCIDA,MEDIA,DUDA_METODOLOGICA,I162S3C115J2V1
71,EXPERIENCIA_LABORAL,EXPERIENCIA_LABORAL,REVISAR_EXPERIENCIA_LABORAL_SIN_FUENTE,REVISAR,DESCONOCIDA,MEDIA,DUDA_METODOLOGICA,I162S3C115J2V1
71,OTROS_REQUISITOS,OTROS_REQUISITOS,REVISAR_OTROS_REQUISITOS_SIN_FUENTE,REVISAR,DESCONOCIDA,MEDIA,DUDA_METODOLOGICA,I162S3C115J2V1
71,MAIL_DIFUSION_CARRERA,MAIL_DIFUSION_CARRERA,REVISAR_MAIL_DIFUSION_CARRERA_SIN_FUENTE,REVISAR,DESCONOCIDA,MEDIA,DUDA_METODOLOGICA,I162S3C115J2V1
71,FORMATO_VALOR,FORMATO_VALOR,REVISAR_FORMATO_VALOR_SIN_FUENTE,REVISAR,DESCONOCIDA,MEDIA,DUDA_METODOLOGICA,I162S3C115J2V1
71,VALOR_MATRICULA_ANUAL,VALOR_MATRICULA_ANUAL,REVISAR_VALOR_MATRICULA_ANUAL_SIN_FUENTE,REVISAR,DESCONOCIDA,MEDIA,DUDA_METODOLOGICA,I162S3C115J2V1
71,COSTO_TITULACION,COSTO_TITULACION,REVISAR_COSTO_TITULACION_SIN_FUENTE,REVISAR,DESCONOCIDA,MEDIA,DUDA_METODOLOGICA,I162S3C115J2V1
71,VALOR_CERTIFICADO_DIPLOMA,VALOR_CERTIFICADO_DIPLOMA,REVISAR_VALOR_CERTIFICADO_DIPLOMA_SIN_FUENTE,REVISAR,DESCONOCIDA,MEDIA,DUDA_METODOLOGICA,I162S3C115J2V1
71,ARANCEL_ANUAL,ARANCEL_ANUAL,REVISAR_ARANCEL_ANUAL_SIN_FUENTE,REVISAR,DESCONOCIDA,MEDIA,DUDA_METODOLOGICA,I162S3C115J2V1
71,VIGENCIA_CARRERA,VIGENCIA_CARRERA,REVISAR_VIGENCIA_CARRERA_SIN_FUENTE_DIRECTA,REVISAR,OFICIAL_PROBABLE,ALTA,CAMPO_PENDIENTE_REAL,I162S3C115J2V1
71,CNED_ESTADO_AUDITORIA,CNED_ESTADO_AUDITORIA,REQUIERE_REVISION,REVISION,AUXILIAR_TECNICA,BAJA,MARCA_TECNICA_REMOVIBLE,I162S3C115J2V1
71,CNED_ALERTAS,CNED_ALERTAS,CONTIENE_MARCAS_TECNICAS_DE_REVISION,REVISION,AUXILIAR_TECNICA,BAJA,MARCA_TECNICA_REMOVIBLE,I162S3C115J2V1
71,CNED_PUEDE_SUBIR_PRELIMINAR,CNED_PUEDE_SUBIR_PRELIMINAR,REVISAR,REVISAR,AUXILIAR_TECNICA,BAJA,MARCA_TECNICA_REMOVIBLE,I162S3C115J2V1
72,Campus,CAMPUS,REVISAR_SEDE_CONCEPCION,REVISAR,DESCONOCIDA,MEDIA,DUDA_METODOLOGICA,I162S3C91J2V1
72,Área del Conocimiento,AREA_DEL_CONOCIMIENTO,REVISAR_AREA_CODIGO_8,REVISAR,DESCONOCIDA,MEDIA,DUDA_METODOLOGICA,I162S3C91J2V1
72,Sub Área,SUB_AREA,REVISAR_SUB_AREA_SIN_FUENTE_DIRECTA,REVISAR,DESCONOCIDA,MEDIA,DUDA_METODOLOGICA,I162S3C91J2V1
72,Carrera Genérica,CARRERA_GENERICA,REVISAR_CARRERA_GENERICA_SIN_FUENTE_DIRECTA,REVISAR,DESCONOCIDA,MEDIA,DUDA_METODOLOGICA,I162S3C91J2V1
72,Grado Académico que otorga el programa,GRADO_ACADEMICO_QUE_OTORGA_EL_PROGRAMA,REVISAR_GRADO_ACADEMICO_SIN_FUENTE_DIRECTA,REVISAR,DESCONOCIDA,MEDIA,DUDA_METODOLOGICA,I162S3C91J2V1
72,Dependencia,DEPENDENCIA,REVISAR_DEPENDENCIA_SIN_FUENTE_DIRECTA,REVISAR,DESCONOCIDA,MEDIA,DUDA_METODOLOGICA,I162S3C91J2V1
72,Régimen,REGIMEN,REVISAR_REGIMEN_CODIGO_2,REVISAR,OFICIAL_PROBABLE,ALTA,CAMPO_PENDIENTE_REAL,I162S3C91J2V1
72,Ingreso Directo,INGRESO_DIRECTO,REVISAR_INGRESO_DIRECTO_CODIGO_REQUISITO_INGRESO_1,REVISAR,DESCONOCIDA,MEDIA,DUDA_METODOLOGICA,I162S3C91J2V1
72,Observaciones,OBSERVACIONES,Crear según matriz PROMEDIOSDEALUMNOS_7804.xlsx / hoja matriz; conciliado contra diccionario oferta 2026; no encontrado en listado existente INDICES por CODIGO_UNICO; campos sin fuente directa quedan con revisión específica.,REVISION,DESCONOCIDA,MEDIA,OBSERVACION_INSTITUCIONAL,I162S3C91J2V1
72,FECHA_ADMISION_INICIAL,FECHA_ADMISION_INICIAL,REVISAR_FECHA_ADMISION_INICIAL_SIN_FUENTE,REVISAR,DESCONOCIDA,MEDIA,DUDA_METODOLOGICA,I162S3C91J2V1
72,MALLA_CURRICULAR,MALLA_CURRICULAR,REVISAR_MALLA_CURRICULAR_SIN_FUENTE,REVISAR,DESCONOCIDA,MEDIA,DUDA_METODOLOGICA,I162S3C91J2V1
72,PERFIL_EGRESO,PERFIL_EGRESO,REVISAR_PERFIL_EGRESO_SIN_FUENTE,REVISAR,DESCONOCIDA,MEDIA,DUDA_METODOLOGICA,I162S3C91J2V1
72,TEXTO_REQUISITO_INGRESO,TEXTO_REQUISITO_INGRESO,REVISAR_TEXTO_REQUISITO_INGRESO_SIN_FUENTE,REVISAR,DESCONOCIDA,MEDIA,DUDA_METODOLOGICA,I162S3C91J2V1
72,LICENCIA_ENS_MEDIA,LICENCIA_ENS_MEDIA,REVISAR_LICENCIA_ENS_MEDIA_SIN_FUENTE,REVISAR,DESCONOCIDA,MEDIA,DUDA_METODOLOGICA,I162S3C91J2V1
72,NOTAS_ENS_MEDIA,NOTAS_ENS_MEDIA,REVISAR_NOTAS_ENS_MEDIA_SIN_FUENTE,REVISAR,DESCONOCIDA,MEDIA,DUDA_METODOLOGICA,I162S3C91J2V1
72,PROMEDIO_MIN_ENS_MEDIA,PROMEDIO_MIN_ENS_MEDIA,REVISAR_PROMEDIO_MIN_ENS_MEDIA_SIN_FUENTE,REVISAR,DESCONOCIDA,MEDIA,DUDA_METODOLOGICA,I162S3C91J2V1
72,RECONOCIMIENTOS_APREN_PREVIOS,RECONOCIMIENTOS_APREN_PREVIOS,REVISAR_RECONOCIMIENTOS_APREN_PREVIOS_SIN_FUENTE,REVISAR,DESCONOCIDA,MEDIA,DUDA_METODOLOGICA,I162S3C91J2V1
72,EXPERIENCIA_LABORAL,EXPERIENCIA_LABORAL,REVISAR_EXPERIENCIA_LABORAL_SIN_FUENTE,REVISAR,DESCONOCIDA,MEDIA,DUDA_METODOLOGICA,I162S3C91J2V1
72,OTROS_REQUISITOS,OTROS_REQUISITOS,REVISAR_OTROS_REQUISITOS_SIN_FUENTE,REVISAR,DESCONOCIDA,MEDIA,DUDA_METODOLOGICA,I162S3C91J2V1
72,MAIL_DIFUSION_CARRERA,MAIL_DIFUSION_CARRERA,REVISAR_MAIL_DIFUSION_CARRERA_SIN_FUENTE,REVISAR,DESCONOCIDA,MEDIA,DUDA_METODOLOGICA,I162S3C91J2V1
72,FORMATO_VALOR,FORMATO_VALOR,REVISAR_FORMATO_VALOR_SIN_FUENTE,REVISAR,DESCONOCIDA,MEDIA,DUDA_METODOLOGICA,I162S3C91J2V1
72,VALOR_MATRICULA_ANUAL,VALOR_MATRICULA_ANUAL,REVISAR_VALOR_MATRICULA_ANUAL_SIN_FUENTE,REVISAR,DESCONOCIDA,MEDIA,DUDA_METODOLOGICA,I162S3C91J2V1
72,COSTO_TITULACION,COSTO_TITULACION,REVISAR_COSTO_TITULACION_SIN_FUENTE,REVISAR,DESCONOCIDA,MEDIA,DUDA_METODOLOGICA,I162S3C91J2V1
72,VALOR_CERTIFICADO_DIPLOMA,VALOR_CERTIFICADO_DIPLOMA,REVISAR_VALOR_CERTIFICADO_DIPLOMA_SIN_FUENTE,REVISAR,DESCONOCIDA,MEDIA,DUDA_METODOLOGICA,I162S3C91J2V1
72,ARANCEL_ANUAL,ARANCEL_ANUAL,REVISAR_ARANCEL_ANUAL_SIN_FUENTE,REVISAR,DESCONOCIDA,MEDIA,DUDA_METODOLOGICA,I162S3C91J2V1
72,VIGENCIA_CARRERA,VIGENCIA_CARRERA,REVISAR_VIGENCIA_CARRERA_SIN_FUENTE_DIRECTA,REVISAR,OFICIAL_PROBABLE,ALTA,CAMPO_PENDIENTE_REAL,I162S3C91J2V1
72,CNED_ESTADO_AUDITORIA,CNED_ESTADO_AUDITORIA,REQUIERE_REVISION,REVISION,AUXILIAR_TECNICA,BAJA,MARCA_TECNICA_REMOVIBLE,I162S3C91J2V1
72,CNED_ALERTAS,CNED_ALERTAS,CONTIENE_MARCAS_TECNICAS_DE_REVISION,REVISION,AUXILIAR_TECNICA,BAJA,MARCA_TECNICA_REMOVIBLE,I162S3C91J2V1
72,CNED_PUEDE_SUBIR_PRELIMINAR,CNED_PUEDE_SUBIR_PRELIMINAR,REVISAR,REVISAR,AUXILIAR_TECNICA,BAJA,MARCA_TECNICA_REMOVIBLE,I162S3C91J2V1
