fila_registro,CODIGO_UNICO,NOMBRE_CARRERA,campo,valor_actual,tipo_campo,patron_detectado,severidad,motivo_bloqueo,categoria_resolucion,fuente_sugerida,bloquea_subida,se_puede_excluir,observacion
2,I162S2C101J4V1,,Área del Conocimiento,REVISAR_AREA_CODIGO_8,FORMULARIO_CNED_DESCONOCIDO,REVISAR,MEDIA,DUDA_METODOLOGICA,REQUIERE_DECISION_INSTITUCIONAL,AREA_ACADEMICA_O_DUENO_DEL_PROGRAMA,DEPENDE,DEPENDE,Campo de formulario o carga potencial: validar contra instructivo CNED antes de excluir o completar.
2,I162S2C101J4V1,,Sub Área,REVISAR_SUB_AREA_SIN_FUENTE_DIRECTA,FORMULARIO_CNED_DESCONOCIDO,REVISAR,MEDIA,DUDA_METODOLOGICA,REQUIERE_DECISION_INSTITUCIONAL,AREA_ACADEMICA_O_DUENO_DEL_PROGRAMA,DEPENDE,DEPENDE,Campo de formulario o carga potencial: validar contra instructivo CNED antes de excluir o completar.
2,I162S2C101J4V1,,Carrera Genérica,REVISAR_CARRERA_GENERICA_SIN_FUENTE_DIRECTA,FORMULARIO_CNED_DESCONOCIDO,REVISAR,MEDIA,DUDA_METODOLOGICA,REQUIERE_DECISION_INSTITUCIONAL,AREA_ACADEMICA_O_DUENO_DEL_PROGRAMA,DEPENDE,DEPENDE,Campo de formulario o carga potencial: validar contra instructivo CNED antes de excluir o completar.
2,I162S2C101J4V1,,Grado Académico que otorga el programa,REVISAR_GRADO_ACADEMICO_SIN_FUENTE_DIRECTA,FORMULARIO_CNED_DESCONOCIDO,REVISAR,MEDIA,DUDA_METODOLOGICA,NO_RESOLVER_AUTOMATICAMENTE,INSTRUCTIVO_CNED_Y_DECISION_INSTITUCIONAL,DEPENDE,DEPENDE,Campo de formulario o carga potencial: validar contra instructivo CNED antes de excluir o completar.
2,I162S2C101J4V1,,Dependencia,REVISAR_DEPENDENCIA_SIN_FUENTE_DIRECTA,FORMULARIO_CNED_DESCONOCIDO,REVISAR,MEDIA,DUDA_METODOLOGICA,REQUIERE_DECISION_INSTITUCIONAL,AREA_ACADEMICA_O_DUENO_DEL_PROGRAMA,DEPENDE,DEPENDE,Campo de formulario o carga potencial: validar contra instructivo CNED antes de excluir o completar.
2,I162S2C101J4V1,,Régimen,REVISAR_REGIMEN_CODIGO_1,OFICIAL_PROBABLE,REVISAR,ALTA,CAMPO_PENDIENTE_REAL,VALIDAR_CON_REGISTRO_CURRICULAR,REGISTRO_CURRICULAR_OFERTA_OFICIAL,SI,NO,Campo estructural/oficial: no resolver sin fuente institucional.
2,I162S2C101J4V1,,Ingreso Directo,REVISAR_INGRESO_DIRECTO_CODIGO_REQUISITO_INGRESO_2,FORMULARIO_CNED_DESCONOCIDO,REVISAR,MEDIA,DUDA_METODOLOGICA,VALIDAR_CON_AREA_ACADEMICA,AREA_ACADEMICA_O_DUENO_DEL_PROGRAMA,DEPENDE,DEPENDE,Campo de formulario o carga potencial: validar contra instructivo CNED antes de excluir o completar.
2,I162S2C101J4V1,,Otro Tipo de Ingreso,REVISAR_OTRO_TIPO_INGRESO_CODIGO_REQUISITO_INGRESO_2,FORMULARIO_CNED_DESCONOCIDO,REVISAR,MEDIA,DUDA_METODOLOGICA,VALIDAR_CON_AREA_ACADEMICA,AREA_ACADEMICA_O_DUENO_DEL_PROGRAMA,DEPENDE,DEPENDE,Campo de formulario o carga potencial: validar contra instructivo CNED antes de excluir o completar.
2,I162S2C101J4V1,,Ingreso otro,REVISAR_DESCRIPCION_OTRO_INGRESO_SIN_TEXTO_FUENTE,FORMULARIO_CNED_DESCONOCIDO,REVISAR,MEDIA,DUDA_METODOLOGICA,VALIDAR_CON_AREA_ACADEMICA,AREA_ACADEMICA_O_DUENO_DEL_PROGRAMA,DEPENDE,DEPENDE,Campo de formulario o carga potencial: validar contra instructivo CNED antes de excluir o completar.
2,I162S2C101J4V1,,Observaciones,Crear según matriz PROMEDIOSDEALUMNOS_7804.xlsx / hoja matriz; conciliado contra diccionario oferta 2026; no encontrado en listado existente INDICES por CODIGO_UNICO; campos sin fuente directa quedan con revisión específica.,FORMULARIO_CNED_DESCONOCIDO,REVISION,MEDIA,OBSERVACION_INSTITUCIONAL,MANTENER_SOLO_COMO_TRAZABILIDAD,INSTRUCTIVO_CNED_Y_DECISION_INSTITUCIONAL,DEPENDE,DEPENDE,Campo de formulario o carga potencial: validar contra instructivo CNED antes de excluir o completar.
2,I162S2C101J4V1,,FECHA_ADMISION_INICIAL,REVISAR_FECHA_ADMISION_INICIAL_SIN_FUENTE,FORMULARIO_CNED_DESCONOCIDO,REVISAR,MEDIA,DUDA_METODOLOGICA,NO_RESOLVER_AUTOMATICAMENTE,INSTRUCTIVO_CNED_Y_DECISION_INSTITUCIONAL,DEPENDE,DEPENDE,Campo de formulario o carga potencial: validar contra instructivo CNED antes de excluir o completar.
2,I162S2C101J4V1,,MALLA_CURRICULAR,REVISAR_MALLA_CURRICULAR_SIN_FUENTE,FORMULARIO_CNED_DESCONOCIDO,REVISAR,MEDIA,DUDA_METODOLOGICA,VALIDAR_CON_AREA_ACADEMICA,AREA_ACADEMICA_O_DUENO_DEL_PROGRAMA,DEPENDE,DEPENDE,Campo de formulario o carga potencial: validar contra instructivo CNED antes de excluir o completar.
2,I162S2C101J4V1,,PERFIL_EGRESO,REVISAR_PERFIL_EGRESO_SIN_FUENTE,FORMULARIO_CNED_DESCONOCIDO,REVISAR,MEDIA,DUDA_METODOLOGICA,VALIDAR_CON_AREA_ACADEMICA,AREA_ACADEMICA_O_DUENO_DEL_PROGRAMA,DEPENDE,DEPENDE,Campo de formulario o carga potencial: validar contra instructivo CNED antes de excluir o completar.
2,I162S2C101J4V1,,TEXTO_REQUISITO_INGRESO,REVISAR_TEXTO_REQUISITO_INGRESO_SIN_FUENTE,FORMULARIO_CNED_DESCONOCIDO,REVISAR,MEDIA,DUDA_METODOLOGICA,VALIDAR_CON_AREA_ACADEMICA,AREA_ACADEMICA_O_DUENO_DEL_PROGRAMA,DEPENDE,DEPENDE,Campo de formulario o carga potencial: validar contra instructivo CNED antes de excluir o completar.
2,I162S2C101J4V1,,LICENCIA_ENS_MEDIA,REVISAR_LICENCIA_ENS_MEDIA_SIN_FUENTE,FORMULARIO_CNED_DESCONOCIDO,REVISAR,MEDIA,DUDA_METODOLOGICA,VALIDAR_CON_AREA_ACADEMICA,AREA_ACADEMICA_O_DUENO_DEL_PROGRAMA,DEPENDE,DEPENDE,Campo de formulario o carga potencial: validar contra instructivo CNED antes de excluir o completar.
2,I162S2C101J4V1,,NOTAS_ENS_MEDIA,REVISAR_NOTAS_ENS_MEDIA_SIN_FUENTE,FORMULARIO_CNED_DESCONOCIDO,REVISAR,MEDIA,DUDA_METODOLOGICA,VALIDAR_CON_AREA_ACADEMICA,AREA_ACADEMICA_O_DUENO_DEL_PROGRAMA,DEPENDE,DEPENDE,Campo de formulario o carga potencial: validar contra instructivo CNED antes de excluir o completar.
2,I162S2C101J4V1,,PROMEDIO_MIN_ENS_MEDIA,REVISAR_PROMEDIO_MIN_ENS_MEDIA_SIN_FUENTE,FORMULARIO_CNED_DESCONOCIDO,REVISAR,MEDIA,DUDA_METODOLOGICA,NO_RESOLVER_AUTOMATICAMENTE,INSTRUCTIVO_CNED_Y_DECISION_INSTITUCIONAL,DEPENDE,DEPENDE,Campo de formulario o carga potencial: validar contra instructivo CNED antes de excluir o completar.
2,I162S2C101J4V1,,RECONOCIMIENTOS_APREN_PREVIOS,REVISAR_RECONOCIMIENTOS_APREN_PREVIOS_SIN_FUENTE,FORMULARIO_CNED_DESCONOCIDO,REVISAR,MEDIA,DUDA_METODOLOGICA,NO_RESOLVER_AUTOMATICAMENTE,INSTRUCTIVO_CNED_Y_DECISION_INSTITUCIONAL,DEPENDE,DEPENDE,Campo de formulario o carga potencial: validar contra instructivo CNED antes de excluir o completar.
2,I162S2C101J4V1,,EXPERIENCIA_LABORAL,REVISAR_EXPERIENCIA_LABORAL_SIN_FUENTE,FORMULARIO_CNED_DESCONOCIDO,REVISAR,MEDIA,DUDA_METODOLOGICA,VALIDAR_CON_AREA_ACADEMICA,AREA_ACADEMICA_O_DUENO_DEL_PROGRAMA,DEPENDE,DEPENDE,Campo de formulario o carga potencial: validar contra instructivo CNED antes de excluir o completar.
2,I162S2C101J4V1,,OTROS_REQUISITOS,REVISAR_OTROS_REQUISITOS_SIN_FUENTE,FORMULARIO_CNED_DESCONOCIDO,REVISAR,MEDIA,DUDA_METODOLOGICA,VALIDAR_CON_AREA_ACADEMICA,AREA_ACADEMICA_O_DUENO_DEL_PROGRAMA,DEPENDE,DEPENDE,Campo de formulario o carga potencial: validar contra instructivo CNED antes de excluir o completar.
2,I162S2C101J4V1,,MAIL_DIFUSION_CARRERA,REVISAR_MAIL_DIFUSION_CARRERA_SIN_FUENTE,FORMULARIO_CNED_DESCONOCIDO,REVISAR,MEDIA,DUDA_METODOLOGICA,NO_RESOLVER_AUTOMATICAMENTE,INSTRUCTIVO_CNED_Y_DECISION_INSTITUCIONAL,DEPENDE,DEPENDE,Campo de formulario o carga potencial: validar contra instructivo CNED antes de excluir o completar.
2,I162S2C101J4V1,,FORMATO_VALOR,REVISAR_FORMATO_VALOR_SIN_FUENTE,FORMULARIO_CNED_DESCONOCIDO,REVISAR,MEDIA,DUDA_METODOLOGICA,VALIDAR_CON_FINANZAS_ARANCELES,FINANZAS_ARANCELES_INSTITUCIONAL,DEPENDE,DEPENDE,Requiere fuente monetaria explicita; no usar cero ni inferencias.
2,I162S2C101J4V1,,VALOR_MATRICULA_ANUAL,REVISAR_VALOR_MATRICULA_ANUAL_SIN_FUENTE,FORMULARIO_CNED_DESCONOCIDO,REVISAR,MEDIA,DUDA_METODOLOGICA,VALIDAR_CON_FINANZAS_ARANCELES,FINANZAS_ARANCELES_INSTITUCIONAL,DEPENDE,DEPENDE,Requiere fuente monetaria explicita; no usar cero ni inferencias.
2,I162S2C101J4V1,,COSTO_TITULACION,REVISAR_COSTO_TITULACION_SIN_FUENTE,FORMULARIO_CNED_DESCONOCIDO,REVISAR,MEDIA,DUDA_METODOLOGICA,VALIDAR_CON_FINANZAS_ARANCELES,FINANZAS_ARANCELES_INSTITUCIONAL,DEPENDE,DEPENDE,Requiere fuente monetaria explicita; no usar cero ni inferencias.
2,I162S2C101J4V1,,VALOR_CERTIFICADO_DIPLOMA,REVISAR_VALOR_CERTIFICADO_DIPLOMA_SIN_FUENTE,FORMULARIO_CNED_DESCONOCIDO,REVISAR,MEDIA,DUDA_METODOLOGICA,VALIDAR_CON_FINANZAS_ARANCELES,FINANZAS_ARANCELES_INSTITUCIONAL,DEPENDE,DEPENDE,Requiere fuente monetaria explicita; no usar cero ni inferencias.
2,I162S2C101J4V1,,ARANCEL_ANUAL,REVISAR_ARANCEL_ANUAL_SIN_FUENTE,FORMULARIO_CNED_DESCONOCIDO,REVISAR,MEDIA,DUDA_METODOLOGICA,VALIDAR_CON_FINANZAS_ARANCELES,FINANZAS_ARANCELES_INSTITUCIONAL,DEPENDE,DEPENDE,Requiere fuente monetaria explicita; no usar cero ni inferencias.
2,I162S2C101J4V1,,VIGENCIA_CARRERA,REVISAR_VIGENCIA_CARRERA_SIN_FUENTE_DIRECTA,OFICIAL_PROBABLE,REVISAR,ALTA,CAMPO_PENDIENTE_REAL,VALIDAR_CON_REGISTRO_CURRICULAR,REGISTRO_CURRICULAR_OFERTA_OFICIAL,SI,NO,Campo estructural/oficial: no resolver sin fuente institucional.
2,I162S2C101J4V1,,CNED_ESTADO_AUDITORIA,REQUIERE_REVISION,AUXILIAR_TECNICA,REVISION,BAJA,MARCA_TECNICA_REMOVIBLE,EXCLUIR_DE_ARCHIVO_CARGA_SI_ES_AUXILIAR,TRAZABILIDAD_INTERNA_CNED,NO,SI,No debe ir en archivo de carga; conservar en trazabilidad.
2,I162S2C101J4V1,,CNED_ALERTAS,CONTIENE_MARCAS_TECNICAS_DE_REVISION,AUXILIAR_TECNICA,REVISION,BAJA,MARCA_TECNICA_REMOVIBLE,EXCLUIR_DE_ARCHIVO_CARGA_SI_ES_AUXILIAR,TRAZABILIDAD_INTERNA_CNED,NO,SI,No debe ir en archivo de carga; conservar en trazabilidad.
2,I162S2C101J4V1,,CNED_PUEDE_SUBIR_PRELIMINAR,REVISAR,AUXILIAR_TECNICA,REVISAR,BAJA,MARCA_TECNICA_REMOVIBLE,EXCLUIR_DE_ARCHIVO_CARGA_SI_ES_AUXILIAR,TRAZABILIDAD_INTERNA_CNED,NO,SI,No debe ir en archivo de carga; conservar en trazabilidad.
3,I162S2C102J4V1,,Área del Conocimiento,REVISAR_AREA_CODIGO_8,FORMULARIO_CNED_DESCONOCIDO,REVISAR,MEDIA,DUDA_METODOLOGICA,REQUIERE_DECISION_INSTITUCIONAL,AREA_ACADEMICA_O_DUENO_DEL_PROGRAMA,DEPENDE,DEPENDE,Campo de formulario o carga potencial: validar contra instructivo CNED antes de excluir o completar.
3,I162S2C102J4V1,,Sub Área,REVISAR_SUB_AREA_SIN_FUENTE_DIRECTA,FORMULARIO_CNED_DESCONOCIDO,REVISAR,MEDIA,DUDA_METODOLOGICA,REQUIERE_DECISION_INSTITUCIONAL,AREA_ACADEMICA_O_DUENO_DEL_PROGRAMA,DEPENDE,DEPENDE,Campo de formulario o carga potencial: validar contra instructivo CNED antes de excluir o completar.
3,I162S2C102J4V1,,Carrera Genérica,REVISAR_CARRERA_GENERICA_SIN_FUENTE_DIRECTA,FORMULARIO_CNED_DESCONOCIDO,REVISAR,MEDIA,DUDA_METODOLOGICA,REQUIERE_DECISION_INSTITUCIONAL,AREA_ACADEMICA_O_DUENO_DEL_PROGRAMA,DEPENDE,DEPENDE,Campo de formulario o carga potencial: validar contra instructivo CNED antes de excluir o completar.
3,I162S2C102J4V1,,Grado Académico que otorga el programa,REVISAR_GRADO_ACADEMICO_SIN_FUENTE_DIRECTA,FORMULARIO_CNED_DESCONOCIDO,REVISAR,MEDIA,DUDA_METODOLOGICA,NO_RESOLVER_AUTOMATICAMENTE,INSTRUCTIVO_CNED_Y_DECISION_INSTITUCIONAL,DEPENDE,DEPENDE,Campo de formulario o carga potencial: validar contra instructivo CNED antes de excluir o completar.
3,I162S2C102J4V1,,Dependencia,REVISAR_DEPENDENCIA_SIN_FUENTE_DIRECTA,FORMULARIO_CNED_DESCONOCIDO,REVISAR,MEDIA,DUDA_METODOLOGICA,REQUIERE_DECISION_INSTITUCIONAL,AREA_ACADEMICA_O_DUENO_DEL_PROGRAMA,DEPENDE,DEPENDE,Campo de formulario o carga potencial: validar contra instructivo CNED antes de excluir o completar.
3,I162S2C102J4V1,,Régimen,REVISAR_REGIMEN_CODIGO_1,OFICIAL_PROBABLE,REVISAR,ALTA,CAMPO_PENDIENTE_REAL,VALIDAR_CON_REGISTRO_CURRICULAR,REGISTRO_CURRICULAR_OFERTA_OFICIAL,SI,NO,Campo estructural/oficial: no resolver sin fuente institucional.
3,I162S2C102J4V1,,Ingreso Directo,REVISAR_INGRESO_DIRECTO_CODIGO_REQUISITO_INGRESO_2,FORMULARIO_CNED_DESCONOCIDO,REVISAR,MEDIA,DUDA_METODOLOGICA,VALIDAR_CON_AREA_ACADEMICA,AREA_ACADEMICA_O_DUENO_DEL_PROGRAMA,DEPENDE,DEPENDE,Campo de formulario o carga potencial: validar contra instructivo CNED antes de excluir o completar.
3,I162S2C102J4V1,,Otro Tipo de Ingreso,REVISAR_OTRO_TIPO_INGRESO_CODIGO_REQUISITO_INGRESO_2,FORMULARIO_CNED_DESCONOCIDO,REVISAR,MEDIA,DUDA_METODOLOGICA,VALIDAR_CON_AREA_ACADEMICA,AREA_ACADEMICA_O_DUENO_DEL_PROGRAMA,DEPENDE,DEPENDE,Campo de formulario o carga potencial: validar contra instructivo CNED antes de excluir o completar.
3,I162S2C102J4V1,,Ingreso otro,REVISAR_DESCRIPCION_OTRO_INGRESO_SIN_TEXTO_FUENTE,FORMULARIO_CNED_DESCONOCIDO,REVISAR,MEDIA,DUDA_METODOLOGICA,VALIDAR_CON_AREA_ACADEMICA,AREA_ACADEMICA_O_DUENO_DEL_PROGRAMA,DEPENDE,DEPENDE,Campo de formulario o carga potencial: validar contra instructivo CNED antes de excluir o completar.
3,I162S2C102J4V1,,Observaciones,Crear según matriz PROMEDIOSDEALUMNOS_7804.xlsx / hoja matriz; conciliado contra diccionario oferta 2026; no encontrado en listado existente INDICES por CODIGO_UNICO; campos sin fuente directa quedan con revisión específica.,FORMULARIO_CNED_DESCONOCIDO,REVISION,MEDIA,OBSERVACION_INSTITUCIONAL,MANTENER_SOLO_COMO_TRAZABILIDAD,INSTRUCTIVO_CNED_Y_DECISION_INSTITUCIONAL,DEPENDE,DEPENDE,Campo de formulario o carga potencial: validar contra instructivo CNED antes de excluir o completar.
3,I162S2C102J4V1,,FECHA_ADMISION_INICIAL,REVISAR_FECHA_ADMISION_INICIAL_SIN_FUENTE,FORMULARIO_CNED_DESCONOCIDO,REVISAR,MEDIA,DUDA_METODOLOGICA,NO_RESOLVER_AUTOMATICAMENTE,INSTRUCTIVO_CNED_Y_DECISION_INSTITUCIONAL,DEPENDE,DEPENDE,Campo de formulario o carga potencial: validar contra instructivo CNED antes de excluir o completar.
3,I162S2C102J4V1,,MALLA_CURRICULAR,REVISAR_MALLA_CURRICULAR_SIN_FUENTE,FORMULARIO_CNED_DESCONOCIDO,REVISAR,MEDIA,DUDA_METODOLOGICA,VALIDAR_CON_AREA_ACADEMICA,AREA_ACADEMICA_O_DUENO_DEL_PROGRAMA,DEPENDE,DEPENDE,Campo de formulario o carga potencial: validar contra instructivo CNED antes de excluir o completar.
3,I162S2C102J4V1,,PERFIL_EGRESO,REVISAR_PERFIL_EGRESO_SIN_FUENTE,FORMULARIO_CNED_DESCONOCIDO,REVISAR,MEDIA,DUDA_METODOLOGICA,VALIDAR_CON_AREA_ACADEMICA,AREA_ACADEMICA_O_DUENO_DEL_PROGRAMA,DEPENDE,DEPENDE,Campo de formulario o carga potencial: validar contra instructivo CNED antes de excluir o completar.
3,I162S2C102J4V1,,TEXTO_REQUISITO_INGRESO,REVISAR_TEXTO_REQUISITO_INGRESO_SIN_FUENTE,FORMULARIO_CNED_DESCONOCIDO,REVISAR,MEDIA,DUDA_METODOLOGICA,VALIDAR_CON_AREA_ACADEMICA,AREA_ACADEMICA_O_DUENO_DEL_PROGRAMA,DEPENDE,DEPENDE,Campo de formulario o carga potencial: validar contra instructivo CNED antes de excluir o completar.
3,I162S2C102J4V1,,LICENCIA_ENS_MEDIA,REVISAR_LICENCIA_ENS_MEDIA_SIN_FUENTE,FORMULARIO_CNED_DESCONOCIDO,REVISAR,MEDIA,DUDA_METODOLOGICA,VALIDAR_CON_AREA_ACADEMICA,AREA_ACADEMICA_O_DUENO_DEL_PROGRAMA,DEPENDE,DEPENDE,Campo de formulario o carga potencial: validar contra instructivo CNED antes de excluir o completar.
3,I162S2C102J4V1,,NOTAS_ENS_MEDIA,REVISAR_NOTAS_ENS_MEDIA_SIN_FUENTE,FORMULARIO_CNED_DESCONOCIDO,REVISAR,MEDIA,DUDA_METODOLOGICA,VALIDAR_CON_AREA_ACADEMICA,AREA_ACADEMICA_O_DUENO_DEL_PROGRAMA,DEPENDE,DEPENDE,Campo de formulario o carga potencial: validar contra instructivo CNED antes de excluir o completar.
3,I162S2C102J4V1,,PROMEDIO_MIN_ENS_MEDIA,REVISAR_PROMEDIO_MIN_ENS_MEDIA_SIN_FUENTE,FORMULARIO_CNED_DESCONOCIDO,REVISAR,MEDIA,DUDA_METODOLOGICA,NO_RESOLVER_AUTOMATICAMENTE,INSTRUCTIVO_CNED_Y_DECISION_INSTITUCIONAL,DEPENDE,DEPENDE,Campo de formulario o carga potencial: validar contra instructivo CNED antes de excluir o completar.
3,I162S2C102J4V1,,RECONOCIMIENTOS_APREN_PREVIOS,REVISAR_RECONOCIMIENTOS_APREN_PREVIOS_SIN_FUENTE,FORMULARIO_CNED_DESCONOCIDO,REVISAR,MEDIA,DUDA_METODOLOGICA,NO_RESOLVER_AUTOMATICAMENTE,INSTRUCTIVO_CNED_Y_DECISION_INSTITUCIONAL,DEPENDE,DEPENDE,Campo de formulario o carga potencial: validar contra instructivo CNED antes de excluir o completar.
3,I162S2C102J4V1,,EXPERIENCIA_LABORAL,REVISAR_EXPERIENCIA_LABORAL_SIN_FUENTE,FORMULARIO_CNED_DESCONOCIDO,REVISAR,MEDIA,DUDA_METODOLOGICA,VALIDAR_CON_AREA_ACADEMICA,AREA_ACADEMICA_O_DUENO_DEL_PROGRAMA,DEPENDE,DEPENDE,Campo de formulario o carga potencial: validar contra instructivo CNED antes de excluir o completar.
3,I162S2C102J4V1,,OTROS_REQUISITOS,REVISAR_OTROS_REQUISITOS_SIN_FUENTE,FORMULARIO_CNED_DESCONOCIDO,REVISAR,MEDIA,DUDA_METODOLOGICA,VALIDAR_CON_AREA_ACADEMICA,AREA_ACADEMICA_O_DUENO_DEL_PROGRAMA,DEPENDE,DEPENDE,Campo de formulario o carga potencial: validar contra instructivo CNED antes de excluir o completar.
3,I162S2C102J4V1,,MAIL_DIFUSION_CARRERA,REVISAR_MAIL_DIFUSION_CARRERA_SIN_FUENTE,FORMULARIO_CNED_DESCONOCIDO,REVISAR,MEDIA,DUDA_METODOLOGICA,NO_RESOLVER_AUTOMATICAMENTE,INSTRUCTIVO_CNED_Y_DECISION_INSTITUCIONAL,DEPENDE,DEPENDE,Campo de formulario o carga potencial: validar contra instructivo CNED antes de excluir o completar.
3,I162S2C102J4V1,,FORMATO_VALOR,REVISAR_FORMATO_VALOR_SIN_FUENTE,FORMULARIO_CNED_DESCONOCIDO,REVISAR,MEDIA,DUDA_METODOLOGICA,VALIDAR_CON_FINANZAS_ARANCELES,FINANZAS_ARANCELES_INSTITUCIONAL,DEPENDE,DEPENDE,Requiere fuente monetaria explicita; no usar cero ni inferencias.
3,I162S2C102J4V1,,VALOR_MATRICULA_ANUAL,REVISAR_VALOR_MATRICULA_ANUAL_SIN_FUENTE,FORMULARIO_CNED_DESCONOCIDO,REVISAR,MEDIA,DUDA_METODOLOGICA,VALIDAR_CON_FINANZAS_ARANCELES,FINANZAS_ARANCELES_INSTITUCIONAL,DEPENDE,DEPENDE,Requiere fuente monetaria explicita; no usar cero ni inferencias.
3,I162S2C102J4V1,,COSTO_TITULACION,REVISAR_COSTO_TITULACION_SIN_FUENTE,FORMULARIO_CNED_DESCONOCIDO,REVISAR,MEDIA,DUDA_METODOLOGICA,VALIDAR_CON_FINANZAS_ARANCELES,FINANZAS_ARANCELES_INSTITUCIONAL,DEPENDE,DEPENDE,Requiere fuente monetaria explicita; no usar cero ni inferencias.
3,I162S2C102J4V1,,VALOR_CERTIFICADO_DIPLOMA,REVISAR_VALOR_CERTIFICADO_DIPLOMA_SIN_FUENTE,FORMULARIO_CNED_DESCONOCIDO,REVISAR,MEDIA,DUDA_METODOLOGICA,VALIDAR_CON_FINANZAS_ARANCELES,FINANZAS_ARANCELES_INSTITUCIONAL,DEPENDE,DEPENDE,Requiere fuente monetaria explicita; no usar cero ni inferencias.
3,I162S2C102J4V1,,ARANCEL_ANUAL,REVISAR_ARANCEL_ANUAL_SIN_FUENTE,FORMULARIO_CNED_DESCONOCIDO,REVISAR,MEDIA,DUDA_METODOLOGICA,VALIDAR_CON_FINANZAS_ARANCELES,FINANZAS_ARANCELES_INSTITUCIONAL,DEPENDE,DEPENDE,Requiere fuente monetaria explicita; no usar cero ni inferencias.
3,I162S2C102J4V1,,VIGENCIA_CARRERA,REVISAR_VIGENCIA_CARRERA_SIN_FUENTE_DIRECTA,OFICIAL_PROBABLE,REVISAR,ALTA,CAMPO_PENDIENTE_REAL,VALIDAR_CON_REGISTRO_CURRICULAR,REGISTRO_CURRICULAR_OFERTA_OFICIAL,SI,NO,Campo estructural/oficial: no resolver sin fuente institucional.
3,I162S2C102J4V1,,CNED_ESTADO_AUDITORIA,REQUIERE_REVISION,AUXILIAR_TECNICA,REVISION,BAJA,MARCA_TECNICA_REMOVIBLE,EXCLUIR_DE_ARCHIVO_CARGA_SI_ES_AUXILIAR,TRAZABILIDAD_INTERNA_CNED,NO,SI,No debe ir en archivo de carga; conservar en trazabilidad.
3,I162S2C102J4V1,,CNED_ALERTAS,CONTIENE_MARCAS_TECNICAS_DE_REVISION,AUXILIAR_TECNICA,REVISION,BAJA,MARCA_TECNICA_REMOVIBLE,EXCLUIR_DE_ARCHIVO_CARGA_SI_ES_AUXILIAR,TRAZABILIDAD_INTERNA_CNED,NO,SI,No debe ir en archivo de carga; conservar en trazabilidad.
3,I162S2C102J4V1,,CNED_PUEDE_SUBIR_PRELIMINAR,REVISAR,AUXILIAR_TECNICA,REVISAR,BAJA,MARCA_TECNICA_REMOVIBLE,EXCLUIR_DE_ARCHIVO_CARGA_SI_ES_AUXILIAR,TRAZABILIDAD_INTERNA_CNED,NO,SI,No debe ir en archivo de carga; conservar en trazabilidad.
4,I162S2C103J4V1,,Área del Conocimiento,REVISAR_AREA_CODIGO_8,FORMULARIO_CNED_DESCONOCIDO,REVISAR,MEDIA,DUDA_METODOLOGICA,REQUIERE_DECISION_INSTITUCIONAL,AREA_ACADEMICA_O_DUENO_DEL_PROGRAMA,DEPENDE,DEPENDE,Campo de formulario o carga potencial: validar contra instructivo CNED antes de excluir o completar.
4,I162S2C103J4V1,,Sub Área,REVISAR_SUB_AREA_SIN_FUENTE_DIRECTA,FORMULARIO_CNED_DESCONOCIDO,REVISAR,MEDIA,DUDA_METODOLOGICA,REQUIERE_DECISION_INSTITUCIONAL,AREA_ACADEMICA_O_DUENO_DEL_PROGRAMA,DEPENDE,DEPENDE,Campo de formulario o carga potencial: validar contra instructivo CNED antes de excluir o completar.
4,I162S2C103J4V1,,Carrera Genérica,REVISAR_CARRERA_GENERICA_SIN_FUENTE_DIRECTA,FORMULARIO_CNED_DESCONOCIDO,REVISAR,MEDIA,DUDA_METODOLOGICA,REQUIERE_DECISION_INSTITUCIONAL,AREA_ACADEMICA_O_DUENO_DEL_PROGRAMA,DEPENDE,DEPENDE,Campo de formulario o carga potencial: validar contra instructivo CNED antes de excluir o completar.
4,I162S2C103J4V1,,Grado Académico que otorga el programa,REVISAR_GRADO_ACADEMICO_SIN_FUENTE_DIRECTA,FORMULARIO_CNED_DESCONOCIDO,REVISAR,MEDIA,DUDA_METODOLOGICA,NO_RESOLVER_AUTOMATICAMENTE,INSTRUCTIVO_CNED_Y_DECISION_INSTITUCIONAL,DEPENDE,DEPENDE,Campo de formulario o carga potencial: validar contra instructivo CNED antes de excluir o completar.
4,I162S2C103J4V1,,Dependencia,REVISAR_DEPENDENCIA_SIN_FUENTE_DIRECTA,FORMULARIO_CNED_DESCONOCIDO,REVISAR,MEDIA,DUDA_METODOLOGICA,REQUIERE_DECISION_INSTITUCIONAL,AREA_ACADEMICA_O_DUENO_DEL_PROGRAMA,DEPENDE,DEPENDE,Campo de formulario o carga potencial: validar contra instructivo CNED antes de excluir o completar.
4,I162S2C103J4V1,,Régimen,REVISAR_REGIMEN_CODIGO_1,OFICIAL_PROBABLE,REVISAR,ALTA,CAMPO_PENDIENTE_REAL,VALIDAR_CON_REGISTRO_CURRICULAR,REGISTRO_CURRICULAR_OFERTA_OFICIAL,SI,NO,Campo estructural/oficial: no resolver sin fuente institucional.
4,I162S2C103J4V1,,Ingreso Directo,REVISAR_INGRESO_DIRECTO_CODIGO_REQUISITO_INGRESO_2,FORMULARIO_CNED_DESCONOCIDO,REVISAR,MEDIA,DUDA_METODOLOGICA,VALIDAR_CON_AREA_ACADEMICA,AREA_ACADEMICA_O_DUENO_DEL_PROGRAMA,DEPENDE,DEPENDE,Campo de formulario o carga potencial: validar contra instructivo CNED antes de excluir o completar.
4,I162S2C103J4V1,,Otro Tipo de Ingreso,REVISAR_OTRO_TIPO_INGRESO_CODIGO_REQUISITO_INGRESO_2,FORMULARIO_CNED_DESCONOCIDO,REVISAR,MEDIA,DUDA_METODOLOGICA,VALIDAR_CON_AREA_ACADEMICA,AREA_ACADEMICA_O_DUENO_DEL_PROGRAMA,DEPENDE,DEPENDE,Campo de formulario o carga potencial: validar contra instructivo CNED antes de excluir o completar.
4,I162S2C103J4V1,,Ingreso otro,REVISAR_DESCRIPCION_OTRO_INGRESO_SIN_TEXTO_FUENTE,FORMULARIO_CNED_DESCONOCIDO,REVISAR,MEDIA,DUDA_METODOLOGICA,VALIDAR_CON_AREA_ACADEMICA,AREA_ACADEMICA_O_DUENO_DEL_PROGRAMA,DEPENDE,DEPENDE,Campo de formulario o carga potencial: validar contra instructivo CNED antes de excluir o completar.
4,I162S2C103J4V1,,Observaciones,Crear según matriz PROMEDIOSDEALUMNOS_7804.xlsx / hoja matriz; conciliado contra diccionario oferta 2026; no encontrado en listado existente INDICES por CODIGO_UNICO; campos sin fuente directa quedan con revisión específica.,FORMULARIO_CNED_DESCONOCIDO,REVISION,MEDIA,OBSERVACION_INSTITUCIONAL,MANTENER_SOLO_COMO_TRAZABILIDAD,INSTRUCTIVO_CNED_Y_DECISION_INSTITUCIONAL,DEPENDE,DEPENDE,Campo de formulario o carga potencial: validar contra instructivo CNED antes de excluir o completar.
4,I162S2C103J4V1,,FECHA_ADMISION_INICIAL,REVISAR_FECHA_ADMISION_INICIAL_SIN_FUENTE,FORMULARIO_CNED_DESCONOCIDO,REVISAR,MEDIA,DUDA_METODOLOGICA,NO_RESOLVER_AUTOMATICAMENTE,INSTRUCTIVO_CNED_Y_DECISION_INSTITUCIONAL,DEPENDE,DEPENDE,Campo de formulario o carga potencial: validar contra instructivo CNED antes de excluir o completar.
4,I162S2C103J4V1,,MALLA_CURRICULAR,REVISAR_MALLA_CURRICULAR_SIN_FUENTE,FORMULARIO_CNED_DESCONOCIDO,REVISAR,MEDIA,DUDA_METODOLOGICA,VALIDAR_CON_AREA_ACADEMICA,AREA_ACADEMICA_O_DUENO_DEL_PROGRAMA,DEPENDE,DEPENDE,Campo de formulario o carga potencial: validar contra instructivo CNED antes de excluir o completar.
4,I162S2C103J4V1,,PERFIL_EGRESO,REVISAR_PERFIL_EGRESO_SIN_FUENTE,FORMULARIO_CNED_DESCONOCIDO,REVISAR,MEDIA,DUDA_METODOLOGICA,VALIDAR_CON_AREA_ACADEMICA,AREA_ACADEMICA_O_DUENO_DEL_PROGRAMA,DEPENDE,DEPENDE,Campo de formulario o carga potencial: validar contra instructivo CNED antes de excluir o completar.
4,I162S2C103J4V1,,TEXTO_REQUISITO_INGRESO,REVISAR_TEXTO_REQUISITO_INGRESO_SIN_FUENTE,FORMULARIO_CNED_DESCONOCIDO,REVISAR,MEDIA,DUDA_METODOLOGICA,VALIDAR_CON_AREA_ACADEMICA,AREA_ACADEMICA_O_DUENO_DEL_PROGRAMA,DEPENDE,DEPENDE,Campo de formulario o carga potencial: validar contra instructivo CNED antes de excluir o completar.
4,I162S2C103J4V1,,LICENCIA_ENS_MEDIA,REVISAR_LICENCIA_ENS_MEDIA_SIN_FUENTE,FORMULARIO_CNED_DESCONOCIDO,REVISAR,MEDIA,DUDA_METODOLOGICA,VALIDAR_CON_AREA_ACADEMICA,AREA_ACADEMICA_O_DUENO_DEL_PROGRAMA,DEPENDE,DEPENDE,Campo de formulario o carga potencial: validar contra instructivo CNED antes de excluir o completar.
4,I162S2C103J4V1,,NOTAS_ENS_MEDIA,REVISAR_NOTAS_ENS_MEDIA_SIN_FUENTE,FORMULARIO_CNED_DESCONOCIDO,REVISAR,MEDIA,DUDA_METODOLOGICA,VALIDAR_CON_AREA_ACADEMICA,AREA_ACADEMICA_O_DUENO_DEL_PROGRAMA,DEPENDE,DEPENDE,Campo de formulario o carga potencial: validar contra instructivo CNED antes de excluir o completar.
4,I162S2C103J4V1,,PROMEDIO_MIN_ENS_MEDIA,REVISAR_PROMEDIO_MIN_ENS_MEDIA_SIN_FUENTE,FORMULARIO_CNED_DESCONOCIDO,REVISAR,MEDIA,DUDA_METODOLOGICA,NO_RESOLVER_AUTOMATICAMENTE,INSTRUCTIVO_CNED_Y_DECISION_INSTITUCIONAL,DEPENDE,DEPENDE,Campo de formulario o carga potencial: validar contra instructivo CNED antes de excluir o completar.
4,I162S2C103J4V1,,RECONOCIMIENTOS_APREN_PREVIOS,REVISAR_RECONOCIMIENTOS_APREN_PREVIOS_SIN_FUENTE,FORMULARIO_CNED_DESCONOCIDO,REVISAR,MEDIA,DUDA_METODOLOGICA,NO_RESOLVER_AUTOMATICAMENTE,INSTRUCTIVO_CNED_Y_DECISION_INSTITUCIONAL,DEPENDE,DEPENDE,Campo de formulario o carga potencial: validar contra instructivo CNED antes de excluir o completar.
4,I162S2C103J4V1,,EXPERIENCIA_LABORAL,REVISAR_EXPERIENCIA_LABORAL_SIN_FUENTE,FORMULARIO_CNED_DESCONOCIDO,REVISAR,MEDIA,DUDA_METODOLOGICA,VALIDAR_CON_AREA_ACADEMICA,AREA_ACADEMICA_O_DUENO_DEL_PROGRAMA,DEPENDE,DEPENDE,Campo de formulario o carga potencial: validar contra instructivo CNED antes de excluir o completar.
4,I162S2C103J4V1,,OTROS_REQUISITOS,REVISAR_OTROS_REQUISITOS_SIN_FUENTE,FORMULARIO_CNED_DESCONOCIDO,REVISAR,MEDIA,DUDA_METODOLOGICA,VALIDAR_CON_AREA_ACADEMICA,AREA_ACADEMICA_O_DUENO_DEL_PROGRAMA,DEPENDE,DEPENDE,Campo de formulario o carga potencial: validar contra instructivo CNED antes de excluir o completar.
4,I162S2C103J4V1,,MAIL_DIFUSION_CARRERA,REVISAR_MAIL_DIFUSION_CARRERA_SIN_FUENTE,FORMULARIO_CNED_DESCONOCIDO,REVISAR,MEDIA,DUDA_METODOLOGICA,NO_RESOLVER_AUTOMATICAMENTE,INSTRUCTIVO_CNED_Y_DECISION_INSTITUCIONAL,DEPENDE,DEPENDE,Campo de formulario o carga potencial: validar contra instructivo CNED antes de excluir o completar.
4,I162S2C103J4V1,,FORMATO_VALOR,REVISAR_FORMATO_VALOR_SIN_FUENTE,FORMULARIO_CNED_DESCONOCIDO,REVISAR,MEDIA,DUDA_METODOLOGICA,VALIDAR_CON_FINANZAS_ARANCELES,FINANZAS_ARANCELES_INSTITUCIONAL,DEPENDE,DEPENDE,Requiere fuente monetaria explicita; no usar cero ni inferencias.
4,I162S2C103J4V1,,VALOR_MATRICULA_ANUAL,REVISAR_VALOR_MATRICULA_ANUAL_SIN_FUENTE,FORMULARIO_CNED_DESCONOCIDO,REVISAR,MEDIA,DUDA_METODOLOGICA,VALIDAR_CON_FINANZAS_ARANCELES,FINANZAS_ARANCELES_INSTITUCIONAL,DEPENDE,DEPENDE,Requiere fuente monetaria explicita; no usar cero ni inferencias.
4,I162S2C103J4V1,,COSTO_TITULACION,REVISAR_COSTO_TITULACION_SIN_FUENTE,FORMULARIO_CNED_DESCONOCIDO,REVISAR,MEDIA,DUDA_METODOLOGICA,VALIDAR_CON_FINANZAS_ARANCELES,FINANZAS_ARANCELES_INSTITUCIONAL,DEPENDE,DEPENDE,Requiere fuente monetaria explicita; no usar cero ni inferencias.
4,I162S2C103J4V1,,VALOR_CERTIFICADO_DIPLOMA,REVISAR_VALOR_CERTIFICADO_DIPLOMA_SIN_FUENTE,FORMULARIO_CNED_DESCONOCIDO,REVISAR,MEDIA,DUDA_METODOLOGICA,VALIDAR_CON_FINANZAS_ARANCELES,FINANZAS_ARANCELES_INSTITUCIONAL,DEPENDE,DEPENDE,Requiere fuente monetaria explicita; no usar cero ni inferencias.
4,I162S2C103J4V1,,ARANCEL_ANUAL,REVISAR_ARANCEL_ANUAL_SIN_FUENTE,FORMULARIO_CNED_DESCONOCIDO,REVISAR,MEDIA,DUDA_METODOLOGICA,VALIDAR_CON_FINANZAS_ARANCELES,FINANZAS_ARANCELES_INSTITUCIONAL,DEPENDE,DEPENDE,Requiere fuente monetaria explicita; no usar cero ni inferencias.
4,I162S2C103J4V1,,VIGENCIA_CARRERA,REVISAR_VIGENCIA_CARRERA_SIN_FUENTE_DIRECTA,OFICIAL_PROBABLE,REVISAR,ALTA,CAMPO_PENDIENTE_REAL,VALIDAR_CON_REGISTRO_CURRICULAR,REGISTRO_CURRICULAR_OFERTA_OFICIAL,SI,NO,Campo estructural/oficial: no resolver sin fuente institucional.
4,I162S2C103J4V1,,CNED_ESTADO_AUDITORIA,REQUIERE_REVISION,AUXILIAR_TECNICA,REVISION,BAJA,MARCA_TECNICA_REMOVIBLE,EXCLUIR_DE_ARCHIVO_CARGA_SI_ES_AUXILIAR,TRAZABILIDAD_INTERNA_CNED,NO,SI,No debe ir en archivo de carga; conservar en trazabilidad.
4,I162S2C103J4V1,,CNED_ALERTAS,CONTIENE_MARCAS_TECNICAS_DE_REVISION,AUXILIAR_TECNICA,REVISION,BAJA,MARCA_TECNICA_REMOVIBLE,EXCLUIR_DE_ARCHIVO_CARGA_SI_ES_AUXILIAR,TRAZABILIDAD_INTERNA_CNED,NO,SI,No debe ir en archivo de carga; conservar en trazabilidad.
4,I162S2C103J4V1,,CNED_PUEDE_SUBIR_PRELIMINAR,REVISAR,AUXILIAR_TECNICA,REVISAR,BAJA,MARCA_TECNICA_REMOVIBLE,EXCLUIR_DE_ARCHIVO_CARGA_SI_ES_AUXILIAR,TRAZABILIDAD_INTERNA_CNED,NO,SI,No debe ir en archivo de carga; conservar en trazabilidad.
5,I162S2C104J4V1,,Área del Conocimiento,REVISAR_AREA_CODIGO_6,FORMULARIO_CNED_DESCONOCIDO,REVISAR,MEDIA,DUDA_METODOLOGICA,REQUIERE_DECISION_INSTITUCIONAL,AREA_ACADEMICA_O_DUENO_DEL_PROGRAMA,DEPENDE,DEPENDE,Campo de formulario o carga potencial: validar contra instructivo CNED antes de excluir o completar.
5,I162S2C104J4V1,,Sub Área,REVISAR_SUB_AREA_SIN_FUENTE_DIRECTA,FORMULARIO_CNED_DESCONOCIDO,REVISAR,MEDIA,DUDA_METODOLOGICA,REQUIERE_DECISION_INSTITUCIONAL,AREA_ACADEMICA_O_DUENO_DEL_PROGRAMA,DEPENDE,DEPENDE,Campo de formulario o carga potencial: validar contra instructivo CNED antes de excluir o completar.
5,I162S2C104J4V1,,Carrera Genérica,REVISAR_CARRERA_GENERICA_SIN_FUENTE_DIRECTA,FORMULARIO_CNED_DESCONOCIDO,REVISAR,MEDIA,DUDA_METODOLOGICA,REQUIERE_DECISION_INSTITUCIONAL,AREA_ACADEMICA_O_DUENO_DEL_PROGRAMA,DEPENDE,DEPENDE,Campo de formulario o carga potencial: validar contra instructivo CNED antes de excluir o completar.
5,I162S2C104J4V1,,Grado Académico que otorga el programa,REVISAR_GRADO_ACADEMICO_SIN_FUENTE_DIRECTA,FORMULARIO_CNED_DESCONOCIDO,REVISAR,MEDIA,DUDA_METODOLOGICA,NO_RESOLVER_AUTOMATICAMENTE,INSTRUCTIVO_CNED_Y_DECISION_INSTITUCIONAL,DEPENDE,DEPENDE,Campo de formulario o carga potencial: validar contra instructivo CNED antes de excluir o completar.
5,I162S2C104J4V1,,Dependencia,REVISAR_DEPENDENCIA_SIN_FUENTE_DIRECTA,FORMULARIO_CNED_DESCONOCIDO,REVISAR,MEDIA,DUDA_METODOLOGICA,REQUIERE_DECISION_INSTITUCIONAL,AREA_ACADEMICA_O_DUENO_DEL_PROGRAMA,DEPENDE,DEPENDE,Campo de formulario o carga potencial: validar contra instructivo CNED antes de excluir o completar.
5,I162S2C104J4V1,,Régimen,REVISAR_REGIMEN_CODIGO_1,OFICIAL_PROBABLE,REVISAR,ALTA,CAMPO_PENDIENTE_REAL,VALIDAR_CON_REGISTRO_CURRICULAR,REGISTRO_CURRICULAR_OFERTA_OFICIAL,SI,NO,Campo estructural/oficial: no resolver sin fuente institucional.
5,I162S2C104J4V1,,Ingreso Directo,REVISAR_INGRESO_DIRECTO_CODIGO_REQUISITO_INGRESO_2,FORMULARIO_CNED_DESCONOCIDO,REVISAR,MEDIA,DUDA_METODOLOGICA,VALIDAR_CON_AREA_ACADEMICA,AREA_ACADEMICA_O_DUENO_DEL_PROGRAMA,DEPENDE,DEPENDE,Campo de formulario o carga potencial: validar contra instructivo CNED antes de excluir o completar.
5,I162S2C104J4V1,,Otro Tipo de Ingreso,REVISAR_OTRO_TIPO_INGRESO_CODIGO_REQUISITO_INGRESO_2,FORMULARIO_CNED_DESCONOCIDO,REVISAR,MEDIA,DUDA_METODOLOGICA,VALIDAR_CON_AREA_ACADEMICA,AREA_ACADEMICA_O_DUENO_DEL_PROGRAMA,DEPENDE,DEPENDE,Campo de formulario o carga potencial: validar contra instructivo CNED antes de excluir o completar.
5,I162S2C104J4V1,,Ingreso otro,REVISAR_DESCRIPCION_OTRO_INGRESO_SIN_TEXTO_FUENTE,FORMULARIO_CNED_DESCONOCIDO,REVISAR,MEDIA,DUDA_METODOLOGICA,VALIDAR_CON_AREA_ACADEMICA,AREA_ACADEMICA_O_DUENO_DEL_PROGRAMA,DEPENDE,DEPENDE,Campo de formulario o carga potencial: validar contra instructivo CNED antes de excluir o completar.
5,I162S2C104J4V1,,Observaciones,Crear según matriz PROMEDIOSDEALUMNOS_7804.xlsx / hoja matriz; conciliado contra diccionario oferta 2026; no encontrado en listado existente INDICES por CODIGO_UNICO; campos sin fuente directa quedan con revisión específica.,FORMULARIO_CNED_DESCONOCIDO,REVISION,MEDIA,OBSERVACION_INSTITUCIONAL,MANTENER_SOLO_COMO_TRAZABILIDAD,INSTRUCTIVO_CNED_Y_DECISION_INSTITUCIONAL,DEPENDE,DEPENDE,Campo de formulario o carga potencial: validar contra instructivo CNED antes de excluir o completar.
5,I162S2C104J4V1,,FECHA_ADMISION_INICIAL,REVISAR_FECHA_ADMISION_INICIAL_SIN_FUENTE,FORMULARIO_CNED_DESCONOCIDO,REVISAR,MEDIA,DUDA_METODOLOGICA,NO_RESOLVER_AUTOMATICAMENTE,INSTRUCTIVO_CNED_Y_DECISION_INSTITUCIONAL,DEPENDE,DEPENDE,Campo de formulario o carga potencial: validar contra instructivo CNED antes de excluir o completar.
5,I162S2C104J4V1,,MALLA_CURRICULAR,REVISAR_MALLA_CURRICULAR_SIN_FUENTE,FORMULARIO_CNED_DESCONOCIDO,REVISAR,MEDIA,DUDA_METODOLOGICA,VALIDAR_CON_AREA_ACADEMICA,AREA_ACADEMICA_O_DUENO_DEL_PROGRAMA,DEPENDE,DEPENDE,Campo de formulario o carga potencial: validar contra instructivo CNED antes de excluir o completar.
5,I162S2C104J4V1,,PERFIL_EGRESO,REVISAR_PERFIL_EGRESO_SIN_FUENTE,FORMULARIO_CNED_DESCONOCIDO,REVISAR,MEDIA,DUDA_METODOLOGICA,VALIDAR_CON_AREA_ACADEMICA,AREA_ACADEMICA_O_DUENO_DEL_PROGRAMA,DEPENDE,DEPENDE,Campo de formulario o carga potencial: validar contra instructivo CNED antes de excluir o completar.
5,I162S2C104J4V1,,TEXTO_REQUISITO_INGRESO,REVISAR_TEXTO_REQUISITO_INGRESO_SIN_FUENTE,FORMULARIO_CNED_DESCONOCIDO,REVISAR,MEDIA,DUDA_METODOLOGICA,VALIDAR_CON_AREA_ACADEMICA,AREA_ACADEMICA_O_DUENO_DEL_PROGRAMA,DEPENDE,DEPENDE,Campo de formulario o carga potencial: validar contra instructivo CNED antes de excluir o completar.
5,I162S2C104J4V1,,LICENCIA_ENS_MEDIA,REVISAR_LICENCIA_ENS_MEDIA_SIN_FUENTE,FORMULARIO_CNED_DESCONOCIDO,REVISAR,MEDIA,DUDA_METODOLOGICA,VALIDAR_CON_AREA_ACADEMICA,AREA_ACADEMICA_O_DUENO_DEL_PROGRAMA,DEPENDE,DEPENDE,Campo de formulario o carga potencial: validar contra instructivo CNED antes de excluir o completar.
5,I162S2C104J4V1,,NOTAS_ENS_MEDIA,REVISAR_NOTAS_ENS_MEDIA_SIN_FUENTE,FORMULARIO_CNED_DESCONOCIDO,REVISAR,MEDIA,DUDA_METODOLOGICA,VALIDAR_CON_AREA_ACADEMICA,AREA_ACADEMICA_O_DUENO_DEL_PROGRAMA,DEPENDE,DEPENDE,Campo de formulario o carga potencial: validar contra instructivo CNED antes de excluir o completar.
5,I162S2C104J4V1,,PROMEDIO_MIN_ENS_MEDIA,REVISAR_PROMEDIO_MIN_ENS_MEDIA_SIN_FUENTE,FORMULARIO_CNED_DESCONOCIDO,REVISAR,MEDIA,DUDA_METODOLOGICA,NO_RESOLVER_AUTOMATICAMENTE,INSTRUCTIVO_CNED_Y_DECISION_INSTITUCIONAL,DEPENDE,DEPENDE,Campo de formulario o carga potencial: validar contra instructivo CNED antes de excluir o completar.
5,I162S2C104J4V1,,RECONOCIMIENTOS_APREN_PREVIOS,REVISAR_RECONOCIMIENTOS_APREN_PREVIOS_SIN_FUENTE,FORMULARIO_CNED_DESCONOCIDO,REVISAR,MEDIA,DUDA_METODOLOGICA,NO_RESOLVER_AUTOMATICAMENTE,INSTRUCTIVO_CNED_Y_DECISION_INSTITUCIONAL,DEPENDE,DEPENDE,Campo de formulario o carga potencial: validar contra instructivo CNED antes de excluir o completar.
5,I162S2C104J4V1,,EXPERIENCIA_LABORAL,REVISAR_EXPERIENCIA_LABORAL_SIN_FUENTE,FORMULARIO_CNED_DESCONOCIDO,REVISAR,MEDIA,DUDA_METODOLOGICA,VALIDAR_CON_AREA_ACADEMICA,AREA_ACADEMICA_O_DUENO_DEL_PROGRAMA,DEPENDE,DEPENDE,Campo de formulario o carga potencial: validar contra instructivo CNED antes de excluir o completar.
5,I162S2C104J4V1,,OTROS_REQUISITOS,REVISAR_OTROS_REQUISITOS_SIN_FUENTE,FORMULARIO_CNED_DESCONOCIDO,REVISAR,MEDIA,DUDA_METODOLOGICA,VALIDAR_CON_AREA_ACADEMICA,AREA_ACADEMICA_O_DUENO_DEL_PROGRAMA,DEPENDE,DEPENDE,Campo de formulario o carga potencial: validar contra instructivo CNED antes de excluir o completar.
5,I162S2C104J4V1,,MAIL_DIFUSION_CARRERA,REVISAR_MAIL_DIFUSION_CARRERA_SIN_FUENTE,FORMULARIO_CNED_DESCONOCIDO,REVISAR,MEDIA,DUDA_METODOLOGICA,NO_RESOLVER_AUTOMATICAMENTE,INSTRUCTIVO_CNED_Y_DECISION_INSTITUCIONAL,DEPENDE,DEPENDE,Campo de formulario o carga potencial: validar contra instructivo CNED antes de excluir o completar.
5,I162S2C104J4V1,,FORMATO_VALOR,REVISAR_FORMATO_VALOR_SIN_FUENTE,FORMULARIO_CNED_DESCONOCIDO,REVISAR,MEDIA,DUDA_METODOLOGICA,VALIDAR_CON_FINANZAS_ARANCELES,FINANZAS_ARANCELES_INSTITUCIONAL,DEPENDE,DEPENDE,Requiere fuente monetaria explicita; no usar cero ni inferencias.
5,I162S2C104J4V1,,VALOR_MATRICULA_ANUAL,REVISAR_VALOR_MATRICULA_ANUAL_SIN_FUENTE,FORMULARIO_CNED_DESCONOCIDO,REVISAR,MEDIA,DUDA_METODOLOGICA,VALIDAR_CON_FINANZAS_ARANCELES,FINANZAS_ARANCELES_INSTITUCIONAL,DEPENDE,DEPENDE,Requiere fuente monetaria explicita; no usar cero ni inferencias.
5,I162S2C104J4V1,,COSTO_TITULACION,REVISAR_COSTO_TITULACION_SIN_FUENTE,FORMULARIO_CNED_DESCONOCIDO,REVISAR,MEDIA,DUDA_METODOLOGICA,VALIDAR_CON_FINANZAS_ARANCELES,FINANZAS_ARANCELES_INSTITUCIONAL,DEPENDE,DEPENDE,Requiere fuente monetaria explicita; no usar cero ni inferencias.
5,I162S2C104J4V1,,VALOR_CERTIFICADO_DIPLOMA,REVISAR_VALOR_CERTIFICADO_DIPLOMA_SIN_FUENTE,FORMULARIO_CNED_DESCONOCIDO,REVISAR,MEDIA,DUDA_METODOLOGICA,VALIDAR_CON_FINANZAS_ARANCELES,FINANZAS_ARANCELES_INSTITUCIONAL,DEPENDE,DEPENDE,Requiere fuente monetaria explicita; no usar cero ni inferencias.
5,I162S2C104J4V1,,ARANCEL_ANUAL,REVISAR_ARANCEL_ANUAL_SIN_FUENTE,FORMULARIO_CNED_DESCONOCIDO,REVISAR,MEDIA,DUDA_METODOLOGICA,VALIDAR_CON_FINANZAS_ARANCELES,FINANZAS_ARANCELES_INSTITUCIONAL,DEPENDE,DEPENDE,Requiere fuente monetaria explicita; no usar cero ni inferencias.
5,I162S2C104J4V1,,VIGENCIA_CARRERA,REVISAR_VIGENCIA_CARRERA_SIN_FUENTE_DIRECTA,OFICIAL_PROBABLE,REVISAR,ALTA,CAMPO_PENDIENTE_REAL,VALIDAR_CON_REGISTRO_CURRICULAR,REGISTRO_CURRICULAR_OFERTA_OFICIAL,SI,NO,Campo estructural/oficial: no resolver sin fuente institucional.
5,I162S2C104J4V1,,CNED_ESTADO_AUDITORIA,REQUIERE_REVISION,AUXILIAR_TECNICA,REVISION,BAJA,MARCA_TECNICA_REMOVIBLE,EXCLUIR_DE_ARCHIVO_CARGA_SI_ES_AUXILIAR,TRAZABILIDAD_INTERNA_CNED,NO,SI,No debe ir en archivo de carga; conservar en trazabilidad.
5,I162S2C104J4V1,,CNED_ALERTAS,CONTIENE_MARCAS_TECNICAS_DE_REVISION,AUXILIAR_TECNICA,REVISION,BAJA,MARCA_TECNICA_REMOVIBLE,EXCLUIR_DE_ARCHIVO_CARGA_SI_ES_AUXILIAR,TRAZABILIDAD_INTERNA_CNED,NO,SI,No debe ir en archivo de carga; conservar en trazabilidad.
5,I162S2C104J4V1,,CNED_PUEDE_SUBIR_PRELIMINAR,REVISAR,AUXILIAR_TECNICA,REVISAR,BAJA,MARCA_TECNICA_REMOVIBLE,EXCLUIR_DE_ARCHIVO_CARGA_SI_ES_AUXILIAR,TRAZABILIDAD_INTERNA_CNED,NO,SI,No debe ir en archivo de carga; conservar en trazabilidad.
6,I162S2C105J4V1,,Área del Conocimiento,REVISAR_AREA_CODIGO_8,FORMULARIO_CNED_DESCONOCIDO,REVISAR,MEDIA,DUDA_METODOLOGICA,REQUIERE_DECISION_INSTITUCIONAL,AREA_ACADEMICA_O_DUENO_DEL_PROGRAMA,DEPENDE,DEPENDE,Campo de formulario o carga potencial: validar contra instructivo CNED antes de excluir o completar.
6,I162S2C105J4V1,,Sub Área,REVISAR_SUB_AREA_SIN_FUENTE_DIRECTA,FORMULARIO_CNED_DESCONOCIDO,REVISAR,MEDIA,DUDA_METODOLOGICA,REQUIERE_DECISION_INSTITUCIONAL,AREA_ACADEMICA_O_DUENO_DEL_PROGRAMA,DEPENDE,DEPENDE,Campo de formulario o carga potencial: validar contra instructivo CNED antes de excluir o completar.
6,I162S2C105J4V1,,Carrera Genérica,REVISAR_CARRERA_GENERICA_SIN_FUENTE_DIRECTA,FORMULARIO_CNED_DESCONOCIDO,REVISAR,MEDIA,DUDA_METODOLOGICA,REQUIERE_DECISION_INSTITUCIONAL,AREA_ACADEMICA_O_DUENO_DEL_PROGRAMA,DEPENDE,DEPENDE,Campo de formulario o carga potencial: validar contra instructivo CNED antes de excluir o completar.
6,I162S2C105J4V1,,Grado Académico que otorga el programa,REVISAR_GRADO_ACADEMICO_SIN_FUENTE_DIRECTA,FORMULARIO_CNED_DESCONOCIDO,REVISAR,MEDIA,DUDA_METODOLOGICA,NO_RESOLVER_AUTOMATICAMENTE,INSTRUCTIVO_CNED_Y_DECISION_INSTITUCIONAL,DEPENDE,DEPENDE,Campo de formulario o carga potencial: validar contra instructivo CNED antes de excluir o completar.
6,I162S2C105J4V1,,Dependencia,REVISAR_DEPENDENCIA_SIN_FUENTE_DIRECTA,FORMULARIO_CNED_DESCONOCIDO,REVISAR,MEDIA,DUDA_METODOLOGICA,REQUIERE_DECISION_INSTITUCIONAL,AREA_ACADEMICA_O_DUENO_DEL_PROGRAMA,DEPENDE,DEPENDE,Campo de formulario o carga potencial: validar contra instructivo CNED antes de excluir o completar.
6,I162S2C105J4V1,,Régimen,REVISAR_REGIMEN_CODIGO_1,OFICIAL_PROBABLE,REVISAR,ALTA,CAMPO_PENDIENTE_REAL,VALIDAR_CON_REGISTRO_CURRICULAR,REGISTRO_CURRICULAR_OFERTA_OFICIAL,SI,NO,Campo estructural/oficial: no resolver sin fuente institucional.
6,I162S2C105J4V1,,Ingreso Directo,REVISAR_INGRESO_DIRECTO_CODIGO_REQUISITO_INGRESO_2,FORMULARIO_CNED_DESCONOCIDO,REVISAR,MEDIA,DUDA_METODOLOGICA,VALIDAR_CON_AREA_ACADEMICA,AREA_ACADEMICA_O_DUENO_DEL_PROGRAMA,DEPENDE,DEPENDE,Campo de formulario o carga potencial: validar contra instructivo CNED antes de excluir o completar.
6,I162S2C105J4V1,,Otro Tipo de Ingreso,REVISAR_OTRO_TIPO_INGRESO_CODIGO_REQUISITO_INGRESO_2,FORMULARIO_CNED_DESCONOCIDO,REVISAR,MEDIA,DUDA_METODOLOGICA,VALIDAR_CON_AREA_ACADEMICA,AREA_ACADEMICA_O_DUENO_DEL_PROGRAMA,DEPENDE,DEPENDE,Campo de formulario o carga potencial: validar contra instructivo CNED antes de excluir o completar.
6,I162S2C105J4V1,,Ingreso otro,REVISAR_DESCRIPCION_OTRO_INGRESO_SIN_TEXTO_FUENTE,FORMULARIO_CNED_DESCONOCIDO,REVISAR,MEDIA,DUDA_METODOLOGICA,VALIDAR_CON_AREA_ACADEMICA,AREA_ACADEMICA_O_DUENO_DEL_PROGRAMA,DEPENDE,DEPENDE,Campo de formulario o carga potencial: validar contra instructivo CNED antes de excluir o completar.
6,I162S2C105J4V1,,Observaciones,Crear según matriz PROMEDIOSDEALUMNOS_7804.xlsx / hoja matriz; conciliado contra diccionario oferta 2026; no encontrado en listado existente INDICES por CODIGO_UNICO; campos sin fuente directa quedan con revisión específica.,FORMULARIO_CNED_DESCONOCIDO,REVISION,MEDIA,OBSERVACION_INSTITUCIONAL,MANTENER_SOLO_COMO_TRAZABILIDAD,INSTRUCTIVO_CNED_Y_DECISION_INSTITUCIONAL,DEPENDE,DEPENDE,Campo de formulario o carga potencial: validar contra instructivo CNED antes de excluir o completar.
6,I162S2C105J4V1,,FECHA_ADMISION_INICIAL,REVISAR_FECHA_ADMISION_INICIAL_SIN_FUENTE,FORMULARIO_CNED_DESCONOCIDO,REVISAR,MEDIA,DUDA_METODOLOGICA,NO_RESOLVER_AUTOMATICAMENTE,INSTRUCTIVO_CNED_Y_DECISION_INSTITUCIONAL,DEPENDE,DEPENDE,Campo de formulario o carga potencial: validar contra instructivo CNED antes de excluir o completar.
6,I162S2C105J4V1,,MALLA_CURRICULAR,REVISAR_MALLA_CURRICULAR_SIN_FUENTE,FORMULARIO_CNED_DESCONOCIDO,REVISAR,MEDIA,DUDA_METODOLOGICA,VALIDAR_CON_AREA_ACADEMICA,AREA_ACADEMICA_O_DUENO_DEL_PROGRAMA,DEPENDE,DEPENDE,Campo de formulario o carga potencial: validar contra instructivo CNED antes de excluir o completar.
6,I162S2C105J4V1,,PERFIL_EGRESO,REVISAR_PERFIL_EGRESO_SIN_FUENTE,FORMULARIO_CNED_DESCONOCIDO,REVISAR,MEDIA,DUDA_METODOLOGICA,VALIDAR_CON_AREA_ACADEMICA,AREA_ACADEMICA_O_DUENO_DEL_PROGRAMA,DEPENDE,DEPENDE,Campo de formulario o carga potencial: validar contra instructivo CNED antes de excluir o completar.
6,I162S2C105J4V1,,TEXTO_REQUISITO_INGRESO,REVISAR_TEXTO_REQUISITO_INGRESO_SIN_FUENTE,FORMULARIO_CNED_DESCONOCIDO,REVISAR,MEDIA,DUDA_METODOLOGICA,VALIDAR_CON_AREA_ACADEMICA,AREA_ACADEMICA_O_DUENO_DEL_PROGRAMA,DEPENDE,DEPENDE,Campo de formulario o carga potencial: validar contra instructivo CNED antes de excluir o completar.
6,I162S2C105J4V1,,LICENCIA_ENS_MEDIA,REVISAR_LICENCIA_ENS_MEDIA_SIN_FUENTE,FORMULARIO_CNED_DESCONOCIDO,REVISAR,MEDIA,DUDA_METODOLOGICA,VALIDAR_CON_AREA_ACADEMICA,AREA_ACADEMICA_O_DUENO_DEL_PROGRAMA,DEPENDE,DEPENDE,Campo de formulario o carga potencial: validar contra instructivo CNED antes de excluir o completar.
6,I162S2C105J4V1,,NOTAS_ENS_MEDIA,REVISAR_NOTAS_ENS_MEDIA_SIN_FUENTE,FORMULARIO_CNED_DESCONOCIDO,REVISAR,MEDIA,DUDA_METODOLOGICA,VALIDAR_CON_AREA_ACADEMICA,AREA_ACADEMICA_O_DUENO_DEL_PROGRAMA,DEPENDE,DEPENDE,Campo de formulario o carga potencial: validar contra instructivo CNED antes de excluir o completar.
6,I162S2C105J4V1,,PROMEDIO_MIN_ENS_MEDIA,REVISAR_PROMEDIO_MIN_ENS_MEDIA_SIN_FUENTE,FORMULARIO_CNED_DESCONOCIDO,REVISAR,MEDIA,DUDA_METODOLOGICA,NO_RESOLVER_AUTOMATICAMENTE,INSTRUCTIVO_CNED_Y_DECISION_INSTITUCIONAL,DEPENDE,DEPENDE,Campo de formulario o carga potencial: validar contra instructivo CNED antes de excluir o completar.
6,I162S2C105J4V1,,RECONOCIMIENTOS_APREN_PREVIOS,REVISAR_RECONOCIMIENTOS_APREN_PREVIOS_SIN_FUENTE,FORMULARIO_CNED_DESCONOCIDO,REVISAR,MEDIA,DUDA_METODOLOGICA,NO_RESOLVER_AUTOMATICAMENTE,INSTRUCTIVO_CNED_Y_DECISION_INSTITUCIONAL,DEPENDE,DEPENDE,Campo de formulario o carga potencial: validar contra instructivo CNED antes de excluir o completar.
6,I162S2C105J4V1,,EXPERIENCIA_LABORAL,REVISAR_EXPERIENCIA_LABORAL_SIN_FUENTE,FORMULARIO_CNED_DESCONOCIDO,REVISAR,MEDIA,DUDA_METODOLOGICA,VALIDAR_CON_AREA_ACADEMICA,AREA_ACADEMICA_O_DUENO_DEL_PROGRAMA,DEPENDE,DEPENDE,Campo de formulario o carga potencial: validar contra instructivo CNED antes de excluir o completar.
6,I162S2C105J4V1,,OTROS_REQUISITOS,REVISAR_OTROS_REQUISITOS_SIN_FUENTE,FORMULARIO_CNED_DESCONOCIDO,REVISAR,MEDIA,DUDA_METODOLOGICA,VALIDAR_CON_AREA_ACADEMICA,AREA_ACADEMICA_O_DUENO_DEL_PROGRAMA,DEPENDE,DEPENDE,Campo de formulario o carga potencial: validar contra instructivo CNED antes de excluir o completar.
6,I162S2C105J4V1,,MAIL_DIFUSION_CARRERA,REVISAR_MAIL_DIFUSION_CARRERA_SIN_FUENTE,FORMULARIO_CNED_DESCONOCIDO,REVISAR,MEDIA,DUDA_METODOLOGICA,NO_RESOLVER_AUTOMATICAMENTE,INSTRUCTIVO_CNED_Y_DECISION_INSTITUCIONAL,DEPENDE,DEPENDE,Campo de formulario o carga potencial: validar contra instructivo CNED antes de excluir o completar.
6,I162S2C105J4V1,,FORMATO_VALOR,REVISAR_FORMATO_VALOR_SIN_FUENTE,FORMULARIO_CNED_DESCONOCIDO,REVISAR,MEDIA,DUDA_METODOLOGICA,VALIDAR_CON_FINANZAS_ARANCELES,FINANZAS_ARANCELES_INSTITUCIONAL,DEPENDE,DEPENDE,Requiere fuente monetaria explicita; no usar cero ni inferencias.
6,I162S2C105J4V1,,VALOR_MATRICULA_ANUAL,REVISAR_VALOR_MATRICULA_ANUAL_SIN_FUENTE,FORMULARIO_CNED_DESCONOCIDO,REVISAR,MEDIA,DUDA_METODOLOGICA,VALIDAR_CON_FINANZAS_ARANCELES,FINANZAS_ARANCELES_INSTITUCIONAL,DEPENDE,DEPENDE,Requiere fuente monetaria explicita; no usar cero ni inferencias.
6,I162S2C105J4V1,,COSTO_TITULACION,REVISAR_COSTO_TITULACION_SIN_FUENTE,FORMULARIO_CNED_DESCONOCIDO,REVISAR,MEDIA,DUDA_METODOLOGICA,VALIDAR_CON_FINANZAS_ARANCELES,FINANZAS_ARANCELES_INSTITUCIONAL,DEPENDE,DEPENDE,Requiere fuente monetaria explicita; no usar cero ni inferencias.
6,I162S2C105J4V1,,VALOR_CERTIFICADO_DIPLOMA,REVISAR_VALOR_CERTIFICADO_DIPLOMA_SIN_FUENTE,FORMULARIO_CNED_DESCONOCIDO,REVISAR,MEDIA,DUDA_METODOLOGICA,VALIDAR_CON_FINANZAS_ARANCELES,FINANZAS_ARANCELES_INSTITUCIONAL,DEPENDE,DEPENDE,Requiere fuente monetaria explicita; no usar cero ni inferencias.
6,I162S2C105J4V1,,ARANCEL_ANUAL,REVISAR_ARANCEL_ANUAL_SIN_FUENTE,FORMULARIO_CNED_DESCONOCIDO,REVISAR,MEDIA,DUDA_METODOLOGICA,VALIDAR_CON_FINANZAS_ARANCELES,FINANZAS_ARANCELES_INSTITUCIONAL,DEPENDE,DEPENDE,Requiere fuente monetaria explicita; no usar cero ni inferencias.
6,I162S2C105J4V1,,VIGENCIA_CARRERA,REVISAR_VIGENCIA_CARRERA_SIN_FUENTE_DIRECTA,OFICIAL_PROBABLE,REVISAR,ALTA,CAMPO_PENDIENTE_REAL,VALIDAR_CON_REGISTRO_CURRICULAR,REGISTRO_CURRICULAR_OFERTA_OFICIAL,SI,NO,Campo estructural/oficial: no resolver sin fuente institucional.
6,I162S2C105J4V1,,CNED_ESTADO_AUDITORIA,REQUIERE_REVISION,AUXILIAR_TECNICA,REVISION,BAJA,MARCA_TECNICA_REMOVIBLE,EXCLUIR_DE_ARCHIVO_CARGA_SI_ES_AUXILIAR,TRAZABILIDAD_INTERNA_CNED,NO,SI,No debe ir en archivo de carga; conservar en trazabilidad.
6,I162S2C105J4V1,,CNED_ALERTAS,CONTIENE_MARCAS_TECNICAS_DE_REVISION,AUXILIAR_TECNICA,REVISION,BAJA,MARCA_TECNICA_REMOVIBLE,EXCLUIR_DE_ARCHIVO_CARGA_SI_ES_AUXILIAR,TRAZABILIDAD_INTERNA_CNED,NO,SI,No debe ir en archivo de carga; conservar en trazabilidad.
6,I162S2C105J4V1,,CNED_PUEDE_SUBIR_PRELIMINAR,REVISAR,AUXILIAR_TECNICA,REVISAR,BAJA,MARCA_TECNICA_REMOVIBLE,EXCLUIR_DE_ARCHIVO_CARGA_SI_ES_AUXILIAR,TRAZABILIDAD_INTERNA_CNED,NO,SI,No debe ir en archivo de carga; conservar en trazabilidad.
7,I162S2C10J1V1,,Área del Conocimiento,REVISAR_AREA_CODIGO_9,FORMULARIO_CNED_DESCONOCIDO,REVISAR,MEDIA,DUDA_METODOLOGICA,REQUIERE_DECISION_INSTITUCIONAL,AREA_ACADEMICA_O_DUENO_DEL_PROGRAMA,DEPENDE,DEPENDE,Campo de formulario o carga potencial: validar contra instructivo CNED antes de excluir o completar.
7,I162S2C10J1V1,,Sub Área,REVISAR_SUB_AREA_SIN_FUENTE_DIRECTA,FORMULARIO_CNED_DESCONOCIDO,REVISAR,MEDIA,DUDA_METODOLOGICA,REQUIERE_DECISION_INSTITUCIONAL,AREA_ACADEMICA_O_DUENO_DEL_PROGRAMA,DEPENDE,DEPENDE,Campo de formulario o carga potencial: validar contra instructivo CNED antes de excluir o completar.
7,I162S2C10J1V1,,Carrera Genérica,REVISAR_CARRERA_GENERICA_SIN_FUENTE_DIRECTA,FORMULARIO_CNED_DESCONOCIDO,REVISAR,MEDIA,DUDA_METODOLOGICA,REQUIERE_DECISION_INSTITUCIONAL,AREA_ACADEMICA_O_DUENO_DEL_PROGRAMA,DEPENDE,DEPENDE,Campo de formulario o carga potencial: validar contra instructivo CNED antes de excluir o completar.
7,I162S2C10J1V1,,Grado Académico que otorga el programa,REVISAR_GRADO_ACADEMICO_SIN_FUENTE_DIRECTA,FORMULARIO_CNED_DESCONOCIDO,REVISAR,MEDIA,DUDA_METODOLOGICA,NO_RESOLVER_AUTOMATICAMENTE,INSTRUCTIVO_CNED_Y_DECISION_INSTITUCIONAL,DEPENDE,DEPENDE,Campo de formulario o carga potencial: validar contra instructivo CNED antes de excluir o completar.
7,I162S2C10J1V1,,Dependencia,REVISAR_DEPENDENCIA_SIN_FUENTE_DIRECTA,FORMULARIO_CNED_DESCONOCIDO,REVISAR,MEDIA,DUDA_METODOLOGICA,REQUIERE_DECISION_INSTITUCIONAL,AREA_ACADEMICA_O_DUENO_DEL_PROGRAMA,DEPENDE,DEPENDE,Campo de formulario o carga potencial: validar contra instructivo CNED antes de excluir o completar.
7,I162S2C10J1V1,,Régimen,REVISAR_REGIMEN_CODIGO_1,OFICIAL_PROBABLE,REVISAR,ALTA,CAMPO_PENDIENTE_REAL,VALIDAR_CON_REGISTRO_CURRICULAR,REGISTRO_CURRICULAR_OFERTA_OFICIAL,SI,NO,Campo estructural/oficial: no resolver sin fuente institucional.
7,I162S2C10J1V1,,Ingreso Directo,REVISAR_INGRESO_DIRECTO_CODIGO_REQUISITO_INGRESO_1,FORMULARIO_CNED_DESCONOCIDO,REVISAR,MEDIA,DUDA_METODOLOGICA,VALIDAR_CON_AREA_ACADEMICA,AREA_ACADEMICA_O_DUENO_DEL_PROGRAMA,DEPENDE,DEPENDE,Campo de formulario o carga potencial: validar contra instructivo CNED antes de excluir o completar.
7,I162S2C10J1V1,,Observaciones,Crear según matriz PROMEDIOSDEALUMNOS_7804.xlsx / hoja matriz; conciliado contra diccionario oferta 2026; no encontrado en listado existente INDICES por CODIGO_UNICO; campos sin fuente directa quedan con revisión específica.,FORMULARIO_CNED_DESCONOCIDO,REVISION,MEDIA,OBSERVACION_INSTITUCIONAL,MANTENER_SOLO_COMO_TRAZABILIDAD,INSTRUCTIVO_CNED_Y_DECISION_INSTITUCIONAL,DEPENDE,DEPENDE,Campo de formulario o carga potencial: validar contra instructivo CNED antes de excluir o completar.
7,I162S2C10J1V1,,FECHA_ADMISION_INICIAL,REVISAR_FECHA_ADMISION_INICIAL_SIN_FUENTE,FORMULARIO_CNED_DESCONOCIDO,REVISAR,MEDIA,DUDA_METODOLOGICA,NO_RESOLVER_AUTOMATICAMENTE,INSTRUCTIVO_CNED_Y_DECISION_INSTITUCIONAL,DEPENDE,DEPENDE,Campo de formulario o carga potencial: validar contra instructivo CNED antes de excluir o completar.
7,I162S2C10J1V1,,MALLA_CURRICULAR,REVISAR_MALLA_CURRICULAR_SIN_FUENTE,FORMULARIO_CNED_DESCONOCIDO,REVISAR,MEDIA,DUDA_METODOLOGICA,VALIDAR_CON_AREA_ACADEMICA,AREA_ACADEMICA_O_DUENO_DEL_PROGRAMA,DEPENDE,DEPENDE,Campo de formulario o carga potencial: validar contra instructivo CNED antes de excluir o completar.
7,I162S2C10J1V1,,PERFIL_EGRESO,REVISAR_PERFIL_EGRESO_SIN_FUENTE,FORMULARIO_CNED_DESCONOCIDO,REVISAR,MEDIA,DUDA_METODOLOGICA,VALIDAR_CON_AREA_ACADEMICA,AREA_ACADEMICA_O_DUENO_DEL_PROGRAMA,DEPENDE,DEPENDE,Campo de formulario o carga potencial: validar contra instructivo CNED antes de excluir o completar.
7,I162S2C10J1V1,,TEXTO_REQUISITO_INGRESO,REVISAR_TEXTO_REQUISITO_INGRESO_SIN_FUENTE,FORMULARIO_CNED_DESCONOCIDO,REVISAR,MEDIA,DUDA_METODOLOGICA,VALIDAR_CON_AREA_ACADEMICA,AREA_ACADEMICA_O_DUENO_DEL_PROGRAMA,DEPENDE,DEPENDE,Campo de formulario o carga potencial: validar contra instructivo CNED antes de excluir o completar.
7,I162S2C10J1V1,,LICENCIA_ENS_MEDIA,REVISAR_LICENCIA_ENS_MEDIA_SIN_FUENTE,FORMULARIO_CNED_DESCONOCIDO,REVISAR,MEDIA,DUDA_METODOLOGICA,VALIDAR_CON_AREA_ACADEMICA,AREA_ACADEMICA_O_DUENO_DEL_PROGRAMA,DEPENDE,DEPENDE,Campo de formulario o carga potencial: validar contra instructivo CNED antes de excluir o completar.
7,I162S2C10J1V1,,NOTAS_ENS_MEDIA,REVISAR_NOTAS_ENS_MEDIA_SIN_FUENTE,FORMULARIO_CNED_DESCONOCIDO,REVISAR,MEDIA,DUDA_METODOLOGICA,VALIDAR_CON_AREA_ACADEMICA,AREA_ACADEMICA_O_DUENO_DEL_PROGRAMA,DEPENDE,DEPENDE,Campo de formulario o carga potencial: validar contra instructivo CNED antes de excluir o completar.
7,I162S2C10J1V1,,PROMEDIO_MIN_ENS_MEDIA,REVISAR_PROMEDIO_MIN_ENS_MEDIA_SIN_FUENTE,FORMULARIO_CNED_DESCONOCIDO,REVISAR,MEDIA,DUDA_METODOLOGICA,NO_RESOLVER_AUTOMATICAMENTE,INSTRUCTIVO_CNED_Y_DECISION_INSTITUCIONAL,DEPENDE,DEPENDE,Campo de formulario o carga potencial: validar contra instructivo CNED antes de excluir o completar.
7,I162S2C10J1V1,,RECONOCIMIENTOS_APREN_PREVIOS,REVISAR_RECONOCIMIENTOS_APREN_PREVIOS_SIN_FUENTE,FORMULARIO_CNED_DESCONOCIDO,REVISAR,MEDIA,DUDA_METODOLOGICA,NO_RESOLVER_AUTOMATICAMENTE,INSTRUCTIVO_CNED_Y_DECISION_INSTITUCIONAL,DEPENDE,DEPENDE,Campo de formulario o carga potencial: validar contra instructivo CNED antes de excluir o completar.
7,I162S2C10J1V1,,EXPERIENCIA_LABORAL,REVISAR_EXPERIENCIA_LABORAL_SIN_FUENTE,FORMULARIO_CNED_DESCONOCIDO,REVISAR,MEDIA,DUDA_METODOLOGICA,VALIDAR_CON_AREA_ACADEMICA,AREA_ACADEMICA_O_DUENO_DEL_PROGRAMA,DEPENDE,DEPENDE,Campo de formulario o carga potencial: validar contra instructivo CNED antes de excluir o completar.
7,I162S2C10J1V1,,OTROS_REQUISITOS,REVISAR_OTROS_REQUISITOS_SIN_FUENTE,FORMULARIO_CNED_DESCONOCIDO,REVISAR,MEDIA,DUDA_METODOLOGICA,VALIDAR_CON_AREA_ACADEMICA,AREA_ACADEMICA_O_DUENO_DEL_PROGRAMA,DEPENDE,DEPENDE,Campo de formulario o carga potencial: validar contra instructivo CNED antes de excluir o completar.
7,I162S2C10J1V1,,MAIL_DIFUSION_CARRERA,REVISAR_MAIL_DIFUSION_CARRERA_SIN_FUENTE,FORMULARIO_CNED_DESCONOCIDO,REVISAR,MEDIA,DUDA_METODOLOGICA,NO_RESOLVER_AUTOMATICAMENTE,INSTRUCTIVO_CNED_Y_DECISION_INSTITUCIONAL,DEPENDE,DEPENDE,Campo de formulario o carga potencial: validar contra instructivo CNED antes de excluir o completar.
7,I162S2C10J1V1,,FORMATO_VALOR,REVISAR_FORMATO_VALOR_SIN_FUENTE,FORMULARIO_CNED_DESCONOCIDO,REVISAR,MEDIA,DUDA_METODOLOGICA,VALIDAR_CON_FINANZAS_ARANCELES,FINANZAS_ARANCELES_INSTITUCIONAL,DEPENDE,DEPENDE,Requiere fuente monetaria explicita; no usar cero ni inferencias.
7,I162S2C10J1V1,,VALOR_MATRICULA_ANUAL,REVISAR_VALOR_MATRICULA_ANUAL_SIN_FUENTE,FORMULARIO_CNED_DESCONOCIDO,REVISAR,MEDIA,DUDA_METODOLOGICA,VALIDAR_CON_FINANZAS_ARANCELES,FINANZAS_ARANCELES_INSTITUCIONAL,DEPENDE,DEPENDE,Requiere fuente monetaria explicita; no usar cero ni inferencias.
7,I162S2C10J1V1,,COSTO_TITULACION,REVISAR_COSTO_TITULACION_SIN_FUENTE,FORMULARIO_CNED_DESCONOCIDO,REVISAR,MEDIA,DUDA_METODOLOGICA,VALIDAR_CON_FINANZAS_ARANCELES,FINANZAS_ARANCELES_INSTITUCIONAL,DEPENDE,DEPENDE,Requiere fuente monetaria explicita; no usar cero ni inferencias.
7,I162S2C10J1V1,,VALOR_CERTIFICADO_DIPLOMA,REVISAR_VALOR_CERTIFICADO_DIPLOMA_SIN_FUENTE,FORMULARIO_CNED_DESCONOCIDO,REVISAR,MEDIA,DUDA_METODOLOGICA,VALIDAR_CON_FINANZAS_ARANCELES,FINANZAS_ARANCELES_INSTITUCIONAL,DEPENDE,DEPENDE,Requiere fuente monetaria explicita; no usar cero ni inferencias.
7,I162S2C10J1V1,,ARANCEL_ANUAL,REVISAR_ARANCEL_ANUAL_SIN_FUENTE,FORMULARIO_CNED_DESCONOCIDO,REVISAR,MEDIA,DUDA_METODOLOGICA,VALIDAR_CON_FINANZAS_ARANCELES,FINANZAS_ARANCELES_INSTITUCIONAL,DEPENDE,DEPENDE,Requiere fuente monetaria explicita; no usar cero ni inferencias.
7,I162S2C10J1V1,,VIGENCIA_CARRERA,REVISAR_VIGENCIA_CARRERA_SIN_FUENTE_DIRECTA,OFICIAL_PROBABLE,REVISAR,ALTA,CAMPO_PENDIENTE_REAL,VALIDAR_CON_REGISTRO_CURRICULAR,REGISTRO_CURRICULAR_OFERTA_OFICIAL,SI,NO,Campo estructural/oficial: no resolver sin fuente institucional.
7,I162S2C10J1V1,,CNED_ESTADO_AUDITORIA,REQUIERE_REVISION,AUXILIAR_TECNICA,REVISION,BAJA,MARCA_TECNICA_REMOVIBLE,EXCLUIR_DE_ARCHIVO_CARGA_SI_ES_AUXILIAR,TRAZABILIDAD_INTERNA_CNED,NO,SI,No debe ir en archivo de carga; conservar en trazabilidad.
7,I162S2C10J1V1,,CNED_ALERTAS,CONTIENE_MARCAS_TECNICAS_DE_REVISION,AUXILIAR_TECNICA,REVISION,BAJA,MARCA_TECNICA_REMOVIBLE,EXCLUIR_DE_ARCHIVO_CARGA_SI_ES_AUXILIAR,TRAZABILIDAD_INTERNA_CNED,NO,SI,No debe ir en archivo de carga; conservar en trazabilidad.
7,I162S2C10J1V1,,CNED_PUEDE_SUBIR_PRELIMINAR,REVISAR,AUXILIAR_TECNICA,REVISAR,BAJA,MARCA_TECNICA_REMOVIBLE,EXCLUIR_DE_ARCHIVO_CARGA_SI_ES_AUXILIAR,TRAZABILIDAD_INTERNA_CNED,NO,SI,No debe ir en archivo de carga; conservar en trazabilidad.
8,I162S2C10J4V1,,Área del Conocimiento,REVISAR_AREA_CODIGO_9,FORMULARIO_CNED_DESCONOCIDO,REVISAR,MEDIA,DUDA_METODOLOGICA,REQUIERE_DECISION_INSTITUCIONAL,AREA_ACADEMICA_O_DUENO_DEL_PROGRAMA,DEPENDE,DEPENDE,Campo de formulario o carga potencial: validar contra instructivo CNED antes de excluir o completar.
8,I162S2C10J4V1,,Sub Área,REVISAR_SUB_AREA_SIN_FUENTE_DIRECTA,FORMULARIO_CNED_DESCONOCIDO,REVISAR,MEDIA,DUDA_METODOLOGICA,REQUIERE_DECISION_INSTITUCIONAL,AREA_ACADEMICA_O_DUENO_DEL_PROGRAMA,DEPENDE,DEPENDE,Campo de formulario o carga potencial: validar contra instructivo CNED antes de excluir o completar.
8,I162S2C10J4V1,,Carrera Genérica,REVISAR_CARRERA_GENERICA_SIN_FUENTE_DIRECTA,FORMULARIO_CNED_DESCONOCIDO,REVISAR,MEDIA,DUDA_METODOLOGICA,REQUIERE_DECISION_INSTITUCIONAL,AREA_ACADEMICA_O_DUENO_DEL_PROGRAMA,DEPENDE,DEPENDE,Campo de formulario o carga potencial: validar contra instructivo CNED antes de excluir o completar.
8,I162S2C10J4V1,,Grado Académico que otorga el programa,REVISAR_GRADO_ACADEMICO_SIN_FUENTE_DIRECTA,FORMULARIO_CNED_DESCONOCIDO,REVISAR,MEDIA,DUDA_METODOLOGICA,NO_RESOLVER_AUTOMATICAMENTE,INSTRUCTIVO_CNED_Y_DECISION_INSTITUCIONAL,DEPENDE,DEPENDE,Campo de formulario o carga potencial: validar contra instructivo CNED antes de excluir o completar.
8,I162S2C10J4V1,,Dependencia,REVISAR_DEPENDENCIA_SIN_FUENTE_DIRECTA,FORMULARIO_CNED_DESCONOCIDO,REVISAR,MEDIA,DUDA_METODOLOGICA,REQUIERE_DECISION_INSTITUCIONAL,AREA_ACADEMICA_O_DUENO_DEL_PROGRAMA,DEPENDE,DEPENDE,Campo de formulario o carga potencial: validar contra instructivo CNED antes de excluir o completar.
8,I162S2C10J4V1,,Régimen,REVISAR_REGIMEN_CODIGO_2,OFICIAL_PROBABLE,REVISAR,ALTA,CAMPO_PENDIENTE_REAL,VALIDAR_CON_REGISTRO_CURRICULAR,REGISTRO_CURRICULAR_OFERTA_OFICIAL,SI,NO,Campo estructural/oficial: no resolver sin fuente institucional.
8,I162S2C10J4V1,,Ingreso Directo,REVISAR_INGRESO_DIRECTO_CODIGO_REQUISITO_INGRESO_1,FORMULARIO_CNED_DESCONOCIDO,REVISAR,MEDIA,DUDA_METODOLOGICA,VALIDAR_CON_AREA_ACADEMICA,AREA_ACADEMICA_O_DUENO_DEL_PROGRAMA,DEPENDE,DEPENDE,Campo de formulario o carga potencial: validar contra instructivo CNED antes de excluir o completar.
8,I162S2C10J4V1,,Observaciones,Crear según matriz PROMEDIOSDEALUMNOS_7804.xlsx / hoja matriz; conciliado contra diccionario oferta 2026; no encontrado en listado existente INDICES por CODIGO_UNICO; campos sin fuente directa quedan con revisión específica.,FORMULARIO_CNED_DESCONOCIDO,REVISION,MEDIA,OBSERVACION_INSTITUCIONAL,MANTENER_SOLO_COMO_TRAZABILIDAD,INSTRUCTIVO_CNED_Y_DECISION_INSTITUCIONAL,DEPENDE,DEPENDE,Campo de formulario o carga potencial: validar contra instructivo CNED antes de excluir o completar.
8,I162S2C10J4V1,,FECHA_ADMISION_INICIAL,REVISAR_FECHA_ADMISION_INICIAL_SIN_FUENTE,FORMULARIO_CNED_DESCONOCIDO,REVISAR,MEDIA,DUDA_METODOLOGICA,NO_RESOLVER_AUTOMATICAMENTE,INSTRUCTIVO_CNED_Y_DECISION_INSTITUCIONAL,DEPENDE,DEPENDE,Campo de formulario o carga potencial: validar contra instructivo CNED antes de excluir o completar.
8,I162S2C10J4V1,,MALLA_CURRICULAR,REVISAR_MALLA_CURRICULAR_SIN_FUENTE,FORMULARIO_CNED_DESCONOCIDO,REVISAR,MEDIA,DUDA_METODOLOGICA,VALIDAR_CON_AREA_ACADEMICA,AREA_ACADEMICA_O_DUENO_DEL_PROGRAMA,DEPENDE,DEPENDE,Campo de formulario o carga potencial: validar contra instructivo CNED antes de excluir o completar.
8,I162S2C10J4V1,,PERFIL_EGRESO,REVISAR_PERFIL_EGRESO_SIN_FUENTE,FORMULARIO_CNED_DESCONOCIDO,REVISAR,MEDIA,DUDA_METODOLOGICA,VALIDAR_CON_AREA_ACADEMICA,AREA_ACADEMICA_O_DUENO_DEL_PROGRAMA,DEPENDE,DEPENDE,Campo de formulario o carga potencial: validar contra instructivo CNED antes de excluir o completar.
8,I162S2C10J4V1,,TEXTO_REQUISITO_INGRESO,REVISAR_TEXTO_REQUISITO_INGRESO_SIN_FUENTE,FORMULARIO_CNED_DESCONOCIDO,REVISAR,MEDIA,DUDA_METODOLOGICA,VALIDAR_CON_AREA_ACADEMICA,AREA_ACADEMICA_O_DUENO_DEL_PROGRAMA,DEPENDE,DEPENDE,Campo de formulario o carga potencial: validar contra instructivo CNED antes de excluir o completar.
8,I162S2C10J4V1,,LICENCIA_ENS_MEDIA,REVISAR_LICENCIA_ENS_MEDIA_SIN_FUENTE,FORMULARIO_CNED_DESCONOCIDO,REVISAR,MEDIA,DUDA_METODOLOGICA,VALIDAR_CON_AREA_ACADEMICA,AREA_ACADEMICA_O_DUENO_DEL_PROGRAMA,DEPENDE,DEPENDE,Campo de formulario o carga potencial: validar contra instructivo CNED antes de excluir o completar.
8,I162S2C10J4V1,,NOTAS_ENS_MEDIA,REVISAR_NOTAS_ENS_MEDIA_SIN_FUENTE,FORMULARIO_CNED_DESCONOCIDO,REVISAR,MEDIA,DUDA_METODOLOGICA,VALIDAR_CON_AREA_ACADEMICA,AREA_ACADEMICA_O_DUENO_DEL_PROGRAMA,DEPENDE,DEPENDE,Campo de formulario o carga potencial: validar contra instructivo CNED antes de excluir o completar.
8,I162S2C10J4V1,,PROMEDIO_MIN_ENS_MEDIA,REVISAR_PROMEDIO_MIN_ENS_MEDIA_SIN_FUENTE,FORMULARIO_CNED_DESCONOCIDO,REVISAR,MEDIA,DUDA_METODOLOGICA,NO_RESOLVER_AUTOMATICAMENTE,INSTRUCTIVO_CNED_Y_DECISION_INSTITUCIONAL,DEPENDE,DEPENDE,Campo de formulario o carga potencial: validar contra instructivo CNED antes de excluir o completar.
8,I162S2C10J4V1,,RECONOCIMIENTOS_APREN_PREVIOS,REVISAR_RECONOCIMIENTOS_APREN_PREVIOS_SIN_FUENTE,FORMULARIO_CNED_DESCONOCIDO,REVISAR,MEDIA,DUDA_METODOLOGICA,NO_RESOLVER_AUTOMATICAMENTE,INSTRUCTIVO_CNED_Y_DECISION_INSTITUCIONAL,DEPENDE,DEPENDE,Campo de formulario o carga potencial: validar contra instructivo CNED antes de excluir o completar.
8,I162S2C10J4V1,,EXPERIENCIA_LABORAL,REVISAR_EXPERIENCIA_LABORAL_SIN_FUENTE,FORMULARIO_CNED_DESCONOCIDO,REVISAR,MEDIA,DUDA_METODOLOGICA,VALIDAR_CON_AREA_ACADEMICA,AREA_ACADEMICA_O_DUENO_DEL_PROGRAMA,DEPENDE,DEPENDE,Campo de formulario o carga potencial: validar contra instructivo CNED antes de excluir o completar.
8,I162S2C10J4V1,,OTROS_REQUISITOS,REVISAR_OTROS_REQUISITOS_SIN_FUENTE,FORMULARIO_CNED_DESCONOCIDO,REVISAR,MEDIA,DUDA_METODOLOGICA,VALIDAR_CON_AREA_ACADEMICA,AREA_ACADEMICA_O_DUENO_DEL_PROGRAMA,DEPENDE,DEPENDE,Campo de formulario o carga potencial: validar contra instructivo CNED antes de excluir o completar.
8,I162S2C10J4V1,,MAIL_DIFUSION_CARRERA,REVISAR_MAIL_DIFUSION_CARRERA_SIN_FUENTE,FORMULARIO_CNED_DESCONOCIDO,REVISAR,MEDIA,DUDA_METODOLOGICA,NO_RESOLVER_AUTOMATICAMENTE,INSTRUCTIVO_CNED_Y_DECISION_INSTITUCIONAL,DEPENDE,DEPENDE,Campo de formulario o carga potencial: validar contra instructivo CNED antes de excluir o completar.
8,I162S2C10J4V1,,FORMATO_VALOR,REVISAR_FORMATO_VALOR_SIN_FUENTE,FORMULARIO_CNED_DESCONOCIDO,REVISAR,MEDIA,DUDA_METODOLOGICA,VALIDAR_CON_FINANZAS_ARANCELES,FINANZAS_ARANCELES_INSTITUCIONAL,DEPENDE,DEPENDE,Requiere fuente monetaria explicita; no usar cero ni inferencias.
8,I162S2C10J4V1,,VALOR_MATRICULA_ANUAL,REVISAR_VALOR_MATRICULA_ANUAL_SIN_FUENTE,FORMULARIO_CNED_DESCONOCIDO,REVISAR,MEDIA,DUDA_METODOLOGICA,VALIDAR_CON_FINANZAS_ARANCELES,FINANZAS_ARANCELES_INSTITUCIONAL,DEPENDE,DEPENDE,Requiere fuente monetaria explicita; no usar cero ni inferencias.
8,I162S2C10J4V1,,COSTO_TITULACION,REVISAR_COSTO_TITULACION_SIN_FUENTE,FORMULARIO_CNED_DESCONOCIDO,REVISAR,MEDIA,DUDA_METODOLOGICA,VALIDAR_CON_FINANZAS_ARANCELES,FINANZAS_ARANCELES_INSTITUCIONAL,DEPENDE,DEPENDE,Requiere fuente monetaria explicita; no usar cero ni inferencias.
8,I162S2C10J4V1,,VALOR_CERTIFICADO_DIPLOMA,REVISAR_VALOR_CERTIFICADO_DIPLOMA_SIN_FUENTE,FORMULARIO_CNED_DESCONOCIDO,REVISAR,MEDIA,DUDA_METODOLOGICA,VALIDAR_CON_FINANZAS_ARANCELES,FINANZAS_ARANCELES_INSTITUCIONAL,DEPENDE,DEPENDE,Requiere fuente monetaria explicita; no usar cero ni inferencias.
8,I162S2C10J4V1,,ARANCEL_ANUAL,REVISAR_ARANCEL_ANUAL_SIN_FUENTE,FORMULARIO_CNED_DESCONOCIDO,REVISAR,MEDIA,DUDA_METODOLOGICA,VALIDAR_CON_FINANZAS_ARANCELES,FINANZAS_ARANCELES_INSTITUCIONAL,DEPENDE,DEPENDE,Requiere fuente monetaria explicita; no usar cero ni inferencias.
8,I162S2C10J4V1,,VIGENCIA_CARRERA,REVISAR_VIGENCIA_CARRERA_SIN_FUENTE_DIRECTA,OFICIAL_PROBABLE,REVISAR,ALTA,CAMPO_PENDIENTE_REAL,VALIDAR_CON_REGISTRO_CURRICULAR,REGISTRO_CURRICULAR_OFERTA_OFICIAL,SI,NO,Campo estructural/oficial: no resolver sin fuente institucional.
8,I162S2C10J4V1,,CNED_ESTADO_AUDITORIA,REQUIERE_REVISION,AUXILIAR_TECNICA,REVISION,BAJA,MARCA_TECNICA_REMOVIBLE,EXCLUIR_DE_ARCHIVO_CARGA_SI_ES_AUXILIAR,TRAZABILIDAD_INTERNA_CNED,NO,SI,No debe ir en archivo de carga; conservar en trazabilidad.
8,I162S2C10J4V1,,CNED_ALERTAS,CONTIENE_MARCAS_TECNICAS_DE_REVISION,AUXILIAR_TECNICA,REVISION,BAJA,MARCA_TECNICA_REMOVIBLE,EXCLUIR_DE_ARCHIVO_CARGA_SI_ES_AUXILIAR,TRAZABILIDAD_INTERNA_CNED,NO,SI,No debe ir en archivo de carga; conservar en trazabilidad.
8,I162S2C10J4V1,,CNED_PUEDE_SUBIR_PRELIMINAR,REVISAR,AUXILIAR_TECNICA,REVISAR,BAJA,MARCA_TECNICA_REMOVIBLE,EXCLUIR_DE_ARCHIVO_CARGA_SI_ES_AUXILIAR,TRAZABILIDAD_INTERNA_CNED,NO,SI,No debe ir en archivo de carga; conservar en trazabilidad.
9,I162S2C111J4V1,,Área del Conocimiento,REVISAR_AREA_CODIGO_1,FORMULARIO_CNED_DESCONOCIDO,REVISAR,MEDIA,DUDA_METODOLOGICA,REQUIERE_DECISION_INSTITUCIONAL,AREA_ACADEMICA_O_DUENO_DEL_PROGRAMA,DEPENDE,DEPENDE,Campo de formulario o carga potencial: validar contra instructivo CNED antes de excluir o completar.
9,I162S2C111J4V1,,Sub Área,REVISAR_SUB_AREA_SIN_FUENTE_DIRECTA,FORMULARIO_CNED_DESCONOCIDO,REVISAR,MEDIA,DUDA_METODOLOGICA,REQUIERE_DECISION_INSTITUCIONAL,AREA_ACADEMICA_O_DUENO_DEL_PROGRAMA,DEPENDE,DEPENDE,Campo de formulario o carga potencial: validar contra instructivo CNED antes de excluir o completar.
9,I162S2C111J4V1,,Carrera Genérica,REVISAR_CARRERA_GENERICA_SIN_FUENTE_DIRECTA,FORMULARIO_CNED_DESCONOCIDO,REVISAR,MEDIA,DUDA_METODOLOGICA,REQUIERE_DECISION_INSTITUCIONAL,AREA_ACADEMICA_O_DUENO_DEL_PROGRAMA,DEPENDE,DEPENDE,Campo de formulario o carga potencial: validar contra instructivo CNED antes de excluir o completar.
9,I162S2C111J4V1,,Grado Académico que otorga el programa,REVISAR_GRADO_ACADEMICO_SIN_FUENTE_DIRECTA,FORMULARIO_CNED_DESCONOCIDO,REVISAR,MEDIA,DUDA_METODOLOGICA,NO_RESOLVER_AUTOMATICAMENTE,INSTRUCTIVO_CNED_Y_DECISION_INSTITUCIONAL,DEPENDE,DEPENDE,Campo de formulario o carga potencial: validar contra instructivo CNED antes de excluir o completar.
9,I162S2C111J4V1,,Dependencia,REVISAR_DEPENDENCIA_SIN_FUENTE_DIRECTA,FORMULARIO_CNED_DESCONOCIDO,REVISAR,MEDIA,DUDA_METODOLOGICA,REQUIERE_DECISION_INSTITUCIONAL,AREA_ACADEMICA_O_DUENO_DEL_PROGRAMA,DEPENDE,DEPENDE,Campo de formulario o carga potencial: validar contra instructivo CNED antes de excluir o completar.
9,I162S2C111J4V1,,Régimen,REVISAR_REGIMEN_CODIGO_2,OFICIAL_PROBABLE,REVISAR,ALTA,CAMPO_PENDIENTE_REAL,VALIDAR_CON_REGISTRO_CURRICULAR,REGISTRO_CURRICULAR_OFERTA_OFICIAL,SI,NO,Campo estructural/oficial: no resolver sin fuente institucional.
9,I162S2C111J4V1,,Ingreso Directo,REVISAR_INGRESO_DIRECTO_CODIGO_REQUISITO_INGRESO_1,FORMULARIO_CNED_DESCONOCIDO,REVISAR,MEDIA,DUDA_METODOLOGICA,VALIDAR_CON_AREA_ACADEMICA,AREA_ACADEMICA_O_DUENO_DEL_PROGRAMA,DEPENDE,DEPENDE,Campo de formulario o carga potencial: validar contra instructivo CNED antes de excluir o completar.
9,I162S2C111J4V1,,Observaciones,Crear según matriz PROMEDIOSDEALUMNOS_7804.xlsx / hoja matriz; conciliado contra diccionario oferta 2026; no encontrado en listado existente INDICES por CODIGO_UNICO; campos sin fuente directa quedan con revisión específica.,FORMULARIO_CNED_DESCONOCIDO,REVISION,MEDIA,OBSERVACION_INSTITUCIONAL,MANTENER_SOLO_COMO_TRAZABILIDAD,INSTRUCTIVO_CNED_Y_DECISION_INSTITUCIONAL,DEPENDE,DEPENDE,Campo de formulario o carga potencial: validar contra instructivo CNED antes de excluir o completar.
9,I162S2C111J4V1,,FECHA_ADMISION_INICIAL,REVISAR_FECHA_ADMISION_INICIAL_SIN_FUENTE,FORMULARIO_CNED_DESCONOCIDO,REVISAR,MEDIA,DUDA_METODOLOGICA,NO_RESOLVER_AUTOMATICAMENTE,INSTRUCTIVO_CNED_Y_DECISION_INSTITUCIONAL,DEPENDE,DEPENDE,Campo de formulario o carga potencial: validar contra instructivo CNED antes de excluir o completar.
9,I162S2C111J4V1,,MALLA_CURRICULAR,REVISAR_MALLA_CURRICULAR_SIN_FUENTE,FORMULARIO_CNED_DESCONOCIDO,REVISAR,MEDIA,DUDA_METODOLOGICA,VALIDAR_CON_AREA_ACADEMICA,AREA_ACADEMICA_O_DUENO_DEL_PROGRAMA,DEPENDE,DEPENDE,Campo de formulario o carga potencial: validar contra instructivo CNED antes de excluir o completar.
9,I162S2C111J4V1,,PERFIL_EGRESO,REVISAR_PERFIL_EGRESO_SIN_FUENTE,FORMULARIO_CNED_DESCONOCIDO,REVISAR,MEDIA,DUDA_METODOLOGICA,VALIDAR_CON_AREA_ACADEMICA,AREA_ACADEMICA_O_DUENO_DEL_PROGRAMA,DEPENDE,DEPENDE,Campo de formulario o carga potencial: validar contra instructivo CNED antes de excluir o completar.
9,I162S2C111J4V1,,TEXTO_REQUISITO_INGRESO,REVISAR_TEXTO_REQUISITO_INGRESO_SIN_FUENTE,FORMULARIO_CNED_DESCONOCIDO,REVISAR,MEDIA,DUDA_METODOLOGICA,VALIDAR_CON_AREA_ACADEMICA,AREA_ACADEMICA_O_DUENO_DEL_PROGRAMA,DEPENDE,DEPENDE,Campo de formulario o carga potencial: validar contra instructivo CNED antes de excluir o completar.
9,I162S2C111J4V1,,LICENCIA_ENS_MEDIA,REVISAR_LICENCIA_ENS_MEDIA_SIN_FUENTE,FORMULARIO_CNED_DESCONOCIDO,REVISAR,MEDIA,DUDA_METODOLOGICA,VALIDAR_CON_AREA_ACADEMICA,AREA_ACADEMICA_O_DUENO_DEL_PROGRAMA,DEPENDE,DEPENDE,Campo de formulario o carga potencial: validar contra instructivo CNED antes de excluir o completar.
9,I162S2C111J4V1,,NOTAS_ENS_MEDIA,REVISAR_NOTAS_ENS_MEDIA_SIN_FUENTE,FORMULARIO_CNED_DESCONOCIDO,REVISAR,MEDIA,DUDA_METODOLOGICA,VALIDAR_CON_AREA_ACADEMICA,AREA_ACADEMICA_O_DUENO_DEL_PROGRAMA,DEPENDE,DEPENDE,Campo de formulario o carga potencial: validar contra instructivo CNED antes de excluir o completar.
9,I162S2C111J4V1,,PROMEDIO_MIN_ENS_MEDIA,REVISAR_PROMEDIO_MIN_ENS_MEDIA_SIN_FUENTE,FORMULARIO_CNED_DESCONOCIDO,REVISAR,MEDIA,DUDA_METODOLOGICA,NO_RESOLVER_AUTOMATICAMENTE,INSTRUCTIVO_CNED_Y_DECISION_INSTITUCIONAL,DEPENDE,DEPENDE,Campo de formulario o carga potencial: validar contra instructivo CNED antes de excluir o completar.
9,I162S2C111J4V1,,RECONOCIMIENTOS_APREN_PREVIOS,REVISAR_RECONOCIMIENTOS_APREN_PREVIOS_SIN_FUENTE,FORMULARIO_CNED_DESCONOCIDO,REVISAR,MEDIA,DUDA_METODOLOGICA,NO_RESOLVER_AUTOMATICAMENTE,INSTRUCTIVO_CNED_Y_DECISION_INSTITUCIONAL,DEPENDE,DEPENDE,Campo de formulario o carga potencial: validar contra instructivo CNED antes de excluir o completar.
9,I162S2C111J4V1,,EXPERIENCIA_LABORAL,REVISAR_EXPERIENCIA_LABORAL_SIN_FUENTE,FORMULARIO_CNED_DESCONOCIDO,REVISAR,MEDIA,DUDA_METODOLOGICA,VALIDAR_CON_AREA_ACADEMICA,AREA_ACADEMICA_O_DUENO_DEL_PROGRAMA,DEPENDE,DEPENDE,Campo de formulario o carga potencial: validar contra instructivo CNED antes de excluir o completar.
9,I162S2C111J4V1,,OTROS_REQUISITOS,REVISAR_OTROS_REQUISITOS_SIN_FUENTE,FORMULARIO_CNED_DESCONOCIDO,REVISAR,MEDIA,DUDA_METODOLOGICA,VALIDAR_CON_AREA_ACADEMICA,AREA_ACADEMICA_O_DUENO_DEL_PROGRAMA,DEPENDE,DEPENDE,Campo de formulario o carga potencial: validar contra instructivo CNED antes de excluir o completar.
9,I162S2C111J4V1,,MAIL_DIFUSION_CARRERA,REVISAR_MAIL_DIFUSION_CARRERA_SIN_FUENTE,FORMULARIO_CNED_DESCONOCIDO,REVISAR,MEDIA,DUDA_METODOLOGICA,NO_RESOLVER_AUTOMATICAMENTE,INSTRUCTIVO_CNED_Y_DECISION_INSTITUCIONAL,DEPENDE,DEPENDE,Campo de formulario o carga potencial: validar contra instructivo CNED antes de excluir o completar.
9,I162S2C111J4V1,,FORMATO_VALOR,REVISAR_FORMATO_VALOR_SIN_FUENTE,FORMULARIO_CNED_DESCONOCIDO,REVISAR,MEDIA,DUDA_METODOLOGICA,VALIDAR_CON_FINANZAS_ARANCELES,FINANZAS_ARANCELES_INSTITUCIONAL,DEPENDE,DEPENDE,Requiere fuente monetaria explicita; no usar cero ni inferencias.
9,I162S2C111J4V1,,VALOR_MATRICULA_ANUAL,REVISAR_VALOR_MATRICULA_ANUAL_SIN_FUENTE,FORMULARIO_CNED_DESCONOCIDO,REVISAR,MEDIA,DUDA_METODOLOGICA,VALIDAR_CON_FINANZAS_ARANCELES,FINANZAS_ARANCELES_INSTITUCIONAL,DEPENDE,DEPENDE,Requiere fuente monetaria explicita; no usar cero ni inferencias.
9,I162S2C111J4V1,,COSTO_TITULACION,REVISAR_COSTO_TITULACION_SIN_FUENTE,FORMULARIO_CNED_DESCONOCIDO,REVISAR,MEDIA,DUDA_METODOLOGICA,VALIDAR_CON_FINANZAS_ARANCELES,FINANZAS_ARANCELES_INSTITUCIONAL,DEPENDE,DEPENDE,Requiere fuente monetaria explicita; no usar cero ni inferencias.
9,I162S2C111J4V1,,VALOR_CERTIFICADO_DIPLOMA,REVISAR_VALOR_CERTIFICADO_DIPLOMA_SIN_FUENTE,FORMULARIO_CNED_DESCONOCIDO,REVISAR,MEDIA,DUDA_METODOLOGICA,VALIDAR_CON_FINANZAS_ARANCELES,FINANZAS_ARANCELES_INSTITUCIONAL,DEPENDE,DEPENDE,Requiere fuente monetaria explicita; no usar cero ni inferencias.
9,I162S2C111J4V1,,ARANCEL_ANUAL,REVISAR_ARANCEL_ANUAL_SIN_FUENTE,FORMULARIO_CNED_DESCONOCIDO,REVISAR,MEDIA,DUDA_METODOLOGICA,VALIDAR_CON_FINANZAS_ARANCELES,FINANZAS_ARANCELES_INSTITUCIONAL,DEPENDE,DEPENDE,Requiere fuente monetaria explicita; no usar cero ni inferencias.
9,I162S2C111J4V1,,VIGENCIA_CARRERA,REVISAR_VIGENCIA_CARRERA_SIN_FUENTE_DIRECTA,OFICIAL_PROBABLE,REVISAR,ALTA,CAMPO_PENDIENTE_REAL,VALIDAR_CON_REGISTRO_CURRICULAR,REGISTRO_CURRICULAR_OFERTA_OFICIAL,SI,NO,Campo estructural/oficial: no resolver sin fuente institucional.
9,I162S2C111J4V1,,CNED_ESTADO_AUDITORIA,REQUIERE_REVISION,AUXILIAR_TECNICA,REVISION,BAJA,MARCA_TECNICA_REMOVIBLE,EXCLUIR_DE_ARCHIVO_CARGA_SI_ES_AUXILIAR,TRAZABILIDAD_INTERNA_CNED,NO,SI,No debe ir en archivo de carga; conservar en trazabilidad.
9,I162S2C111J4V1,,CNED_ALERTAS,CONTIENE_MARCAS_TECNICAS_DE_REVISION,AUXILIAR_TECNICA,REVISION,BAJA,MARCA_TECNICA_REMOVIBLE,EXCLUIR_DE_ARCHIVO_CARGA_SI_ES_AUXILIAR,TRAZABILIDAD_INTERNA_CNED,NO,SI,No debe ir en archivo de carga; conservar en trazabilidad.
9,I162S2C111J4V1,,CNED_PUEDE_SUBIR_PRELIMINAR,REVISAR,AUXILIAR_TECNICA,REVISAR,BAJA,MARCA_TECNICA_REMOVIBLE,EXCLUIR_DE_ARCHIVO_CARGA_SI_ES_AUXILIAR,TRAZABILIDAD_INTERNA_CNED,NO,SI,No debe ir en archivo de carga; conservar en trazabilidad.
10,I162S2C111J4V2,,Detalle del Tipo de Programa (especiales),REVISAR_DETALLE_PROGRAMA_ESPECIAL,FORMULARIO_CNED_DESCONOCIDO,REVISAR,MEDIA,DUDA_METODOLOGICA,NO_RESOLVER_AUTOMATICAMENTE,INSTRUCTIVO_CNED_Y_DECISION_INSTITUCIONAL,DEPENDE,DEPENDE,Campo de formulario o carga potencial: validar contra instructivo CNED antes de excluir o completar.
10,I162S2C111J4V2,,Área del Conocimiento,REVISAR_AREA_CODIGO_1,FORMULARIO_CNED_DESCONOCIDO,REVISAR,MEDIA,DUDA_METODOLOGICA,REQUIERE_DECISION_INSTITUCIONAL,AREA_ACADEMICA_O_DUENO_DEL_PROGRAMA,DEPENDE,DEPENDE,Campo de formulario o carga potencial: validar contra instructivo CNED antes de excluir o completar.
10,I162S2C111J4V2,,Sub Área,REVISAR_SUB_AREA_SIN_FUENTE_DIRECTA,FORMULARIO_CNED_DESCONOCIDO,REVISAR,MEDIA,DUDA_METODOLOGICA,REQUIERE_DECISION_INSTITUCIONAL,AREA_ACADEMICA_O_DUENO_DEL_PROGRAMA,DEPENDE,DEPENDE,Campo de formulario o carga potencial: validar contra instructivo CNED antes de excluir o completar.
10,I162S2C111J4V2,,Carrera Genérica,REVISAR_CARRERA_GENERICA_SIN_FUENTE_DIRECTA,FORMULARIO_CNED_DESCONOCIDO,REVISAR,MEDIA,DUDA_METODOLOGICA,REQUIERE_DECISION_INSTITUCIONAL,AREA_ACADEMICA_O_DUENO_DEL_PROGRAMA,DEPENDE,DEPENDE,Campo de formulario o carga potencial: validar contra instructivo CNED antes de excluir o completar.
10,I162S2C111J4V2,,Grado Académico que otorga el programa,REVISAR_GRADO_ACADEMICO_SIN_FUENTE_DIRECTA,FORMULARIO_CNED_DESCONOCIDO,REVISAR,MEDIA,DUDA_METODOLOGICA,NO_RESOLVER_AUTOMATICAMENTE,INSTRUCTIVO_CNED_Y_DECISION_INSTITUCIONAL,DEPENDE,DEPENDE,Campo de formulario o carga potencial: validar contra instructivo CNED antes de excluir o completar.
10,I162S2C111J4V2,,Dependencia,REVISAR_DEPENDENCIA_SIN_FUENTE_DIRECTA,FORMULARIO_CNED_DESCONOCIDO,REVISAR,MEDIA,DUDA_METODOLOGICA,REQUIERE_DECISION_INSTITUCIONAL,AREA_ACADEMICA_O_DUENO_DEL_PROGRAMA,DEPENDE,DEPENDE,Campo de formulario o carga potencial: validar contra instructivo CNED antes de excluir o completar.
10,I162S2C111J4V2,,Régimen,REVISAR_REGIMEN_CODIGO_2,OFICIAL_PROBABLE,REVISAR,ALTA,CAMPO_PENDIENTE_REAL,VALIDAR_CON_REGISTRO_CURRICULAR,REGISTRO_CURRICULAR_OFERTA_OFICIAL,SI,NO,Campo estructural/oficial: no resolver sin fuente institucional.
10,I162S2C111J4V2,,Ingreso Directo,REVISAR_INGRESO_DIRECTO_CODIGO_REQUISITO_INGRESO_2_SEMESTRES_RECONOCIDOS_5,FORMULARIO_CNED_DESCONOCIDO,REVISAR,MEDIA,DUDA_METODOLOGICA,VALIDAR_CON_AREA_ACADEMICA,AREA_ACADEMICA_O_DUENO_DEL_PROGRAMA,DEPENDE,DEPENDE,Campo de formulario o carga potencial: validar contra instructivo CNED antes de excluir o completar.
10,I162S2C111J4V2,,Otro Tipo de Ingreso,REVISAR_OTRO_TIPO_INGRESO_CODIGO_REQUISITO_INGRESO_2_SEMESTRES_RECONOCIDOS_5,FORMULARIO_CNED_DESCONOCIDO,REVISAR,MEDIA,DUDA_METODOLOGICA,VALIDAR_CON_AREA_ACADEMICA,AREA_ACADEMICA_O_DUENO_DEL_PROGRAMA,DEPENDE,DEPENDE,Campo de formulario o carga potencial: validar contra instructivo CNED antes de excluir o completar.
10,I162S2C111J4V2,,Ingreso otro,REVISAR_DESCRIPCION_OTRO_INGRESO_SIN_TEXTO_FUENTE,FORMULARIO_CNED_DESCONOCIDO,REVISAR,MEDIA,DUDA_METODOLOGICA,VALIDAR_CON_AREA_ACADEMICA,AREA_ACADEMICA_O_DUENO_DEL_PROGRAMA,DEPENDE,DEPENDE,Campo de formulario o carga potencial: validar contra instructivo CNED antes de excluir o completar.
10,I162S2C111J4V2,,Observaciones,Crear según matriz PROMEDIOSDEALUMNOS_7804.xlsx / hoja matriz; conciliado contra diccionario oferta 2026; no encontrado en listado existente INDICES por CODIGO_UNICO; campos sin fuente directa quedan con revisión específica.,FORMULARIO_CNED_DESCONOCIDO,REVISION,MEDIA,OBSERVACION_INSTITUCIONAL,MANTENER_SOLO_COMO_TRAZABILIDAD,INSTRUCTIVO_CNED_Y_DECISION_INSTITUCIONAL,DEPENDE,DEPENDE,Campo de formulario o carga potencial: validar contra instructivo CNED antes de excluir o completar.
10,I162S2C111J4V2,,FECHA_ADMISION_INICIAL,REVISAR_FECHA_ADMISION_INICIAL_SIN_FUENTE,FORMULARIO_CNED_DESCONOCIDO,REVISAR,MEDIA,DUDA_METODOLOGICA,NO_RESOLVER_AUTOMATICAMENTE,INSTRUCTIVO_CNED_Y_DECISION_INSTITUCIONAL,DEPENDE,DEPENDE,Campo de formulario o carga potencial: validar contra instructivo CNED antes de excluir o completar.
10,I162S2C111J4V2,,MALLA_CURRICULAR,REVISAR_MALLA_CURRICULAR_SIN_FUENTE,FORMULARIO_CNED_DESCONOCIDO,REVISAR,MEDIA,DUDA_METODOLOGICA,VALIDAR_CON_AREA_ACADEMICA,AREA_ACADEMICA_O_DUENO_DEL_PROGRAMA,DEPENDE,DEPENDE,Campo de formulario o carga potencial: validar contra instructivo CNED antes de excluir o completar.
10,I162S2C111J4V2,,PERFIL_EGRESO,REVISAR_PERFIL_EGRESO_SIN_FUENTE,FORMULARIO_CNED_DESCONOCIDO,REVISAR,MEDIA,DUDA_METODOLOGICA,VALIDAR_CON_AREA_ACADEMICA,AREA_ACADEMICA_O_DUENO_DEL_PROGRAMA,DEPENDE,DEPENDE,Campo de formulario o carga potencial: validar contra instructivo CNED antes de excluir o completar.
10,I162S2C111J4V2,,TEXTO_REQUISITO_INGRESO,REVISAR_TEXTO_REQUISITO_INGRESO_SIN_FUENTE,FORMULARIO_CNED_DESCONOCIDO,REVISAR,MEDIA,DUDA_METODOLOGICA,VALIDAR_CON_AREA_ACADEMICA,AREA_ACADEMICA_O_DUENO_DEL_PROGRAMA,DEPENDE,DEPENDE,Campo de formulario o carga potencial: validar contra instructivo CNED antes de excluir o completar.
10,I162S2C111J4V2,,LICENCIA_ENS_MEDIA,REVISAR_LICENCIA_ENS_MEDIA_SIN_FUENTE,FORMULARIO_CNED_DESCONOCIDO,REVISAR,MEDIA,DUDA_METODOLOGICA,VALIDAR_CON_AREA_ACADEMICA,AREA_ACADEMICA_O_DUENO_DEL_PROGRAMA,DEPENDE,DEPENDE,Campo de formulario o carga potencial: validar contra instructivo CNED antes de excluir o completar.
10,I162S2C111J4V2,,NOTAS_ENS_MEDIA,REVISAR_NOTAS_ENS_MEDIA_SIN_FUENTE,FORMULARIO_CNED_DESCONOCIDO,REVISAR,MEDIA,DUDA_METODOLOGICA,VALIDAR_CON_AREA_ACADEMICA,AREA_ACADEMICA_O_DUENO_DEL_PROGRAMA,DEPENDE,DEPENDE,Campo de formulario o carga potencial: validar contra instructivo CNED antes de excluir o completar.
10,I162S2C111J4V2,,PROMEDIO_MIN_ENS_MEDIA,REVISAR_PROMEDIO_MIN_ENS_MEDIA_SIN_FUENTE,FORMULARIO_CNED_DESCONOCIDO,REVISAR,MEDIA,DUDA_METODOLOGICA,NO_RESOLVER_AUTOMATICAMENTE,INSTRUCTIVO_CNED_Y_DECISION_INSTITUCIONAL,DEPENDE,DEPENDE,Campo de formulario o carga potencial: validar contra instructivo CNED antes de excluir o completar.
10,I162S2C111J4V2,,RECONOCIMIENTOS_APREN_PREVIOS,REVISAR_RECONOCIMIENTOS_APREN_PREVIOS_SIN_FUENTE,FORMULARIO_CNED_DESCONOCIDO,REVISAR,MEDIA,DUDA_METODOLOGICA,NO_RESOLVER_AUTOMATICAMENTE,INSTRUCTIVO_CNED_Y_DECISION_INSTITUCIONAL,DEPENDE,DEPENDE,Campo de formulario o carga potencial: validar contra instructivo CNED antes de excluir o completar.
10,I162S2C111J4V2,,EXPERIENCIA_LABORAL,REVISAR_EXPERIENCIA_LABORAL_SIN_FUENTE,FORMULARIO_CNED_DESCONOCIDO,REVISAR,MEDIA,DUDA_METODOLOGICA,VALIDAR_CON_AREA_ACADEMICA,AREA_ACADEMICA_O_DUENO_DEL_PROGRAMA,DEPENDE,DEPENDE,Campo de formulario o carga potencial: validar contra instructivo CNED antes de excluir o completar.
10,I162S2C111J4V2,,OTROS_REQUISITOS,REVISAR_OTROS_REQUISITOS_SIN_FUENTE,FORMULARIO_CNED_DESCONOCIDO,REVISAR,MEDIA,DUDA_METODOLOGICA,VALIDAR_CON_AREA_ACADEMICA,AREA_ACADEMICA_O_DUENO_DEL_PROGRAMA,DEPENDE,DEPENDE,Campo de formulario o carga potencial: validar contra instructivo CNED antes de excluir o completar.
10,I162S2C111J4V2,,MAIL_DIFUSION_CARRERA,REVISAR_MAIL_DIFUSION_CARRERA_SIN_FUENTE,FORMULARIO_CNED_DESCONOCIDO,REVISAR,MEDIA,DUDA_METODOLOGICA,NO_RESOLVER_AUTOMATICAMENTE,INSTRUCTIVO_CNED_Y_DECISION_INSTITUCIONAL,DEPENDE,DEPENDE,Campo de formulario o carga potencial: validar contra instructivo CNED antes de excluir o completar.
10,I162S2C111J4V2,,FORMATO_VALOR,REVISAR_FORMATO_VALOR_SIN_FUENTE,FORMULARIO_CNED_DESCONOCIDO,REVISAR,MEDIA,DUDA_METODOLOGICA,VALIDAR_CON_FINANZAS_ARANCELES,FINANZAS_ARANCELES_INSTITUCIONAL,DEPENDE,DEPENDE,Requiere fuente monetaria explicita; no usar cero ni inferencias.
10,I162S2C111J4V2,,VALOR_MATRICULA_ANUAL,REVISAR_VALOR_MATRICULA_ANUAL_SIN_FUENTE,FORMULARIO_CNED_DESCONOCIDO,REVISAR,MEDIA,DUDA_METODOLOGICA,VALIDAR_CON_FINANZAS_ARANCELES,FINANZAS_ARANCELES_INSTITUCIONAL,DEPENDE,DEPENDE,Requiere fuente monetaria explicita; no usar cero ni inferencias.
10,I162S2C111J4V2,,COSTO_TITULACION,REVISAR_COSTO_TITULACION_SIN_FUENTE,FORMULARIO_CNED_DESCONOCIDO,REVISAR,MEDIA,DUDA_METODOLOGICA,VALIDAR_CON_FINANZAS_ARANCELES,FINANZAS_ARANCELES_INSTITUCIONAL,DEPENDE,DEPENDE,Requiere fuente monetaria explicita; no usar cero ni inferencias.
10,I162S2C111J4V2,,VALOR_CERTIFICADO_DIPLOMA,REVISAR_VALOR_CERTIFICADO_DIPLOMA_SIN_FUENTE,FORMULARIO_CNED_DESCONOCIDO,REVISAR,MEDIA,DUDA_METODOLOGICA,VALIDAR_CON_FINANZAS_ARANCELES,FINANZAS_ARANCELES_INSTITUCIONAL,DEPENDE,DEPENDE,Requiere fuente monetaria explicita; no usar cero ni inferencias.
10,I162S2C111J4V2,,ARANCEL_ANUAL,REVISAR_ARANCEL_ANUAL_SIN_FUENTE,FORMULARIO_CNED_DESCONOCIDO,REVISAR,MEDIA,DUDA_METODOLOGICA,VALIDAR_CON_FINANZAS_ARANCELES,FINANZAS_ARANCELES_INSTITUCIONAL,DEPENDE,DEPENDE,Requiere fuente monetaria explicita; no usar cero ni inferencias.
10,I162S2C111J4V2,,VIGENCIA_CARRERA,REVISAR_VIGENCIA_CARRERA_SIN_FUENTE_DIRECTA,OFICIAL_PROBABLE,REVISAR,ALTA,CAMPO_PENDIENTE_REAL,VALIDAR_CON_REGISTRO_CURRICULAR,REGISTRO_CURRICULAR_OFERTA_OFICIAL,SI,NO,Campo estructural/oficial: no resolver sin fuente institucional.
10,I162S2C111J4V2,,CNED_ESTADO_AUDITORIA,REQUIERE_REVISION,AUXILIAR_TECNICA,REVISION,BAJA,MARCA_TECNICA_REMOVIBLE,EXCLUIR_DE_ARCHIVO_CARGA_SI_ES_AUXILIAR,TRAZABILIDAD_INTERNA_CNED,NO,SI,No debe ir en archivo de carga; conservar en trazabilidad.
10,I162S2C111J4V2,,CNED_ALERTAS,CONTIENE_MARCAS_TECNICAS_DE_REVISION,AUXILIAR_TECNICA,REVISION,BAJA,MARCA_TECNICA_REMOVIBLE,EXCLUIR_DE_ARCHIVO_CARGA_SI_ES_AUXILIAR,TRAZABILIDAD_INTERNA_CNED,NO,SI,No debe ir en archivo de carga; conservar en trazabilidad.
10,I162S2C111J4V2,,CNED_PUEDE_SUBIR_PRELIMINAR,REVISAR,AUXILIAR_TECNICA,REVISAR,BAJA,MARCA_TECNICA_REMOVIBLE,EXCLUIR_DE_ARCHIVO_CARGA_SI_ES_AUXILIAR,TRAZABILIDAD_INTERNA_CNED,NO,SI,No debe ir en archivo de carga; conservar en trazabilidad.
11,I162S2C112J4V1,,Área del Conocimiento,REVISAR_AREA_CODIGO_1,FORMULARIO_CNED_DESCONOCIDO,REVISAR,MEDIA,DUDA_METODOLOGICA,REQUIERE_DECISION_INSTITUCIONAL,AREA_ACADEMICA_O_DUENO_DEL_PROGRAMA,DEPENDE,DEPENDE,Campo de formulario o carga potencial: validar contra instructivo CNED antes de excluir o completar.
11,I162S2C112J4V1,,Sub Área,REVISAR_SUB_AREA_SIN_FUENTE_DIRECTA,FORMULARIO_CNED_DESCONOCIDO,REVISAR,MEDIA,DUDA_METODOLOGICA,REQUIERE_DECISION_INSTITUCIONAL,AREA_ACADEMICA_O_DUENO_DEL_PROGRAMA,DEPENDE,DEPENDE,Campo de formulario o carga potencial: validar contra instructivo CNED antes de excluir o completar.
11,I162S2C112J4V1,,Carrera Genérica,REVISAR_CARRERA_GENERICA_SIN_FUENTE_DIRECTA,FORMULARIO_CNED_DESCONOCIDO,REVISAR,MEDIA,DUDA_METODOLOGICA,REQUIERE_DECISION_INSTITUCIONAL,AREA_ACADEMICA_O_DUENO_DEL_PROGRAMA,DEPENDE,DEPENDE,Campo de formulario o carga potencial: validar contra instructivo CNED antes de excluir o completar.
11,I162S2C112J4V1,,Grado Académico que otorga el programa,REVISAR_GRADO_ACADEMICO_SIN_FUENTE_DIRECTA,FORMULARIO_CNED_DESCONOCIDO,REVISAR,MEDIA,DUDA_METODOLOGICA,NO_RESOLVER_AUTOMATICAMENTE,INSTRUCTIVO_CNED_Y_DECISION_INSTITUCIONAL,DEPENDE,DEPENDE,Campo de formulario o carga potencial: validar contra instructivo CNED antes de excluir o completar.
11,I162S2C112J4V1,,Dependencia,REVISAR_DEPENDENCIA_SIN_FUENTE_DIRECTA,FORMULARIO_CNED_DESCONOCIDO,REVISAR,MEDIA,DUDA_METODOLOGICA,REQUIERE_DECISION_INSTITUCIONAL,AREA_ACADEMICA_O_DUENO_DEL_PROGRAMA,DEPENDE,DEPENDE,Campo de formulario o carga potencial: validar contra instructivo CNED antes de excluir o completar.
11,I162S2C112J4V1,,Régimen,REVISAR_REGIMEN_CODIGO_2,OFICIAL_PROBABLE,REVISAR,ALTA,CAMPO_PENDIENTE_REAL,VALIDAR_CON_REGISTRO_CURRICULAR,REGISTRO_CURRICULAR_OFERTA_OFICIAL,SI,NO,Campo estructural/oficial: no resolver sin fuente institucional.
11,I162S2C112J4V1,,Ingreso Directo,REVISAR_INGRESO_DIRECTO_CODIGO_REQUISITO_INGRESO_1,FORMULARIO_CNED_DESCONOCIDO,REVISAR,MEDIA,DUDA_METODOLOGICA,VALIDAR_CON_AREA_ACADEMICA,AREA_ACADEMICA_O_DUENO_DEL_PROGRAMA,DEPENDE,DEPENDE,Campo de formulario o carga potencial: validar contra instructivo CNED antes de excluir o completar.
11,I162S2C112J4V1,,Observaciones,Crear según matriz PROMEDIOSDEALUMNOS_7804.xlsx / hoja matriz; conciliado contra diccionario oferta 2026; no encontrado en listado existente INDICES por CODIGO_UNICO; campos sin fuente directa quedan con revisión específica.,FORMULARIO_CNED_DESCONOCIDO,REVISION,MEDIA,OBSERVACION_INSTITUCIONAL,MANTENER_SOLO_COMO_TRAZABILIDAD,INSTRUCTIVO_CNED_Y_DECISION_INSTITUCIONAL,DEPENDE,DEPENDE,Campo de formulario o carga potencial: validar contra instructivo CNED antes de excluir o completar.
11,I162S2C112J4V1,,FECHA_ADMISION_INICIAL,REVISAR_FECHA_ADMISION_INICIAL_SIN_FUENTE,FORMULARIO_CNED_DESCONOCIDO,REVISAR,MEDIA,DUDA_METODOLOGICA,NO_RESOLVER_AUTOMATICAMENTE,INSTRUCTIVO_CNED_Y_DECISION_INSTITUCIONAL,DEPENDE,DEPENDE,Campo de formulario o carga potencial: validar contra instructivo CNED antes de excluir o completar.
11,I162S2C112J4V1,,MALLA_CURRICULAR,REVISAR_MALLA_CURRICULAR_SIN_FUENTE,FORMULARIO_CNED_DESCONOCIDO,REVISAR,MEDIA,DUDA_METODOLOGICA,VALIDAR_CON_AREA_ACADEMICA,AREA_ACADEMICA_O_DUENO_DEL_PROGRAMA,DEPENDE,DEPENDE,Campo de formulario o carga potencial: validar contra instructivo CNED antes de excluir o completar.
11,I162S2C112J4V1,,PERFIL_EGRESO,REVISAR_PERFIL_EGRESO_SIN_FUENTE,FORMULARIO_CNED_DESCONOCIDO,REVISAR,MEDIA,DUDA_METODOLOGICA,VALIDAR_CON_AREA_ACADEMICA,AREA_ACADEMICA_O_DUENO_DEL_PROGRAMA,DEPENDE,DEPENDE,Campo de formulario o carga potencial: validar contra instructivo CNED antes de excluir o completar.
11,I162S2C112J4V1,,TEXTO_REQUISITO_INGRESO,REVISAR_TEXTO_REQUISITO_INGRESO_SIN_FUENTE,FORMULARIO_CNED_DESCONOCIDO,REVISAR,MEDIA,DUDA_METODOLOGICA,VALIDAR_CON_AREA_ACADEMICA,AREA_ACADEMICA_O_DUENO_DEL_PROGRAMA,DEPENDE,DEPENDE,Campo de formulario o carga potencial: validar contra instructivo CNED antes de excluir o completar.
11,I162S2C112J4V1,,LICENCIA_ENS_MEDIA,REVISAR_LICENCIA_ENS_MEDIA_SIN_FUENTE,FORMULARIO_CNED_DESCONOCIDO,REVISAR,MEDIA,DUDA_METODOLOGICA,VALIDAR_CON_AREA_ACADEMICA,AREA_ACADEMICA_O_DUENO_DEL_PROGRAMA,DEPENDE,DEPENDE,Campo de formulario o carga potencial: validar contra instructivo CNED antes de excluir o completar.
11,I162S2C112J4V1,,NOTAS_ENS_MEDIA,REVISAR_NOTAS_ENS_MEDIA_SIN_FUENTE,FORMULARIO_CNED_DESCONOCIDO,REVISAR,MEDIA,DUDA_METODOLOGICA,VALIDAR_CON_AREA_ACADEMICA,AREA_ACADEMICA_O_DUENO_DEL_PROGRAMA,DEPENDE,DEPENDE,Campo de formulario o carga potencial: validar contra instructivo CNED antes de excluir o completar.
11,I162S2C112J4V1,,PROMEDIO_MIN_ENS_MEDIA,REVISAR_PROMEDIO_MIN_ENS_MEDIA_SIN_FUENTE,FORMULARIO_CNED_DESCONOCIDO,REVISAR,MEDIA,DUDA_METODOLOGICA,NO_RESOLVER_AUTOMATICAMENTE,INSTRUCTIVO_CNED_Y_DECISION_INSTITUCIONAL,DEPENDE,DEPENDE,Campo de formulario o carga potencial: validar contra instructivo CNED antes de excluir o completar.
11,I162S2C112J4V1,,RECONOCIMIENTOS_APREN_PREVIOS,REVISAR_RECONOCIMIENTOS_APREN_PREVIOS_SIN_FUENTE,FORMULARIO_CNED_DESCONOCIDO,REVISAR,MEDIA,DUDA_METODOLOGICA,NO_RESOLVER_AUTOMATICAMENTE,INSTRUCTIVO_CNED_Y_DECISION_INSTITUCIONAL,DEPENDE,DEPENDE,Campo de formulario o carga potencial: validar contra instructivo CNED antes de excluir o completar.
11,I162S2C112J4V1,,EXPERIENCIA_LABORAL,REVISAR_EXPERIENCIA_LABORAL_SIN_FUENTE,FORMULARIO_CNED_DESCONOCIDO,REVISAR,MEDIA,DUDA_METODOLOGICA,VALIDAR_CON_AREA_ACADEMICA,AREA_ACADEMICA_O_DUENO_DEL_PROGRAMA,DEPENDE,DEPENDE,Campo de formulario o carga potencial: validar contra instructivo CNED antes de excluir o completar.
11,I162S2C112J4V1,,OTROS_REQUISITOS,REVISAR_OTROS_REQUISITOS_SIN_FUENTE,FORMULARIO_CNED_DESCONOCIDO,REVISAR,MEDIA,DUDA_METODOLOGICA,VALIDAR_CON_AREA_ACADEMICA,AREA_ACADEMICA_O_DUENO_DEL_PROGRAMA,DEPENDE,DEPENDE,Campo de formulario o carga potencial: validar contra instructivo CNED antes de excluir o completar.
11,I162S2C112J4V1,,MAIL_DIFUSION_CARRERA,REVISAR_MAIL_DIFUSION_CARRERA_SIN_FUENTE,FORMULARIO_CNED_DESCONOCIDO,REVISAR,MEDIA,DUDA_METODOLOGICA,NO_RESOLVER_AUTOMATICAMENTE,INSTRUCTIVO_CNED_Y_DECISION_INSTITUCIONAL,DEPENDE,DEPENDE,Campo de formulario o carga potencial: validar contra instructivo CNED antes de excluir o completar.
11,I162S2C112J4V1,,FORMATO_VALOR,REVISAR_FORMATO_VALOR_SIN_FUENTE,FORMULARIO_CNED_DESCONOCIDO,REVISAR,MEDIA,DUDA_METODOLOGICA,VALIDAR_CON_FINANZAS_ARANCELES,FINANZAS_ARANCELES_INSTITUCIONAL,DEPENDE,DEPENDE,Requiere fuente monetaria explicita; no usar cero ni inferencias.
11,I162S2C112J4V1,,VALOR_MATRICULA_ANUAL,REVISAR_VALOR_MATRICULA_ANUAL_SIN_FUENTE,FORMULARIO_CNED_DESCONOCIDO,REVISAR,MEDIA,DUDA_METODOLOGICA,VALIDAR_CON_FINANZAS_ARANCELES,FINANZAS_ARANCELES_INSTITUCIONAL,DEPENDE,DEPENDE,Requiere fuente monetaria explicita; no usar cero ni inferencias.
11,I162S2C112J4V1,,COSTO_TITULACION,REVISAR_COSTO_TITULACION_SIN_FUENTE,FORMULARIO_CNED_DESCONOCIDO,REVISAR,MEDIA,DUDA_METODOLOGICA,VALIDAR_CON_FINANZAS_ARANCELES,FINANZAS_ARANCELES_INSTITUCIONAL,DEPENDE,DEPENDE,Requiere fuente monetaria explicita; no usar cero ni inferencias.
11,I162S2C112J4V1,,VALOR_CERTIFICADO_DIPLOMA,REVISAR_VALOR_CERTIFICADO_DIPLOMA_SIN_FUENTE,FORMULARIO_CNED_DESCONOCIDO,REVISAR,MEDIA,DUDA_METODOLOGICA,VALIDAR_CON_FINANZAS_ARANCELES,FINANZAS_ARANCELES_INSTITUCIONAL,DEPENDE,DEPENDE,Requiere fuente monetaria explicita; no usar cero ni inferencias.
11,I162S2C112J4V1,,ARANCEL_ANUAL,REVISAR_ARANCEL_ANUAL_SIN_FUENTE,FORMULARIO_CNED_DESCONOCIDO,REVISAR,MEDIA,DUDA_METODOLOGICA,VALIDAR_CON_FINANZAS_ARANCELES,FINANZAS_ARANCELES_INSTITUCIONAL,DEPENDE,DEPENDE,Requiere fuente monetaria explicita; no usar cero ni inferencias.
11,I162S2C112J4V1,,VIGENCIA_CARRERA,REVISAR_VIGENCIA_CARRERA_SIN_FUENTE_DIRECTA,OFICIAL_PROBABLE,REVISAR,ALTA,CAMPO_PENDIENTE_REAL,VALIDAR_CON_REGISTRO_CURRICULAR,REGISTRO_CURRICULAR_OFERTA_OFICIAL,SI,NO,Campo estructural/oficial: no resolver sin fuente institucional.
11,I162S2C112J4V1,,CNED_ESTADO_AUDITORIA,REQUIERE_REVISION,AUXILIAR_TECNICA,REVISION,BAJA,MARCA_TECNICA_REMOVIBLE,EXCLUIR_DE_ARCHIVO_CARGA_SI_ES_AUXILIAR,TRAZABILIDAD_INTERNA_CNED,NO,SI,No debe ir en archivo de carga; conservar en trazabilidad.
11,I162S2C112J4V1,,CNED_ALERTAS,CONTIENE_MARCAS_TECNICAS_DE_REVISION,AUXILIAR_TECNICA,REVISION,BAJA,MARCA_TECNICA_REMOVIBLE,EXCLUIR_DE_ARCHIVO_CARGA_SI_ES_AUXILIAR,TRAZABILIDAD_INTERNA_CNED,NO,SI,No debe ir en archivo de carga; conservar en trazabilidad.
11,I162S2C112J4V1,,CNED_PUEDE_SUBIR_PRELIMINAR,REVISAR,AUXILIAR_TECNICA,REVISAR,BAJA,MARCA_TECNICA_REMOVIBLE,EXCLUIR_DE_ARCHIVO_CARGA_SI_ES_AUXILIAR,TRAZABILIDAD_INTERNA_CNED,NO,SI,No debe ir en archivo de carga; conservar en trazabilidad.
12,I162S2C112J4V2,,Detalle del Tipo de Programa (especiales),REVISAR_DETALLE_PROGRAMA_ESPECIAL,FORMULARIO_CNED_DESCONOCIDO,REVISAR,MEDIA,DUDA_METODOLOGICA,NO_RESOLVER_AUTOMATICAMENTE,INSTRUCTIVO_CNED_Y_DECISION_INSTITUCIONAL,DEPENDE,DEPENDE,Campo de formulario o carga potencial: validar contra instructivo CNED antes de excluir o completar.
12,I162S2C112J4V2,,Área del Conocimiento,REVISAR_AREA_CODIGO_1,FORMULARIO_CNED_DESCONOCIDO,REVISAR,MEDIA,DUDA_METODOLOGICA,REQUIERE_DECISION_INSTITUCIONAL,AREA_ACADEMICA_O_DUENO_DEL_PROGRAMA,DEPENDE,DEPENDE,Campo de formulario o carga potencial: validar contra instructivo CNED antes de excluir o completar.
12,I162S2C112J4V2,,Sub Área,REVISAR_SUB_AREA_SIN_FUENTE_DIRECTA,FORMULARIO_CNED_DESCONOCIDO,REVISAR,MEDIA,DUDA_METODOLOGICA,REQUIERE_DECISION_INSTITUCIONAL,AREA_ACADEMICA_O_DUENO_DEL_PROGRAMA,DEPENDE,DEPENDE,Campo de formulario o carga potencial: validar contra instructivo CNED antes de excluir o completar.
12,I162S2C112J4V2,,Carrera Genérica,REVISAR_CARRERA_GENERICA_SIN_FUENTE_DIRECTA,FORMULARIO_CNED_DESCONOCIDO,REVISAR,MEDIA,DUDA_METODOLOGICA,REQUIERE_DECISION_INSTITUCIONAL,AREA_ACADEMICA_O_DUENO_DEL_PROGRAMA,DEPENDE,DEPENDE,Campo de formulario o carga potencial: validar contra instructivo CNED antes de excluir o completar.
12,I162S2C112J4V2,,Grado Académico que otorga el programa,REVISAR_GRADO_ACADEMICO_SIN_FUENTE_DIRECTA,FORMULARIO_CNED_DESCONOCIDO,REVISAR,MEDIA,DUDA_METODOLOGICA,NO_RESOLVER_AUTOMATICAMENTE,INSTRUCTIVO_CNED_Y_DECISION_INSTITUCIONAL,DEPENDE,DEPENDE,Campo de formulario o carga potencial: validar contra instructivo CNED antes de excluir o completar.
12,I162S2C112J4V2,,Dependencia,REVISAR_DEPENDENCIA_SIN_FUENTE_DIRECTA,FORMULARIO_CNED_DESCONOCIDO,REVISAR,MEDIA,DUDA_METODOLOGICA,REQUIERE_DECISION_INSTITUCIONAL,AREA_ACADEMICA_O_DUENO_DEL_PROGRAMA,DEPENDE,DEPENDE,Campo de formulario o carga potencial: validar contra instructivo CNED antes de excluir o completar.
12,I162S2C112J4V2,,Régimen,REVISAR_REGIMEN_CODIGO_2,OFICIAL_PROBABLE,REVISAR,ALTA,CAMPO_PENDIENTE_REAL,VALIDAR_CON_REGISTRO_CURRICULAR,REGISTRO_CURRICULAR_OFERTA_OFICIAL,SI,NO,Campo estructural/oficial: no resolver sin fuente institucional.
12,I162S2C112J4V2,,Ingreso Directo,REVISAR_INGRESO_DIRECTO_CODIGO_REQUISITO_INGRESO_2_SEMESTRES_RECONOCIDOS_5,FORMULARIO_CNED_DESCONOCIDO,REVISAR,MEDIA,DUDA_METODOLOGICA,VALIDAR_CON_AREA_ACADEMICA,AREA_ACADEMICA_O_DUENO_DEL_PROGRAMA,DEPENDE,DEPENDE,Campo de formulario o carga potencial: validar contra instructivo CNED antes de excluir o completar.
12,I162S2C112J4V2,,Otro Tipo de Ingreso,REVISAR_OTRO_TIPO_INGRESO_CODIGO_REQUISITO_INGRESO_2_SEMESTRES_RECONOCIDOS_5,FORMULARIO_CNED_DESCONOCIDO,REVISAR,MEDIA,DUDA_METODOLOGICA,VALIDAR_CON_AREA_ACADEMICA,AREA_ACADEMICA_O_DUENO_DEL_PROGRAMA,DEPENDE,DEPENDE,Campo de formulario o carga potencial: validar contra instructivo CNED antes de excluir o completar.
12,I162S2C112J4V2,,Ingreso otro,REVISAR_DESCRIPCION_OTRO_INGRESO_SIN_TEXTO_FUENTE,FORMULARIO_CNED_DESCONOCIDO,REVISAR,MEDIA,DUDA_METODOLOGICA,VALIDAR_CON_AREA_ACADEMICA,AREA_ACADEMICA_O_DUENO_DEL_PROGRAMA,DEPENDE,DEPENDE,Campo de formulario o carga potencial: validar contra instructivo CNED antes de excluir o completar.
12,I162S2C112J4V2,,Observaciones,Crear según matriz PROMEDIOSDEALUMNOS_7804.xlsx / hoja matriz; conciliado contra diccionario oferta 2026; no encontrado en listado existente INDICES por CODIGO_UNICO; campos sin fuente directa quedan con revisión específica.,FORMULARIO_CNED_DESCONOCIDO,REVISION,MEDIA,OBSERVACION_INSTITUCIONAL,MANTENER_SOLO_COMO_TRAZABILIDAD,INSTRUCTIVO_CNED_Y_DECISION_INSTITUCIONAL,DEPENDE,DEPENDE,Campo de formulario o carga potencial: validar contra instructivo CNED antes de excluir o completar.
12,I162S2C112J4V2,,FECHA_ADMISION_INICIAL,REVISAR_FECHA_ADMISION_INICIAL_SIN_FUENTE,FORMULARIO_CNED_DESCONOCIDO,REVISAR,MEDIA,DUDA_METODOLOGICA,NO_RESOLVER_AUTOMATICAMENTE,INSTRUCTIVO_CNED_Y_DECISION_INSTITUCIONAL,DEPENDE,DEPENDE,Campo de formulario o carga potencial: validar contra instructivo CNED antes de excluir o completar.
12,I162S2C112J4V2,,MALLA_CURRICULAR,REVISAR_MALLA_CURRICULAR_SIN_FUENTE,FORMULARIO_CNED_DESCONOCIDO,REVISAR,MEDIA,DUDA_METODOLOGICA,VALIDAR_CON_AREA_ACADEMICA,AREA_ACADEMICA_O_DUENO_DEL_PROGRAMA,DEPENDE,DEPENDE,Campo de formulario o carga potencial: validar contra instructivo CNED antes de excluir o completar.
12,I162S2C112J4V2,,PERFIL_EGRESO,REVISAR_PERFIL_EGRESO_SIN_FUENTE,FORMULARIO_CNED_DESCONOCIDO,REVISAR,MEDIA,DUDA_METODOLOGICA,VALIDAR_CON_AREA_ACADEMICA,AREA_ACADEMICA_O_DUENO_DEL_PROGRAMA,DEPENDE,DEPENDE,Campo de formulario o carga potencial: validar contra instructivo CNED antes de excluir o completar.
12,I162S2C112J4V2,,TEXTO_REQUISITO_INGRESO,REVISAR_TEXTO_REQUISITO_INGRESO_SIN_FUENTE,FORMULARIO_CNED_DESCONOCIDO,REVISAR,MEDIA,DUDA_METODOLOGICA,VALIDAR_CON_AREA_ACADEMICA,AREA_ACADEMICA_O_DUENO_DEL_PROGRAMA,DEPENDE,DEPENDE,Campo de formulario o carga potencial: validar contra instructivo CNED antes de excluir o completar.
12,I162S2C112J4V2,,LICENCIA_ENS_MEDIA,REVISAR_LICENCIA_ENS_MEDIA_SIN_FUENTE,FORMULARIO_CNED_DESCONOCIDO,REVISAR,MEDIA,DUDA_METODOLOGICA,VALIDAR_CON_AREA_ACADEMICA,AREA_ACADEMICA_O_DUENO_DEL_PROGRAMA,DEPENDE,DEPENDE,Campo de formulario o carga potencial: validar contra instructivo CNED antes de excluir o completar.
12,I162S2C112J4V2,,NOTAS_ENS_MEDIA,REVISAR_NOTAS_ENS_MEDIA_SIN_FUENTE,FORMULARIO_CNED_DESCONOCIDO,REVISAR,MEDIA,DUDA_METODOLOGICA,VALIDAR_CON_AREA_ACADEMICA,AREA_ACADEMICA_O_DUENO_DEL_PROGRAMA,DEPENDE,DEPENDE,Campo de formulario o carga potencial: validar contra instructivo CNED antes de excluir o completar.
12,I162S2C112J4V2,,PROMEDIO_MIN_ENS_MEDIA,REVISAR_PROMEDIO_MIN_ENS_MEDIA_SIN_FUENTE,FORMULARIO_CNED_DESCONOCIDO,REVISAR,MEDIA,DUDA_METODOLOGICA,NO_RESOLVER_AUTOMATICAMENTE,INSTRUCTIVO_CNED_Y_DECISION_INSTITUCIONAL,DEPENDE,DEPENDE,Campo de formulario o carga potencial: validar contra instructivo CNED antes de excluir o completar.
12,I162S2C112J4V2,,RECONOCIMIENTOS_APREN_PREVIOS,REVISAR_RECONOCIMIENTOS_APREN_PREVIOS_SIN_FUENTE,FORMULARIO_CNED_DESCONOCIDO,REVISAR,MEDIA,DUDA_METODOLOGICA,NO_RESOLVER_AUTOMATICAMENTE,INSTRUCTIVO_CNED_Y_DECISION_INSTITUCIONAL,DEPENDE,DEPENDE,Campo de formulario o carga potencial: validar contra instructivo CNED antes de excluir o completar.
12,I162S2C112J4V2,,EXPERIENCIA_LABORAL,REVISAR_EXPERIENCIA_LABORAL_SIN_FUENTE,FORMULARIO_CNED_DESCONOCIDO,REVISAR,MEDIA,DUDA_METODOLOGICA,VALIDAR_CON_AREA_ACADEMICA,AREA_ACADEMICA_O_DUENO_DEL_PROGRAMA,DEPENDE,DEPENDE,Campo de formulario o carga potencial: validar contra instructivo CNED antes de excluir o completar.
12,I162S2C112J4V2,,OTROS_REQUISITOS,REVISAR_OTROS_REQUISITOS_SIN_FUENTE,FORMULARIO_CNED_DESCONOCIDO,REVISAR,MEDIA,DUDA_METODOLOGICA,VALIDAR_CON_AREA_ACADEMICA,AREA_ACADEMICA_O_DUENO_DEL_PROGRAMA,DEPENDE,DEPENDE,Campo de formulario o carga potencial: validar contra instructivo CNED antes de excluir o completar.
12,I162S2C112J4V2,,MAIL_DIFUSION_CARRERA,REVISAR_MAIL_DIFUSION_CARRERA_SIN_FUENTE,FORMULARIO_CNED_DESCONOCIDO,REVISAR,MEDIA,DUDA_METODOLOGICA,NO_RESOLVER_AUTOMATICAMENTE,INSTRUCTIVO_CNED_Y_DECISION_INSTITUCIONAL,DEPENDE,DEPENDE,Campo de formulario o carga potencial: validar contra instructivo CNED antes de excluir o completar.
12,I162S2C112J4V2,,FORMATO_VALOR,REVISAR_FORMATO_VALOR_SIN_FUENTE,FORMULARIO_CNED_DESCONOCIDO,REVISAR,MEDIA,DUDA_METODOLOGICA,VALIDAR_CON_FINANZAS_ARANCELES,FINANZAS_ARANCELES_INSTITUCIONAL,DEPENDE,DEPENDE,Requiere fuente monetaria explicita; no usar cero ni inferencias.
12,I162S2C112J4V2,,VALOR_MATRICULA_ANUAL,REVISAR_VALOR_MATRICULA_ANUAL_SIN_FUENTE,FORMULARIO_CNED_DESCONOCIDO,REVISAR,MEDIA,DUDA_METODOLOGICA,VALIDAR_CON_FINANZAS_ARANCELES,FINANZAS_ARANCELES_INSTITUCIONAL,DEPENDE,DEPENDE,Requiere fuente monetaria explicita; no usar cero ni inferencias.
12,I162S2C112J4V2,,COSTO_TITULACION,REVISAR_COSTO_TITULACION_SIN_FUENTE,FORMULARIO_CNED_DESCONOCIDO,REVISAR,MEDIA,DUDA_METODOLOGICA,VALIDAR_CON_FINANZAS_ARANCELES,FINANZAS_ARANCELES_INSTITUCIONAL,DEPENDE,DEPENDE,Requiere fuente monetaria explicita; no usar cero ni inferencias.
12,I162S2C112J4V2,,VALOR_CERTIFICADO_DIPLOMA,REVISAR_VALOR_CERTIFICADO_DIPLOMA_SIN_FUENTE,FORMULARIO_CNED_DESCONOCIDO,REVISAR,MEDIA,DUDA_METODOLOGICA,VALIDAR_CON_FINANZAS_ARANCELES,FINANZAS_ARANCELES_INSTITUCIONAL,DEPENDE,DEPENDE,Requiere fuente monetaria explicita; no usar cero ni inferencias.
12,I162S2C112J4V2,,ARANCEL_ANUAL,REVISAR_ARANCEL_ANUAL_SIN_FUENTE,FORMULARIO_CNED_DESCONOCIDO,REVISAR,MEDIA,DUDA_METODOLOGICA,VALIDAR_CON_FINANZAS_ARANCELES,FINANZAS_ARANCELES_INSTITUCIONAL,DEPENDE,DEPENDE,Requiere fuente monetaria explicita; no usar cero ni inferencias.
12,I162S2C112J4V2,,VIGENCIA_CARRERA,REVISAR_VIGENCIA_CARRERA_SIN_FUENTE_DIRECTA,OFICIAL_PROBABLE,REVISAR,ALTA,CAMPO_PENDIENTE_REAL,VALIDAR_CON_REGISTRO_CURRICULAR,REGISTRO_CURRICULAR_OFERTA_OFICIAL,SI,NO,Campo estructural/oficial: no resolver sin fuente institucional.
12,I162S2C112J4V2,,CNED_ESTADO_AUDITORIA,REQUIERE_REVISION,AUXILIAR_TECNICA,REVISION,BAJA,MARCA_TECNICA_REMOVIBLE,EXCLUIR_DE_ARCHIVO_CARGA_SI_ES_AUXILIAR,TRAZABILIDAD_INTERNA_CNED,NO,SI,No debe ir en archivo de carga; conservar en trazabilidad.
12,I162S2C112J4V2,,CNED_ALERTAS,CONTIENE_MARCAS_TECNICAS_DE_REVISION,AUXILIAR_TECNICA,REVISION,BAJA,MARCA_TECNICA_REMOVIBLE,EXCLUIR_DE_ARCHIVO_CARGA_SI_ES_AUXILIAR,TRAZABILIDAD_INTERNA_CNED,NO,SI,No debe ir en archivo de carga; conservar en trazabilidad.
12,I162S2C112J4V2,,CNED_PUEDE_SUBIR_PRELIMINAR,REVISAR,AUXILIAR_TECNICA,REVISAR,BAJA,MARCA_TECNICA_REMOVIBLE,EXCLUIR_DE_ARCHIVO_CARGA_SI_ES_AUXILIAR,TRAZABILIDAD_INTERNA_CNED,NO,SI,No debe ir en archivo de carga; conservar en trazabilidad.
13,I162S2C113J4V1,,Área del Conocimiento,REVISAR_AREA_CODIGO_1,FORMULARIO_CNED_DESCONOCIDO,REVISAR,MEDIA,DUDA_METODOLOGICA,REQUIERE_DECISION_INSTITUCIONAL,AREA_ACADEMICA_O_DUENO_DEL_PROGRAMA,DEPENDE,DEPENDE,Campo de formulario o carga potencial: validar contra instructivo CNED antes de excluir o completar.
13,I162S2C113J4V1,,Sub Área,REVISAR_SUB_AREA_SIN_FUENTE_DIRECTA,FORMULARIO_CNED_DESCONOCIDO,REVISAR,MEDIA,DUDA_METODOLOGICA,REQUIERE_DECISION_INSTITUCIONAL,AREA_ACADEMICA_O_DUENO_DEL_PROGRAMA,DEPENDE,DEPENDE,Campo de formulario o carga potencial: validar contra instructivo CNED antes de excluir o completar.
13,I162S2C113J4V1,,Carrera Genérica,REVISAR_CARRERA_GENERICA_SIN_FUENTE_DIRECTA,FORMULARIO_CNED_DESCONOCIDO,REVISAR,MEDIA,DUDA_METODOLOGICA,REQUIERE_DECISION_INSTITUCIONAL,AREA_ACADEMICA_O_DUENO_DEL_PROGRAMA,DEPENDE,DEPENDE,Campo de formulario o carga potencial: validar contra instructivo CNED antes de excluir o completar.
13,I162S2C113J4V1,,Grado Académico que otorga el programa,REVISAR_GRADO_ACADEMICO_SIN_FUENTE_DIRECTA,FORMULARIO_CNED_DESCONOCIDO,REVISAR,MEDIA,DUDA_METODOLOGICA,NO_RESOLVER_AUTOMATICAMENTE,INSTRUCTIVO_CNED_Y_DECISION_INSTITUCIONAL,DEPENDE,DEPENDE,Campo de formulario o carga potencial: validar contra instructivo CNED antes de excluir o completar.
13,I162S2C113J4V1,,Dependencia,REVISAR_DEPENDENCIA_SIN_FUENTE_DIRECTA,FORMULARIO_CNED_DESCONOCIDO,REVISAR,MEDIA,DUDA_METODOLOGICA,REQUIERE_DECISION_INSTITUCIONAL,AREA_ACADEMICA_O_DUENO_DEL_PROGRAMA,DEPENDE,DEPENDE,Campo de formulario o carga potencial: validar contra instructivo CNED antes de excluir o completar.
13,I162S2C113J4V1,,Régimen,REVISAR_REGIMEN_CODIGO_2,OFICIAL_PROBABLE,REVISAR,ALTA,CAMPO_PENDIENTE_REAL,VALIDAR_CON_REGISTRO_CURRICULAR,REGISTRO_CURRICULAR_OFERTA_OFICIAL,SI,NO,Campo estructural/oficial: no resolver sin fuente institucional.
13,I162S2C113J4V1,,Ingreso Directo,REVISAR_INGRESO_DIRECTO_CODIGO_REQUISITO_INGRESO_1,FORMULARIO_CNED_DESCONOCIDO,REVISAR,MEDIA,DUDA_METODOLOGICA,VALIDAR_CON_AREA_ACADEMICA,AREA_ACADEMICA_O_DUENO_DEL_PROGRAMA,DEPENDE,DEPENDE,Campo de formulario o carga potencial: validar contra instructivo CNED antes de excluir o completar.
13,I162S2C113J4V1,,Observaciones,Crear según matriz PROMEDIOSDEALUMNOS_7804.xlsx / hoja matriz; conciliado contra diccionario oferta 2026; no encontrado en listado existente INDICES por CODIGO_UNICO; campos sin fuente directa quedan con revisión específica.,FORMULARIO_CNED_DESCONOCIDO,REVISION,MEDIA,OBSERVACION_INSTITUCIONAL,MANTENER_SOLO_COMO_TRAZABILIDAD,INSTRUCTIVO_CNED_Y_DECISION_INSTITUCIONAL,DEPENDE,DEPENDE,Campo de formulario o carga potencial: validar contra instructivo CNED antes de excluir o completar.
13,I162S2C113J4V1,,FECHA_ADMISION_INICIAL,REVISAR_FECHA_ADMISION_INICIAL_SIN_FUENTE,FORMULARIO_CNED_DESCONOCIDO,REVISAR,MEDIA,DUDA_METODOLOGICA,NO_RESOLVER_AUTOMATICAMENTE,INSTRUCTIVO_CNED_Y_DECISION_INSTITUCIONAL,DEPENDE,DEPENDE,Campo de formulario o carga potencial: validar contra instructivo CNED antes de excluir o completar.
13,I162S2C113J4V1,,MALLA_CURRICULAR,REVISAR_MALLA_CURRICULAR_SIN_FUENTE,FORMULARIO_CNED_DESCONOCIDO,REVISAR,MEDIA,DUDA_METODOLOGICA,VALIDAR_CON_AREA_ACADEMICA,AREA_ACADEMICA_O_DUENO_DEL_PROGRAMA,DEPENDE,DEPENDE,Campo de formulario o carga potencial: validar contra instructivo CNED antes de excluir o completar.
13,I162S2C113J4V1,,PERFIL_EGRESO,REVISAR_PERFIL_EGRESO_SIN_FUENTE,FORMULARIO_CNED_DESCONOCIDO,REVISAR,MEDIA,DUDA_METODOLOGICA,VALIDAR_CON_AREA_ACADEMICA,AREA_ACADEMICA_O_DUENO_DEL_PROGRAMA,DEPENDE,DEPENDE,Campo de formulario o carga potencial: validar contra instructivo CNED antes de excluir o completar.
13,I162S2C113J4V1,,TEXTO_REQUISITO_INGRESO,REVISAR_TEXTO_REQUISITO_INGRESO_SIN_FUENTE,FORMULARIO_CNED_DESCONOCIDO,REVISAR,MEDIA,DUDA_METODOLOGICA,VALIDAR_CON_AREA_ACADEMICA,AREA_ACADEMICA_O_DUENO_DEL_PROGRAMA,DEPENDE,DEPENDE,Campo de formulario o carga potencial: validar contra instructivo CNED antes de excluir o completar.
13,I162S2C113J4V1,,LICENCIA_ENS_MEDIA,REVISAR_LICENCIA_ENS_MEDIA_SIN_FUENTE,FORMULARIO_CNED_DESCONOCIDO,REVISAR,MEDIA,DUDA_METODOLOGICA,VALIDAR_CON_AREA_ACADEMICA,AREA_ACADEMICA_O_DUENO_DEL_PROGRAMA,DEPENDE,DEPENDE,Campo de formulario o carga potencial: validar contra instructivo CNED antes de excluir o completar.
13,I162S2C113J4V1,,NOTAS_ENS_MEDIA,REVISAR_NOTAS_ENS_MEDIA_SIN_FUENTE,FORMULARIO_CNED_DESCONOCIDO,REVISAR,MEDIA,DUDA_METODOLOGICA,VALIDAR_CON_AREA_ACADEMICA,AREA_ACADEMICA_O_DUENO_DEL_PROGRAMA,DEPENDE,DEPENDE,Campo de formulario o carga potencial: validar contra instructivo CNED antes de excluir o completar.
13,I162S2C113J4V1,,PROMEDIO_MIN_ENS_MEDIA,REVISAR_PROMEDIO_MIN_ENS_MEDIA_SIN_FUENTE,FORMULARIO_CNED_DESCONOCIDO,REVISAR,MEDIA,DUDA_METODOLOGICA,NO_RESOLVER_AUTOMATICAMENTE,INSTRUCTIVO_CNED_Y_DECISION_INSTITUCIONAL,DEPENDE,DEPENDE,Campo de formulario o carga potencial: validar contra instructivo CNED antes de excluir o completar.
13,I162S2C113J4V1,,RECONOCIMIENTOS_APREN_PREVIOS,REVISAR_RECONOCIMIENTOS_APREN_PREVIOS_SIN_FUENTE,FORMULARIO_CNED_DESCONOCIDO,REVISAR,MEDIA,DUDA_METODOLOGICA,NO_RESOLVER_AUTOMATICAMENTE,INSTRUCTIVO_CNED_Y_DECISION_INSTITUCIONAL,DEPENDE,DEPENDE,Campo de formulario o carga potencial: validar contra instructivo CNED antes de excluir o completar.
13,I162S2C113J4V1,,EXPERIENCIA_LABORAL,REVISAR_EXPERIENCIA_LABORAL_SIN_FUENTE,FORMULARIO_CNED_DESCONOCIDO,REVISAR,MEDIA,DUDA_METODOLOGICA,VALIDAR_CON_AREA_ACADEMICA,AREA_ACADEMICA_O_DUENO_DEL_PROGRAMA,DEPENDE,DEPENDE,Campo de formulario o carga potencial: validar contra instructivo CNED antes de excluir o completar.
13,I162S2C113J4V1,,OTROS_REQUISITOS,REVISAR_OTROS_REQUISITOS_SIN_FUENTE,FORMULARIO_CNED_DESCONOCIDO,REVISAR,MEDIA,DUDA_METODOLOGICA,VALIDAR_CON_AREA_ACADEMICA,AREA_ACADEMICA_O_DUENO_DEL_PROGRAMA,DEPENDE,DEPENDE,Campo de formulario o carga potencial: validar contra instructivo CNED antes de excluir o completar.
13,I162S2C113J4V1,,MAIL_DIFUSION_CARRERA,REVISAR_MAIL_DIFUSION_CARRERA_SIN_FUENTE,FORMULARIO_CNED_DESCONOCIDO,REVISAR,MEDIA,DUDA_METODOLOGICA,NO_RESOLVER_AUTOMATICAMENTE,INSTRUCTIVO_CNED_Y_DECISION_INSTITUCIONAL,DEPENDE,DEPENDE,Campo de formulario o carga potencial: validar contra instructivo CNED antes de excluir o completar.
13,I162S2C113J4V1,,FORMATO_VALOR,REVISAR_FORMATO_VALOR_SIN_FUENTE,FORMULARIO_CNED_DESCONOCIDO,REVISAR,MEDIA,DUDA_METODOLOGICA,VALIDAR_CON_FINANZAS_ARANCELES,FINANZAS_ARANCELES_INSTITUCIONAL,DEPENDE,DEPENDE,Requiere fuente monetaria explicita; no usar cero ni inferencias.
13,I162S2C113J4V1,,VALOR_MATRICULA_ANUAL,REVISAR_VALOR_MATRICULA_ANUAL_SIN_FUENTE,FORMULARIO_CNED_DESCONOCIDO,REVISAR,MEDIA,DUDA_METODOLOGICA,VALIDAR_CON_FINANZAS_ARANCELES,FINANZAS_ARANCELES_INSTITUCIONAL,DEPENDE,DEPENDE,Requiere fuente monetaria explicita; no usar cero ni inferencias.
13,I162S2C113J4V1,,COSTO_TITULACION,REVISAR_COSTO_TITULACION_SIN_FUENTE,FORMULARIO_CNED_DESCONOCIDO,REVISAR,MEDIA,DUDA_METODOLOGICA,VALIDAR_CON_FINANZAS_ARANCELES,FINANZAS_ARANCELES_INSTITUCIONAL,DEPENDE,DEPENDE,Requiere fuente monetaria explicita; no usar cero ni inferencias.
13,I162S2C113J4V1,,VALOR_CERTIFICADO_DIPLOMA,REVISAR_VALOR_CERTIFICADO_DIPLOMA_SIN_FUENTE,FORMULARIO_CNED_DESCONOCIDO,REVISAR,MEDIA,DUDA_METODOLOGICA,VALIDAR_CON_FINANZAS_ARANCELES,FINANZAS_ARANCELES_INSTITUCIONAL,DEPENDE,DEPENDE,Requiere fuente monetaria explicita; no usar cero ni inferencias.
13,I162S2C113J4V1,,ARANCEL_ANUAL,REVISAR_ARANCEL_ANUAL_SIN_FUENTE,FORMULARIO_CNED_DESCONOCIDO,REVISAR,MEDIA,DUDA_METODOLOGICA,VALIDAR_CON_FINANZAS_ARANCELES,FINANZAS_ARANCELES_INSTITUCIONAL,DEPENDE,DEPENDE,Requiere fuente monetaria explicita; no usar cero ni inferencias.
13,I162S2C113J4V1,,VIGENCIA_CARRERA,REVISAR_VIGENCIA_CARRERA_SIN_FUENTE_DIRECTA,OFICIAL_PROBABLE,REVISAR,ALTA,CAMPO_PENDIENTE_REAL,VALIDAR_CON_REGISTRO_CURRICULAR,REGISTRO_CURRICULAR_OFERTA_OFICIAL,SI,NO,Campo estructural/oficial: no resolver sin fuente institucional.
13,I162S2C113J4V1,,CNED_ESTADO_AUDITORIA,REQUIERE_REVISION,AUXILIAR_TECNICA,REVISION,BAJA,MARCA_TECNICA_REMOVIBLE,EXCLUIR_DE_ARCHIVO_CARGA_SI_ES_AUXILIAR,TRAZABILIDAD_INTERNA_CNED,NO,SI,No debe ir en archivo de carga; conservar en trazabilidad.
13,I162S2C113J4V1,,CNED_ALERTAS,CONTIENE_MARCAS_TECNICAS_DE_REVISION,AUXILIAR_TECNICA,REVISION,BAJA,MARCA_TECNICA_REMOVIBLE,EXCLUIR_DE_ARCHIVO_CARGA_SI_ES_AUXILIAR,TRAZABILIDAD_INTERNA_CNED,NO,SI,No debe ir en archivo de carga; conservar en trazabilidad.
13,I162S2C113J4V1,,CNED_PUEDE_SUBIR_PRELIMINAR,REVISAR,AUXILIAR_TECNICA,REVISAR,BAJA,MARCA_TECNICA_REMOVIBLE,EXCLUIR_DE_ARCHIVO_CARGA_SI_ES_AUXILIAR,TRAZABILIDAD_INTERNA_CNED,NO,SI,No debe ir en archivo de carga; conservar en trazabilidad.
14,I162S2C113J4V2,,Detalle del Tipo de Programa (especiales),REVISAR_DETALLE_PROGRAMA_ESPECIAL,FORMULARIO_CNED_DESCONOCIDO,REVISAR,MEDIA,DUDA_METODOLOGICA,NO_RESOLVER_AUTOMATICAMENTE,INSTRUCTIVO_CNED_Y_DECISION_INSTITUCIONAL,DEPENDE,DEPENDE,Campo de formulario o carga potencial: validar contra instructivo CNED antes de excluir o completar.
14,I162S2C113J4V2,,Área del Conocimiento,REVISAR_AREA_CODIGO_1,FORMULARIO_CNED_DESCONOCIDO,REVISAR,MEDIA,DUDA_METODOLOGICA,REQUIERE_DECISION_INSTITUCIONAL,AREA_ACADEMICA_O_DUENO_DEL_PROGRAMA,DEPENDE,DEPENDE,Campo de formulario o carga potencial: validar contra instructivo CNED antes de excluir o completar.
14,I162S2C113J4V2,,Sub Área,REVISAR_SUB_AREA_SIN_FUENTE_DIRECTA,FORMULARIO_CNED_DESCONOCIDO,REVISAR,MEDIA,DUDA_METODOLOGICA,REQUIERE_DECISION_INSTITUCIONAL,AREA_ACADEMICA_O_DUENO_DEL_PROGRAMA,DEPENDE,DEPENDE,Campo de formulario o carga potencial: validar contra instructivo CNED antes de excluir o completar.
14,I162S2C113J4V2,,Carrera Genérica,REVISAR_CARRERA_GENERICA_SIN_FUENTE_DIRECTA,FORMULARIO_CNED_DESCONOCIDO,REVISAR,MEDIA,DUDA_METODOLOGICA,REQUIERE_DECISION_INSTITUCIONAL,AREA_ACADEMICA_O_DUENO_DEL_PROGRAMA,DEPENDE,DEPENDE,Campo de formulario o carga potencial: validar contra instructivo CNED antes de excluir o completar.
14,I162S2C113J4V2,,Grado Académico que otorga el programa,REVISAR_GRADO_ACADEMICO_SIN_FUENTE_DIRECTA,FORMULARIO_CNED_DESCONOCIDO,REVISAR,MEDIA,DUDA_METODOLOGICA,NO_RESOLVER_AUTOMATICAMENTE,INSTRUCTIVO_CNED_Y_DECISION_INSTITUCIONAL,DEPENDE,DEPENDE,Campo de formulario o carga potencial: validar contra instructivo CNED antes de excluir o completar.
14,I162S2C113J4V2,,Dependencia,REVISAR_DEPENDENCIA_SIN_FUENTE_DIRECTA,FORMULARIO_CNED_DESCONOCIDO,REVISAR,MEDIA,DUDA_METODOLOGICA,REQUIERE_DECISION_INSTITUCIONAL,AREA_ACADEMICA_O_DUENO_DEL_PROGRAMA,DEPENDE,DEPENDE,Campo de formulario o carga potencial: validar contra instructivo CNED antes de excluir o completar.
14,I162S2C113J4V2,,Régimen,REVISAR_REGIMEN_CODIGO_2,OFICIAL_PROBABLE,REVISAR,ALTA,CAMPO_PENDIENTE_REAL,VALIDAR_CON_REGISTRO_CURRICULAR,REGISTRO_CURRICULAR_OFERTA_OFICIAL,SI,NO,Campo estructural/oficial: no resolver sin fuente institucional.
14,I162S2C113J4V2,,Ingreso Directo,REVISAR_INGRESO_DIRECTO_CODIGO_REQUISITO_INGRESO_2_SEMESTRES_RECONOCIDOS_5,FORMULARIO_CNED_DESCONOCIDO,REVISAR,MEDIA,DUDA_METODOLOGICA,VALIDAR_CON_AREA_ACADEMICA,AREA_ACADEMICA_O_DUENO_DEL_PROGRAMA,DEPENDE,DEPENDE,Campo de formulario o carga potencial: validar contra instructivo CNED antes de excluir o completar.
14,I162S2C113J4V2,,Otro Tipo de Ingreso,REVISAR_OTRO_TIPO_INGRESO_CODIGO_REQUISITO_INGRESO_2_SEMESTRES_RECONOCIDOS_5,FORMULARIO_CNED_DESCONOCIDO,REVISAR,MEDIA,DUDA_METODOLOGICA,VALIDAR_CON_AREA_ACADEMICA,AREA_ACADEMICA_O_DUENO_DEL_PROGRAMA,DEPENDE,DEPENDE,Campo de formulario o carga potencial: validar contra instructivo CNED antes de excluir o completar.
14,I162S2C113J4V2,,Ingreso otro,REVISAR_DESCRIPCION_OTRO_INGRESO_SIN_TEXTO_FUENTE,FORMULARIO_CNED_DESCONOCIDO,REVISAR,MEDIA,DUDA_METODOLOGICA,VALIDAR_CON_AREA_ACADEMICA,AREA_ACADEMICA_O_DUENO_DEL_PROGRAMA,DEPENDE,DEPENDE,Campo de formulario o carga potencial: validar contra instructivo CNED antes de excluir o completar.
14,I162S2C113J4V2,,Observaciones,Crear según matriz PROMEDIOSDEALUMNOS_7804.xlsx / hoja matriz; conciliado contra diccionario oferta 2026; no encontrado en listado existente INDICES por CODIGO_UNICO; campos sin fuente directa quedan con revisión específica.,FORMULARIO_CNED_DESCONOCIDO,REVISION,MEDIA,OBSERVACION_INSTITUCIONAL,MANTENER_SOLO_COMO_TRAZABILIDAD,INSTRUCTIVO_CNED_Y_DECISION_INSTITUCIONAL,DEPENDE,DEPENDE,Campo de formulario o carga potencial: validar contra instructivo CNED antes de excluir o completar.
14,I162S2C113J4V2,,FECHA_ADMISION_INICIAL,REVISAR_FECHA_ADMISION_INICIAL_SIN_FUENTE,FORMULARIO_CNED_DESCONOCIDO,REVISAR,MEDIA,DUDA_METODOLOGICA,NO_RESOLVER_AUTOMATICAMENTE,INSTRUCTIVO_CNED_Y_DECISION_INSTITUCIONAL,DEPENDE,DEPENDE,Campo de formulario o carga potencial: validar contra instructivo CNED antes de excluir o completar.
14,I162S2C113J4V2,,MALLA_CURRICULAR,REVISAR_MALLA_CURRICULAR_SIN_FUENTE,FORMULARIO_CNED_DESCONOCIDO,REVISAR,MEDIA,DUDA_METODOLOGICA,VALIDAR_CON_AREA_ACADEMICA,AREA_ACADEMICA_O_DUENO_DEL_PROGRAMA,DEPENDE,DEPENDE,Campo de formulario o carga potencial: validar contra instructivo CNED antes de excluir o completar.
14,I162S2C113J4V2,,PERFIL_EGRESO,REVISAR_PERFIL_EGRESO_SIN_FUENTE,FORMULARIO_CNED_DESCONOCIDO,REVISAR,MEDIA,DUDA_METODOLOGICA,VALIDAR_CON_AREA_ACADEMICA,AREA_ACADEMICA_O_DUENO_DEL_PROGRAMA,DEPENDE,DEPENDE,Campo de formulario o carga potencial: validar contra instructivo CNED antes de excluir o completar.
14,I162S2C113J4V2,,TEXTO_REQUISITO_INGRESO,REVISAR_TEXTO_REQUISITO_INGRESO_SIN_FUENTE,FORMULARIO_CNED_DESCONOCIDO,REVISAR,MEDIA,DUDA_METODOLOGICA,VALIDAR_CON_AREA_ACADEMICA,AREA_ACADEMICA_O_DUENO_DEL_PROGRAMA,DEPENDE,DEPENDE,Campo de formulario o carga potencial: validar contra instructivo CNED antes de excluir o completar.
14,I162S2C113J4V2,,LICENCIA_ENS_MEDIA,REVISAR_LICENCIA_ENS_MEDIA_SIN_FUENTE,FORMULARIO_CNED_DESCONOCIDO,REVISAR,MEDIA,DUDA_METODOLOGICA,VALIDAR_CON_AREA_ACADEMICA,AREA_ACADEMICA_O_DUENO_DEL_PROGRAMA,DEPENDE,DEPENDE,Campo de formulario o carga potencial: validar contra instructivo CNED antes de excluir o completar.
14,I162S2C113J4V2,,NOTAS_ENS_MEDIA,REVISAR_NOTAS_ENS_MEDIA_SIN_FUENTE,FORMULARIO_CNED_DESCONOCIDO,REVISAR,MEDIA,DUDA_METODOLOGICA,VALIDAR_CON_AREA_ACADEMICA,AREA_ACADEMICA_O_DUENO_DEL_PROGRAMA,DEPENDE,DEPENDE,Campo de formulario o carga potencial: validar contra instructivo CNED antes de excluir o completar.
14,I162S2C113J4V2,,PROMEDIO_MIN_ENS_MEDIA,REVISAR_PROMEDIO_MIN_ENS_MEDIA_SIN_FUENTE,FORMULARIO_CNED_DESCONOCIDO,REVISAR,MEDIA,DUDA_METODOLOGICA,NO_RESOLVER_AUTOMATICAMENTE,INSTRUCTIVO_CNED_Y_DECISION_INSTITUCIONAL,DEPENDE,DEPENDE,Campo de formulario o carga potencial: validar contra instructivo CNED antes de excluir o completar.
14,I162S2C113J4V2,,RECONOCIMIENTOS_APREN_PREVIOS,REVISAR_RECONOCIMIENTOS_APREN_PREVIOS_SIN_FUENTE,FORMULARIO_CNED_DESCONOCIDO,REVISAR,MEDIA,DUDA_METODOLOGICA,NO_RESOLVER_AUTOMATICAMENTE,INSTRUCTIVO_CNED_Y_DECISION_INSTITUCIONAL,DEPENDE,DEPENDE,Campo de formulario o carga potencial: validar contra instructivo CNED antes de excluir o completar.
14,I162S2C113J4V2,,EXPERIENCIA_LABORAL,REVISAR_EXPERIENCIA_LABORAL_SIN_FUENTE,FORMULARIO_CNED_DESCONOCIDO,REVISAR,MEDIA,DUDA_METODOLOGICA,VALIDAR_CON_AREA_ACADEMICA,AREA_ACADEMICA_O_DUENO_DEL_PROGRAMA,DEPENDE,DEPENDE,Campo de formulario o carga potencial: validar contra instructivo CNED antes de excluir o completar.
14,I162S2C113J4V2,,OTROS_REQUISITOS,REVISAR_OTROS_REQUISITOS_SIN_FUENTE,FORMULARIO_CNED_DESCONOCIDO,REVISAR,MEDIA,DUDA_METODOLOGICA,VALIDAR_CON_AREA_ACADEMICA,AREA_ACADEMICA_O_DUENO_DEL_PROGRAMA,DEPENDE,DEPENDE,Campo de formulario o carga potencial: validar contra instructivo CNED antes de excluir o completar.
14,I162S2C113J4V2,,MAIL_DIFUSION_CARRERA,REVISAR_MAIL_DIFUSION_CARRERA_SIN_FUENTE,FORMULARIO_CNED_DESCONOCIDO,REVISAR,MEDIA,DUDA_METODOLOGICA,NO_RESOLVER_AUTOMATICAMENTE,INSTRUCTIVO_CNED_Y_DECISION_INSTITUCIONAL,DEPENDE,DEPENDE,Campo de formulario o carga potencial: validar contra instructivo CNED antes de excluir o completar.
14,I162S2C113J4V2,,FORMATO_VALOR,REVISAR_FORMATO_VALOR_SIN_FUENTE,FORMULARIO_CNED_DESCONOCIDO,REVISAR,MEDIA,DUDA_METODOLOGICA,VALIDAR_CON_FINANZAS_ARANCELES,FINANZAS_ARANCELES_INSTITUCIONAL,DEPENDE,DEPENDE,Requiere fuente monetaria explicita; no usar cero ni inferencias.
14,I162S2C113J4V2,,VALOR_MATRICULA_ANUAL,REVISAR_VALOR_MATRICULA_ANUAL_SIN_FUENTE,FORMULARIO_CNED_DESCONOCIDO,REVISAR,MEDIA,DUDA_METODOLOGICA,VALIDAR_CON_FINANZAS_ARANCELES,FINANZAS_ARANCELES_INSTITUCIONAL,DEPENDE,DEPENDE,Requiere fuente monetaria explicita; no usar cero ni inferencias.
14,I162S2C113J4V2,,COSTO_TITULACION,REVISAR_COSTO_TITULACION_SIN_FUENTE,FORMULARIO_CNED_DESCONOCIDO,REVISAR,MEDIA,DUDA_METODOLOGICA,VALIDAR_CON_FINANZAS_ARANCELES,FINANZAS_ARANCELES_INSTITUCIONAL,DEPENDE,DEPENDE,Requiere fuente monetaria explicita; no usar cero ni inferencias.
14,I162S2C113J4V2,,VALOR_CERTIFICADO_DIPLOMA,REVISAR_VALOR_CERTIFICADO_DIPLOMA_SIN_FUENTE,FORMULARIO_CNED_DESCONOCIDO,REVISAR,MEDIA,DUDA_METODOLOGICA,VALIDAR_CON_FINANZAS_ARANCELES,FINANZAS_ARANCELES_INSTITUCIONAL,DEPENDE,DEPENDE,Requiere fuente monetaria explicita; no usar cero ni inferencias.
14,I162S2C113J4V2,,ARANCEL_ANUAL,REVISAR_ARANCEL_ANUAL_SIN_FUENTE,FORMULARIO_CNED_DESCONOCIDO,REVISAR,MEDIA,DUDA_METODOLOGICA,VALIDAR_CON_FINANZAS_ARANCELES,FINANZAS_ARANCELES_INSTITUCIONAL,DEPENDE,DEPENDE,Requiere fuente monetaria explicita; no usar cero ni inferencias.
14,I162S2C113J4V2,,VIGENCIA_CARRERA,REVISAR_VIGENCIA_CARRERA_SIN_FUENTE_DIRECTA,OFICIAL_PROBABLE,REVISAR,ALTA,CAMPO_PENDIENTE_REAL,VALIDAR_CON_REGISTRO_CURRICULAR,REGISTRO_CURRICULAR_OFERTA_OFICIAL,SI,NO,Campo estructural/oficial: no resolver sin fuente institucional.
14,I162S2C113J4V2,,CNED_ESTADO_AUDITORIA,REQUIERE_REVISION,AUXILIAR_TECNICA,REVISION,BAJA,MARCA_TECNICA_REMOVIBLE,EXCLUIR_DE_ARCHIVO_CARGA_SI_ES_AUXILIAR,TRAZABILIDAD_INTERNA_CNED,NO,SI,No debe ir en archivo de carga; conservar en trazabilidad.
14,I162S2C113J4V2,,CNED_ALERTAS,CONTIENE_MARCAS_TECNICAS_DE_REVISION,AUXILIAR_TECNICA,REVISION,BAJA,MARCA_TECNICA_REMOVIBLE,EXCLUIR_DE_ARCHIVO_CARGA_SI_ES_AUXILIAR,TRAZABILIDAD_INTERNA_CNED,NO,SI,No debe ir en archivo de carga; conservar en trazabilidad.
14,I162S2C113J4V2,,CNED_PUEDE_SUBIR_PRELIMINAR,REVISAR,AUXILIAR_TECNICA,REVISAR,BAJA,MARCA_TECNICA_REMOVIBLE,EXCLUIR_DE_ARCHIVO_CARGA_SI_ES_AUXILIAR,TRAZABILIDAD_INTERNA_CNED,NO,SI,No debe ir en archivo de carga; conservar en trazabilidad.
15,I162S2C114J2V1,,Área del Conocimiento,REVISAR_AREA_CODIGO_8,FORMULARIO_CNED_DESCONOCIDO,REVISAR,MEDIA,DUDA_METODOLOGICA,REQUIERE_DECISION_INSTITUCIONAL,AREA_ACADEMICA_O_DUENO_DEL_PROGRAMA,DEPENDE,DEPENDE,Campo de formulario o carga potencial: validar contra instructivo CNED antes de excluir o completar.
15,I162S2C114J2V1,,Sub Área,REVISAR_SUB_AREA_SIN_FUENTE_DIRECTA,FORMULARIO_CNED_DESCONOCIDO,REVISAR,MEDIA,DUDA_METODOLOGICA,REQUIERE_DECISION_INSTITUCIONAL,AREA_ACADEMICA_O_DUENO_DEL_PROGRAMA,DEPENDE,DEPENDE,Campo de formulario o carga potencial: validar contra instructivo CNED antes de excluir o completar.
15,I162S2C114J2V1,,Carrera Genérica,REVISAR_CARRERA_GENERICA_SIN_FUENTE_DIRECTA,FORMULARIO_CNED_DESCONOCIDO,REVISAR,MEDIA,DUDA_METODOLOGICA,REQUIERE_DECISION_INSTITUCIONAL,AREA_ACADEMICA_O_DUENO_DEL_PROGRAMA,DEPENDE,DEPENDE,Campo de formulario o carga potencial: validar contra instructivo CNED antes de excluir o completar.
15,I162S2C114J2V1,,Grado Académico que otorga el programa,REVISAR_GRADO_ACADEMICO_SIN_FUENTE_DIRECTA,FORMULARIO_CNED_DESCONOCIDO,REVISAR,MEDIA,DUDA_METODOLOGICA,NO_RESOLVER_AUTOMATICAMENTE,INSTRUCTIVO_CNED_Y_DECISION_INSTITUCIONAL,DEPENDE,DEPENDE,Campo de formulario o carga potencial: validar contra instructivo CNED antes de excluir o completar.
15,I162S2C114J2V1,,Dependencia,REVISAR_DEPENDENCIA_SIN_FUENTE_DIRECTA,FORMULARIO_CNED_DESCONOCIDO,REVISAR,MEDIA,DUDA_METODOLOGICA,REQUIERE_DECISION_INSTITUCIONAL,AREA_ACADEMICA_O_DUENO_DEL_PROGRAMA,DEPENDE,DEPENDE,Campo de formulario o carga potencial: validar contra instructivo CNED antes de excluir o completar.
15,I162S2C114J2V1,,Régimen,REVISAR_REGIMEN_CODIGO_2,OFICIAL_PROBABLE,REVISAR,ALTA,CAMPO_PENDIENTE_REAL,VALIDAR_CON_REGISTRO_CURRICULAR,REGISTRO_CURRICULAR_OFERTA_OFICIAL,SI,NO,Campo estructural/oficial: no resolver sin fuente institucional.
15,I162S2C114J2V1,,Ingreso Directo,REVISAR_INGRESO_DIRECTO_CODIGO_REQUISITO_INGRESO_1,FORMULARIO_CNED_DESCONOCIDO,REVISAR,MEDIA,DUDA_METODOLOGICA,VALIDAR_CON_AREA_ACADEMICA,AREA_ACADEMICA_O_DUENO_DEL_PROGRAMA,DEPENDE,DEPENDE,Campo de formulario o carga potencial: validar contra instructivo CNED antes de excluir o completar.
15,I162S2C114J2V1,,Observaciones,Crear según matriz PROMEDIOSDEALUMNOS_7804.xlsx / hoja matriz; conciliado contra diccionario oferta 2026; no encontrado en listado existente INDICES por CODIGO_UNICO; campos sin fuente directa quedan con revisión específica.,FORMULARIO_CNED_DESCONOCIDO,REVISION,MEDIA,OBSERVACION_INSTITUCIONAL,MANTENER_SOLO_COMO_TRAZABILIDAD,INSTRUCTIVO_CNED_Y_DECISION_INSTITUCIONAL,DEPENDE,DEPENDE,Campo de formulario o carga potencial: validar contra instructivo CNED antes de excluir o completar.
15,I162S2C114J2V1,,FECHA_ADMISION_INICIAL,REVISAR_FECHA_ADMISION_INICIAL_SIN_FUENTE,FORMULARIO_CNED_DESCONOCIDO,REVISAR,MEDIA,DUDA_METODOLOGICA,NO_RESOLVER_AUTOMATICAMENTE,INSTRUCTIVO_CNED_Y_DECISION_INSTITUCIONAL,DEPENDE,DEPENDE,Campo de formulario o carga potencial: validar contra instructivo CNED antes de excluir o completar.
15,I162S2C114J2V1,,MALLA_CURRICULAR,REVISAR_MALLA_CURRICULAR_SIN_FUENTE,FORMULARIO_CNED_DESCONOCIDO,REVISAR,MEDIA,DUDA_METODOLOGICA,VALIDAR_CON_AREA_ACADEMICA,AREA_ACADEMICA_O_DUENO_DEL_PROGRAMA,DEPENDE,DEPENDE,Campo de formulario o carga potencial: validar contra instructivo CNED antes de excluir o completar.
15,I162S2C114J2V1,,PERFIL_EGRESO,REVISAR_PERFIL_EGRESO_SIN_FUENTE,FORMULARIO_CNED_DESCONOCIDO,REVISAR,MEDIA,DUDA_METODOLOGICA,VALIDAR_CON_AREA_ACADEMICA,AREA_ACADEMICA_O_DUENO_DEL_PROGRAMA,DEPENDE,DEPENDE,Campo de formulario o carga potencial: validar contra instructivo CNED antes de excluir o completar.
15,I162S2C114J2V1,,TEXTO_REQUISITO_INGRESO,REVISAR_TEXTO_REQUISITO_INGRESO_SIN_FUENTE,FORMULARIO_CNED_DESCONOCIDO,REVISAR,MEDIA,DUDA_METODOLOGICA,VALIDAR_CON_AREA_ACADEMICA,AREA_ACADEMICA_O_DUENO_DEL_PROGRAMA,DEPENDE,DEPENDE,Campo de formulario o carga potencial: validar contra instructivo CNED antes de excluir o completar.
15,I162S2C114J2V1,,LICENCIA_ENS_MEDIA,REVISAR_LICENCIA_ENS_MEDIA_SIN_FUENTE,FORMULARIO_CNED_DESCONOCIDO,REVISAR,MEDIA,DUDA_METODOLOGICA,VALIDAR_CON_AREA_ACADEMICA,AREA_ACADEMICA_O_DUENO_DEL_PROGRAMA,DEPENDE,DEPENDE,Campo de formulario o carga potencial: validar contra instructivo CNED antes de excluir o completar.
15,I162S2C114J2V1,,NOTAS_ENS_MEDIA,REVISAR_NOTAS_ENS_MEDIA_SIN_FUENTE,FORMULARIO_CNED_DESCONOCIDO,REVISAR,MEDIA,DUDA_METODOLOGICA,VALIDAR_CON_AREA_ACADEMICA,AREA_ACADEMICA_O_DUENO_DEL_PROGRAMA,DEPENDE,DEPENDE,Campo de formulario o carga potencial: validar contra instructivo CNED antes de excluir o completar.
15,I162S2C114J2V1,,PROMEDIO_MIN_ENS_MEDIA,REVISAR_PROMEDIO_MIN_ENS_MEDIA_SIN_FUENTE,FORMULARIO_CNED_DESCONOCIDO,REVISAR,MEDIA,DUDA_METODOLOGICA,NO_RESOLVER_AUTOMATICAMENTE,INSTRUCTIVO_CNED_Y_DECISION_INSTITUCIONAL,DEPENDE,DEPENDE,Campo de formulario o carga potencial: validar contra instructivo CNED antes de excluir o completar.
15,I162S2C114J2V1,,RECONOCIMIENTOS_APREN_PREVIOS,REVISAR_RECONOCIMIENTOS_APREN_PREVIOS_SIN_FUENTE,FORMULARIO_CNED_DESCONOCIDO,REVISAR,MEDIA,DUDA_METODOLOGICA,NO_RESOLVER_AUTOMATICAMENTE,INSTRUCTIVO_CNED_Y_DECISION_INSTITUCIONAL,DEPENDE,DEPENDE,Campo de formulario o carga potencial: validar contra instructivo CNED antes de excluir o completar.
15,I162S2C114J2V1,,EXPERIENCIA_LABORAL,REVISAR_EXPERIENCIA_LABORAL_SIN_FUENTE,FORMULARIO_CNED_DESCONOCIDO,REVISAR,MEDIA,DUDA_METODOLOGICA,VALIDAR_CON_AREA_ACADEMICA,AREA_ACADEMICA_O_DUENO_DEL_PROGRAMA,DEPENDE,DEPENDE,Campo de formulario o carga potencial: validar contra instructivo CNED antes de excluir o completar.
15,I162S2C114J2V1,,OTROS_REQUISITOS,REVISAR_OTROS_REQUISITOS_SIN_FUENTE,FORMULARIO_CNED_DESCONOCIDO,REVISAR,MEDIA,DUDA_METODOLOGICA,VALIDAR_CON_AREA_ACADEMICA,AREA_ACADEMICA_O_DUENO_DEL_PROGRAMA,DEPENDE,DEPENDE,Campo de formulario o carga potencial: validar contra instructivo CNED antes de excluir o completar.
15,I162S2C114J2V1,,MAIL_DIFUSION_CARRERA,REVISAR_MAIL_DIFUSION_CARRERA_SIN_FUENTE,FORMULARIO_CNED_DESCONOCIDO,REVISAR,MEDIA,DUDA_METODOLOGICA,NO_RESOLVER_AUTOMATICAMENTE,INSTRUCTIVO_CNED_Y_DECISION_INSTITUCIONAL,DEPENDE,DEPENDE,Campo de formulario o carga potencial: validar contra instructivo CNED antes de excluir o completar.
15,I162S2C114J2V1,,FORMATO_VALOR,REVISAR_FORMATO_VALOR_SIN_FUENTE,FORMULARIO_CNED_DESCONOCIDO,REVISAR,MEDIA,DUDA_METODOLOGICA,VALIDAR_CON_FINANZAS_ARANCELES,FINANZAS_ARANCELES_INSTITUCIONAL,DEPENDE,DEPENDE,Requiere fuente monetaria explicita; no usar cero ni inferencias.
15,I162S2C114J2V1,,VALOR_MATRICULA_ANUAL,REVISAR_VALOR_MATRICULA_ANUAL_SIN_FUENTE,FORMULARIO_CNED_DESCONOCIDO,REVISAR,MEDIA,DUDA_METODOLOGICA,VALIDAR_CON_FINANZAS_ARANCELES,FINANZAS_ARANCELES_INSTITUCIONAL,DEPENDE,DEPENDE,Requiere fuente monetaria explicita; no usar cero ni inferencias.
15,I162S2C114J2V1,,COSTO_TITULACION,REVISAR_COSTO_TITULACION_SIN_FUENTE,FORMULARIO_CNED_DESCONOCIDO,REVISAR,MEDIA,DUDA_METODOLOGICA,VALIDAR_CON_FINANZAS_ARANCELES,FINANZAS_ARANCELES_INSTITUCIONAL,DEPENDE,DEPENDE,Requiere fuente monetaria explicita; no usar cero ni inferencias.
15,I162S2C114J2V1,,VALOR_CERTIFICADO_DIPLOMA,REVISAR_VALOR_CERTIFICADO_DIPLOMA_SIN_FUENTE,FORMULARIO_CNED_DESCONOCIDO,REVISAR,MEDIA,DUDA_METODOLOGICA,VALIDAR_CON_FINANZAS_ARANCELES,FINANZAS_ARANCELES_INSTITUCIONAL,DEPENDE,DEPENDE,Requiere fuente monetaria explicita; no usar cero ni inferencias.
15,I162S2C114J2V1,,ARANCEL_ANUAL,REVISAR_ARANCEL_ANUAL_SIN_FUENTE,FORMULARIO_CNED_DESCONOCIDO,REVISAR,MEDIA,DUDA_METODOLOGICA,VALIDAR_CON_FINANZAS_ARANCELES,FINANZAS_ARANCELES_INSTITUCIONAL,DEPENDE,DEPENDE,Requiere fuente monetaria explicita; no usar cero ni inferencias.
15,I162S2C114J2V1,,VIGENCIA_CARRERA,REVISAR_VIGENCIA_CARRERA_SIN_FUENTE_DIRECTA,OFICIAL_PROBABLE,REVISAR,ALTA,CAMPO_PENDIENTE_REAL,VALIDAR_CON_REGISTRO_CURRICULAR,REGISTRO_CURRICULAR_OFERTA_OFICIAL,SI,NO,Campo estructural/oficial: no resolver sin fuente institucional.
15,I162S2C114J2V1,,CNED_ESTADO_AUDITORIA,REQUIERE_REVISION,AUXILIAR_TECNICA,REVISION,BAJA,MARCA_TECNICA_REMOVIBLE,EXCLUIR_DE_ARCHIVO_CARGA_SI_ES_AUXILIAR,TRAZABILIDAD_INTERNA_CNED,NO,SI,No debe ir en archivo de carga; conservar en trazabilidad.
15,I162S2C114J2V1,,CNED_ALERTAS,CONTIENE_MARCAS_TECNICAS_DE_REVISION,AUXILIAR_TECNICA,REVISION,BAJA,MARCA_TECNICA_REMOVIBLE,EXCLUIR_DE_ARCHIVO_CARGA_SI_ES_AUXILIAR,TRAZABILIDAD_INTERNA_CNED,NO,SI,No debe ir en archivo de carga; conservar en trazabilidad.
15,I162S2C114J2V1,,CNED_PUEDE_SUBIR_PRELIMINAR,REVISAR,AUXILIAR_TECNICA,REVISAR,BAJA,MARCA_TECNICA_REMOVIBLE,EXCLUIR_DE_ARCHIVO_CARGA_SI_ES_AUXILIAR,TRAZABILIDAD_INTERNA_CNED,NO,SI,No debe ir en archivo de carga; conservar en trazabilidad.
16,I162S2C115J2V1,,Área del Conocimiento,REVISAR_AREA_CODIGO_8,FORMULARIO_CNED_DESCONOCIDO,REVISAR,MEDIA,DUDA_METODOLOGICA,REQUIERE_DECISION_INSTITUCIONAL,AREA_ACADEMICA_O_DUENO_DEL_PROGRAMA,DEPENDE,DEPENDE,Campo de formulario o carga potencial: validar contra instructivo CNED antes de excluir o completar.
16,I162S2C115J2V1,,Sub Área,REVISAR_SUB_AREA_SIN_FUENTE_DIRECTA,FORMULARIO_CNED_DESCONOCIDO,REVISAR,MEDIA,DUDA_METODOLOGICA,REQUIERE_DECISION_INSTITUCIONAL,AREA_ACADEMICA_O_DUENO_DEL_PROGRAMA,DEPENDE,DEPENDE,Campo de formulario o carga potencial: validar contra instructivo CNED antes de excluir o completar.
16,I162S2C115J2V1,,Carrera Genérica,REVISAR_CARRERA_GENERICA_SIN_FUENTE_DIRECTA,FORMULARIO_CNED_DESCONOCIDO,REVISAR,MEDIA,DUDA_METODOLOGICA,REQUIERE_DECISION_INSTITUCIONAL,AREA_ACADEMICA_O_DUENO_DEL_PROGRAMA,DEPENDE,DEPENDE,Campo de formulario o carga potencial: validar contra instructivo CNED antes de excluir o completar.
16,I162S2C115J2V1,,Grado Académico que otorga el programa,REVISAR_GRADO_ACADEMICO_SIN_FUENTE_DIRECTA,FORMULARIO_CNED_DESCONOCIDO,REVISAR,MEDIA,DUDA_METODOLOGICA,NO_RESOLVER_AUTOMATICAMENTE,INSTRUCTIVO_CNED_Y_DECISION_INSTITUCIONAL,DEPENDE,DEPENDE,Campo de formulario o carga potencial: validar contra instructivo CNED antes de excluir o completar.
16,I162S2C115J2V1,,Dependencia,REVISAR_DEPENDENCIA_SIN_FUENTE_DIRECTA,FORMULARIO_CNED_DESCONOCIDO,REVISAR,MEDIA,DUDA_METODOLOGICA,REQUIERE_DECISION_INSTITUCIONAL,AREA_ACADEMICA_O_DUENO_DEL_PROGRAMA,DEPENDE,DEPENDE,Campo de formulario o carga potencial: validar contra instructivo CNED antes de excluir o completar.
16,I162S2C115J2V1,,Régimen,REVISAR_REGIMEN_CODIGO_2,OFICIAL_PROBABLE,REVISAR,ALTA,CAMPO_PENDIENTE_REAL,VALIDAR_CON_REGISTRO_CURRICULAR,REGISTRO_CURRICULAR_OFERTA_OFICIAL,SI,NO,Campo estructural/oficial: no resolver sin fuente institucional.
16,I162S2C115J2V1,,Ingreso Directo,REVISAR_INGRESO_DIRECTO_CODIGO_REQUISITO_INGRESO_1,FORMULARIO_CNED_DESCONOCIDO,REVISAR,MEDIA,DUDA_METODOLOGICA,VALIDAR_CON_AREA_ACADEMICA,AREA_ACADEMICA_O_DUENO_DEL_PROGRAMA,DEPENDE,DEPENDE,Campo de formulario o carga potencial: validar contra instructivo CNED antes de excluir o completar.
16,I162S2C115J2V1,,Observaciones,Crear según matriz PROMEDIOSDEALUMNOS_7804.xlsx / hoja matriz; conciliado contra diccionario oferta 2026; no encontrado en listado existente INDICES por CODIGO_UNICO; campos sin fuente directa quedan con revisión específica.,FORMULARIO_CNED_DESCONOCIDO,REVISION,MEDIA,OBSERVACION_INSTITUCIONAL,MANTENER_SOLO_COMO_TRAZABILIDAD,INSTRUCTIVO_CNED_Y_DECISION_INSTITUCIONAL,DEPENDE,DEPENDE,Campo de formulario o carga potencial: validar contra instructivo CNED antes de excluir o completar.
16,I162S2C115J2V1,,FECHA_ADMISION_INICIAL,REVISAR_FECHA_ADMISION_INICIAL_SIN_FUENTE,FORMULARIO_CNED_DESCONOCIDO,REVISAR,MEDIA,DUDA_METODOLOGICA,NO_RESOLVER_AUTOMATICAMENTE,INSTRUCTIVO_CNED_Y_DECISION_INSTITUCIONAL,DEPENDE,DEPENDE,Campo de formulario o carga potencial: validar contra instructivo CNED antes de excluir o completar.
16,I162S2C115J2V1,,MALLA_CURRICULAR,REVISAR_MALLA_CURRICULAR_SIN_FUENTE,FORMULARIO_CNED_DESCONOCIDO,REVISAR,MEDIA,DUDA_METODOLOGICA,VALIDAR_CON_AREA_ACADEMICA,AREA_ACADEMICA_O_DUENO_DEL_PROGRAMA,DEPENDE,DEPENDE,Campo de formulario o carga potencial: validar contra instructivo CNED antes de excluir o completar.
16,I162S2C115J2V1,,PERFIL_EGRESO,REVISAR_PERFIL_EGRESO_SIN_FUENTE,FORMULARIO_CNED_DESCONOCIDO,REVISAR,MEDIA,DUDA_METODOLOGICA,VALIDAR_CON_AREA_ACADEMICA,AREA_ACADEMICA_O_DUENO_DEL_PROGRAMA,DEPENDE,DEPENDE,Campo de formulario o carga potencial: validar contra instructivo CNED antes de excluir o completar.
16,I162S2C115J2V1,,TEXTO_REQUISITO_INGRESO,REVISAR_TEXTO_REQUISITO_INGRESO_SIN_FUENTE,FORMULARIO_CNED_DESCONOCIDO,REVISAR,MEDIA,DUDA_METODOLOGICA,VALIDAR_CON_AREA_ACADEMICA,AREA_ACADEMICA_O_DUENO_DEL_PROGRAMA,DEPENDE,DEPENDE,Campo de formulario o carga potencial: validar contra instructivo CNED antes de excluir o completar.
16,I162S2C115J2V1,,LICENCIA_ENS_MEDIA,REVISAR_LICENCIA_ENS_MEDIA_SIN_FUENTE,FORMULARIO_CNED_DESCONOCIDO,REVISAR,MEDIA,DUDA_METODOLOGICA,VALIDAR_CON_AREA_ACADEMICA,AREA_ACADEMICA_O_DUENO_DEL_PROGRAMA,DEPENDE,DEPENDE,Campo de formulario o carga potencial: validar contra instructivo CNED antes de excluir o completar.
16,I162S2C115J2V1,,NOTAS_ENS_MEDIA,REVISAR_NOTAS_ENS_MEDIA_SIN_FUENTE,FORMULARIO_CNED_DESCONOCIDO,REVISAR,MEDIA,DUDA_METODOLOGICA,VALIDAR_CON_AREA_ACADEMICA,AREA_ACADEMICA_O_DUENO_DEL_PROGRAMA,DEPENDE,DEPENDE,Campo de formulario o carga potencial: validar contra instructivo CNED antes de excluir o completar.
16,I162S2C115J2V1,,PROMEDIO_MIN_ENS_MEDIA,REVISAR_PROMEDIO_MIN_ENS_MEDIA_SIN_FUENTE,FORMULARIO_CNED_DESCONOCIDO,REVISAR,MEDIA,DUDA_METODOLOGICA,NO_RESOLVER_AUTOMATICAMENTE,INSTRUCTIVO_CNED_Y_DECISION_INSTITUCIONAL,DEPENDE,DEPENDE,Campo de formulario o carga potencial: validar contra instructivo CNED antes de excluir o completar.
16,I162S2C115J2V1,,RECONOCIMIENTOS_APREN_PREVIOS,REVISAR_RECONOCIMIENTOS_APREN_PREVIOS_SIN_FUENTE,FORMULARIO_CNED_DESCONOCIDO,REVISAR,MEDIA,DUDA_METODOLOGICA,NO_RESOLVER_AUTOMATICAMENTE,INSTRUCTIVO_CNED_Y_DECISION_INSTITUCIONAL,DEPENDE,DEPENDE,Campo de formulario o carga potencial: validar contra instructivo CNED antes de excluir o completar.
16,I162S2C115J2V1,,EXPERIENCIA_LABORAL,REVISAR_EXPERIENCIA_LABORAL_SIN_FUENTE,FORMULARIO_CNED_DESCONOCIDO,REVISAR,MEDIA,DUDA_METODOLOGICA,VALIDAR_CON_AREA_ACADEMICA,AREA_ACADEMICA_O_DUENO_DEL_PROGRAMA,DEPENDE,DEPENDE,Campo de formulario o carga potencial: validar contra instructivo CNED antes de excluir o completar.
16,I162S2C115J2V1,,OTROS_REQUISITOS,REVISAR_OTROS_REQUISITOS_SIN_FUENTE,FORMULARIO_CNED_DESCONOCIDO,REVISAR,MEDIA,DUDA_METODOLOGICA,VALIDAR_CON_AREA_ACADEMICA,AREA_ACADEMICA_O_DUENO_DEL_PROGRAMA,DEPENDE,DEPENDE,Campo de formulario o carga potencial: validar contra instructivo CNED antes de excluir o completar.
16,I162S2C115J2V1,,MAIL_DIFUSION_CARRERA,REVISAR_MAIL_DIFUSION_CARRERA_SIN_FUENTE,FORMULARIO_CNED_DESCONOCIDO,REVISAR,MEDIA,DUDA_METODOLOGICA,NO_RESOLVER_AUTOMATICAMENTE,INSTRUCTIVO_CNED_Y_DECISION_INSTITUCIONAL,DEPENDE,DEPENDE,Campo de formulario o carga potencial: validar contra instructivo CNED antes de excluir o completar.
16,I162S2C115J2V1,,FORMATO_VALOR,REVISAR_FORMATO_VALOR_SIN_FUENTE,FORMULARIO_CNED_DESCONOCIDO,REVISAR,MEDIA,DUDA_METODOLOGICA,VALIDAR_CON_FINANZAS_ARANCELES,FINANZAS_ARANCELES_INSTITUCIONAL,DEPENDE,DEPENDE,Requiere fuente monetaria explicita; no usar cero ni inferencias.
16,I162S2C115J2V1,,VALOR_MATRICULA_ANUAL,REVISAR_VALOR_MATRICULA_ANUAL_SIN_FUENTE,FORMULARIO_CNED_DESCONOCIDO,REVISAR,MEDIA,DUDA_METODOLOGICA,VALIDAR_CON_FINANZAS_ARANCELES,FINANZAS_ARANCELES_INSTITUCIONAL,DEPENDE,DEPENDE,Requiere fuente monetaria explicita; no usar cero ni inferencias.
16,I162S2C115J2V1,,COSTO_TITULACION,REVISAR_COSTO_TITULACION_SIN_FUENTE,FORMULARIO_CNED_DESCONOCIDO,REVISAR,MEDIA,DUDA_METODOLOGICA,VALIDAR_CON_FINANZAS_ARANCELES,FINANZAS_ARANCELES_INSTITUCIONAL,DEPENDE,DEPENDE,Requiere fuente monetaria explicita; no usar cero ni inferencias.
16,I162S2C115J2V1,,VALOR_CERTIFICADO_DIPLOMA,REVISAR_VALOR_CERTIFICADO_DIPLOMA_SIN_FUENTE,FORMULARIO_CNED_DESCONOCIDO,REVISAR,MEDIA,DUDA_METODOLOGICA,VALIDAR_CON_FINANZAS_ARANCELES,FINANZAS_ARANCELES_INSTITUCIONAL,DEPENDE,DEPENDE,Requiere fuente monetaria explicita; no usar cero ni inferencias.
16,I162S2C115J2V1,,ARANCEL_ANUAL,REVISAR_ARANCEL_ANUAL_SIN_FUENTE,FORMULARIO_CNED_DESCONOCIDO,REVISAR,MEDIA,DUDA_METODOLOGICA,VALIDAR_CON_FINANZAS_ARANCELES,FINANZAS_ARANCELES_INSTITUCIONAL,DEPENDE,DEPENDE,Requiere fuente monetaria explicita; no usar cero ni inferencias.
16,I162S2C115J2V1,,VIGENCIA_CARRERA,REVISAR_VIGENCIA_CARRERA_SIN_FUENTE_DIRECTA,OFICIAL_PROBABLE,REVISAR,ALTA,CAMPO_PENDIENTE_REAL,VALIDAR_CON_REGISTRO_CURRICULAR,REGISTRO_CURRICULAR_OFERTA_OFICIAL,SI,NO,Campo estructural/oficial: no resolver sin fuente institucional.
16,I162S2C115J2V1,,CNED_ESTADO_AUDITORIA,REQUIERE_REVISION,AUXILIAR_TECNICA,REVISION,BAJA,MARCA_TECNICA_REMOVIBLE,EXCLUIR_DE_ARCHIVO_CARGA_SI_ES_AUXILIAR,TRAZABILIDAD_INTERNA_CNED,NO,SI,No debe ir en archivo de carga; conservar en trazabilidad.
16,I162S2C115J2V1,,CNED_ALERTAS,CONTIENE_MARCAS_TECNICAS_DE_REVISION,AUXILIAR_TECNICA,REVISION,BAJA,MARCA_TECNICA_REMOVIBLE,EXCLUIR_DE_ARCHIVO_CARGA_SI_ES_AUXILIAR,TRAZABILIDAD_INTERNA_CNED,NO,SI,No debe ir en archivo de carga; conservar en trazabilidad.
16,I162S2C115J2V1,,CNED_PUEDE_SUBIR_PRELIMINAR,REVISAR,AUXILIAR_TECNICA,REVISAR,BAJA,MARCA_TECNICA_REMOVIBLE,EXCLUIR_DE_ARCHIVO_CARGA_SI_ES_AUXILIAR,TRAZABILIDAD_INTERNA_CNED,NO,SI,No debe ir en archivo de carga; conservar en trazabilidad.
17,I162S2C116J4V1,,Área del Conocimiento,REVISAR_AREA_CODIGO_1,FORMULARIO_CNED_DESCONOCIDO,REVISAR,MEDIA,DUDA_METODOLOGICA,REQUIERE_DECISION_INSTITUCIONAL,AREA_ACADEMICA_O_DUENO_DEL_PROGRAMA,DEPENDE,DEPENDE,Campo de formulario o carga potencial: validar contra instructivo CNED antes de excluir o completar.
17,I162S2C116J4V1,,Sub Área,REVISAR_SUB_AREA_SIN_FUENTE_DIRECTA,FORMULARIO_CNED_DESCONOCIDO,REVISAR,MEDIA,DUDA_METODOLOGICA,REQUIERE_DECISION_INSTITUCIONAL,AREA_ACADEMICA_O_DUENO_DEL_PROGRAMA,DEPENDE,DEPENDE,Campo de formulario o carga potencial: validar contra instructivo CNED antes de excluir o completar.
17,I162S2C116J4V1,,Carrera Genérica,REVISAR_CARRERA_GENERICA_SIN_FUENTE_DIRECTA,FORMULARIO_CNED_DESCONOCIDO,REVISAR,MEDIA,DUDA_METODOLOGICA,REQUIERE_DECISION_INSTITUCIONAL,AREA_ACADEMICA_O_DUENO_DEL_PROGRAMA,DEPENDE,DEPENDE,Campo de formulario o carga potencial: validar contra instructivo CNED antes de excluir o completar.
17,I162S2C116J4V1,,Grado Académico que otorga el programa,REVISAR_GRADO_ACADEMICO_SIN_FUENTE_DIRECTA,FORMULARIO_CNED_DESCONOCIDO,REVISAR,MEDIA,DUDA_METODOLOGICA,NO_RESOLVER_AUTOMATICAMENTE,INSTRUCTIVO_CNED_Y_DECISION_INSTITUCIONAL,DEPENDE,DEPENDE,Campo de formulario o carga potencial: validar contra instructivo CNED antes de excluir o completar.
17,I162S2C116J4V1,,Dependencia,REVISAR_DEPENDENCIA_SIN_FUENTE_DIRECTA,FORMULARIO_CNED_DESCONOCIDO,REVISAR,MEDIA,DUDA_METODOLOGICA,REQUIERE_DECISION_INSTITUCIONAL,AREA_ACADEMICA_O_DUENO_DEL_PROGRAMA,DEPENDE,DEPENDE,Campo de formulario o carga potencial: validar contra instructivo CNED antes de excluir o completar.
17,I162S2C116J4V1,,Régimen,REVISAR_REGIMEN_CODIGO_2,OFICIAL_PROBABLE,REVISAR,ALTA,CAMPO_PENDIENTE_REAL,VALIDAR_CON_REGISTRO_CURRICULAR,REGISTRO_CURRICULAR_OFERTA_OFICIAL,SI,NO,Campo estructural/oficial: no resolver sin fuente institucional.
17,I162S2C116J4V1,,Ingreso Directo,REVISAR_INGRESO_DIRECTO_CODIGO_REQUISITO_INGRESO_1,FORMULARIO_CNED_DESCONOCIDO,REVISAR,MEDIA,DUDA_METODOLOGICA,VALIDAR_CON_AREA_ACADEMICA,AREA_ACADEMICA_O_DUENO_DEL_PROGRAMA,DEPENDE,DEPENDE,Campo de formulario o carga potencial: validar contra instructivo CNED antes de excluir o completar.
17,I162S2C116J4V1,,Observaciones,Crear según matriz PROMEDIOSDEALUMNOS_7804.xlsx / hoja matriz; conciliado contra diccionario oferta 2026; no encontrado en listado existente INDICES por CODIGO_UNICO; campos sin fuente directa quedan con revisión específica.,FORMULARIO_CNED_DESCONOCIDO,REVISION,MEDIA,OBSERVACION_INSTITUCIONAL,MANTENER_SOLO_COMO_TRAZABILIDAD,INSTRUCTIVO_CNED_Y_DECISION_INSTITUCIONAL,DEPENDE,DEPENDE,Campo de formulario o carga potencial: validar contra instructivo CNED antes de excluir o completar.
17,I162S2C116J4V1,,FECHA_ADMISION_INICIAL,REVISAR_FECHA_ADMISION_INICIAL_SIN_FUENTE,FORMULARIO_CNED_DESCONOCIDO,REVISAR,MEDIA,DUDA_METODOLOGICA,NO_RESOLVER_AUTOMATICAMENTE,INSTRUCTIVO_CNED_Y_DECISION_INSTITUCIONAL,DEPENDE,DEPENDE,Campo de formulario o carga potencial: validar contra instructivo CNED antes de excluir o completar.
17,I162S2C116J4V1,,MALLA_CURRICULAR,REVISAR_MALLA_CURRICULAR_SIN_FUENTE,FORMULARIO_CNED_DESCONOCIDO,REVISAR,MEDIA,DUDA_METODOLOGICA,VALIDAR_CON_AREA_ACADEMICA,AREA_ACADEMICA_O_DUENO_DEL_PROGRAMA,DEPENDE,DEPENDE,Campo de formulario o carga potencial: validar contra instructivo CNED antes de excluir o completar.
17,I162S2C116J4V1,,PERFIL_EGRESO,REVISAR_PERFIL_EGRESO_SIN_FUENTE,FORMULARIO_CNED_DESCONOCIDO,REVISAR,MEDIA,DUDA_METODOLOGICA,VALIDAR_CON_AREA_ACADEMICA,AREA_ACADEMICA_O_DUENO_DEL_PROGRAMA,DEPENDE,DEPENDE,Campo de formulario o carga potencial: validar contra instructivo CNED antes de excluir o completar.
17,I162S2C116J4V1,,TEXTO_REQUISITO_INGRESO,REVISAR_TEXTO_REQUISITO_INGRESO_SIN_FUENTE,FORMULARIO_CNED_DESCONOCIDO,REVISAR,MEDIA,DUDA_METODOLOGICA,VALIDAR_CON_AREA_ACADEMICA,AREA_ACADEMICA_O_DUENO_DEL_PROGRAMA,DEPENDE,DEPENDE,Campo de formulario o carga potencial: validar contra instructivo CNED antes de excluir o completar.
17,I162S2C116J4V1,,LICENCIA_ENS_MEDIA,REVISAR_LICENCIA_ENS_MEDIA_SIN_FUENTE,FORMULARIO_CNED_DESCONOCIDO,REVISAR,MEDIA,DUDA_METODOLOGICA,VALIDAR_CON_AREA_ACADEMICA,AREA_ACADEMICA_O_DUENO_DEL_PROGRAMA,DEPENDE,DEPENDE,Campo de formulario o carga potencial: validar contra instructivo CNED antes de excluir o completar.
17,I162S2C116J4V1,,NOTAS_ENS_MEDIA,REVISAR_NOTAS_ENS_MEDIA_SIN_FUENTE,FORMULARIO_CNED_DESCONOCIDO,REVISAR,MEDIA,DUDA_METODOLOGICA,VALIDAR_CON_AREA_ACADEMICA,AREA_ACADEMICA_O_DUENO_DEL_PROGRAMA,DEPENDE,DEPENDE,Campo de formulario o carga potencial: validar contra instructivo CNED antes de excluir o completar.
17,I162S2C116J4V1,,PROMEDIO_MIN_ENS_MEDIA,REVISAR_PROMEDIO_MIN_ENS_MEDIA_SIN_FUENTE,FORMULARIO_CNED_DESCONOCIDO,REVISAR,MEDIA,DUDA_METODOLOGICA,NO_RESOLVER_AUTOMATICAMENTE,INSTRUCTIVO_CNED_Y_DECISION_INSTITUCIONAL,DEPENDE,DEPENDE,Campo de formulario o carga potencial: validar contra instructivo CNED antes de excluir o completar.
17,I162S2C116J4V1,,RECONOCIMIENTOS_APREN_PREVIOS,REVISAR_RECONOCIMIENTOS_APREN_PREVIOS_SIN_FUENTE,FORMULARIO_CNED_DESCONOCIDO,REVISAR,MEDIA,DUDA_METODOLOGICA,NO_RESOLVER_AUTOMATICAMENTE,INSTRUCTIVO_CNED_Y_DECISION_INSTITUCIONAL,DEPENDE,DEPENDE,Campo de formulario o carga potencial: validar contra instructivo CNED antes de excluir o completar.
17,I162S2C116J4V1,,EXPERIENCIA_LABORAL,REVISAR_EXPERIENCIA_LABORAL_SIN_FUENTE,FORMULARIO_CNED_DESCONOCIDO,REVISAR,MEDIA,DUDA_METODOLOGICA,VALIDAR_CON_AREA_ACADEMICA,AREA_ACADEMICA_O_DUENO_DEL_PROGRAMA,DEPENDE,DEPENDE,Campo de formulario o carga potencial: validar contra instructivo CNED antes de excluir o completar.
17,I162S2C116J4V1,,OTROS_REQUISITOS,REVISAR_OTROS_REQUISITOS_SIN_FUENTE,FORMULARIO_CNED_DESCONOCIDO,REVISAR,MEDIA,DUDA_METODOLOGICA,VALIDAR_CON_AREA_ACADEMICA,AREA_ACADEMICA_O_DUENO_DEL_PROGRAMA,DEPENDE,DEPENDE,Campo de formulario o carga potencial: validar contra instructivo CNED antes de excluir o completar.
17,I162S2C116J4V1,,MAIL_DIFUSION_CARRERA,REVISAR_MAIL_DIFUSION_CARRERA_SIN_FUENTE,FORMULARIO_CNED_DESCONOCIDO,REVISAR,MEDIA,DUDA_METODOLOGICA,NO_RESOLVER_AUTOMATICAMENTE,INSTRUCTIVO_CNED_Y_DECISION_INSTITUCIONAL,DEPENDE,DEPENDE,Campo de formulario o carga potencial: validar contra instructivo CNED antes de excluir o completar.
17,I162S2C116J4V1,,FORMATO_VALOR,REVISAR_FORMATO_VALOR_SIN_FUENTE,FORMULARIO_CNED_DESCONOCIDO,REVISAR,MEDIA,DUDA_METODOLOGICA,VALIDAR_CON_FINANZAS_ARANCELES,FINANZAS_ARANCELES_INSTITUCIONAL,DEPENDE,DEPENDE,Requiere fuente monetaria explicita; no usar cero ni inferencias.
17,I162S2C116J4V1,,VALOR_MATRICULA_ANUAL,REVISAR_VALOR_MATRICULA_ANUAL_SIN_FUENTE,FORMULARIO_CNED_DESCONOCIDO,REVISAR,MEDIA,DUDA_METODOLOGICA,VALIDAR_CON_FINANZAS_ARANCELES,FINANZAS_ARANCELES_INSTITUCIONAL,DEPENDE,DEPENDE,Requiere fuente monetaria explicita; no usar cero ni inferencias.
17,I162S2C116J4V1,,COSTO_TITULACION,REVISAR_COSTO_TITULACION_SIN_FUENTE,FORMULARIO_CNED_DESCONOCIDO,REVISAR,MEDIA,DUDA_METODOLOGICA,VALIDAR_CON_FINANZAS_ARANCELES,FINANZAS_ARANCELES_INSTITUCIONAL,DEPENDE,DEPENDE,Requiere fuente monetaria explicita; no usar cero ni inferencias.
17,I162S2C116J4V1,,VALOR_CERTIFICADO_DIPLOMA,REVISAR_VALOR_CERTIFICADO_DIPLOMA_SIN_FUENTE,FORMULARIO_CNED_DESCONOCIDO,REVISAR,MEDIA,DUDA_METODOLOGICA,VALIDAR_CON_FINANZAS_ARANCELES,FINANZAS_ARANCELES_INSTITUCIONAL,DEPENDE,DEPENDE,Requiere fuente monetaria explicita; no usar cero ni inferencias.
17,I162S2C116J4V1,,ARANCEL_ANUAL,REVISAR_ARANCEL_ANUAL_SIN_FUENTE,FORMULARIO_CNED_DESCONOCIDO,REVISAR,MEDIA,DUDA_METODOLOGICA,VALIDAR_CON_FINANZAS_ARANCELES,FINANZAS_ARANCELES_INSTITUCIONAL,DEPENDE,DEPENDE,Requiere fuente monetaria explicita; no usar cero ni inferencias.
17,I162S2C116J4V1,,VIGENCIA_CARRERA,REVISAR_VIGENCIA_CARRERA_SIN_FUENTE_DIRECTA,OFICIAL_PROBABLE,REVISAR,ALTA,CAMPO_PENDIENTE_REAL,VALIDAR_CON_REGISTRO_CURRICULAR,REGISTRO_CURRICULAR_OFERTA_OFICIAL,SI,NO,Campo estructural/oficial: no resolver sin fuente institucional.
17,I162S2C116J4V1,,CNED_ESTADO_AUDITORIA,REQUIERE_REVISION,AUXILIAR_TECNICA,REVISION,BAJA,MARCA_TECNICA_REMOVIBLE,EXCLUIR_DE_ARCHIVO_CARGA_SI_ES_AUXILIAR,TRAZABILIDAD_INTERNA_CNED,NO,SI,No debe ir en archivo de carga; conservar en trazabilidad.
17,I162S2C116J4V1,,CNED_ALERTAS,CONTIENE_MARCAS_TECNICAS_DE_REVISION,AUXILIAR_TECNICA,REVISION,BAJA,MARCA_TECNICA_REMOVIBLE,EXCLUIR_DE_ARCHIVO_CARGA_SI_ES_AUXILIAR,TRAZABILIDAD_INTERNA_CNED,NO,SI,No debe ir en archivo de carga; conservar en trazabilidad.
17,I162S2C116J4V1,,CNED_PUEDE_SUBIR_PRELIMINAR,REVISAR,AUXILIAR_TECNICA,REVISAR,BAJA,MARCA_TECNICA_REMOVIBLE,EXCLUIR_DE_ARCHIVO_CARGA_SI_ES_AUXILIAR,TRAZABILIDAD_INTERNA_CNED,NO,SI,No debe ir en archivo de carga; conservar en trazabilidad.
18,I162S2C117J4V1,,Área del Conocimiento,REVISAR_AREA_CODIGO_10,FORMULARIO_CNED_DESCONOCIDO,REVISAR,MEDIA,DUDA_METODOLOGICA,REQUIERE_DECISION_INSTITUCIONAL,AREA_ACADEMICA_O_DUENO_DEL_PROGRAMA,DEPENDE,DEPENDE,Campo de formulario o carga potencial: validar contra instructivo CNED antes de excluir o completar.
18,I162S2C117J4V1,,Sub Área,REVISAR_SUB_AREA_SIN_FUENTE_DIRECTA,FORMULARIO_CNED_DESCONOCIDO,REVISAR,MEDIA,DUDA_METODOLOGICA,REQUIERE_DECISION_INSTITUCIONAL,AREA_ACADEMICA_O_DUENO_DEL_PROGRAMA,DEPENDE,DEPENDE,Campo de formulario o carga potencial: validar contra instructivo CNED antes de excluir o completar.
18,I162S2C117J4V1,,Carrera Genérica,REVISAR_CARRERA_GENERICA_SIN_FUENTE_DIRECTA,FORMULARIO_CNED_DESCONOCIDO,REVISAR,MEDIA,DUDA_METODOLOGICA,REQUIERE_DECISION_INSTITUCIONAL,AREA_ACADEMICA_O_DUENO_DEL_PROGRAMA,DEPENDE,DEPENDE,Campo de formulario o carga potencial: validar contra instructivo CNED antes de excluir o completar.
18,I162S2C117J4V1,,Grado Académico que otorga el programa,REVISAR_GRADO_ACADEMICO_SIN_FUENTE_DIRECTA,FORMULARIO_CNED_DESCONOCIDO,REVISAR,MEDIA,DUDA_METODOLOGICA,NO_RESOLVER_AUTOMATICAMENTE,INSTRUCTIVO_CNED_Y_DECISION_INSTITUCIONAL,DEPENDE,DEPENDE,Campo de formulario o carga potencial: validar contra instructivo CNED antes de excluir o completar.
18,I162S2C117J4V1,,Dependencia,REVISAR_DEPENDENCIA_SIN_FUENTE_DIRECTA,FORMULARIO_CNED_DESCONOCIDO,REVISAR,MEDIA,DUDA_METODOLOGICA,REQUIERE_DECISION_INSTITUCIONAL,AREA_ACADEMICA_O_DUENO_DEL_PROGRAMA,DEPENDE,DEPENDE,Campo de formulario o carga potencial: validar contra instructivo CNED antes de excluir o completar.
18,I162S2C117J4V1,,Régimen,REVISAR_REGIMEN_CODIGO_2,OFICIAL_PROBABLE,REVISAR,ALTA,CAMPO_PENDIENTE_REAL,VALIDAR_CON_REGISTRO_CURRICULAR,REGISTRO_CURRICULAR_OFERTA_OFICIAL,SI,NO,Campo estructural/oficial: no resolver sin fuente institucional.
18,I162S2C117J4V1,,Ingreso Directo,REVISAR_INGRESO_DIRECTO_CODIGO_REQUISITO_INGRESO_1,FORMULARIO_CNED_DESCONOCIDO,REVISAR,MEDIA,DUDA_METODOLOGICA,VALIDAR_CON_AREA_ACADEMICA,AREA_ACADEMICA_O_DUENO_DEL_PROGRAMA,DEPENDE,DEPENDE,Campo de formulario o carga potencial: validar contra instructivo CNED antes de excluir o completar.
18,I162S2C117J4V1,,Observaciones,Crear según matriz PROMEDIOSDEALUMNOS_7804.xlsx / hoja matriz; conciliado contra diccionario oferta 2026; no encontrado en listado existente INDICES por CODIGO_UNICO; campos sin fuente directa quedan con revisión específica.,FORMULARIO_CNED_DESCONOCIDO,REVISION,MEDIA,OBSERVACION_INSTITUCIONAL,MANTENER_SOLO_COMO_TRAZABILIDAD,INSTRUCTIVO_CNED_Y_DECISION_INSTITUCIONAL,DEPENDE,DEPENDE,Campo de formulario o carga potencial: validar contra instructivo CNED antes de excluir o completar.
18,I162S2C117J4V1,,FECHA_ADMISION_INICIAL,REVISAR_FECHA_ADMISION_INICIAL_SIN_FUENTE,FORMULARIO_CNED_DESCONOCIDO,REVISAR,MEDIA,DUDA_METODOLOGICA,NO_RESOLVER_AUTOMATICAMENTE,INSTRUCTIVO_CNED_Y_DECISION_INSTITUCIONAL,DEPENDE,DEPENDE,Campo de formulario o carga potencial: validar contra instructivo CNED antes de excluir o completar.
18,I162S2C117J4V1,,MALLA_CURRICULAR,REVISAR_MALLA_CURRICULAR_SIN_FUENTE,FORMULARIO_CNED_DESCONOCIDO,REVISAR,MEDIA,DUDA_METODOLOGICA,VALIDAR_CON_AREA_ACADEMICA,AREA_ACADEMICA_O_DUENO_DEL_PROGRAMA,DEPENDE,DEPENDE,Campo de formulario o carga potencial: validar contra instructivo CNED antes de excluir o completar.
18,I162S2C117J4V1,,PERFIL_EGRESO,REVISAR_PERFIL_EGRESO_SIN_FUENTE,FORMULARIO_CNED_DESCONOCIDO,REVISAR,MEDIA,DUDA_METODOLOGICA,VALIDAR_CON_AREA_ACADEMICA,AREA_ACADEMICA_O_DUENO_DEL_PROGRAMA,DEPENDE,DEPENDE,Campo de formulario o carga potencial: validar contra instructivo CNED antes de excluir o completar.
18,I162S2C117J4V1,,TEXTO_REQUISITO_INGRESO,REVISAR_TEXTO_REQUISITO_INGRESO_SIN_FUENTE,FORMULARIO_CNED_DESCONOCIDO,REVISAR,MEDIA,DUDA_METODOLOGICA,VALIDAR_CON_AREA_ACADEMICA,AREA_ACADEMICA_O_DUENO_DEL_PROGRAMA,DEPENDE,DEPENDE,Campo de formulario o carga potencial: validar contra instructivo CNED antes de excluir o completar.
18,I162S2C117J4V1,,LICENCIA_ENS_MEDIA,REVISAR_LICENCIA_ENS_MEDIA_SIN_FUENTE,FORMULARIO_CNED_DESCONOCIDO,REVISAR,MEDIA,DUDA_METODOLOGICA,VALIDAR_CON_AREA_ACADEMICA,AREA_ACADEMICA_O_DUENO_DEL_PROGRAMA,DEPENDE,DEPENDE,Campo de formulario o carga potencial: validar contra instructivo CNED antes de excluir o completar.
18,I162S2C117J4V1,,NOTAS_ENS_MEDIA,REVISAR_NOTAS_ENS_MEDIA_SIN_FUENTE,FORMULARIO_CNED_DESCONOCIDO,REVISAR,MEDIA,DUDA_METODOLOGICA,VALIDAR_CON_AREA_ACADEMICA,AREA_ACADEMICA_O_DUENO_DEL_PROGRAMA,DEPENDE,DEPENDE,Campo de formulario o carga potencial: validar contra instructivo CNED antes de excluir o completar.
18,I162S2C117J4V1,,PROMEDIO_MIN_ENS_MEDIA,REVISAR_PROMEDIO_MIN_ENS_MEDIA_SIN_FUENTE,FORMULARIO_CNED_DESCONOCIDO,REVISAR,MEDIA,DUDA_METODOLOGICA,NO_RESOLVER_AUTOMATICAMENTE,INSTRUCTIVO_CNED_Y_DECISION_INSTITUCIONAL,DEPENDE,DEPENDE,Campo de formulario o carga potencial: validar contra instructivo CNED antes de excluir o completar.
18,I162S2C117J4V1,,RECONOCIMIENTOS_APREN_PREVIOS,REVISAR_RECONOCIMIENTOS_APREN_PREVIOS_SIN_FUENTE,FORMULARIO_CNED_DESCONOCIDO,REVISAR,MEDIA,DUDA_METODOLOGICA,NO_RESOLVER_AUTOMATICAMENTE,INSTRUCTIVO_CNED_Y_DECISION_INSTITUCIONAL,DEPENDE,DEPENDE,Campo de formulario o carga potencial: validar contra instructivo CNED antes de excluir o completar.
18,I162S2C117J4V1,,EXPERIENCIA_LABORAL,REVISAR_EXPERIENCIA_LABORAL_SIN_FUENTE,FORMULARIO_CNED_DESCONOCIDO,REVISAR,MEDIA,DUDA_METODOLOGICA,VALIDAR_CON_AREA_ACADEMICA,AREA_ACADEMICA_O_DUENO_DEL_PROGRAMA,DEPENDE,DEPENDE,Campo de formulario o carga potencial: validar contra instructivo CNED antes de excluir o completar.
18,I162S2C117J4V1,,OTROS_REQUISITOS,REVISAR_OTROS_REQUISITOS_SIN_FUENTE,FORMULARIO_CNED_DESCONOCIDO,REVISAR,MEDIA,DUDA_METODOLOGICA,VALIDAR_CON_AREA_ACADEMICA,AREA_ACADEMICA_O_DUENO_DEL_PROGRAMA,DEPENDE,DEPENDE,Campo de formulario o carga potencial: validar contra instructivo CNED antes de excluir o completar.
18,I162S2C117J4V1,,MAIL_DIFUSION_CARRERA,REVISAR_MAIL_DIFUSION_CARRERA_SIN_FUENTE,FORMULARIO_CNED_DESCONOCIDO,REVISAR,MEDIA,DUDA_METODOLOGICA,NO_RESOLVER_AUTOMATICAMENTE,INSTRUCTIVO_CNED_Y_DECISION_INSTITUCIONAL,DEPENDE,DEPENDE,Campo de formulario o carga potencial: validar contra instructivo CNED antes de excluir o completar.
18,I162S2C117J4V1,,FORMATO_VALOR,REVISAR_FORMATO_VALOR_SIN_FUENTE,FORMULARIO_CNED_DESCONOCIDO,REVISAR,MEDIA,DUDA_METODOLOGICA,VALIDAR_CON_FINANZAS_ARANCELES,FINANZAS_ARANCELES_INSTITUCIONAL,DEPENDE,DEPENDE,Requiere fuente monetaria explicita; no usar cero ni inferencias.
18,I162S2C117J4V1,,VALOR_MATRICULA_ANUAL,REVISAR_VALOR_MATRICULA_ANUAL_SIN_FUENTE,FORMULARIO_CNED_DESCONOCIDO,REVISAR,MEDIA,DUDA_METODOLOGICA,VALIDAR_CON_FINANZAS_ARANCELES,FINANZAS_ARANCELES_INSTITUCIONAL,DEPENDE,DEPENDE,Requiere fuente monetaria explicita; no usar cero ni inferencias.
18,I162S2C117J4V1,,COSTO_TITULACION,REVISAR_COSTO_TITULACION_SIN_FUENTE,FORMULARIO_CNED_DESCONOCIDO,REVISAR,MEDIA,DUDA_METODOLOGICA,VALIDAR_CON_FINANZAS_ARANCELES,FINANZAS_ARANCELES_INSTITUCIONAL,DEPENDE,DEPENDE,Requiere fuente monetaria explicita; no usar cero ni inferencias.
18,I162S2C117J4V1,,VALOR_CERTIFICADO_DIPLOMA,REVISAR_VALOR_CERTIFICADO_DIPLOMA_SIN_FUENTE,FORMULARIO_CNED_DESCONOCIDO,REVISAR,MEDIA,DUDA_METODOLOGICA,VALIDAR_CON_FINANZAS_ARANCELES,FINANZAS_ARANCELES_INSTITUCIONAL,DEPENDE,DEPENDE,Requiere fuente monetaria explicita; no usar cero ni inferencias.
18,I162S2C117J4V1,,ARANCEL_ANUAL,REVISAR_ARANCEL_ANUAL_SIN_FUENTE,FORMULARIO_CNED_DESCONOCIDO,REVISAR,MEDIA,DUDA_METODOLOGICA,VALIDAR_CON_FINANZAS_ARANCELES,FINANZAS_ARANCELES_INSTITUCIONAL,DEPENDE,DEPENDE,Requiere fuente monetaria explicita; no usar cero ni inferencias.
18,I162S2C117J4V1,,VIGENCIA_CARRERA,REVISAR_VIGENCIA_CARRERA_SIN_FUENTE_DIRECTA,OFICIAL_PROBABLE,REVISAR,ALTA,CAMPO_PENDIENTE_REAL,VALIDAR_CON_REGISTRO_CURRICULAR,REGISTRO_CURRICULAR_OFERTA_OFICIAL,SI,NO,Campo estructural/oficial: no resolver sin fuente institucional.
18,I162S2C117J4V1,,CNED_ESTADO_AUDITORIA,REQUIERE_REVISION,AUXILIAR_TECNICA,REVISION,BAJA,MARCA_TECNICA_REMOVIBLE,EXCLUIR_DE_ARCHIVO_CARGA_SI_ES_AUXILIAR,TRAZABILIDAD_INTERNA_CNED,NO,SI,No debe ir en archivo de carga; conservar en trazabilidad.
18,I162S2C117J4V1,,CNED_ALERTAS,CONTIENE_MARCAS_TECNICAS_DE_REVISION,AUXILIAR_TECNICA,REVISION,BAJA,MARCA_TECNICA_REMOVIBLE,EXCLUIR_DE_ARCHIVO_CARGA_SI_ES_AUXILIAR,TRAZABILIDAD_INTERNA_CNED,NO,SI,No debe ir en archivo de carga; conservar en trazabilidad.
18,I162S2C117J4V1,,CNED_PUEDE_SUBIR_PRELIMINAR,REVISAR,AUXILIAR_TECNICA,REVISAR,BAJA,MARCA_TECNICA_REMOVIBLE,EXCLUIR_DE_ARCHIVO_CARGA_SI_ES_AUXILIAR,TRAZABILIDAD_INTERNA_CNED,NO,SI,No debe ir en archivo de carga; conservar en trazabilidad.
19,I162S2C118J4V1,,Área del Conocimiento,REVISAR_AREA_CODIGO_1,FORMULARIO_CNED_DESCONOCIDO,REVISAR,MEDIA,DUDA_METODOLOGICA,REQUIERE_DECISION_INSTITUCIONAL,AREA_ACADEMICA_O_DUENO_DEL_PROGRAMA,DEPENDE,DEPENDE,Campo de formulario o carga potencial: validar contra instructivo CNED antes de excluir o completar.
19,I162S2C118J4V1,,Sub Área,REVISAR_SUB_AREA_SIN_FUENTE_DIRECTA,FORMULARIO_CNED_DESCONOCIDO,REVISAR,MEDIA,DUDA_METODOLOGICA,REQUIERE_DECISION_INSTITUCIONAL,AREA_ACADEMICA_O_DUENO_DEL_PROGRAMA,DEPENDE,DEPENDE,Campo de formulario o carga potencial: validar contra instructivo CNED antes de excluir o completar.
19,I162S2C118J4V1,,Carrera Genérica,REVISAR_CARRERA_GENERICA_SIN_FUENTE_DIRECTA,FORMULARIO_CNED_DESCONOCIDO,REVISAR,MEDIA,DUDA_METODOLOGICA,REQUIERE_DECISION_INSTITUCIONAL,AREA_ACADEMICA_O_DUENO_DEL_PROGRAMA,DEPENDE,DEPENDE,Campo de formulario o carga potencial: validar contra instructivo CNED antes de excluir o completar.
19,I162S2C118J4V1,,Grado Académico que otorga el programa,REVISAR_GRADO_ACADEMICO_SIN_FUENTE_DIRECTA,FORMULARIO_CNED_DESCONOCIDO,REVISAR,MEDIA,DUDA_METODOLOGICA,NO_RESOLVER_AUTOMATICAMENTE,INSTRUCTIVO_CNED_Y_DECISION_INSTITUCIONAL,DEPENDE,DEPENDE,Campo de formulario o carga potencial: validar contra instructivo CNED antes de excluir o completar.
19,I162S2C118J4V1,,Dependencia,REVISAR_DEPENDENCIA_SIN_FUENTE_DIRECTA,FORMULARIO_CNED_DESCONOCIDO,REVISAR,MEDIA,DUDA_METODOLOGICA,REQUIERE_DECISION_INSTITUCIONAL,AREA_ACADEMICA_O_DUENO_DEL_PROGRAMA,DEPENDE,DEPENDE,Campo de formulario o carga potencial: validar contra instructivo CNED antes de excluir o completar.
19,I162S2C118J4V1,,Régimen,REVISAR_REGIMEN_CODIGO_2,OFICIAL_PROBABLE,REVISAR,ALTA,CAMPO_PENDIENTE_REAL,VALIDAR_CON_REGISTRO_CURRICULAR,REGISTRO_CURRICULAR_OFERTA_OFICIAL,SI,NO,Campo estructural/oficial: no resolver sin fuente institucional.
19,I162S2C118J4V1,,Ingreso Directo,REVISAR_INGRESO_DIRECTO_CODIGO_REQUISITO_INGRESO_1,FORMULARIO_CNED_DESCONOCIDO,REVISAR,MEDIA,DUDA_METODOLOGICA,VALIDAR_CON_AREA_ACADEMICA,AREA_ACADEMICA_O_DUENO_DEL_PROGRAMA,DEPENDE,DEPENDE,Campo de formulario o carga potencial: validar contra instructivo CNED antes de excluir o completar.
19,I162S2C118J4V1,,Observaciones,Crear según matriz PROMEDIOSDEALUMNOS_7804.xlsx / hoja matriz; conciliado contra diccionario oferta 2026; no encontrado en listado existente INDICES por CODIGO_UNICO; campos sin fuente directa quedan con revisión específica.,FORMULARIO_CNED_DESCONOCIDO,REVISION,MEDIA,OBSERVACION_INSTITUCIONAL,MANTENER_SOLO_COMO_TRAZABILIDAD,INSTRUCTIVO_CNED_Y_DECISION_INSTITUCIONAL,DEPENDE,DEPENDE,Campo de formulario o carga potencial: validar contra instructivo CNED antes de excluir o completar.
19,I162S2C118J4V1,,FECHA_ADMISION_INICIAL,REVISAR_FECHA_ADMISION_INICIAL_SIN_FUENTE,FORMULARIO_CNED_DESCONOCIDO,REVISAR,MEDIA,DUDA_METODOLOGICA,NO_RESOLVER_AUTOMATICAMENTE,INSTRUCTIVO_CNED_Y_DECISION_INSTITUCIONAL,DEPENDE,DEPENDE,Campo de formulario o carga potencial: validar contra instructivo CNED antes de excluir o completar.
19,I162S2C118J4V1,,MALLA_CURRICULAR,REVISAR_MALLA_CURRICULAR_SIN_FUENTE,FORMULARIO_CNED_DESCONOCIDO,REVISAR,MEDIA,DUDA_METODOLOGICA,VALIDAR_CON_AREA_ACADEMICA,AREA_ACADEMICA_O_DUENO_DEL_PROGRAMA,DEPENDE,DEPENDE,Campo de formulario o carga potencial: validar contra instructivo CNED antes de excluir o completar.
19,I162S2C118J4V1,,PERFIL_EGRESO,REVISAR_PERFIL_EGRESO_SIN_FUENTE,FORMULARIO_CNED_DESCONOCIDO,REVISAR,MEDIA,DUDA_METODOLOGICA,VALIDAR_CON_AREA_ACADEMICA,AREA_ACADEMICA_O_DUENO_DEL_PROGRAMA,DEPENDE,DEPENDE,Campo de formulario o carga potencial: validar contra instructivo CNED antes de excluir o completar.
19,I162S2C118J4V1,,TEXTO_REQUISITO_INGRESO,REVISAR_TEXTO_REQUISITO_INGRESO_SIN_FUENTE,FORMULARIO_CNED_DESCONOCIDO,REVISAR,MEDIA,DUDA_METODOLOGICA,VALIDAR_CON_AREA_ACADEMICA,AREA_ACADEMICA_O_DUENO_DEL_PROGRAMA,DEPENDE,DEPENDE,Campo de formulario o carga potencial: validar contra instructivo CNED antes de excluir o completar.
19,I162S2C118J4V1,,LICENCIA_ENS_MEDIA,REVISAR_LICENCIA_ENS_MEDIA_SIN_FUENTE,FORMULARIO_CNED_DESCONOCIDO,REVISAR,MEDIA,DUDA_METODOLOGICA,VALIDAR_CON_AREA_ACADEMICA,AREA_ACADEMICA_O_DUENO_DEL_PROGRAMA,DEPENDE,DEPENDE,Campo de formulario o carga potencial: validar contra instructivo CNED antes de excluir o completar.
19,I162S2C118J4V1,,NOTAS_ENS_MEDIA,REVISAR_NOTAS_ENS_MEDIA_SIN_FUENTE,FORMULARIO_CNED_DESCONOCIDO,REVISAR,MEDIA,DUDA_METODOLOGICA,VALIDAR_CON_AREA_ACADEMICA,AREA_ACADEMICA_O_DUENO_DEL_PROGRAMA,DEPENDE,DEPENDE,Campo de formulario o carga potencial: validar contra instructivo CNED antes de excluir o completar.
19,I162S2C118J4V1,,PROMEDIO_MIN_ENS_MEDIA,REVISAR_PROMEDIO_MIN_ENS_MEDIA_SIN_FUENTE,FORMULARIO_CNED_DESCONOCIDO,REVISAR,MEDIA,DUDA_METODOLOGICA,NO_RESOLVER_AUTOMATICAMENTE,INSTRUCTIVO_CNED_Y_DECISION_INSTITUCIONAL,DEPENDE,DEPENDE,Campo de formulario o carga potencial: validar contra instructivo CNED antes de excluir o completar.
19,I162S2C118J4V1,,RECONOCIMIENTOS_APREN_PREVIOS,REVISAR_RECONOCIMIENTOS_APREN_PREVIOS_SIN_FUENTE,FORMULARIO_CNED_DESCONOCIDO,REVISAR,MEDIA,DUDA_METODOLOGICA,NO_RESOLVER_AUTOMATICAMENTE,INSTRUCTIVO_CNED_Y_DECISION_INSTITUCIONAL,DEPENDE,DEPENDE,Campo de formulario o carga potencial: validar contra instructivo CNED antes de excluir o completar.
19,I162S2C118J4V1,,EXPERIENCIA_LABORAL,REVISAR_EXPERIENCIA_LABORAL_SIN_FUENTE,FORMULARIO_CNED_DESCONOCIDO,REVISAR,MEDIA,DUDA_METODOLOGICA,VALIDAR_CON_AREA_ACADEMICA,AREA_ACADEMICA_O_DUENO_DEL_PROGRAMA,DEPENDE,DEPENDE,Campo de formulario o carga potencial: validar contra instructivo CNED antes de excluir o completar.
19,I162S2C118J4V1,,OTROS_REQUISITOS,REVISAR_OTROS_REQUISITOS_SIN_FUENTE,FORMULARIO_CNED_DESCONOCIDO,REVISAR,MEDIA,DUDA_METODOLOGICA,VALIDAR_CON_AREA_ACADEMICA,AREA_ACADEMICA_O_DUENO_DEL_PROGRAMA,DEPENDE,DEPENDE,Campo de formulario o carga potencial: validar contra instructivo CNED antes de excluir o completar.
19,I162S2C118J4V1,,MAIL_DIFUSION_CARRERA,REVISAR_MAIL_DIFUSION_CARRERA_SIN_FUENTE,FORMULARIO_CNED_DESCONOCIDO,REVISAR,MEDIA,DUDA_METODOLOGICA,NO_RESOLVER_AUTOMATICAMENTE,INSTRUCTIVO_CNED_Y_DECISION_INSTITUCIONAL,DEPENDE,DEPENDE,Campo de formulario o carga potencial: validar contra instructivo CNED antes de excluir o completar.
19,I162S2C118J4V1,,FORMATO_VALOR,REVISAR_FORMATO_VALOR_SIN_FUENTE,FORMULARIO_CNED_DESCONOCIDO,REVISAR,MEDIA,DUDA_METODOLOGICA,VALIDAR_CON_FINANZAS_ARANCELES,FINANZAS_ARANCELES_INSTITUCIONAL,DEPENDE,DEPENDE,Requiere fuente monetaria explicita; no usar cero ni inferencias.
19,I162S2C118J4V1,,VALOR_MATRICULA_ANUAL,REVISAR_VALOR_MATRICULA_ANUAL_SIN_FUENTE,FORMULARIO_CNED_DESCONOCIDO,REVISAR,MEDIA,DUDA_METODOLOGICA,VALIDAR_CON_FINANZAS_ARANCELES,FINANZAS_ARANCELES_INSTITUCIONAL,DEPENDE,DEPENDE,Requiere fuente monetaria explicita; no usar cero ni inferencias.
19,I162S2C118J4V1,,COSTO_TITULACION,REVISAR_COSTO_TITULACION_SIN_FUENTE,FORMULARIO_CNED_DESCONOCIDO,REVISAR,MEDIA,DUDA_METODOLOGICA,VALIDAR_CON_FINANZAS_ARANCELES,FINANZAS_ARANCELES_INSTITUCIONAL,DEPENDE,DEPENDE,Requiere fuente monetaria explicita; no usar cero ni inferencias.
19,I162S2C118J4V1,,VALOR_CERTIFICADO_DIPLOMA,REVISAR_VALOR_CERTIFICADO_DIPLOMA_SIN_FUENTE,FORMULARIO_CNED_DESCONOCIDO,REVISAR,MEDIA,DUDA_METODOLOGICA,VALIDAR_CON_FINANZAS_ARANCELES,FINANZAS_ARANCELES_INSTITUCIONAL,DEPENDE,DEPENDE,Requiere fuente monetaria explicita; no usar cero ni inferencias.
19,I162S2C118J4V1,,ARANCEL_ANUAL,REVISAR_ARANCEL_ANUAL_SIN_FUENTE,FORMULARIO_CNED_DESCONOCIDO,REVISAR,MEDIA,DUDA_METODOLOGICA,VALIDAR_CON_FINANZAS_ARANCELES,FINANZAS_ARANCELES_INSTITUCIONAL,DEPENDE,DEPENDE,Requiere fuente monetaria explicita; no usar cero ni inferencias.
19,I162S2C118J4V1,,VIGENCIA_CARRERA,REVISAR_VIGENCIA_CARRERA_SIN_FUENTE_DIRECTA,OFICIAL_PROBABLE,REVISAR,ALTA,CAMPO_PENDIENTE_REAL,VALIDAR_CON_REGISTRO_CURRICULAR,REGISTRO_CURRICULAR_OFERTA_OFICIAL,SI,NO,Campo estructural/oficial: no resolver sin fuente institucional.
19,I162S2C118J4V1,,CNED_ESTADO_AUDITORIA,REQUIERE_REVISION,AUXILIAR_TECNICA,REVISION,BAJA,MARCA_TECNICA_REMOVIBLE,EXCLUIR_DE_ARCHIVO_CARGA_SI_ES_AUXILIAR,TRAZABILIDAD_INTERNA_CNED,NO,SI,No debe ir en archivo de carga; conservar en trazabilidad.
19,I162S2C118J4V1,,CNED_ALERTAS,CONTIENE_MARCAS_TECNICAS_DE_REVISION,AUXILIAR_TECNICA,REVISION,BAJA,MARCA_TECNICA_REMOVIBLE,EXCLUIR_DE_ARCHIVO_CARGA_SI_ES_AUXILIAR,TRAZABILIDAD_INTERNA_CNED,NO,SI,No debe ir en archivo de carga; conservar en trazabilidad.
19,I162S2C118J4V1,,CNED_PUEDE_SUBIR_PRELIMINAR,REVISAR,AUXILIAR_TECNICA,REVISAR,BAJA,MARCA_TECNICA_REMOVIBLE,EXCLUIR_DE_ARCHIVO_CARGA_SI_ES_AUXILIAR,TRAZABILIDAD_INTERNA_CNED,NO,SI,No debe ir en archivo de carga; conservar en trazabilidad.
20,I162S2C119J4V1,,Área del Conocimiento,REVISAR_AREA_CODIGO_1,FORMULARIO_CNED_DESCONOCIDO,REVISAR,MEDIA,DUDA_METODOLOGICA,REQUIERE_DECISION_INSTITUCIONAL,AREA_ACADEMICA_O_DUENO_DEL_PROGRAMA,DEPENDE,DEPENDE,Campo de formulario o carga potencial: validar contra instructivo CNED antes de excluir o completar.
20,I162S2C119J4V1,,Sub Área,REVISAR_SUB_AREA_SIN_FUENTE_DIRECTA,FORMULARIO_CNED_DESCONOCIDO,REVISAR,MEDIA,DUDA_METODOLOGICA,REQUIERE_DECISION_INSTITUCIONAL,AREA_ACADEMICA_O_DUENO_DEL_PROGRAMA,DEPENDE,DEPENDE,Campo de formulario o carga potencial: validar contra instructivo CNED antes de excluir o completar.
20,I162S2C119J4V1,,Carrera Genérica,REVISAR_CARRERA_GENERICA_SIN_FUENTE_DIRECTA,FORMULARIO_CNED_DESCONOCIDO,REVISAR,MEDIA,DUDA_METODOLOGICA,REQUIERE_DECISION_INSTITUCIONAL,AREA_ACADEMICA_O_DUENO_DEL_PROGRAMA,DEPENDE,DEPENDE,Campo de formulario o carga potencial: validar contra instructivo CNED antes de excluir o completar.
20,I162S2C119J4V1,,Grado Académico que otorga el programa,REVISAR_GRADO_ACADEMICO_SIN_FUENTE_DIRECTA,FORMULARIO_CNED_DESCONOCIDO,REVISAR,MEDIA,DUDA_METODOLOGICA,NO_RESOLVER_AUTOMATICAMENTE,INSTRUCTIVO_CNED_Y_DECISION_INSTITUCIONAL,DEPENDE,DEPENDE,Campo de formulario o carga potencial: validar contra instructivo CNED antes de excluir o completar.
20,I162S2C119J4V1,,Dependencia,REVISAR_DEPENDENCIA_SIN_FUENTE_DIRECTA,FORMULARIO_CNED_DESCONOCIDO,REVISAR,MEDIA,DUDA_METODOLOGICA,REQUIERE_DECISION_INSTITUCIONAL,AREA_ACADEMICA_O_DUENO_DEL_PROGRAMA,DEPENDE,DEPENDE,Campo de formulario o carga potencial: validar contra instructivo CNED antes de excluir o completar.
20,I162S2C119J4V1,,Régimen,REVISAR_REGIMEN_CODIGO_2,OFICIAL_PROBABLE,REVISAR,ALTA,CAMPO_PENDIENTE_REAL,VALIDAR_CON_REGISTRO_CURRICULAR,REGISTRO_CURRICULAR_OFERTA_OFICIAL,SI,NO,Campo estructural/oficial: no resolver sin fuente institucional.
20,I162S2C119J4V1,,Ingreso Directo,REVISAR_INGRESO_DIRECTO_CODIGO_REQUISITO_INGRESO_1,FORMULARIO_CNED_DESCONOCIDO,REVISAR,MEDIA,DUDA_METODOLOGICA,VALIDAR_CON_AREA_ACADEMICA,AREA_ACADEMICA_O_DUENO_DEL_PROGRAMA,DEPENDE,DEPENDE,Campo de formulario o carga potencial: validar contra instructivo CNED antes de excluir o completar.
20,I162S2C119J4V1,,Observaciones,Crear según matriz PROMEDIOSDEALUMNOS_7804.xlsx / hoja matriz; conciliado contra diccionario oferta 2026; no encontrado en listado existente INDICES por CODIGO_UNICO; campos sin fuente directa quedan con revisión específica.,FORMULARIO_CNED_DESCONOCIDO,REVISION,MEDIA,OBSERVACION_INSTITUCIONAL,MANTENER_SOLO_COMO_TRAZABILIDAD,INSTRUCTIVO_CNED_Y_DECISION_INSTITUCIONAL,DEPENDE,DEPENDE,Campo de formulario o carga potencial: validar contra instructivo CNED antes de excluir o completar.
20,I162S2C119J4V1,,FECHA_ADMISION_INICIAL,REVISAR_FECHA_ADMISION_INICIAL_SIN_FUENTE,FORMULARIO_CNED_DESCONOCIDO,REVISAR,MEDIA,DUDA_METODOLOGICA,NO_RESOLVER_AUTOMATICAMENTE,INSTRUCTIVO_CNED_Y_DECISION_INSTITUCIONAL,DEPENDE,DEPENDE,Campo de formulario o carga potencial: validar contra instructivo CNED antes de excluir o completar.
20,I162S2C119J4V1,,MALLA_CURRICULAR,REVISAR_MALLA_CURRICULAR_SIN_FUENTE,FORMULARIO_CNED_DESCONOCIDO,REVISAR,MEDIA,DUDA_METODOLOGICA,VALIDAR_CON_AREA_ACADEMICA,AREA_ACADEMICA_O_DUENO_DEL_PROGRAMA,DEPENDE,DEPENDE,Campo de formulario o carga potencial: validar contra instructivo CNED antes de excluir o completar.
20,I162S2C119J4V1,,PERFIL_EGRESO,REVISAR_PERFIL_EGRESO_SIN_FUENTE,FORMULARIO_CNED_DESCONOCIDO,REVISAR,MEDIA,DUDA_METODOLOGICA,VALIDAR_CON_AREA_ACADEMICA,AREA_ACADEMICA_O_DUENO_DEL_PROGRAMA,DEPENDE,DEPENDE,Campo de formulario o carga potencial: validar contra instructivo CNED antes de excluir o completar.
20,I162S2C119J4V1,,TEXTO_REQUISITO_INGRESO,REVISAR_TEXTO_REQUISITO_INGRESO_SIN_FUENTE,FORMULARIO_CNED_DESCONOCIDO,REVISAR,MEDIA,DUDA_METODOLOGICA,VALIDAR_CON_AREA_ACADEMICA,AREA_ACADEMICA_O_DUENO_DEL_PROGRAMA,DEPENDE,DEPENDE,Campo de formulario o carga potencial: validar contra instructivo CNED antes de excluir o completar.
20,I162S2C119J4V1,,LICENCIA_ENS_MEDIA,REVISAR_LICENCIA_ENS_MEDIA_SIN_FUENTE,FORMULARIO_CNED_DESCONOCIDO,REVISAR,MEDIA,DUDA_METODOLOGICA,VALIDAR_CON_AREA_ACADEMICA,AREA_ACADEMICA_O_DUENO_DEL_PROGRAMA,DEPENDE,DEPENDE,Campo de formulario o carga potencial: validar contra instructivo CNED antes de excluir o completar.
20,I162S2C119J4V1,,NOTAS_ENS_MEDIA,REVISAR_NOTAS_ENS_MEDIA_SIN_FUENTE,FORMULARIO_CNED_DESCONOCIDO,REVISAR,MEDIA,DUDA_METODOLOGICA,VALIDAR_CON_AREA_ACADEMICA,AREA_ACADEMICA_O_DUENO_DEL_PROGRAMA,DEPENDE,DEPENDE,Campo de formulario o carga potencial: validar contra instructivo CNED antes de excluir o completar.
20,I162S2C119J4V1,,PROMEDIO_MIN_ENS_MEDIA,REVISAR_PROMEDIO_MIN_ENS_MEDIA_SIN_FUENTE,FORMULARIO_CNED_DESCONOCIDO,REVISAR,MEDIA,DUDA_METODOLOGICA,NO_RESOLVER_AUTOMATICAMENTE,INSTRUCTIVO_CNED_Y_DECISION_INSTITUCIONAL,DEPENDE,DEPENDE,Campo de formulario o carga potencial: validar contra instructivo CNED antes de excluir o completar.
20,I162S2C119J4V1,,RECONOCIMIENTOS_APREN_PREVIOS,REVISAR_RECONOCIMIENTOS_APREN_PREVIOS_SIN_FUENTE,FORMULARIO_CNED_DESCONOCIDO,REVISAR,MEDIA,DUDA_METODOLOGICA,NO_RESOLVER_AUTOMATICAMENTE,INSTRUCTIVO_CNED_Y_DECISION_INSTITUCIONAL,DEPENDE,DEPENDE,Campo de formulario o carga potencial: validar contra instructivo CNED antes de excluir o completar.
20,I162S2C119J4V1,,EXPERIENCIA_LABORAL,REVISAR_EXPERIENCIA_LABORAL_SIN_FUENTE,FORMULARIO_CNED_DESCONOCIDO,REVISAR,MEDIA,DUDA_METODOLOGICA,VALIDAR_CON_AREA_ACADEMICA,AREA_ACADEMICA_O_DUENO_DEL_PROGRAMA,DEPENDE,DEPENDE,Campo de formulario o carga potencial: validar contra instructivo CNED antes de excluir o completar.
20,I162S2C119J4V1,,OTROS_REQUISITOS,REVISAR_OTROS_REQUISITOS_SIN_FUENTE,FORMULARIO_CNED_DESCONOCIDO,REVISAR,MEDIA,DUDA_METODOLOGICA,VALIDAR_CON_AREA_ACADEMICA,AREA_ACADEMICA_O_DUENO_DEL_PROGRAMA,DEPENDE,DEPENDE,Campo de formulario o carga potencial: validar contra instructivo CNED antes de excluir o completar.
20,I162S2C119J4V1,,MAIL_DIFUSION_CARRERA,REVISAR_MAIL_DIFUSION_CARRERA_SIN_FUENTE,FORMULARIO_CNED_DESCONOCIDO,REVISAR,MEDIA,DUDA_METODOLOGICA,NO_RESOLVER_AUTOMATICAMENTE,INSTRUCTIVO_CNED_Y_DECISION_INSTITUCIONAL,DEPENDE,DEPENDE,Campo de formulario o carga potencial: validar contra instructivo CNED antes de excluir o completar.
20,I162S2C119J4V1,,FORMATO_VALOR,REVISAR_FORMATO_VALOR_SIN_FUENTE,FORMULARIO_CNED_DESCONOCIDO,REVISAR,MEDIA,DUDA_METODOLOGICA,VALIDAR_CON_FINANZAS_ARANCELES,FINANZAS_ARANCELES_INSTITUCIONAL,DEPENDE,DEPENDE,Requiere fuente monetaria explicita; no usar cero ni inferencias.
20,I162S2C119J4V1,,VALOR_MATRICULA_ANUAL,REVISAR_VALOR_MATRICULA_ANUAL_SIN_FUENTE,FORMULARIO_CNED_DESCONOCIDO,REVISAR,MEDIA,DUDA_METODOLOGICA,VALIDAR_CON_FINANZAS_ARANCELES,FINANZAS_ARANCELES_INSTITUCIONAL,DEPENDE,DEPENDE,Requiere fuente monetaria explicita; no usar cero ni inferencias.
20,I162S2C119J4V1,,COSTO_TITULACION,REVISAR_COSTO_TITULACION_SIN_FUENTE,FORMULARIO_CNED_DESCONOCIDO,REVISAR,MEDIA,DUDA_METODOLOGICA,VALIDAR_CON_FINANZAS_ARANCELES,FINANZAS_ARANCELES_INSTITUCIONAL,DEPENDE,DEPENDE,Requiere fuente monetaria explicita; no usar cero ni inferencias.
20,I162S2C119J4V1,,VALOR_CERTIFICADO_DIPLOMA,REVISAR_VALOR_CERTIFICADO_DIPLOMA_SIN_FUENTE,FORMULARIO_CNED_DESCONOCIDO,REVISAR,MEDIA,DUDA_METODOLOGICA,VALIDAR_CON_FINANZAS_ARANCELES,FINANZAS_ARANCELES_INSTITUCIONAL,DEPENDE,DEPENDE,Requiere fuente monetaria explicita; no usar cero ni inferencias.
20,I162S2C119J4V1,,ARANCEL_ANUAL,REVISAR_ARANCEL_ANUAL_SIN_FUENTE,FORMULARIO_CNED_DESCONOCIDO,REVISAR,MEDIA,DUDA_METODOLOGICA,VALIDAR_CON_FINANZAS_ARANCELES,FINANZAS_ARANCELES_INSTITUCIONAL,DEPENDE,DEPENDE,Requiere fuente monetaria explicita; no usar cero ni inferencias.
20,I162S2C119J4V1,,VIGENCIA_CARRERA,REVISAR_VIGENCIA_CARRERA_SIN_FUENTE_DIRECTA,OFICIAL_PROBABLE,REVISAR,ALTA,CAMPO_PENDIENTE_REAL,VALIDAR_CON_REGISTRO_CURRICULAR,REGISTRO_CURRICULAR_OFERTA_OFICIAL,SI,NO,Campo estructural/oficial: no resolver sin fuente institucional.
20,I162S2C119J4V1,,CNED_ESTADO_AUDITORIA,REQUIERE_REVISION,AUXILIAR_TECNICA,REVISION,BAJA,MARCA_TECNICA_REMOVIBLE,EXCLUIR_DE_ARCHIVO_CARGA_SI_ES_AUXILIAR,TRAZABILIDAD_INTERNA_CNED,NO,SI,No debe ir en archivo de carga; conservar en trazabilidad.
20,I162S2C119J4V1,,CNED_ALERTAS,CONTIENE_MARCAS_TECNICAS_DE_REVISION,AUXILIAR_TECNICA,REVISION,BAJA,MARCA_TECNICA_REMOVIBLE,EXCLUIR_DE_ARCHIVO_CARGA_SI_ES_AUXILIAR,TRAZABILIDAD_INTERNA_CNED,NO,SI,No debe ir en archivo de carga; conservar en trazabilidad.
20,I162S2C119J4V1,,CNED_PUEDE_SUBIR_PRELIMINAR,REVISAR,AUXILIAR_TECNICA,REVISAR,BAJA,MARCA_TECNICA_REMOVIBLE,EXCLUIR_DE_ARCHIVO_CARGA_SI_ES_AUXILIAR,TRAZABILIDAD_INTERNA_CNED,NO,SI,No debe ir en archivo de carga; conservar en trazabilidad.
21,I162S2C124J4V1,,Área del Conocimiento,REVISAR_AREA_CODIGO_9,FORMULARIO_CNED_DESCONOCIDO,REVISAR,MEDIA,DUDA_METODOLOGICA,REQUIERE_DECISION_INSTITUCIONAL,AREA_ACADEMICA_O_DUENO_DEL_PROGRAMA,DEPENDE,DEPENDE,Campo de formulario o carga potencial: validar contra instructivo CNED antes de excluir o completar.
21,I162S2C124J4V1,,Sub Área,REVISAR_SUB_AREA_SIN_FUENTE_DIRECTA,FORMULARIO_CNED_DESCONOCIDO,REVISAR,MEDIA,DUDA_METODOLOGICA,REQUIERE_DECISION_INSTITUCIONAL,AREA_ACADEMICA_O_DUENO_DEL_PROGRAMA,DEPENDE,DEPENDE,Campo de formulario o carga potencial: validar contra instructivo CNED antes de excluir o completar.
21,I162S2C124J4V1,,Carrera Genérica,REVISAR_CARRERA_GENERICA_SIN_FUENTE_DIRECTA,FORMULARIO_CNED_DESCONOCIDO,REVISAR,MEDIA,DUDA_METODOLOGICA,REQUIERE_DECISION_INSTITUCIONAL,AREA_ACADEMICA_O_DUENO_DEL_PROGRAMA,DEPENDE,DEPENDE,Campo de formulario o carga potencial: validar contra instructivo CNED antes de excluir o completar.
21,I162S2C124J4V1,,Grado Académico que otorga el programa,REVISAR_GRADO_ACADEMICO_SIN_FUENTE_DIRECTA,FORMULARIO_CNED_DESCONOCIDO,REVISAR,MEDIA,DUDA_METODOLOGICA,NO_RESOLVER_AUTOMATICAMENTE,INSTRUCTIVO_CNED_Y_DECISION_INSTITUCIONAL,DEPENDE,DEPENDE,Campo de formulario o carga potencial: validar contra instructivo CNED antes de excluir o completar.
21,I162S2C124J4V1,,Dependencia,REVISAR_DEPENDENCIA_SIN_FUENTE_DIRECTA,FORMULARIO_CNED_DESCONOCIDO,REVISAR,MEDIA,DUDA_METODOLOGICA,REQUIERE_DECISION_INSTITUCIONAL,AREA_ACADEMICA_O_DUENO_DEL_PROGRAMA,DEPENDE,DEPENDE,Campo de formulario o carga potencial: validar contra instructivo CNED antes de excluir o completar.
21,I162S2C124J4V1,,Régimen,REVISAR_REGIMEN_CODIGO_2,OFICIAL_PROBABLE,REVISAR,ALTA,CAMPO_PENDIENTE_REAL,VALIDAR_CON_REGISTRO_CURRICULAR,REGISTRO_CURRICULAR_OFERTA_OFICIAL,SI,NO,Campo estructural/oficial: no resolver sin fuente institucional.
21,I162S2C124J4V1,,Ingreso Directo,REVISAR_INGRESO_DIRECTO_CODIGO_REQUISITO_INGRESO_1,FORMULARIO_CNED_DESCONOCIDO,REVISAR,MEDIA,DUDA_METODOLOGICA,VALIDAR_CON_AREA_ACADEMICA,AREA_ACADEMICA_O_DUENO_DEL_PROGRAMA,DEPENDE,DEPENDE,Campo de formulario o carga potencial: validar contra instructivo CNED antes de excluir o completar.
21,I162S2C124J4V1,,Observaciones,Crear según matriz PROMEDIOSDEALUMNOS_7804.xlsx / hoja matriz; conciliado contra diccionario oferta 2026; no encontrado en listado existente INDICES por CODIGO_UNICO; campos sin fuente directa quedan con revisión específica.,FORMULARIO_CNED_DESCONOCIDO,REVISION,MEDIA,OBSERVACION_INSTITUCIONAL,MANTENER_SOLO_COMO_TRAZABILIDAD,INSTRUCTIVO_CNED_Y_DECISION_INSTITUCIONAL,DEPENDE,DEPENDE,Campo de formulario o carga potencial: validar contra instructivo CNED antes de excluir o completar.
21,I162S2C124J4V1,,FECHA_ADMISION_INICIAL,REVISAR_FECHA_ADMISION_INICIAL_SIN_FUENTE,FORMULARIO_CNED_DESCONOCIDO,REVISAR,MEDIA,DUDA_METODOLOGICA,NO_RESOLVER_AUTOMATICAMENTE,INSTRUCTIVO_CNED_Y_DECISION_INSTITUCIONAL,DEPENDE,DEPENDE,Campo de formulario o carga potencial: validar contra instructivo CNED antes de excluir o completar.
21,I162S2C124J4V1,,MALLA_CURRICULAR,REVISAR_MALLA_CURRICULAR_SIN_FUENTE,FORMULARIO_CNED_DESCONOCIDO,REVISAR,MEDIA,DUDA_METODOLOGICA,VALIDAR_CON_AREA_ACADEMICA,AREA_ACADEMICA_O_DUENO_DEL_PROGRAMA,DEPENDE,DEPENDE,Campo de formulario o carga potencial: validar contra instructivo CNED antes de excluir o completar.
21,I162S2C124J4V1,,PERFIL_EGRESO,REVISAR_PERFIL_EGRESO_SIN_FUENTE,FORMULARIO_CNED_DESCONOCIDO,REVISAR,MEDIA,DUDA_METODOLOGICA,VALIDAR_CON_AREA_ACADEMICA,AREA_ACADEMICA_O_DUENO_DEL_PROGRAMA,DEPENDE,DEPENDE,Campo de formulario o carga potencial: validar contra instructivo CNED antes de excluir o completar.
21,I162S2C124J4V1,,TEXTO_REQUISITO_INGRESO,REVISAR_TEXTO_REQUISITO_INGRESO_SIN_FUENTE,FORMULARIO_CNED_DESCONOCIDO,REVISAR,MEDIA,DUDA_METODOLOGICA,VALIDAR_CON_AREA_ACADEMICA,AREA_ACADEMICA_O_DUENO_DEL_PROGRAMA,DEPENDE,DEPENDE,Campo de formulario o carga potencial: validar contra instructivo CNED antes de excluir o completar.
21,I162S2C124J4V1,,LICENCIA_ENS_MEDIA,REVISAR_LICENCIA_ENS_MEDIA_SIN_FUENTE,FORMULARIO_CNED_DESCONOCIDO,REVISAR,MEDIA,DUDA_METODOLOGICA,VALIDAR_CON_AREA_ACADEMICA,AREA_ACADEMICA_O_DUENO_DEL_PROGRAMA,DEPENDE,DEPENDE,Campo de formulario o carga potencial: validar contra instructivo CNED antes de excluir o completar.
21,I162S2C124J4V1,,NOTAS_ENS_MEDIA,REVISAR_NOTAS_ENS_MEDIA_SIN_FUENTE,FORMULARIO_CNED_DESCONOCIDO,REVISAR,MEDIA,DUDA_METODOLOGICA,VALIDAR_CON_AREA_ACADEMICA,AREA_ACADEMICA_O_DUENO_DEL_PROGRAMA,DEPENDE,DEPENDE,Campo de formulario o carga potencial: validar contra instructivo CNED antes de excluir o completar.
21,I162S2C124J4V1,,PROMEDIO_MIN_ENS_MEDIA,REVISAR_PROMEDIO_MIN_ENS_MEDIA_SIN_FUENTE,FORMULARIO_CNED_DESCONOCIDO,REVISAR,MEDIA,DUDA_METODOLOGICA,NO_RESOLVER_AUTOMATICAMENTE,INSTRUCTIVO_CNED_Y_DECISION_INSTITUCIONAL,DEPENDE,DEPENDE,Campo de formulario o carga potencial: validar contra instructivo CNED antes de excluir o completar.
21,I162S2C124J4V1,,RECONOCIMIENTOS_APREN_PREVIOS,REVISAR_RECONOCIMIENTOS_APREN_PREVIOS_SIN_FUENTE,FORMULARIO_CNED_DESCONOCIDO,REVISAR,MEDIA,DUDA_METODOLOGICA,NO_RESOLVER_AUTOMATICAMENTE,INSTRUCTIVO_CNED_Y_DECISION_INSTITUCIONAL,DEPENDE,DEPENDE,Campo de formulario o carga potencial: validar contra instructivo CNED antes de excluir o completar.
21,I162S2C124J4V1,,EXPERIENCIA_LABORAL,REVISAR_EXPERIENCIA_LABORAL_SIN_FUENTE,FORMULARIO_CNED_DESCONOCIDO,REVISAR,MEDIA,DUDA_METODOLOGICA,VALIDAR_CON_AREA_ACADEMICA,AREA_ACADEMICA_O_DUENO_DEL_PROGRAMA,DEPENDE,DEPENDE,Campo de formulario o carga potencial: validar contra instructivo CNED antes de excluir o completar.
21,I162S2C124J4V1,,OTROS_REQUISITOS,REVISAR_OTROS_REQUISITOS_SIN_FUENTE,FORMULARIO_CNED_DESCONOCIDO,REVISAR,MEDIA,DUDA_METODOLOGICA,VALIDAR_CON_AREA_ACADEMICA,AREA_ACADEMICA_O_DUENO_DEL_PROGRAMA,DEPENDE,DEPENDE,Campo de formulario o carga potencial: validar contra instructivo CNED antes de excluir o completar.
21,I162S2C124J4V1,,MAIL_DIFUSION_CARRERA,REVISAR_MAIL_DIFUSION_CARRERA_SIN_FUENTE,FORMULARIO_CNED_DESCONOCIDO,REVISAR,MEDIA,DUDA_METODOLOGICA,NO_RESOLVER_AUTOMATICAMENTE,INSTRUCTIVO_CNED_Y_DECISION_INSTITUCIONAL,DEPENDE,DEPENDE,Campo de formulario o carga potencial: validar contra instructivo CNED antes de excluir o completar.
21,I162S2C124J4V1,,FORMATO_VALOR,REVISAR_FORMATO_VALOR_SIN_FUENTE,FORMULARIO_CNED_DESCONOCIDO,REVISAR,MEDIA,DUDA_METODOLOGICA,VALIDAR_CON_FINANZAS_ARANCELES,FINANZAS_ARANCELES_INSTITUCIONAL,DEPENDE,DEPENDE,Requiere fuente monetaria explicita; no usar cero ni inferencias.
21,I162S2C124J4V1,,VALOR_MATRICULA_ANUAL,REVISAR_VALOR_MATRICULA_ANUAL_SIN_FUENTE,FORMULARIO_CNED_DESCONOCIDO,REVISAR,MEDIA,DUDA_METODOLOGICA,VALIDAR_CON_FINANZAS_ARANCELES,FINANZAS_ARANCELES_INSTITUCIONAL,DEPENDE,DEPENDE,Requiere fuente monetaria explicita; no usar cero ni inferencias.
21,I162S2C124J4V1,,COSTO_TITULACION,REVISAR_COSTO_TITULACION_SIN_FUENTE,FORMULARIO_CNED_DESCONOCIDO,REVISAR,MEDIA,DUDA_METODOLOGICA,VALIDAR_CON_FINANZAS_ARANCELES,FINANZAS_ARANCELES_INSTITUCIONAL,DEPENDE,DEPENDE,Requiere fuente monetaria explicita; no usar cero ni inferencias.
21,I162S2C124J4V1,,VALOR_CERTIFICADO_DIPLOMA,REVISAR_VALOR_CERTIFICADO_DIPLOMA_SIN_FUENTE,FORMULARIO_CNED_DESCONOCIDO,REVISAR,MEDIA,DUDA_METODOLOGICA,VALIDAR_CON_FINANZAS_ARANCELES,FINANZAS_ARANCELES_INSTITUCIONAL,DEPENDE,DEPENDE,Requiere fuente monetaria explicita; no usar cero ni inferencias.
21,I162S2C124J4V1,,ARANCEL_ANUAL,REVISAR_ARANCEL_ANUAL_SIN_FUENTE,FORMULARIO_CNED_DESCONOCIDO,REVISAR,MEDIA,DUDA_METODOLOGICA,VALIDAR_CON_FINANZAS_ARANCELES,FINANZAS_ARANCELES_INSTITUCIONAL,DEPENDE,DEPENDE,Requiere fuente monetaria explicita; no usar cero ni inferencias.
21,I162S2C124J4V1,,VIGENCIA_CARRERA,REVISAR_VIGENCIA_CARRERA_SIN_FUENTE_DIRECTA,OFICIAL_PROBABLE,REVISAR,ALTA,CAMPO_PENDIENTE_REAL,VALIDAR_CON_REGISTRO_CURRICULAR,REGISTRO_CURRICULAR_OFERTA_OFICIAL,SI,NO,Campo estructural/oficial: no resolver sin fuente institucional.
21,I162S2C124J4V1,,CNED_ESTADO_AUDITORIA,REQUIERE_REVISION,AUXILIAR_TECNICA,REVISION,BAJA,MARCA_TECNICA_REMOVIBLE,EXCLUIR_DE_ARCHIVO_CARGA_SI_ES_AUXILIAR,TRAZABILIDAD_INTERNA_CNED,NO,SI,No debe ir en archivo de carga; conservar en trazabilidad.
21,I162S2C124J4V1,,CNED_ALERTAS,CONTIENE_MARCAS_TECNICAS_DE_REVISION,AUXILIAR_TECNICA,REVISION,BAJA,MARCA_TECNICA_REMOVIBLE,EXCLUIR_DE_ARCHIVO_CARGA_SI_ES_AUXILIAR,TRAZABILIDAD_INTERNA_CNED,NO,SI,No debe ir en archivo de carga; conservar en trazabilidad.
21,I162S2C124J4V1,,CNED_PUEDE_SUBIR_PRELIMINAR,REVISAR,AUXILIAR_TECNICA,REVISAR,BAJA,MARCA_TECNICA_REMOVIBLE,EXCLUIR_DE_ARCHIVO_CARGA_SI_ES_AUXILIAR,TRAZABILIDAD_INTERNA_CNED,NO,SI,No debe ir en archivo de carga; conservar en trazabilidad.
22,I162S2C124J4V2,,Detalle del Tipo de Programa (especiales),REVISAR_DETALLE_PROGRAMA_ESPECIAL,FORMULARIO_CNED_DESCONOCIDO,REVISAR,MEDIA,DUDA_METODOLOGICA,NO_RESOLVER_AUTOMATICAMENTE,INSTRUCTIVO_CNED_Y_DECISION_INSTITUCIONAL,DEPENDE,DEPENDE,Campo de formulario o carga potencial: validar contra instructivo CNED antes de excluir o completar.
22,I162S2C124J4V2,,Área del Conocimiento,REVISAR_AREA_CODIGO_9,FORMULARIO_CNED_DESCONOCIDO,REVISAR,MEDIA,DUDA_METODOLOGICA,REQUIERE_DECISION_INSTITUCIONAL,AREA_ACADEMICA_O_DUENO_DEL_PROGRAMA,DEPENDE,DEPENDE,Campo de formulario o carga potencial: validar contra instructivo CNED antes de excluir o completar.
22,I162S2C124J4V2,,Sub Área,REVISAR_SUB_AREA_SIN_FUENTE_DIRECTA,FORMULARIO_CNED_DESCONOCIDO,REVISAR,MEDIA,DUDA_METODOLOGICA,REQUIERE_DECISION_INSTITUCIONAL,AREA_ACADEMICA_O_DUENO_DEL_PROGRAMA,DEPENDE,DEPENDE,Campo de formulario o carga potencial: validar contra instructivo CNED antes de excluir o completar.
22,I162S2C124J4V2,,Carrera Genérica,REVISAR_CARRERA_GENERICA_SIN_FUENTE_DIRECTA,FORMULARIO_CNED_DESCONOCIDO,REVISAR,MEDIA,DUDA_METODOLOGICA,REQUIERE_DECISION_INSTITUCIONAL,AREA_ACADEMICA_O_DUENO_DEL_PROGRAMA,DEPENDE,DEPENDE,Campo de formulario o carga potencial: validar contra instructivo CNED antes de excluir o completar.
22,I162S2C124J4V2,,Grado Académico que otorga el programa,REVISAR_GRADO_ACADEMICO_SIN_FUENTE_DIRECTA,FORMULARIO_CNED_DESCONOCIDO,REVISAR,MEDIA,DUDA_METODOLOGICA,NO_RESOLVER_AUTOMATICAMENTE,INSTRUCTIVO_CNED_Y_DECISION_INSTITUCIONAL,DEPENDE,DEPENDE,Campo de formulario o carga potencial: validar contra instructivo CNED antes de excluir o completar.
22,I162S2C124J4V2,,Dependencia,REVISAR_DEPENDENCIA_SIN_FUENTE_DIRECTA,FORMULARIO_CNED_DESCONOCIDO,REVISAR,MEDIA,DUDA_METODOLOGICA,REQUIERE_DECISION_INSTITUCIONAL,AREA_ACADEMICA_O_DUENO_DEL_PROGRAMA,DEPENDE,DEPENDE,Campo de formulario o carga potencial: validar contra instructivo CNED antes de excluir o completar.
22,I162S2C124J4V2,,Régimen,REVISAR_REGIMEN_CODIGO_2,OFICIAL_PROBABLE,REVISAR,ALTA,CAMPO_PENDIENTE_REAL,VALIDAR_CON_REGISTRO_CURRICULAR,REGISTRO_CURRICULAR_OFERTA_OFICIAL,SI,NO,Campo estructural/oficial: no resolver sin fuente institucional.
22,I162S2C124J4V2,,Ingreso Directo,REVISAR_INGRESO_DIRECTO_CODIGO_REQUISITO_INGRESO_2_SEMESTRES_RECONOCIDOS_5,FORMULARIO_CNED_DESCONOCIDO,REVISAR,MEDIA,DUDA_METODOLOGICA,VALIDAR_CON_AREA_ACADEMICA,AREA_ACADEMICA_O_DUENO_DEL_PROGRAMA,DEPENDE,DEPENDE,Campo de formulario o carga potencial: validar contra instructivo CNED antes de excluir o completar.
22,I162S2C124J4V2,,Otro Tipo de Ingreso,REVISAR_OTRO_TIPO_INGRESO_CODIGO_REQUISITO_INGRESO_2_SEMESTRES_RECONOCIDOS_5,FORMULARIO_CNED_DESCONOCIDO,REVISAR,MEDIA,DUDA_METODOLOGICA,VALIDAR_CON_AREA_ACADEMICA,AREA_ACADEMICA_O_DUENO_DEL_PROGRAMA,DEPENDE,DEPENDE,Campo de formulario o carga potencial: validar contra instructivo CNED antes de excluir o completar.
22,I162S2C124J4V2,,Ingreso otro,REVISAR_DESCRIPCION_OTRO_INGRESO_SIN_TEXTO_FUENTE,FORMULARIO_CNED_DESCONOCIDO,REVISAR,MEDIA,DUDA_METODOLOGICA,VALIDAR_CON_AREA_ACADEMICA,AREA_ACADEMICA_O_DUENO_DEL_PROGRAMA,DEPENDE,DEPENDE,Campo de formulario o carga potencial: validar contra instructivo CNED antes de excluir o completar.
22,I162S2C124J4V2,,Observaciones,Crear según matriz PROMEDIOSDEALUMNOS_7804.xlsx / hoja matriz; conciliado contra diccionario oferta 2026; no encontrado en listado existente INDICES por CODIGO_UNICO; campos sin fuente directa quedan con revisión específica.,FORMULARIO_CNED_DESCONOCIDO,REVISION,MEDIA,OBSERVACION_INSTITUCIONAL,MANTENER_SOLO_COMO_TRAZABILIDAD,INSTRUCTIVO_CNED_Y_DECISION_INSTITUCIONAL,DEPENDE,DEPENDE,Campo de formulario o carga potencial: validar contra instructivo CNED antes de excluir o completar.
22,I162S2C124J4V2,,FECHA_ADMISION_INICIAL,REVISAR_FECHA_ADMISION_INICIAL_SIN_FUENTE,FORMULARIO_CNED_DESCONOCIDO,REVISAR,MEDIA,DUDA_METODOLOGICA,NO_RESOLVER_AUTOMATICAMENTE,INSTRUCTIVO_CNED_Y_DECISION_INSTITUCIONAL,DEPENDE,DEPENDE,Campo de formulario o carga potencial: validar contra instructivo CNED antes de excluir o completar.
22,I162S2C124J4V2,,MALLA_CURRICULAR,REVISAR_MALLA_CURRICULAR_SIN_FUENTE,FORMULARIO_CNED_DESCONOCIDO,REVISAR,MEDIA,DUDA_METODOLOGICA,VALIDAR_CON_AREA_ACADEMICA,AREA_ACADEMICA_O_DUENO_DEL_PROGRAMA,DEPENDE,DEPENDE,Campo de formulario o carga potencial: validar contra instructivo CNED antes de excluir o completar.
22,I162S2C124J4V2,,PERFIL_EGRESO,REVISAR_PERFIL_EGRESO_SIN_FUENTE,FORMULARIO_CNED_DESCONOCIDO,REVISAR,MEDIA,DUDA_METODOLOGICA,VALIDAR_CON_AREA_ACADEMICA,AREA_ACADEMICA_O_DUENO_DEL_PROGRAMA,DEPENDE,DEPENDE,Campo de formulario o carga potencial: validar contra instructivo CNED antes de excluir o completar.
22,I162S2C124J4V2,,TEXTO_REQUISITO_INGRESO,REVISAR_TEXTO_REQUISITO_INGRESO_SIN_FUENTE,FORMULARIO_CNED_DESCONOCIDO,REVISAR,MEDIA,DUDA_METODOLOGICA,VALIDAR_CON_AREA_ACADEMICA,AREA_ACADEMICA_O_DUENO_DEL_PROGRAMA,DEPENDE,DEPENDE,Campo de formulario o carga potencial: validar contra instructivo CNED antes de excluir o completar.
22,I162S2C124J4V2,,LICENCIA_ENS_MEDIA,REVISAR_LICENCIA_ENS_MEDIA_SIN_FUENTE,FORMULARIO_CNED_DESCONOCIDO,REVISAR,MEDIA,DUDA_METODOLOGICA,VALIDAR_CON_AREA_ACADEMICA,AREA_ACADEMICA_O_DUENO_DEL_PROGRAMA,DEPENDE,DEPENDE,Campo de formulario o carga potencial: validar contra instructivo CNED antes de excluir o completar.
22,I162S2C124J4V2,,NOTAS_ENS_MEDIA,REVISAR_NOTAS_ENS_MEDIA_SIN_FUENTE,FORMULARIO_CNED_DESCONOCIDO,REVISAR,MEDIA,DUDA_METODOLOGICA,VALIDAR_CON_AREA_ACADEMICA,AREA_ACADEMICA_O_DUENO_DEL_PROGRAMA,DEPENDE,DEPENDE,Campo de formulario o carga potencial: validar contra instructivo CNED antes de excluir o completar.
22,I162S2C124J4V2,,PROMEDIO_MIN_ENS_MEDIA,REVISAR_PROMEDIO_MIN_ENS_MEDIA_SIN_FUENTE,FORMULARIO_CNED_DESCONOCIDO,REVISAR,MEDIA,DUDA_METODOLOGICA,NO_RESOLVER_AUTOMATICAMENTE,INSTRUCTIVO_CNED_Y_DECISION_INSTITUCIONAL,DEPENDE,DEPENDE,Campo de formulario o carga potencial: validar contra instructivo CNED antes de excluir o completar.
22,I162S2C124J4V2,,RECONOCIMIENTOS_APREN_PREVIOS,REVISAR_RECONOCIMIENTOS_APREN_PREVIOS_SIN_FUENTE,FORMULARIO_CNED_DESCONOCIDO,REVISAR,MEDIA,DUDA_METODOLOGICA,NO_RESOLVER_AUTOMATICAMENTE,INSTRUCTIVO_CNED_Y_DECISION_INSTITUCIONAL,DEPENDE,DEPENDE,Campo de formulario o carga potencial: validar contra instructivo CNED antes de excluir o completar.
22,I162S2C124J4V2,,EXPERIENCIA_LABORAL,REVISAR_EXPERIENCIA_LABORAL_SIN_FUENTE,FORMULARIO_CNED_DESCONOCIDO,REVISAR,MEDIA,DUDA_METODOLOGICA,VALIDAR_CON_AREA_ACADEMICA,AREA_ACADEMICA_O_DUENO_DEL_PROGRAMA,DEPENDE,DEPENDE,Campo de formulario o carga potencial: validar contra instructivo CNED antes de excluir o completar.
22,I162S2C124J4V2,,OTROS_REQUISITOS,REVISAR_OTROS_REQUISITOS_SIN_FUENTE,FORMULARIO_CNED_DESCONOCIDO,REVISAR,MEDIA,DUDA_METODOLOGICA,VALIDAR_CON_AREA_ACADEMICA,AREA_ACADEMICA_O_DUENO_DEL_PROGRAMA,DEPENDE,DEPENDE,Campo de formulario o carga potencial: validar contra instructivo CNED antes de excluir o completar.
22,I162S2C124J4V2,,MAIL_DIFUSION_CARRERA,REVISAR_MAIL_DIFUSION_CARRERA_SIN_FUENTE,FORMULARIO_CNED_DESCONOCIDO,REVISAR,MEDIA,DUDA_METODOLOGICA,NO_RESOLVER_AUTOMATICAMENTE,INSTRUCTIVO_CNED_Y_DECISION_INSTITUCIONAL,DEPENDE,DEPENDE,Campo de formulario o carga potencial: validar contra instructivo CNED antes de excluir o completar.
22,I162S2C124J4V2,,FORMATO_VALOR,REVISAR_FORMATO_VALOR_SIN_FUENTE,FORMULARIO_CNED_DESCONOCIDO,REVISAR,MEDIA,DUDA_METODOLOGICA,VALIDAR_CON_FINANZAS_ARANCELES,FINANZAS_ARANCELES_INSTITUCIONAL,DEPENDE,DEPENDE,Requiere fuente monetaria explicita; no usar cero ni inferencias.
22,I162S2C124J4V2,,VALOR_MATRICULA_ANUAL,REVISAR_VALOR_MATRICULA_ANUAL_SIN_FUENTE,FORMULARIO_CNED_DESCONOCIDO,REVISAR,MEDIA,DUDA_METODOLOGICA,VALIDAR_CON_FINANZAS_ARANCELES,FINANZAS_ARANCELES_INSTITUCIONAL,DEPENDE,DEPENDE,Requiere fuente monetaria explicita; no usar cero ni inferencias.
22,I162S2C124J4V2,,COSTO_TITULACION,REVISAR_COSTO_TITULACION_SIN_FUENTE,FORMULARIO_CNED_DESCONOCIDO,REVISAR,MEDIA,DUDA_METODOLOGICA,VALIDAR_CON_FINANZAS_ARANCELES,FINANZAS_ARANCELES_INSTITUCIONAL,DEPENDE,DEPENDE,Requiere fuente monetaria explicita; no usar cero ni inferencias.
22,I162S2C124J4V2,,VALOR_CERTIFICADO_DIPLOMA,REVISAR_VALOR_CERTIFICADO_DIPLOMA_SIN_FUENTE,FORMULARIO_CNED_DESCONOCIDO,REVISAR,MEDIA,DUDA_METODOLOGICA,VALIDAR_CON_FINANZAS_ARANCELES,FINANZAS_ARANCELES_INSTITUCIONAL,DEPENDE,DEPENDE,Requiere fuente monetaria explicita; no usar cero ni inferencias.
22,I162S2C124J4V2,,ARANCEL_ANUAL,REVISAR_ARANCEL_ANUAL_SIN_FUENTE,FORMULARIO_CNED_DESCONOCIDO,REVISAR,MEDIA,DUDA_METODOLOGICA,VALIDAR_CON_FINANZAS_ARANCELES,FINANZAS_ARANCELES_INSTITUCIONAL,DEPENDE,DEPENDE,Requiere fuente monetaria explicita; no usar cero ni inferencias.
22,I162S2C124J4V2,,VIGENCIA_CARRERA,REVISAR_VIGENCIA_CARRERA_SIN_FUENTE_DIRECTA,OFICIAL_PROBABLE,REVISAR,ALTA,CAMPO_PENDIENTE_REAL,VALIDAR_CON_REGISTRO_CURRICULAR,REGISTRO_CURRICULAR_OFERTA_OFICIAL,SI,NO,Campo estructural/oficial: no resolver sin fuente institucional.
22,I162S2C124J4V2,,CNED_ESTADO_AUDITORIA,REQUIERE_REVISION,AUXILIAR_TECNICA,REVISION,BAJA,MARCA_TECNICA_REMOVIBLE,EXCLUIR_DE_ARCHIVO_CARGA_SI_ES_AUXILIAR,TRAZABILIDAD_INTERNA_CNED,NO,SI,No debe ir en archivo de carga; conservar en trazabilidad.
22,I162S2C124J4V2,,CNED_ALERTAS,CONTIENE_MARCAS_TECNICAS_DE_REVISION,AUXILIAR_TECNICA,REVISION,BAJA,MARCA_TECNICA_REMOVIBLE,EXCLUIR_DE_ARCHIVO_CARGA_SI_ES_AUXILIAR,TRAZABILIDAD_INTERNA_CNED,NO,SI,No debe ir en archivo de carga; conservar en trazabilidad.
22,I162S2C124J4V2,,CNED_PUEDE_SUBIR_PRELIMINAR,REVISAR,AUXILIAR_TECNICA,REVISAR,BAJA,MARCA_TECNICA_REMOVIBLE,EXCLUIR_DE_ARCHIVO_CARGA_SI_ES_AUXILIAR,TRAZABILIDAD_INTERNA_CNED,NO,SI,No debe ir en archivo de carga; conservar en trazabilidad.
23,I162S2C125J4V1,,Área del Conocimiento,REVISAR_AREA_CODIGO_9,FORMULARIO_CNED_DESCONOCIDO,REVISAR,MEDIA,DUDA_METODOLOGICA,REQUIERE_DECISION_INSTITUCIONAL,AREA_ACADEMICA_O_DUENO_DEL_PROGRAMA,DEPENDE,DEPENDE,Campo de formulario o carga potencial: validar contra instructivo CNED antes de excluir o completar.
23,I162S2C125J4V1,,Sub Área,REVISAR_SUB_AREA_SIN_FUENTE_DIRECTA,FORMULARIO_CNED_DESCONOCIDO,REVISAR,MEDIA,DUDA_METODOLOGICA,REQUIERE_DECISION_INSTITUCIONAL,AREA_ACADEMICA_O_DUENO_DEL_PROGRAMA,DEPENDE,DEPENDE,Campo de formulario o carga potencial: validar contra instructivo CNED antes de excluir o completar.
23,I162S2C125J4V1,,Carrera Genérica,REVISAR_CARRERA_GENERICA_SIN_FUENTE_DIRECTA,FORMULARIO_CNED_DESCONOCIDO,REVISAR,MEDIA,DUDA_METODOLOGICA,REQUIERE_DECISION_INSTITUCIONAL,AREA_ACADEMICA_O_DUENO_DEL_PROGRAMA,DEPENDE,DEPENDE,Campo de formulario o carga potencial: validar contra instructivo CNED antes de excluir o completar.
23,I162S2C125J4V1,,Grado Académico que otorga el programa,REVISAR_GRADO_ACADEMICO_SIN_FUENTE_DIRECTA,FORMULARIO_CNED_DESCONOCIDO,REVISAR,MEDIA,DUDA_METODOLOGICA,NO_RESOLVER_AUTOMATICAMENTE,INSTRUCTIVO_CNED_Y_DECISION_INSTITUCIONAL,DEPENDE,DEPENDE,Campo de formulario o carga potencial: validar contra instructivo CNED antes de excluir o completar.
23,I162S2C125J4V1,,Dependencia,REVISAR_DEPENDENCIA_SIN_FUENTE_DIRECTA,FORMULARIO_CNED_DESCONOCIDO,REVISAR,MEDIA,DUDA_METODOLOGICA,REQUIERE_DECISION_INSTITUCIONAL,AREA_ACADEMICA_O_DUENO_DEL_PROGRAMA,DEPENDE,DEPENDE,Campo de formulario o carga potencial: validar contra instructivo CNED antes de excluir o completar.
23,I162S2C125J4V1,,Régimen,REVISAR_REGIMEN_CODIGO_2,OFICIAL_PROBABLE,REVISAR,ALTA,CAMPO_PENDIENTE_REAL,VALIDAR_CON_REGISTRO_CURRICULAR,REGISTRO_CURRICULAR_OFERTA_OFICIAL,SI,NO,Campo estructural/oficial: no resolver sin fuente institucional.
23,I162S2C125J4V1,,Ingreso Directo,REVISAR_INGRESO_DIRECTO_CODIGO_REQUISITO_INGRESO_1,FORMULARIO_CNED_DESCONOCIDO,REVISAR,MEDIA,DUDA_METODOLOGICA,VALIDAR_CON_AREA_ACADEMICA,AREA_ACADEMICA_O_DUENO_DEL_PROGRAMA,DEPENDE,DEPENDE,Campo de formulario o carga potencial: validar contra instructivo CNED antes de excluir o completar.
23,I162S2C125J4V1,,Observaciones,Crear según matriz PROMEDIOSDEALUMNOS_7804.xlsx / hoja matriz; conciliado contra diccionario oferta 2026; no encontrado en listado existente INDICES por CODIGO_UNICO; campos sin fuente directa quedan con revisión específica.,FORMULARIO_CNED_DESCONOCIDO,REVISION,MEDIA,OBSERVACION_INSTITUCIONAL,MANTENER_SOLO_COMO_TRAZABILIDAD,INSTRUCTIVO_CNED_Y_DECISION_INSTITUCIONAL,DEPENDE,DEPENDE,Campo de formulario o carga potencial: validar contra instructivo CNED antes de excluir o completar.
23,I162S2C125J4V1,,FECHA_ADMISION_INICIAL,REVISAR_FECHA_ADMISION_INICIAL_SIN_FUENTE,FORMULARIO_CNED_DESCONOCIDO,REVISAR,MEDIA,DUDA_METODOLOGICA,NO_RESOLVER_AUTOMATICAMENTE,INSTRUCTIVO_CNED_Y_DECISION_INSTITUCIONAL,DEPENDE,DEPENDE,Campo de formulario o carga potencial: validar contra instructivo CNED antes de excluir o completar.
23,I162S2C125J4V1,,MALLA_CURRICULAR,REVISAR_MALLA_CURRICULAR_SIN_FUENTE,FORMULARIO_CNED_DESCONOCIDO,REVISAR,MEDIA,DUDA_METODOLOGICA,VALIDAR_CON_AREA_ACADEMICA,AREA_ACADEMICA_O_DUENO_DEL_PROGRAMA,DEPENDE,DEPENDE,Campo de formulario o carga potencial: validar contra instructivo CNED antes de excluir o completar.
23,I162S2C125J4V1,,PERFIL_EGRESO,REVISAR_PERFIL_EGRESO_SIN_FUENTE,FORMULARIO_CNED_DESCONOCIDO,REVISAR,MEDIA,DUDA_METODOLOGICA,VALIDAR_CON_AREA_ACADEMICA,AREA_ACADEMICA_O_DUENO_DEL_PROGRAMA,DEPENDE,DEPENDE,Campo de formulario o carga potencial: validar contra instructivo CNED antes de excluir o completar.
23,I162S2C125J4V1,,TEXTO_REQUISITO_INGRESO,REVISAR_TEXTO_REQUISITO_INGRESO_SIN_FUENTE,FORMULARIO_CNED_DESCONOCIDO,REVISAR,MEDIA,DUDA_METODOLOGICA,VALIDAR_CON_AREA_ACADEMICA,AREA_ACADEMICA_O_DUENO_DEL_PROGRAMA,DEPENDE,DEPENDE,Campo de formulario o carga potencial: validar contra instructivo CNED antes de excluir o completar.
23,I162S2C125J4V1,,LICENCIA_ENS_MEDIA,REVISAR_LICENCIA_ENS_MEDIA_SIN_FUENTE,FORMULARIO_CNED_DESCONOCIDO,REVISAR,MEDIA,DUDA_METODOLOGICA,VALIDAR_CON_AREA_ACADEMICA,AREA_ACADEMICA_O_DUENO_DEL_PROGRAMA,DEPENDE,DEPENDE,Campo de formulario o carga potencial: validar contra instructivo CNED antes de excluir o completar.
23,I162S2C125J4V1,,NOTAS_ENS_MEDIA,REVISAR_NOTAS_ENS_MEDIA_SIN_FUENTE,FORMULARIO_CNED_DESCONOCIDO,REVISAR,MEDIA,DUDA_METODOLOGICA,VALIDAR_CON_AREA_ACADEMICA,AREA_ACADEMICA_O_DUENO_DEL_PROGRAMA,DEPENDE,DEPENDE,Campo de formulario o carga potencial: validar contra instructivo CNED antes de excluir o completar.
23,I162S2C125J4V1,,PROMEDIO_MIN_ENS_MEDIA,REVISAR_PROMEDIO_MIN_ENS_MEDIA_SIN_FUENTE,FORMULARIO_CNED_DESCONOCIDO,REVISAR,MEDIA,DUDA_METODOLOGICA,NO_RESOLVER_AUTOMATICAMENTE,INSTRUCTIVO_CNED_Y_DECISION_INSTITUCIONAL,DEPENDE,DEPENDE,Campo de formulario o carga potencial: validar contra instructivo CNED antes de excluir o completar.
23,I162S2C125J4V1,,RECONOCIMIENTOS_APREN_PREVIOS,REVISAR_RECONOCIMIENTOS_APREN_PREVIOS_SIN_FUENTE,FORMULARIO_CNED_DESCONOCIDO,REVISAR,MEDIA,DUDA_METODOLOGICA,NO_RESOLVER_AUTOMATICAMENTE,INSTRUCTIVO_CNED_Y_DECISION_INSTITUCIONAL,DEPENDE,DEPENDE,Campo de formulario o carga potencial: validar contra instructivo CNED antes de excluir o completar.
23,I162S2C125J4V1,,EXPERIENCIA_LABORAL,REVISAR_EXPERIENCIA_LABORAL_SIN_FUENTE,FORMULARIO_CNED_DESCONOCIDO,REVISAR,MEDIA,DUDA_METODOLOGICA,VALIDAR_CON_AREA_ACADEMICA,AREA_ACADEMICA_O_DUENO_DEL_PROGRAMA,DEPENDE,DEPENDE,Campo de formulario o carga potencial: validar contra instructivo CNED antes de excluir o completar.
23,I162S2C125J4V1,,OTROS_REQUISITOS,REVISAR_OTROS_REQUISITOS_SIN_FUENTE,FORMULARIO_CNED_DESCONOCIDO,REVISAR,MEDIA,DUDA_METODOLOGICA,VALIDAR_CON_AREA_ACADEMICA,AREA_ACADEMICA_O_DUENO_DEL_PROGRAMA,DEPENDE,DEPENDE,Campo de formulario o carga potencial: validar contra instructivo CNED antes de excluir o completar.
23,I162S2C125J4V1,,MAIL_DIFUSION_CARRERA,REVISAR_MAIL_DIFUSION_CARRERA_SIN_FUENTE,FORMULARIO_CNED_DESCONOCIDO,REVISAR,MEDIA,DUDA_METODOLOGICA,NO_RESOLVER_AUTOMATICAMENTE,INSTRUCTIVO_CNED_Y_DECISION_INSTITUCIONAL,DEPENDE,DEPENDE,Campo de formulario o carga potencial: validar contra instructivo CNED antes de excluir o completar.
23,I162S2C125J4V1,,FORMATO_VALOR,REVISAR_FORMATO_VALOR_SIN_FUENTE,FORMULARIO_CNED_DESCONOCIDO,REVISAR,MEDIA,DUDA_METODOLOGICA,VALIDAR_CON_FINANZAS_ARANCELES,FINANZAS_ARANCELES_INSTITUCIONAL,DEPENDE,DEPENDE,Requiere fuente monetaria explicita; no usar cero ni inferencias.
23,I162S2C125J4V1,,VALOR_MATRICULA_ANUAL,REVISAR_VALOR_MATRICULA_ANUAL_SIN_FUENTE,FORMULARIO_CNED_DESCONOCIDO,REVISAR,MEDIA,DUDA_METODOLOGICA,VALIDAR_CON_FINANZAS_ARANCELES,FINANZAS_ARANCELES_INSTITUCIONAL,DEPENDE,DEPENDE,Requiere fuente monetaria explicita; no usar cero ni inferencias.
23,I162S2C125J4V1,,COSTO_TITULACION,REVISAR_COSTO_TITULACION_SIN_FUENTE,FORMULARIO_CNED_DESCONOCIDO,REVISAR,MEDIA,DUDA_METODOLOGICA,VALIDAR_CON_FINANZAS_ARANCELES,FINANZAS_ARANCELES_INSTITUCIONAL,DEPENDE,DEPENDE,Requiere fuente monetaria explicita; no usar cero ni inferencias.
23,I162S2C125J4V1,,VALOR_CERTIFICADO_DIPLOMA,REVISAR_VALOR_CERTIFICADO_DIPLOMA_SIN_FUENTE,FORMULARIO_CNED_DESCONOCIDO,REVISAR,MEDIA,DUDA_METODOLOGICA,VALIDAR_CON_FINANZAS_ARANCELES,FINANZAS_ARANCELES_INSTITUCIONAL,DEPENDE,DEPENDE,Requiere fuente monetaria explicita; no usar cero ni inferencias.
23,I162S2C125J4V1,,ARANCEL_ANUAL,REVISAR_ARANCEL_ANUAL_SIN_FUENTE,FORMULARIO_CNED_DESCONOCIDO,REVISAR,MEDIA,DUDA_METODOLOGICA,VALIDAR_CON_FINANZAS_ARANCELES,FINANZAS_ARANCELES_INSTITUCIONAL,DEPENDE,DEPENDE,Requiere fuente monetaria explicita; no usar cero ni inferencias.
23,I162S2C125J4V1,,VIGENCIA_CARRERA,REVISAR_VIGENCIA_CARRERA_SIN_FUENTE_DIRECTA,OFICIAL_PROBABLE,REVISAR,ALTA,CAMPO_PENDIENTE_REAL,VALIDAR_CON_REGISTRO_CURRICULAR,REGISTRO_CURRICULAR_OFERTA_OFICIAL,SI,NO,Campo estructural/oficial: no resolver sin fuente institucional.
23,I162S2C125J4V1,,CNED_ESTADO_AUDITORIA,REQUIERE_REVISION,AUXILIAR_TECNICA,REVISION,BAJA,MARCA_TECNICA_REMOVIBLE,EXCLUIR_DE_ARCHIVO_CARGA_SI_ES_AUXILIAR,TRAZABILIDAD_INTERNA_CNED,NO,SI,No debe ir en archivo de carga; conservar en trazabilidad.
23,I162S2C125J4V1,,CNED_ALERTAS,CONTIENE_MARCAS_TECNICAS_DE_REVISION,AUXILIAR_TECNICA,REVISION,BAJA,MARCA_TECNICA_REMOVIBLE,EXCLUIR_DE_ARCHIVO_CARGA_SI_ES_AUXILIAR,TRAZABILIDAD_INTERNA_CNED,NO,SI,No debe ir en archivo de carga; conservar en trazabilidad.
23,I162S2C125J4V1,,CNED_PUEDE_SUBIR_PRELIMINAR,REVISAR,AUXILIAR_TECNICA,REVISAR,BAJA,MARCA_TECNICA_REMOVIBLE,EXCLUIR_DE_ARCHIVO_CARGA_SI_ES_AUXILIAR,TRAZABILIDAD_INTERNA_CNED,NO,SI,No debe ir en archivo de carga; conservar en trazabilidad.
24,I162S2C125J4V2,,Detalle del Tipo de Programa (especiales),REVISAR_DETALLE_PROGRAMA_ESPECIAL,FORMULARIO_CNED_DESCONOCIDO,REVISAR,MEDIA,DUDA_METODOLOGICA,NO_RESOLVER_AUTOMATICAMENTE,INSTRUCTIVO_CNED_Y_DECISION_INSTITUCIONAL,DEPENDE,DEPENDE,Campo de formulario o carga potencial: validar contra instructivo CNED antes de excluir o completar.
24,I162S2C125J4V2,,Área del Conocimiento,REVISAR_AREA_CODIGO_9,FORMULARIO_CNED_DESCONOCIDO,REVISAR,MEDIA,DUDA_METODOLOGICA,REQUIERE_DECISION_INSTITUCIONAL,AREA_ACADEMICA_O_DUENO_DEL_PROGRAMA,DEPENDE,DEPENDE,Campo de formulario o carga potencial: validar contra instructivo CNED antes de excluir o completar.
24,I162S2C125J4V2,,Sub Área,REVISAR_SUB_AREA_SIN_FUENTE_DIRECTA,FORMULARIO_CNED_DESCONOCIDO,REVISAR,MEDIA,DUDA_METODOLOGICA,REQUIERE_DECISION_INSTITUCIONAL,AREA_ACADEMICA_O_DUENO_DEL_PROGRAMA,DEPENDE,DEPENDE,Campo de formulario o carga potencial: validar contra instructivo CNED antes de excluir o completar.
24,I162S2C125J4V2,,Carrera Genérica,REVISAR_CARRERA_GENERICA_SIN_FUENTE_DIRECTA,FORMULARIO_CNED_DESCONOCIDO,REVISAR,MEDIA,DUDA_METODOLOGICA,REQUIERE_DECISION_INSTITUCIONAL,AREA_ACADEMICA_O_DUENO_DEL_PROGRAMA,DEPENDE,DEPENDE,Campo de formulario o carga potencial: validar contra instructivo CNED antes de excluir o completar.
24,I162S2C125J4V2,,Grado Académico que otorga el programa,REVISAR_GRADO_ACADEMICO_SIN_FUENTE_DIRECTA,FORMULARIO_CNED_DESCONOCIDO,REVISAR,MEDIA,DUDA_METODOLOGICA,NO_RESOLVER_AUTOMATICAMENTE,INSTRUCTIVO_CNED_Y_DECISION_INSTITUCIONAL,DEPENDE,DEPENDE,Campo de formulario o carga potencial: validar contra instructivo CNED antes de excluir o completar.
24,I162S2C125J4V2,,Dependencia,REVISAR_DEPENDENCIA_SIN_FUENTE_DIRECTA,FORMULARIO_CNED_DESCONOCIDO,REVISAR,MEDIA,DUDA_METODOLOGICA,REQUIERE_DECISION_INSTITUCIONAL,AREA_ACADEMICA_O_DUENO_DEL_PROGRAMA,DEPENDE,DEPENDE,Campo de formulario o carga potencial: validar contra instructivo CNED antes de excluir o completar.
24,I162S2C125J4V2,,Régimen,REVISAR_REGIMEN_CODIGO_2,OFICIAL_PROBABLE,REVISAR,ALTA,CAMPO_PENDIENTE_REAL,VALIDAR_CON_REGISTRO_CURRICULAR,REGISTRO_CURRICULAR_OFERTA_OFICIAL,SI,NO,Campo estructural/oficial: no resolver sin fuente institucional.
24,I162S2C125J4V2,,Ingreso Directo,REVISAR_INGRESO_DIRECTO_CODIGO_REQUISITO_INGRESO_2_SEMESTRES_RECONOCIDOS_5,FORMULARIO_CNED_DESCONOCIDO,REVISAR,MEDIA,DUDA_METODOLOGICA,VALIDAR_CON_AREA_ACADEMICA,AREA_ACADEMICA_O_DUENO_DEL_PROGRAMA,DEPENDE,DEPENDE,Campo de formulario o carga potencial: validar contra instructivo CNED antes de excluir o completar.
24,I162S2C125J4V2,,Otro Tipo de Ingreso,REVISAR_OTRO_TIPO_INGRESO_CODIGO_REQUISITO_INGRESO_2_SEMESTRES_RECONOCIDOS_5,FORMULARIO_CNED_DESCONOCIDO,REVISAR,MEDIA,DUDA_METODOLOGICA,VALIDAR_CON_AREA_ACADEMICA,AREA_ACADEMICA_O_DUENO_DEL_PROGRAMA,DEPENDE,DEPENDE,Campo de formulario o carga potencial: validar contra instructivo CNED antes de excluir o completar.
24,I162S2C125J4V2,,Ingreso otro,REVISAR_DESCRIPCION_OTRO_INGRESO_SIN_TEXTO_FUENTE,FORMULARIO_CNED_DESCONOCIDO,REVISAR,MEDIA,DUDA_METODOLOGICA,VALIDAR_CON_AREA_ACADEMICA,AREA_ACADEMICA_O_DUENO_DEL_PROGRAMA,DEPENDE,DEPENDE,Campo de formulario o carga potencial: validar contra instructivo CNED antes de excluir o completar.
24,I162S2C125J4V2,,Observaciones,Crear según matriz PROMEDIOSDEALUMNOS_7804.xlsx / hoja matriz; conciliado contra diccionario oferta 2026; no encontrado en listado existente INDICES por CODIGO_UNICO; campos sin fuente directa quedan con revisión específica.,FORMULARIO_CNED_DESCONOCIDO,REVISION,MEDIA,OBSERVACION_INSTITUCIONAL,MANTENER_SOLO_COMO_TRAZABILIDAD,INSTRUCTIVO_CNED_Y_DECISION_INSTITUCIONAL,DEPENDE,DEPENDE,Campo de formulario o carga potencial: validar contra instructivo CNED antes de excluir o completar.
24,I162S2C125J4V2,,FECHA_ADMISION_INICIAL,REVISAR_FECHA_ADMISION_INICIAL_SIN_FUENTE,FORMULARIO_CNED_DESCONOCIDO,REVISAR,MEDIA,DUDA_METODOLOGICA,NO_RESOLVER_AUTOMATICAMENTE,INSTRUCTIVO_CNED_Y_DECISION_INSTITUCIONAL,DEPENDE,DEPENDE,Campo de formulario o carga potencial: validar contra instructivo CNED antes de excluir o completar.
24,I162S2C125J4V2,,MALLA_CURRICULAR,REVISAR_MALLA_CURRICULAR_SIN_FUENTE,FORMULARIO_CNED_DESCONOCIDO,REVISAR,MEDIA,DUDA_METODOLOGICA,VALIDAR_CON_AREA_ACADEMICA,AREA_ACADEMICA_O_DUENO_DEL_PROGRAMA,DEPENDE,DEPENDE,Campo de formulario o carga potencial: validar contra instructivo CNED antes de excluir o completar.
24,I162S2C125J4V2,,PERFIL_EGRESO,REVISAR_PERFIL_EGRESO_SIN_FUENTE,FORMULARIO_CNED_DESCONOCIDO,REVISAR,MEDIA,DUDA_METODOLOGICA,VALIDAR_CON_AREA_ACADEMICA,AREA_ACADEMICA_O_DUENO_DEL_PROGRAMA,DEPENDE,DEPENDE,Campo de formulario o carga potencial: validar contra instructivo CNED antes de excluir o completar.
24,I162S2C125J4V2,,TEXTO_REQUISITO_INGRESO,REVISAR_TEXTO_REQUISITO_INGRESO_SIN_FUENTE,FORMULARIO_CNED_DESCONOCIDO,REVISAR,MEDIA,DUDA_METODOLOGICA,VALIDAR_CON_AREA_ACADEMICA,AREA_ACADEMICA_O_DUENO_DEL_PROGRAMA,DEPENDE,DEPENDE,Campo de formulario o carga potencial: validar contra instructivo CNED antes de excluir o completar.
24,I162S2C125J4V2,,LICENCIA_ENS_MEDIA,REVISAR_LICENCIA_ENS_MEDIA_SIN_FUENTE,FORMULARIO_CNED_DESCONOCIDO,REVISAR,MEDIA,DUDA_METODOLOGICA,VALIDAR_CON_AREA_ACADEMICA,AREA_ACADEMICA_O_DUENO_DEL_PROGRAMA,DEPENDE,DEPENDE,Campo de formulario o carga potencial: validar contra instructivo CNED antes de excluir o completar.
24,I162S2C125J4V2,,NOTAS_ENS_MEDIA,REVISAR_NOTAS_ENS_MEDIA_SIN_FUENTE,FORMULARIO_CNED_DESCONOCIDO,REVISAR,MEDIA,DUDA_METODOLOGICA,VALIDAR_CON_AREA_ACADEMICA,AREA_ACADEMICA_O_DUENO_DEL_PROGRAMA,DEPENDE,DEPENDE,Campo de formulario o carga potencial: validar contra instructivo CNED antes de excluir o completar.
24,I162S2C125J4V2,,PROMEDIO_MIN_ENS_MEDIA,REVISAR_PROMEDIO_MIN_ENS_MEDIA_SIN_FUENTE,FORMULARIO_CNED_DESCONOCIDO,REVISAR,MEDIA,DUDA_METODOLOGICA,NO_RESOLVER_AUTOMATICAMENTE,INSTRUCTIVO_CNED_Y_DECISION_INSTITUCIONAL,DEPENDE,DEPENDE,Campo de formulario o carga potencial: validar contra instructivo CNED antes de excluir o completar.
24,I162S2C125J4V2,,RECONOCIMIENTOS_APREN_PREVIOS,REVISAR_RECONOCIMIENTOS_APREN_PREVIOS_SIN_FUENTE,FORMULARIO_CNED_DESCONOCIDO,REVISAR,MEDIA,DUDA_METODOLOGICA,NO_RESOLVER_AUTOMATICAMENTE,INSTRUCTIVO_CNED_Y_DECISION_INSTITUCIONAL,DEPENDE,DEPENDE,Campo de formulario o carga potencial: validar contra instructivo CNED antes de excluir o completar.
24,I162S2C125J4V2,,EXPERIENCIA_LABORAL,REVISAR_EXPERIENCIA_LABORAL_SIN_FUENTE,FORMULARIO_CNED_DESCONOCIDO,REVISAR,MEDIA,DUDA_METODOLOGICA,VALIDAR_CON_AREA_ACADEMICA,AREA_ACADEMICA_O_DUENO_DEL_PROGRAMA,DEPENDE,DEPENDE,Campo de formulario o carga potencial: validar contra instructivo CNED antes de excluir o completar.
24,I162S2C125J4V2,,OTROS_REQUISITOS,REVISAR_OTROS_REQUISITOS_SIN_FUENTE,FORMULARIO_CNED_DESCONOCIDO,REVISAR,MEDIA,DUDA_METODOLOGICA,VALIDAR_CON_AREA_ACADEMICA,AREA_ACADEMICA_O_DUENO_DEL_PROGRAMA,DEPENDE,DEPENDE,Campo de formulario o carga potencial: validar contra instructivo CNED antes de excluir o completar.
24,I162S2C125J4V2,,MAIL_DIFUSION_CARRERA,REVISAR_MAIL_DIFUSION_CARRERA_SIN_FUENTE,FORMULARIO_CNED_DESCONOCIDO,REVISAR,MEDIA,DUDA_METODOLOGICA,NO_RESOLVER_AUTOMATICAMENTE,INSTRUCTIVO_CNED_Y_DECISION_INSTITUCIONAL,DEPENDE,DEPENDE,Campo de formulario o carga potencial: validar contra instructivo CNED antes de excluir o completar.
24,I162S2C125J4V2,,FORMATO_VALOR,REVISAR_FORMATO_VALOR_SIN_FUENTE,FORMULARIO_CNED_DESCONOCIDO,REVISAR,MEDIA,DUDA_METODOLOGICA,VALIDAR_CON_FINANZAS_ARANCELES,FINANZAS_ARANCELES_INSTITUCIONAL,DEPENDE,DEPENDE,Requiere fuente monetaria explicita; no usar cero ni inferencias.
24,I162S2C125J4V2,,VALOR_MATRICULA_ANUAL,REVISAR_VALOR_MATRICULA_ANUAL_SIN_FUENTE,FORMULARIO_CNED_DESCONOCIDO,REVISAR,MEDIA,DUDA_METODOLOGICA,VALIDAR_CON_FINANZAS_ARANCELES,FINANZAS_ARANCELES_INSTITUCIONAL,DEPENDE,DEPENDE,Requiere fuente monetaria explicita; no usar cero ni inferencias.
24,I162S2C125J4V2,,COSTO_TITULACION,REVISAR_COSTO_TITULACION_SIN_FUENTE,FORMULARIO_CNED_DESCONOCIDO,REVISAR,MEDIA,DUDA_METODOLOGICA,VALIDAR_CON_FINANZAS_ARANCELES,FINANZAS_ARANCELES_INSTITUCIONAL,DEPENDE,DEPENDE,Requiere fuente monetaria explicita; no usar cero ni inferencias.
24,I162S2C125J4V2,,VALOR_CERTIFICADO_DIPLOMA,REVISAR_VALOR_CERTIFICADO_DIPLOMA_SIN_FUENTE,FORMULARIO_CNED_DESCONOCIDO,REVISAR,MEDIA,DUDA_METODOLOGICA,VALIDAR_CON_FINANZAS_ARANCELES,FINANZAS_ARANCELES_INSTITUCIONAL,DEPENDE,DEPENDE,Requiere fuente monetaria explicita; no usar cero ni inferencias.
24,I162S2C125J4V2,,ARANCEL_ANUAL,REVISAR_ARANCEL_ANUAL_SIN_FUENTE,FORMULARIO_CNED_DESCONOCIDO,REVISAR,MEDIA,DUDA_METODOLOGICA,VALIDAR_CON_FINANZAS_ARANCELES,FINANZAS_ARANCELES_INSTITUCIONAL,DEPENDE,DEPENDE,Requiere fuente monetaria explicita; no usar cero ni inferencias.
24,I162S2C125J4V2,,VIGENCIA_CARRERA,REVISAR_VIGENCIA_CARRERA_SIN_FUENTE_DIRECTA,OFICIAL_PROBABLE,REVISAR,ALTA,CAMPO_PENDIENTE_REAL,VALIDAR_CON_REGISTRO_CURRICULAR,REGISTRO_CURRICULAR_OFERTA_OFICIAL,SI,NO,Campo estructural/oficial: no resolver sin fuente institucional.
24,I162S2C125J4V2,,CNED_ESTADO_AUDITORIA,REQUIERE_REVISION,AUXILIAR_TECNICA,REVISION,BAJA,MARCA_TECNICA_REMOVIBLE,EXCLUIR_DE_ARCHIVO_CARGA_SI_ES_AUXILIAR,TRAZABILIDAD_INTERNA_CNED,NO,SI,No debe ir en archivo de carga; conservar en trazabilidad.
24,I162S2C125J4V2,,CNED_ALERTAS,CONTIENE_MARCAS_TECNICAS_DE_REVISION,AUXILIAR_TECNICA,REVISION,BAJA,MARCA_TECNICA_REMOVIBLE,EXCLUIR_DE_ARCHIVO_CARGA_SI_ES_AUXILIAR,TRAZABILIDAD_INTERNA_CNED,NO,SI,No debe ir en archivo de carga; conservar en trazabilidad.
24,I162S2C125J4V2,,CNED_PUEDE_SUBIR_PRELIMINAR,REVISAR,AUXILIAR_TECNICA,REVISAR,BAJA,MARCA_TECNICA_REMOVIBLE,EXCLUIR_DE_ARCHIVO_CARGA_SI_ES_AUXILIAR,TRAZABILIDAD_INTERNA_CNED,NO,SI,No debe ir en archivo de carga; conservar en trazabilidad.
25,I162S2C13J1V1,,Año de inicio de Actividades,DECISION_MANUAL_ANIO_INICIO,FORMULARIO_CNED_DESCONOCIDO,MANUAL,MEDIA,DUDA_METODOLOGICA,NO_RESOLVER_AUTOMATICAMENTE,INSTRUCTIVO_CNED_Y_DECISION_INSTITUCIONAL,DEPENDE,DEPENDE,Campo de formulario o carga potencial: validar contra instructivo CNED antes de excluir o completar.
25,I162S2C13J1V1,,Área del Conocimiento,REVISAR_AREA_SIN_FUENTE_DIRECTA,FORMULARIO_CNED_DESCONOCIDO,REVISAR,MEDIA,DUDA_METODOLOGICA,REQUIERE_DECISION_INSTITUCIONAL,AREA_ACADEMICA_O_DUENO_DEL_PROGRAMA,DEPENDE,DEPENDE,Campo de formulario o carga potencial: validar contra instructivo CNED antes de excluir o completar.
25,I162S2C13J1V1,,Sub Área,REVISAR_SUB_AREA_SIN_FUENTE_DIRECTA,FORMULARIO_CNED_DESCONOCIDO,REVISAR,MEDIA,DUDA_METODOLOGICA,REQUIERE_DECISION_INSTITUCIONAL,AREA_ACADEMICA_O_DUENO_DEL_PROGRAMA,DEPENDE,DEPENDE,Campo de formulario o carga potencial: validar contra instructivo CNED antes de excluir o completar.
25,I162S2C13J1V1,,Carrera Genérica,REVISAR_CARRERA_GENERICA_SIN_FUENTE_DIRECTA,FORMULARIO_CNED_DESCONOCIDO,REVISAR,MEDIA,DUDA_METODOLOGICA,REQUIERE_DECISION_INSTITUCIONAL,AREA_ACADEMICA_O_DUENO_DEL_PROGRAMA,DEPENDE,DEPENDE,Campo de formulario o carga potencial: validar contra instructivo CNED antes de excluir o completar.
25,I162S2C13J1V1,,Título que otorga el programa,REVISAR_TITULO_SIN_FUENTE_DIRECTA,FORMULARIO_CNED_DESCONOCIDO,REVISAR,MEDIA,DUDA_METODOLOGICA,NO_RESOLVER_AUTOMATICAMENTE,INSTRUCTIVO_CNED_Y_DECISION_INSTITUCIONAL,DEPENDE,DEPENDE,Campo de formulario o carga potencial: validar contra instructivo CNED antes de excluir o completar.
25,I162S2C13J1V1,,Grado Académico que otorga el programa,REVISAR_GRADO_ACADEMICO_SIN_FUENTE_DIRECTA,FORMULARIO_CNED_DESCONOCIDO,REVISAR,MEDIA,DUDA_METODOLOGICA,NO_RESOLVER_AUTOMATICAMENTE,INSTRUCTIVO_CNED_Y_DECISION_INSTITUCIONAL,DEPENDE,DEPENDE,Campo de formulario o carga potencial: validar contra instructivo CNED antes de excluir o completar.
25,I162S2C13J1V1,,Dependencia,REVISAR_DEPENDENCIA_SIN_FUENTE_DIRECTA,FORMULARIO_CNED_DESCONOCIDO,REVISAR,MEDIA,DUDA_METODOLOGICA,REQUIERE_DECISION_INSTITUCIONAL,AREA_ACADEMICA_O_DUENO_DEL_PROGRAMA,DEPENDE,DEPENDE,Campo de formulario o carga potencial: validar contra instructivo CNED antes de excluir o completar.
25,I162S2C13J1V1,,Régimen,REVISAR_REGIMEN_SIN_FUENTE,OFICIAL_PROBABLE,REVISAR,ALTA,CAMPO_PENDIENTE_REAL,VALIDAR_CON_REGISTRO_CURRICULAR,REGISTRO_CURRICULAR_OFERTA_OFICIAL,SI,NO,Campo estructural/oficial: no resolver sin fuente institucional.
25,I162S2C13J1V1,,Ingreso Directo,REVISAR_INGRESO_DIRECTO_SIN_FUENTE_DIRECTA,FORMULARIO_CNED_DESCONOCIDO,REVISAR,MEDIA,DUDA_METODOLOGICA,VALIDAR_CON_AREA_ACADEMICA,AREA_ACADEMICA_O_DUENO_DEL_PROGRAMA,DEPENDE,DEPENDE,Campo de formulario o carga potencial: validar contra instructivo CNED antes de excluir o completar.
25,I162S2C13J1V1,,Observaciones,Crear según matriz PROMEDIOSDEALUMNOS_7804.xlsx / hoja matriz; conciliado contra diccionario oferta 2026; no encontrado en listado existente INDICES por CODIGO_UNICO; campos sin fuente directa quedan con revisión específica.,FORMULARIO_CNED_DESCONOCIDO,REVISION,MEDIA,OBSERVACION_INSTITUCIONAL,MANTENER_SOLO_COMO_TRAZABILIDAD,INSTRUCTIVO_CNED_Y_DECISION_INSTITUCIONAL,DEPENDE,DEPENDE,Campo de formulario o carga potencial: validar contra instructivo CNED antes de excluir o completar.
25,I162S2C13J1V1,,ANIO_INICIO,REVISAR_ANIO_INICIO_SIN_FUENTE,OFICIAL_PROBABLE,REVISAR,ALTA,CAMPO_PENDIENTE_REAL,VALIDAR_CON_REGISTRO_CURRICULAR,REGISTRO_CURRICULAR_OFERTA_OFICIAL,SI,NO,Campo estructural/oficial: no resolver sin fuente institucional.
25,I162S2C13J1V1,,REGIMEN,REVISAR_REGIMEN_SIN_FUENTE,OFICIAL_PROBABLE,REVISAR,ALTA,CAMPO_PENDIENTE_REAL,VALIDAR_CON_REGISTRO_CURRICULAR,REGISTRO_CURRICULAR_OFERTA_OFICIAL,SI,NO,Campo estructural/oficial: no resolver sin fuente institucional.
25,I162S2C13J1V1,,DURACION_REGIMEN,REVISAR_DURACION_REGIMEN_SIN_FUENTE,OFICIAL_PROBABLE,REVISAR,ALTA,CAMPO_PENDIENTE_REAL,VALIDAR_CON_REGISTRO_CURRICULAR,REGISTRO_CURRICULAR_OFERTA_OFICIAL,SI,NO,Campo estructural/oficial: no resolver sin fuente institucional.
25,I162S2C13J1V1,,NOMBRE_TITULO,REVISAR_NOMBRE_TITULO_SIN_FUENTE_CONFIABLE,OFICIAL_PROBABLE,REVISAR,ALTA,CAMPO_PENDIENTE_REAL,VALIDAR_CON_OFERTA_ACADEMICA,OFERTA_ACADEMICA_INSTITUCIONAL,SI,NO,Campo estructural/oficial: no resolver sin fuente institucional.
25,I162S2C13J1V1,,ACREDITACION,REVISAR_ACREDITACION_SIN_FUENTE,OFICIAL_PROBABLE,REVISAR,ALTA,CAMPO_PENDIENTE_REAL,VALIDAR_CON_OFERTA_ACADEMICA,OFERTA_ACADEMICA_INSTITUCIONAL,SI,NO,Campo estructural/oficial: no resolver sin fuente institucional.
25,I162S2C13J1V1,,REQUISITO_INGRESO,REVISAR_REQUISITO_INGRESO_SIN_FUENTE,OFICIAL_PROBABLE,REVISAR,ALTA,CAMPO_PENDIENTE_REAL,VALIDAR_CON_OFERTA_ACADEMICA,OFERTA_ACADEMICA_INSTITUCIONAL,SI,NO,Campo estructural/oficial: no resolver sin fuente institucional.
25,I162S2C13J1V1,,SEMESTRES_RECONOCIDOS,REVISAR_SEMESTRES_RECONOCIDOS_SIN_FUENTE,OFICIAL_PROBABLE,REVISAR,ALTA,CAMPO_PENDIENTE_REAL,VALIDAR_CON_OFERTA_ACADEMICA,OFERTA_ACADEMICA_INSTITUCIONAL,SI,NO,Campo estructural/oficial: no resolver sin fuente institucional.
25,I162S2C13J1V1,,AREA_ACTUAL,REVISAR_AREA_ACTUAL_SIN_FUENTE,OFICIAL_PROBABLE,REVISAR,ALTA,CAMPO_PENDIENTE_REAL,VALIDAR_CON_OFERTA_ACADEMICA,OFERTA_ACADEMICA_INSTITUCIONAL,SI,NO,Campo estructural/oficial: no resolver sin fuente institucional.
25,I162S2C13J1V1,,AREA_ADMIN_DERECHO,REVISAR_AREA_ADMIN_DERECHO_SIN_FUENTE,FORMULARIO_CNED_DESCONOCIDO,REVISAR,MEDIA,DUDA_METODOLOGICA,REQUIERE_DECISION_INSTITUCIONAL,AREA_ACADEMICA_O_DUENO_DEL_PROGRAMA,DEPENDE,DEPENDE,Campo de formulario o carga potencial: validar contra instructivo CNED antes de excluir o completar.
25,I162S2C13J1V1,,AREA_AGRI_SILVI_PESCA_VET,REVISAR_AREA_AGRI_SILVI_PESCA_VET_SIN_FUENTE,FORMULARIO_CNED_DESCONOCIDO,REVISAR,MEDIA,DUDA_METODOLOGICA,REQUIERE_DECISION_INSTITUCIONAL,AREA_ACADEMICA_O_DUENO_DEL_PROGRAMA,DEPENDE,DEPENDE,Campo de formulario o carga potencial: validar contra instructivo CNED antes de excluir o completar.
25,I162S2C13J1V1,,AREA_ARTES_HUMANIDADES,REVISAR_AREA_ARTES_HUMANIDADES_SIN_FUENTE,FORMULARIO_CNED_DESCONOCIDO,REVISAR,MEDIA,DUDA_METODOLOGICA,REQUIERE_DECISION_INSTITUCIONAL,AREA_ACADEMICA_O_DUENO_DEL_PROGRAMA,DEPENDE,DEPENDE,Campo de formulario o carga potencial: validar contra instructivo CNED antes de excluir o completar.
25,I162S2C13J1V1,,AREA_CIENCIAS_NAT_MAT_ESTAD,REVISAR_AREA_CIENCIAS_NAT_MAT_ESTAD_SIN_FUENTE,FORMULARIO_CNED_DESCONOCIDO,REVISAR,MEDIA,DUDA_METODOLOGICA,REQUIERE_DECISION_INSTITUCIONAL,AREA_ACADEMICA_O_DUENO_DEL_PROGRAMA,DEPENDE,DEPENDE,Campo de formulario o carga potencial: validar contra instructivo CNED antes de excluir o completar.
25,I162S2C13J1V1,,AREA_CS_SOCIAL_PERIODISMO_INFO,REVISAR_AREA_CS_SOCIAL_PERIODISMO_INFO_SIN_FUENTE,FORMULARIO_CNED_DESCONOCIDO,REVISAR,MEDIA,DUDA_METODOLOGICA,REQUIERE_DECISION_INSTITUCIONAL,AREA_ACADEMICA_O_DUENO_DEL_PROGRAMA,DEPENDE,DEPENDE,Campo de formulario o carga potencial: validar contra instructivo CNED antes de excluir o completar.
25,I162S2C13J1V1,,AREA_EDUCACION,REVISAR_AREA_EDUCACION_SIN_FUENTE,FORMULARIO_CNED_DESCONOCIDO,REVISAR,MEDIA,DUDA_METODOLOGICA,REQUIERE_DECISION_INSTITUCIONAL,AREA_ACADEMICA_O_DUENO_DEL_PROGRAMA,DEPENDE,DEPENDE,Campo de formulario o carga potencial: validar contra instructivo CNED antes de excluir o completar.
25,I162S2C13J1V1,,AREA_INGE_INDUSTRIA_CONSTRUC,REVISAR_AREA_INGE_INDUSTRIA_CONSTRUC_SIN_FUENTE,FORMULARIO_CNED_DESCONOCIDO,REVISAR,MEDIA,DUDA_METODOLOGICA,REQUIERE_DECISION_INSTITUCIONAL,AREA_ACADEMICA_O_DUENO_DEL_PROGRAMA,DEPENDE,DEPENDE,Campo de formulario o carga potencial: validar contra instructivo CNED antes de excluir o completar.
25,I162S2C13J1V1,,AREA_SALUD_BIENESTAR,REVISAR_AREA_SALUD_BIENESTAR_SIN_FUENTE,FORMULARIO_CNED_DESCONOCIDO,REVISAR,MEDIA,DUDA_METODOLOGICA,REQUIERE_DECISION_INSTITUCIONAL,AREA_ACADEMICA_O_DUENO_DEL_PROGRAMA,DEPENDE,DEPENDE,Campo de formulario o carga potencial: validar contra instructivo CNED antes de excluir o completar.
25,I162S2C13J1V1,,AREA_SERVICIOS,REVISAR_AREA_SERVICIOS_SIN_FUENTE,FORMULARIO_CNED_DESCONOCIDO,REVISAR,MEDIA,DUDA_METODOLOGICA,REQUIERE_DECISION_INSTITUCIONAL,AREA_ACADEMICA_O_DUENO_DEL_PROGRAMA,DEPENDE,DEPENDE,Campo de formulario o carga potencial: validar contra instructivo CNED antes de excluir o completar.
25,I162S2C13J1V1,,AREA_TECNO_INFO_COMUNICA,REVISAR_AREA_TECNO_INFO_COMUNICA_SIN_FUENTE,FORMULARIO_CNED_DESCONOCIDO,REVISAR,MEDIA,DUDA_METODOLOGICA,REQUIERE_DECISION_INSTITUCIONAL,AREA_ACADEMICA_O_DUENO_DEL_PROGRAMA,DEPENDE,DEPENDE,Campo de formulario o carga potencial: validar contra instructivo CNED antes de excluir o completar.
25,I162S2C13J1V1,,VACANTES_PRIMER_SEMESTRE,REVISAR_VACANTES_PRIMER_SEMESTRE_SIN_FUENTE,FORMULARIO_CNED_DESCONOCIDO,REVISAR,MEDIA,DUDA_METODOLOGICA,REQUIERE_DECISION_INSTITUCIONAL,AREA_ACADEMICA_O_DUENO_DEL_PROGRAMA,DEPENDE,DEPENDE,Campo de formulario o carga potencial: validar contra instructivo CNED antes de excluir o completar.
25,I162S2C13J1V1,,VACANTES_SEGUNDO_SEMESTRE,REVISAR_VACANTES_SEGUNDO_SEMESTRE_SIN_FUENTE,FORMULARIO_CNED_DESCONOCIDO,REVISAR,MEDIA,DUDA_METODOLOGICA,REQUIERE_DECISION_INSTITUCIONAL,AREA_ACADEMICA_O_DUENO_DEL_PROGRAMA,DEPENDE,DEPENDE,Campo de formulario o carga potencial: validar contra instructivo CNED antes de excluir o completar.
25,I162S2C13J1V1,,FECHA_ADMISION_INICIAL,REVISAR_FECHA_ADMISION_INICIAL_SIN_FUENTE,FORMULARIO_CNED_DESCONOCIDO,REVISAR,MEDIA,DUDA_METODOLOGICA,NO_RESOLVER_AUTOMATICAMENTE,INSTRUCTIVO_CNED_Y_DECISION_INSTITUCIONAL,DEPENDE,DEPENDE,Campo de formulario o carga potencial: validar contra instructivo CNED antes de excluir o completar.
25,I162S2C13J1V1,,MALLA_CURRICULAR,REVISAR_MALLA_CURRICULAR_SIN_FUENTE,FORMULARIO_CNED_DESCONOCIDO,REVISAR,MEDIA,DUDA_METODOLOGICA,VALIDAR_CON_AREA_ACADEMICA,AREA_ACADEMICA_O_DUENO_DEL_PROGRAMA,DEPENDE,DEPENDE,Campo de formulario o carga potencial: validar contra instructivo CNED antes de excluir o completar.
25,I162S2C13J1V1,,PERFIL_EGRESO,REVISAR_PERFIL_EGRESO_SIN_FUENTE,FORMULARIO_CNED_DESCONOCIDO,REVISAR,MEDIA,DUDA_METODOLOGICA,VALIDAR_CON_AREA_ACADEMICA,AREA_ACADEMICA_O_DUENO_DEL_PROGRAMA,DEPENDE,DEPENDE,Campo de formulario o carga potencial: validar contra instructivo CNED antes de excluir o completar.
25,I162S2C13J1V1,,TEXTO_REQUISITO_INGRESO,REVISAR_TEXTO_REQUISITO_INGRESO_SIN_FUENTE,FORMULARIO_CNED_DESCONOCIDO,REVISAR,MEDIA,DUDA_METODOLOGICA,VALIDAR_CON_AREA_ACADEMICA,AREA_ACADEMICA_O_DUENO_DEL_PROGRAMA,DEPENDE,DEPENDE,Campo de formulario o carga potencial: validar contra instructivo CNED antes de excluir o completar.
25,I162S2C13J1V1,,LICENCIA_ENS_MEDIA,REVISAR_LICENCIA_ENS_MEDIA_SIN_FUENTE,FORMULARIO_CNED_DESCONOCIDO,REVISAR,MEDIA,DUDA_METODOLOGICA,VALIDAR_CON_AREA_ACADEMICA,AREA_ACADEMICA_O_DUENO_DEL_PROGRAMA,DEPENDE,DEPENDE,Campo de formulario o carga potencial: validar contra instructivo CNED antes de excluir o completar.
25,I162S2C13J1V1,,NOTAS_ENS_MEDIA,REVISAR_NOTAS_ENS_MEDIA_SIN_FUENTE,FORMULARIO_CNED_DESCONOCIDO,REVISAR,MEDIA,DUDA_METODOLOGICA,VALIDAR_CON_AREA_ACADEMICA,AREA_ACADEMICA_O_DUENO_DEL_PROGRAMA,DEPENDE,DEPENDE,Campo de formulario o carga potencial: validar contra instructivo CNED antes de excluir o completar.
25,I162S2C13J1V1,,PROMEDIO_MIN_ENS_MEDIA,REVISAR_PROMEDIO_MIN_ENS_MEDIA_SIN_FUENTE,FORMULARIO_CNED_DESCONOCIDO,REVISAR,MEDIA,DUDA_METODOLOGICA,NO_RESOLVER_AUTOMATICAMENTE,INSTRUCTIVO_CNED_Y_DECISION_INSTITUCIONAL,DEPENDE,DEPENDE,Campo de formulario o carga potencial: validar contra instructivo CNED antes de excluir o completar.
25,I162S2C13J1V1,,RECONOCIMIENTOS_APREN_PREVIOS,REVISAR_RECONOCIMIENTOS_APREN_PREVIOS_SIN_FUENTE,FORMULARIO_CNED_DESCONOCIDO,REVISAR,MEDIA,DUDA_METODOLOGICA,NO_RESOLVER_AUTOMATICAMENTE,INSTRUCTIVO_CNED_Y_DECISION_INSTITUCIONAL,DEPENDE,DEPENDE,Campo de formulario o carga potencial: validar contra instructivo CNED antes de excluir o completar.
25,I162S2C13J1V1,,EXPERIENCIA_LABORAL,REVISAR_EXPERIENCIA_LABORAL_SIN_FUENTE,FORMULARIO_CNED_DESCONOCIDO,REVISAR,MEDIA,DUDA_METODOLOGICA,VALIDAR_CON_AREA_ACADEMICA,AREA_ACADEMICA_O_DUENO_DEL_PROGRAMA,DEPENDE,DEPENDE,Campo de formulario o carga potencial: validar contra instructivo CNED antes de excluir o completar.
25,I162S2C13J1V1,,OTROS_REQUISITOS,REVISAR_OTROS_REQUISITOS_SIN_FUENTE,FORMULARIO_CNED_DESCONOCIDO,REVISAR,MEDIA,DUDA_METODOLOGICA,VALIDAR_CON_AREA_ACADEMICA,AREA_ACADEMICA_O_DUENO_DEL_PROGRAMA,DEPENDE,DEPENDE,Campo de formulario o carga potencial: validar contra instructivo CNED antes de excluir o completar.
25,I162S2C13J1V1,,MAIL_DIFUSION_CARRERA,REVISAR_MAIL_DIFUSION_CARRERA_SIN_FUENTE,FORMULARIO_CNED_DESCONOCIDO,REVISAR,MEDIA,DUDA_METODOLOGICA,NO_RESOLVER_AUTOMATICAMENTE,INSTRUCTIVO_CNED_Y_DECISION_INSTITUCIONAL,DEPENDE,DEPENDE,Campo de formulario o carga potencial: validar contra instructivo CNED antes de excluir o completar.
25,I162S2C13J1V1,,FORMATO_VALOR,REVISAR_FORMATO_VALOR_SIN_FUENTE,FORMULARIO_CNED_DESCONOCIDO,REVISAR,MEDIA,DUDA_METODOLOGICA,VALIDAR_CON_FINANZAS_ARANCELES,FINANZAS_ARANCELES_INSTITUCIONAL,DEPENDE,DEPENDE,Requiere fuente monetaria explicita; no usar cero ni inferencias.
25,I162S2C13J1V1,,VALOR_MATRICULA_ANUAL,REVISAR_VALOR_MATRICULA_ANUAL_SIN_FUENTE,FORMULARIO_CNED_DESCONOCIDO,REVISAR,MEDIA,DUDA_METODOLOGICA,VALIDAR_CON_FINANZAS_ARANCELES,FINANZAS_ARANCELES_INSTITUCIONAL,DEPENDE,DEPENDE,Requiere fuente monetaria explicita; no usar cero ni inferencias.
25,I162S2C13J1V1,,COSTO_TITULACION,REVISAR_COSTO_TITULACION_SIN_FUENTE,FORMULARIO_CNED_DESCONOCIDO,REVISAR,MEDIA,DUDA_METODOLOGICA,VALIDAR_CON_FINANZAS_ARANCELES,FINANZAS_ARANCELES_INSTITUCIONAL,DEPENDE,DEPENDE,Requiere fuente monetaria explicita; no usar cero ni inferencias.
25,I162S2C13J1V1,,VALOR_CERTIFICADO_DIPLOMA,REVISAR_VALOR_CERTIFICADO_DIPLOMA_SIN_FUENTE,FORMULARIO_CNED_DESCONOCIDO,REVISAR,MEDIA,DUDA_METODOLOGICA,VALIDAR_CON_FINANZAS_ARANCELES,FINANZAS_ARANCELES_INSTITUCIONAL,DEPENDE,DEPENDE,Requiere fuente monetaria explicita; no usar cero ni inferencias.
25,I162S2C13J1V1,,ARANCEL_ANUAL,REVISAR_ARANCEL_ANUAL_SIN_FUENTE,FORMULARIO_CNED_DESCONOCIDO,REVISAR,MEDIA,DUDA_METODOLOGICA,VALIDAR_CON_FINANZAS_ARANCELES,FINANZAS_ARANCELES_INSTITUCIONAL,DEPENDE,DEPENDE,Requiere fuente monetaria explicita; no usar cero ni inferencias.
25,I162S2C13J1V1,,CNED_ESTADO_AUDITORIA,REQUIERE_REVISION,AUXILIAR_TECNICA,REVISION,BAJA,MARCA_TECNICA_REMOVIBLE,EXCLUIR_DE_ARCHIVO_CARGA_SI_ES_AUXILIAR,TRAZABILIDAD_INTERNA_CNED,NO,SI,No debe ir en archivo de carga; conservar en trazabilidad.
25,I162S2C13J1V1,,CNED_ALERTAS,CONTIENE_MARCAS_TECNICAS_DE_REVISION,AUXILIAR_TECNICA,REVISION,BAJA,MARCA_TECNICA_REMOVIBLE,EXCLUIR_DE_ARCHIVO_CARGA_SI_ES_AUXILIAR,TRAZABILIDAD_INTERNA_CNED,NO,SI,No debe ir en archivo de carga; conservar en trazabilidad.
25,I162S2C13J1V1,,CNED_PUEDE_SUBIR_PRELIMINAR,REVISAR,AUXILIAR_TECNICA,REVISAR,BAJA,MARCA_TECNICA_REMOVIBLE,EXCLUIR_DE_ARCHIVO_CARGA_SI_ES_AUXILIAR,TRAZABILIDAD_INTERNA_CNED,NO,SI,No debe ir en archivo de carga; conservar en trazabilidad.
26,I162S2C13J2V1,,Año de inicio de Actividades,DECISION_MANUAL_ANIO_INICIO,FORMULARIO_CNED_DESCONOCIDO,MANUAL,MEDIA,DUDA_METODOLOGICA,NO_RESOLVER_AUTOMATICAMENTE,INSTRUCTIVO_CNED_Y_DECISION_INSTITUCIONAL,DEPENDE,DEPENDE,Campo de formulario o carga potencial: validar contra instructivo CNED antes de excluir o completar.
26,I162S2C13J2V1,,Área del Conocimiento,REVISAR_AREA_SIN_FUENTE_DIRECTA,FORMULARIO_CNED_DESCONOCIDO,REVISAR,MEDIA,DUDA_METODOLOGICA,REQUIERE_DECISION_INSTITUCIONAL,AREA_ACADEMICA_O_DUENO_DEL_PROGRAMA,DEPENDE,DEPENDE,Campo de formulario o carga potencial: validar contra instructivo CNED antes de excluir o completar.
26,I162S2C13J2V1,,Sub Área,REVISAR_SUB_AREA_SIN_FUENTE_DIRECTA,FORMULARIO_CNED_DESCONOCIDO,REVISAR,MEDIA,DUDA_METODOLOGICA,REQUIERE_DECISION_INSTITUCIONAL,AREA_ACADEMICA_O_DUENO_DEL_PROGRAMA,DEPENDE,DEPENDE,Campo de formulario o carga potencial: validar contra instructivo CNED antes de excluir o completar.
26,I162S2C13J2V1,,Carrera Genérica,REVISAR_CARRERA_GENERICA_SIN_FUENTE_DIRECTA,FORMULARIO_CNED_DESCONOCIDO,REVISAR,MEDIA,DUDA_METODOLOGICA,REQUIERE_DECISION_INSTITUCIONAL,AREA_ACADEMICA_O_DUENO_DEL_PROGRAMA,DEPENDE,DEPENDE,Campo de formulario o carga potencial: validar contra instructivo CNED antes de excluir o completar.
26,I162S2C13J2V1,,Título que otorga el programa,REVISAR_TITULO_SIN_FUENTE_DIRECTA,FORMULARIO_CNED_DESCONOCIDO,REVISAR,MEDIA,DUDA_METODOLOGICA,NO_RESOLVER_AUTOMATICAMENTE,INSTRUCTIVO_CNED_Y_DECISION_INSTITUCIONAL,DEPENDE,DEPENDE,Campo de formulario o carga potencial: validar contra instructivo CNED antes de excluir o completar.
26,I162S2C13J2V1,,Grado Académico que otorga el programa,REVISAR_GRADO_ACADEMICO_SIN_FUENTE_DIRECTA,FORMULARIO_CNED_DESCONOCIDO,REVISAR,MEDIA,DUDA_METODOLOGICA,NO_RESOLVER_AUTOMATICAMENTE,INSTRUCTIVO_CNED_Y_DECISION_INSTITUCIONAL,DEPENDE,DEPENDE,Campo de formulario o carga potencial: validar contra instructivo CNED antes de excluir o completar.
26,I162S2C13J2V1,,Dependencia,REVISAR_DEPENDENCIA_SIN_FUENTE_DIRECTA,FORMULARIO_CNED_DESCONOCIDO,REVISAR,MEDIA,DUDA_METODOLOGICA,REQUIERE_DECISION_INSTITUCIONAL,AREA_ACADEMICA_O_DUENO_DEL_PROGRAMA,DEPENDE,DEPENDE,Campo de formulario o carga potencial: validar contra instructivo CNED antes de excluir o completar.
26,I162S2C13J2V1,,Régimen,REVISAR_REGIMEN_SIN_FUENTE,OFICIAL_PROBABLE,REVISAR,ALTA,CAMPO_PENDIENTE_REAL,VALIDAR_CON_REGISTRO_CURRICULAR,REGISTRO_CURRICULAR_OFERTA_OFICIAL,SI,NO,Campo estructural/oficial: no resolver sin fuente institucional.
26,I162S2C13J2V1,,Ingreso Directo,REVISAR_INGRESO_DIRECTO_SIN_FUENTE_DIRECTA,FORMULARIO_CNED_DESCONOCIDO,REVISAR,MEDIA,DUDA_METODOLOGICA,VALIDAR_CON_AREA_ACADEMICA,AREA_ACADEMICA_O_DUENO_DEL_PROGRAMA,DEPENDE,DEPENDE,Campo de formulario o carga potencial: validar contra instructivo CNED antes de excluir o completar.
26,I162S2C13J2V1,,Observaciones,Crear según matriz PROMEDIOSDEALUMNOS_7804.xlsx / hoja matriz; conciliado contra diccionario oferta 2026; no encontrado en listado existente INDICES por CODIGO_UNICO; campos sin fuente directa quedan con revisión específica.,FORMULARIO_CNED_DESCONOCIDO,REVISION,MEDIA,OBSERVACION_INSTITUCIONAL,MANTENER_SOLO_COMO_TRAZABILIDAD,INSTRUCTIVO_CNED_Y_DECISION_INSTITUCIONAL,DEPENDE,DEPENDE,Campo de formulario o carga potencial: validar contra instructivo CNED antes de excluir o completar.
26,I162S2C13J2V1,,ANIO_INICIO,REVISAR_ANIO_INICIO_SIN_FUENTE,OFICIAL_PROBABLE,REVISAR,ALTA,CAMPO_PENDIENTE_REAL,VALIDAR_CON_REGISTRO_CURRICULAR,REGISTRO_CURRICULAR_OFERTA_OFICIAL,SI,NO,Campo estructural/oficial: no resolver sin fuente institucional.
26,I162S2C13J2V1,,REGIMEN,REVISAR_REGIMEN_SIN_FUENTE,OFICIAL_PROBABLE,REVISAR,ALTA,CAMPO_PENDIENTE_REAL,VALIDAR_CON_REGISTRO_CURRICULAR,REGISTRO_CURRICULAR_OFERTA_OFICIAL,SI,NO,Campo estructural/oficial: no resolver sin fuente institucional.
26,I162S2C13J2V1,,DURACION_REGIMEN,REVISAR_DURACION_REGIMEN_SIN_FUENTE,OFICIAL_PROBABLE,REVISAR,ALTA,CAMPO_PENDIENTE_REAL,VALIDAR_CON_REGISTRO_CURRICULAR,REGISTRO_CURRICULAR_OFERTA_OFICIAL,SI,NO,Campo estructural/oficial: no resolver sin fuente institucional.
26,I162S2C13J2V1,,NOMBRE_TITULO,REVISAR_NOMBRE_TITULO_SIN_FUENTE_CONFIABLE,OFICIAL_PROBABLE,REVISAR,ALTA,CAMPO_PENDIENTE_REAL,VALIDAR_CON_OFERTA_ACADEMICA,OFERTA_ACADEMICA_INSTITUCIONAL,SI,NO,Campo estructural/oficial: no resolver sin fuente institucional.
26,I162S2C13J2V1,,ACREDITACION,REVISAR_ACREDITACION_SIN_FUENTE,OFICIAL_PROBABLE,REVISAR,ALTA,CAMPO_PENDIENTE_REAL,VALIDAR_CON_OFERTA_ACADEMICA,OFERTA_ACADEMICA_INSTITUCIONAL,SI,NO,Campo estructural/oficial: no resolver sin fuente institucional.
26,I162S2C13J2V1,,REQUISITO_INGRESO,REVISAR_REQUISITO_INGRESO_SIN_FUENTE,OFICIAL_PROBABLE,REVISAR,ALTA,CAMPO_PENDIENTE_REAL,VALIDAR_CON_OFERTA_ACADEMICA,OFERTA_ACADEMICA_INSTITUCIONAL,SI,NO,Campo estructural/oficial: no resolver sin fuente institucional.
26,I162S2C13J2V1,,SEMESTRES_RECONOCIDOS,REVISAR_SEMESTRES_RECONOCIDOS_SIN_FUENTE,OFICIAL_PROBABLE,REVISAR,ALTA,CAMPO_PENDIENTE_REAL,VALIDAR_CON_OFERTA_ACADEMICA,OFERTA_ACADEMICA_INSTITUCIONAL,SI,NO,Campo estructural/oficial: no resolver sin fuente institucional.
26,I162S2C13J2V1,,AREA_ACTUAL,REVISAR_AREA_ACTUAL_SIN_FUENTE,OFICIAL_PROBABLE,REVISAR,ALTA,CAMPO_PENDIENTE_REAL,VALIDAR_CON_OFERTA_ACADEMICA,OFERTA_ACADEMICA_INSTITUCIONAL,SI,NO,Campo estructural/oficial: no resolver sin fuente institucional.
26,I162S2C13J2V1,,AREA_ADMIN_DERECHO,REVISAR_AREA_ADMIN_DERECHO_SIN_FUENTE,FORMULARIO_CNED_DESCONOCIDO,REVISAR,MEDIA,DUDA_METODOLOGICA,REQUIERE_DECISION_INSTITUCIONAL,AREA_ACADEMICA_O_DUENO_DEL_PROGRAMA,DEPENDE,DEPENDE,Campo de formulario o carga potencial: validar contra instructivo CNED antes de excluir o completar.
26,I162S2C13J2V1,,AREA_AGRI_SILVI_PESCA_VET,REVISAR_AREA_AGRI_SILVI_PESCA_VET_SIN_FUENTE,FORMULARIO_CNED_DESCONOCIDO,REVISAR,MEDIA,DUDA_METODOLOGICA,REQUIERE_DECISION_INSTITUCIONAL,AREA_ACADEMICA_O_DUENO_DEL_PROGRAMA,DEPENDE,DEPENDE,Campo de formulario o carga potencial: validar contra instructivo CNED antes de excluir o completar.
26,I162S2C13J2V1,,AREA_ARTES_HUMANIDADES,REVISAR_AREA_ARTES_HUMANIDADES_SIN_FUENTE,FORMULARIO_CNED_DESCONOCIDO,REVISAR,MEDIA,DUDA_METODOLOGICA,REQUIERE_DECISION_INSTITUCIONAL,AREA_ACADEMICA_O_DUENO_DEL_PROGRAMA,DEPENDE,DEPENDE,Campo de formulario o carga potencial: validar contra instructivo CNED antes de excluir o completar.
26,I162S2C13J2V1,,AREA_CIENCIAS_NAT_MAT_ESTAD,REVISAR_AREA_CIENCIAS_NAT_MAT_ESTAD_SIN_FUENTE,FORMULARIO_CNED_DESCONOCIDO,REVISAR,MEDIA,DUDA_METODOLOGICA,REQUIERE_DECISION_INSTITUCIONAL,AREA_ACADEMICA_O_DUENO_DEL_PROGRAMA,DEPENDE,DEPENDE,Campo de formulario o carga potencial: validar contra instructivo CNED antes de excluir o completar.
26,I162S2C13J2V1,,AREA_CS_SOCIAL_PERIODISMO_INFO,REVISAR_AREA_CS_SOCIAL_PERIODISMO_INFO_SIN_FUENTE,FORMULARIO_CNED_DESCONOCIDO,REVISAR,MEDIA,DUDA_METODOLOGICA,REQUIERE_DECISION_INSTITUCIONAL,AREA_ACADEMICA_O_DUENO_DEL_PROGRAMA,DEPENDE,DEPENDE,Campo de formulario o carga potencial: validar contra instructivo CNED antes de excluir o completar.
26,I162S2C13J2V1,,AREA_EDUCACION,REVISAR_AREA_EDUCACION_SIN_FUENTE,FORMULARIO_CNED_DESCONOCIDO,REVISAR,MEDIA,DUDA_METODOLOGICA,REQUIERE_DECISION_INSTITUCIONAL,AREA_ACADEMICA_O_DUENO_DEL_PROGRAMA,DEPENDE,DEPENDE,Campo de formulario o carga potencial: validar contra instructivo CNED antes de excluir o completar.
26,I162S2C13J2V1,,AREA_INGE_INDUSTRIA_CONSTRUC,REVISAR_AREA_INGE_INDUSTRIA_CONSTRUC_SIN_FUENTE,FORMULARIO_CNED_DESCONOCIDO,REVISAR,MEDIA,DUDA_METODOLOGICA,REQUIERE_DECISION_INSTITUCIONAL,AREA_ACADEMICA_O_DUENO_DEL_PROGRAMA,DEPENDE,DEPENDE,Campo de formulario o carga potencial: validar contra instructivo CNED antes de excluir o completar.
26,I162S2C13J2V1,,AREA_SALUD_BIENESTAR,REVISAR_AREA_SALUD_BIENESTAR_SIN_FUENTE,FORMULARIO_CNED_DESCONOCIDO,REVISAR,MEDIA,DUDA_METODOLOGICA,REQUIERE_DECISION_INSTITUCIONAL,AREA_ACADEMICA_O_DUENO_DEL_PROGRAMA,DEPENDE,DEPENDE,Campo de formulario o carga potencial: validar contra instructivo CNED antes de excluir o completar.
26,I162S2C13J2V1,,AREA_SERVICIOS,REVISAR_AREA_SERVICIOS_SIN_FUENTE,FORMULARIO_CNED_DESCONOCIDO,REVISAR,MEDIA,DUDA_METODOLOGICA,REQUIERE_DECISION_INSTITUCIONAL,AREA_ACADEMICA_O_DUENO_DEL_PROGRAMA,DEPENDE,DEPENDE,Campo de formulario o carga potencial: validar contra instructivo CNED antes de excluir o completar.
26,I162S2C13J2V1,,AREA_TECNO_INFO_COMUNICA,REVISAR_AREA_TECNO_INFO_COMUNICA_SIN_FUENTE,FORMULARIO_CNED_DESCONOCIDO,REVISAR,MEDIA,DUDA_METODOLOGICA,REQUIERE_DECISION_INSTITUCIONAL,AREA_ACADEMICA_O_DUENO_DEL_PROGRAMA,DEPENDE,DEPENDE,Campo de formulario o carga potencial: validar contra instructivo CNED antes de excluir o completar.
26,I162S2C13J2V1,,VACANTES_PRIMER_SEMESTRE,REVISAR_VACANTES_PRIMER_SEMESTRE_SIN_FUENTE,FORMULARIO_CNED_DESCONOCIDO,REVISAR,MEDIA,DUDA_METODOLOGICA,REQUIERE_DECISION_INSTITUCIONAL,AREA_ACADEMICA_O_DUENO_DEL_PROGRAMA,DEPENDE,DEPENDE,Campo de formulario o carga potencial: validar contra instructivo CNED antes de excluir o completar.
26,I162S2C13J2V1,,VACANTES_SEGUNDO_SEMESTRE,REVISAR_VACANTES_SEGUNDO_SEMESTRE_SIN_FUENTE,FORMULARIO_CNED_DESCONOCIDO,REVISAR,MEDIA,DUDA_METODOLOGICA,REQUIERE_DECISION_INSTITUCIONAL,AREA_ACADEMICA_O_DUENO_DEL_PROGRAMA,DEPENDE,DEPENDE,Campo de formulario o carga potencial: validar contra instructivo CNED antes de excluir o completar.
26,I162S2C13J2V1,,FECHA_ADMISION_INICIAL,REVISAR_FECHA_ADMISION_INICIAL_SIN_FUENTE,FORMULARIO_CNED_DESCONOCIDO,REVISAR,MEDIA,DUDA_METODOLOGICA,NO_RESOLVER_AUTOMATICAMENTE,INSTRUCTIVO_CNED_Y_DECISION_INSTITUCIONAL,DEPENDE,DEPENDE,Campo de formulario o carga potencial: validar contra instructivo CNED antes de excluir o completar.
26,I162S2C13J2V1,,MALLA_CURRICULAR,REVISAR_MALLA_CURRICULAR_SIN_FUENTE,FORMULARIO_CNED_DESCONOCIDO,REVISAR,MEDIA,DUDA_METODOLOGICA,VALIDAR_CON_AREA_ACADEMICA,AREA_ACADEMICA_O_DUENO_DEL_PROGRAMA,DEPENDE,DEPENDE,Campo de formulario o carga potencial: validar contra instructivo CNED antes de excluir o completar.
26,I162S2C13J2V1,,PERFIL_EGRESO,REVISAR_PERFIL_EGRESO_SIN_FUENTE,FORMULARIO_CNED_DESCONOCIDO,REVISAR,MEDIA,DUDA_METODOLOGICA,VALIDAR_CON_AREA_ACADEMICA,AREA_ACADEMICA_O_DUENO_DEL_PROGRAMA,DEPENDE,DEPENDE,Campo de formulario o carga potencial: validar contra instructivo CNED antes de excluir o completar.
26,I162S2C13J2V1,,TEXTO_REQUISITO_INGRESO,REVISAR_TEXTO_REQUISITO_INGRESO_SIN_FUENTE,FORMULARIO_CNED_DESCONOCIDO,REVISAR,MEDIA,DUDA_METODOLOGICA,VALIDAR_CON_AREA_ACADEMICA,AREA_ACADEMICA_O_DUENO_DEL_PROGRAMA,DEPENDE,DEPENDE,Campo de formulario o carga potencial: validar contra instructivo CNED antes de excluir o completar.
26,I162S2C13J2V1,,LICENCIA_ENS_MEDIA,REVISAR_LICENCIA_ENS_MEDIA_SIN_FUENTE,FORMULARIO_CNED_DESCONOCIDO,REVISAR,MEDIA,DUDA_METODOLOGICA,VALIDAR_CON_AREA_ACADEMICA,AREA_ACADEMICA_O_DUENO_DEL_PROGRAMA,DEPENDE,DEPENDE,Campo de formulario o carga potencial: validar contra instructivo CNED antes de excluir o completar.
26,I162S2C13J2V1,,NOTAS_ENS_MEDIA,REVISAR_NOTAS_ENS_MEDIA_SIN_FUENTE,FORMULARIO_CNED_DESCONOCIDO,REVISAR,MEDIA,DUDA_METODOLOGICA,VALIDAR_CON_AREA_ACADEMICA,AREA_ACADEMICA_O_DUENO_DEL_PROGRAMA,DEPENDE,DEPENDE,Campo de formulario o carga potencial: validar contra instructivo CNED antes de excluir o completar.
26,I162S2C13J2V1,,PROMEDIO_MIN_ENS_MEDIA,REVISAR_PROMEDIO_MIN_ENS_MEDIA_SIN_FUENTE,FORMULARIO_CNED_DESCONOCIDO,REVISAR,MEDIA,DUDA_METODOLOGICA,NO_RESOLVER_AUTOMATICAMENTE,INSTRUCTIVO_CNED_Y_DECISION_INSTITUCIONAL,DEPENDE,DEPENDE,Campo de formulario o carga potencial: validar contra instructivo CNED antes de excluir o completar.
26,I162S2C13J2V1,,RECONOCIMIENTOS_APREN_PREVIOS,REVISAR_RECONOCIMIENTOS_APREN_PREVIOS_SIN_FUENTE,FORMULARIO_CNED_DESCONOCIDO,REVISAR,MEDIA,DUDA_METODOLOGICA,NO_RESOLVER_AUTOMATICAMENTE,INSTRUCTIVO_CNED_Y_DECISION_INSTITUCIONAL,DEPENDE,DEPENDE,Campo de formulario o carga potencial: validar contra instructivo CNED antes de excluir o completar.
26,I162S2C13J2V1,,EXPERIENCIA_LABORAL,REVISAR_EXPERIENCIA_LABORAL_SIN_FUENTE,FORMULARIO_CNED_DESCONOCIDO,REVISAR,MEDIA,DUDA_METODOLOGICA,VALIDAR_CON_AREA_ACADEMICA,AREA_ACADEMICA_O_DUENO_DEL_PROGRAMA,DEPENDE,DEPENDE,Campo de formulario o carga potencial: validar contra instructivo CNED antes de excluir o completar.
26,I162S2C13J2V1,,OTROS_REQUISITOS,REVISAR_OTROS_REQUISITOS_SIN_FUENTE,FORMULARIO_CNED_DESCONOCIDO,REVISAR,MEDIA,DUDA_METODOLOGICA,VALIDAR_CON_AREA_ACADEMICA,AREA_ACADEMICA_O_DUENO_DEL_PROGRAMA,DEPENDE,DEPENDE,Campo de formulario o carga potencial: validar contra instructivo CNED antes de excluir o completar.
26,I162S2C13J2V1,,MAIL_DIFUSION_CARRERA,REVISAR_MAIL_DIFUSION_CARRERA_SIN_FUENTE,FORMULARIO_CNED_DESCONOCIDO,REVISAR,MEDIA,DUDA_METODOLOGICA,NO_RESOLVER_AUTOMATICAMENTE,INSTRUCTIVO_CNED_Y_DECISION_INSTITUCIONAL,DEPENDE,DEPENDE,Campo de formulario o carga potencial: validar contra instructivo CNED antes de excluir o completar.
26,I162S2C13J2V1,,FORMATO_VALOR,REVISAR_FORMATO_VALOR_SIN_FUENTE,FORMULARIO_CNED_DESCONOCIDO,REVISAR,MEDIA,DUDA_METODOLOGICA,VALIDAR_CON_FINANZAS_ARANCELES,FINANZAS_ARANCELES_INSTITUCIONAL,DEPENDE,DEPENDE,Requiere fuente monetaria explicita; no usar cero ni inferencias.
26,I162S2C13J2V1,,VALOR_MATRICULA_ANUAL,REVISAR_VALOR_MATRICULA_ANUAL_SIN_FUENTE,FORMULARIO_CNED_DESCONOCIDO,REVISAR,MEDIA,DUDA_METODOLOGICA,VALIDAR_CON_FINANZAS_ARANCELES,FINANZAS_ARANCELES_INSTITUCIONAL,DEPENDE,DEPENDE,Requiere fuente monetaria explicita; no usar cero ni inferencias.
26,I162S2C13J2V1,,COSTO_TITULACION,REVISAR_COSTO_TITULACION_SIN_FUENTE,FORMULARIO_CNED_DESCONOCIDO,REVISAR,MEDIA,DUDA_METODOLOGICA,VALIDAR_CON_FINANZAS_ARANCELES,FINANZAS_ARANCELES_INSTITUCIONAL,DEPENDE,DEPENDE,Requiere fuente monetaria explicita; no usar cero ni inferencias.
26,I162S2C13J2V1,,VALOR_CERTIFICADO_DIPLOMA,REVISAR_VALOR_CERTIFICADO_DIPLOMA_SIN_FUENTE,FORMULARIO_CNED_DESCONOCIDO,REVISAR,MEDIA,DUDA_METODOLOGICA,VALIDAR_CON_FINANZAS_ARANCELES,FINANZAS_ARANCELES_INSTITUCIONAL,DEPENDE,DEPENDE,Requiere fuente monetaria explicita; no usar cero ni inferencias.
26,I162S2C13J2V1,,ARANCEL_ANUAL,REVISAR_ARANCEL_ANUAL_SIN_FUENTE,FORMULARIO_CNED_DESCONOCIDO,REVISAR,MEDIA,DUDA_METODOLOGICA,VALIDAR_CON_FINANZAS_ARANCELES,FINANZAS_ARANCELES_INSTITUCIONAL,DEPENDE,DEPENDE,Requiere fuente monetaria explicita; no usar cero ni inferencias.
26,I162S2C13J2V1,,CNED_ESTADO_AUDITORIA,REQUIERE_REVISION,AUXILIAR_TECNICA,REVISION,BAJA,MARCA_TECNICA_REMOVIBLE,EXCLUIR_DE_ARCHIVO_CARGA_SI_ES_AUXILIAR,TRAZABILIDAD_INTERNA_CNED,NO,SI,No debe ir en archivo de carga; conservar en trazabilidad.
26,I162S2C13J2V1,,CNED_ALERTAS,CONTIENE_MARCAS_TECNICAS_DE_REVISION,AUXILIAR_TECNICA,REVISION,BAJA,MARCA_TECNICA_REMOVIBLE,EXCLUIR_DE_ARCHIVO_CARGA_SI_ES_AUXILIAR,TRAZABILIDAD_INTERNA_CNED,NO,SI,No debe ir en archivo de carga; conservar en trazabilidad.
26,I162S2C13J2V1,,CNED_PUEDE_SUBIR_PRELIMINAR,REVISAR,AUXILIAR_TECNICA,REVISAR,BAJA,MARCA_TECNICA_REMOVIBLE,EXCLUIR_DE_ARCHIVO_CARGA_SI_ES_AUXILIAR,TRAZABILIDAD_INTERNA_CNED,NO,SI,No debe ir en archivo de carga; conservar en trazabilidad.
27,I162S2C1J2V2,,Detalle del Tipo de Programa (especiales),REVISAR_DETALLE_PROGRAMA_ESPECIAL,FORMULARIO_CNED_DESCONOCIDO,REVISAR,MEDIA,DUDA_METODOLOGICA,NO_RESOLVER_AUTOMATICAMENTE,INSTRUCTIVO_CNED_Y_DECISION_INSTITUCIONAL,DEPENDE,DEPENDE,Campo de formulario o carga potencial: validar contra instructivo CNED antes de excluir o completar.
27,I162S2C1J2V2,,Área del Conocimiento,REVISAR_AREA_CODIGO_10,FORMULARIO_CNED_DESCONOCIDO,REVISAR,MEDIA,DUDA_METODOLOGICA,REQUIERE_DECISION_INSTITUCIONAL,AREA_ACADEMICA_O_DUENO_DEL_PROGRAMA,DEPENDE,DEPENDE,Campo de formulario o carga potencial: validar contra instructivo CNED antes de excluir o completar.
27,I162S2C1J2V2,,Sub Área,REVISAR_SUB_AREA_SIN_FUENTE_DIRECTA,FORMULARIO_CNED_DESCONOCIDO,REVISAR,MEDIA,DUDA_METODOLOGICA,REQUIERE_DECISION_INSTITUCIONAL,AREA_ACADEMICA_O_DUENO_DEL_PROGRAMA,DEPENDE,DEPENDE,Campo de formulario o carga potencial: validar contra instructivo CNED antes de excluir o completar.
27,I162S2C1J2V2,,Carrera Genérica,REVISAR_CARRERA_GENERICA_SIN_FUENTE_DIRECTA,FORMULARIO_CNED_DESCONOCIDO,REVISAR,MEDIA,DUDA_METODOLOGICA,REQUIERE_DECISION_INSTITUCIONAL,AREA_ACADEMICA_O_DUENO_DEL_PROGRAMA,DEPENDE,DEPENDE,Campo de formulario o carga potencial: validar contra instructivo CNED antes de excluir o completar.
27,I162S2C1J2V2,,Grado Académico que otorga el programa,REVISAR_GRADO_ACADEMICO_SIN_FUENTE_DIRECTA,FORMULARIO_CNED_DESCONOCIDO,REVISAR,MEDIA,DUDA_METODOLOGICA,NO_RESOLVER_AUTOMATICAMENTE,INSTRUCTIVO_CNED_Y_DECISION_INSTITUCIONAL,DEPENDE,DEPENDE,Campo de formulario o carga potencial: validar contra instructivo CNED antes de excluir o completar.
27,I162S2C1J2V2,,Dependencia,REVISAR_DEPENDENCIA_SIN_FUENTE_DIRECTA,FORMULARIO_CNED_DESCONOCIDO,REVISAR,MEDIA,DUDA_METODOLOGICA,REQUIERE_DECISION_INSTITUCIONAL,AREA_ACADEMICA_O_DUENO_DEL_PROGRAMA,DEPENDE,DEPENDE,Campo de formulario o carga potencial: validar contra instructivo CNED antes de excluir o completar.
27,I162S2C1J2V2,,Régimen,REVISAR_REGIMEN_CODIGO_1,OFICIAL_PROBABLE,REVISAR,ALTA,CAMPO_PENDIENTE_REAL,VALIDAR_CON_REGISTRO_CURRICULAR,REGISTRO_CURRICULAR_OFERTA_OFICIAL,SI,NO,Campo estructural/oficial: no resolver sin fuente institucional.
27,I162S2C1J2V2,,Ingreso Directo,REVISAR_INGRESO_DIRECTO_CODIGO_REQUISITO_INGRESO_2_SEMESTRES_RECONOCIDOS_5,FORMULARIO_CNED_DESCONOCIDO,REVISAR,MEDIA,DUDA_METODOLOGICA,VALIDAR_CON_AREA_ACADEMICA,AREA_ACADEMICA_O_DUENO_DEL_PROGRAMA,DEPENDE,DEPENDE,Campo de formulario o carga potencial: validar contra instructivo CNED antes de excluir o completar.
27,I162S2C1J2V2,,Otro Tipo de Ingreso,REVISAR_OTRO_TIPO_INGRESO_CODIGO_REQUISITO_INGRESO_2_SEMESTRES_RECONOCIDOS_5,FORMULARIO_CNED_DESCONOCIDO,REVISAR,MEDIA,DUDA_METODOLOGICA,VALIDAR_CON_AREA_ACADEMICA,AREA_ACADEMICA_O_DUENO_DEL_PROGRAMA,DEPENDE,DEPENDE,Campo de formulario o carga potencial: validar contra instructivo CNED antes de excluir o completar.
27,I162S2C1J2V2,,Ingreso otro,REVISAR_DESCRIPCION_OTRO_INGRESO_SIN_TEXTO_FUENTE,FORMULARIO_CNED_DESCONOCIDO,REVISAR,MEDIA,DUDA_METODOLOGICA,VALIDAR_CON_AREA_ACADEMICA,AREA_ACADEMICA_O_DUENO_DEL_PROGRAMA,DEPENDE,DEPENDE,Campo de formulario o carga potencial: validar contra instructivo CNED antes de excluir o completar.
27,I162S2C1J2V2,,Observaciones,Crear según matriz PROMEDIOSDEALUMNOS_7804.xlsx / hoja matriz; conciliado contra diccionario oferta 2026; no encontrado en listado existente INDICES por CODIGO_UNICO; campos sin fuente directa quedan con revisión específica.,FORMULARIO_CNED_DESCONOCIDO,REVISION,MEDIA,OBSERVACION_INSTITUCIONAL,MANTENER_SOLO_COMO_TRAZABILIDAD,INSTRUCTIVO_CNED_Y_DECISION_INSTITUCIONAL,DEPENDE,DEPENDE,Campo de formulario o carga potencial: validar contra instructivo CNED antes de excluir o completar.
27,I162S2C1J2V2,,FECHA_ADMISION_INICIAL,REVISAR_FECHA_ADMISION_INICIAL_SIN_FUENTE,FORMULARIO_CNED_DESCONOCIDO,REVISAR,MEDIA,DUDA_METODOLOGICA,NO_RESOLVER_AUTOMATICAMENTE,INSTRUCTIVO_CNED_Y_DECISION_INSTITUCIONAL,DEPENDE,DEPENDE,Campo de formulario o carga potencial: validar contra instructivo CNED antes de excluir o completar.
27,I162S2C1J2V2,,MALLA_CURRICULAR,REVISAR_MALLA_CURRICULAR_SIN_FUENTE,FORMULARIO_CNED_DESCONOCIDO,REVISAR,MEDIA,DUDA_METODOLOGICA,VALIDAR_CON_AREA_ACADEMICA,AREA_ACADEMICA_O_DUENO_DEL_PROGRAMA,DEPENDE,DEPENDE,Campo de formulario o carga potencial: validar contra instructivo CNED antes de excluir o completar.
27,I162S2C1J2V2,,PERFIL_EGRESO,REVISAR_PERFIL_EGRESO_SIN_FUENTE,FORMULARIO_CNED_DESCONOCIDO,REVISAR,MEDIA,DUDA_METODOLOGICA,VALIDAR_CON_AREA_ACADEMICA,AREA_ACADEMICA_O_DUENO_DEL_PROGRAMA,DEPENDE,DEPENDE,Campo de formulario o carga potencial: validar contra instructivo CNED antes de excluir o completar.
27,I162S2C1J2V2,,TEXTO_REQUISITO_INGRESO,REVISAR_TEXTO_REQUISITO_INGRESO_SIN_FUENTE,FORMULARIO_CNED_DESCONOCIDO,REVISAR,MEDIA,DUDA_METODOLOGICA,VALIDAR_CON_AREA_ACADEMICA,AREA_ACADEMICA_O_DUENO_DEL_PROGRAMA,DEPENDE,DEPENDE,Campo de formulario o carga potencial: validar contra instructivo CNED antes de excluir o completar.
27,I162S2C1J2V2,,LICENCIA_ENS_MEDIA,REVISAR_LICENCIA_ENS_MEDIA_SIN_FUENTE,FORMULARIO_CNED_DESCONOCIDO,REVISAR,MEDIA,DUDA_METODOLOGICA,VALIDAR_CON_AREA_ACADEMICA,AREA_ACADEMICA_O_DUENO_DEL_PROGRAMA,DEPENDE,DEPENDE,Campo de formulario o carga potencial: validar contra instructivo CNED antes de excluir o completar.
27,I162S2C1J2V2,,NOTAS_ENS_MEDIA,REVISAR_NOTAS_ENS_MEDIA_SIN_FUENTE,FORMULARIO_CNED_DESCONOCIDO,REVISAR,MEDIA,DUDA_METODOLOGICA,VALIDAR_CON_AREA_ACADEMICA,AREA_ACADEMICA_O_DUENO_DEL_PROGRAMA,DEPENDE,DEPENDE,Campo de formulario o carga potencial: validar contra instructivo CNED antes de excluir o completar.
27,I162S2C1J2V2,,PROMEDIO_MIN_ENS_MEDIA,REVISAR_PROMEDIO_MIN_ENS_MEDIA_SIN_FUENTE,FORMULARIO_CNED_DESCONOCIDO,REVISAR,MEDIA,DUDA_METODOLOGICA,NO_RESOLVER_AUTOMATICAMENTE,INSTRUCTIVO_CNED_Y_DECISION_INSTITUCIONAL,DEPENDE,DEPENDE,Campo de formulario o carga potencial: validar contra instructivo CNED antes de excluir o completar.
27,I162S2C1J2V2,,RECONOCIMIENTOS_APREN_PREVIOS,REVISAR_RECONOCIMIENTOS_APREN_PREVIOS_SIN_FUENTE,FORMULARIO_CNED_DESCONOCIDO,REVISAR,MEDIA,DUDA_METODOLOGICA,NO_RESOLVER_AUTOMATICAMENTE,INSTRUCTIVO_CNED_Y_DECISION_INSTITUCIONAL,DEPENDE,DEPENDE,Campo de formulario o carga potencial: validar contra instructivo CNED antes de excluir o completar.
27,I162S2C1J2V2,,EXPERIENCIA_LABORAL,REVISAR_EXPERIENCIA_LABORAL_SIN_FUENTE,FORMULARIO_CNED_DESCONOCIDO,REVISAR,MEDIA,DUDA_METODOLOGICA,VALIDAR_CON_AREA_ACADEMICA,AREA_ACADEMICA_O_DUENO_DEL_PROGRAMA,DEPENDE,DEPENDE,Campo de formulario o carga potencial: validar contra instructivo CNED antes de excluir o completar.
27,I162S2C1J2V2,,OTROS_REQUISITOS,REVISAR_OTROS_REQUISITOS_SIN_FUENTE,FORMULARIO_CNED_DESCONOCIDO,REVISAR,MEDIA,DUDA_METODOLOGICA,VALIDAR_CON_AREA_ACADEMICA,AREA_ACADEMICA_O_DUENO_DEL_PROGRAMA,DEPENDE,DEPENDE,Campo de formulario o carga potencial: validar contra instructivo CNED antes de excluir o completar.
27,I162S2C1J2V2,,MAIL_DIFUSION_CARRERA,REVISAR_MAIL_DIFUSION_CARRERA_SIN_FUENTE,FORMULARIO_CNED_DESCONOCIDO,REVISAR,MEDIA,DUDA_METODOLOGICA,NO_RESOLVER_AUTOMATICAMENTE,INSTRUCTIVO_CNED_Y_DECISION_INSTITUCIONAL,DEPENDE,DEPENDE,Campo de formulario o carga potencial: validar contra instructivo CNED antes de excluir o completar.
27,I162S2C1J2V2,,FORMATO_VALOR,REVISAR_FORMATO_VALOR_SIN_FUENTE,FORMULARIO_CNED_DESCONOCIDO,REVISAR,MEDIA,DUDA_METODOLOGICA,VALIDAR_CON_FINANZAS_ARANCELES,FINANZAS_ARANCELES_INSTITUCIONAL,DEPENDE,DEPENDE,Requiere fuente monetaria explicita; no usar cero ni inferencias.
27,I162S2C1J2V2,,VALOR_MATRICULA_ANUAL,REVISAR_VALOR_MATRICULA_ANUAL_SIN_FUENTE,FORMULARIO_CNED_DESCONOCIDO,REVISAR,MEDIA,DUDA_METODOLOGICA,VALIDAR_CON_FINANZAS_ARANCELES,FINANZAS_ARANCELES_INSTITUCIONAL,DEPENDE,DEPENDE,Requiere fuente monetaria explicita; no usar cero ni inferencias.
27,I162S2C1J2V2,,COSTO_TITULACION,REVISAR_COSTO_TITULACION_SIN_FUENTE,FORMULARIO_CNED_DESCONOCIDO,REVISAR,MEDIA,DUDA_METODOLOGICA,VALIDAR_CON_FINANZAS_ARANCELES,FINANZAS_ARANCELES_INSTITUCIONAL,DEPENDE,DEPENDE,Requiere fuente monetaria explicita; no usar cero ni inferencias.
27,I162S2C1J2V2,,VALOR_CERTIFICADO_DIPLOMA,REVISAR_VALOR_CERTIFICADO_DIPLOMA_SIN_FUENTE,FORMULARIO_CNED_DESCONOCIDO,REVISAR,MEDIA,DUDA_METODOLOGICA,VALIDAR_CON_FINANZAS_ARANCELES,FINANZAS_ARANCELES_INSTITUCIONAL,DEPENDE,DEPENDE,Requiere fuente monetaria explicita; no usar cero ni inferencias.
27,I162S2C1J2V2,,ARANCEL_ANUAL,REVISAR_ARANCEL_ANUAL_SIN_FUENTE,FORMULARIO_CNED_DESCONOCIDO,REVISAR,MEDIA,DUDA_METODOLOGICA,VALIDAR_CON_FINANZAS_ARANCELES,FINANZAS_ARANCELES_INSTITUCIONAL,DEPENDE,DEPENDE,Requiere fuente monetaria explicita; no usar cero ni inferencias.
27,I162S2C1J2V2,,VIGENCIA_CARRERA,REVISAR_VIGENCIA_CARRERA_SIN_FUENTE_DIRECTA,OFICIAL_PROBABLE,REVISAR,ALTA,CAMPO_PENDIENTE_REAL,VALIDAR_CON_REGISTRO_CURRICULAR,REGISTRO_CURRICULAR_OFERTA_OFICIAL,SI,NO,Campo estructural/oficial: no resolver sin fuente institucional.
27,I162S2C1J2V2,,CNED_ESTADO_AUDITORIA,REQUIERE_REVISION,AUXILIAR_TECNICA,REVISION,BAJA,MARCA_TECNICA_REMOVIBLE,EXCLUIR_DE_ARCHIVO_CARGA_SI_ES_AUXILIAR,TRAZABILIDAD_INTERNA_CNED,NO,SI,No debe ir en archivo de carga; conservar en trazabilidad.
27,I162S2C1J2V2,,CNED_ALERTAS,CONTIENE_MARCAS_TECNICAS_DE_REVISION,AUXILIAR_TECNICA,REVISION,BAJA,MARCA_TECNICA_REMOVIBLE,EXCLUIR_DE_ARCHIVO_CARGA_SI_ES_AUXILIAR,TRAZABILIDAD_INTERNA_CNED,NO,SI,No debe ir en archivo de carga; conservar en trazabilidad.
27,I162S2C1J2V2,,CNED_PUEDE_SUBIR_PRELIMINAR,REVISAR,AUXILIAR_TECNICA,REVISAR,BAJA,MARCA_TECNICA_REMOVIBLE,EXCLUIR_DE_ARCHIVO_CARGA_SI_ES_AUXILIAR,TRAZABILIDAD_INTERNA_CNED,NO,SI,No debe ir en archivo de carga; conservar en trazabilidad.
28,I162S2C1J4V3,,Detalle del Tipo de Programa (especiales),REVISAR_DETALLE_PROGRAMA_ESPECIAL,FORMULARIO_CNED_DESCONOCIDO,REVISAR,MEDIA,DUDA_METODOLOGICA,NO_RESOLVER_AUTOMATICAMENTE,INSTRUCTIVO_CNED_Y_DECISION_INSTITUCIONAL,DEPENDE,DEPENDE,Campo de formulario o carga potencial: validar contra instructivo CNED antes de excluir o completar.
28,I162S2C1J4V3,,Área del Conocimiento,REVISAR_AREA_CODIGO_10,FORMULARIO_CNED_DESCONOCIDO,REVISAR,MEDIA,DUDA_METODOLOGICA,REQUIERE_DECISION_INSTITUCIONAL,AREA_ACADEMICA_O_DUENO_DEL_PROGRAMA,DEPENDE,DEPENDE,Campo de formulario o carga potencial: validar contra instructivo CNED antes de excluir o completar.
28,I162S2C1J4V3,,Sub Área,REVISAR_SUB_AREA_SIN_FUENTE_DIRECTA,FORMULARIO_CNED_DESCONOCIDO,REVISAR,MEDIA,DUDA_METODOLOGICA,REQUIERE_DECISION_INSTITUCIONAL,AREA_ACADEMICA_O_DUENO_DEL_PROGRAMA,DEPENDE,DEPENDE,Campo de formulario o carga potencial: validar contra instructivo CNED antes de excluir o completar.
28,I162S2C1J4V3,,Carrera Genérica,REVISAR_CARRERA_GENERICA_SIN_FUENTE_DIRECTA,FORMULARIO_CNED_DESCONOCIDO,REVISAR,MEDIA,DUDA_METODOLOGICA,REQUIERE_DECISION_INSTITUCIONAL,AREA_ACADEMICA_O_DUENO_DEL_PROGRAMA,DEPENDE,DEPENDE,Campo de formulario o carga potencial: validar contra instructivo CNED antes de excluir o completar.
28,I162S2C1J4V3,,Grado Académico que otorga el programa,REVISAR_GRADO_ACADEMICO_SIN_FUENTE_DIRECTA,FORMULARIO_CNED_DESCONOCIDO,REVISAR,MEDIA,DUDA_METODOLOGICA,NO_RESOLVER_AUTOMATICAMENTE,INSTRUCTIVO_CNED_Y_DECISION_INSTITUCIONAL,DEPENDE,DEPENDE,Campo de formulario o carga potencial: validar contra instructivo CNED antes de excluir o completar.
28,I162S2C1J4V3,,Dependencia,REVISAR_DEPENDENCIA_SIN_FUENTE_DIRECTA,FORMULARIO_CNED_DESCONOCIDO,REVISAR,MEDIA,DUDA_METODOLOGICA,REQUIERE_DECISION_INSTITUCIONAL,AREA_ACADEMICA_O_DUENO_DEL_PROGRAMA,DEPENDE,DEPENDE,Campo de formulario o carga potencial: validar contra instructivo CNED antes de excluir o completar.
28,I162S2C1J4V3,,Régimen,REVISAR_REGIMEN_CODIGO_1,OFICIAL_PROBABLE,REVISAR,ALTA,CAMPO_PENDIENTE_REAL,VALIDAR_CON_REGISTRO_CURRICULAR,REGISTRO_CURRICULAR_OFERTA_OFICIAL,SI,NO,Campo estructural/oficial: no resolver sin fuente institucional.
28,I162S2C1J4V3,,Ingreso Directo,REVISAR_INGRESO_DIRECTO_CODIGO_REQUISITO_INGRESO_2_SEMESTRES_RECONOCIDOS_4,FORMULARIO_CNED_DESCONOCIDO,REVISAR,MEDIA,DUDA_METODOLOGICA,VALIDAR_CON_AREA_ACADEMICA,AREA_ACADEMICA_O_DUENO_DEL_PROGRAMA,DEPENDE,DEPENDE,Campo de formulario o carga potencial: validar contra instructivo CNED antes de excluir o completar.
28,I162S2C1J4V3,,Otro Tipo de Ingreso,REVISAR_OTRO_TIPO_INGRESO_CODIGO_REQUISITO_INGRESO_2_SEMESTRES_RECONOCIDOS_4,FORMULARIO_CNED_DESCONOCIDO,REVISAR,MEDIA,DUDA_METODOLOGICA,VALIDAR_CON_AREA_ACADEMICA,AREA_ACADEMICA_O_DUENO_DEL_PROGRAMA,DEPENDE,DEPENDE,Campo de formulario o carga potencial: validar contra instructivo CNED antes de excluir o completar.
28,I162S2C1J4V3,,Ingreso otro,REVISAR_DESCRIPCION_OTRO_INGRESO_SIN_TEXTO_FUENTE,FORMULARIO_CNED_DESCONOCIDO,REVISAR,MEDIA,DUDA_METODOLOGICA,VALIDAR_CON_AREA_ACADEMICA,AREA_ACADEMICA_O_DUENO_DEL_PROGRAMA,DEPENDE,DEPENDE,Campo de formulario o carga potencial: validar contra instructivo CNED antes de excluir o completar.
28,I162S2C1J4V3,,Observaciones,Crear según matriz PROMEDIOSDEALUMNOS_7804.xlsx / hoja matriz; conciliado contra diccionario oferta 2026; no encontrado en listado existente INDICES por CODIGO_UNICO; campos sin fuente directa quedan con revisión específica.,FORMULARIO_CNED_DESCONOCIDO,REVISION,MEDIA,OBSERVACION_INSTITUCIONAL,MANTENER_SOLO_COMO_TRAZABILIDAD,INSTRUCTIVO_CNED_Y_DECISION_INSTITUCIONAL,DEPENDE,DEPENDE,Campo de formulario o carga potencial: validar contra instructivo CNED antes de excluir o completar.
28,I162S2C1J4V3,,FECHA_ADMISION_INICIAL,REVISAR_FECHA_ADMISION_INICIAL_SIN_FUENTE,FORMULARIO_CNED_DESCONOCIDO,REVISAR,MEDIA,DUDA_METODOLOGICA,NO_RESOLVER_AUTOMATICAMENTE,INSTRUCTIVO_CNED_Y_DECISION_INSTITUCIONAL,DEPENDE,DEPENDE,Campo de formulario o carga potencial: validar contra instructivo CNED antes de excluir o completar.
28,I162S2C1J4V3,,MALLA_CURRICULAR,REVISAR_MALLA_CURRICULAR_SIN_FUENTE,FORMULARIO_CNED_DESCONOCIDO,REVISAR,MEDIA,DUDA_METODOLOGICA,VALIDAR_CON_AREA_ACADEMICA,AREA_ACADEMICA_O_DUENO_DEL_PROGRAMA,DEPENDE,DEPENDE,Campo de formulario o carga potencial: validar contra instructivo CNED antes de excluir o completar.
28,I162S2C1J4V3,,PERFIL_EGRESO,REVISAR_PERFIL_EGRESO_SIN_FUENTE,FORMULARIO_CNED_DESCONOCIDO,REVISAR,MEDIA,DUDA_METODOLOGICA,VALIDAR_CON_AREA_ACADEMICA,AREA_ACADEMICA_O_DUENO_DEL_PROGRAMA,DEPENDE,DEPENDE,Campo de formulario o carga potencial: validar contra instructivo CNED antes de excluir o completar.
28,I162S2C1J4V3,,TEXTO_REQUISITO_INGRESO,REVISAR_TEXTO_REQUISITO_INGRESO_SIN_FUENTE,FORMULARIO_CNED_DESCONOCIDO,REVISAR,MEDIA,DUDA_METODOLOGICA,VALIDAR_CON_AREA_ACADEMICA,AREA_ACADEMICA_O_DUENO_DEL_PROGRAMA,DEPENDE,DEPENDE,Campo de formulario o carga potencial: validar contra instructivo CNED antes de excluir o completar.
28,I162S2C1J4V3,,LICENCIA_ENS_MEDIA,REVISAR_LICENCIA_ENS_MEDIA_SIN_FUENTE,FORMULARIO_CNED_DESCONOCIDO,REVISAR,MEDIA,DUDA_METODOLOGICA,VALIDAR_CON_AREA_ACADEMICA,AREA_ACADEMICA_O_DUENO_DEL_PROGRAMA,DEPENDE,DEPENDE,Campo de formulario o carga potencial: validar contra instructivo CNED antes de excluir o completar.
28,I162S2C1J4V3,,NOTAS_ENS_MEDIA,REVISAR_NOTAS_ENS_MEDIA_SIN_FUENTE,FORMULARIO_CNED_DESCONOCIDO,REVISAR,MEDIA,DUDA_METODOLOGICA,VALIDAR_CON_AREA_ACADEMICA,AREA_ACADEMICA_O_DUENO_DEL_PROGRAMA,DEPENDE,DEPENDE,Campo de formulario o carga potencial: validar contra instructivo CNED antes de excluir o completar.
28,I162S2C1J4V3,,PROMEDIO_MIN_ENS_MEDIA,REVISAR_PROMEDIO_MIN_ENS_MEDIA_SIN_FUENTE,FORMULARIO_CNED_DESCONOCIDO,REVISAR,MEDIA,DUDA_METODOLOGICA,NO_RESOLVER_AUTOMATICAMENTE,INSTRUCTIVO_CNED_Y_DECISION_INSTITUCIONAL,DEPENDE,DEPENDE,Campo de formulario o carga potencial: validar contra instructivo CNED antes de excluir o completar.
28,I162S2C1J4V3,,RECONOCIMIENTOS_APREN_PREVIOS,REVISAR_RECONOCIMIENTOS_APREN_PREVIOS_SIN_FUENTE,FORMULARIO_CNED_DESCONOCIDO,REVISAR,MEDIA,DUDA_METODOLOGICA,NO_RESOLVER_AUTOMATICAMENTE,INSTRUCTIVO_CNED_Y_DECISION_INSTITUCIONAL,DEPENDE,DEPENDE,Campo de formulario o carga potencial: validar contra instructivo CNED antes de excluir o completar.
28,I162S2C1J4V3,,EXPERIENCIA_LABORAL,REVISAR_EXPERIENCIA_LABORAL_SIN_FUENTE,FORMULARIO_CNED_DESCONOCIDO,REVISAR,MEDIA,DUDA_METODOLOGICA,VALIDAR_CON_AREA_ACADEMICA,AREA_ACADEMICA_O_DUENO_DEL_PROGRAMA,DEPENDE,DEPENDE,Campo de formulario o carga potencial: validar contra instructivo CNED antes de excluir o completar.
28,I162S2C1J4V3,,OTROS_REQUISITOS,REVISAR_OTROS_REQUISITOS_SIN_FUENTE,FORMULARIO_CNED_DESCONOCIDO,REVISAR,MEDIA,DUDA_METODOLOGICA,VALIDAR_CON_AREA_ACADEMICA,AREA_ACADEMICA_O_DUENO_DEL_PROGRAMA,DEPENDE,DEPENDE,Campo de formulario o carga potencial: validar contra instructivo CNED antes de excluir o completar.
28,I162S2C1J4V3,,MAIL_DIFUSION_CARRERA,REVISAR_MAIL_DIFUSION_CARRERA_SIN_FUENTE,FORMULARIO_CNED_DESCONOCIDO,REVISAR,MEDIA,DUDA_METODOLOGICA,NO_RESOLVER_AUTOMATICAMENTE,INSTRUCTIVO_CNED_Y_DECISION_INSTITUCIONAL,DEPENDE,DEPENDE,Campo de formulario o carga potencial: validar contra instructivo CNED antes de excluir o completar.
28,I162S2C1J4V3,,FORMATO_VALOR,REVISAR_FORMATO_VALOR_SIN_FUENTE,FORMULARIO_CNED_DESCONOCIDO,REVISAR,MEDIA,DUDA_METODOLOGICA,VALIDAR_CON_FINANZAS_ARANCELES,FINANZAS_ARANCELES_INSTITUCIONAL,DEPENDE,DEPENDE,Requiere fuente monetaria explicita; no usar cero ni inferencias.
28,I162S2C1J4V3,,VALOR_MATRICULA_ANUAL,REVISAR_VALOR_MATRICULA_ANUAL_SIN_FUENTE,FORMULARIO_CNED_DESCONOCIDO,REVISAR,MEDIA,DUDA_METODOLOGICA,VALIDAR_CON_FINANZAS_ARANCELES,FINANZAS_ARANCELES_INSTITUCIONAL,DEPENDE,DEPENDE,Requiere fuente monetaria explicita; no usar cero ni inferencias.
28,I162S2C1J4V3,,COSTO_TITULACION,REVISAR_COSTO_TITULACION_SIN_FUENTE,FORMULARIO_CNED_DESCONOCIDO,REVISAR,MEDIA,DUDA_METODOLOGICA,VALIDAR_CON_FINANZAS_ARANCELES,FINANZAS_ARANCELES_INSTITUCIONAL,DEPENDE,DEPENDE,Requiere fuente monetaria explicita; no usar cero ni inferencias.
28,I162S2C1J4V3,,VALOR_CERTIFICADO_DIPLOMA,REVISAR_VALOR_CERTIFICADO_DIPLOMA_SIN_FUENTE,FORMULARIO_CNED_DESCONOCIDO,REVISAR,MEDIA,DUDA_METODOLOGICA,VALIDAR_CON_FINANZAS_ARANCELES,FINANZAS_ARANCELES_INSTITUCIONAL,DEPENDE,DEPENDE,Requiere fuente monetaria explicita; no usar cero ni inferencias.
28,I162S2C1J4V3,,ARANCEL_ANUAL,REVISAR_ARANCEL_ANUAL_SIN_FUENTE,FORMULARIO_CNED_DESCONOCIDO,REVISAR,MEDIA,DUDA_METODOLOGICA,VALIDAR_CON_FINANZAS_ARANCELES,FINANZAS_ARANCELES_INSTITUCIONAL,DEPENDE,DEPENDE,Requiere fuente monetaria explicita; no usar cero ni inferencias.
28,I162S2C1J4V3,,VIGENCIA_CARRERA,REVISAR_VIGENCIA_CARRERA_SIN_FUENTE_DIRECTA,OFICIAL_PROBABLE,REVISAR,ALTA,CAMPO_PENDIENTE_REAL,VALIDAR_CON_REGISTRO_CURRICULAR,REGISTRO_CURRICULAR_OFERTA_OFICIAL,SI,NO,Campo estructural/oficial: no resolver sin fuente institucional.
28,I162S2C1J4V3,,CNED_ESTADO_AUDITORIA,REQUIERE_REVISION,AUXILIAR_TECNICA,REVISION,BAJA,MARCA_TECNICA_REMOVIBLE,EXCLUIR_DE_ARCHIVO_CARGA_SI_ES_AUXILIAR,TRAZABILIDAD_INTERNA_CNED,NO,SI,No debe ir en archivo de carga; conservar en trazabilidad.
28,I162S2C1J4V3,,CNED_ALERTAS,CONTIENE_MARCAS_TECNICAS_DE_REVISION,AUXILIAR_TECNICA,REVISION,BAJA,MARCA_TECNICA_REMOVIBLE,EXCLUIR_DE_ARCHIVO_CARGA_SI_ES_AUXILIAR,TRAZABILIDAD_INTERNA_CNED,NO,SI,No debe ir en archivo de carga; conservar en trazabilidad.
28,I162S2C1J4V3,,CNED_PUEDE_SUBIR_PRELIMINAR,REVISAR,AUXILIAR_TECNICA,REVISAR,BAJA,MARCA_TECNICA_REMOVIBLE,EXCLUIR_DE_ARCHIVO_CARGA_SI_ES_AUXILIAR,TRAZABILIDAD_INTERNA_CNED,NO,SI,No debe ir en archivo de carga; conservar en trazabilidad.
29,I162S2C21J1V1,,Año de inicio de Actividades,DECISION_MANUAL_ANIO_INICIO,FORMULARIO_CNED_DESCONOCIDO,MANUAL,MEDIA,DUDA_METODOLOGICA,NO_RESOLVER_AUTOMATICAMENTE,INSTRUCTIVO_CNED_Y_DECISION_INSTITUCIONAL,DEPENDE,DEPENDE,Campo de formulario o carga potencial: validar contra instructivo CNED antes de excluir o completar.
29,I162S2C21J1V1,,Área del Conocimiento,REVISAR_AREA_SIN_FUENTE_DIRECTA,FORMULARIO_CNED_DESCONOCIDO,REVISAR,MEDIA,DUDA_METODOLOGICA,REQUIERE_DECISION_INSTITUCIONAL,AREA_ACADEMICA_O_DUENO_DEL_PROGRAMA,DEPENDE,DEPENDE,Campo de formulario o carga potencial: validar contra instructivo CNED antes de excluir o completar.
29,I162S2C21J1V1,,Sub Área,REVISAR_SUB_AREA_SIN_FUENTE_DIRECTA,FORMULARIO_CNED_DESCONOCIDO,REVISAR,MEDIA,DUDA_METODOLOGICA,REQUIERE_DECISION_INSTITUCIONAL,AREA_ACADEMICA_O_DUENO_DEL_PROGRAMA,DEPENDE,DEPENDE,Campo de formulario o carga potencial: validar contra instructivo CNED antes de excluir o completar.
29,I162S2C21J1V1,,Carrera Genérica,REVISAR_CARRERA_GENERICA_SIN_FUENTE_DIRECTA,FORMULARIO_CNED_DESCONOCIDO,REVISAR,MEDIA,DUDA_METODOLOGICA,REQUIERE_DECISION_INSTITUCIONAL,AREA_ACADEMICA_O_DUENO_DEL_PROGRAMA,DEPENDE,DEPENDE,Campo de formulario o carga potencial: validar contra instructivo CNED antes de excluir o completar.
29,I162S2C21J1V1,,Título que otorga el programa,REVISAR_TITULO_SIN_FUENTE_DIRECTA,FORMULARIO_CNED_DESCONOCIDO,REVISAR,MEDIA,DUDA_METODOLOGICA,NO_RESOLVER_AUTOMATICAMENTE,INSTRUCTIVO_CNED_Y_DECISION_INSTITUCIONAL,DEPENDE,DEPENDE,Campo de formulario o carga potencial: validar contra instructivo CNED antes de excluir o completar.
29,I162S2C21J1V1,,Grado Académico que otorga el programa,REVISAR_GRADO_ACADEMICO_SIN_FUENTE_DIRECTA,FORMULARIO_CNED_DESCONOCIDO,REVISAR,MEDIA,DUDA_METODOLOGICA,NO_RESOLVER_AUTOMATICAMENTE,INSTRUCTIVO_CNED_Y_DECISION_INSTITUCIONAL,DEPENDE,DEPENDE,Campo de formulario o carga potencial: validar contra instructivo CNED antes de excluir o completar.
29,I162S2C21J1V1,,Dependencia,REVISAR_DEPENDENCIA_SIN_FUENTE_DIRECTA,FORMULARIO_CNED_DESCONOCIDO,REVISAR,MEDIA,DUDA_METODOLOGICA,REQUIERE_DECISION_INSTITUCIONAL,AREA_ACADEMICA_O_DUENO_DEL_PROGRAMA,DEPENDE,DEPENDE,Campo de formulario o carga potencial: validar contra instructivo CNED antes de excluir o completar.
29,I162S2C21J1V1,,Régimen,REVISAR_REGIMEN_SIN_FUENTE,OFICIAL_PROBABLE,REVISAR,ALTA,CAMPO_PENDIENTE_REAL,VALIDAR_CON_REGISTRO_CURRICULAR,REGISTRO_CURRICULAR_OFERTA_OFICIAL,SI,NO,Campo estructural/oficial: no resolver sin fuente institucional.
29,I162S2C21J1V1,,Ingreso Directo,REVISAR_INGRESO_DIRECTO_SIN_FUENTE_DIRECTA,FORMULARIO_CNED_DESCONOCIDO,REVISAR,MEDIA,DUDA_METODOLOGICA,VALIDAR_CON_AREA_ACADEMICA,AREA_ACADEMICA_O_DUENO_DEL_PROGRAMA,DEPENDE,DEPENDE,Campo de formulario o carga potencial: validar contra instructivo CNED antes de excluir o completar.
29,I162S2C21J1V1,,Observaciones,Crear según matriz PROMEDIOSDEALUMNOS_7804.xlsx / hoja matriz; conciliado contra diccionario oferta 2026; no encontrado en listado existente INDICES por CODIGO_UNICO; campos sin fuente directa quedan con revisión específica.,FORMULARIO_CNED_DESCONOCIDO,REVISION,MEDIA,OBSERVACION_INSTITUCIONAL,MANTENER_SOLO_COMO_TRAZABILIDAD,INSTRUCTIVO_CNED_Y_DECISION_INSTITUCIONAL,DEPENDE,DEPENDE,Campo de formulario o carga potencial: validar contra instructivo CNED antes de excluir o completar.
29,I162S2C21J1V1,,ANIO_INICIO,REVISAR_ANIO_INICIO_SIN_FUENTE,OFICIAL_PROBABLE,REVISAR,ALTA,CAMPO_PENDIENTE_REAL,VALIDAR_CON_REGISTRO_CURRICULAR,REGISTRO_CURRICULAR_OFERTA_OFICIAL,SI,NO,Campo estructural/oficial: no resolver sin fuente institucional.
29,I162S2C21J1V1,,REGIMEN,REVISAR_REGIMEN_SIN_FUENTE,OFICIAL_PROBABLE,REVISAR,ALTA,CAMPO_PENDIENTE_REAL,VALIDAR_CON_REGISTRO_CURRICULAR,REGISTRO_CURRICULAR_OFERTA_OFICIAL,SI,NO,Campo estructural/oficial: no resolver sin fuente institucional.
29,I162S2C21J1V1,,DURACION_REGIMEN,REVISAR_DURACION_REGIMEN_SIN_FUENTE,OFICIAL_PROBABLE,REVISAR,ALTA,CAMPO_PENDIENTE_REAL,VALIDAR_CON_REGISTRO_CURRICULAR,REGISTRO_CURRICULAR_OFERTA_OFICIAL,SI,NO,Campo estructural/oficial: no resolver sin fuente institucional.
29,I162S2C21J1V1,,NOMBRE_TITULO,REVISAR_NOMBRE_TITULO_SIN_FUENTE_CONFIABLE,OFICIAL_PROBABLE,REVISAR,ALTA,CAMPO_PENDIENTE_REAL,VALIDAR_CON_OFERTA_ACADEMICA,OFERTA_ACADEMICA_INSTITUCIONAL,SI,NO,Campo estructural/oficial: no resolver sin fuente institucional.
29,I162S2C21J1V1,,ACREDITACION,REVISAR_ACREDITACION_SIN_FUENTE,OFICIAL_PROBABLE,REVISAR,ALTA,CAMPO_PENDIENTE_REAL,VALIDAR_CON_OFERTA_ACADEMICA,OFERTA_ACADEMICA_INSTITUCIONAL,SI,NO,Campo estructural/oficial: no resolver sin fuente institucional.
29,I162S2C21J1V1,,REQUISITO_INGRESO,REVISAR_REQUISITO_INGRESO_SIN_FUENTE,OFICIAL_PROBABLE,REVISAR,ALTA,CAMPO_PENDIENTE_REAL,VALIDAR_CON_OFERTA_ACADEMICA,OFERTA_ACADEMICA_INSTITUCIONAL,SI,NO,Campo estructural/oficial: no resolver sin fuente institucional.
29,I162S2C21J1V1,,SEMESTRES_RECONOCIDOS,REVISAR_SEMESTRES_RECONOCIDOS_SIN_FUENTE,OFICIAL_PROBABLE,REVISAR,ALTA,CAMPO_PENDIENTE_REAL,VALIDAR_CON_OFERTA_ACADEMICA,OFERTA_ACADEMICA_INSTITUCIONAL,SI,NO,Campo estructural/oficial: no resolver sin fuente institucional.
29,I162S2C21J1V1,,AREA_ACTUAL,REVISAR_AREA_ACTUAL_SIN_FUENTE,OFICIAL_PROBABLE,REVISAR,ALTA,CAMPO_PENDIENTE_REAL,VALIDAR_CON_OFERTA_ACADEMICA,OFERTA_ACADEMICA_INSTITUCIONAL,SI,NO,Campo estructural/oficial: no resolver sin fuente institucional.
29,I162S2C21J1V1,,AREA_ADMIN_DERECHO,REVISAR_AREA_ADMIN_DERECHO_SIN_FUENTE,FORMULARIO_CNED_DESCONOCIDO,REVISAR,MEDIA,DUDA_METODOLOGICA,REQUIERE_DECISION_INSTITUCIONAL,AREA_ACADEMICA_O_DUENO_DEL_PROGRAMA,DEPENDE,DEPENDE,Campo de formulario o carga potencial: validar contra instructivo CNED antes de excluir o completar.
29,I162S2C21J1V1,,AREA_AGRI_SILVI_PESCA_VET,REVISAR_AREA_AGRI_SILVI_PESCA_VET_SIN_FUENTE,FORMULARIO_CNED_DESCONOCIDO,REVISAR,MEDIA,DUDA_METODOLOGICA,REQUIERE_DECISION_INSTITUCIONAL,AREA_ACADEMICA_O_DUENO_DEL_PROGRAMA,DEPENDE,DEPENDE,Campo de formulario o carga potencial: validar contra instructivo CNED antes de excluir o completar.
29,I162S2C21J1V1,,AREA_ARTES_HUMANIDADES,REVISAR_AREA_ARTES_HUMANIDADES_SIN_FUENTE,FORMULARIO_CNED_DESCONOCIDO,REVISAR,MEDIA,DUDA_METODOLOGICA,REQUIERE_DECISION_INSTITUCIONAL,AREA_ACADEMICA_O_DUENO_DEL_PROGRAMA,DEPENDE,DEPENDE,Campo de formulario o carga potencial: validar contra instructivo CNED antes de excluir o completar.
29,I162S2C21J1V1,,AREA_CIENCIAS_NAT_MAT_ESTAD,REVISAR_AREA_CIENCIAS_NAT_MAT_ESTAD_SIN_FUENTE,FORMULARIO_CNED_DESCONOCIDO,REVISAR,MEDIA,DUDA_METODOLOGICA,REQUIERE_DECISION_INSTITUCIONAL,AREA_ACADEMICA_O_DUENO_DEL_PROGRAMA,DEPENDE,DEPENDE,Campo de formulario o carga potencial: validar contra instructivo CNED antes de excluir o completar.
29,I162S2C21J1V1,,AREA_CS_SOCIAL_PERIODISMO_INFO,REVISAR_AREA_CS_SOCIAL_PERIODISMO_INFO_SIN_FUENTE,FORMULARIO_CNED_DESCONOCIDO,REVISAR,MEDIA,DUDA_METODOLOGICA,REQUIERE_DECISION_INSTITUCIONAL,AREA_ACADEMICA_O_DUENO_DEL_PROGRAMA,DEPENDE,DEPENDE,Campo de formulario o carga potencial: validar contra instructivo CNED antes de excluir o completar.
29,I162S2C21J1V1,,AREA_EDUCACION,REVISAR_AREA_EDUCACION_SIN_FUENTE,FORMULARIO_CNED_DESCONOCIDO,REVISAR,MEDIA,DUDA_METODOLOGICA,REQUIERE_DECISION_INSTITUCIONAL,AREA_ACADEMICA_O_DUENO_DEL_PROGRAMA,DEPENDE,DEPENDE,Campo de formulario o carga potencial: validar contra instructivo CNED antes de excluir o completar.
29,I162S2C21J1V1,,AREA_INGE_INDUSTRIA_CONSTRUC,REVISAR_AREA_INGE_INDUSTRIA_CONSTRUC_SIN_FUENTE,FORMULARIO_CNED_DESCONOCIDO,REVISAR,MEDIA,DUDA_METODOLOGICA,REQUIERE_DECISION_INSTITUCIONAL,AREA_ACADEMICA_O_DUENO_DEL_PROGRAMA,DEPENDE,DEPENDE,Campo de formulario o carga potencial: validar contra instructivo CNED antes de excluir o completar.
29,I162S2C21J1V1,,AREA_SALUD_BIENESTAR,REVISAR_AREA_SALUD_BIENESTAR_SIN_FUENTE,FORMULARIO_CNED_DESCONOCIDO,REVISAR,MEDIA,DUDA_METODOLOGICA,REQUIERE_DECISION_INSTITUCIONAL,AREA_ACADEMICA_O_DUENO_DEL_PROGRAMA,DEPENDE,DEPENDE,Campo de formulario o carga potencial: validar contra instructivo CNED antes de excluir o completar.
29,I162S2C21J1V1,,AREA_SERVICIOS,REVISAR_AREA_SERVICIOS_SIN_FUENTE,FORMULARIO_CNED_DESCONOCIDO,REVISAR,MEDIA,DUDA_METODOLOGICA,REQUIERE_DECISION_INSTITUCIONAL,AREA_ACADEMICA_O_DUENO_DEL_PROGRAMA,DEPENDE,DEPENDE,Campo de formulario o carga potencial: validar contra instructivo CNED antes de excluir o completar.
29,I162S2C21J1V1,,AREA_TECNO_INFO_COMUNICA,REVISAR_AREA_TECNO_INFO_COMUNICA_SIN_FUENTE,FORMULARIO_CNED_DESCONOCIDO,REVISAR,MEDIA,DUDA_METODOLOGICA,REQUIERE_DECISION_INSTITUCIONAL,AREA_ACADEMICA_O_DUENO_DEL_PROGRAMA,DEPENDE,DEPENDE,Campo de formulario o carga potencial: validar contra instructivo CNED antes de excluir o completar.
29,I162S2C21J1V1,,VACANTES_PRIMER_SEMESTRE,REVISAR_VACANTES_PRIMER_SEMESTRE_SIN_FUENTE,FORMULARIO_CNED_DESCONOCIDO,REVISAR,MEDIA,DUDA_METODOLOGICA,REQUIERE_DECISION_INSTITUCIONAL,AREA_ACADEMICA_O_DUENO_DEL_PROGRAMA,DEPENDE,DEPENDE,Campo de formulario o carga potencial: validar contra instructivo CNED antes de excluir o completar.
29,I162S2C21J1V1,,VACANTES_SEGUNDO_SEMESTRE,REVISAR_VACANTES_SEGUNDO_SEMESTRE_SIN_FUENTE,FORMULARIO_CNED_DESCONOCIDO,REVISAR,MEDIA,DUDA_METODOLOGICA,REQUIERE_DECISION_INSTITUCIONAL,AREA_ACADEMICA_O_DUENO_DEL_PROGRAMA,DEPENDE,DEPENDE,Campo de formulario o carga potencial: validar contra instructivo CNED antes de excluir o completar.
29,I162S2C21J1V1,,FECHA_ADMISION_INICIAL,REVISAR_FECHA_ADMISION_INICIAL_SIN_FUENTE,FORMULARIO_CNED_DESCONOCIDO,REVISAR,MEDIA,DUDA_METODOLOGICA,NO_RESOLVER_AUTOMATICAMENTE,INSTRUCTIVO_CNED_Y_DECISION_INSTITUCIONAL,DEPENDE,DEPENDE,Campo de formulario o carga potencial: validar contra instructivo CNED antes de excluir o completar.
29,I162S2C21J1V1,,MALLA_CURRICULAR,REVISAR_MALLA_CURRICULAR_SIN_FUENTE,FORMULARIO_CNED_DESCONOCIDO,REVISAR,MEDIA,DUDA_METODOLOGICA,VALIDAR_CON_AREA_ACADEMICA,AREA_ACADEMICA_O_DUENO_DEL_PROGRAMA,DEPENDE,DEPENDE,Campo de formulario o carga potencial: validar contra instructivo CNED antes de excluir o completar.
29,I162S2C21J1V1,,PERFIL_EGRESO,REVISAR_PERFIL_EGRESO_SIN_FUENTE,FORMULARIO_CNED_DESCONOCIDO,REVISAR,MEDIA,DUDA_METODOLOGICA,VALIDAR_CON_AREA_ACADEMICA,AREA_ACADEMICA_O_DUENO_DEL_PROGRAMA,DEPENDE,DEPENDE,Campo de formulario o carga potencial: validar contra instructivo CNED antes de excluir o completar.
29,I162S2C21J1V1,,TEXTO_REQUISITO_INGRESO,REVISAR_TEXTO_REQUISITO_INGRESO_SIN_FUENTE,FORMULARIO_CNED_DESCONOCIDO,REVISAR,MEDIA,DUDA_METODOLOGICA,VALIDAR_CON_AREA_ACADEMICA,AREA_ACADEMICA_O_DUENO_DEL_PROGRAMA,DEPENDE,DEPENDE,Campo de formulario o carga potencial: validar contra instructivo CNED antes de excluir o completar.
29,I162S2C21J1V1,,LICENCIA_ENS_MEDIA,REVISAR_LICENCIA_ENS_MEDIA_SIN_FUENTE,FORMULARIO_CNED_DESCONOCIDO,REVISAR,MEDIA,DUDA_METODOLOGICA,VALIDAR_CON_AREA_ACADEMICA,AREA_ACADEMICA_O_DUENO_DEL_PROGRAMA,DEPENDE,DEPENDE,Campo de formulario o carga potencial: validar contra instructivo CNED antes de excluir o completar.
29,I162S2C21J1V1,,NOTAS_ENS_MEDIA,REVISAR_NOTAS_ENS_MEDIA_SIN_FUENTE,FORMULARIO_CNED_DESCONOCIDO,REVISAR,MEDIA,DUDA_METODOLOGICA,VALIDAR_CON_AREA_ACADEMICA,AREA_ACADEMICA_O_DUENO_DEL_PROGRAMA,DEPENDE,DEPENDE,Campo de formulario o carga potencial: validar contra instructivo CNED antes de excluir o completar.
29,I162S2C21J1V1,,PROMEDIO_MIN_ENS_MEDIA,REVISAR_PROMEDIO_MIN_ENS_MEDIA_SIN_FUENTE,FORMULARIO_CNED_DESCONOCIDO,REVISAR,MEDIA,DUDA_METODOLOGICA,NO_RESOLVER_AUTOMATICAMENTE,INSTRUCTIVO_CNED_Y_DECISION_INSTITUCIONAL,DEPENDE,DEPENDE,Campo de formulario o carga potencial: validar contra instructivo CNED antes de excluir o completar.
29,I162S2C21J1V1,,RECONOCIMIENTOS_APREN_PREVIOS,REVISAR_RECONOCIMIENTOS_APREN_PREVIOS_SIN_FUENTE,FORMULARIO_CNED_DESCONOCIDO,REVISAR,MEDIA,DUDA_METODOLOGICA,NO_RESOLVER_AUTOMATICAMENTE,INSTRUCTIVO_CNED_Y_DECISION_INSTITUCIONAL,DEPENDE,DEPENDE,Campo de formulario o carga potencial: validar contra instructivo CNED antes de excluir o completar.
29,I162S2C21J1V1,,EXPERIENCIA_LABORAL,REVISAR_EXPERIENCIA_LABORAL_SIN_FUENTE,FORMULARIO_CNED_DESCONOCIDO,REVISAR,MEDIA,DUDA_METODOLOGICA,VALIDAR_CON_AREA_ACADEMICA,AREA_ACADEMICA_O_DUENO_DEL_PROGRAMA,DEPENDE,DEPENDE,Campo de formulario o carga potencial: validar contra instructivo CNED antes de excluir o completar.
29,I162S2C21J1V1,,OTROS_REQUISITOS,REVISAR_OTROS_REQUISITOS_SIN_FUENTE,FORMULARIO_CNED_DESCONOCIDO,REVISAR,MEDIA,DUDA_METODOLOGICA,VALIDAR_CON_AREA_ACADEMICA,AREA_ACADEMICA_O_DUENO_DEL_PROGRAMA,DEPENDE,DEPENDE,Campo de formulario o carga potencial: validar contra instructivo CNED antes de excluir o completar.
29,I162S2C21J1V1,,MAIL_DIFUSION_CARRERA,REVISAR_MAIL_DIFUSION_CARRERA_SIN_FUENTE,FORMULARIO_CNED_DESCONOCIDO,REVISAR,MEDIA,DUDA_METODOLOGICA,NO_RESOLVER_AUTOMATICAMENTE,INSTRUCTIVO_CNED_Y_DECISION_INSTITUCIONAL,DEPENDE,DEPENDE,Campo de formulario o carga potencial: validar contra instructivo CNED antes de excluir o completar.
29,I162S2C21J1V1,,FORMATO_VALOR,REVISAR_FORMATO_VALOR_SIN_FUENTE,FORMULARIO_CNED_DESCONOCIDO,REVISAR,MEDIA,DUDA_METODOLOGICA,VALIDAR_CON_FINANZAS_ARANCELES,FINANZAS_ARANCELES_INSTITUCIONAL,DEPENDE,DEPENDE,Requiere fuente monetaria explicita; no usar cero ni inferencias.
29,I162S2C21J1V1,,VALOR_MATRICULA_ANUAL,REVISAR_VALOR_MATRICULA_ANUAL_SIN_FUENTE,FORMULARIO_CNED_DESCONOCIDO,REVISAR,MEDIA,DUDA_METODOLOGICA,VALIDAR_CON_FINANZAS_ARANCELES,FINANZAS_ARANCELES_INSTITUCIONAL,DEPENDE,DEPENDE,Requiere fuente monetaria explicita; no usar cero ni inferencias.
29,I162S2C21J1V1,,COSTO_TITULACION,REVISAR_COSTO_TITULACION_SIN_FUENTE,FORMULARIO_CNED_DESCONOCIDO,REVISAR,MEDIA,DUDA_METODOLOGICA,VALIDAR_CON_FINANZAS_ARANCELES,FINANZAS_ARANCELES_INSTITUCIONAL,DEPENDE,DEPENDE,Requiere fuente monetaria explicita; no usar cero ni inferencias.
29,I162S2C21J1V1,,VALOR_CERTIFICADO_DIPLOMA,REVISAR_VALOR_CERTIFICADO_DIPLOMA_SIN_FUENTE,FORMULARIO_CNED_DESCONOCIDO,REVISAR,MEDIA,DUDA_METODOLOGICA,VALIDAR_CON_FINANZAS_ARANCELES,FINANZAS_ARANCELES_INSTITUCIONAL,DEPENDE,DEPENDE,Requiere fuente monetaria explicita; no usar cero ni inferencias.
29,I162S2C21J1V1,,ARANCEL_ANUAL,REVISAR_ARANCEL_ANUAL_SIN_FUENTE,FORMULARIO_CNED_DESCONOCIDO,REVISAR,MEDIA,DUDA_METODOLOGICA,VALIDAR_CON_FINANZAS_ARANCELES,FINANZAS_ARANCELES_INSTITUCIONAL,DEPENDE,DEPENDE,Requiere fuente monetaria explicita; no usar cero ni inferencias.
29,I162S2C21J1V1,,CNED_ESTADO_AUDITORIA,REQUIERE_REVISION,AUXILIAR_TECNICA,REVISION,BAJA,MARCA_TECNICA_REMOVIBLE,EXCLUIR_DE_ARCHIVO_CARGA_SI_ES_AUXILIAR,TRAZABILIDAD_INTERNA_CNED,NO,SI,No debe ir en archivo de carga; conservar en trazabilidad.
29,I162S2C21J1V1,,CNED_ALERTAS,CONTIENE_MARCAS_TECNICAS_DE_REVISION,AUXILIAR_TECNICA,REVISION,BAJA,MARCA_TECNICA_REMOVIBLE,EXCLUIR_DE_ARCHIVO_CARGA_SI_ES_AUXILIAR,TRAZABILIDAD_INTERNA_CNED,NO,SI,No debe ir en archivo de carga; conservar en trazabilidad.
29,I162S2C21J1V1,,CNED_PUEDE_SUBIR_PRELIMINAR,REVISAR,AUXILIAR_TECNICA,REVISAR,BAJA,MARCA_TECNICA_REMOVIBLE,EXCLUIR_DE_ARCHIVO_CARGA_SI_ES_AUXILIAR,TRAZABILIDAD_INTERNA_CNED,NO,SI,No debe ir en archivo de carga; conservar en trazabilidad.
30,I162S2C21J2V1,,Año de inicio de Actividades,DECISION_MANUAL_ANIO_INICIO,FORMULARIO_CNED_DESCONOCIDO,MANUAL,MEDIA,DUDA_METODOLOGICA,NO_RESOLVER_AUTOMATICAMENTE,INSTRUCTIVO_CNED_Y_DECISION_INSTITUCIONAL,DEPENDE,DEPENDE,Campo de formulario o carga potencial: validar contra instructivo CNED antes de excluir o completar.
30,I162S2C21J2V1,,Área del Conocimiento,REVISAR_AREA_SIN_FUENTE_DIRECTA,FORMULARIO_CNED_DESCONOCIDO,REVISAR,MEDIA,DUDA_METODOLOGICA,REQUIERE_DECISION_INSTITUCIONAL,AREA_ACADEMICA_O_DUENO_DEL_PROGRAMA,DEPENDE,DEPENDE,Campo de formulario o carga potencial: validar contra instructivo CNED antes de excluir o completar.
30,I162S2C21J2V1,,Sub Área,REVISAR_SUB_AREA_SIN_FUENTE_DIRECTA,FORMULARIO_CNED_DESCONOCIDO,REVISAR,MEDIA,DUDA_METODOLOGICA,REQUIERE_DECISION_INSTITUCIONAL,AREA_ACADEMICA_O_DUENO_DEL_PROGRAMA,DEPENDE,DEPENDE,Campo de formulario o carga potencial: validar contra instructivo CNED antes de excluir o completar.
30,I162S2C21J2V1,,Carrera Genérica,REVISAR_CARRERA_GENERICA_SIN_FUENTE_DIRECTA,FORMULARIO_CNED_DESCONOCIDO,REVISAR,MEDIA,DUDA_METODOLOGICA,REQUIERE_DECISION_INSTITUCIONAL,AREA_ACADEMICA_O_DUENO_DEL_PROGRAMA,DEPENDE,DEPENDE,Campo de formulario o carga potencial: validar contra instructivo CNED antes de excluir o completar.
30,I162S2C21J2V1,,Título que otorga el programa,REVISAR_TITULO_SIN_FUENTE_DIRECTA,FORMULARIO_CNED_DESCONOCIDO,REVISAR,MEDIA,DUDA_METODOLOGICA,NO_RESOLVER_AUTOMATICAMENTE,INSTRUCTIVO_CNED_Y_DECISION_INSTITUCIONAL,DEPENDE,DEPENDE,Campo de formulario o carga potencial: validar contra instructivo CNED antes de excluir o completar.
30,I162S2C21J2V1,,Grado Académico que otorga el programa,REVISAR_GRADO_ACADEMICO_SIN_FUENTE_DIRECTA,FORMULARIO_CNED_DESCONOCIDO,REVISAR,MEDIA,DUDA_METODOLOGICA,NO_RESOLVER_AUTOMATICAMENTE,INSTRUCTIVO_CNED_Y_DECISION_INSTITUCIONAL,DEPENDE,DEPENDE,Campo de formulario o carga potencial: validar contra instructivo CNED antes de excluir o completar.
30,I162S2C21J2V1,,Dependencia,REVISAR_DEPENDENCIA_SIN_FUENTE_DIRECTA,FORMULARIO_CNED_DESCONOCIDO,REVISAR,MEDIA,DUDA_METODOLOGICA,REQUIERE_DECISION_INSTITUCIONAL,AREA_ACADEMICA_O_DUENO_DEL_PROGRAMA,DEPENDE,DEPENDE,Campo de formulario o carga potencial: validar contra instructivo CNED antes de excluir o completar.
30,I162S2C21J2V1,,Régimen,REVISAR_REGIMEN_SIN_FUENTE,OFICIAL_PROBABLE,REVISAR,ALTA,CAMPO_PENDIENTE_REAL,VALIDAR_CON_REGISTRO_CURRICULAR,REGISTRO_CURRICULAR_OFERTA_OFICIAL,SI,NO,Campo estructural/oficial: no resolver sin fuente institucional.
30,I162S2C21J2V1,,Ingreso Directo,REVISAR_INGRESO_DIRECTO_SIN_FUENTE_DIRECTA,FORMULARIO_CNED_DESCONOCIDO,REVISAR,MEDIA,DUDA_METODOLOGICA,VALIDAR_CON_AREA_ACADEMICA,AREA_ACADEMICA_O_DUENO_DEL_PROGRAMA,DEPENDE,DEPENDE,Campo de formulario o carga potencial: validar contra instructivo CNED antes de excluir o completar.
30,I162S2C21J2V1,,Observaciones,Crear según matriz PROMEDIOSDEALUMNOS_7804.xlsx / hoja matriz; conciliado contra diccionario oferta 2026; no encontrado en listado existente INDICES por CODIGO_UNICO; campos sin fuente directa quedan con revisión específica.,FORMULARIO_CNED_DESCONOCIDO,REVISION,MEDIA,OBSERVACION_INSTITUCIONAL,MANTENER_SOLO_COMO_TRAZABILIDAD,INSTRUCTIVO_CNED_Y_DECISION_INSTITUCIONAL,DEPENDE,DEPENDE,Campo de formulario o carga potencial: validar contra instructivo CNED antes de excluir o completar.
30,I162S2C21J2V1,,ANIO_INICIO,REVISAR_ANIO_INICIO_SIN_FUENTE,OFICIAL_PROBABLE,REVISAR,ALTA,CAMPO_PENDIENTE_REAL,VALIDAR_CON_REGISTRO_CURRICULAR,REGISTRO_CURRICULAR_OFERTA_OFICIAL,SI,NO,Campo estructural/oficial: no resolver sin fuente institucional.
30,I162S2C21J2V1,,REGIMEN,REVISAR_REGIMEN_SIN_FUENTE,OFICIAL_PROBABLE,REVISAR,ALTA,CAMPO_PENDIENTE_REAL,VALIDAR_CON_REGISTRO_CURRICULAR,REGISTRO_CURRICULAR_OFERTA_OFICIAL,SI,NO,Campo estructural/oficial: no resolver sin fuente institucional.
30,I162S2C21J2V1,,DURACION_REGIMEN,REVISAR_DURACION_REGIMEN_SIN_FUENTE,OFICIAL_PROBABLE,REVISAR,ALTA,CAMPO_PENDIENTE_REAL,VALIDAR_CON_REGISTRO_CURRICULAR,REGISTRO_CURRICULAR_OFERTA_OFICIAL,SI,NO,Campo estructural/oficial: no resolver sin fuente institucional.
30,I162S2C21J2V1,,NOMBRE_TITULO,REVISAR_NOMBRE_TITULO_SIN_FUENTE_CONFIABLE,OFICIAL_PROBABLE,REVISAR,ALTA,CAMPO_PENDIENTE_REAL,VALIDAR_CON_OFERTA_ACADEMICA,OFERTA_ACADEMICA_INSTITUCIONAL,SI,NO,Campo estructural/oficial: no resolver sin fuente institucional.
30,I162S2C21J2V1,,ACREDITACION,REVISAR_ACREDITACION_SIN_FUENTE,OFICIAL_PROBABLE,REVISAR,ALTA,CAMPO_PENDIENTE_REAL,VALIDAR_CON_OFERTA_ACADEMICA,OFERTA_ACADEMICA_INSTITUCIONAL,SI,NO,Campo estructural/oficial: no resolver sin fuente institucional.
30,I162S2C21J2V1,,REQUISITO_INGRESO,REVISAR_REQUISITO_INGRESO_SIN_FUENTE,OFICIAL_PROBABLE,REVISAR,ALTA,CAMPO_PENDIENTE_REAL,VALIDAR_CON_OFERTA_ACADEMICA,OFERTA_ACADEMICA_INSTITUCIONAL,SI,NO,Campo estructural/oficial: no resolver sin fuente institucional.
30,I162S2C21J2V1,,SEMESTRES_RECONOCIDOS,REVISAR_SEMESTRES_RECONOCIDOS_SIN_FUENTE,OFICIAL_PROBABLE,REVISAR,ALTA,CAMPO_PENDIENTE_REAL,VALIDAR_CON_OFERTA_ACADEMICA,OFERTA_ACADEMICA_INSTITUCIONAL,SI,NO,Campo estructural/oficial: no resolver sin fuente institucional.
30,I162S2C21J2V1,,AREA_ACTUAL,REVISAR_AREA_ACTUAL_SIN_FUENTE,OFICIAL_PROBABLE,REVISAR,ALTA,CAMPO_PENDIENTE_REAL,VALIDAR_CON_OFERTA_ACADEMICA,OFERTA_ACADEMICA_INSTITUCIONAL,SI,NO,Campo estructural/oficial: no resolver sin fuente institucional.
30,I162S2C21J2V1,,AREA_ADMIN_DERECHO,REVISAR_AREA_ADMIN_DERECHO_SIN_FUENTE,FORMULARIO_CNED_DESCONOCIDO,REVISAR,MEDIA,DUDA_METODOLOGICA,REQUIERE_DECISION_INSTITUCIONAL,AREA_ACADEMICA_O_DUENO_DEL_PROGRAMA,DEPENDE,DEPENDE,Campo de formulario o carga potencial: validar contra instructivo CNED antes de excluir o completar.
30,I162S2C21J2V1,,AREA_AGRI_SILVI_PESCA_VET,REVISAR_AREA_AGRI_SILVI_PESCA_VET_SIN_FUENTE,FORMULARIO_CNED_DESCONOCIDO,REVISAR,MEDIA,DUDA_METODOLOGICA,REQUIERE_DECISION_INSTITUCIONAL,AREA_ACADEMICA_O_DUENO_DEL_PROGRAMA,DEPENDE,DEPENDE,Campo de formulario o carga potencial: validar contra instructivo CNED antes de excluir o completar.
30,I162S2C21J2V1,,AREA_ARTES_HUMANIDADES,REVISAR_AREA_ARTES_HUMANIDADES_SIN_FUENTE,FORMULARIO_CNED_DESCONOCIDO,REVISAR,MEDIA,DUDA_METODOLOGICA,REQUIERE_DECISION_INSTITUCIONAL,AREA_ACADEMICA_O_DUENO_DEL_PROGRAMA,DEPENDE,DEPENDE,Campo de formulario o carga potencial: validar contra instructivo CNED antes de excluir o completar.
30,I162S2C21J2V1,,AREA_CIENCIAS_NAT_MAT_ESTAD,REVISAR_AREA_CIENCIAS_NAT_MAT_ESTAD_SIN_FUENTE,FORMULARIO_CNED_DESCONOCIDO,REVISAR,MEDIA,DUDA_METODOLOGICA,REQUIERE_DECISION_INSTITUCIONAL,AREA_ACADEMICA_O_DUENO_DEL_PROGRAMA,DEPENDE,DEPENDE,Campo de formulario o carga potencial: validar contra instructivo CNED antes de excluir o completar.
30,I162S2C21J2V1,,AREA_CS_SOCIAL_PERIODISMO_INFO,REVISAR_AREA_CS_SOCIAL_PERIODISMO_INFO_SIN_FUENTE,FORMULARIO_CNED_DESCONOCIDO,REVISAR,MEDIA,DUDA_METODOLOGICA,REQUIERE_DECISION_INSTITUCIONAL,AREA_ACADEMICA_O_DUENO_DEL_PROGRAMA,DEPENDE,DEPENDE,Campo de formulario o carga potencial: validar contra instructivo CNED antes de excluir o completar.
30,I162S2C21J2V1,,AREA_EDUCACION,REVISAR_AREA_EDUCACION_SIN_FUENTE,FORMULARIO_CNED_DESCONOCIDO,REVISAR,MEDIA,DUDA_METODOLOGICA,REQUIERE_DECISION_INSTITUCIONAL,AREA_ACADEMICA_O_DUENO_DEL_PROGRAMA,DEPENDE,DEPENDE,Campo de formulario o carga potencial: validar contra instructivo CNED antes de excluir o completar.
30,I162S2C21J2V1,,AREA_INGE_INDUSTRIA_CONSTRUC,REVISAR_AREA_INGE_INDUSTRIA_CONSTRUC_SIN_FUENTE,FORMULARIO_CNED_DESCONOCIDO,REVISAR,MEDIA,DUDA_METODOLOGICA,REQUIERE_DECISION_INSTITUCIONAL,AREA_ACADEMICA_O_DUENO_DEL_PROGRAMA,DEPENDE,DEPENDE,Campo de formulario o carga potencial: validar contra instructivo CNED antes de excluir o completar.
30,I162S2C21J2V1,,AREA_SALUD_BIENESTAR,REVISAR_AREA_SALUD_BIENESTAR_SIN_FUENTE,FORMULARIO_CNED_DESCONOCIDO,REVISAR,MEDIA,DUDA_METODOLOGICA,REQUIERE_DECISION_INSTITUCIONAL,AREA_ACADEMICA_O_DUENO_DEL_PROGRAMA,DEPENDE,DEPENDE,Campo de formulario o carga potencial: validar contra instructivo CNED antes de excluir o completar.
30,I162S2C21J2V1,,AREA_SERVICIOS,REVISAR_AREA_SERVICIOS_SIN_FUENTE,FORMULARIO_CNED_DESCONOCIDO,REVISAR,MEDIA,DUDA_METODOLOGICA,REQUIERE_DECISION_INSTITUCIONAL,AREA_ACADEMICA_O_DUENO_DEL_PROGRAMA,DEPENDE,DEPENDE,Campo de formulario o carga potencial: validar contra instructivo CNED antes de excluir o completar.
30,I162S2C21J2V1,,AREA_TECNO_INFO_COMUNICA,REVISAR_AREA_TECNO_INFO_COMUNICA_SIN_FUENTE,FORMULARIO_CNED_DESCONOCIDO,REVISAR,MEDIA,DUDA_METODOLOGICA,REQUIERE_DECISION_INSTITUCIONAL,AREA_ACADEMICA_O_DUENO_DEL_PROGRAMA,DEPENDE,DEPENDE,Campo de formulario o carga potencial: validar contra instructivo CNED antes de excluir o completar.
30,I162S2C21J2V1,,VACANTES_PRIMER_SEMESTRE,REVISAR_VACANTES_PRIMER_SEMESTRE_SIN_FUENTE,FORMULARIO_CNED_DESCONOCIDO,REVISAR,MEDIA,DUDA_METODOLOGICA,REQUIERE_DECISION_INSTITUCIONAL,AREA_ACADEMICA_O_DUENO_DEL_PROGRAMA,DEPENDE,DEPENDE,Campo de formulario o carga potencial: validar contra instructivo CNED antes de excluir o completar.
30,I162S2C21J2V1,,VACANTES_SEGUNDO_SEMESTRE,REVISAR_VACANTES_SEGUNDO_SEMESTRE_SIN_FUENTE,FORMULARIO_CNED_DESCONOCIDO,REVISAR,MEDIA,DUDA_METODOLOGICA,REQUIERE_DECISION_INSTITUCIONAL,AREA_ACADEMICA_O_DUENO_DEL_PROGRAMA,DEPENDE,DEPENDE,Campo de formulario o carga potencial: validar contra instructivo CNED antes de excluir o completar.
30,I162S2C21J2V1,,FECHA_ADMISION_INICIAL,REVISAR_FECHA_ADMISION_INICIAL_SIN_FUENTE,FORMULARIO_CNED_DESCONOCIDO,REVISAR,MEDIA,DUDA_METODOLOGICA,NO_RESOLVER_AUTOMATICAMENTE,INSTRUCTIVO_CNED_Y_DECISION_INSTITUCIONAL,DEPENDE,DEPENDE,Campo de formulario o carga potencial: validar contra instructivo CNED antes de excluir o completar.
30,I162S2C21J2V1,,MALLA_CURRICULAR,REVISAR_MALLA_CURRICULAR_SIN_FUENTE,FORMULARIO_CNED_DESCONOCIDO,REVISAR,MEDIA,DUDA_METODOLOGICA,VALIDAR_CON_AREA_ACADEMICA,AREA_ACADEMICA_O_DUENO_DEL_PROGRAMA,DEPENDE,DEPENDE,Campo de formulario o carga potencial: validar contra instructivo CNED antes de excluir o completar.
30,I162S2C21J2V1,,PERFIL_EGRESO,REVISAR_PERFIL_EGRESO_SIN_FUENTE,FORMULARIO_CNED_DESCONOCIDO,REVISAR,MEDIA,DUDA_METODOLOGICA,VALIDAR_CON_AREA_ACADEMICA,AREA_ACADEMICA_O_DUENO_DEL_PROGRAMA,DEPENDE,DEPENDE,Campo de formulario o carga potencial: validar contra instructivo CNED antes de excluir o completar.
30,I162S2C21J2V1,,TEXTO_REQUISITO_INGRESO,REVISAR_TEXTO_REQUISITO_INGRESO_SIN_FUENTE,FORMULARIO_CNED_DESCONOCIDO,REVISAR,MEDIA,DUDA_METODOLOGICA,VALIDAR_CON_AREA_ACADEMICA,AREA_ACADEMICA_O_DUENO_DEL_PROGRAMA,DEPENDE,DEPENDE,Campo de formulario o carga potencial: validar contra instructivo CNED antes de excluir o completar.
30,I162S2C21J2V1,,LICENCIA_ENS_MEDIA,REVISAR_LICENCIA_ENS_MEDIA_SIN_FUENTE,FORMULARIO_CNED_DESCONOCIDO,REVISAR,MEDIA,DUDA_METODOLOGICA,VALIDAR_CON_AREA_ACADEMICA,AREA_ACADEMICA_O_DUENO_DEL_PROGRAMA,DEPENDE,DEPENDE,Campo de formulario o carga potencial: validar contra instructivo CNED antes de excluir o completar.
30,I162S2C21J2V1,,NOTAS_ENS_MEDIA,REVISAR_NOTAS_ENS_MEDIA_SIN_FUENTE,FORMULARIO_CNED_DESCONOCIDO,REVISAR,MEDIA,DUDA_METODOLOGICA,VALIDAR_CON_AREA_ACADEMICA,AREA_ACADEMICA_O_DUENO_DEL_PROGRAMA,DEPENDE,DEPENDE,Campo de formulario o carga potencial: validar contra instructivo CNED antes de excluir o completar.
30,I162S2C21J2V1,,PROMEDIO_MIN_ENS_MEDIA,REVISAR_PROMEDIO_MIN_ENS_MEDIA_SIN_FUENTE,FORMULARIO_CNED_DESCONOCIDO,REVISAR,MEDIA,DUDA_METODOLOGICA,NO_RESOLVER_AUTOMATICAMENTE,INSTRUCTIVO_CNED_Y_DECISION_INSTITUCIONAL,DEPENDE,DEPENDE,Campo de formulario o carga potencial: validar contra instructivo CNED antes de excluir o completar.
30,I162S2C21J2V1,,RECONOCIMIENTOS_APREN_PREVIOS,REVISAR_RECONOCIMIENTOS_APREN_PREVIOS_SIN_FUENTE,FORMULARIO_CNED_DESCONOCIDO,REVISAR,MEDIA,DUDA_METODOLOGICA,NO_RESOLVER_AUTOMATICAMENTE,INSTRUCTIVO_CNED_Y_DECISION_INSTITUCIONAL,DEPENDE,DEPENDE,Campo de formulario o carga potencial: validar contra instructivo CNED antes de excluir o completar.
30,I162S2C21J2V1,,EXPERIENCIA_LABORAL,REVISAR_EXPERIENCIA_LABORAL_SIN_FUENTE,FORMULARIO_CNED_DESCONOCIDO,REVISAR,MEDIA,DUDA_METODOLOGICA,VALIDAR_CON_AREA_ACADEMICA,AREA_ACADEMICA_O_DUENO_DEL_PROGRAMA,DEPENDE,DEPENDE,Campo de formulario o carga potencial: validar contra instructivo CNED antes de excluir o completar.
30,I162S2C21J2V1,,OTROS_REQUISITOS,REVISAR_OTROS_REQUISITOS_SIN_FUENTE,FORMULARIO_CNED_DESCONOCIDO,REVISAR,MEDIA,DUDA_METODOLOGICA,VALIDAR_CON_AREA_ACADEMICA,AREA_ACADEMICA_O_DUENO_DEL_PROGRAMA,DEPENDE,DEPENDE,Campo de formulario o carga potencial: validar contra instructivo CNED antes de excluir o completar.
30,I162S2C21J2V1,,MAIL_DIFUSION_CARRERA,REVISAR_MAIL_DIFUSION_CARRERA_SIN_FUENTE,FORMULARIO_CNED_DESCONOCIDO,REVISAR,MEDIA,DUDA_METODOLOGICA,NO_RESOLVER_AUTOMATICAMENTE,INSTRUCTIVO_CNED_Y_DECISION_INSTITUCIONAL,DEPENDE,DEPENDE,Campo de formulario o carga potencial: validar contra instructivo CNED antes de excluir o completar.
30,I162S2C21J2V1,,FORMATO_VALOR,REVISAR_FORMATO_VALOR_SIN_FUENTE,FORMULARIO_CNED_DESCONOCIDO,REVISAR,MEDIA,DUDA_METODOLOGICA,VALIDAR_CON_FINANZAS_ARANCELES,FINANZAS_ARANCELES_INSTITUCIONAL,DEPENDE,DEPENDE,Requiere fuente monetaria explicita; no usar cero ni inferencias.
30,I162S2C21J2V1,,VALOR_MATRICULA_ANUAL,REVISAR_VALOR_MATRICULA_ANUAL_SIN_FUENTE,FORMULARIO_CNED_DESCONOCIDO,REVISAR,MEDIA,DUDA_METODOLOGICA,VALIDAR_CON_FINANZAS_ARANCELES,FINANZAS_ARANCELES_INSTITUCIONAL,DEPENDE,DEPENDE,Requiere fuente monetaria explicita; no usar cero ni inferencias.
30,I162S2C21J2V1,,COSTO_TITULACION,REVISAR_COSTO_TITULACION_SIN_FUENTE,FORMULARIO_CNED_DESCONOCIDO,REVISAR,MEDIA,DUDA_METODOLOGICA,VALIDAR_CON_FINANZAS_ARANCELES,FINANZAS_ARANCELES_INSTITUCIONAL,DEPENDE,DEPENDE,Requiere fuente monetaria explicita; no usar cero ni inferencias.
30,I162S2C21J2V1,,VALOR_CERTIFICADO_DIPLOMA,REVISAR_VALOR_CERTIFICADO_DIPLOMA_SIN_FUENTE,FORMULARIO_CNED_DESCONOCIDO,REVISAR,MEDIA,DUDA_METODOLOGICA,VALIDAR_CON_FINANZAS_ARANCELES,FINANZAS_ARANCELES_INSTITUCIONAL,DEPENDE,DEPENDE,Requiere fuente monetaria explicita; no usar cero ni inferencias.
30,I162S2C21J2V1,,ARANCEL_ANUAL,REVISAR_ARANCEL_ANUAL_SIN_FUENTE,FORMULARIO_CNED_DESCONOCIDO,REVISAR,MEDIA,DUDA_METODOLOGICA,VALIDAR_CON_FINANZAS_ARANCELES,FINANZAS_ARANCELES_INSTITUCIONAL,DEPENDE,DEPENDE,Requiere fuente monetaria explicita; no usar cero ni inferencias.
30,I162S2C21J2V1,,CNED_ESTADO_AUDITORIA,REQUIERE_REVISION,AUXILIAR_TECNICA,REVISION,BAJA,MARCA_TECNICA_REMOVIBLE,EXCLUIR_DE_ARCHIVO_CARGA_SI_ES_AUXILIAR,TRAZABILIDAD_INTERNA_CNED,NO,SI,No debe ir en archivo de carga; conservar en trazabilidad.
30,I162S2C21J2V1,,CNED_ALERTAS,CONTIENE_MARCAS_TECNICAS_DE_REVISION,AUXILIAR_TECNICA,REVISION,BAJA,MARCA_TECNICA_REMOVIBLE,EXCLUIR_DE_ARCHIVO_CARGA_SI_ES_AUXILIAR,TRAZABILIDAD_INTERNA_CNED,NO,SI,No debe ir en archivo de carga; conservar en trazabilidad.
30,I162S2C21J2V1,,CNED_PUEDE_SUBIR_PRELIMINAR,REVISAR,AUXILIAR_TECNICA,REVISAR,BAJA,MARCA_TECNICA_REMOVIBLE,EXCLUIR_DE_ARCHIVO_CARGA_SI_ES_AUXILIAR,TRAZABILIDAD_INTERNA_CNED,NO,SI,No debe ir en archivo de carga; conservar en trazabilidad.
31,I162S2C23J1V1,,Año de inicio de Actividades,DECISION_MANUAL_ANIO_INICIO,FORMULARIO_CNED_DESCONOCIDO,MANUAL,MEDIA,DUDA_METODOLOGICA,NO_RESOLVER_AUTOMATICAMENTE,INSTRUCTIVO_CNED_Y_DECISION_INSTITUCIONAL,DEPENDE,DEPENDE,Campo de formulario o carga potencial: validar contra instructivo CNED antes de excluir o completar.
31,I162S2C23J1V1,,Área del Conocimiento,REVISAR_AREA_SIN_FUENTE_DIRECTA,FORMULARIO_CNED_DESCONOCIDO,REVISAR,MEDIA,DUDA_METODOLOGICA,REQUIERE_DECISION_INSTITUCIONAL,AREA_ACADEMICA_O_DUENO_DEL_PROGRAMA,DEPENDE,DEPENDE,Campo de formulario o carga potencial: validar contra instructivo CNED antes de excluir o completar.
31,I162S2C23J1V1,,Sub Área,REVISAR_SUB_AREA_SIN_FUENTE_DIRECTA,FORMULARIO_CNED_DESCONOCIDO,REVISAR,MEDIA,DUDA_METODOLOGICA,REQUIERE_DECISION_INSTITUCIONAL,AREA_ACADEMICA_O_DUENO_DEL_PROGRAMA,DEPENDE,DEPENDE,Campo de formulario o carga potencial: validar contra instructivo CNED antes de excluir o completar.
31,I162S2C23J1V1,,Carrera Genérica,REVISAR_CARRERA_GENERICA_SIN_FUENTE_DIRECTA,FORMULARIO_CNED_DESCONOCIDO,REVISAR,MEDIA,DUDA_METODOLOGICA,REQUIERE_DECISION_INSTITUCIONAL,AREA_ACADEMICA_O_DUENO_DEL_PROGRAMA,DEPENDE,DEPENDE,Campo de formulario o carga potencial: validar contra instructivo CNED antes de excluir o completar.
31,I162S2C23J1V1,,Título que otorga el programa,REVISAR_TITULO_SIN_FUENTE_DIRECTA,FORMULARIO_CNED_DESCONOCIDO,REVISAR,MEDIA,DUDA_METODOLOGICA,NO_RESOLVER_AUTOMATICAMENTE,INSTRUCTIVO_CNED_Y_DECISION_INSTITUCIONAL,DEPENDE,DEPENDE,Campo de formulario o carga potencial: validar contra instructivo CNED antes de excluir o completar.
31,I162S2C23J1V1,,Grado Académico que otorga el programa,REVISAR_GRADO_ACADEMICO_SIN_FUENTE_DIRECTA,FORMULARIO_CNED_DESCONOCIDO,REVISAR,MEDIA,DUDA_METODOLOGICA,NO_RESOLVER_AUTOMATICAMENTE,INSTRUCTIVO_CNED_Y_DECISION_INSTITUCIONAL,DEPENDE,DEPENDE,Campo de formulario o carga potencial: validar contra instructivo CNED antes de excluir o completar.
31,I162S2C23J1V1,,Dependencia,REVISAR_DEPENDENCIA_SIN_FUENTE_DIRECTA,FORMULARIO_CNED_DESCONOCIDO,REVISAR,MEDIA,DUDA_METODOLOGICA,REQUIERE_DECISION_INSTITUCIONAL,AREA_ACADEMICA_O_DUENO_DEL_PROGRAMA,DEPENDE,DEPENDE,Campo de formulario o carga potencial: validar contra instructivo CNED antes de excluir o completar.
31,I162S2C23J1V1,,Régimen,REVISAR_REGIMEN_SIN_FUENTE,OFICIAL_PROBABLE,REVISAR,ALTA,CAMPO_PENDIENTE_REAL,VALIDAR_CON_REGISTRO_CURRICULAR,REGISTRO_CURRICULAR_OFERTA_OFICIAL,SI,NO,Campo estructural/oficial: no resolver sin fuente institucional.
31,I162S2C23J1V1,,Ingreso Directo,REVISAR_INGRESO_DIRECTO_SIN_FUENTE_DIRECTA,FORMULARIO_CNED_DESCONOCIDO,REVISAR,MEDIA,DUDA_METODOLOGICA,VALIDAR_CON_AREA_ACADEMICA,AREA_ACADEMICA_O_DUENO_DEL_PROGRAMA,DEPENDE,DEPENDE,Campo de formulario o carga potencial: validar contra instructivo CNED antes de excluir o completar.
31,I162S2C23J1V1,,Observaciones,Crear según matriz PROMEDIOSDEALUMNOS_7804.xlsx / hoja matriz; conciliado contra diccionario oferta 2026; no encontrado en listado existente INDICES por CODIGO_UNICO; campos sin fuente directa quedan con revisión específica.,FORMULARIO_CNED_DESCONOCIDO,REVISION,MEDIA,OBSERVACION_INSTITUCIONAL,MANTENER_SOLO_COMO_TRAZABILIDAD,INSTRUCTIVO_CNED_Y_DECISION_INSTITUCIONAL,DEPENDE,DEPENDE,Campo de formulario o carga potencial: validar contra instructivo CNED antes de excluir o completar.
31,I162S2C23J1V1,,ANIO_INICIO,REVISAR_ANIO_INICIO_SIN_FUENTE,OFICIAL_PROBABLE,REVISAR,ALTA,CAMPO_PENDIENTE_REAL,VALIDAR_CON_REGISTRO_CURRICULAR,REGISTRO_CURRICULAR_OFERTA_OFICIAL,SI,NO,Campo estructural/oficial: no resolver sin fuente institucional.
31,I162S2C23J1V1,,REGIMEN,REVISAR_REGIMEN_SIN_FUENTE,OFICIAL_PROBABLE,REVISAR,ALTA,CAMPO_PENDIENTE_REAL,VALIDAR_CON_REGISTRO_CURRICULAR,REGISTRO_CURRICULAR_OFERTA_OFICIAL,SI,NO,Campo estructural/oficial: no resolver sin fuente institucional.
31,I162S2C23J1V1,,DURACION_REGIMEN,REVISAR_DURACION_REGIMEN_SIN_FUENTE,OFICIAL_PROBABLE,REVISAR,ALTA,CAMPO_PENDIENTE_REAL,VALIDAR_CON_REGISTRO_CURRICULAR,REGISTRO_CURRICULAR_OFERTA_OFICIAL,SI,NO,Campo estructural/oficial: no resolver sin fuente institucional.
31,I162S2C23J1V1,,NOMBRE_TITULO,REVISAR_NOMBRE_TITULO_SIN_FUENTE_CONFIABLE,OFICIAL_PROBABLE,REVISAR,ALTA,CAMPO_PENDIENTE_REAL,VALIDAR_CON_OFERTA_ACADEMICA,OFERTA_ACADEMICA_INSTITUCIONAL,SI,NO,Campo estructural/oficial: no resolver sin fuente institucional.
31,I162S2C23J1V1,,ACREDITACION,REVISAR_ACREDITACION_SIN_FUENTE,OFICIAL_PROBABLE,REVISAR,ALTA,CAMPO_PENDIENTE_REAL,VALIDAR_CON_OFERTA_ACADEMICA,OFERTA_ACADEMICA_INSTITUCIONAL,SI,NO,Campo estructural/oficial: no resolver sin fuente institucional.
31,I162S2C23J1V1,,REQUISITO_INGRESO,REVISAR_REQUISITO_INGRESO_SIN_FUENTE,OFICIAL_PROBABLE,REVISAR,ALTA,CAMPO_PENDIENTE_REAL,VALIDAR_CON_OFERTA_ACADEMICA,OFERTA_ACADEMICA_INSTITUCIONAL,SI,NO,Campo estructural/oficial: no resolver sin fuente institucional.
31,I162S2C23J1V1,,SEMESTRES_RECONOCIDOS,REVISAR_SEMESTRES_RECONOCIDOS_SIN_FUENTE,OFICIAL_PROBABLE,REVISAR,ALTA,CAMPO_PENDIENTE_REAL,VALIDAR_CON_OFERTA_ACADEMICA,OFERTA_ACADEMICA_INSTITUCIONAL,SI,NO,Campo estructural/oficial: no resolver sin fuente institucional.
31,I162S2C23J1V1,,AREA_ACTUAL,REVISAR_AREA_ACTUAL_SIN_FUENTE,OFICIAL_PROBABLE,REVISAR,ALTA,CAMPO_PENDIENTE_REAL,VALIDAR_CON_OFERTA_ACADEMICA,OFERTA_ACADEMICA_INSTITUCIONAL,SI,NO,Campo estructural/oficial: no resolver sin fuente institucional.
31,I162S2C23J1V1,,AREA_ADMIN_DERECHO,REVISAR_AREA_ADMIN_DERECHO_SIN_FUENTE,FORMULARIO_CNED_DESCONOCIDO,REVISAR,MEDIA,DUDA_METODOLOGICA,REQUIERE_DECISION_INSTITUCIONAL,AREA_ACADEMICA_O_DUENO_DEL_PROGRAMA,DEPENDE,DEPENDE,Campo de formulario o carga potencial: validar contra instructivo CNED antes de excluir o completar.
31,I162S2C23J1V1,,AREA_AGRI_SILVI_PESCA_VET,REVISAR_AREA_AGRI_SILVI_PESCA_VET_SIN_FUENTE,FORMULARIO_CNED_DESCONOCIDO,REVISAR,MEDIA,DUDA_METODOLOGICA,REQUIERE_DECISION_INSTITUCIONAL,AREA_ACADEMICA_O_DUENO_DEL_PROGRAMA,DEPENDE,DEPENDE,Campo de formulario o carga potencial: validar contra instructivo CNED antes de excluir o completar.
31,I162S2C23J1V1,,AREA_ARTES_HUMANIDADES,REVISAR_AREA_ARTES_HUMANIDADES_SIN_FUENTE,FORMULARIO_CNED_DESCONOCIDO,REVISAR,MEDIA,DUDA_METODOLOGICA,REQUIERE_DECISION_INSTITUCIONAL,AREA_ACADEMICA_O_DUENO_DEL_PROGRAMA,DEPENDE,DEPENDE,Campo de formulario o carga potencial: validar contra instructivo CNED antes de excluir o completar.
31,I162S2C23J1V1,,AREA_CIENCIAS_NAT_MAT_ESTAD,REVISAR_AREA_CIENCIAS_NAT_MAT_ESTAD_SIN_FUENTE,FORMULARIO_CNED_DESCONOCIDO,REVISAR,MEDIA,DUDA_METODOLOGICA,REQUIERE_DECISION_INSTITUCIONAL,AREA_ACADEMICA_O_DUENO_DEL_PROGRAMA,DEPENDE,DEPENDE,Campo de formulario o carga potencial: validar contra instructivo CNED antes de excluir o completar.
31,I162S2C23J1V1,,AREA_CS_SOCIAL_PERIODISMO_INFO,REVISAR_AREA_CS_SOCIAL_PERIODISMO_INFO_SIN_FUENTE,FORMULARIO_CNED_DESCONOCIDO,REVISAR,MEDIA,DUDA_METODOLOGICA,REQUIERE_DECISION_INSTITUCIONAL,AREA_ACADEMICA_O_DUENO_DEL_PROGRAMA,DEPENDE,DEPENDE,Campo de formulario o carga potencial: validar contra instructivo CNED antes de excluir o completar.
31,I162S2C23J1V1,,AREA_EDUCACION,REVISAR_AREA_EDUCACION_SIN_FUENTE,FORMULARIO_CNED_DESCONOCIDO,REVISAR,MEDIA,DUDA_METODOLOGICA,REQUIERE_DECISION_INSTITUCIONAL,AREA_ACADEMICA_O_DUENO_DEL_PROGRAMA,DEPENDE,DEPENDE,Campo de formulario o carga potencial: validar contra instructivo CNED antes de excluir o completar.
31,I162S2C23J1V1,,AREA_INGE_INDUSTRIA_CONSTRUC,REVISAR_AREA_INGE_INDUSTRIA_CONSTRUC_SIN_FUENTE,FORMULARIO_CNED_DESCONOCIDO,REVISAR,MEDIA,DUDA_METODOLOGICA,REQUIERE_DECISION_INSTITUCIONAL,AREA_ACADEMICA_O_DUENO_DEL_PROGRAMA,DEPENDE,DEPENDE,Campo de formulario o carga potencial: validar contra instructivo CNED antes de excluir o completar.
31,I162S2C23J1V1,,AREA_SALUD_BIENESTAR,REVISAR_AREA_SALUD_BIENESTAR_SIN_FUENTE,FORMULARIO_CNED_DESCONOCIDO,REVISAR,MEDIA,DUDA_METODOLOGICA,REQUIERE_DECISION_INSTITUCIONAL,AREA_ACADEMICA_O_DUENO_DEL_PROGRAMA,DEPENDE,DEPENDE,Campo de formulario o carga potencial: validar contra instructivo CNED antes de excluir o completar.
31,I162S2C23J1V1,,AREA_SERVICIOS,REVISAR_AREA_SERVICIOS_SIN_FUENTE,FORMULARIO_CNED_DESCONOCIDO,REVISAR,MEDIA,DUDA_METODOLOGICA,REQUIERE_DECISION_INSTITUCIONAL,AREA_ACADEMICA_O_DUENO_DEL_PROGRAMA,DEPENDE,DEPENDE,Campo de formulario o carga potencial: validar contra instructivo CNED antes de excluir o completar.
31,I162S2C23J1V1,,AREA_TECNO_INFO_COMUNICA,REVISAR_AREA_TECNO_INFO_COMUNICA_SIN_FUENTE,FORMULARIO_CNED_DESCONOCIDO,REVISAR,MEDIA,DUDA_METODOLOGICA,REQUIERE_DECISION_INSTITUCIONAL,AREA_ACADEMICA_O_DUENO_DEL_PROGRAMA,DEPENDE,DEPENDE,Campo de formulario o carga potencial: validar contra instructivo CNED antes de excluir o completar.
31,I162S2C23J1V1,,VACANTES_PRIMER_SEMESTRE,REVISAR_VACANTES_PRIMER_SEMESTRE_SIN_FUENTE,FORMULARIO_CNED_DESCONOCIDO,REVISAR,MEDIA,DUDA_METODOLOGICA,REQUIERE_DECISION_INSTITUCIONAL,AREA_ACADEMICA_O_DUENO_DEL_PROGRAMA,DEPENDE,DEPENDE,Campo de formulario o carga potencial: validar contra instructivo CNED antes de excluir o completar.
31,I162S2C23J1V1,,VACANTES_SEGUNDO_SEMESTRE,REVISAR_VACANTES_SEGUNDO_SEMESTRE_SIN_FUENTE,FORMULARIO_CNED_DESCONOCIDO,REVISAR,MEDIA,DUDA_METODOLOGICA,REQUIERE_DECISION_INSTITUCIONAL,AREA_ACADEMICA_O_DUENO_DEL_PROGRAMA,DEPENDE,DEPENDE,Campo de formulario o carga potencial: validar contra instructivo CNED antes de excluir o completar.
31,I162S2C23J1V1,,FECHA_ADMISION_INICIAL,REVISAR_FECHA_ADMISION_INICIAL_SIN_FUENTE,FORMULARIO_CNED_DESCONOCIDO,REVISAR,MEDIA,DUDA_METODOLOGICA,NO_RESOLVER_AUTOMATICAMENTE,INSTRUCTIVO_CNED_Y_DECISION_INSTITUCIONAL,DEPENDE,DEPENDE,Campo de formulario o carga potencial: validar contra instructivo CNED antes de excluir o completar.
31,I162S2C23J1V1,,MALLA_CURRICULAR,REVISAR_MALLA_CURRICULAR_SIN_FUENTE,FORMULARIO_CNED_DESCONOCIDO,REVISAR,MEDIA,DUDA_METODOLOGICA,VALIDAR_CON_AREA_ACADEMICA,AREA_ACADEMICA_O_DUENO_DEL_PROGRAMA,DEPENDE,DEPENDE,Campo de formulario o carga potencial: validar contra instructivo CNED antes de excluir o completar.
31,I162S2C23J1V1,,PERFIL_EGRESO,REVISAR_PERFIL_EGRESO_SIN_FUENTE,FORMULARIO_CNED_DESCONOCIDO,REVISAR,MEDIA,DUDA_METODOLOGICA,VALIDAR_CON_AREA_ACADEMICA,AREA_ACADEMICA_O_DUENO_DEL_PROGRAMA,DEPENDE,DEPENDE,Campo de formulario o carga potencial: validar contra instructivo CNED antes de excluir o completar.
31,I162S2C23J1V1,,TEXTO_REQUISITO_INGRESO,REVISAR_TEXTO_REQUISITO_INGRESO_SIN_FUENTE,FORMULARIO_CNED_DESCONOCIDO,REVISAR,MEDIA,DUDA_METODOLOGICA,VALIDAR_CON_AREA_ACADEMICA,AREA_ACADEMICA_O_DUENO_DEL_PROGRAMA,DEPENDE,DEPENDE,Campo de formulario o carga potencial: validar contra instructivo CNED antes de excluir o completar.
31,I162S2C23J1V1,,LICENCIA_ENS_MEDIA,REVISAR_LICENCIA_ENS_MEDIA_SIN_FUENTE,FORMULARIO_CNED_DESCONOCIDO,REVISAR,MEDIA,DUDA_METODOLOGICA,VALIDAR_CON_AREA_ACADEMICA,AREA_ACADEMICA_O_DUENO_DEL_PROGRAMA,DEPENDE,DEPENDE,Campo de formulario o carga potencial: validar contra instructivo CNED antes de excluir o completar.
31,I162S2C23J1V1,,NOTAS_ENS_MEDIA,REVISAR_NOTAS_ENS_MEDIA_SIN_FUENTE,FORMULARIO_CNED_DESCONOCIDO,REVISAR,MEDIA,DUDA_METODOLOGICA,VALIDAR_CON_AREA_ACADEMICA,AREA_ACADEMICA_O_DUENO_DEL_PROGRAMA,DEPENDE,DEPENDE,Campo de formulario o carga potencial: validar contra instructivo CNED antes de excluir o completar.
31,I162S2C23J1V1,,PROMEDIO_MIN_ENS_MEDIA,REVISAR_PROMEDIO_MIN_ENS_MEDIA_SIN_FUENTE,FORMULARIO_CNED_DESCONOCIDO,REVISAR,MEDIA,DUDA_METODOLOGICA,NO_RESOLVER_AUTOMATICAMENTE,INSTRUCTIVO_CNED_Y_DECISION_INSTITUCIONAL,DEPENDE,DEPENDE,Campo de formulario o carga potencial: validar contra instructivo CNED antes de excluir o completar.
31,I162S2C23J1V1,,RECONOCIMIENTOS_APREN_PREVIOS,REVISAR_RECONOCIMIENTOS_APREN_PREVIOS_SIN_FUENTE,FORMULARIO_CNED_DESCONOCIDO,REVISAR,MEDIA,DUDA_METODOLOGICA,NO_RESOLVER_AUTOMATICAMENTE,INSTRUCTIVO_CNED_Y_DECISION_INSTITUCIONAL,DEPENDE,DEPENDE,Campo de formulario o carga potencial: validar contra instructivo CNED antes de excluir o completar.
31,I162S2C23J1V1,,EXPERIENCIA_LABORAL,REVISAR_EXPERIENCIA_LABORAL_SIN_FUENTE,FORMULARIO_CNED_DESCONOCIDO,REVISAR,MEDIA,DUDA_METODOLOGICA,VALIDAR_CON_AREA_ACADEMICA,AREA_ACADEMICA_O_DUENO_DEL_PROGRAMA,DEPENDE,DEPENDE,Campo de formulario o carga potencial: validar contra instructivo CNED antes de excluir o completar.
31,I162S2C23J1V1,,OTROS_REQUISITOS,REVISAR_OTROS_REQUISITOS_SIN_FUENTE,FORMULARIO_CNED_DESCONOCIDO,REVISAR,MEDIA,DUDA_METODOLOGICA,VALIDAR_CON_AREA_ACADEMICA,AREA_ACADEMICA_O_DUENO_DEL_PROGRAMA,DEPENDE,DEPENDE,Campo de formulario o carga potencial: validar contra instructivo CNED antes de excluir o completar.
31,I162S2C23J1V1,,MAIL_DIFUSION_CARRERA,REVISAR_MAIL_DIFUSION_CARRERA_SIN_FUENTE,FORMULARIO_CNED_DESCONOCIDO,REVISAR,MEDIA,DUDA_METODOLOGICA,NO_RESOLVER_AUTOMATICAMENTE,INSTRUCTIVO_CNED_Y_DECISION_INSTITUCIONAL,DEPENDE,DEPENDE,Campo de formulario o carga potencial: validar contra instructivo CNED antes de excluir o completar.
31,I162S2C23J1V1,,FORMATO_VALOR,REVISAR_FORMATO_VALOR_SIN_FUENTE,FORMULARIO_CNED_DESCONOCIDO,REVISAR,MEDIA,DUDA_METODOLOGICA,VALIDAR_CON_FINANZAS_ARANCELES,FINANZAS_ARANCELES_INSTITUCIONAL,DEPENDE,DEPENDE,Requiere fuente monetaria explicita; no usar cero ni inferencias.
31,I162S2C23J1V1,,VALOR_MATRICULA_ANUAL,REVISAR_VALOR_MATRICULA_ANUAL_SIN_FUENTE,FORMULARIO_CNED_DESCONOCIDO,REVISAR,MEDIA,DUDA_METODOLOGICA,VALIDAR_CON_FINANZAS_ARANCELES,FINANZAS_ARANCELES_INSTITUCIONAL,DEPENDE,DEPENDE,Requiere fuente monetaria explicita; no usar cero ni inferencias.
31,I162S2C23J1V1,,COSTO_TITULACION,REVISAR_COSTO_TITULACION_SIN_FUENTE,FORMULARIO_CNED_DESCONOCIDO,REVISAR,MEDIA,DUDA_METODOLOGICA,VALIDAR_CON_FINANZAS_ARANCELES,FINANZAS_ARANCELES_INSTITUCIONAL,DEPENDE,DEPENDE,Requiere fuente monetaria explicita; no usar cero ni inferencias.
31,I162S2C23J1V1,,VALOR_CERTIFICADO_DIPLOMA,REVISAR_VALOR_CERTIFICADO_DIPLOMA_SIN_FUENTE,FORMULARIO_CNED_DESCONOCIDO,REVISAR,MEDIA,DUDA_METODOLOGICA,VALIDAR_CON_FINANZAS_ARANCELES,FINANZAS_ARANCELES_INSTITUCIONAL,DEPENDE,DEPENDE,Requiere fuente monetaria explicita; no usar cero ni inferencias.
31,I162S2C23J1V1,,ARANCEL_ANUAL,REVISAR_ARANCEL_ANUAL_SIN_FUENTE,FORMULARIO_CNED_DESCONOCIDO,REVISAR,MEDIA,DUDA_METODOLOGICA,VALIDAR_CON_FINANZAS_ARANCELES,FINANZAS_ARANCELES_INSTITUCIONAL,DEPENDE,DEPENDE,Requiere fuente monetaria explicita; no usar cero ni inferencias.
31,I162S2C23J1V1,,CNED_ESTADO_AUDITORIA,REQUIERE_REVISION,AUXILIAR_TECNICA,REVISION,BAJA,MARCA_TECNICA_REMOVIBLE,EXCLUIR_DE_ARCHIVO_CARGA_SI_ES_AUXILIAR,TRAZABILIDAD_INTERNA_CNED,NO,SI,No debe ir en archivo de carga; conservar en trazabilidad.
31,I162S2C23J1V1,,CNED_ALERTAS,CONTIENE_MARCAS_TECNICAS_DE_REVISION,AUXILIAR_TECNICA,REVISION,BAJA,MARCA_TECNICA_REMOVIBLE,EXCLUIR_DE_ARCHIVO_CARGA_SI_ES_AUXILIAR,TRAZABILIDAD_INTERNA_CNED,NO,SI,No debe ir en archivo de carga; conservar en trazabilidad.
31,I162S2C23J1V1,,CNED_PUEDE_SUBIR_PRELIMINAR,REVISAR,AUXILIAR_TECNICA,REVISAR,BAJA,MARCA_TECNICA_REMOVIBLE,EXCLUIR_DE_ARCHIVO_CARGA_SI_ES_AUXILIAR,TRAZABILIDAD_INTERNA_CNED,NO,SI,No debe ir en archivo de carga; conservar en trazabilidad.
32,I162S2C23J2V1,,Año de inicio de Actividades,DECISION_MANUAL_ANIO_INICIO,FORMULARIO_CNED_DESCONOCIDO,MANUAL,MEDIA,DUDA_METODOLOGICA,NO_RESOLVER_AUTOMATICAMENTE,INSTRUCTIVO_CNED_Y_DECISION_INSTITUCIONAL,DEPENDE,DEPENDE,Campo de formulario o carga potencial: validar contra instructivo CNED antes de excluir o completar.
32,I162S2C23J2V1,,Área del Conocimiento,REVISAR_AREA_SIN_FUENTE_DIRECTA,FORMULARIO_CNED_DESCONOCIDO,REVISAR,MEDIA,DUDA_METODOLOGICA,REQUIERE_DECISION_INSTITUCIONAL,AREA_ACADEMICA_O_DUENO_DEL_PROGRAMA,DEPENDE,DEPENDE,Campo de formulario o carga potencial: validar contra instructivo CNED antes de excluir o completar.
32,I162S2C23J2V1,,Sub Área,REVISAR_SUB_AREA_SIN_FUENTE_DIRECTA,FORMULARIO_CNED_DESCONOCIDO,REVISAR,MEDIA,DUDA_METODOLOGICA,REQUIERE_DECISION_INSTITUCIONAL,AREA_ACADEMICA_O_DUENO_DEL_PROGRAMA,DEPENDE,DEPENDE,Campo de formulario o carga potencial: validar contra instructivo CNED antes de excluir o completar.
32,I162S2C23J2V1,,Carrera Genérica,REVISAR_CARRERA_GENERICA_SIN_FUENTE_DIRECTA,FORMULARIO_CNED_DESCONOCIDO,REVISAR,MEDIA,DUDA_METODOLOGICA,REQUIERE_DECISION_INSTITUCIONAL,AREA_ACADEMICA_O_DUENO_DEL_PROGRAMA,DEPENDE,DEPENDE,Campo de formulario o carga potencial: validar contra instructivo CNED antes de excluir o completar.
32,I162S2C23J2V1,,Título que otorga el programa,REVISAR_TITULO_SIN_FUENTE_DIRECTA,FORMULARIO_CNED_DESCONOCIDO,REVISAR,MEDIA,DUDA_METODOLOGICA,NO_RESOLVER_AUTOMATICAMENTE,INSTRUCTIVO_CNED_Y_DECISION_INSTITUCIONAL,DEPENDE,DEPENDE,Campo de formulario o carga potencial: validar contra instructivo CNED antes de excluir o completar.
32,I162S2C23J2V1,,Grado Académico que otorga el programa,REVISAR_GRADO_ACADEMICO_SIN_FUENTE_DIRECTA,FORMULARIO_CNED_DESCONOCIDO,REVISAR,MEDIA,DUDA_METODOLOGICA,NO_RESOLVER_AUTOMATICAMENTE,INSTRUCTIVO_CNED_Y_DECISION_INSTITUCIONAL,DEPENDE,DEPENDE,Campo de formulario o carga potencial: validar contra instructivo CNED antes de excluir o completar.
32,I162S2C23J2V1,,Dependencia,REVISAR_DEPENDENCIA_SIN_FUENTE_DIRECTA,FORMULARIO_CNED_DESCONOCIDO,REVISAR,MEDIA,DUDA_METODOLOGICA,REQUIERE_DECISION_INSTITUCIONAL,AREA_ACADEMICA_O_DUENO_DEL_PROGRAMA,DEPENDE,DEPENDE,Campo de formulario o carga potencial: validar contra instructivo CNED antes de excluir o completar.
32,I162S2C23J2V1,,Régimen,REVISAR_REGIMEN_SIN_FUENTE,OFICIAL_PROBABLE,REVISAR,ALTA,CAMPO_PENDIENTE_REAL,VALIDAR_CON_REGISTRO_CURRICULAR,REGISTRO_CURRICULAR_OFERTA_OFICIAL,SI,NO,Campo estructural/oficial: no resolver sin fuente institucional.
32,I162S2C23J2V1,,Ingreso Directo,REVISAR_INGRESO_DIRECTO_SIN_FUENTE_DIRECTA,FORMULARIO_CNED_DESCONOCIDO,REVISAR,MEDIA,DUDA_METODOLOGICA,VALIDAR_CON_AREA_ACADEMICA,AREA_ACADEMICA_O_DUENO_DEL_PROGRAMA,DEPENDE,DEPENDE,Campo de formulario o carga potencial: validar contra instructivo CNED antes de excluir o completar.
32,I162S2C23J2V1,,Observaciones,Crear según matriz PROMEDIOSDEALUMNOS_7804.xlsx / hoja matriz; conciliado contra diccionario oferta 2026; no encontrado en listado existente INDICES por CODIGO_UNICO; campos sin fuente directa quedan con revisión específica.,FORMULARIO_CNED_DESCONOCIDO,REVISION,MEDIA,OBSERVACION_INSTITUCIONAL,MANTENER_SOLO_COMO_TRAZABILIDAD,INSTRUCTIVO_CNED_Y_DECISION_INSTITUCIONAL,DEPENDE,DEPENDE,Campo de formulario o carga potencial: validar contra instructivo CNED antes de excluir o completar.
32,I162S2C23J2V1,,ANIO_INICIO,REVISAR_ANIO_INICIO_SIN_FUENTE,OFICIAL_PROBABLE,REVISAR,ALTA,CAMPO_PENDIENTE_REAL,VALIDAR_CON_REGISTRO_CURRICULAR,REGISTRO_CURRICULAR_OFERTA_OFICIAL,SI,NO,Campo estructural/oficial: no resolver sin fuente institucional.
32,I162S2C23J2V1,,REGIMEN,REVISAR_REGIMEN_SIN_FUENTE,OFICIAL_PROBABLE,REVISAR,ALTA,CAMPO_PENDIENTE_REAL,VALIDAR_CON_REGISTRO_CURRICULAR,REGISTRO_CURRICULAR_OFERTA_OFICIAL,SI,NO,Campo estructural/oficial: no resolver sin fuente institucional.
32,I162S2C23J2V1,,DURACION_REGIMEN,REVISAR_DURACION_REGIMEN_SIN_FUENTE,OFICIAL_PROBABLE,REVISAR,ALTA,CAMPO_PENDIENTE_REAL,VALIDAR_CON_REGISTRO_CURRICULAR,REGISTRO_CURRICULAR_OFERTA_OFICIAL,SI,NO,Campo estructural/oficial: no resolver sin fuente institucional.
32,I162S2C23J2V1,,NOMBRE_TITULO,REVISAR_NOMBRE_TITULO_SIN_FUENTE_CONFIABLE,OFICIAL_PROBABLE,REVISAR,ALTA,CAMPO_PENDIENTE_REAL,VALIDAR_CON_OFERTA_ACADEMICA,OFERTA_ACADEMICA_INSTITUCIONAL,SI,NO,Campo estructural/oficial: no resolver sin fuente institucional.
32,I162S2C23J2V1,,ACREDITACION,REVISAR_ACREDITACION_SIN_FUENTE,OFICIAL_PROBABLE,REVISAR,ALTA,CAMPO_PENDIENTE_REAL,VALIDAR_CON_OFERTA_ACADEMICA,OFERTA_ACADEMICA_INSTITUCIONAL,SI,NO,Campo estructural/oficial: no resolver sin fuente institucional.
32,I162S2C23J2V1,,REQUISITO_INGRESO,REVISAR_REQUISITO_INGRESO_SIN_FUENTE,OFICIAL_PROBABLE,REVISAR,ALTA,CAMPO_PENDIENTE_REAL,VALIDAR_CON_OFERTA_ACADEMICA,OFERTA_ACADEMICA_INSTITUCIONAL,SI,NO,Campo estructural/oficial: no resolver sin fuente institucional.
32,I162S2C23J2V1,,SEMESTRES_RECONOCIDOS,REVISAR_SEMESTRES_RECONOCIDOS_SIN_FUENTE,OFICIAL_PROBABLE,REVISAR,ALTA,CAMPO_PENDIENTE_REAL,VALIDAR_CON_OFERTA_ACADEMICA,OFERTA_ACADEMICA_INSTITUCIONAL,SI,NO,Campo estructural/oficial: no resolver sin fuente institucional.
32,I162S2C23J2V1,,AREA_ACTUAL,REVISAR_AREA_ACTUAL_SIN_FUENTE,OFICIAL_PROBABLE,REVISAR,ALTA,CAMPO_PENDIENTE_REAL,VALIDAR_CON_OFERTA_ACADEMICA,OFERTA_ACADEMICA_INSTITUCIONAL,SI,NO,Campo estructural/oficial: no resolver sin fuente institucional.
32,I162S2C23J2V1,,AREA_ADMIN_DERECHO,REVISAR_AREA_ADMIN_DERECHO_SIN_FUENTE,FORMULARIO_CNED_DESCONOCIDO,REVISAR,MEDIA,DUDA_METODOLOGICA,REQUIERE_DECISION_INSTITUCIONAL,AREA_ACADEMICA_O_DUENO_DEL_PROGRAMA,DEPENDE,DEPENDE,Campo de formulario o carga potencial: validar contra instructivo CNED antes de excluir o completar.
32,I162S2C23J2V1,,AREA_AGRI_SILVI_PESCA_VET,REVISAR_AREA_AGRI_SILVI_PESCA_VET_SIN_FUENTE,FORMULARIO_CNED_DESCONOCIDO,REVISAR,MEDIA,DUDA_METODOLOGICA,REQUIERE_DECISION_INSTITUCIONAL,AREA_ACADEMICA_O_DUENO_DEL_PROGRAMA,DEPENDE,DEPENDE,Campo de formulario o carga potencial: validar contra instructivo CNED antes de excluir o completar.
32,I162S2C23J2V1,,AREA_ARTES_HUMANIDADES,REVISAR_AREA_ARTES_HUMANIDADES_SIN_FUENTE,FORMULARIO_CNED_DESCONOCIDO,REVISAR,MEDIA,DUDA_METODOLOGICA,REQUIERE_DECISION_INSTITUCIONAL,AREA_ACADEMICA_O_DUENO_DEL_PROGRAMA,DEPENDE,DEPENDE,Campo de formulario o carga potencial: validar contra instructivo CNED antes de excluir o completar.
32,I162S2C23J2V1,,AREA_CIENCIAS_NAT_MAT_ESTAD,REVISAR_AREA_CIENCIAS_NAT_MAT_ESTAD_SIN_FUENTE,FORMULARIO_CNED_DESCONOCIDO,REVISAR,MEDIA,DUDA_METODOLOGICA,REQUIERE_DECISION_INSTITUCIONAL,AREA_ACADEMICA_O_DUENO_DEL_PROGRAMA,DEPENDE,DEPENDE,Campo de formulario o carga potencial: validar contra instructivo CNED antes de excluir o completar.
32,I162S2C23J2V1,,AREA_CS_SOCIAL_PERIODISMO_INFO,REVISAR_AREA_CS_SOCIAL_PERIODISMO_INFO_SIN_FUENTE,FORMULARIO_CNED_DESCONOCIDO,REVISAR,MEDIA,DUDA_METODOLOGICA,REQUIERE_DECISION_INSTITUCIONAL,AREA_ACADEMICA_O_DUENO_DEL_PROGRAMA,DEPENDE,DEPENDE,Campo de formulario o carga potencial: validar contra instructivo CNED antes de excluir o completar.
32,I162S2C23J2V1,,AREA_EDUCACION,REVISAR_AREA_EDUCACION_SIN_FUENTE,FORMULARIO_CNED_DESCONOCIDO,REVISAR,MEDIA,DUDA_METODOLOGICA,REQUIERE_DECISION_INSTITUCIONAL,AREA_ACADEMICA_O_DUENO_DEL_PROGRAMA,DEPENDE,DEPENDE,Campo de formulario o carga potencial: validar contra instructivo CNED antes de excluir o completar.
32,I162S2C23J2V1,,AREA_INGE_INDUSTRIA_CONSTRUC,REVISAR_AREA_INGE_INDUSTRIA_CONSTRUC_SIN_FUENTE,FORMULARIO_CNED_DESCONOCIDO,REVISAR,MEDIA,DUDA_METODOLOGICA,REQUIERE_DECISION_INSTITUCIONAL,AREA_ACADEMICA_O_DUENO_DEL_PROGRAMA,DEPENDE,DEPENDE,Campo de formulario o carga potencial: validar contra instructivo CNED antes de excluir o completar.
32,I162S2C23J2V1,,AREA_SALUD_BIENESTAR,REVISAR_AREA_SALUD_BIENESTAR_SIN_FUENTE,FORMULARIO_CNED_DESCONOCIDO,REVISAR,MEDIA,DUDA_METODOLOGICA,REQUIERE_DECISION_INSTITUCIONAL,AREA_ACADEMICA_O_DUENO_DEL_PROGRAMA,DEPENDE,DEPENDE,Campo de formulario o carga potencial: validar contra instructivo CNED antes de excluir o completar.
32,I162S2C23J2V1,,AREA_SERVICIOS,REVISAR_AREA_SERVICIOS_SIN_FUENTE,FORMULARIO_CNED_DESCONOCIDO,REVISAR,MEDIA,DUDA_METODOLOGICA,REQUIERE_DECISION_INSTITUCIONAL,AREA_ACADEMICA_O_DUENO_DEL_PROGRAMA,DEPENDE,DEPENDE,Campo de formulario o carga potencial: validar contra instructivo CNED antes de excluir o completar.
32,I162S2C23J2V1,,AREA_TECNO_INFO_COMUNICA,REVISAR_AREA_TECNO_INFO_COMUNICA_SIN_FUENTE,FORMULARIO_CNED_DESCONOCIDO,REVISAR,MEDIA,DUDA_METODOLOGICA,REQUIERE_DECISION_INSTITUCIONAL,AREA_ACADEMICA_O_DUENO_DEL_PROGRAMA,DEPENDE,DEPENDE,Campo de formulario o carga potencial: validar contra instructivo CNED antes de excluir o completar.
32,I162S2C23J2V1,,VACANTES_PRIMER_SEMESTRE,REVISAR_VACANTES_PRIMER_SEMESTRE_SIN_FUENTE,FORMULARIO_CNED_DESCONOCIDO,REVISAR,MEDIA,DUDA_METODOLOGICA,REQUIERE_DECISION_INSTITUCIONAL,AREA_ACADEMICA_O_DUENO_DEL_PROGRAMA,DEPENDE,DEPENDE,Campo de formulario o carga potencial: validar contra instructivo CNED antes de excluir o completar.
32,I162S2C23J2V1,,VACANTES_SEGUNDO_SEMESTRE,REVISAR_VACANTES_SEGUNDO_SEMESTRE_SIN_FUENTE,FORMULARIO_CNED_DESCONOCIDO,REVISAR,MEDIA,DUDA_METODOLOGICA,REQUIERE_DECISION_INSTITUCIONAL,AREA_ACADEMICA_O_DUENO_DEL_PROGRAMA,DEPENDE,DEPENDE,Campo de formulario o carga potencial: validar contra instructivo CNED antes de excluir o completar.
32,I162S2C23J2V1,,FECHA_ADMISION_INICIAL,REVISAR_FECHA_ADMISION_INICIAL_SIN_FUENTE,FORMULARIO_CNED_DESCONOCIDO,REVISAR,MEDIA,DUDA_METODOLOGICA,NO_RESOLVER_AUTOMATICAMENTE,INSTRUCTIVO_CNED_Y_DECISION_INSTITUCIONAL,DEPENDE,DEPENDE,Campo de formulario o carga potencial: validar contra instructivo CNED antes de excluir o completar.
32,I162S2C23J2V1,,MALLA_CURRICULAR,REVISAR_MALLA_CURRICULAR_SIN_FUENTE,FORMULARIO_CNED_DESCONOCIDO,REVISAR,MEDIA,DUDA_METODOLOGICA,VALIDAR_CON_AREA_ACADEMICA,AREA_ACADEMICA_O_DUENO_DEL_PROGRAMA,DEPENDE,DEPENDE,Campo de formulario o carga potencial: validar contra instructivo CNED antes de excluir o completar.
32,I162S2C23J2V1,,PERFIL_EGRESO,REVISAR_PERFIL_EGRESO_SIN_FUENTE,FORMULARIO_CNED_DESCONOCIDO,REVISAR,MEDIA,DUDA_METODOLOGICA,VALIDAR_CON_AREA_ACADEMICA,AREA_ACADEMICA_O_DUENO_DEL_PROGRAMA,DEPENDE,DEPENDE,Campo de formulario o carga potencial: validar contra instructivo CNED antes de excluir o completar.
32,I162S2C23J2V1,,TEXTO_REQUISITO_INGRESO,REVISAR_TEXTO_REQUISITO_INGRESO_SIN_FUENTE,FORMULARIO_CNED_DESCONOCIDO,REVISAR,MEDIA,DUDA_METODOLOGICA,VALIDAR_CON_AREA_ACADEMICA,AREA_ACADEMICA_O_DUENO_DEL_PROGRAMA,DEPENDE,DEPENDE,Campo de formulario o carga potencial: validar contra instructivo CNED antes de excluir o completar.
32,I162S2C23J2V1,,LICENCIA_ENS_MEDIA,REVISAR_LICENCIA_ENS_MEDIA_SIN_FUENTE,FORMULARIO_CNED_DESCONOCIDO,REVISAR,MEDIA,DUDA_METODOLOGICA,VALIDAR_CON_AREA_ACADEMICA,AREA_ACADEMICA_O_DUENO_DEL_PROGRAMA,DEPENDE,DEPENDE,Campo de formulario o carga potencial: validar contra instructivo CNED antes de excluir o completar.
32,I162S2C23J2V1,,NOTAS_ENS_MEDIA,REVISAR_NOTAS_ENS_MEDIA_SIN_FUENTE,FORMULARIO_CNED_DESCONOCIDO,REVISAR,MEDIA,DUDA_METODOLOGICA,VALIDAR_CON_AREA_ACADEMICA,AREA_ACADEMICA_O_DUENO_DEL_PROGRAMA,DEPENDE,DEPENDE,Campo de formulario o carga potencial: validar contra instructivo CNED antes de excluir o completar.
32,I162S2C23J2V1,,PROMEDIO_MIN_ENS_MEDIA,REVISAR_PROMEDIO_MIN_ENS_MEDIA_SIN_FUENTE,FORMULARIO_CNED_DESCONOCIDO,REVISAR,MEDIA,DUDA_METODOLOGICA,NO_RESOLVER_AUTOMATICAMENTE,INSTRUCTIVO_CNED_Y_DECISION_INSTITUCIONAL,DEPENDE,DEPENDE,Campo de formulario o carga potencial: validar contra instructivo CNED antes de excluir o completar.
32,I162S2C23J2V1,,RECONOCIMIENTOS_APREN_PREVIOS,REVISAR_RECONOCIMIENTOS_APREN_PREVIOS_SIN_FUENTE,FORMULARIO_CNED_DESCONOCIDO,REVISAR,MEDIA,DUDA_METODOLOGICA,NO_RESOLVER_AUTOMATICAMENTE,INSTRUCTIVO_CNED_Y_DECISION_INSTITUCIONAL,DEPENDE,DEPENDE,Campo de formulario o carga potencial: validar contra instructivo CNED antes de excluir o completar.
32,I162S2C23J2V1,,EXPERIENCIA_LABORAL,REVISAR_EXPERIENCIA_LABORAL_SIN_FUENTE,FORMULARIO_CNED_DESCONOCIDO,REVISAR,MEDIA,DUDA_METODOLOGICA,VALIDAR_CON_AREA_ACADEMICA,AREA_ACADEMICA_O_DUENO_DEL_PROGRAMA,DEPENDE,DEPENDE,Campo de formulario o carga potencial: validar contra instructivo CNED antes de excluir o completar.
32,I162S2C23J2V1,,OTROS_REQUISITOS,REVISAR_OTROS_REQUISITOS_SIN_FUENTE,FORMULARIO_CNED_DESCONOCIDO,REVISAR,MEDIA,DUDA_METODOLOGICA,VALIDAR_CON_AREA_ACADEMICA,AREA_ACADEMICA_O_DUENO_DEL_PROGRAMA,DEPENDE,DEPENDE,Campo de formulario o carga potencial: validar contra instructivo CNED antes de excluir o completar.
32,I162S2C23J2V1,,MAIL_DIFUSION_CARRERA,REVISAR_MAIL_DIFUSION_CARRERA_SIN_FUENTE,FORMULARIO_CNED_DESCONOCIDO,REVISAR,MEDIA,DUDA_METODOLOGICA,NO_RESOLVER_AUTOMATICAMENTE,INSTRUCTIVO_CNED_Y_DECISION_INSTITUCIONAL,DEPENDE,DEPENDE,Campo de formulario o carga potencial: validar contra instructivo CNED antes de excluir o completar.
32,I162S2C23J2V1,,FORMATO_VALOR,REVISAR_FORMATO_VALOR_SIN_FUENTE,FORMULARIO_CNED_DESCONOCIDO,REVISAR,MEDIA,DUDA_METODOLOGICA,VALIDAR_CON_FINANZAS_ARANCELES,FINANZAS_ARANCELES_INSTITUCIONAL,DEPENDE,DEPENDE,Requiere fuente monetaria explicita; no usar cero ni inferencias.
32,I162S2C23J2V1,,VALOR_MATRICULA_ANUAL,REVISAR_VALOR_MATRICULA_ANUAL_SIN_FUENTE,FORMULARIO_CNED_DESCONOCIDO,REVISAR,MEDIA,DUDA_METODOLOGICA,VALIDAR_CON_FINANZAS_ARANCELES,FINANZAS_ARANCELES_INSTITUCIONAL,DEPENDE,DEPENDE,Requiere fuente monetaria explicita; no usar cero ni inferencias.
32,I162S2C23J2V1,,COSTO_TITULACION,REVISAR_COSTO_TITULACION_SIN_FUENTE,FORMULARIO_CNED_DESCONOCIDO,REVISAR,MEDIA,DUDA_METODOLOGICA,VALIDAR_CON_FINANZAS_ARANCELES,FINANZAS_ARANCELES_INSTITUCIONAL,DEPENDE,DEPENDE,Requiere fuente monetaria explicita; no usar cero ni inferencias.
32,I162S2C23J2V1,,VALOR_CERTIFICADO_DIPLOMA,REVISAR_VALOR_CERTIFICADO_DIPLOMA_SIN_FUENTE,FORMULARIO_CNED_DESCONOCIDO,REVISAR,MEDIA,DUDA_METODOLOGICA,VALIDAR_CON_FINANZAS_ARANCELES,FINANZAS_ARANCELES_INSTITUCIONAL,DEPENDE,DEPENDE,Requiere fuente monetaria explicita; no usar cero ni inferencias.
32,I162S2C23J2V1,,ARANCEL_ANUAL,REVISAR_ARANCEL_ANUAL_SIN_FUENTE,FORMULARIO_CNED_DESCONOCIDO,REVISAR,MEDIA,DUDA_METODOLOGICA,VALIDAR_CON_FINANZAS_ARANCELES,FINANZAS_ARANCELES_INSTITUCIONAL,DEPENDE,DEPENDE,Requiere fuente monetaria explicita; no usar cero ni inferencias.
32,I162S2C23J2V1,,CNED_ESTADO_AUDITORIA,REQUIERE_REVISION,AUXILIAR_TECNICA,REVISION,BAJA,MARCA_TECNICA_REMOVIBLE,EXCLUIR_DE_ARCHIVO_CARGA_SI_ES_AUXILIAR,TRAZABILIDAD_INTERNA_CNED,NO,SI,No debe ir en archivo de carga; conservar en trazabilidad.
32,I162S2C23J2V1,,CNED_ALERTAS,CONTIENE_MARCAS_TECNICAS_DE_REVISION,AUXILIAR_TECNICA,REVISION,BAJA,MARCA_TECNICA_REMOVIBLE,EXCLUIR_DE_ARCHIVO_CARGA_SI_ES_AUXILIAR,TRAZABILIDAD_INTERNA_CNED,NO,SI,No debe ir en archivo de carga; conservar en trazabilidad.
32,I162S2C23J2V1,,CNED_PUEDE_SUBIR_PRELIMINAR,REVISAR,AUXILIAR_TECNICA,REVISAR,BAJA,MARCA_TECNICA_REMOVIBLE,EXCLUIR_DE_ARCHIVO_CARGA_SI_ES_AUXILIAR,TRAZABILIDAD_INTERNA_CNED,NO,SI,No debe ir en archivo de carga; conservar en trazabilidad.
33,I162S2C24J1V1,,Año de inicio de Actividades,DECISION_MANUAL_ANIO_INICIO,FORMULARIO_CNED_DESCONOCIDO,MANUAL,MEDIA,DUDA_METODOLOGICA,NO_RESOLVER_AUTOMATICAMENTE,INSTRUCTIVO_CNED_Y_DECISION_INSTITUCIONAL,DEPENDE,DEPENDE,Campo de formulario o carga potencial: validar contra instructivo CNED antes de excluir o completar.
33,I162S2C24J1V1,,Área del Conocimiento,REVISAR_AREA_SIN_FUENTE_DIRECTA,FORMULARIO_CNED_DESCONOCIDO,REVISAR,MEDIA,DUDA_METODOLOGICA,REQUIERE_DECISION_INSTITUCIONAL,AREA_ACADEMICA_O_DUENO_DEL_PROGRAMA,DEPENDE,DEPENDE,Campo de formulario o carga potencial: validar contra instructivo CNED antes de excluir o completar.
33,I162S2C24J1V1,,Sub Área,REVISAR_SUB_AREA_SIN_FUENTE_DIRECTA,FORMULARIO_CNED_DESCONOCIDO,REVISAR,MEDIA,DUDA_METODOLOGICA,REQUIERE_DECISION_INSTITUCIONAL,AREA_ACADEMICA_O_DUENO_DEL_PROGRAMA,DEPENDE,DEPENDE,Campo de formulario o carga potencial: validar contra instructivo CNED antes de excluir o completar.
33,I162S2C24J1V1,,Carrera Genérica,REVISAR_CARRERA_GENERICA_SIN_FUENTE_DIRECTA,FORMULARIO_CNED_DESCONOCIDO,REVISAR,MEDIA,DUDA_METODOLOGICA,REQUIERE_DECISION_INSTITUCIONAL,AREA_ACADEMICA_O_DUENO_DEL_PROGRAMA,DEPENDE,DEPENDE,Campo de formulario o carga potencial: validar contra instructivo CNED antes de excluir o completar.
33,I162S2C24J1V1,,Título que otorga el programa,REVISAR_TITULO_SIN_FUENTE_DIRECTA,FORMULARIO_CNED_DESCONOCIDO,REVISAR,MEDIA,DUDA_METODOLOGICA,NO_RESOLVER_AUTOMATICAMENTE,INSTRUCTIVO_CNED_Y_DECISION_INSTITUCIONAL,DEPENDE,DEPENDE,Campo de formulario o carga potencial: validar contra instructivo CNED antes de excluir o completar.
33,I162S2C24J1V1,,Grado Académico que otorga el programa,REVISAR_GRADO_ACADEMICO_SIN_FUENTE_DIRECTA,FORMULARIO_CNED_DESCONOCIDO,REVISAR,MEDIA,DUDA_METODOLOGICA,NO_RESOLVER_AUTOMATICAMENTE,INSTRUCTIVO_CNED_Y_DECISION_INSTITUCIONAL,DEPENDE,DEPENDE,Campo de formulario o carga potencial: validar contra instructivo CNED antes de excluir o completar.
33,I162S2C24J1V1,,Dependencia,REVISAR_DEPENDENCIA_SIN_FUENTE_DIRECTA,FORMULARIO_CNED_DESCONOCIDO,REVISAR,MEDIA,DUDA_METODOLOGICA,REQUIERE_DECISION_INSTITUCIONAL,AREA_ACADEMICA_O_DUENO_DEL_PROGRAMA,DEPENDE,DEPENDE,Campo de formulario o carga potencial: validar contra instructivo CNED antes de excluir o completar.
33,I162S2C24J1V1,,Régimen,REVISAR_REGIMEN_SIN_FUENTE,OFICIAL_PROBABLE,REVISAR,ALTA,CAMPO_PENDIENTE_REAL,VALIDAR_CON_REGISTRO_CURRICULAR,REGISTRO_CURRICULAR_OFERTA_OFICIAL,SI,NO,Campo estructural/oficial: no resolver sin fuente institucional.
33,I162S2C24J1V1,,Ingreso Directo,REVISAR_INGRESO_DIRECTO_SIN_FUENTE_DIRECTA,FORMULARIO_CNED_DESCONOCIDO,REVISAR,MEDIA,DUDA_METODOLOGICA,VALIDAR_CON_AREA_ACADEMICA,AREA_ACADEMICA_O_DUENO_DEL_PROGRAMA,DEPENDE,DEPENDE,Campo de formulario o carga potencial: validar contra instructivo CNED antes de excluir o completar.
33,I162S2C24J1V1,,Observaciones,Crear según matriz PROMEDIOSDEALUMNOS_7804.xlsx / hoja matriz; conciliado contra diccionario oferta 2026; no encontrado en listado existente INDICES por CODIGO_UNICO; campos sin fuente directa quedan con revisión específica.,FORMULARIO_CNED_DESCONOCIDO,REVISION,MEDIA,OBSERVACION_INSTITUCIONAL,MANTENER_SOLO_COMO_TRAZABILIDAD,INSTRUCTIVO_CNED_Y_DECISION_INSTITUCIONAL,DEPENDE,DEPENDE,Campo de formulario o carga potencial: validar contra instructivo CNED antes de excluir o completar.
33,I162S2C24J1V1,,ANIO_INICIO,REVISAR_ANIO_INICIO_SIN_FUENTE,OFICIAL_PROBABLE,REVISAR,ALTA,CAMPO_PENDIENTE_REAL,VALIDAR_CON_REGISTRO_CURRICULAR,REGISTRO_CURRICULAR_OFERTA_OFICIAL,SI,NO,Campo estructural/oficial: no resolver sin fuente institucional.
33,I162S2C24J1V1,,REGIMEN,REVISAR_REGIMEN_SIN_FUENTE,OFICIAL_PROBABLE,REVISAR,ALTA,CAMPO_PENDIENTE_REAL,VALIDAR_CON_REGISTRO_CURRICULAR,REGISTRO_CURRICULAR_OFERTA_OFICIAL,SI,NO,Campo estructural/oficial: no resolver sin fuente institucional.
33,I162S2C24J1V1,,DURACION_REGIMEN,REVISAR_DURACION_REGIMEN_SIN_FUENTE,OFICIAL_PROBABLE,REVISAR,ALTA,CAMPO_PENDIENTE_REAL,VALIDAR_CON_REGISTRO_CURRICULAR,REGISTRO_CURRICULAR_OFERTA_OFICIAL,SI,NO,Campo estructural/oficial: no resolver sin fuente institucional.
33,I162S2C24J1V1,,NOMBRE_TITULO,REVISAR_NOMBRE_TITULO_SIN_FUENTE_CONFIABLE,OFICIAL_PROBABLE,REVISAR,ALTA,CAMPO_PENDIENTE_REAL,VALIDAR_CON_OFERTA_ACADEMICA,OFERTA_ACADEMICA_INSTITUCIONAL,SI,NO,Campo estructural/oficial: no resolver sin fuente institucional.
33,I162S2C24J1V1,,ACREDITACION,REVISAR_ACREDITACION_SIN_FUENTE,OFICIAL_PROBABLE,REVISAR,ALTA,CAMPO_PENDIENTE_REAL,VALIDAR_CON_OFERTA_ACADEMICA,OFERTA_ACADEMICA_INSTITUCIONAL,SI,NO,Campo estructural/oficial: no resolver sin fuente institucional.
33,I162S2C24J1V1,,REQUISITO_INGRESO,REVISAR_REQUISITO_INGRESO_SIN_FUENTE,OFICIAL_PROBABLE,REVISAR,ALTA,CAMPO_PENDIENTE_REAL,VALIDAR_CON_OFERTA_ACADEMICA,OFERTA_ACADEMICA_INSTITUCIONAL,SI,NO,Campo estructural/oficial: no resolver sin fuente institucional.
33,I162S2C24J1V1,,SEMESTRES_RECONOCIDOS,REVISAR_SEMESTRES_RECONOCIDOS_SIN_FUENTE,OFICIAL_PROBABLE,REVISAR,ALTA,CAMPO_PENDIENTE_REAL,VALIDAR_CON_OFERTA_ACADEMICA,OFERTA_ACADEMICA_INSTITUCIONAL,SI,NO,Campo estructural/oficial: no resolver sin fuente institucional.
33,I162S2C24J1V1,,AREA_ACTUAL,REVISAR_AREA_ACTUAL_SIN_FUENTE,OFICIAL_PROBABLE,REVISAR,ALTA,CAMPO_PENDIENTE_REAL,VALIDAR_CON_OFERTA_ACADEMICA,OFERTA_ACADEMICA_INSTITUCIONAL,SI,NO,Campo estructural/oficial: no resolver sin fuente institucional.
33,I162S2C24J1V1,,AREA_ADMIN_DERECHO,REVISAR_AREA_ADMIN_DERECHO_SIN_FUENTE,FORMULARIO_CNED_DESCONOCIDO,REVISAR,MEDIA,DUDA_METODOLOGICA,REQUIERE_DECISION_INSTITUCIONAL,AREA_ACADEMICA_O_DUENO_DEL_PROGRAMA,DEPENDE,DEPENDE,Campo de formulario o carga potencial: validar contra instructivo CNED antes de excluir o completar.
33,I162S2C24J1V1,,AREA_AGRI_SILVI_PESCA_VET,REVISAR_AREA_AGRI_SILVI_PESCA_VET_SIN_FUENTE,FORMULARIO_CNED_DESCONOCIDO,REVISAR,MEDIA,DUDA_METODOLOGICA,REQUIERE_DECISION_INSTITUCIONAL,AREA_ACADEMICA_O_DUENO_DEL_PROGRAMA,DEPENDE,DEPENDE,Campo de formulario o carga potencial: validar contra instructivo CNED antes de excluir o completar.
33,I162S2C24J1V1,,AREA_ARTES_HUMANIDADES,REVISAR_AREA_ARTES_HUMANIDADES_SIN_FUENTE,FORMULARIO_CNED_DESCONOCIDO,REVISAR,MEDIA,DUDA_METODOLOGICA,REQUIERE_DECISION_INSTITUCIONAL,AREA_ACADEMICA_O_DUENO_DEL_PROGRAMA,DEPENDE,DEPENDE,Campo de formulario o carga potencial: validar contra instructivo CNED antes de excluir o completar.
33,I162S2C24J1V1,,AREA_CIENCIAS_NAT_MAT_ESTAD,REVISAR_AREA_CIENCIAS_NAT_MAT_ESTAD_SIN_FUENTE,FORMULARIO_CNED_DESCONOCIDO,REVISAR,MEDIA,DUDA_METODOLOGICA,REQUIERE_DECISION_INSTITUCIONAL,AREA_ACADEMICA_O_DUENO_DEL_PROGRAMA,DEPENDE,DEPENDE,Campo de formulario o carga potencial: validar contra instructivo CNED antes de excluir o completar.
33,I162S2C24J1V1,,AREA_CS_SOCIAL_PERIODISMO_INFO,REVISAR_AREA_CS_SOCIAL_PERIODISMO_INFO_SIN_FUENTE,FORMULARIO_CNED_DESCONOCIDO,REVISAR,MEDIA,DUDA_METODOLOGICA,REQUIERE_DECISION_INSTITUCIONAL,AREA_ACADEMICA_O_DUENO_DEL_PROGRAMA,DEPENDE,DEPENDE,Campo de formulario o carga potencial: validar contra instructivo CNED antes de excluir o completar.
33,I162S2C24J1V1,,AREA_EDUCACION,REVISAR_AREA_EDUCACION_SIN_FUENTE,FORMULARIO_CNED_DESCONOCIDO,REVISAR,MEDIA,DUDA_METODOLOGICA,REQUIERE_DECISION_INSTITUCIONAL,AREA_ACADEMICA_O_DUENO_DEL_PROGRAMA,DEPENDE,DEPENDE,Campo de formulario o carga potencial: validar contra instructivo CNED antes de excluir o completar.
33,I162S2C24J1V1,,AREA_INGE_INDUSTRIA_CONSTRUC,REVISAR_AREA_INGE_INDUSTRIA_CONSTRUC_SIN_FUENTE,FORMULARIO_CNED_DESCONOCIDO,REVISAR,MEDIA,DUDA_METODOLOGICA,REQUIERE_DECISION_INSTITUCIONAL,AREA_ACADEMICA_O_DUENO_DEL_PROGRAMA,DEPENDE,DEPENDE,Campo de formulario o carga potencial: validar contra instructivo CNED antes de excluir o completar.
33,I162S2C24J1V1,,AREA_SALUD_BIENESTAR,REVISAR_AREA_SALUD_BIENESTAR_SIN_FUENTE,FORMULARIO_CNED_DESCONOCIDO,REVISAR,MEDIA,DUDA_METODOLOGICA,REQUIERE_DECISION_INSTITUCIONAL,AREA_ACADEMICA_O_DUENO_DEL_PROGRAMA,DEPENDE,DEPENDE,Campo de formulario o carga potencial: validar contra instructivo CNED antes de excluir o completar.
33,I162S2C24J1V1,,AREA_SERVICIOS,REVISAR_AREA_SERVICIOS_SIN_FUENTE,FORMULARIO_CNED_DESCONOCIDO,REVISAR,MEDIA,DUDA_METODOLOGICA,REQUIERE_DECISION_INSTITUCIONAL,AREA_ACADEMICA_O_DUENO_DEL_PROGRAMA,DEPENDE,DEPENDE,Campo de formulario o carga potencial: validar contra instructivo CNED antes de excluir o completar.
33,I162S2C24J1V1,,AREA_TECNO_INFO_COMUNICA,REVISAR_AREA_TECNO_INFO_COMUNICA_SIN_FUENTE,FORMULARIO_CNED_DESCONOCIDO,REVISAR,MEDIA,DUDA_METODOLOGICA,REQUIERE_DECISION_INSTITUCIONAL,AREA_ACADEMICA_O_DUENO_DEL_PROGRAMA,DEPENDE,DEPENDE,Campo de formulario o carga potencial: validar contra instructivo CNED antes de excluir o completar.
33,I162S2C24J1V1,,VACANTES_PRIMER_SEMESTRE,REVISAR_VACANTES_PRIMER_SEMESTRE_SIN_FUENTE,FORMULARIO_CNED_DESCONOCIDO,REVISAR,MEDIA,DUDA_METODOLOGICA,REQUIERE_DECISION_INSTITUCIONAL,AREA_ACADEMICA_O_DUENO_DEL_PROGRAMA,DEPENDE,DEPENDE,Campo de formulario o carga potencial: validar contra instructivo CNED antes de excluir o completar.
33,I162S2C24J1V1,,VACANTES_SEGUNDO_SEMESTRE,REVISAR_VACANTES_SEGUNDO_SEMESTRE_SIN_FUENTE,FORMULARIO_CNED_DESCONOCIDO,REVISAR,MEDIA,DUDA_METODOLOGICA,REQUIERE_DECISION_INSTITUCIONAL,AREA_ACADEMICA_O_DUENO_DEL_PROGRAMA,DEPENDE,DEPENDE,Campo de formulario o carga potencial: validar contra instructivo CNED antes de excluir o completar.
33,I162S2C24J1V1,,FECHA_ADMISION_INICIAL,REVISAR_FECHA_ADMISION_INICIAL_SIN_FUENTE,FORMULARIO_CNED_DESCONOCIDO,REVISAR,MEDIA,DUDA_METODOLOGICA,NO_RESOLVER_AUTOMATICAMENTE,INSTRUCTIVO_CNED_Y_DECISION_INSTITUCIONAL,DEPENDE,DEPENDE,Campo de formulario o carga potencial: validar contra instructivo CNED antes de excluir o completar.
33,I162S2C24J1V1,,MALLA_CURRICULAR,REVISAR_MALLA_CURRICULAR_SIN_FUENTE,FORMULARIO_CNED_DESCONOCIDO,REVISAR,MEDIA,DUDA_METODOLOGICA,VALIDAR_CON_AREA_ACADEMICA,AREA_ACADEMICA_O_DUENO_DEL_PROGRAMA,DEPENDE,DEPENDE,Campo de formulario o carga potencial: validar contra instructivo CNED antes de excluir o completar.
33,I162S2C24J1V1,,PERFIL_EGRESO,REVISAR_PERFIL_EGRESO_SIN_FUENTE,FORMULARIO_CNED_DESCONOCIDO,REVISAR,MEDIA,DUDA_METODOLOGICA,VALIDAR_CON_AREA_ACADEMICA,AREA_ACADEMICA_O_DUENO_DEL_PROGRAMA,DEPENDE,DEPENDE,Campo de formulario o carga potencial: validar contra instructivo CNED antes de excluir o completar.
33,I162S2C24J1V1,,TEXTO_REQUISITO_INGRESO,REVISAR_TEXTO_REQUISITO_INGRESO_SIN_FUENTE,FORMULARIO_CNED_DESCONOCIDO,REVISAR,MEDIA,DUDA_METODOLOGICA,VALIDAR_CON_AREA_ACADEMICA,AREA_ACADEMICA_O_DUENO_DEL_PROGRAMA,DEPENDE,DEPENDE,Campo de formulario o carga potencial: validar contra instructivo CNED antes de excluir o completar.
33,I162S2C24J1V1,,LICENCIA_ENS_MEDIA,REVISAR_LICENCIA_ENS_MEDIA_SIN_FUENTE,FORMULARIO_CNED_DESCONOCIDO,REVISAR,MEDIA,DUDA_METODOLOGICA,VALIDAR_CON_AREA_ACADEMICA,AREA_ACADEMICA_O_DUENO_DEL_PROGRAMA,DEPENDE,DEPENDE,Campo de formulario o carga potencial: validar contra instructivo CNED antes de excluir o completar.
33,I162S2C24J1V1,,NOTAS_ENS_MEDIA,REVISAR_NOTAS_ENS_MEDIA_SIN_FUENTE,FORMULARIO_CNED_DESCONOCIDO,REVISAR,MEDIA,DUDA_METODOLOGICA,VALIDAR_CON_AREA_ACADEMICA,AREA_ACADEMICA_O_DUENO_DEL_PROGRAMA,DEPENDE,DEPENDE,Campo de formulario o carga potencial: validar contra instructivo CNED antes de excluir o completar.
33,I162S2C24J1V1,,PROMEDIO_MIN_ENS_MEDIA,REVISAR_PROMEDIO_MIN_ENS_MEDIA_SIN_FUENTE,FORMULARIO_CNED_DESCONOCIDO,REVISAR,MEDIA,DUDA_METODOLOGICA,NO_RESOLVER_AUTOMATICAMENTE,INSTRUCTIVO_CNED_Y_DECISION_INSTITUCIONAL,DEPENDE,DEPENDE,Campo de formulario o carga potencial: validar contra instructivo CNED antes de excluir o completar.
33,I162S2C24J1V1,,RECONOCIMIENTOS_APREN_PREVIOS,REVISAR_RECONOCIMIENTOS_APREN_PREVIOS_SIN_FUENTE,FORMULARIO_CNED_DESCONOCIDO,REVISAR,MEDIA,DUDA_METODOLOGICA,NO_RESOLVER_AUTOMATICAMENTE,INSTRUCTIVO_CNED_Y_DECISION_INSTITUCIONAL,DEPENDE,DEPENDE,Campo de formulario o carga potencial: validar contra instructivo CNED antes de excluir o completar.
33,I162S2C24J1V1,,EXPERIENCIA_LABORAL,REVISAR_EXPERIENCIA_LABORAL_SIN_FUENTE,FORMULARIO_CNED_DESCONOCIDO,REVISAR,MEDIA,DUDA_METODOLOGICA,VALIDAR_CON_AREA_ACADEMICA,AREA_ACADEMICA_O_DUENO_DEL_PROGRAMA,DEPENDE,DEPENDE,Campo de formulario o carga potencial: validar contra instructivo CNED antes de excluir o completar.
33,I162S2C24J1V1,,OTROS_REQUISITOS,REVISAR_OTROS_REQUISITOS_SIN_FUENTE,FORMULARIO_CNED_DESCONOCIDO,REVISAR,MEDIA,DUDA_METODOLOGICA,VALIDAR_CON_AREA_ACADEMICA,AREA_ACADEMICA_O_DUENO_DEL_PROGRAMA,DEPENDE,DEPENDE,Campo de formulario o carga potencial: validar contra instructivo CNED antes de excluir o completar.
33,I162S2C24J1V1,,MAIL_DIFUSION_CARRERA,REVISAR_MAIL_DIFUSION_CARRERA_SIN_FUENTE,FORMULARIO_CNED_DESCONOCIDO,REVISAR,MEDIA,DUDA_METODOLOGICA,NO_RESOLVER_AUTOMATICAMENTE,INSTRUCTIVO_CNED_Y_DECISION_INSTITUCIONAL,DEPENDE,DEPENDE,Campo de formulario o carga potencial: validar contra instructivo CNED antes de excluir o completar.
33,I162S2C24J1V1,,FORMATO_VALOR,REVISAR_FORMATO_VALOR_SIN_FUENTE,FORMULARIO_CNED_DESCONOCIDO,REVISAR,MEDIA,DUDA_METODOLOGICA,VALIDAR_CON_FINANZAS_ARANCELES,FINANZAS_ARANCELES_INSTITUCIONAL,DEPENDE,DEPENDE,Requiere fuente monetaria explicita; no usar cero ni inferencias.
33,I162S2C24J1V1,,VALOR_MATRICULA_ANUAL,REVISAR_VALOR_MATRICULA_ANUAL_SIN_FUENTE,FORMULARIO_CNED_DESCONOCIDO,REVISAR,MEDIA,DUDA_METODOLOGICA,VALIDAR_CON_FINANZAS_ARANCELES,FINANZAS_ARANCELES_INSTITUCIONAL,DEPENDE,DEPENDE,Requiere fuente monetaria explicita; no usar cero ni inferencias.
33,I162S2C24J1V1,,COSTO_TITULACION,REVISAR_COSTO_TITULACION_SIN_FUENTE,FORMULARIO_CNED_DESCONOCIDO,REVISAR,MEDIA,DUDA_METODOLOGICA,VALIDAR_CON_FINANZAS_ARANCELES,FINANZAS_ARANCELES_INSTITUCIONAL,DEPENDE,DEPENDE,Requiere fuente monetaria explicita; no usar cero ni inferencias.
33,I162S2C24J1V1,,VALOR_CERTIFICADO_DIPLOMA,REVISAR_VALOR_CERTIFICADO_DIPLOMA_SIN_FUENTE,FORMULARIO_CNED_DESCONOCIDO,REVISAR,MEDIA,DUDA_METODOLOGICA,VALIDAR_CON_FINANZAS_ARANCELES,FINANZAS_ARANCELES_INSTITUCIONAL,DEPENDE,DEPENDE,Requiere fuente monetaria explicita; no usar cero ni inferencias.
33,I162S2C24J1V1,,ARANCEL_ANUAL,REVISAR_ARANCEL_ANUAL_SIN_FUENTE,FORMULARIO_CNED_DESCONOCIDO,REVISAR,MEDIA,DUDA_METODOLOGICA,VALIDAR_CON_FINANZAS_ARANCELES,FINANZAS_ARANCELES_INSTITUCIONAL,DEPENDE,DEPENDE,Requiere fuente monetaria explicita; no usar cero ni inferencias.
33,I162S2C24J1V1,,CNED_ESTADO_AUDITORIA,REQUIERE_REVISION,AUXILIAR_TECNICA,REVISION,BAJA,MARCA_TECNICA_REMOVIBLE,EXCLUIR_DE_ARCHIVO_CARGA_SI_ES_AUXILIAR,TRAZABILIDAD_INTERNA_CNED,NO,SI,No debe ir en archivo de carga; conservar en trazabilidad.
33,I162S2C24J1V1,,CNED_ALERTAS,CONTIENE_MARCAS_TECNICAS_DE_REVISION,AUXILIAR_TECNICA,REVISION,BAJA,MARCA_TECNICA_REMOVIBLE,EXCLUIR_DE_ARCHIVO_CARGA_SI_ES_AUXILIAR,TRAZABILIDAD_INTERNA_CNED,NO,SI,No debe ir en archivo de carga; conservar en trazabilidad.
33,I162S2C24J1V1,,CNED_PUEDE_SUBIR_PRELIMINAR,REVISAR,AUXILIAR_TECNICA,REVISAR,BAJA,MARCA_TECNICA_REMOVIBLE,EXCLUIR_DE_ARCHIVO_CARGA_SI_ES_AUXILIAR,TRAZABILIDAD_INTERNA_CNED,NO,SI,No debe ir en archivo de carga; conservar en trazabilidad.
34,I162S2C24J2V1,,Año de inicio de Actividades,DECISION_MANUAL_ANIO_INICIO,FORMULARIO_CNED_DESCONOCIDO,MANUAL,MEDIA,DUDA_METODOLOGICA,NO_RESOLVER_AUTOMATICAMENTE,INSTRUCTIVO_CNED_Y_DECISION_INSTITUCIONAL,DEPENDE,DEPENDE,Campo de formulario o carga potencial: validar contra instructivo CNED antes de excluir o completar.
34,I162S2C24J2V1,,Área del Conocimiento,REVISAR_AREA_SIN_FUENTE_DIRECTA,FORMULARIO_CNED_DESCONOCIDO,REVISAR,MEDIA,DUDA_METODOLOGICA,REQUIERE_DECISION_INSTITUCIONAL,AREA_ACADEMICA_O_DUENO_DEL_PROGRAMA,DEPENDE,DEPENDE,Campo de formulario o carga potencial: validar contra instructivo CNED antes de excluir o completar.
34,I162S2C24J2V1,,Sub Área,REVISAR_SUB_AREA_SIN_FUENTE_DIRECTA,FORMULARIO_CNED_DESCONOCIDO,REVISAR,MEDIA,DUDA_METODOLOGICA,REQUIERE_DECISION_INSTITUCIONAL,AREA_ACADEMICA_O_DUENO_DEL_PROGRAMA,DEPENDE,DEPENDE,Campo de formulario o carga potencial: validar contra instructivo CNED antes de excluir o completar.
34,I162S2C24J2V1,,Carrera Genérica,REVISAR_CARRERA_GENERICA_SIN_FUENTE_DIRECTA,FORMULARIO_CNED_DESCONOCIDO,REVISAR,MEDIA,DUDA_METODOLOGICA,REQUIERE_DECISION_INSTITUCIONAL,AREA_ACADEMICA_O_DUENO_DEL_PROGRAMA,DEPENDE,DEPENDE,Campo de formulario o carga potencial: validar contra instructivo CNED antes de excluir o completar.
34,I162S2C24J2V1,,Título que otorga el programa,REVISAR_TITULO_SIN_FUENTE_DIRECTA,FORMULARIO_CNED_DESCONOCIDO,REVISAR,MEDIA,DUDA_METODOLOGICA,NO_RESOLVER_AUTOMATICAMENTE,INSTRUCTIVO_CNED_Y_DECISION_INSTITUCIONAL,DEPENDE,DEPENDE,Campo de formulario o carga potencial: validar contra instructivo CNED antes de excluir o completar.
34,I162S2C24J2V1,,Grado Académico que otorga el programa,REVISAR_GRADO_ACADEMICO_SIN_FUENTE_DIRECTA,FORMULARIO_CNED_DESCONOCIDO,REVISAR,MEDIA,DUDA_METODOLOGICA,NO_RESOLVER_AUTOMATICAMENTE,INSTRUCTIVO_CNED_Y_DECISION_INSTITUCIONAL,DEPENDE,DEPENDE,Campo de formulario o carga potencial: validar contra instructivo CNED antes de excluir o completar.
34,I162S2C24J2V1,,Dependencia,REVISAR_DEPENDENCIA_SIN_FUENTE_DIRECTA,FORMULARIO_CNED_DESCONOCIDO,REVISAR,MEDIA,DUDA_METODOLOGICA,REQUIERE_DECISION_INSTITUCIONAL,AREA_ACADEMICA_O_DUENO_DEL_PROGRAMA,DEPENDE,DEPENDE,Campo de formulario o carga potencial: validar contra instructivo CNED antes de excluir o completar.
34,I162S2C24J2V1,,Régimen,REVISAR_REGIMEN_SIN_FUENTE,OFICIAL_PROBABLE,REVISAR,ALTA,CAMPO_PENDIENTE_REAL,VALIDAR_CON_REGISTRO_CURRICULAR,REGISTRO_CURRICULAR_OFERTA_OFICIAL,SI,NO,Campo estructural/oficial: no resolver sin fuente institucional.
34,I162S2C24J2V1,,Ingreso Directo,REVISAR_INGRESO_DIRECTO_SIN_FUENTE_DIRECTA,FORMULARIO_CNED_DESCONOCIDO,REVISAR,MEDIA,DUDA_METODOLOGICA,VALIDAR_CON_AREA_ACADEMICA,AREA_ACADEMICA_O_DUENO_DEL_PROGRAMA,DEPENDE,DEPENDE,Campo de formulario o carga potencial: validar contra instructivo CNED antes de excluir o completar.
34,I162S2C24J2V1,,Observaciones,Crear según matriz PROMEDIOSDEALUMNOS_7804.xlsx / hoja matriz; conciliado contra diccionario oferta 2026; no encontrado en listado existente INDICES por CODIGO_UNICO; campos sin fuente directa quedan con revisión específica.,FORMULARIO_CNED_DESCONOCIDO,REVISION,MEDIA,OBSERVACION_INSTITUCIONAL,MANTENER_SOLO_COMO_TRAZABILIDAD,INSTRUCTIVO_CNED_Y_DECISION_INSTITUCIONAL,DEPENDE,DEPENDE,Campo de formulario o carga potencial: validar contra instructivo CNED antes de excluir o completar.
34,I162S2C24J2V1,,ANIO_INICIO,REVISAR_ANIO_INICIO_SIN_FUENTE,OFICIAL_PROBABLE,REVISAR,ALTA,CAMPO_PENDIENTE_REAL,VALIDAR_CON_REGISTRO_CURRICULAR,REGISTRO_CURRICULAR_OFERTA_OFICIAL,SI,NO,Campo estructural/oficial: no resolver sin fuente institucional.
34,I162S2C24J2V1,,REGIMEN,REVISAR_REGIMEN_SIN_FUENTE,OFICIAL_PROBABLE,REVISAR,ALTA,CAMPO_PENDIENTE_REAL,VALIDAR_CON_REGISTRO_CURRICULAR,REGISTRO_CURRICULAR_OFERTA_OFICIAL,SI,NO,Campo estructural/oficial: no resolver sin fuente institucional.
34,I162S2C24J2V1,,DURACION_REGIMEN,REVISAR_DURACION_REGIMEN_SIN_FUENTE,OFICIAL_PROBABLE,REVISAR,ALTA,CAMPO_PENDIENTE_REAL,VALIDAR_CON_REGISTRO_CURRICULAR,REGISTRO_CURRICULAR_OFERTA_OFICIAL,SI,NO,Campo estructural/oficial: no resolver sin fuente institucional.
34,I162S2C24J2V1,,NOMBRE_TITULO,REVISAR_NOMBRE_TITULO_SIN_FUENTE_CONFIABLE,OFICIAL_PROBABLE,REVISAR,ALTA,CAMPO_PENDIENTE_REAL,VALIDAR_CON_OFERTA_ACADEMICA,OFERTA_ACADEMICA_INSTITUCIONAL,SI,NO,Campo estructural/oficial: no resolver sin fuente institucional.
34,I162S2C24J2V1,,ACREDITACION,REVISAR_ACREDITACION_SIN_FUENTE,OFICIAL_PROBABLE,REVISAR,ALTA,CAMPO_PENDIENTE_REAL,VALIDAR_CON_OFERTA_ACADEMICA,OFERTA_ACADEMICA_INSTITUCIONAL,SI,NO,Campo estructural/oficial: no resolver sin fuente institucional.
34,I162S2C24J2V1,,REQUISITO_INGRESO,REVISAR_REQUISITO_INGRESO_SIN_FUENTE,OFICIAL_PROBABLE,REVISAR,ALTA,CAMPO_PENDIENTE_REAL,VALIDAR_CON_OFERTA_ACADEMICA,OFERTA_ACADEMICA_INSTITUCIONAL,SI,NO,Campo estructural/oficial: no resolver sin fuente institucional.
34,I162S2C24J2V1,,SEMESTRES_RECONOCIDOS,REVISAR_SEMESTRES_RECONOCIDOS_SIN_FUENTE,OFICIAL_PROBABLE,REVISAR,ALTA,CAMPO_PENDIENTE_REAL,VALIDAR_CON_OFERTA_ACADEMICA,OFERTA_ACADEMICA_INSTITUCIONAL,SI,NO,Campo estructural/oficial: no resolver sin fuente institucional.
34,I162S2C24J2V1,,AREA_ACTUAL,REVISAR_AREA_ACTUAL_SIN_FUENTE,OFICIAL_PROBABLE,REVISAR,ALTA,CAMPO_PENDIENTE_REAL,VALIDAR_CON_OFERTA_ACADEMICA,OFERTA_ACADEMICA_INSTITUCIONAL,SI,NO,Campo estructural/oficial: no resolver sin fuente institucional.
34,I162S2C24J2V1,,AREA_ADMIN_DERECHO,REVISAR_AREA_ADMIN_DERECHO_SIN_FUENTE,FORMULARIO_CNED_DESCONOCIDO,REVISAR,MEDIA,DUDA_METODOLOGICA,REQUIERE_DECISION_INSTITUCIONAL,AREA_ACADEMICA_O_DUENO_DEL_PROGRAMA,DEPENDE,DEPENDE,Campo de formulario o carga potencial: validar contra instructivo CNED antes de excluir o completar.
34,I162S2C24J2V1,,AREA_AGRI_SILVI_PESCA_VET,REVISAR_AREA_AGRI_SILVI_PESCA_VET_SIN_FUENTE,FORMULARIO_CNED_DESCONOCIDO,REVISAR,MEDIA,DUDA_METODOLOGICA,REQUIERE_DECISION_INSTITUCIONAL,AREA_ACADEMICA_O_DUENO_DEL_PROGRAMA,DEPENDE,DEPENDE,Campo de formulario o carga potencial: validar contra instructivo CNED antes de excluir o completar.
34,I162S2C24J2V1,,AREA_ARTES_HUMANIDADES,REVISAR_AREA_ARTES_HUMANIDADES_SIN_FUENTE,FORMULARIO_CNED_DESCONOCIDO,REVISAR,MEDIA,DUDA_METODOLOGICA,REQUIERE_DECISION_INSTITUCIONAL,AREA_ACADEMICA_O_DUENO_DEL_PROGRAMA,DEPENDE,DEPENDE,Campo de formulario o carga potencial: validar contra instructivo CNED antes de excluir o completar.
34,I162S2C24J2V1,,AREA_CIENCIAS_NAT_MAT_ESTAD,REVISAR_AREA_CIENCIAS_NAT_MAT_ESTAD_SIN_FUENTE,FORMULARIO_CNED_DESCONOCIDO,REVISAR,MEDIA,DUDA_METODOLOGICA,REQUIERE_DECISION_INSTITUCIONAL,AREA_ACADEMICA_O_DUENO_DEL_PROGRAMA,DEPENDE,DEPENDE,Campo de formulario o carga potencial: validar contra instructivo CNED antes de excluir o completar.
34,I162S2C24J2V1,,AREA_CS_SOCIAL_PERIODISMO_INFO,REVISAR_AREA_CS_SOCIAL_PERIODISMO_INFO_SIN_FUENTE,FORMULARIO_CNED_DESCONOCIDO,REVISAR,MEDIA,DUDA_METODOLOGICA,REQUIERE_DECISION_INSTITUCIONAL,AREA_ACADEMICA_O_DUENO_DEL_PROGRAMA,DEPENDE,DEPENDE,Campo de formulario o carga potencial: validar contra instructivo CNED antes de excluir o completar.
34,I162S2C24J2V1,,AREA_EDUCACION,REVISAR_AREA_EDUCACION_SIN_FUENTE,FORMULARIO_CNED_DESCONOCIDO,REVISAR,MEDIA,DUDA_METODOLOGICA,REQUIERE_DECISION_INSTITUCIONAL,AREA_ACADEMICA_O_DUENO_DEL_PROGRAMA,DEPENDE,DEPENDE,Campo de formulario o carga potencial: validar contra instructivo CNED antes de excluir o completar.
34,I162S2C24J2V1,,AREA_INGE_INDUSTRIA_CONSTRUC,REVISAR_AREA_INGE_INDUSTRIA_CONSTRUC_SIN_FUENTE,FORMULARIO_CNED_DESCONOCIDO,REVISAR,MEDIA,DUDA_METODOLOGICA,REQUIERE_DECISION_INSTITUCIONAL,AREA_ACADEMICA_O_DUENO_DEL_PROGRAMA,DEPENDE,DEPENDE,Campo de formulario o carga potencial: validar contra instructivo CNED antes de excluir o completar.
34,I162S2C24J2V1,,AREA_SALUD_BIENESTAR,REVISAR_AREA_SALUD_BIENESTAR_SIN_FUENTE,FORMULARIO_CNED_DESCONOCIDO,REVISAR,MEDIA,DUDA_METODOLOGICA,REQUIERE_DECISION_INSTITUCIONAL,AREA_ACADEMICA_O_DUENO_DEL_PROGRAMA,DEPENDE,DEPENDE,Campo de formulario o carga potencial: validar contra instructivo CNED antes de excluir o completar.
34,I162S2C24J2V1,,AREA_SERVICIOS,REVISAR_AREA_SERVICIOS_SIN_FUENTE,FORMULARIO_CNED_DESCONOCIDO,REVISAR,MEDIA,DUDA_METODOLOGICA,REQUIERE_DECISION_INSTITUCIONAL,AREA_ACADEMICA_O_DUENO_DEL_PROGRAMA,DEPENDE,DEPENDE,Campo de formulario o carga potencial: validar contra instructivo CNED antes de excluir o completar.
34,I162S2C24J2V1,,AREA_TECNO_INFO_COMUNICA,REVISAR_AREA_TECNO_INFO_COMUNICA_SIN_FUENTE,FORMULARIO_CNED_DESCONOCIDO,REVISAR,MEDIA,DUDA_METODOLOGICA,REQUIERE_DECISION_INSTITUCIONAL,AREA_ACADEMICA_O_DUENO_DEL_PROGRAMA,DEPENDE,DEPENDE,Campo de formulario o carga potencial: validar contra instructivo CNED antes de excluir o completar.
34,I162S2C24J2V1,,VACANTES_PRIMER_SEMESTRE,REVISAR_VACANTES_PRIMER_SEMESTRE_SIN_FUENTE,FORMULARIO_CNED_DESCONOCIDO,REVISAR,MEDIA,DUDA_METODOLOGICA,REQUIERE_DECISION_INSTITUCIONAL,AREA_ACADEMICA_O_DUENO_DEL_PROGRAMA,DEPENDE,DEPENDE,Campo de formulario o carga potencial: validar contra instructivo CNED antes de excluir o completar.
34,I162S2C24J2V1,,VACANTES_SEGUNDO_SEMESTRE,REVISAR_VACANTES_SEGUNDO_SEMESTRE_SIN_FUENTE,FORMULARIO_CNED_DESCONOCIDO,REVISAR,MEDIA,DUDA_METODOLOGICA,REQUIERE_DECISION_INSTITUCIONAL,AREA_ACADEMICA_O_DUENO_DEL_PROGRAMA,DEPENDE,DEPENDE,Campo de formulario o carga potencial: validar contra instructivo CNED antes de excluir o completar.
34,I162S2C24J2V1,,FECHA_ADMISION_INICIAL,REVISAR_FECHA_ADMISION_INICIAL_SIN_FUENTE,FORMULARIO_CNED_DESCONOCIDO,REVISAR,MEDIA,DUDA_METODOLOGICA,NO_RESOLVER_AUTOMATICAMENTE,INSTRUCTIVO_CNED_Y_DECISION_INSTITUCIONAL,DEPENDE,DEPENDE,Campo de formulario o carga potencial: validar contra instructivo CNED antes de excluir o completar.
34,I162S2C24J2V1,,MALLA_CURRICULAR,REVISAR_MALLA_CURRICULAR_SIN_FUENTE,FORMULARIO_CNED_DESCONOCIDO,REVISAR,MEDIA,DUDA_METODOLOGICA,VALIDAR_CON_AREA_ACADEMICA,AREA_ACADEMICA_O_DUENO_DEL_PROGRAMA,DEPENDE,DEPENDE,Campo de formulario o carga potencial: validar contra instructivo CNED antes de excluir o completar.
34,I162S2C24J2V1,,PERFIL_EGRESO,REVISAR_PERFIL_EGRESO_SIN_FUENTE,FORMULARIO_CNED_DESCONOCIDO,REVISAR,MEDIA,DUDA_METODOLOGICA,VALIDAR_CON_AREA_ACADEMICA,AREA_ACADEMICA_O_DUENO_DEL_PROGRAMA,DEPENDE,DEPENDE,Campo de formulario o carga potencial: validar contra instructivo CNED antes de excluir o completar.
34,I162S2C24J2V1,,TEXTO_REQUISITO_INGRESO,REVISAR_TEXTO_REQUISITO_INGRESO_SIN_FUENTE,FORMULARIO_CNED_DESCONOCIDO,REVISAR,MEDIA,DUDA_METODOLOGICA,VALIDAR_CON_AREA_ACADEMICA,AREA_ACADEMICA_O_DUENO_DEL_PROGRAMA,DEPENDE,DEPENDE,Campo de formulario o carga potencial: validar contra instructivo CNED antes de excluir o completar.
34,I162S2C24J2V1,,LICENCIA_ENS_MEDIA,REVISAR_LICENCIA_ENS_MEDIA_SIN_FUENTE,FORMULARIO_CNED_DESCONOCIDO,REVISAR,MEDIA,DUDA_METODOLOGICA,VALIDAR_CON_AREA_ACADEMICA,AREA_ACADEMICA_O_DUENO_DEL_PROGRAMA,DEPENDE,DEPENDE,Campo de formulario o carga potencial: validar contra instructivo CNED antes de excluir o completar.
34,I162S2C24J2V1,,NOTAS_ENS_MEDIA,REVISAR_NOTAS_ENS_MEDIA_SIN_FUENTE,FORMULARIO_CNED_DESCONOCIDO,REVISAR,MEDIA,DUDA_METODOLOGICA,VALIDAR_CON_AREA_ACADEMICA,AREA_ACADEMICA_O_DUENO_DEL_PROGRAMA,DEPENDE,DEPENDE,Campo de formulario o carga potencial: validar contra instructivo CNED antes de excluir o completar.
34,I162S2C24J2V1,,PROMEDIO_MIN_ENS_MEDIA,REVISAR_PROMEDIO_MIN_ENS_MEDIA_SIN_FUENTE,FORMULARIO_CNED_DESCONOCIDO,REVISAR,MEDIA,DUDA_METODOLOGICA,NO_RESOLVER_AUTOMATICAMENTE,INSTRUCTIVO_CNED_Y_DECISION_INSTITUCIONAL,DEPENDE,DEPENDE,Campo de formulario o carga potencial: validar contra instructivo CNED antes de excluir o completar.
34,I162S2C24J2V1,,RECONOCIMIENTOS_APREN_PREVIOS,REVISAR_RECONOCIMIENTOS_APREN_PREVIOS_SIN_FUENTE,FORMULARIO_CNED_DESCONOCIDO,REVISAR,MEDIA,DUDA_METODOLOGICA,NO_RESOLVER_AUTOMATICAMENTE,INSTRUCTIVO_CNED_Y_DECISION_INSTITUCIONAL,DEPENDE,DEPENDE,Campo de formulario o carga potencial: validar contra instructivo CNED antes de excluir o completar.
34,I162S2C24J2V1,,EXPERIENCIA_LABORAL,REVISAR_EXPERIENCIA_LABORAL_SIN_FUENTE,FORMULARIO_CNED_DESCONOCIDO,REVISAR,MEDIA,DUDA_METODOLOGICA,VALIDAR_CON_AREA_ACADEMICA,AREA_ACADEMICA_O_DUENO_DEL_PROGRAMA,DEPENDE,DEPENDE,Campo de formulario o carga potencial: validar contra instructivo CNED antes de excluir o completar.
34,I162S2C24J2V1,,OTROS_REQUISITOS,REVISAR_OTROS_REQUISITOS_SIN_FUENTE,FORMULARIO_CNED_DESCONOCIDO,REVISAR,MEDIA,DUDA_METODOLOGICA,VALIDAR_CON_AREA_ACADEMICA,AREA_ACADEMICA_O_DUENO_DEL_PROGRAMA,DEPENDE,DEPENDE,Campo de formulario o carga potencial: validar contra instructivo CNED antes de excluir o completar.
34,I162S2C24J2V1,,MAIL_DIFUSION_CARRERA,REVISAR_MAIL_DIFUSION_CARRERA_SIN_FUENTE,FORMULARIO_CNED_DESCONOCIDO,REVISAR,MEDIA,DUDA_METODOLOGICA,NO_RESOLVER_AUTOMATICAMENTE,INSTRUCTIVO_CNED_Y_DECISION_INSTITUCIONAL,DEPENDE,DEPENDE,Campo de formulario o carga potencial: validar contra instructivo CNED antes de excluir o completar.
34,I162S2C24J2V1,,FORMATO_VALOR,REVISAR_FORMATO_VALOR_SIN_FUENTE,FORMULARIO_CNED_DESCONOCIDO,REVISAR,MEDIA,DUDA_METODOLOGICA,VALIDAR_CON_FINANZAS_ARANCELES,FINANZAS_ARANCELES_INSTITUCIONAL,DEPENDE,DEPENDE,Requiere fuente monetaria explicita; no usar cero ni inferencias.
34,I162S2C24J2V1,,VALOR_MATRICULA_ANUAL,REVISAR_VALOR_MATRICULA_ANUAL_SIN_FUENTE,FORMULARIO_CNED_DESCONOCIDO,REVISAR,MEDIA,DUDA_METODOLOGICA,VALIDAR_CON_FINANZAS_ARANCELES,FINANZAS_ARANCELES_INSTITUCIONAL,DEPENDE,DEPENDE,Requiere fuente monetaria explicita; no usar cero ni inferencias.
34,I162S2C24J2V1,,COSTO_TITULACION,REVISAR_COSTO_TITULACION_SIN_FUENTE,FORMULARIO_CNED_DESCONOCIDO,REVISAR,MEDIA,DUDA_METODOLOGICA,VALIDAR_CON_FINANZAS_ARANCELES,FINANZAS_ARANCELES_INSTITUCIONAL,DEPENDE,DEPENDE,Requiere fuente monetaria explicita; no usar cero ni inferencias.
34,I162S2C24J2V1,,VALOR_CERTIFICADO_DIPLOMA,REVISAR_VALOR_CERTIFICADO_DIPLOMA_SIN_FUENTE,FORMULARIO_CNED_DESCONOCIDO,REVISAR,MEDIA,DUDA_METODOLOGICA,VALIDAR_CON_FINANZAS_ARANCELES,FINANZAS_ARANCELES_INSTITUCIONAL,DEPENDE,DEPENDE,Requiere fuente monetaria explicita; no usar cero ni inferencias.
34,I162S2C24J2V1,,ARANCEL_ANUAL,REVISAR_ARANCEL_ANUAL_SIN_FUENTE,FORMULARIO_CNED_DESCONOCIDO,REVISAR,MEDIA,DUDA_METODOLOGICA,VALIDAR_CON_FINANZAS_ARANCELES,FINANZAS_ARANCELES_INSTITUCIONAL,DEPENDE,DEPENDE,Requiere fuente monetaria explicita; no usar cero ni inferencias.
34,I162S2C24J2V1,,CNED_ESTADO_AUDITORIA,REQUIERE_REVISION,AUXILIAR_TECNICA,REVISION,BAJA,MARCA_TECNICA_REMOVIBLE,EXCLUIR_DE_ARCHIVO_CARGA_SI_ES_AUXILIAR,TRAZABILIDAD_INTERNA_CNED,NO,SI,No debe ir en archivo de carga; conservar en trazabilidad.
34,I162S2C24J2V1,,CNED_ALERTAS,CONTIENE_MARCAS_TECNICAS_DE_REVISION,AUXILIAR_TECNICA,REVISION,BAJA,MARCA_TECNICA_REMOVIBLE,EXCLUIR_DE_ARCHIVO_CARGA_SI_ES_AUXILIAR,TRAZABILIDAD_INTERNA_CNED,NO,SI,No debe ir en archivo de carga; conservar en trazabilidad.
34,I162S2C24J2V1,,CNED_PUEDE_SUBIR_PRELIMINAR,REVISAR,AUXILIAR_TECNICA,REVISAR,BAJA,MARCA_TECNICA_REMOVIBLE,EXCLUIR_DE_ARCHIVO_CARGA_SI_ES_AUXILIAR,TRAZABILIDAD_INTERNA_CNED,NO,SI,No debe ir en archivo de carga; conservar en trazabilidad.
35,I162S2C2J1V2,,Área del Conocimiento,REVISAR_AREA_CODIGO_10,FORMULARIO_CNED_DESCONOCIDO,REVISAR,MEDIA,DUDA_METODOLOGICA,REQUIERE_DECISION_INSTITUCIONAL,AREA_ACADEMICA_O_DUENO_DEL_PROGRAMA,DEPENDE,DEPENDE,Campo de formulario o carga potencial: validar contra instructivo CNED antes de excluir o completar.
35,I162S2C2J1V2,,Sub Área,REVISAR_SUB_AREA_SIN_FUENTE_DIRECTA,FORMULARIO_CNED_DESCONOCIDO,REVISAR,MEDIA,DUDA_METODOLOGICA,REQUIERE_DECISION_INSTITUCIONAL,AREA_ACADEMICA_O_DUENO_DEL_PROGRAMA,DEPENDE,DEPENDE,Campo de formulario o carga potencial: validar contra instructivo CNED antes de excluir o completar.
35,I162S2C2J1V2,,Carrera Genérica,REVISAR_CARRERA_GENERICA_SIN_FUENTE_DIRECTA,FORMULARIO_CNED_DESCONOCIDO,REVISAR,MEDIA,DUDA_METODOLOGICA,REQUIERE_DECISION_INSTITUCIONAL,AREA_ACADEMICA_O_DUENO_DEL_PROGRAMA,DEPENDE,DEPENDE,Campo de formulario o carga potencial: validar contra instructivo CNED antes de excluir o completar.
35,I162S2C2J1V2,,Grado Académico que otorga el programa,REVISAR_GRADO_ACADEMICO_SIN_FUENTE_DIRECTA,FORMULARIO_CNED_DESCONOCIDO,REVISAR,MEDIA,DUDA_METODOLOGICA,NO_RESOLVER_AUTOMATICAMENTE,INSTRUCTIVO_CNED_Y_DECISION_INSTITUCIONAL,DEPENDE,DEPENDE,Campo de formulario o carga potencial: validar contra instructivo CNED antes de excluir o completar.
35,I162S2C2J1V2,,Dependencia,REVISAR_DEPENDENCIA_SIN_FUENTE_DIRECTA,FORMULARIO_CNED_DESCONOCIDO,REVISAR,MEDIA,DUDA_METODOLOGICA,REQUIERE_DECISION_INSTITUCIONAL,AREA_ACADEMICA_O_DUENO_DEL_PROGRAMA,DEPENDE,DEPENDE,Campo de formulario o carga potencial: validar contra instructivo CNED antes de excluir o completar.
35,I162S2C2J1V2,,Régimen,REVISAR_REGIMEN_CODIGO_1,OFICIAL_PROBABLE,REVISAR,ALTA,CAMPO_PENDIENTE_REAL,VALIDAR_CON_REGISTRO_CURRICULAR,REGISTRO_CURRICULAR_OFERTA_OFICIAL,SI,NO,Campo estructural/oficial: no resolver sin fuente institucional.
35,I162S2C2J1V2,,Ingreso Directo,REVISAR_INGRESO_DIRECTO_CODIGO_REQUISITO_INGRESO_1,FORMULARIO_CNED_DESCONOCIDO,REVISAR,MEDIA,DUDA_METODOLOGICA,VALIDAR_CON_AREA_ACADEMICA,AREA_ACADEMICA_O_DUENO_DEL_PROGRAMA,DEPENDE,DEPENDE,Campo de formulario o carga potencial: validar contra instructivo CNED antes de excluir o completar.
35,I162S2C2J1V2,,Observaciones,Crear según matriz PROMEDIOSDEALUMNOS_7804.xlsx / hoja matriz; conciliado contra diccionario oferta 2026; no encontrado en listado existente INDICES por CODIGO_UNICO; campos sin fuente directa quedan con revisión específica.,FORMULARIO_CNED_DESCONOCIDO,REVISION,MEDIA,OBSERVACION_INSTITUCIONAL,MANTENER_SOLO_COMO_TRAZABILIDAD,INSTRUCTIVO_CNED_Y_DECISION_INSTITUCIONAL,DEPENDE,DEPENDE,Campo de formulario o carga potencial: validar contra instructivo CNED antes de excluir o completar.
35,I162S2C2J1V2,,FECHA_ADMISION_INICIAL,REVISAR_FECHA_ADMISION_INICIAL_SIN_FUENTE,FORMULARIO_CNED_DESCONOCIDO,REVISAR,MEDIA,DUDA_METODOLOGICA,NO_RESOLVER_AUTOMATICAMENTE,INSTRUCTIVO_CNED_Y_DECISION_INSTITUCIONAL,DEPENDE,DEPENDE,Campo de formulario o carga potencial: validar contra instructivo CNED antes de excluir o completar.
35,I162S2C2J1V2,,MALLA_CURRICULAR,REVISAR_MALLA_CURRICULAR_SIN_FUENTE,FORMULARIO_CNED_DESCONOCIDO,REVISAR,MEDIA,DUDA_METODOLOGICA,VALIDAR_CON_AREA_ACADEMICA,AREA_ACADEMICA_O_DUENO_DEL_PROGRAMA,DEPENDE,DEPENDE,Campo de formulario o carga potencial: validar contra instructivo CNED antes de excluir o completar.
35,I162S2C2J1V2,,PERFIL_EGRESO,REVISAR_PERFIL_EGRESO_SIN_FUENTE,FORMULARIO_CNED_DESCONOCIDO,REVISAR,MEDIA,DUDA_METODOLOGICA,VALIDAR_CON_AREA_ACADEMICA,AREA_ACADEMICA_O_DUENO_DEL_PROGRAMA,DEPENDE,DEPENDE,Campo de formulario o carga potencial: validar contra instructivo CNED antes de excluir o completar.
35,I162S2C2J1V2,,TEXTO_REQUISITO_INGRESO,REVISAR_TEXTO_REQUISITO_INGRESO_SIN_FUENTE,FORMULARIO_CNED_DESCONOCIDO,REVISAR,MEDIA,DUDA_METODOLOGICA,VALIDAR_CON_AREA_ACADEMICA,AREA_ACADEMICA_O_DUENO_DEL_PROGRAMA,DEPENDE,DEPENDE,Campo de formulario o carga potencial: validar contra instructivo CNED antes de excluir o completar.
35,I162S2C2J1V2,,LICENCIA_ENS_MEDIA,REVISAR_LICENCIA_ENS_MEDIA_SIN_FUENTE,FORMULARIO_CNED_DESCONOCIDO,REVISAR,MEDIA,DUDA_METODOLOGICA,VALIDAR_CON_AREA_ACADEMICA,AREA_ACADEMICA_O_DUENO_DEL_PROGRAMA,DEPENDE,DEPENDE,Campo de formulario o carga potencial: validar contra instructivo CNED antes de excluir o completar.
35,I162S2C2J1V2,,NOTAS_ENS_MEDIA,REVISAR_NOTAS_ENS_MEDIA_SIN_FUENTE,FORMULARIO_CNED_DESCONOCIDO,REVISAR,MEDIA,DUDA_METODOLOGICA,VALIDAR_CON_AREA_ACADEMICA,AREA_ACADEMICA_O_DUENO_DEL_PROGRAMA,DEPENDE,DEPENDE,Campo de formulario o carga potencial: validar contra instructivo CNED antes de excluir o completar.
35,I162S2C2J1V2,,PROMEDIO_MIN_ENS_MEDIA,REVISAR_PROMEDIO_MIN_ENS_MEDIA_SIN_FUENTE,FORMULARIO_CNED_DESCONOCIDO,REVISAR,MEDIA,DUDA_METODOLOGICA,NO_RESOLVER_AUTOMATICAMENTE,INSTRUCTIVO_CNED_Y_DECISION_INSTITUCIONAL,DEPENDE,DEPENDE,Campo de formulario o carga potencial: validar contra instructivo CNED antes de excluir o completar.
35,I162S2C2J1V2,,RECONOCIMIENTOS_APREN_PREVIOS,REVISAR_RECONOCIMIENTOS_APREN_PREVIOS_SIN_FUENTE,FORMULARIO_CNED_DESCONOCIDO,REVISAR,MEDIA,DUDA_METODOLOGICA,NO_RESOLVER_AUTOMATICAMENTE,INSTRUCTIVO_CNED_Y_DECISION_INSTITUCIONAL,DEPENDE,DEPENDE,Campo de formulario o carga potencial: validar contra instructivo CNED antes de excluir o completar.
35,I162S2C2J1V2,,EXPERIENCIA_LABORAL,REVISAR_EXPERIENCIA_LABORAL_SIN_FUENTE,FORMULARIO_CNED_DESCONOCIDO,REVISAR,MEDIA,DUDA_METODOLOGICA,VALIDAR_CON_AREA_ACADEMICA,AREA_ACADEMICA_O_DUENO_DEL_PROGRAMA,DEPENDE,DEPENDE,Campo de formulario o carga potencial: validar contra instructivo CNED antes de excluir o completar.
35,I162S2C2J1V2,,OTROS_REQUISITOS,REVISAR_OTROS_REQUISITOS_SIN_FUENTE,FORMULARIO_CNED_DESCONOCIDO,REVISAR,MEDIA,DUDA_METODOLOGICA,VALIDAR_CON_AREA_ACADEMICA,AREA_ACADEMICA_O_DUENO_DEL_PROGRAMA,DEPENDE,DEPENDE,Campo de formulario o carga potencial: validar contra instructivo CNED antes de excluir o completar.
35,I162S2C2J1V2,,MAIL_DIFUSION_CARRERA,REVISAR_MAIL_DIFUSION_CARRERA_SIN_FUENTE,FORMULARIO_CNED_DESCONOCIDO,REVISAR,MEDIA,DUDA_METODOLOGICA,NO_RESOLVER_AUTOMATICAMENTE,INSTRUCTIVO_CNED_Y_DECISION_INSTITUCIONAL,DEPENDE,DEPENDE,Campo de formulario o carga potencial: validar contra instructivo CNED antes de excluir o completar.
35,I162S2C2J1V2,,FORMATO_VALOR,REVISAR_FORMATO_VALOR_SIN_FUENTE,FORMULARIO_CNED_DESCONOCIDO,REVISAR,MEDIA,DUDA_METODOLOGICA,VALIDAR_CON_FINANZAS_ARANCELES,FINANZAS_ARANCELES_INSTITUCIONAL,DEPENDE,DEPENDE,Requiere fuente monetaria explicita; no usar cero ni inferencias.
35,I162S2C2J1V2,,VALOR_MATRICULA_ANUAL,REVISAR_VALOR_MATRICULA_ANUAL_SIN_FUENTE,FORMULARIO_CNED_DESCONOCIDO,REVISAR,MEDIA,DUDA_METODOLOGICA,VALIDAR_CON_FINANZAS_ARANCELES,FINANZAS_ARANCELES_INSTITUCIONAL,DEPENDE,DEPENDE,Requiere fuente monetaria explicita; no usar cero ni inferencias.
35,I162S2C2J1V2,,COSTO_TITULACION,REVISAR_COSTO_TITULACION_SIN_FUENTE,FORMULARIO_CNED_DESCONOCIDO,REVISAR,MEDIA,DUDA_METODOLOGICA,VALIDAR_CON_FINANZAS_ARANCELES,FINANZAS_ARANCELES_INSTITUCIONAL,DEPENDE,DEPENDE,Requiere fuente monetaria explicita; no usar cero ni inferencias.
35,I162S2C2J1V2,,VALOR_CERTIFICADO_DIPLOMA,REVISAR_VALOR_CERTIFICADO_DIPLOMA_SIN_FUENTE,FORMULARIO_CNED_DESCONOCIDO,REVISAR,MEDIA,DUDA_METODOLOGICA,VALIDAR_CON_FINANZAS_ARANCELES,FINANZAS_ARANCELES_INSTITUCIONAL,DEPENDE,DEPENDE,Requiere fuente monetaria explicita; no usar cero ni inferencias.
35,I162S2C2J1V2,,ARANCEL_ANUAL,REVISAR_ARANCEL_ANUAL_SIN_FUENTE,FORMULARIO_CNED_DESCONOCIDO,REVISAR,MEDIA,DUDA_METODOLOGICA,VALIDAR_CON_FINANZAS_ARANCELES,FINANZAS_ARANCELES_INSTITUCIONAL,DEPENDE,DEPENDE,Requiere fuente monetaria explicita; no usar cero ni inferencias.
35,I162S2C2J1V2,,VIGENCIA_CARRERA,REVISAR_VIGENCIA_CARRERA_SIN_FUENTE_DIRECTA,OFICIAL_PROBABLE,REVISAR,ALTA,CAMPO_PENDIENTE_REAL,VALIDAR_CON_REGISTRO_CURRICULAR,REGISTRO_CURRICULAR_OFERTA_OFICIAL,SI,NO,Campo estructural/oficial: no resolver sin fuente institucional.
35,I162S2C2J1V2,,CNED_ESTADO_AUDITORIA,REQUIERE_REVISION,AUXILIAR_TECNICA,REVISION,BAJA,MARCA_TECNICA_REMOVIBLE,EXCLUIR_DE_ARCHIVO_CARGA_SI_ES_AUXILIAR,TRAZABILIDAD_INTERNA_CNED,NO,SI,No debe ir en archivo de carga; conservar en trazabilidad.
35,I162S2C2J1V2,,CNED_ALERTAS,CONTIENE_MARCAS_TECNICAS_DE_REVISION,AUXILIAR_TECNICA,REVISION,BAJA,MARCA_TECNICA_REMOVIBLE,EXCLUIR_DE_ARCHIVO_CARGA_SI_ES_AUXILIAR,TRAZABILIDAD_INTERNA_CNED,NO,SI,No debe ir en archivo de carga; conservar en trazabilidad.
35,I162S2C2J1V2,,CNED_PUEDE_SUBIR_PRELIMINAR,REVISAR,AUXILIAR_TECNICA,REVISAR,BAJA,MARCA_TECNICA_REMOVIBLE,EXCLUIR_DE_ARCHIVO_CARGA_SI_ES_AUXILIAR,TRAZABILIDAD_INTERNA_CNED,NO,SI,No debe ir en archivo de carga; conservar en trazabilidad.
36,I162S2C2J2V2,,Área del Conocimiento,REVISAR_AREA_CODIGO_10,FORMULARIO_CNED_DESCONOCIDO,REVISAR,MEDIA,DUDA_METODOLOGICA,REQUIERE_DECISION_INSTITUCIONAL,AREA_ACADEMICA_O_DUENO_DEL_PROGRAMA,DEPENDE,DEPENDE,Campo de formulario o carga potencial: validar contra instructivo CNED antes de excluir o completar.
36,I162S2C2J2V2,,Sub Área,REVISAR_SUB_AREA_SIN_FUENTE_DIRECTA,FORMULARIO_CNED_DESCONOCIDO,REVISAR,MEDIA,DUDA_METODOLOGICA,REQUIERE_DECISION_INSTITUCIONAL,AREA_ACADEMICA_O_DUENO_DEL_PROGRAMA,DEPENDE,DEPENDE,Campo de formulario o carga potencial: validar contra instructivo CNED antes de excluir o completar.
36,I162S2C2J2V2,,Carrera Genérica,REVISAR_CARRERA_GENERICA_SIN_FUENTE_DIRECTA,FORMULARIO_CNED_DESCONOCIDO,REVISAR,MEDIA,DUDA_METODOLOGICA,REQUIERE_DECISION_INSTITUCIONAL,AREA_ACADEMICA_O_DUENO_DEL_PROGRAMA,DEPENDE,DEPENDE,Campo de formulario o carga potencial: validar contra instructivo CNED antes de excluir o completar.
36,I162S2C2J2V2,,Grado Académico que otorga el programa,REVISAR_GRADO_ACADEMICO_SIN_FUENTE_DIRECTA,FORMULARIO_CNED_DESCONOCIDO,REVISAR,MEDIA,DUDA_METODOLOGICA,NO_RESOLVER_AUTOMATICAMENTE,INSTRUCTIVO_CNED_Y_DECISION_INSTITUCIONAL,DEPENDE,DEPENDE,Campo de formulario o carga potencial: validar contra instructivo CNED antes de excluir o completar.
36,I162S2C2J2V2,,Dependencia,REVISAR_DEPENDENCIA_SIN_FUENTE_DIRECTA,FORMULARIO_CNED_DESCONOCIDO,REVISAR,MEDIA,DUDA_METODOLOGICA,REQUIERE_DECISION_INSTITUCIONAL,AREA_ACADEMICA_O_DUENO_DEL_PROGRAMA,DEPENDE,DEPENDE,Campo de formulario o carga potencial: validar contra instructivo CNED antes de excluir o completar.
36,I162S2C2J2V2,,Régimen,REVISAR_REGIMEN_CODIGO_1,OFICIAL_PROBABLE,REVISAR,ALTA,CAMPO_PENDIENTE_REAL,VALIDAR_CON_REGISTRO_CURRICULAR,REGISTRO_CURRICULAR_OFERTA_OFICIAL,SI,NO,Campo estructural/oficial: no resolver sin fuente institucional.
36,I162S2C2J2V2,,Ingreso Directo,REVISAR_INGRESO_DIRECTO_CODIGO_REQUISITO_INGRESO_1,FORMULARIO_CNED_DESCONOCIDO,REVISAR,MEDIA,DUDA_METODOLOGICA,VALIDAR_CON_AREA_ACADEMICA,AREA_ACADEMICA_O_DUENO_DEL_PROGRAMA,DEPENDE,DEPENDE,Campo de formulario o carga potencial: validar contra instructivo CNED antes de excluir o completar.
36,I162S2C2J2V2,,Observaciones,Crear según matriz PROMEDIOSDEALUMNOS_7804.xlsx / hoja matriz; conciliado contra diccionario oferta 2026; no encontrado en listado existente INDICES por CODIGO_UNICO; campos sin fuente directa quedan con revisión específica.,FORMULARIO_CNED_DESCONOCIDO,REVISION,MEDIA,OBSERVACION_INSTITUCIONAL,MANTENER_SOLO_COMO_TRAZABILIDAD,INSTRUCTIVO_CNED_Y_DECISION_INSTITUCIONAL,DEPENDE,DEPENDE,Campo de formulario o carga potencial: validar contra instructivo CNED antes de excluir o completar.
36,I162S2C2J2V2,,FECHA_ADMISION_INICIAL,REVISAR_FECHA_ADMISION_INICIAL_SIN_FUENTE,FORMULARIO_CNED_DESCONOCIDO,REVISAR,MEDIA,DUDA_METODOLOGICA,NO_RESOLVER_AUTOMATICAMENTE,INSTRUCTIVO_CNED_Y_DECISION_INSTITUCIONAL,DEPENDE,DEPENDE,Campo de formulario o carga potencial: validar contra instructivo CNED antes de excluir o completar.
36,I162S2C2J2V2,,MALLA_CURRICULAR,REVISAR_MALLA_CURRICULAR_SIN_FUENTE,FORMULARIO_CNED_DESCONOCIDO,REVISAR,MEDIA,DUDA_METODOLOGICA,VALIDAR_CON_AREA_ACADEMICA,AREA_ACADEMICA_O_DUENO_DEL_PROGRAMA,DEPENDE,DEPENDE,Campo de formulario o carga potencial: validar contra instructivo CNED antes de excluir o completar.
36,I162S2C2J2V2,,PERFIL_EGRESO,REVISAR_PERFIL_EGRESO_SIN_FUENTE,FORMULARIO_CNED_DESCONOCIDO,REVISAR,MEDIA,DUDA_METODOLOGICA,VALIDAR_CON_AREA_ACADEMICA,AREA_ACADEMICA_O_DUENO_DEL_PROGRAMA,DEPENDE,DEPENDE,Campo de formulario o carga potencial: validar contra instructivo CNED antes de excluir o completar.
36,I162S2C2J2V2,,TEXTO_REQUISITO_INGRESO,REVISAR_TEXTO_REQUISITO_INGRESO_SIN_FUENTE,FORMULARIO_CNED_DESCONOCIDO,REVISAR,MEDIA,DUDA_METODOLOGICA,VALIDAR_CON_AREA_ACADEMICA,AREA_ACADEMICA_O_DUENO_DEL_PROGRAMA,DEPENDE,DEPENDE,Campo de formulario o carga potencial: validar contra instructivo CNED antes de excluir o completar.
36,I162S2C2J2V2,,LICENCIA_ENS_MEDIA,REVISAR_LICENCIA_ENS_MEDIA_SIN_FUENTE,FORMULARIO_CNED_DESCONOCIDO,REVISAR,MEDIA,DUDA_METODOLOGICA,VALIDAR_CON_AREA_ACADEMICA,AREA_ACADEMICA_O_DUENO_DEL_PROGRAMA,DEPENDE,DEPENDE,Campo de formulario o carga potencial: validar contra instructivo CNED antes de excluir o completar.
36,I162S2C2J2V2,,NOTAS_ENS_MEDIA,REVISAR_NOTAS_ENS_MEDIA_SIN_FUENTE,FORMULARIO_CNED_DESCONOCIDO,REVISAR,MEDIA,DUDA_METODOLOGICA,VALIDAR_CON_AREA_ACADEMICA,AREA_ACADEMICA_O_DUENO_DEL_PROGRAMA,DEPENDE,DEPENDE,Campo de formulario o carga potencial: validar contra instructivo CNED antes de excluir o completar.
36,I162S2C2J2V2,,PROMEDIO_MIN_ENS_MEDIA,REVISAR_PROMEDIO_MIN_ENS_MEDIA_SIN_FUENTE,FORMULARIO_CNED_DESCONOCIDO,REVISAR,MEDIA,DUDA_METODOLOGICA,NO_RESOLVER_AUTOMATICAMENTE,INSTRUCTIVO_CNED_Y_DECISION_INSTITUCIONAL,DEPENDE,DEPENDE,Campo de formulario o carga potencial: validar contra instructivo CNED antes de excluir o completar.
36,I162S2C2J2V2,,RECONOCIMIENTOS_APREN_PREVIOS,REVISAR_RECONOCIMIENTOS_APREN_PREVIOS_SIN_FUENTE,FORMULARIO_CNED_DESCONOCIDO,REVISAR,MEDIA,DUDA_METODOLOGICA,NO_RESOLVER_AUTOMATICAMENTE,INSTRUCTIVO_CNED_Y_DECISION_INSTITUCIONAL,DEPENDE,DEPENDE,Campo de formulario o carga potencial: validar contra instructivo CNED antes de excluir o completar.
36,I162S2C2J2V2,,EXPERIENCIA_LABORAL,REVISAR_EXPERIENCIA_LABORAL_SIN_FUENTE,FORMULARIO_CNED_DESCONOCIDO,REVISAR,MEDIA,DUDA_METODOLOGICA,VALIDAR_CON_AREA_ACADEMICA,AREA_ACADEMICA_O_DUENO_DEL_PROGRAMA,DEPENDE,DEPENDE,Campo de formulario o carga potencial: validar contra instructivo CNED antes de excluir o completar.
36,I162S2C2J2V2,,OTROS_REQUISITOS,REVISAR_OTROS_REQUISITOS_SIN_FUENTE,FORMULARIO_CNED_DESCONOCIDO,REVISAR,MEDIA,DUDA_METODOLOGICA,VALIDAR_CON_AREA_ACADEMICA,AREA_ACADEMICA_O_DUENO_DEL_PROGRAMA,DEPENDE,DEPENDE,Campo de formulario o carga potencial: validar contra instructivo CNED antes de excluir o completar.
36,I162S2C2J2V2,,MAIL_DIFUSION_CARRERA,REVISAR_MAIL_DIFUSION_CARRERA_SIN_FUENTE,FORMULARIO_CNED_DESCONOCIDO,REVISAR,MEDIA,DUDA_METODOLOGICA,NO_RESOLVER_AUTOMATICAMENTE,INSTRUCTIVO_CNED_Y_DECISION_INSTITUCIONAL,DEPENDE,DEPENDE,Campo de formulario o carga potencial: validar contra instructivo CNED antes de excluir o completar.
36,I162S2C2J2V2,,FORMATO_VALOR,REVISAR_FORMATO_VALOR_SIN_FUENTE,FORMULARIO_CNED_DESCONOCIDO,REVISAR,MEDIA,DUDA_METODOLOGICA,VALIDAR_CON_FINANZAS_ARANCELES,FINANZAS_ARANCELES_INSTITUCIONAL,DEPENDE,DEPENDE,Requiere fuente monetaria explicita; no usar cero ni inferencias.
36,I162S2C2J2V2,,VALOR_MATRICULA_ANUAL,REVISAR_VALOR_MATRICULA_ANUAL_SIN_FUENTE,FORMULARIO_CNED_DESCONOCIDO,REVISAR,MEDIA,DUDA_METODOLOGICA,VALIDAR_CON_FINANZAS_ARANCELES,FINANZAS_ARANCELES_INSTITUCIONAL,DEPENDE,DEPENDE,Requiere fuente monetaria explicita; no usar cero ni inferencias.
36,I162S2C2J2V2,,COSTO_TITULACION,REVISAR_COSTO_TITULACION_SIN_FUENTE,FORMULARIO_CNED_DESCONOCIDO,REVISAR,MEDIA,DUDA_METODOLOGICA,VALIDAR_CON_FINANZAS_ARANCELES,FINANZAS_ARANCELES_INSTITUCIONAL,DEPENDE,DEPENDE,Requiere fuente monetaria explicita; no usar cero ni inferencias.
36,I162S2C2J2V2,,VALOR_CERTIFICADO_DIPLOMA,REVISAR_VALOR_CERTIFICADO_DIPLOMA_SIN_FUENTE,FORMULARIO_CNED_DESCONOCIDO,REVISAR,MEDIA,DUDA_METODOLOGICA,VALIDAR_CON_FINANZAS_ARANCELES,FINANZAS_ARANCELES_INSTITUCIONAL,DEPENDE,DEPENDE,Requiere fuente monetaria explicita; no usar cero ni inferencias.
36,I162S2C2J2V2,,ARANCEL_ANUAL,REVISAR_ARANCEL_ANUAL_SIN_FUENTE,FORMULARIO_CNED_DESCONOCIDO,REVISAR,MEDIA,DUDA_METODOLOGICA,VALIDAR_CON_FINANZAS_ARANCELES,FINANZAS_ARANCELES_INSTITUCIONAL,DEPENDE,DEPENDE,Requiere fuente monetaria explicita; no usar cero ni inferencias.
36,I162S2C2J2V2,,VIGENCIA_CARRERA,REVISAR_VIGENCIA_CARRERA_SIN_FUENTE_DIRECTA,OFICIAL_PROBABLE,REVISAR,ALTA,CAMPO_PENDIENTE_REAL,VALIDAR_CON_REGISTRO_CURRICULAR,REGISTRO_CURRICULAR_OFERTA_OFICIAL,SI,NO,Campo estructural/oficial: no resolver sin fuente institucional.
36,I162S2C2J2V2,,CNED_ESTADO_AUDITORIA,REQUIERE_REVISION,AUXILIAR_TECNICA,REVISION,BAJA,MARCA_TECNICA_REMOVIBLE,EXCLUIR_DE_ARCHIVO_CARGA_SI_ES_AUXILIAR,TRAZABILIDAD_INTERNA_CNED,NO,SI,No debe ir en archivo de carga; conservar en trazabilidad.
36,I162S2C2J2V2,,CNED_ALERTAS,CONTIENE_MARCAS_TECNICAS_DE_REVISION,AUXILIAR_TECNICA,REVISION,BAJA,MARCA_TECNICA_REMOVIBLE,EXCLUIR_DE_ARCHIVO_CARGA_SI_ES_AUXILIAR,TRAZABILIDAD_INTERNA_CNED,NO,SI,No debe ir en archivo de carga; conservar en trazabilidad.
36,I162S2C2J2V2,,CNED_PUEDE_SUBIR_PRELIMINAR,REVISAR,AUXILIAR_TECNICA,REVISAR,BAJA,MARCA_TECNICA_REMOVIBLE,EXCLUIR_DE_ARCHIVO_CARGA_SI_ES_AUXILIAR,TRAZABILIDAD_INTERNA_CNED,NO,SI,No debe ir en archivo de carga; conservar en trazabilidad.
37,I162S2C2J4V2,,Área del Conocimiento,REVISAR_AREA_CODIGO_10,FORMULARIO_CNED_DESCONOCIDO,REVISAR,MEDIA,DUDA_METODOLOGICA,REQUIERE_DECISION_INSTITUCIONAL,AREA_ACADEMICA_O_DUENO_DEL_PROGRAMA,DEPENDE,DEPENDE,Campo de formulario o carga potencial: validar contra instructivo CNED antes de excluir o completar.
37,I162S2C2J4V2,,Sub Área,REVISAR_SUB_AREA_SIN_FUENTE_DIRECTA,FORMULARIO_CNED_DESCONOCIDO,REVISAR,MEDIA,DUDA_METODOLOGICA,REQUIERE_DECISION_INSTITUCIONAL,AREA_ACADEMICA_O_DUENO_DEL_PROGRAMA,DEPENDE,DEPENDE,Campo de formulario o carga potencial: validar contra instructivo CNED antes de excluir o completar.
37,I162S2C2J4V2,,Carrera Genérica,REVISAR_CARRERA_GENERICA_SIN_FUENTE_DIRECTA,FORMULARIO_CNED_DESCONOCIDO,REVISAR,MEDIA,DUDA_METODOLOGICA,REQUIERE_DECISION_INSTITUCIONAL,AREA_ACADEMICA_O_DUENO_DEL_PROGRAMA,DEPENDE,DEPENDE,Campo de formulario o carga potencial: validar contra instructivo CNED antes de excluir o completar.
37,I162S2C2J4V2,,Grado Académico que otorga el programa,REVISAR_GRADO_ACADEMICO_SIN_FUENTE_DIRECTA,FORMULARIO_CNED_DESCONOCIDO,REVISAR,MEDIA,DUDA_METODOLOGICA,NO_RESOLVER_AUTOMATICAMENTE,INSTRUCTIVO_CNED_Y_DECISION_INSTITUCIONAL,DEPENDE,DEPENDE,Campo de formulario o carga potencial: validar contra instructivo CNED antes de excluir o completar.
37,I162S2C2J4V2,,Dependencia,REVISAR_DEPENDENCIA_SIN_FUENTE_DIRECTA,FORMULARIO_CNED_DESCONOCIDO,REVISAR,MEDIA,DUDA_METODOLOGICA,REQUIERE_DECISION_INSTITUCIONAL,AREA_ACADEMICA_O_DUENO_DEL_PROGRAMA,DEPENDE,DEPENDE,Campo de formulario o carga potencial: validar contra instructivo CNED antes de excluir o completar.
37,I162S2C2J4V2,,Régimen,REVISAR_REGIMEN_CODIGO_1,OFICIAL_PROBABLE,REVISAR,ALTA,CAMPO_PENDIENTE_REAL,VALIDAR_CON_REGISTRO_CURRICULAR,REGISTRO_CURRICULAR_OFERTA_OFICIAL,SI,NO,Campo estructural/oficial: no resolver sin fuente institucional.
37,I162S2C2J4V2,,Ingreso Directo,REVISAR_INGRESO_DIRECTO_CODIGO_REQUISITO_INGRESO_1,FORMULARIO_CNED_DESCONOCIDO,REVISAR,MEDIA,DUDA_METODOLOGICA,VALIDAR_CON_AREA_ACADEMICA,AREA_ACADEMICA_O_DUENO_DEL_PROGRAMA,DEPENDE,DEPENDE,Campo de formulario o carga potencial: validar contra instructivo CNED antes de excluir o completar.
37,I162S2C2J4V2,,Observaciones,Crear según matriz PROMEDIOSDEALUMNOS_7804.xlsx / hoja matriz; conciliado contra diccionario oferta 2026; no encontrado en listado existente INDICES por CODIGO_UNICO; campos sin fuente directa quedan con revisión específica.,FORMULARIO_CNED_DESCONOCIDO,REVISION,MEDIA,OBSERVACION_INSTITUCIONAL,MANTENER_SOLO_COMO_TRAZABILIDAD,INSTRUCTIVO_CNED_Y_DECISION_INSTITUCIONAL,DEPENDE,DEPENDE,Campo de formulario o carga potencial: validar contra instructivo CNED antes de excluir o completar.
37,I162S2C2J4V2,,FECHA_ADMISION_INICIAL,REVISAR_FECHA_ADMISION_INICIAL_SIN_FUENTE,FORMULARIO_CNED_DESCONOCIDO,REVISAR,MEDIA,DUDA_METODOLOGICA,NO_RESOLVER_AUTOMATICAMENTE,INSTRUCTIVO_CNED_Y_DECISION_INSTITUCIONAL,DEPENDE,DEPENDE,Campo de formulario o carga potencial: validar contra instructivo CNED antes de excluir o completar.
37,I162S2C2J4V2,,MALLA_CURRICULAR,REVISAR_MALLA_CURRICULAR_SIN_FUENTE,FORMULARIO_CNED_DESCONOCIDO,REVISAR,MEDIA,DUDA_METODOLOGICA,VALIDAR_CON_AREA_ACADEMICA,AREA_ACADEMICA_O_DUENO_DEL_PROGRAMA,DEPENDE,DEPENDE,Campo de formulario o carga potencial: validar contra instructivo CNED antes de excluir o completar.
37,I162S2C2J4V2,,PERFIL_EGRESO,REVISAR_PERFIL_EGRESO_SIN_FUENTE,FORMULARIO_CNED_DESCONOCIDO,REVISAR,MEDIA,DUDA_METODOLOGICA,VALIDAR_CON_AREA_ACADEMICA,AREA_ACADEMICA_O_DUENO_DEL_PROGRAMA,DEPENDE,DEPENDE,Campo de formulario o carga potencial: validar contra instructivo CNED antes de excluir o completar.
37,I162S2C2J4V2,,TEXTO_REQUISITO_INGRESO,REVISAR_TEXTO_REQUISITO_INGRESO_SIN_FUENTE,FORMULARIO_CNED_DESCONOCIDO,REVISAR,MEDIA,DUDA_METODOLOGICA,VALIDAR_CON_AREA_ACADEMICA,AREA_ACADEMICA_O_DUENO_DEL_PROGRAMA,DEPENDE,DEPENDE,Campo de formulario o carga potencial: validar contra instructivo CNED antes de excluir o completar.
37,I162S2C2J4V2,,LICENCIA_ENS_MEDIA,REVISAR_LICENCIA_ENS_MEDIA_SIN_FUENTE,FORMULARIO_CNED_DESCONOCIDO,REVISAR,MEDIA,DUDA_METODOLOGICA,VALIDAR_CON_AREA_ACADEMICA,AREA_ACADEMICA_O_DUENO_DEL_PROGRAMA,DEPENDE,DEPENDE,Campo de formulario o carga potencial: validar contra instructivo CNED antes de excluir o completar.
37,I162S2C2J4V2,,NOTAS_ENS_MEDIA,REVISAR_NOTAS_ENS_MEDIA_SIN_FUENTE,FORMULARIO_CNED_DESCONOCIDO,REVISAR,MEDIA,DUDA_METODOLOGICA,VALIDAR_CON_AREA_ACADEMICA,AREA_ACADEMICA_O_DUENO_DEL_PROGRAMA,DEPENDE,DEPENDE,Campo de formulario o carga potencial: validar contra instructivo CNED antes de excluir o completar.
37,I162S2C2J4V2,,PROMEDIO_MIN_ENS_MEDIA,REVISAR_PROMEDIO_MIN_ENS_MEDIA_SIN_FUENTE,FORMULARIO_CNED_DESCONOCIDO,REVISAR,MEDIA,DUDA_METODOLOGICA,NO_RESOLVER_AUTOMATICAMENTE,INSTRUCTIVO_CNED_Y_DECISION_INSTITUCIONAL,DEPENDE,DEPENDE,Campo de formulario o carga potencial: validar contra instructivo CNED antes de excluir o completar.
37,I162S2C2J4V2,,RECONOCIMIENTOS_APREN_PREVIOS,REVISAR_RECONOCIMIENTOS_APREN_PREVIOS_SIN_FUENTE,FORMULARIO_CNED_DESCONOCIDO,REVISAR,MEDIA,DUDA_METODOLOGICA,NO_RESOLVER_AUTOMATICAMENTE,INSTRUCTIVO_CNED_Y_DECISION_INSTITUCIONAL,DEPENDE,DEPENDE,Campo de formulario o carga potencial: validar contra instructivo CNED antes de excluir o completar.
37,I162S2C2J4V2,,EXPERIENCIA_LABORAL,REVISAR_EXPERIENCIA_LABORAL_SIN_FUENTE,FORMULARIO_CNED_DESCONOCIDO,REVISAR,MEDIA,DUDA_METODOLOGICA,VALIDAR_CON_AREA_ACADEMICA,AREA_ACADEMICA_O_DUENO_DEL_PROGRAMA,DEPENDE,DEPENDE,Campo de formulario o carga potencial: validar contra instructivo CNED antes de excluir o completar.
37,I162S2C2J4V2,,OTROS_REQUISITOS,REVISAR_OTROS_REQUISITOS_SIN_FUENTE,FORMULARIO_CNED_DESCONOCIDO,REVISAR,MEDIA,DUDA_METODOLOGICA,VALIDAR_CON_AREA_ACADEMICA,AREA_ACADEMICA_O_DUENO_DEL_PROGRAMA,DEPENDE,DEPENDE,Campo de formulario o carga potencial: validar contra instructivo CNED antes de excluir o completar.
37,I162S2C2J4V2,,MAIL_DIFUSION_CARRERA,REVISAR_MAIL_DIFUSION_CARRERA_SIN_FUENTE,FORMULARIO_CNED_DESCONOCIDO,REVISAR,MEDIA,DUDA_METODOLOGICA,NO_RESOLVER_AUTOMATICAMENTE,INSTRUCTIVO_CNED_Y_DECISION_INSTITUCIONAL,DEPENDE,DEPENDE,Campo de formulario o carga potencial: validar contra instructivo CNED antes de excluir o completar.
37,I162S2C2J4V2,,FORMATO_VALOR,REVISAR_FORMATO_VALOR_SIN_FUENTE,FORMULARIO_CNED_DESCONOCIDO,REVISAR,MEDIA,DUDA_METODOLOGICA,VALIDAR_CON_FINANZAS_ARANCELES,FINANZAS_ARANCELES_INSTITUCIONAL,DEPENDE,DEPENDE,Requiere fuente monetaria explicita; no usar cero ni inferencias.
37,I162S2C2J4V2,,VALOR_MATRICULA_ANUAL,REVISAR_VALOR_MATRICULA_ANUAL_SIN_FUENTE,FORMULARIO_CNED_DESCONOCIDO,REVISAR,MEDIA,DUDA_METODOLOGICA,VALIDAR_CON_FINANZAS_ARANCELES,FINANZAS_ARANCELES_INSTITUCIONAL,DEPENDE,DEPENDE,Requiere fuente monetaria explicita; no usar cero ni inferencias.
37,I162S2C2J4V2,,COSTO_TITULACION,REVISAR_COSTO_TITULACION_SIN_FUENTE,FORMULARIO_CNED_DESCONOCIDO,REVISAR,MEDIA,DUDA_METODOLOGICA,VALIDAR_CON_FINANZAS_ARANCELES,FINANZAS_ARANCELES_INSTITUCIONAL,DEPENDE,DEPENDE,Requiere fuente monetaria explicita; no usar cero ni inferencias.
37,I162S2C2J4V2,,VALOR_CERTIFICADO_DIPLOMA,REVISAR_VALOR_CERTIFICADO_DIPLOMA_SIN_FUENTE,FORMULARIO_CNED_DESCONOCIDO,REVISAR,MEDIA,DUDA_METODOLOGICA,VALIDAR_CON_FINANZAS_ARANCELES,FINANZAS_ARANCELES_INSTITUCIONAL,DEPENDE,DEPENDE,Requiere fuente monetaria explicita; no usar cero ni inferencias.
37,I162S2C2J4V2,,ARANCEL_ANUAL,REVISAR_ARANCEL_ANUAL_SIN_FUENTE,FORMULARIO_CNED_DESCONOCIDO,REVISAR,MEDIA,DUDA_METODOLOGICA,VALIDAR_CON_FINANZAS_ARANCELES,FINANZAS_ARANCELES_INSTITUCIONAL,DEPENDE,DEPENDE,Requiere fuente monetaria explicita; no usar cero ni inferencias.
37,I162S2C2J4V2,,VIGENCIA_CARRERA,REVISAR_VIGENCIA_CARRERA_SIN_FUENTE_DIRECTA,OFICIAL_PROBABLE,REVISAR,ALTA,CAMPO_PENDIENTE_REAL,VALIDAR_CON_REGISTRO_CURRICULAR,REGISTRO_CURRICULAR_OFERTA_OFICIAL,SI,NO,Campo estructural/oficial: no resolver sin fuente institucional.
37,I162S2C2J4V2,,CNED_ESTADO_AUDITORIA,REQUIERE_REVISION,AUXILIAR_TECNICA,REVISION,BAJA,MARCA_TECNICA_REMOVIBLE,EXCLUIR_DE_ARCHIVO_CARGA_SI_ES_AUXILIAR,TRAZABILIDAD_INTERNA_CNED,NO,SI,No debe ir en archivo de carga; conservar en trazabilidad.
37,I162S2C2J4V2,,CNED_ALERTAS,CONTIENE_MARCAS_TECNICAS_DE_REVISION,AUXILIAR_TECNICA,REVISION,BAJA,MARCA_TECNICA_REMOVIBLE,EXCLUIR_DE_ARCHIVO_CARGA_SI_ES_AUXILIAR,TRAZABILIDAD_INTERNA_CNED,NO,SI,No debe ir en archivo de carga; conservar en trazabilidad.
37,I162S2C2J4V2,,CNED_PUEDE_SUBIR_PRELIMINAR,REVISAR,AUXILIAR_TECNICA,REVISAR,BAJA,MARCA_TECNICA_REMOVIBLE,EXCLUIR_DE_ARCHIVO_CARGA_SI_ES_AUXILIAR,TRAZABILIDAD_INTERNA_CNED,NO,SI,No debe ir en archivo de carga; conservar en trazabilidad.
38,I162S2C35J1V2,,Área del Conocimiento,REVISAR_AREA_CODIGO_10,FORMULARIO_CNED_DESCONOCIDO,REVISAR,MEDIA,DUDA_METODOLOGICA,REQUIERE_DECISION_INSTITUCIONAL,AREA_ACADEMICA_O_DUENO_DEL_PROGRAMA,DEPENDE,DEPENDE,Campo de formulario o carga potencial: validar contra instructivo CNED antes de excluir o completar.
38,I162S2C35J1V2,,Sub Área,REVISAR_SUB_AREA_SIN_FUENTE_DIRECTA,FORMULARIO_CNED_DESCONOCIDO,REVISAR,MEDIA,DUDA_METODOLOGICA,REQUIERE_DECISION_INSTITUCIONAL,AREA_ACADEMICA_O_DUENO_DEL_PROGRAMA,DEPENDE,DEPENDE,Campo de formulario o carga potencial: validar contra instructivo CNED antes de excluir o completar.
38,I162S2C35J1V2,,Carrera Genérica,REVISAR_CARRERA_GENERICA_SIN_FUENTE_DIRECTA,FORMULARIO_CNED_DESCONOCIDO,REVISAR,MEDIA,DUDA_METODOLOGICA,REQUIERE_DECISION_INSTITUCIONAL,AREA_ACADEMICA_O_DUENO_DEL_PROGRAMA,DEPENDE,DEPENDE,Campo de formulario o carga potencial: validar contra instructivo CNED antes de excluir o completar.
38,I162S2C35J1V2,,Grado Académico que otorga el programa,REVISAR_GRADO_ACADEMICO_SIN_FUENTE_DIRECTA,FORMULARIO_CNED_DESCONOCIDO,REVISAR,MEDIA,DUDA_METODOLOGICA,NO_RESOLVER_AUTOMATICAMENTE,INSTRUCTIVO_CNED_Y_DECISION_INSTITUCIONAL,DEPENDE,DEPENDE,Campo de formulario o carga potencial: validar contra instructivo CNED antes de excluir o completar.
38,I162S2C35J1V2,,Dependencia,REVISAR_DEPENDENCIA_SIN_FUENTE_DIRECTA,FORMULARIO_CNED_DESCONOCIDO,REVISAR,MEDIA,DUDA_METODOLOGICA,REQUIERE_DECISION_INSTITUCIONAL,AREA_ACADEMICA_O_DUENO_DEL_PROGRAMA,DEPENDE,DEPENDE,Campo de formulario o carga potencial: validar contra instructivo CNED antes de excluir o completar.
38,I162S2C35J1V2,,Régimen,REVISAR_REGIMEN_CODIGO_1,OFICIAL_PROBABLE,REVISAR,ALTA,CAMPO_PENDIENTE_REAL,VALIDAR_CON_REGISTRO_CURRICULAR,REGISTRO_CURRICULAR_OFERTA_OFICIAL,SI,NO,Campo estructural/oficial: no resolver sin fuente institucional.
38,I162S2C35J1V2,,Ingreso Directo,REVISAR_INGRESO_DIRECTO_CODIGO_REQUISITO_INGRESO_1,FORMULARIO_CNED_DESCONOCIDO,REVISAR,MEDIA,DUDA_METODOLOGICA,VALIDAR_CON_AREA_ACADEMICA,AREA_ACADEMICA_O_DUENO_DEL_PROGRAMA,DEPENDE,DEPENDE,Campo de formulario o carga potencial: validar contra instructivo CNED antes de excluir o completar.
38,I162S2C35J1V2,,Observaciones,Crear según matriz PROMEDIOSDEALUMNOS_7804.xlsx / hoja matriz; conciliado contra diccionario oferta 2026; no encontrado en listado existente INDICES por CODIGO_UNICO; campos sin fuente directa quedan con revisión específica.,FORMULARIO_CNED_DESCONOCIDO,REVISION,MEDIA,OBSERVACION_INSTITUCIONAL,MANTENER_SOLO_COMO_TRAZABILIDAD,INSTRUCTIVO_CNED_Y_DECISION_INSTITUCIONAL,DEPENDE,DEPENDE,Campo de formulario o carga potencial: validar contra instructivo CNED antes de excluir o completar.
38,I162S2C35J1V2,,FECHA_ADMISION_INICIAL,REVISAR_FECHA_ADMISION_INICIAL_SIN_FUENTE,FORMULARIO_CNED_DESCONOCIDO,REVISAR,MEDIA,DUDA_METODOLOGICA,NO_RESOLVER_AUTOMATICAMENTE,INSTRUCTIVO_CNED_Y_DECISION_INSTITUCIONAL,DEPENDE,DEPENDE,Campo de formulario o carga potencial: validar contra instructivo CNED antes de excluir o completar.
38,I162S2C35J1V2,,MALLA_CURRICULAR,REVISAR_MALLA_CURRICULAR_SIN_FUENTE,FORMULARIO_CNED_DESCONOCIDO,REVISAR,MEDIA,DUDA_METODOLOGICA,VALIDAR_CON_AREA_ACADEMICA,AREA_ACADEMICA_O_DUENO_DEL_PROGRAMA,DEPENDE,DEPENDE,Campo de formulario o carga potencial: validar contra instructivo CNED antes de excluir o completar.
38,I162S2C35J1V2,,PERFIL_EGRESO,REVISAR_PERFIL_EGRESO_SIN_FUENTE,FORMULARIO_CNED_DESCONOCIDO,REVISAR,MEDIA,DUDA_METODOLOGICA,VALIDAR_CON_AREA_ACADEMICA,AREA_ACADEMICA_O_DUENO_DEL_PROGRAMA,DEPENDE,DEPENDE,Campo de formulario o carga potencial: validar contra instructivo CNED antes de excluir o completar.
38,I162S2C35J1V2,,TEXTO_REQUISITO_INGRESO,REVISAR_TEXTO_REQUISITO_INGRESO_SIN_FUENTE,FORMULARIO_CNED_DESCONOCIDO,REVISAR,MEDIA,DUDA_METODOLOGICA,VALIDAR_CON_AREA_ACADEMICA,AREA_ACADEMICA_O_DUENO_DEL_PROGRAMA,DEPENDE,DEPENDE,Campo de formulario o carga potencial: validar contra instructivo CNED antes de excluir o completar.
38,I162S2C35J1V2,,LICENCIA_ENS_MEDIA,REVISAR_LICENCIA_ENS_MEDIA_SIN_FUENTE,FORMULARIO_CNED_DESCONOCIDO,REVISAR,MEDIA,DUDA_METODOLOGICA,VALIDAR_CON_AREA_ACADEMICA,AREA_ACADEMICA_O_DUENO_DEL_PROGRAMA,DEPENDE,DEPENDE,Campo de formulario o carga potencial: validar contra instructivo CNED antes de excluir o completar.
38,I162S2C35J1V2,,NOTAS_ENS_MEDIA,REVISAR_NOTAS_ENS_MEDIA_SIN_FUENTE,FORMULARIO_CNED_DESCONOCIDO,REVISAR,MEDIA,DUDA_METODOLOGICA,VALIDAR_CON_AREA_ACADEMICA,AREA_ACADEMICA_O_DUENO_DEL_PROGRAMA,DEPENDE,DEPENDE,Campo de formulario o carga potencial: validar contra instructivo CNED antes de excluir o completar.
38,I162S2C35J1V2,,PROMEDIO_MIN_ENS_MEDIA,REVISAR_PROMEDIO_MIN_ENS_MEDIA_SIN_FUENTE,FORMULARIO_CNED_DESCONOCIDO,REVISAR,MEDIA,DUDA_METODOLOGICA,NO_RESOLVER_AUTOMATICAMENTE,INSTRUCTIVO_CNED_Y_DECISION_INSTITUCIONAL,DEPENDE,DEPENDE,Campo de formulario o carga potencial: validar contra instructivo CNED antes de excluir o completar.
38,I162S2C35J1V2,,RECONOCIMIENTOS_APREN_PREVIOS,REVISAR_RECONOCIMIENTOS_APREN_PREVIOS_SIN_FUENTE,FORMULARIO_CNED_DESCONOCIDO,REVISAR,MEDIA,DUDA_METODOLOGICA,NO_RESOLVER_AUTOMATICAMENTE,INSTRUCTIVO_CNED_Y_DECISION_INSTITUCIONAL,DEPENDE,DEPENDE,Campo de formulario o carga potencial: validar contra instructivo CNED antes de excluir o completar.
38,I162S2C35J1V2,,EXPERIENCIA_LABORAL,REVISAR_EXPERIENCIA_LABORAL_SIN_FUENTE,FORMULARIO_CNED_DESCONOCIDO,REVISAR,MEDIA,DUDA_METODOLOGICA,VALIDAR_CON_AREA_ACADEMICA,AREA_ACADEMICA_O_DUENO_DEL_PROGRAMA,DEPENDE,DEPENDE,Campo de formulario o carga potencial: validar contra instructivo CNED antes de excluir o completar.
38,I162S2C35J1V2,,OTROS_REQUISITOS,REVISAR_OTROS_REQUISITOS_SIN_FUENTE,FORMULARIO_CNED_DESCONOCIDO,REVISAR,MEDIA,DUDA_METODOLOGICA,VALIDAR_CON_AREA_ACADEMICA,AREA_ACADEMICA_O_DUENO_DEL_PROGRAMA,DEPENDE,DEPENDE,Campo de formulario o carga potencial: validar contra instructivo CNED antes de excluir o completar.
38,I162S2C35J1V2,,MAIL_DIFUSION_CARRERA,REVISAR_MAIL_DIFUSION_CARRERA_SIN_FUENTE,FORMULARIO_CNED_DESCONOCIDO,REVISAR,MEDIA,DUDA_METODOLOGICA,NO_RESOLVER_AUTOMATICAMENTE,INSTRUCTIVO_CNED_Y_DECISION_INSTITUCIONAL,DEPENDE,DEPENDE,Campo de formulario o carga potencial: validar contra instructivo CNED antes de excluir o completar.
38,I162S2C35J1V2,,FORMATO_VALOR,REVISAR_FORMATO_VALOR_SIN_FUENTE,FORMULARIO_CNED_DESCONOCIDO,REVISAR,MEDIA,DUDA_METODOLOGICA,VALIDAR_CON_FINANZAS_ARANCELES,FINANZAS_ARANCELES_INSTITUCIONAL,DEPENDE,DEPENDE,Requiere fuente monetaria explicita; no usar cero ni inferencias.
38,I162S2C35J1V2,,VALOR_MATRICULA_ANUAL,REVISAR_VALOR_MATRICULA_ANUAL_SIN_FUENTE,FORMULARIO_CNED_DESCONOCIDO,REVISAR,MEDIA,DUDA_METODOLOGICA,VALIDAR_CON_FINANZAS_ARANCELES,FINANZAS_ARANCELES_INSTITUCIONAL,DEPENDE,DEPENDE,Requiere fuente monetaria explicita; no usar cero ni inferencias.
38,I162S2C35J1V2,,COSTO_TITULACION,REVISAR_COSTO_TITULACION_SIN_FUENTE,FORMULARIO_CNED_DESCONOCIDO,REVISAR,MEDIA,DUDA_METODOLOGICA,VALIDAR_CON_FINANZAS_ARANCELES,FINANZAS_ARANCELES_INSTITUCIONAL,DEPENDE,DEPENDE,Requiere fuente monetaria explicita; no usar cero ni inferencias.
38,I162S2C35J1V2,,VALOR_CERTIFICADO_DIPLOMA,REVISAR_VALOR_CERTIFICADO_DIPLOMA_SIN_FUENTE,FORMULARIO_CNED_DESCONOCIDO,REVISAR,MEDIA,DUDA_METODOLOGICA,VALIDAR_CON_FINANZAS_ARANCELES,FINANZAS_ARANCELES_INSTITUCIONAL,DEPENDE,DEPENDE,Requiere fuente monetaria explicita; no usar cero ni inferencias.
38,I162S2C35J1V2,,ARANCEL_ANUAL,REVISAR_ARANCEL_ANUAL_SIN_FUENTE,FORMULARIO_CNED_DESCONOCIDO,REVISAR,MEDIA,DUDA_METODOLOGICA,VALIDAR_CON_FINANZAS_ARANCELES,FINANZAS_ARANCELES_INSTITUCIONAL,DEPENDE,DEPENDE,Requiere fuente monetaria explicita; no usar cero ni inferencias.
38,I162S2C35J1V2,,VIGENCIA_CARRERA,REVISAR_VIGENCIA_CARRERA_SIN_FUENTE_DIRECTA,OFICIAL_PROBABLE,REVISAR,ALTA,CAMPO_PENDIENTE_REAL,VALIDAR_CON_REGISTRO_CURRICULAR,REGISTRO_CURRICULAR_OFERTA_OFICIAL,SI,NO,Campo estructural/oficial: no resolver sin fuente institucional.
38,I162S2C35J1V2,,CNED_ESTADO_AUDITORIA,REQUIERE_REVISION,AUXILIAR_TECNICA,REVISION,BAJA,MARCA_TECNICA_REMOVIBLE,EXCLUIR_DE_ARCHIVO_CARGA_SI_ES_AUXILIAR,TRAZABILIDAD_INTERNA_CNED,NO,SI,No debe ir en archivo de carga; conservar en trazabilidad.
38,I162S2C35J1V2,,CNED_ALERTAS,CONTIENE_MARCAS_TECNICAS_DE_REVISION,AUXILIAR_TECNICA,REVISION,BAJA,MARCA_TECNICA_REMOVIBLE,EXCLUIR_DE_ARCHIVO_CARGA_SI_ES_AUXILIAR,TRAZABILIDAD_INTERNA_CNED,NO,SI,No debe ir en archivo de carga; conservar en trazabilidad.
38,I162S2C35J1V2,,CNED_PUEDE_SUBIR_PRELIMINAR,REVISAR,AUXILIAR_TECNICA,REVISAR,BAJA,MARCA_TECNICA_REMOVIBLE,EXCLUIR_DE_ARCHIVO_CARGA_SI_ES_AUXILIAR,TRAZABILIDAD_INTERNA_CNED,NO,SI,No debe ir en archivo de carga; conservar en trazabilidad.
39,I162S2C35J2V2,,Área del Conocimiento,REVISAR_AREA_CODIGO_10,FORMULARIO_CNED_DESCONOCIDO,REVISAR,MEDIA,DUDA_METODOLOGICA,REQUIERE_DECISION_INSTITUCIONAL,AREA_ACADEMICA_O_DUENO_DEL_PROGRAMA,DEPENDE,DEPENDE,Campo de formulario o carga potencial: validar contra instructivo CNED antes de excluir o completar.
39,I162S2C35J2V2,,Sub Área,REVISAR_SUB_AREA_SIN_FUENTE_DIRECTA,FORMULARIO_CNED_DESCONOCIDO,REVISAR,MEDIA,DUDA_METODOLOGICA,REQUIERE_DECISION_INSTITUCIONAL,AREA_ACADEMICA_O_DUENO_DEL_PROGRAMA,DEPENDE,DEPENDE,Campo de formulario o carga potencial: validar contra instructivo CNED antes de excluir o completar.
39,I162S2C35J2V2,,Carrera Genérica,REVISAR_CARRERA_GENERICA_SIN_FUENTE_DIRECTA,FORMULARIO_CNED_DESCONOCIDO,REVISAR,MEDIA,DUDA_METODOLOGICA,REQUIERE_DECISION_INSTITUCIONAL,AREA_ACADEMICA_O_DUENO_DEL_PROGRAMA,DEPENDE,DEPENDE,Campo de formulario o carga potencial: validar contra instructivo CNED antes de excluir o completar.
39,I162S2C35J2V2,,Grado Académico que otorga el programa,REVISAR_GRADO_ACADEMICO_SIN_FUENTE_DIRECTA,FORMULARIO_CNED_DESCONOCIDO,REVISAR,MEDIA,DUDA_METODOLOGICA,NO_RESOLVER_AUTOMATICAMENTE,INSTRUCTIVO_CNED_Y_DECISION_INSTITUCIONAL,DEPENDE,DEPENDE,Campo de formulario o carga potencial: validar contra instructivo CNED antes de excluir o completar.
39,I162S2C35J2V2,,Dependencia,REVISAR_DEPENDENCIA_SIN_FUENTE_DIRECTA,FORMULARIO_CNED_DESCONOCIDO,REVISAR,MEDIA,DUDA_METODOLOGICA,REQUIERE_DECISION_INSTITUCIONAL,AREA_ACADEMICA_O_DUENO_DEL_PROGRAMA,DEPENDE,DEPENDE,Campo de formulario o carga potencial: validar contra instructivo CNED antes de excluir o completar.
39,I162S2C35J2V2,,Régimen,REVISAR_REGIMEN_CODIGO_1,OFICIAL_PROBABLE,REVISAR,ALTA,CAMPO_PENDIENTE_REAL,VALIDAR_CON_REGISTRO_CURRICULAR,REGISTRO_CURRICULAR_OFERTA_OFICIAL,SI,NO,Campo estructural/oficial: no resolver sin fuente institucional.
39,I162S2C35J2V2,,Ingreso Directo,REVISAR_INGRESO_DIRECTO_CODIGO_REQUISITO_INGRESO_1,FORMULARIO_CNED_DESCONOCIDO,REVISAR,MEDIA,DUDA_METODOLOGICA,VALIDAR_CON_AREA_ACADEMICA,AREA_ACADEMICA_O_DUENO_DEL_PROGRAMA,DEPENDE,DEPENDE,Campo de formulario o carga potencial: validar contra instructivo CNED antes de excluir o completar.
39,I162S2C35J2V2,,Observaciones,Crear según matriz PROMEDIOSDEALUMNOS_7804.xlsx / hoja matriz; conciliado contra diccionario oferta 2026; no encontrado en listado existente INDICES por CODIGO_UNICO; campos sin fuente directa quedan con revisión específica.,FORMULARIO_CNED_DESCONOCIDO,REVISION,MEDIA,OBSERVACION_INSTITUCIONAL,MANTENER_SOLO_COMO_TRAZABILIDAD,INSTRUCTIVO_CNED_Y_DECISION_INSTITUCIONAL,DEPENDE,DEPENDE,Campo de formulario o carga potencial: validar contra instructivo CNED antes de excluir o completar.
39,I162S2C35J2V2,,FECHA_ADMISION_INICIAL,REVISAR_FECHA_ADMISION_INICIAL_SIN_FUENTE,FORMULARIO_CNED_DESCONOCIDO,REVISAR,MEDIA,DUDA_METODOLOGICA,NO_RESOLVER_AUTOMATICAMENTE,INSTRUCTIVO_CNED_Y_DECISION_INSTITUCIONAL,DEPENDE,DEPENDE,Campo de formulario o carga potencial: validar contra instructivo CNED antes de excluir o completar.
39,I162S2C35J2V2,,MALLA_CURRICULAR,REVISAR_MALLA_CURRICULAR_SIN_FUENTE,FORMULARIO_CNED_DESCONOCIDO,REVISAR,MEDIA,DUDA_METODOLOGICA,VALIDAR_CON_AREA_ACADEMICA,AREA_ACADEMICA_O_DUENO_DEL_PROGRAMA,DEPENDE,DEPENDE,Campo de formulario o carga potencial: validar contra instructivo CNED antes de excluir o completar.
39,I162S2C35J2V2,,PERFIL_EGRESO,REVISAR_PERFIL_EGRESO_SIN_FUENTE,FORMULARIO_CNED_DESCONOCIDO,REVISAR,MEDIA,DUDA_METODOLOGICA,VALIDAR_CON_AREA_ACADEMICA,AREA_ACADEMICA_O_DUENO_DEL_PROGRAMA,DEPENDE,DEPENDE,Campo de formulario o carga potencial: validar contra instructivo CNED antes de excluir o completar.
39,I162S2C35J2V2,,TEXTO_REQUISITO_INGRESO,REVISAR_TEXTO_REQUISITO_INGRESO_SIN_FUENTE,FORMULARIO_CNED_DESCONOCIDO,REVISAR,MEDIA,DUDA_METODOLOGICA,VALIDAR_CON_AREA_ACADEMICA,AREA_ACADEMICA_O_DUENO_DEL_PROGRAMA,DEPENDE,DEPENDE,Campo de formulario o carga potencial: validar contra instructivo CNED antes de excluir o completar.
39,I162S2C35J2V2,,LICENCIA_ENS_MEDIA,REVISAR_LICENCIA_ENS_MEDIA_SIN_FUENTE,FORMULARIO_CNED_DESCONOCIDO,REVISAR,MEDIA,DUDA_METODOLOGICA,VALIDAR_CON_AREA_ACADEMICA,AREA_ACADEMICA_O_DUENO_DEL_PROGRAMA,DEPENDE,DEPENDE,Campo de formulario o carga potencial: validar contra instructivo CNED antes de excluir o completar.
39,I162S2C35J2V2,,NOTAS_ENS_MEDIA,REVISAR_NOTAS_ENS_MEDIA_SIN_FUENTE,FORMULARIO_CNED_DESCONOCIDO,REVISAR,MEDIA,DUDA_METODOLOGICA,VALIDAR_CON_AREA_ACADEMICA,AREA_ACADEMICA_O_DUENO_DEL_PROGRAMA,DEPENDE,DEPENDE,Campo de formulario o carga potencial: validar contra instructivo CNED antes de excluir o completar.
39,I162S2C35J2V2,,PROMEDIO_MIN_ENS_MEDIA,REVISAR_PROMEDIO_MIN_ENS_MEDIA_SIN_FUENTE,FORMULARIO_CNED_DESCONOCIDO,REVISAR,MEDIA,DUDA_METODOLOGICA,NO_RESOLVER_AUTOMATICAMENTE,INSTRUCTIVO_CNED_Y_DECISION_INSTITUCIONAL,DEPENDE,DEPENDE,Campo de formulario o carga potencial: validar contra instructivo CNED antes de excluir o completar.
39,I162S2C35J2V2,,RECONOCIMIENTOS_APREN_PREVIOS,REVISAR_RECONOCIMIENTOS_APREN_PREVIOS_SIN_FUENTE,FORMULARIO_CNED_DESCONOCIDO,REVISAR,MEDIA,DUDA_METODOLOGICA,NO_RESOLVER_AUTOMATICAMENTE,INSTRUCTIVO_CNED_Y_DECISION_INSTITUCIONAL,DEPENDE,DEPENDE,Campo de formulario o carga potencial: validar contra instructivo CNED antes de excluir o completar.
39,I162S2C35J2V2,,EXPERIENCIA_LABORAL,REVISAR_EXPERIENCIA_LABORAL_SIN_FUENTE,FORMULARIO_CNED_DESCONOCIDO,REVISAR,MEDIA,DUDA_METODOLOGICA,VALIDAR_CON_AREA_ACADEMICA,AREA_ACADEMICA_O_DUENO_DEL_PROGRAMA,DEPENDE,DEPENDE,Campo de formulario o carga potencial: validar contra instructivo CNED antes de excluir o completar.
39,I162S2C35J2V2,,OTROS_REQUISITOS,REVISAR_OTROS_REQUISITOS_SIN_FUENTE,FORMULARIO_CNED_DESCONOCIDO,REVISAR,MEDIA,DUDA_METODOLOGICA,VALIDAR_CON_AREA_ACADEMICA,AREA_ACADEMICA_O_DUENO_DEL_PROGRAMA,DEPENDE,DEPENDE,Campo de formulario o carga potencial: validar contra instructivo CNED antes de excluir o completar.
39,I162S2C35J2V2,,MAIL_DIFUSION_CARRERA,REVISAR_MAIL_DIFUSION_CARRERA_SIN_FUENTE,FORMULARIO_CNED_DESCONOCIDO,REVISAR,MEDIA,DUDA_METODOLOGICA,NO_RESOLVER_AUTOMATICAMENTE,INSTRUCTIVO_CNED_Y_DECISION_INSTITUCIONAL,DEPENDE,DEPENDE,Campo de formulario o carga potencial: validar contra instructivo CNED antes de excluir o completar.
39,I162S2C35J2V2,,FORMATO_VALOR,REVISAR_FORMATO_VALOR_SIN_FUENTE,FORMULARIO_CNED_DESCONOCIDO,REVISAR,MEDIA,DUDA_METODOLOGICA,VALIDAR_CON_FINANZAS_ARANCELES,FINANZAS_ARANCELES_INSTITUCIONAL,DEPENDE,DEPENDE,Requiere fuente monetaria explicita; no usar cero ni inferencias.
39,I162S2C35J2V2,,VALOR_MATRICULA_ANUAL,REVISAR_VALOR_MATRICULA_ANUAL_SIN_FUENTE,FORMULARIO_CNED_DESCONOCIDO,REVISAR,MEDIA,DUDA_METODOLOGICA,VALIDAR_CON_FINANZAS_ARANCELES,FINANZAS_ARANCELES_INSTITUCIONAL,DEPENDE,DEPENDE,Requiere fuente monetaria explicita; no usar cero ni inferencias.
39,I162S2C35J2V2,,COSTO_TITULACION,REVISAR_COSTO_TITULACION_SIN_FUENTE,FORMULARIO_CNED_DESCONOCIDO,REVISAR,MEDIA,DUDA_METODOLOGICA,VALIDAR_CON_FINANZAS_ARANCELES,FINANZAS_ARANCELES_INSTITUCIONAL,DEPENDE,DEPENDE,Requiere fuente monetaria explicita; no usar cero ni inferencias.
39,I162S2C35J2V2,,VALOR_CERTIFICADO_DIPLOMA,REVISAR_VALOR_CERTIFICADO_DIPLOMA_SIN_FUENTE,FORMULARIO_CNED_DESCONOCIDO,REVISAR,MEDIA,DUDA_METODOLOGICA,VALIDAR_CON_FINANZAS_ARANCELES,FINANZAS_ARANCELES_INSTITUCIONAL,DEPENDE,DEPENDE,Requiere fuente monetaria explicita; no usar cero ni inferencias.
39,I162S2C35J2V2,,ARANCEL_ANUAL,REVISAR_ARANCEL_ANUAL_SIN_FUENTE,FORMULARIO_CNED_DESCONOCIDO,REVISAR,MEDIA,DUDA_METODOLOGICA,VALIDAR_CON_FINANZAS_ARANCELES,FINANZAS_ARANCELES_INSTITUCIONAL,DEPENDE,DEPENDE,Requiere fuente monetaria explicita; no usar cero ni inferencias.
39,I162S2C35J2V2,,VIGENCIA_CARRERA,REVISAR_VIGENCIA_CARRERA_SIN_FUENTE_DIRECTA,OFICIAL_PROBABLE,REVISAR,ALTA,CAMPO_PENDIENTE_REAL,VALIDAR_CON_REGISTRO_CURRICULAR,REGISTRO_CURRICULAR_OFERTA_OFICIAL,SI,NO,Campo estructural/oficial: no resolver sin fuente institucional.
39,I162S2C35J2V2,,CNED_ESTADO_AUDITORIA,REQUIERE_REVISION,AUXILIAR_TECNICA,REVISION,BAJA,MARCA_TECNICA_REMOVIBLE,EXCLUIR_DE_ARCHIVO_CARGA_SI_ES_AUXILIAR,TRAZABILIDAD_INTERNA_CNED,NO,SI,No debe ir en archivo de carga; conservar en trazabilidad.
39,I162S2C35J2V2,,CNED_ALERTAS,CONTIENE_MARCAS_TECNICAS_DE_REVISION,AUXILIAR_TECNICA,REVISION,BAJA,MARCA_TECNICA_REMOVIBLE,EXCLUIR_DE_ARCHIVO_CARGA_SI_ES_AUXILIAR,TRAZABILIDAD_INTERNA_CNED,NO,SI,No debe ir en archivo de carga; conservar en trazabilidad.
39,I162S2C35J2V2,,CNED_PUEDE_SUBIR_PRELIMINAR,REVISAR,AUXILIAR_TECNICA,REVISAR,BAJA,MARCA_TECNICA_REMOVIBLE,EXCLUIR_DE_ARCHIVO_CARGA_SI_ES_AUXILIAR,TRAZABILIDAD_INTERNA_CNED,NO,SI,No debe ir en archivo de carga; conservar en trazabilidad.
40,I162S2C35J4V2,,Área del Conocimiento,REVISAR_AREA_CODIGO_10,FORMULARIO_CNED_DESCONOCIDO,REVISAR,MEDIA,DUDA_METODOLOGICA,REQUIERE_DECISION_INSTITUCIONAL,AREA_ACADEMICA_O_DUENO_DEL_PROGRAMA,DEPENDE,DEPENDE,Campo de formulario o carga potencial: validar contra instructivo CNED antes de excluir o completar.
40,I162S2C35J4V2,,Sub Área,REVISAR_SUB_AREA_SIN_FUENTE_DIRECTA,FORMULARIO_CNED_DESCONOCIDO,REVISAR,MEDIA,DUDA_METODOLOGICA,REQUIERE_DECISION_INSTITUCIONAL,AREA_ACADEMICA_O_DUENO_DEL_PROGRAMA,DEPENDE,DEPENDE,Campo de formulario o carga potencial: validar contra instructivo CNED antes de excluir o completar.
40,I162S2C35J4V2,,Carrera Genérica,REVISAR_CARRERA_GENERICA_SIN_FUENTE_DIRECTA,FORMULARIO_CNED_DESCONOCIDO,REVISAR,MEDIA,DUDA_METODOLOGICA,REQUIERE_DECISION_INSTITUCIONAL,AREA_ACADEMICA_O_DUENO_DEL_PROGRAMA,DEPENDE,DEPENDE,Campo de formulario o carga potencial: validar contra instructivo CNED antes de excluir o completar.
40,I162S2C35J4V2,,Grado Académico que otorga el programa,REVISAR_GRADO_ACADEMICO_SIN_FUENTE_DIRECTA,FORMULARIO_CNED_DESCONOCIDO,REVISAR,MEDIA,DUDA_METODOLOGICA,NO_RESOLVER_AUTOMATICAMENTE,INSTRUCTIVO_CNED_Y_DECISION_INSTITUCIONAL,DEPENDE,DEPENDE,Campo de formulario o carga potencial: validar contra instructivo CNED antes de excluir o completar.
40,I162S2C35J4V2,,Dependencia,REVISAR_DEPENDENCIA_SIN_FUENTE_DIRECTA,FORMULARIO_CNED_DESCONOCIDO,REVISAR,MEDIA,DUDA_METODOLOGICA,REQUIERE_DECISION_INSTITUCIONAL,AREA_ACADEMICA_O_DUENO_DEL_PROGRAMA,DEPENDE,DEPENDE,Campo de formulario o carga potencial: validar contra instructivo CNED antes de excluir o completar.
40,I162S2C35J4V2,,Régimen,REVISAR_REGIMEN_CODIGO_1,OFICIAL_PROBABLE,REVISAR,ALTA,CAMPO_PENDIENTE_REAL,VALIDAR_CON_REGISTRO_CURRICULAR,REGISTRO_CURRICULAR_OFERTA_OFICIAL,SI,NO,Campo estructural/oficial: no resolver sin fuente institucional.
40,I162S2C35J4V2,,Ingreso Directo,REVISAR_INGRESO_DIRECTO_CODIGO_REQUISITO_INGRESO_1,FORMULARIO_CNED_DESCONOCIDO,REVISAR,MEDIA,DUDA_METODOLOGICA,VALIDAR_CON_AREA_ACADEMICA,AREA_ACADEMICA_O_DUENO_DEL_PROGRAMA,DEPENDE,DEPENDE,Campo de formulario o carga potencial: validar contra instructivo CNED antes de excluir o completar.
40,I162S2C35J4V2,,Observaciones,Crear según matriz PROMEDIOSDEALUMNOS_7804.xlsx / hoja matriz; conciliado contra diccionario oferta 2026; no encontrado en listado existente INDICES por CODIGO_UNICO; campos sin fuente directa quedan con revisión específica.,FORMULARIO_CNED_DESCONOCIDO,REVISION,MEDIA,OBSERVACION_INSTITUCIONAL,MANTENER_SOLO_COMO_TRAZABILIDAD,INSTRUCTIVO_CNED_Y_DECISION_INSTITUCIONAL,DEPENDE,DEPENDE,Campo de formulario o carga potencial: validar contra instructivo CNED antes de excluir o completar.
40,I162S2C35J4V2,,FECHA_ADMISION_INICIAL,REVISAR_FECHA_ADMISION_INICIAL_SIN_FUENTE,FORMULARIO_CNED_DESCONOCIDO,REVISAR,MEDIA,DUDA_METODOLOGICA,NO_RESOLVER_AUTOMATICAMENTE,INSTRUCTIVO_CNED_Y_DECISION_INSTITUCIONAL,DEPENDE,DEPENDE,Campo de formulario o carga potencial: validar contra instructivo CNED antes de excluir o completar.
40,I162S2C35J4V2,,MALLA_CURRICULAR,REVISAR_MALLA_CURRICULAR_SIN_FUENTE,FORMULARIO_CNED_DESCONOCIDO,REVISAR,MEDIA,DUDA_METODOLOGICA,VALIDAR_CON_AREA_ACADEMICA,AREA_ACADEMICA_O_DUENO_DEL_PROGRAMA,DEPENDE,DEPENDE,Campo de formulario o carga potencial: validar contra instructivo CNED antes de excluir o completar.
40,I162S2C35J4V2,,PERFIL_EGRESO,REVISAR_PERFIL_EGRESO_SIN_FUENTE,FORMULARIO_CNED_DESCONOCIDO,REVISAR,MEDIA,DUDA_METODOLOGICA,VALIDAR_CON_AREA_ACADEMICA,AREA_ACADEMICA_O_DUENO_DEL_PROGRAMA,DEPENDE,DEPENDE,Campo de formulario o carga potencial: validar contra instructivo CNED antes de excluir o completar.
40,I162S2C35J4V2,,TEXTO_REQUISITO_INGRESO,REVISAR_TEXTO_REQUISITO_INGRESO_SIN_FUENTE,FORMULARIO_CNED_DESCONOCIDO,REVISAR,MEDIA,DUDA_METODOLOGICA,VALIDAR_CON_AREA_ACADEMICA,AREA_ACADEMICA_O_DUENO_DEL_PROGRAMA,DEPENDE,DEPENDE,Campo de formulario o carga potencial: validar contra instructivo CNED antes de excluir o completar.
40,I162S2C35J4V2,,LICENCIA_ENS_MEDIA,REVISAR_LICENCIA_ENS_MEDIA_SIN_FUENTE,FORMULARIO_CNED_DESCONOCIDO,REVISAR,MEDIA,DUDA_METODOLOGICA,VALIDAR_CON_AREA_ACADEMICA,AREA_ACADEMICA_O_DUENO_DEL_PROGRAMA,DEPENDE,DEPENDE,Campo de formulario o carga potencial: validar contra instructivo CNED antes de excluir o completar.
40,I162S2C35J4V2,,NOTAS_ENS_MEDIA,REVISAR_NOTAS_ENS_MEDIA_SIN_FUENTE,FORMULARIO_CNED_DESCONOCIDO,REVISAR,MEDIA,DUDA_METODOLOGICA,VALIDAR_CON_AREA_ACADEMICA,AREA_ACADEMICA_O_DUENO_DEL_PROGRAMA,DEPENDE,DEPENDE,Campo de formulario o carga potencial: validar contra instructivo CNED antes de excluir o completar.
40,I162S2C35J4V2,,PROMEDIO_MIN_ENS_MEDIA,REVISAR_PROMEDIO_MIN_ENS_MEDIA_SIN_FUENTE,FORMULARIO_CNED_DESCONOCIDO,REVISAR,MEDIA,DUDA_METODOLOGICA,NO_RESOLVER_AUTOMATICAMENTE,INSTRUCTIVO_CNED_Y_DECISION_INSTITUCIONAL,DEPENDE,DEPENDE,Campo de formulario o carga potencial: validar contra instructivo CNED antes de excluir o completar.
40,I162S2C35J4V2,,RECONOCIMIENTOS_APREN_PREVIOS,REVISAR_RECONOCIMIENTOS_APREN_PREVIOS_SIN_FUENTE,FORMULARIO_CNED_DESCONOCIDO,REVISAR,MEDIA,DUDA_METODOLOGICA,NO_RESOLVER_AUTOMATICAMENTE,INSTRUCTIVO_CNED_Y_DECISION_INSTITUCIONAL,DEPENDE,DEPENDE,Campo de formulario o carga potencial: validar contra instructivo CNED antes de excluir o completar.
40,I162S2C35J4V2,,EXPERIENCIA_LABORAL,REVISAR_EXPERIENCIA_LABORAL_SIN_FUENTE,FORMULARIO_CNED_DESCONOCIDO,REVISAR,MEDIA,DUDA_METODOLOGICA,VALIDAR_CON_AREA_ACADEMICA,AREA_ACADEMICA_O_DUENO_DEL_PROGRAMA,DEPENDE,DEPENDE,Campo de formulario o carga potencial: validar contra instructivo CNED antes de excluir o completar.
40,I162S2C35J4V2,,OTROS_REQUISITOS,REVISAR_OTROS_REQUISITOS_SIN_FUENTE,FORMULARIO_CNED_DESCONOCIDO,REVISAR,MEDIA,DUDA_METODOLOGICA,VALIDAR_CON_AREA_ACADEMICA,AREA_ACADEMICA_O_DUENO_DEL_PROGRAMA,DEPENDE,DEPENDE,Campo de formulario o carga potencial: validar contra instructivo CNED antes de excluir o completar.
40,I162S2C35J4V2,,MAIL_DIFUSION_CARRERA,REVISAR_MAIL_DIFUSION_CARRERA_SIN_FUENTE,FORMULARIO_CNED_DESCONOCIDO,REVISAR,MEDIA,DUDA_METODOLOGICA,NO_RESOLVER_AUTOMATICAMENTE,INSTRUCTIVO_CNED_Y_DECISION_INSTITUCIONAL,DEPENDE,DEPENDE,Campo de formulario o carga potencial: validar contra instructivo CNED antes de excluir o completar.
40,I162S2C35J4V2,,FORMATO_VALOR,REVISAR_FORMATO_VALOR_SIN_FUENTE,FORMULARIO_CNED_DESCONOCIDO,REVISAR,MEDIA,DUDA_METODOLOGICA,VALIDAR_CON_FINANZAS_ARANCELES,FINANZAS_ARANCELES_INSTITUCIONAL,DEPENDE,DEPENDE,Requiere fuente monetaria explicita; no usar cero ni inferencias.
40,I162S2C35J4V2,,VALOR_MATRICULA_ANUAL,REVISAR_VALOR_MATRICULA_ANUAL_SIN_FUENTE,FORMULARIO_CNED_DESCONOCIDO,REVISAR,MEDIA,DUDA_METODOLOGICA,VALIDAR_CON_FINANZAS_ARANCELES,FINANZAS_ARANCELES_INSTITUCIONAL,DEPENDE,DEPENDE,Requiere fuente monetaria explicita; no usar cero ni inferencias.
40,I162S2C35J4V2,,COSTO_TITULACION,REVISAR_COSTO_TITULACION_SIN_FUENTE,FORMULARIO_CNED_DESCONOCIDO,REVISAR,MEDIA,DUDA_METODOLOGICA,VALIDAR_CON_FINANZAS_ARANCELES,FINANZAS_ARANCELES_INSTITUCIONAL,DEPENDE,DEPENDE,Requiere fuente monetaria explicita; no usar cero ni inferencias.
40,I162S2C35J4V2,,VALOR_CERTIFICADO_DIPLOMA,REVISAR_VALOR_CERTIFICADO_DIPLOMA_SIN_FUENTE,FORMULARIO_CNED_DESCONOCIDO,REVISAR,MEDIA,DUDA_METODOLOGICA,VALIDAR_CON_FINANZAS_ARANCELES,FINANZAS_ARANCELES_INSTITUCIONAL,DEPENDE,DEPENDE,Requiere fuente monetaria explicita; no usar cero ni inferencias.
40,I162S2C35J4V2,,ARANCEL_ANUAL,REVISAR_ARANCEL_ANUAL_SIN_FUENTE,FORMULARIO_CNED_DESCONOCIDO,REVISAR,MEDIA,DUDA_METODOLOGICA,VALIDAR_CON_FINANZAS_ARANCELES,FINANZAS_ARANCELES_INSTITUCIONAL,DEPENDE,DEPENDE,Requiere fuente monetaria explicita; no usar cero ni inferencias.
40,I162S2C35J4V2,,VIGENCIA_CARRERA,REVISAR_VIGENCIA_CARRERA_SIN_FUENTE_DIRECTA,OFICIAL_PROBABLE,REVISAR,ALTA,CAMPO_PENDIENTE_REAL,VALIDAR_CON_REGISTRO_CURRICULAR,REGISTRO_CURRICULAR_OFERTA_OFICIAL,SI,NO,Campo estructural/oficial: no resolver sin fuente institucional.
40,I162S2C35J4V2,,CNED_ESTADO_AUDITORIA,REQUIERE_REVISION,AUXILIAR_TECNICA,REVISION,BAJA,MARCA_TECNICA_REMOVIBLE,EXCLUIR_DE_ARCHIVO_CARGA_SI_ES_AUXILIAR,TRAZABILIDAD_INTERNA_CNED,NO,SI,No debe ir en archivo de carga; conservar en trazabilidad.
40,I162S2C35J4V2,,CNED_ALERTAS,CONTIENE_MARCAS_TECNICAS_DE_REVISION,AUXILIAR_TECNICA,REVISION,BAJA,MARCA_TECNICA_REMOVIBLE,EXCLUIR_DE_ARCHIVO_CARGA_SI_ES_AUXILIAR,TRAZABILIDAD_INTERNA_CNED,NO,SI,No debe ir en archivo de carga; conservar en trazabilidad.
40,I162S2C35J4V2,,CNED_PUEDE_SUBIR_PRELIMINAR,REVISAR,AUXILIAR_TECNICA,REVISAR,BAJA,MARCA_TECNICA_REMOVIBLE,EXCLUIR_DE_ARCHIVO_CARGA_SI_ES_AUXILIAR,TRAZABILIDAD_INTERNA_CNED,NO,SI,No debe ir en archivo de carga; conservar en trazabilidad.
41,I162S2C3J2V2,,Año de inicio de Actividades,DECISION_MANUAL_ANIO_INICIO,FORMULARIO_CNED_DESCONOCIDO,MANUAL,MEDIA,DUDA_METODOLOGICA,NO_RESOLVER_AUTOMATICAMENTE,INSTRUCTIVO_CNED_Y_DECISION_INSTITUCIONAL,DEPENDE,DEPENDE,Campo de formulario o carga potencial: validar contra instructivo CNED antes de excluir o completar.
41,I162S2C3J2V2,,Detalle del Tipo de Programa (especiales),REVISAR_DETALLE_PROGRAMA_ESPECIAL,FORMULARIO_CNED_DESCONOCIDO,REVISAR,MEDIA,DUDA_METODOLOGICA,NO_RESOLVER_AUTOMATICAMENTE,INSTRUCTIVO_CNED_Y_DECISION_INSTITUCIONAL,DEPENDE,DEPENDE,Campo de formulario o carga potencial: validar contra instructivo CNED antes de excluir o completar.
41,I162S2C3J2V2,,Área del Conocimiento,REVISAR_AREA_CONOCIMIENTO_10,FORMULARIO_CNED_DESCONOCIDO,REVISAR,MEDIA,DUDA_METODOLOGICA,REQUIERE_DECISION_INSTITUCIONAL,AREA_ACADEMICA_O_DUENO_DEL_PROGRAMA,DEPENDE,DEPENDE,Campo de formulario o carga potencial: validar contra instructivo CNED antes de excluir o completar.
41,I162S2C3J2V2,,Sub Área,REVISAR_SUB_AREA_SIN_FUENTE_DIRECTA,FORMULARIO_CNED_DESCONOCIDO,REVISAR,MEDIA,DUDA_METODOLOGICA,REQUIERE_DECISION_INSTITUCIONAL,AREA_ACADEMICA_O_DUENO_DEL_PROGRAMA,DEPENDE,DEPENDE,Campo de formulario o carga potencial: validar contra instructivo CNED antes de excluir o completar.
41,I162S2C3J2V2,,Carrera Genérica,REVISAR_CARRERA_GENERICA_SIN_FUENTE_DIRECTA,FORMULARIO_CNED_DESCONOCIDO,REVISAR,MEDIA,DUDA_METODOLOGICA,REQUIERE_DECISION_INSTITUCIONAL,AREA_ACADEMICA_O_DUENO_DEL_PROGRAMA,DEPENDE,DEPENDE,Campo de formulario o carga potencial: validar contra instructivo CNED antes de excluir o completar.
41,I162S2C3J2V2,,Título que otorga el programa,REVISAR_TITULO_MATCH_AMBIGUO,FORMULARIO_CNED_DESCONOCIDO,REVISAR,MEDIA,DUDA_METODOLOGICA,NO_RESOLVER_AUTOMATICAMENTE,INSTRUCTIVO_CNED_Y_DECISION_INSTITUCIONAL,DEPENDE,DEPENDE,Campo de formulario o carga potencial: validar contra instructivo CNED antes de excluir o completar.
41,I162S2C3J2V2,,Grado Académico que otorga el programa,REVISAR_GRADO_ACADEMICO_SIN_FUENTE_DIRECTA,FORMULARIO_CNED_DESCONOCIDO,REVISAR,MEDIA,DUDA_METODOLOGICA,NO_RESOLVER_AUTOMATICAMENTE,INSTRUCTIVO_CNED_Y_DECISION_INSTITUCIONAL,DEPENDE,DEPENDE,Campo de formulario o carga potencial: validar contra instructivo CNED antes de excluir o completar.
41,I162S2C3J2V2,,Dependencia,REVISAR_DEPENDENCIA_SIN_FUENTE_DIRECTA,FORMULARIO_CNED_DESCONOCIDO,REVISAR,MEDIA,DUDA_METODOLOGICA,REQUIERE_DECISION_INSTITUCIONAL,AREA_ACADEMICA_O_DUENO_DEL_PROGRAMA,DEPENDE,DEPENDE,Campo de formulario o carga potencial: validar contra instructivo CNED antes de excluir o completar.
41,I162S2C3J2V2,,Régimen,REVISAR_REGIMEN_MATCH_AMBIGUO,OFICIAL_PROBABLE,REVISAR,ALTA,CAMPO_PENDIENTE_REAL,VALIDAR_CON_REGISTRO_CURRICULAR,REGISTRO_CURRICULAR_OFERTA_OFICIAL,SI,NO,Campo estructural/oficial: no resolver sin fuente institucional.
41,I162S2C3J2V2,,Ingreso Directo,REVISAR_INGRESO_DIRECTO_MATCH_AMBIGUO,FORMULARIO_CNED_DESCONOCIDO,REVISAR,MEDIA,DUDA_METODOLOGICA,VALIDAR_CON_AREA_ACADEMICA,AREA_ACADEMICA_O_DUENO_DEL_PROGRAMA,DEPENDE,DEPENDE,Campo de formulario o carga potencial: validar contra instructivo CNED antes de excluir o completar.
41,I162S2C3J2V2,,Otro Tipo de Ingreso,REVISAR_OTRO_TIPO_INGRESO_MATCH_AMBIGUO,FORMULARIO_CNED_DESCONOCIDO,REVISAR,MEDIA,DUDA_METODOLOGICA,VALIDAR_CON_AREA_ACADEMICA,AREA_ACADEMICA_O_DUENO_DEL_PROGRAMA,DEPENDE,DEPENDE,Campo de formulario o carga potencial: validar contra instructivo CNED antes de excluir o completar.
41,I162S2C3J2V2,,Ingreso otro,REVISAR_DESCRIPCION_OTRO_INGRESO_MATCH_AMBIGUO,FORMULARIO_CNED_DESCONOCIDO,REVISAR,MEDIA,DUDA_METODOLOGICA,VALIDAR_CON_AREA_ACADEMICA,AREA_ACADEMICA_O_DUENO_DEL_PROGRAMA,DEPENDE,DEPENDE,Campo de formulario o carga potencial: validar contra instructivo CNED antes de excluir o completar.
41,I162S2C3J2V2,,Observaciones,Crear según matriz PROMEDIOSDEALUMNOS_7804.xlsx / hoja matriz; conciliado contra diccionario oferta 2026; no encontrado en listado existente INDICES por CODIGO_UNICO; campos sin fuente directa quedan con revisión específica; Requiere revisión por match no directo/ambiguo; no completar campos críticos por inferencia.,FORMULARIO_CNED_DESCONOCIDO,REVISION,MEDIA,OBSERVACION_INSTITUCIONAL,MANTENER_SOLO_COMO_TRAZABILIDAD,INSTRUCTIVO_CNED_Y_DECISION_INSTITUCIONAL,DEPENDE,DEPENDE,Campo de formulario o carga potencial: validar contra instructivo CNED antes de excluir o completar.
41,I162S2C3J2V2,,ANIO_INICIO,CONFLICTO_REVISAR_ANIO_INICIO_MATCH_AMBIGUO,OFICIAL_PROBABLE,REVISAR,ALTA,BLOQUEO_CRITICO,VALIDAR_CON_REGISTRO_CURRICULAR,REGISTRO_CURRICULAR_OFERTA_OFICIAL,SI,NO,Campo estructural/oficial: no resolver sin fuente institucional.
41,I162S2C3J2V2,,REGIMEN,CONFLICTO_REVISAR_REGIMEN_MATCH_AMBIGUO,OFICIAL_PROBABLE,REVISAR,ALTA,BLOQUEO_CRITICO,VALIDAR_CON_REGISTRO_CURRICULAR,REGISTRO_CURRICULAR_OFERTA_OFICIAL,SI,NO,Campo estructural/oficial: no resolver sin fuente institucional.
41,I162S2C3J2V2,,DURACION_REGIMEN,CONFLICTO_REVISAR_DURACION_REGIMEN_MATCH_AMBIGUO,OFICIAL_PROBABLE,REVISAR,ALTA,BLOQUEO_CRITICO,VALIDAR_CON_REGISTRO_CURRICULAR,REGISTRO_CURRICULAR_OFERTA_OFICIAL,SI,NO,Campo estructural/oficial: no resolver sin fuente institucional.
41,I162S2C3J2V2,,NOMBRE_TITULO,CONFLICTO_REVISAR_NOMBRE_TITULO_MATCH_NO_UNICO,OFICIAL_PROBABLE,REVISAR,ALTA,BLOQUEO_CRITICO,VALIDAR_CON_OFERTA_ACADEMICA,OFERTA_ACADEMICA_INSTITUCIONAL,SI,NO,Campo estructural/oficial: no resolver sin fuente institucional.
41,I162S2C3J2V2,,ACREDITACION,CONFLICTO_REVISAR_ACREDITACION_MATCH_NO_UNICO,OFICIAL_PROBABLE,REVISAR,ALTA,BLOQUEO_CRITICO,VALIDAR_CON_OFERTA_ACADEMICA,OFERTA_ACADEMICA_INSTITUCIONAL,SI,NO,Campo estructural/oficial: no resolver sin fuente institucional.
41,I162S2C3J2V2,,REQUISITO_INGRESO,CONFLICTO_REVISAR_REQUISITO_INGRESO_MATCH_NO_UNICO,OFICIAL_PROBABLE,REVISAR,ALTA,BLOQUEO_CRITICO,VALIDAR_CON_OFERTA_ACADEMICA,OFERTA_ACADEMICA_INSTITUCIONAL,SI,NO,Campo estructural/oficial: no resolver sin fuente institucional.
41,I162S2C3J2V2,,SEMESTRES_RECONOCIDOS,CONFLICTO_REVISAR_SEMESTRES_RECONOCIDOS_MATCH_NO_UNICO,OFICIAL_PROBABLE,REVISAR,ALTA,BLOQUEO_CRITICO,VALIDAR_CON_OFERTA_ACADEMICA,OFERTA_ACADEMICA_INSTITUCIONAL,SI,NO,Campo estructural/oficial: no resolver sin fuente institucional.
41,I162S2C3J2V2,,AREA_ACTUAL,CONFLICTO_REVISAR_AREA_ACTUAL_MATCH_NO_UNICO,OFICIAL_PROBABLE,REVISAR,ALTA,BLOQUEO_CRITICO,VALIDAR_CON_OFERTA_ACADEMICA,OFERTA_ACADEMICA_INSTITUCIONAL,SI,NO,Campo estructural/oficial: no resolver sin fuente institucional.
41,I162S2C3J2V2,,AREA_ADMIN_DERECHO,CONFLICTO_REVISAR_AREA_ADMIN_DERECHO_MATCH_NO_UNICO,FORMULARIO_CNED_DESCONOCIDO,REVISAR,MEDIA,DUDA_METODOLOGICA,REQUIERE_DECISION_INSTITUCIONAL,AREA_ACADEMICA_O_DUENO_DEL_PROGRAMA,DEPENDE,DEPENDE,Campo de formulario o carga potencial: validar contra instructivo CNED antes de excluir o completar.
41,I162S2C3J2V2,,AREA_AGRI_SILVI_PESCA_VET,CONFLICTO_REVISAR_AREA_AGRI_SILVI_PESCA_VET_MATCH_NO_UNICO,FORMULARIO_CNED_DESCONOCIDO,REVISAR,MEDIA,DUDA_METODOLOGICA,REQUIERE_DECISION_INSTITUCIONAL,AREA_ACADEMICA_O_DUENO_DEL_PROGRAMA,DEPENDE,DEPENDE,Campo de formulario o carga potencial: validar contra instructivo CNED antes de excluir o completar.
41,I162S2C3J2V2,,AREA_ARTES_HUMANIDADES,CONFLICTO_REVISAR_AREA_ARTES_HUMANIDADES_MATCH_NO_UNICO,FORMULARIO_CNED_DESCONOCIDO,REVISAR,MEDIA,DUDA_METODOLOGICA,REQUIERE_DECISION_INSTITUCIONAL,AREA_ACADEMICA_O_DUENO_DEL_PROGRAMA,DEPENDE,DEPENDE,Campo de formulario o carga potencial: validar contra instructivo CNED antes de excluir o completar.
41,I162S2C3J2V2,,AREA_CIENCIAS_NAT_MAT_ESTAD,CONFLICTO_REVISAR_AREA_CIENCIAS_NAT_MAT_ESTAD_MATCH_NO_UNICO,FORMULARIO_CNED_DESCONOCIDO,REVISAR,MEDIA,DUDA_METODOLOGICA,REQUIERE_DECISION_INSTITUCIONAL,AREA_ACADEMICA_O_DUENO_DEL_PROGRAMA,DEPENDE,DEPENDE,Campo de formulario o carga potencial: validar contra instructivo CNED antes de excluir o completar.
41,I162S2C3J2V2,,AREA_CS_SOCIAL_PERIODISMO_INFO,CONFLICTO_REVISAR_AREA_CS_SOCIAL_PERIODISMO_INFO_MATCH_NO_UNICO,FORMULARIO_CNED_DESCONOCIDO,REVISAR,MEDIA,DUDA_METODOLOGICA,REQUIERE_DECISION_INSTITUCIONAL,AREA_ACADEMICA_O_DUENO_DEL_PROGRAMA,DEPENDE,DEPENDE,Campo de formulario o carga potencial: validar contra instructivo CNED antes de excluir o completar.
41,I162S2C3J2V2,,AREA_EDUCACION,CONFLICTO_REVISAR_AREA_EDUCACION_MATCH_NO_UNICO,FORMULARIO_CNED_DESCONOCIDO,REVISAR,MEDIA,DUDA_METODOLOGICA,REQUIERE_DECISION_INSTITUCIONAL,AREA_ACADEMICA_O_DUENO_DEL_PROGRAMA,DEPENDE,DEPENDE,Campo de formulario o carga potencial: validar contra instructivo CNED antes de excluir o completar.
41,I162S2C3J2V2,,AREA_INGE_INDUSTRIA_CONSTRUC,CONFLICTO_REVISAR_AREA_INGE_INDUSTRIA_CONSTRUC_MATCH_NO_UNICO,FORMULARIO_CNED_DESCONOCIDO,REVISAR,MEDIA,DUDA_METODOLOGICA,REQUIERE_DECISION_INSTITUCIONAL,AREA_ACADEMICA_O_DUENO_DEL_PROGRAMA,DEPENDE,DEPENDE,Campo de formulario o carga potencial: validar contra instructivo CNED antes de excluir o completar.
41,I162S2C3J2V2,,AREA_SALUD_BIENESTAR,CONFLICTO_REVISAR_AREA_SALUD_BIENESTAR_MATCH_NO_UNICO,FORMULARIO_CNED_DESCONOCIDO,REVISAR,MEDIA,DUDA_METODOLOGICA,REQUIERE_DECISION_INSTITUCIONAL,AREA_ACADEMICA_O_DUENO_DEL_PROGRAMA,DEPENDE,DEPENDE,Campo de formulario o carga potencial: validar contra instructivo CNED antes de excluir o completar.
41,I162S2C3J2V2,,AREA_SERVICIOS,CONFLICTO_REVISAR_AREA_SERVICIOS_MATCH_NO_UNICO,FORMULARIO_CNED_DESCONOCIDO,REVISAR,MEDIA,DUDA_METODOLOGICA,REQUIERE_DECISION_INSTITUCIONAL,AREA_ACADEMICA_O_DUENO_DEL_PROGRAMA,DEPENDE,DEPENDE,Campo de formulario o carga potencial: validar contra instructivo CNED antes de excluir o completar.
41,I162S2C3J2V2,,AREA_TECNO_INFO_COMUNICA,CONFLICTO_REVISAR_AREA_TECNO_INFO_COMUNICA_MATCH_NO_UNICO,FORMULARIO_CNED_DESCONOCIDO,REVISAR,MEDIA,DUDA_METODOLOGICA,REQUIERE_DECISION_INSTITUCIONAL,AREA_ACADEMICA_O_DUENO_DEL_PROGRAMA,DEPENDE,DEPENDE,Campo de formulario o carga potencial: validar contra instructivo CNED antes de excluir o completar.
41,I162S2C3J2V2,,VACANTES_PRIMER_SEMESTRE,CONFLICTO_REVISAR_VACANTES_PRIMER_SEMESTRE_MATCH_NO_UNICO,FORMULARIO_CNED_DESCONOCIDO,REVISAR,MEDIA,DUDA_METODOLOGICA,REQUIERE_DECISION_INSTITUCIONAL,AREA_ACADEMICA_O_DUENO_DEL_PROGRAMA,DEPENDE,DEPENDE,Campo de formulario o carga potencial: validar contra instructivo CNED antes de excluir o completar.
41,I162S2C3J2V2,,VACANTES_SEGUNDO_SEMESTRE,CONFLICTO_REVISAR_VACANTES_SEGUNDO_SEMESTRE_MATCH_NO_UNICO,FORMULARIO_CNED_DESCONOCIDO,REVISAR,MEDIA,DUDA_METODOLOGICA,REQUIERE_DECISION_INSTITUCIONAL,AREA_ACADEMICA_O_DUENO_DEL_PROGRAMA,DEPENDE,DEPENDE,Campo de formulario o carga potencial: validar contra instructivo CNED antes de excluir o completar.
41,I162S2C3J2V2,,FECHA_ADMISION_INICIAL,REVISAR_FECHA_ADMISION_INICIAL_SIN_FUENTE,FORMULARIO_CNED_DESCONOCIDO,REVISAR,MEDIA,DUDA_METODOLOGICA,NO_RESOLVER_AUTOMATICAMENTE,INSTRUCTIVO_CNED_Y_DECISION_INSTITUCIONAL,DEPENDE,DEPENDE,Campo de formulario o carga potencial: validar contra instructivo CNED antes de excluir o completar.
41,I162S2C3J2V2,,MALLA_CURRICULAR,REVISAR_MALLA_CURRICULAR_SIN_FUENTE,FORMULARIO_CNED_DESCONOCIDO,REVISAR,MEDIA,DUDA_METODOLOGICA,VALIDAR_CON_AREA_ACADEMICA,AREA_ACADEMICA_O_DUENO_DEL_PROGRAMA,DEPENDE,DEPENDE,Campo de formulario o carga potencial: validar contra instructivo CNED antes de excluir o completar.
41,I162S2C3J2V2,,PERFIL_EGRESO,REVISAR_PERFIL_EGRESO_SIN_FUENTE,FORMULARIO_CNED_DESCONOCIDO,REVISAR,MEDIA,DUDA_METODOLOGICA,VALIDAR_CON_AREA_ACADEMICA,AREA_ACADEMICA_O_DUENO_DEL_PROGRAMA,DEPENDE,DEPENDE,Campo de formulario o carga potencial: validar contra instructivo CNED antes de excluir o completar.
41,I162S2C3J2V2,,TEXTO_REQUISITO_INGRESO,REVISAR_TEXTO_REQUISITO_INGRESO_SIN_FUENTE,FORMULARIO_CNED_DESCONOCIDO,REVISAR,MEDIA,DUDA_METODOLOGICA,VALIDAR_CON_AREA_ACADEMICA,AREA_ACADEMICA_O_DUENO_DEL_PROGRAMA,DEPENDE,DEPENDE,Campo de formulario o carga potencial: validar contra instructivo CNED antes de excluir o completar.
41,I162S2C3J2V2,,LICENCIA_ENS_MEDIA,REVISAR_LICENCIA_ENS_MEDIA_SIN_FUENTE,FORMULARIO_CNED_DESCONOCIDO,REVISAR,MEDIA,DUDA_METODOLOGICA,VALIDAR_CON_AREA_ACADEMICA,AREA_ACADEMICA_O_DUENO_DEL_PROGRAMA,DEPENDE,DEPENDE,Campo de formulario o carga potencial: validar contra instructivo CNED antes de excluir o completar.
41,I162S2C3J2V2,,NOTAS_ENS_MEDIA,REVISAR_NOTAS_ENS_MEDIA_SIN_FUENTE,FORMULARIO_CNED_DESCONOCIDO,REVISAR,MEDIA,DUDA_METODOLOGICA,VALIDAR_CON_AREA_ACADEMICA,AREA_ACADEMICA_O_DUENO_DEL_PROGRAMA,DEPENDE,DEPENDE,Campo de formulario o carga potencial: validar contra instructivo CNED antes de excluir o completar.
41,I162S2C3J2V2,,PROMEDIO_MIN_ENS_MEDIA,REVISAR_PROMEDIO_MIN_ENS_MEDIA_SIN_FUENTE,FORMULARIO_CNED_DESCONOCIDO,REVISAR,MEDIA,DUDA_METODOLOGICA,NO_RESOLVER_AUTOMATICAMENTE,INSTRUCTIVO_CNED_Y_DECISION_INSTITUCIONAL,DEPENDE,DEPENDE,Campo de formulario o carga potencial: validar contra instructivo CNED antes de excluir o completar.
41,I162S2C3J2V2,,RECONOCIMIENTOS_APREN_PREVIOS,REVISAR_RECONOCIMIENTOS_APREN_PREVIOS_SIN_FUENTE,FORMULARIO_CNED_DESCONOCIDO,REVISAR,MEDIA,DUDA_METODOLOGICA,NO_RESOLVER_AUTOMATICAMENTE,INSTRUCTIVO_CNED_Y_DECISION_INSTITUCIONAL,DEPENDE,DEPENDE,Campo de formulario o carga potencial: validar contra instructivo CNED antes de excluir o completar.
41,I162S2C3J2V2,,EXPERIENCIA_LABORAL,REVISAR_EXPERIENCIA_LABORAL_SIN_FUENTE,FORMULARIO_CNED_DESCONOCIDO,REVISAR,MEDIA,DUDA_METODOLOGICA,VALIDAR_CON_AREA_ACADEMICA,AREA_ACADEMICA_O_DUENO_DEL_PROGRAMA,DEPENDE,DEPENDE,Campo de formulario o carga potencial: validar contra instructivo CNED antes de excluir o completar.
41,I162S2C3J2V2,,OTROS_REQUISITOS,REVISAR_OTROS_REQUISITOS_SIN_FUENTE,FORMULARIO_CNED_DESCONOCIDO,REVISAR,MEDIA,DUDA_METODOLOGICA,VALIDAR_CON_AREA_ACADEMICA,AREA_ACADEMICA_O_DUENO_DEL_PROGRAMA,DEPENDE,DEPENDE,Campo de formulario o carga potencial: validar contra instructivo CNED antes de excluir o completar.
41,I162S2C3J2V2,,MAIL_DIFUSION_CARRERA,REVISAR_MAIL_DIFUSION_CARRERA_SIN_FUENTE,FORMULARIO_CNED_DESCONOCIDO,REVISAR,MEDIA,DUDA_METODOLOGICA,NO_RESOLVER_AUTOMATICAMENTE,INSTRUCTIVO_CNED_Y_DECISION_INSTITUCIONAL,DEPENDE,DEPENDE,Campo de formulario o carga potencial: validar contra instructivo CNED antes de excluir o completar.
41,I162S2C3J2V2,,FORMATO_VALOR,REVISAR_FORMATO_VALOR_SIN_FUENTE,FORMULARIO_CNED_DESCONOCIDO,REVISAR,MEDIA,DUDA_METODOLOGICA,VALIDAR_CON_FINANZAS_ARANCELES,FINANZAS_ARANCELES_INSTITUCIONAL,DEPENDE,DEPENDE,Requiere fuente monetaria explicita; no usar cero ni inferencias.
41,I162S2C3J2V2,,VALOR_MATRICULA_ANUAL,REVISAR_VALOR_MATRICULA_ANUAL_SIN_FUENTE,FORMULARIO_CNED_DESCONOCIDO,REVISAR,MEDIA,DUDA_METODOLOGICA,VALIDAR_CON_FINANZAS_ARANCELES,FINANZAS_ARANCELES_INSTITUCIONAL,DEPENDE,DEPENDE,Requiere fuente monetaria explicita; no usar cero ni inferencias.
41,I162S2C3J2V2,,COSTO_TITULACION,REVISAR_COSTO_TITULACION_SIN_FUENTE,FORMULARIO_CNED_DESCONOCIDO,REVISAR,MEDIA,DUDA_METODOLOGICA,VALIDAR_CON_FINANZAS_ARANCELES,FINANZAS_ARANCELES_INSTITUCIONAL,DEPENDE,DEPENDE,Requiere fuente monetaria explicita; no usar cero ni inferencias.
41,I162S2C3J2V2,,VALOR_CERTIFICADO_DIPLOMA,REVISAR_VALOR_CERTIFICADO_DIPLOMA_SIN_FUENTE,FORMULARIO_CNED_DESCONOCIDO,REVISAR,MEDIA,DUDA_METODOLOGICA,VALIDAR_CON_FINANZAS_ARANCELES,FINANZAS_ARANCELES_INSTITUCIONAL,DEPENDE,DEPENDE,Requiere fuente monetaria explicita; no usar cero ni inferencias.
41,I162S2C3J2V2,,ARANCEL_ANUAL,REVISAR_ARANCEL_ANUAL_SIN_FUENTE,FORMULARIO_CNED_DESCONOCIDO,REVISAR,MEDIA,DUDA_METODOLOGICA,VALIDAR_CON_FINANZAS_ARANCELES,FINANZAS_ARANCELES_INSTITUCIONAL,DEPENDE,DEPENDE,Requiere fuente monetaria explicita; no usar cero ni inferencias.
41,I162S2C3J2V2,,VIGENCIA_CARRERA,REVISAR_VIGENCIA_CARRERA_SIN_FUENTE_DIRECTA,OFICIAL_PROBABLE,REVISAR,ALTA,CAMPO_PENDIENTE_REAL,VALIDAR_CON_REGISTRO_CURRICULAR,REGISTRO_CURRICULAR_OFERTA_OFICIAL,SI,NO,Campo estructural/oficial: no resolver sin fuente institucional.
41,I162S2C3J2V2,,MATCH_CODIGO_UNICO_DERIVADO,REVISAR_MATCH_CODIGO_UNICO_DERIVADO_AMBIGUO_I162S2C3J2V2,AUXILIAR_TECNICA,REVISAR,BAJA,MARCA_TECNICA_REMOVIBLE,EXCLUIR_DE_ARCHIVO_CARGA_SI_ES_AUXILIAR,TRAZABILIDAD_INTERNA_CNED,NO,SI,No debe ir en archivo de carga; conservar en trazabilidad.
41,I162S2C3J2V2,,CNED_ESTADO_AUDITORIA,REQUIERE_REVISION,AUXILIAR_TECNICA,REVISION,BAJA,MARCA_TECNICA_REMOVIBLE,EXCLUIR_DE_ARCHIVO_CARGA_SI_ES_AUXILIAR,TRAZABILIDAD_INTERNA_CNED,NO,SI,No debe ir en archivo de carga; conservar en trazabilidad.
41,I162S2C3J2V2,,CNED_ALERTAS,CONTIENE_MARCAS_TECNICAS_DE_REVISION,AUXILIAR_TECNICA,REVISION,BAJA,MARCA_TECNICA_REMOVIBLE,EXCLUIR_DE_ARCHIVO_CARGA_SI_ES_AUXILIAR,TRAZABILIDAD_INTERNA_CNED,NO,SI,No debe ir en archivo de carga; conservar en trazabilidad.
41,I162S2C3J2V2,,CNED_PUEDE_SUBIR_PRELIMINAR,REVISAR,AUXILIAR_TECNICA,REVISAR,BAJA,MARCA_TECNICA_REMOVIBLE,EXCLUIR_DE_ARCHIVO_CARGA_SI_ES_AUXILIAR,TRAZABILIDAD_INTERNA_CNED,NO,SI,No debe ir en archivo de carga; conservar en trazabilidad.
42,I162S2C40J2V1,,Modalidad del Programa,REVISAR_MODALIDAD_2,FORMULARIO_CNED_DESCONOCIDO,REVISAR,MEDIA,DUDA_METODOLOGICA,NO_RESOLVER_AUTOMATICAMENTE,INSTRUCTIVO_CNED_Y_DECISION_INSTITUCIONAL,DEPENDE,DEPENDE,Campo de formulario o carga potencial: validar contra instructivo CNED antes de excluir o completar.
42,I162S2C40J2V1,,Área del Conocimiento,REVISAR_AREA_CODIGO_6,FORMULARIO_CNED_DESCONOCIDO,REVISAR,MEDIA,DUDA_METODOLOGICA,REQUIERE_DECISION_INSTITUCIONAL,AREA_ACADEMICA_O_DUENO_DEL_PROGRAMA,DEPENDE,DEPENDE,Campo de formulario o carga potencial: validar contra instructivo CNED antes de excluir o completar.
42,I162S2C40J2V1,,Sub Área,REVISAR_SUB_AREA_SIN_FUENTE_DIRECTA,FORMULARIO_CNED_DESCONOCIDO,REVISAR,MEDIA,DUDA_METODOLOGICA,REQUIERE_DECISION_INSTITUCIONAL,AREA_ACADEMICA_O_DUENO_DEL_PROGRAMA,DEPENDE,DEPENDE,Campo de formulario o carga potencial: validar contra instructivo CNED antes de excluir o completar.
42,I162S2C40J2V1,,Carrera Genérica,REVISAR_CARRERA_GENERICA_SIN_FUENTE_DIRECTA,FORMULARIO_CNED_DESCONOCIDO,REVISAR,MEDIA,DUDA_METODOLOGICA,REQUIERE_DECISION_INSTITUCIONAL,AREA_ACADEMICA_O_DUENO_DEL_PROGRAMA,DEPENDE,DEPENDE,Campo de formulario o carga potencial: validar contra instructivo CNED antes de excluir o completar.
42,I162S2C40J2V1,,Grado Académico que otorga el programa,REVISAR_GRADO_ACADEMICO_SIN_FUENTE_DIRECTA,FORMULARIO_CNED_DESCONOCIDO,REVISAR,MEDIA,DUDA_METODOLOGICA,NO_RESOLVER_AUTOMATICAMENTE,INSTRUCTIVO_CNED_Y_DECISION_INSTITUCIONAL,DEPENDE,DEPENDE,Campo de formulario o carga potencial: validar contra instructivo CNED antes de excluir o completar.
42,I162S2C40J2V1,,Dependencia,REVISAR_DEPENDENCIA_SIN_FUENTE_DIRECTA,FORMULARIO_CNED_DESCONOCIDO,REVISAR,MEDIA,DUDA_METODOLOGICA,REQUIERE_DECISION_INSTITUCIONAL,AREA_ACADEMICA_O_DUENO_DEL_PROGRAMA,DEPENDE,DEPENDE,Campo de formulario o carga potencial: validar contra instructivo CNED antes de excluir o completar.
42,I162S2C40J2V1,,Régimen,REVISAR_REGIMEN_CODIGO_1,OFICIAL_PROBABLE,REVISAR,ALTA,CAMPO_PENDIENTE_REAL,VALIDAR_CON_REGISTRO_CURRICULAR,REGISTRO_CURRICULAR_OFERTA_OFICIAL,SI,NO,Campo estructural/oficial: no resolver sin fuente institucional.
42,I162S2C40J2V1,,Ingreso Directo,REVISAR_INGRESO_DIRECTO_CODIGO_REQUISITO_INGRESO_2,FORMULARIO_CNED_DESCONOCIDO,REVISAR,MEDIA,DUDA_METODOLOGICA,VALIDAR_CON_AREA_ACADEMICA,AREA_ACADEMICA_O_DUENO_DEL_PROGRAMA,DEPENDE,DEPENDE,Campo de formulario o carga potencial: validar contra instructivo CNED antes de excluir o completar.
42,I162S2C40J2V1,,Otro Tipo de Ingreso,REVISAR_OTRO_TIPO_INGRESO_CODIGO_REQUISITO_INGRESO_2,FORMULARIO_CNED_DESCONOCIDO,REVISAR,MEDIA,DUDA_METODOLOGICA,VALIDAR_CON_AREA_ACADEMICA,AREA_ACADEMICA_O_DUENO_DEL_PROGRAMA,DEPENDE,DEPENDE,Campo de formulario o carga potencial: validar contra instructivo CNED antes de excluir o completar.
42,I162S2C40J2V1,,Ingreso otro,REVISAR_DESCRIPCION_OTRO_INGRESO_SIN_TEXTO_FUENTE,FORMULARIO_CNED_DESCONOCIDO,REVISAR,MEDIA,DUDA_METODOLOGICA,VALIDAR_CON_AREA_ACADEMICA,AREA_ACADEMICA_O_DUENO_DEL_PROGRAMA,DEPENDE,DEPENDE,Campo de formulario o carga potencial: validar contra instructivo CNED antes de excluir o completar.
42,I162S2C40J2V1,,Observaciones,Crear según matriz PROMEDIOSDEALUMNOS_7804.xlsx / hoja matriz; conciliado contra diccionario oferta 2026; no encontrado en listado existente INDICES por CODIGO_UNICO; campos sin fuente directa quedan con revisión específica.,FORMULARIO_CNED_DESCONOCIDO,REVISION,MEDIA,OBSERVACION_INSTITUCIONAL,MANTENER_SOLO_COMO_TRAZABILIDAD,INSTRUCTIVO_CNED_Y_DECISION_INSTITUCIONAL,DEPENDE,DEPENDE,Campo de formulario o carga potencial: validar contra instructivo CNED antes de excluir o completar.
42,I162S2C40J2V1,,FECHA_ADMISION_INICIAL,REVISAR_FECHA_ADMISION_INICIAL_SIN_FUENTE,FORMULARIO_CNED_DESCONOCIDO,REVISAR,MEDIA,DUDA_METODOLOGICA,NO_RESOLVER_AUTOMATICAMENTE,INSTRUCTIVO_CNED_Y_DECISION_INSTITUCIONAL,DEPENDE,DEPENDE,Campo de formulario o carga potencial: validar contra instructivo CNED antes de excluir o completar.
42,I162S2C40J2V1,,MALLA_CURRICULAR,REVISAR_MALLA_CURRICULAR_SIN_FUENTE,FORMULARIO_CNED_DESCONOCIDO,REVISAR,MEDIA,DUDA_METODOLOGICA,VALIDAR_CON_AREA_ACADEMICA,AREA_ACADEMICA_O_DUENO_DEL_PROGRAMA,DEPENDE,DEPENDE,Campo de formulario o carga potencial: validar contra instructivo CNED antes de excluir o completar.
42,I162S2C40J2V1,,PERFIL_EGRESO,REVISAR_PERFIL_EGRESO_SIN_FUENTE,FORMULARIO_CNED_DESCONOCIDO,REVISAR,MEDIA,DUDA_METODOLOGICA,VALIDAR_CON_AREA_ACADEMICA,AREA_ACADEMICA_O_DUENO_DEL_PROGRAMA,DEPENDE,DEPENDE,Campo de formulario o carga potencial: validar contra instructivo CNED antes de excluir o completar.
42,I162S2C40J2V1,,TEXTO_REQUISITO_INGRESO,REVISAR_TEXTO_REQUISITO_INGRESO_SIN_FUENTE,FORMULARIO_CNED_DESCONOCIDO,REVISAR,MEDIA,DUDA_METODOLOGICA,VALIDAR_CON_AREA_ACADEMICA,AREA_ACADEMICA_O_DUENO_DEL_PROGRAMA,DEPENDE,DEPENDE,Campo de formulario o carga potencial: validar contra instructivo CNED antes de excluir o completar.
42,I162S2C40J2V1,,LICENCIA_ENS_MEDIA,REVISAR_LICENCIA_ENS_MEDIA_SIN_FUENTE,FORMULARIO_CNED_DESCONOCIDO,REVISAR,MEDIA,DUDA_METODOLOGICA,VALIDAR_CON_AREA_ACADEMICA,AREA_ACADEMICA_O_DUENO_DEL_PROGRAMA,DEPENDE,DEPENDE,Campo de formulario o carga potencial: validar contra instructivo CNED antes de excluir o completar.
42,I162S2C40J2V1,,NOTAS_ENS_MEDIA,REVISAR_NOTAS_ENS_MEDIA_SIN_FUENTE,FORMULARIO_CNED_DESCONOCIDO,REVISAR,MEDIA,DUDA_METODOLOGICA,VALIDAR_CON_AREA_ACADEMICA,AREA_ACADEMICA_O_DUENO_DEL_PROGRAMA,DEPENDE,DEPENDE,Campo de formulario o carga potencial: validar contra instructivo CNED antes de excluir o completar.
42,I162S2C40J2V1,,PROMEDIO_MIN_ENS_MEDIA,REVISAR_PROMEDIO_MIN_ENS_MEDIA_SIN_FUENTE,FORMULARIO_CNED_DESCONOCIDO,REVISAR,MEDIA,DUDA_METODOLOGICA,NO_RESOLVER_AUTOMATICAMENTE,INSTRUCTIVO_CNED_Y_DECISION_INSTITUCIONAL,DEPENDE,DEPENDE,Campo de formulario o carga potencial: validar contra instructivo CNED antes de excluir o completar.
42,I162S2C40J2V1,,RECONOCIMIENTOS_APREN_PREVIOS,REVISAR_RECONOCIMIENTOS_APREN_PREVIOS_SIN_FUENTE,FORMULARIO_CNED_DESCONOCIDO,REVISAR,MEDIA,DUDA_METODOLOGICA,NO_RESOLVER_AUTOMATICAMENTE,INSTRUCTIVO_CNED_Y_DECISION_INSTITUCIONAL,DEPENDE,DEPENDE,Campo de formulario o carga potencial: validar contra instructivo CNED antes de excluir o completar.
42,I162S2C40J2V1,,EXPERIENCIA_LABORAL,REVISAR_EXPERIENCIA_LABORAL_SIN_FUENTE,FORMULARIO_CNED_DESCONOCIDO,REVISAR,MEDIA,DUDA_METODOLOGICA,VALIDAR_CON_AREA_ACADEMICA,AREA_ACADEMICA_O_DUENO_DEL_PROGRAMA,DEPENDE,DEPENDE,Campo de formulario o carga potencial: validar contra instructivo CNED antes de excluir o completar.
42,I162S2C40J2V1,,OTROS_REQUISITOS,REVISAR_OTROS_REQUISITOS_SIN_FUENTE,FORMULARIO_CNED_DESCONOCIDO,REVISAR,MEDIA,DUDA_METODOLOGICA,VALIDAR_CON_AREA_ACADEMICA,AREA_ACADEMICA_O_DUENO_DEL_PROGRAMA,DEPENDE,DEPENDE,Campo de formulario o carga potencial: validar contra instructivo CNED antes de excluir o completar.
42,I162S2C40J2V1,,MAIL_DIFUSION_CARRERA,REVISAR_MAIL_DIFUSION_CARRERA_SIN_FUENTE,FORMULARIO_CNED_DESCONOCIDO,REVISAR,MEDIA,DUDA_METODOLOGICA,NO_RESOLVER_AUTOMATICAMENTE,INSTRUCTIVO_CNED_Y_DECISION_INSTITUCIONAL,DEPENDE,DEPENDE,Campo de formulario o carga potencial: validar contra instructivo CNED antes de excluir o completar.
42,I162S2C40J2V1,,FORMATO_VALOR,REVISAR_FORMATO_VALOR_SIN_FUENTE,FORMULARIO_CNED_DESCONOCIDO,REVISAR,MEDIA,DUDA_METODOLOGICA,VALIDAR_CON_FINANZAS_ARANCELES,FINANZAS_ARANCELES_INSTITUCIONAL,DEPENDE,DEPENDE,Requiere fuente monetaria explicita; no usar cero ni inferencias.
42,I162S2C40J2V1,,VALOR_MATRICULA_ANUAL,REVISAR_VALOR_MATRICULA_ANUAL_SIN_FUENTE,FORMULARIO_CNED_DESCONOCIDO,REVISAR,MEDIA,DUDA_METODOLOGICA,VALIDAR_CON_FINANZAS_ARANCELES,FINANZAS_ARANCELES_INSTITUCIONAL,DEPENDE,DEPENDE,Requiere fuente monetaria explicita; no usar cero ni inferencias.
42,I162S2C40J2V1,,COSTO_TITULACION,REVISAR_COSTO_TITULACION_SIN_FUENTE,FORMULARIO_CNED_DESCONOCIDO,REVISAR,MEDIA,DUDA_METODOLOGICA,VALIDAR_CON_FINANZAS_ARANCELES,FINANZAS_ARANCELES_INSTITUCIONAL,DEPENDE,DEPENDE,Requiere fuente monetaria explicita; no usar cero ni inferencias.
42,I162S2C40J2V1,,VALOR_CERTIFICADO_DIPLOMA,REVISAR_VALOR_CERTIFICADO_DIPLOMA_SIN_FUENTE,FORMULARIO_CNED_DESCONOCIDO,REVISAR,MEDIA,DUDA_METODOLOGICA,VALIDAR_CON_FINANZAS_ARANCELES,FINANZAS_ARANCELES_INSTITUCIONAL,DEPENDE,DEPENDE,Requiere fuente monetaria explicita; no usar cero ni inferencias.
42,I162S2C40J2V1,,ARANCEL_ANUAL,REVISAR_ARANCEL_ANUAL_SIN_FUENTE,FORMULARIO_CNED_DESCONOCIDO,REVISAR,MEDIA,DUDA_METODOLOGICA,VALIDAR_CON_FINANZAS_ARANCELES,FINANZAS_ARANCELES_INSTITUCIONAL,DEPENDE,DEPENDE,Requiere fuente monetaria explicita; no usar cero ni inferencias.
42,I162S2C40J2V1,,VIGENCIA_CARRERA,REVISAR_VIGENCIA_CARRERA_SIN_FUENTE_DIRECTA,OFICIAL_PROBABLE,REVISAR,ALTA,CAMPO_PENDIENTE_REAL,VALIDAR_CON_REGISTRO_CURRICULAR,REGISTRO_CURRICULAR_OFERTA_OFICIAL,SI,NO,Campo estructural/oficial: no resolver sin fuente institucional.
42,I162S2C40J2V1,,CNED_ESTADO_AUDITORIA,REQUIERE_REVISION,AUXILIAR_TECNICA,REVISION,BAJA,MARCA_TECNICA_REMOVIBLE,EXCLUIR_DE_ARCHIVO_CARGA_SI_ES_AUXILIAR,TRAZABILIDAD_INTERNA_CNED,NO,SI,No debe ir en archivo de carga; conservar en trazabilidad.
42,I162S2C40J2V1,,CNED_ALERTAS,CONTIENE_MARCAS_TECNICAS_DE_REVISION,AUXILIAR_TECNICA,REVISION,BAJA,MARCA_TECNICA_REMOVIBLE,EXCLUIR_DE_ARCHIVO_CARGA_SI_ES_AUXILIAR,TRAZABILIDAD_INTERNA_CNED,NO,SI,No debe ir en archivo de carga; conservar en trazabilidad.
42,I162S2C40J2V1,,CNED_PUEDE_SUBIR_PRELIMINAR,REVISAR,AUXILIAR_TECNICA,REVISAR,BAJA,MARCA_TECNICA_REMOVIBLE,EXCLUIR_DE_ARCHIVO_CARGA_SI_ES_AUXILIAR,TRAZABILIDAD_INTERNA_CNED,NO,SI,No debe ir en archivo de carga; conservar en trazabilidad.
43,I162S2C41J2V1,,Año de inicio de Actividades,DECISION_MANUAL_ANIO_INICIO,FORMULARIO_CNED_DESCONOCIDO,MANUAL,MEDIA,DUDA_METODOLOGICA,NO_RESOLVER_AUTOMATICAMENTE,INSTRUCTIVO_CNED_Y_DECISION_INSTITUCIONAL,DEPENDE,DEPENDE,Campo de formulario o carga potencial: validar contra instructivo CNED antes de excluir o completar.
43,I162S2C41J2V1,,Área del Conocimiento,REVISAR_AREA_SIN_FUENTE_DIRECTA,FORMULARIO_CNED_DESCONOCIDO,REVISAR,MEDIA,DUDA_METODOLOGICA,REQUIERE_DECISION_INSTITUCIONAL,AREA_ACADEMICA_O_DUENO_DEL_PROGRAMA,DEPENDE,DEPENDE,Campo de formulario o carga potencial: validar contra instructivo CNED antes de excluir o completar.
43,I162S2C41J2V1,,Sub Área,REVISAR_SUB_AREA_SIN_FUENTE_DIRECTA,FORMULARIO_CNED_DESCONOCIDO,REVISAR,MEDIA,DUDA_METODOLOGICA,REQUIERE_DECISION_INSTITUCIONAL,AREA_ACADEMICA_O_DUENO_DEL_PROGRAMA,DEPENDE,DEPENDE,Campo de formulario o carga potencial: validar contra instructivo CNED antes de excluir o completar.
43,I162S2C41J2V1,,Carrera Genérica,REVISAR_CARRERA_GENERICA_SIN_FUENTE_DIRECTA,FORMULARIO_CNED_DESCONOCIDO,REVISAR,MEDIA,DUDA_METODOLOGICA,REQUIERE_DECISION_INSTITUCIONAL,AREA_ACADEMICA_O_DUENO_DEL_PROGRAMA,DEPENDE,DEPENDE,Campo de formulario o carga potencial: validar contra instructivo CNED antes de excluir o completar.
43,I162S2C41J2V1,,Título que otorga el programa,REVISAR_TITULO_SIN_FUENTE_DIRECTA,FORMULARIO_CNED_DESCONOCIDO,REVISAR,MEDIA,DUDA_METODOLOGICA,NO_RESOLVER_AUTOMATICAMENTE,INSTRUCTIVO_CNED_Y_DECISION_INSTITUCIONAL,DEPENDE,DEPENDE,Campo de formulario o carga potencial: validar contra instructivo CNED antes de excluir o completar.
43,I162S2C41J2V1,,Grado Académico que otorga el programa,REVISAR_GRADO_ACADEMICO_SIN_FUENTE_DIRECTA,FORMULARIO_CNED_DESCONOCIDO,REVISAR,MEDIA,DUDA_METODOLOGICA,NO_RESOLVER_AUTOMATICAMENTE,INSTRUCTIVO_CNED_Y_DECISION_INSTITUCIONAL,DEPENDE,DEPENDE,Campo de formulario o carga potencial: validar contra instructivo CNED antes de excluir o completar.
43,I162S2C41J2V1,,Dependencia,REVISAR_DEPENDENCIA_SIN_FUENTE_DIRECTA,FORMULARIO_CNED_DESCONOCIDO,REVISAR,MEDIA,DUDA_METODOLOGICA,REQUIERE_DECISION_INSTITUCIONAL,AREA_ACADEMICA_O_DUENO_DEL_PROGRAMA,DEPENDE,DEPENDE,Campo de formulario o carga potencial: validar contra instructivo CNED antes de excluir o completar.
43,I162S2C41J2V1,,Régimen,REVISAR_REGIMEN_SIN_FUENTE,OFICIAL_PROBABLE,REVISAR,ALTA,CAMPO_PENDIENTE_REAL,VALIDAR_CON_REGISTRO_CURRICULAR,REGISTRO_CURRICULAR_OFERTA_OFICIAL,SI,NO,Campo estructural/oficial: no resolver sin fuente institucional.
43,I162S2C41J2V1,,Ingreso Directo,REVISAR_INGRESO_DIRECTO_SIN_FUENTE_DIRECTA,FORMULARIO_CNED_DESCONOCIDO,REVISAR,MEDIA,DUDA_METODOLOGICA,VALIDAR_CON_AREA_ACADEMICA,AREA_ACADEMICA_O_DUENO_DEL_PROGRAMA,DEPENDE,DEPENDE,Campo de formulario o carga potencial: validar contra instructivo CNED antes de excluir o completar.
43,I162S2C41J2V1,,Observaciones,Crear según matriz PROMEDIOSDEALUMNOS_7804.xlsx / hoja matriz; conciliado contra diccionario oferta 2026; no encontrado en listado existente INDICES por CODIGO_UNICO; campos sin fuente directa quedan con revisión específica.,FORMULARIO_CNED_DESCONOCIDO,REVISION,MEDIA,OBSERVACION_INSTITUCIONAL,MANTENER_SOLO_COMO_TRAZABILIDAD,INSTRUCTIVO_CNED_Y_DECISION_INSTITUCIONAL,DEPENDE,DEPENDE,Campo de formulario o carga potencial: validar contra instructivo CNED antes de excluir o completar.
43,I162S2C41J2V1,,ANIO_INICIO,REVISAR_ANIO_INICIO_SIN_FUENTE,OFICIAL_PROBABLE,REVISAR,ALTA,CAMPO_PENDIENTE_REAL,VALIDAR_CON_REGISTRO_CURRICULAR,REGISTRO_CURRICULAR_OFERTA_OFICIAL,SI,NO,Campo estructural/oficial: no resolver sin fuente institucional.
43,I162S2C41J2V1,,REGIMEN,REVISAR_REGIMEN_SIN_FUENTE,OFICIAL_PROBABLE,REVISAR,ALTA,CAMPO_PENDIENTE_REAL,VALIDAR_CON_REGISTRO_CURRICULAR,REGISTRO_CURRICULAR_OFERTA_OFICIAL,SI,NO,Campo estructural/oficial: no resolver sin fuente institucional.
43,I162S2C41J2V1,,DURACION_REGIMEN,REVISAR_DURACION_REGIMEN_SIN_FUENTE,OFICIAL_PROBABLE,REVISAR,ALTA,CAMPO_PENDIENTE_REAL,VALIDAR_CON_REGISTRO_CURRICULAR,REGISTRO_CURRICULAR_OFERTA_OFICIAL,SI,NO,Campo estructural/oficial: no resolver sin fuente institucional.
43,I162S2C41J2V1,,NOMBRE_TITULO,REVISAR_NOMBRE_TITULO_SIN_FUENTE_CONFIABLE,OFICIAL_PROBABLE,REVISAR,ALTA,CAMPO_PENDIENTE_REAL,VALIDAR_CON_OFERTA_ACADEMICA,OFERTA_ACADEMICA_INSTITUCIONAL,SI,NO,Campo estructural/oficial: no resolver sin fuente institucional.
43,I162S2C41J2V1,,ACREDITACION,REVISAR_ACREDITACION_SIN_FUENTE,OFICIAL_PROBABLE,REVISAR,ALTA,CAMPO_PENDIENTE_REAL,VALIDAR_CON_OFERTA_ACADEMICA,OFERTA_ACADEMICA_INSTITUCIONAL,SI,NO,Campo estructural/oficial: no resolver sin fuente institucional.
43,I162S2C41J2V1,,REQUISITO_INGRESO,REVISAR_REQUISITO_INGRESO_SIN_FUENTE,OFICIAL_PROBABLE,REVISAR,ALTA,CAMPO_PENDIENTE_REAL,VALIDAR_CON_OFERTA_ACADEMICA,OFERTA_ACADEMICA_INSTITUCIONAL,SI,NO,Campo estructural/oficial: no resolver sin fuente institucional.
43,I162S2C41J2V1,,SEMESTRES_RECONOCIDOS,REVISAR_SEMESTRES_RECONOCIDOS_SIN_FUENTE,OFICIAL_PROBABLE,REVISAR,ALTA,CAMPO_PENDIENTE_REAL,VALIDAR_CON_OFERTA_ACADEMICA,OFERTA_ACADEMICA_INSTITUCIONAL,SI,NO,Campo estructural/oficial: no resolver sin fuente institucional.
43,I162S2C41J2V1,,AREA_ACTUAL,REVISAR_AREA_ACTUAL_SIN_FUENTE,OFICIAL_PROBABLE,REVISAR,ALTA,CAMPO_PENDIENTE_REAL,VALIDAR_CON_OFERTA_ACADEMICA,OFERTA_ACADEMICA_INSTITUCIONAL,SI,NO,Campo estructural/oficial: no resolver sin fuente institucional.
43,I162S2C41J2V1,,AREA_ADMIN_DERECHO,REVISAR_AREA_ADMIN_DERECHO_SIN_FUENTE,FORMULARIO_CNED_DESCONOCIDO,REVISAR,MEDIA,DUDA_METODOLOGICA,REQUIERE_DECISION_INSTITUCIONAL,AREA_ACADEMICA_O_DUENO_DEL_PROGRAMA,DEPENDE,DEPENDE,Campo de formulario o carga potencial: validar contra instructivo CNED antes de excluir o completar.
43,I162S2C41J2V1,,AREA_AGRI_SILVI_PESCA_VET,REVISAR_AREA_AGRI_SILVI_PESCA_VET_SIN_FUENTE,FORMULARIO_CNED_DESCONOCIDO,REVISAR,MEDIA,DUDA_METODOLOGICA,REQUIERE_DECISION_INSTITUCIONAL,AREA_ACADEMICA_O_DUENO_DEL_PROGRAMA,DEPENDE,DEPENDE,Campo de formulario o carga potencial: validar contra instructivo CNED antes de excluir o completar.
43,I162S2C41J2V1,,AREA_ARTES_HUMANIDADES,REVISAR_AREA_ARTES_HUMANIDADES_SIN_FUENTE,FORMULARIO_CNED_DESCONOCIDO,REVISAR,MEDIA,DUDA_METODOLOGICA,REQUIERE_DECISION_INSTITUCIONAL,AREA_ACADEMICA_O_DUENO_DEL_PROGRAMA,DEPENDE,DEPENDE,Campo de formulario o carga potencial: validar contra instructivo CNED antes de excluir o completar.
43,I162S2C41J2V1,,AREA_CIENCIAS_NAT_MAT_ESTAD,REVISAR_AREA_CIENCIAS_NAT_MAT_ESTAD_SIN_FUENTE,FORMULARIO_CNED_DESCONOCIDO,REVISAR,MEDIA,DUDA_METODOLOGICA,REQUIERE_DECISION_INSTITUCIONAL,AREA_ACADEMICA_O_DUENO_DEL_PROGRAMA,DEPENDE,DEPENDE,Campo de formulario o carga potencial: validar contra instructivo CNED antes de excluir o completar.
43,I162S2C41J2V1,,AREA_CS_SOCIAL_PERIODISMO_INFO,REVISAR_AREA_CS_SOCIAL_PERIODISMO_INFO_SIN_FUENTE,FORMULARIO_CNED_DESCONOCIDO,REVISAR,MEDIA,DUDA_METODOLOGICA,REQUIERE_DECISION_INSTITUCIONAL,AREA_ACADEMICA_O_DUENO_DEL_PROGRAMA,DEPENDE,DEPENDE,Campo de formulario o carga potencial: validar contra instructivo CNED antes de excluir o completar.
43,I162S2C41J2V1,,AREA_EDUCACION,REVISAR_AREA_EDUCACION_SIN_FUENTE,FORMULARIO_CNED_DESCONOCIDO,REVISAR,MEDIA,DUDA_METODOLOGICA,REQUIERE_DECISION_INSTITUCIONAL,AREA_ACADEMICA_O_DUENO_DEL_PROGRAMA,DEPENDE,DEPENDE,Campo de formulario o carga potencial: validar contra instructivo CNED antes de excluir o completar.
43,I162S2C41J2V1,,AREA_INGE_INDUSTRIA_CONSTRUC,REVISAR_AREA_INGE_INDUSTRIA_CONSTRUC_SIN_FUENTE,FORMULARIO_CNED_DESCONOCIDO,REVISAR,MEDIA,DUDA_METODOLOGICA,REQUIERE_DECISION_INSTITUCIONAL,AREA_ACADEMICA_O_DUENO_DEL_PROGRAMA,DEPENDE,DEPENDE,Campo de formulario o carga potencial: validar contra instructivo CNED antes de excluir o completar.
43,I162S2C41J2V1,,AREA_SALUD_BIENESTAR,REVISAR_AREA_SALUD_BIENESTAR_SIN_FUENTE,FORMULARIO_CNED_DESCONOCIDO,REVISAR,MEDIA,DUDA_METODOLOGICA,REQUIERE_DECISION_INSTITUCIONAL,AREA_ACADEMICA_O_DUENO_DEL_PROGRAMA,DEPENDE,DEPENDE,Campo de formulario o carga potencial: validar contra instructivo CNED antes de excluir o completar.
43,I162S2C41J2V1,,AREA_SERVICIOS,REVISAR_AREA_SERVICIOS_SIN_FUENTE,FORMULARIO_CNED_DESCONOCIDO,REVISAR,MEDIA,DUDA_METODOLOGICA,REQUIERE_DECISION_INSTITUCIONAL,AREA_ACADEMICA_O_DUENO_DEL_PROGRAMA,DEPENDE,DEPENDE,Campo de formulario o carga potencial: validar contra instructivo CNED antes de excluir o completar.
43,I162S2C41J2V1,,AREA_TECNO_INFO_COMUNICA,REVISAR_AREA_TECNO_INFO_COMUNICA_SIN_FUENTE,FORMULARIO_CNED_DESCONOCIDO,REVISAR,MEDIA,DUDA_METODOLOGICA,REQUIERE_DECISION_INSTITUCIONAL,AREA_ACADEMICA_O_DUENO_DEL_PROGRAMA,DEPENDE,DEPENDE,Campo de formulario o carga potencial: validar contra instructivo CNED antes de excluir o completar.
43,I162S2C41J2V1,,VACANTES_PRIMER_SEMESTRE,REVISAR_VACANTES_PRIMER_SEMESTRE_SIN_FUENTE,FORMULARIO_CNED_DESCONOCIDO,REVISAR,MEDIA,DUDA_METODOLOGICA,REQUIERE_DECISION_INSTITUCIONAL,AREA_ACADEMICA_O_DUENO_DEL_PROGRAMA,DEPENDE,DEPENDE,Campo de formulario o carga potencial: validar contra instructivo CNED antes de excluir o completar.
43,I162S2C41J2V1,,VACANTES_SEGUNDO_SEMESTRE,REVISAR_VACANTES_SEGUNDO_SEMESTRE_SIN_FUENTE,FORMULARIO_CNED_DESCONOCIDO,REVISAR,MEDIA,DUDA_METODOLOGICA,REQUIERE_DECISION_INSTITUCIONAL,AREA_ACADEMICA_O_DUENO_DEL_PROGRAMA,DEPENDE,DEPENDE,Campo de formulario o carga potencial: validar contra instructivo CNED antes de excluir o completar.
43,I162S2C41J2V1,,FECHA_ADMISION_INICIAL,REVISAR_FECHA_ADMISION_INICIAL_SIN_FUENTE,FORMULARIO_CNED_DESCONOCIDO,REVISAR,MEDIA,DUDA_METODOLOGICA,NO_RESOLVER_AUTOMATICAMENTE,INSTRUCTIVO_CNED_Y_DECISION_INSTITUCIONAL,DEPENDE,DEPENDE,Campo de formulario o carga potencial: validar contra instructivo CNED antes de excluir o completar.
43,I162S2C41J2V1,,MALLA_CURRICULAR,REVISAR_MALLA_CURRICULAR_SIN_FUENTE,FORMULARIO_CNED_DESCONOCIDO,REVISAR,MEDIA,DUDA_METODOLOGICA,VALIDAR_CON_AREA_ACADEMICA,AREA_ACADEMICA_O_DUENO_DEL_PROGRAMA,DEPENDE,DEPENDE,Campo de formulario o carga potencial: validar contra instructivo CNED antes de excluir o completar.
43,I162S2C41J2V1,,PERFIL_EGRESO,REVISAR_PERFIL_EGRESO_SIN_FUENTE,FORMULARIO_CNED_DESCONOCIDO,REVISAR,MEDIA,DUDA_METODOLOGICA,VALIDAR_CON_AREA_ACADEMICA,AREA_ACADEMICA_O_DUENO_DEL_PROGRAMA,DEPENDE,DEPENDE,Campo de formulario o carga potencial: validar contra instructivo CNED antes de excluir o completar.
43,I162S2C41J2V1,,TEXTO_REQUISITO_INGRESO,REVISAR_TEXTO_REQUISITO_INGRESO_SIN_FUENTE,FORMULARIO_CNED_DESCONOCIDO,REVISAR,MEDIA,DUDA_METODOLOGICA,VALIDAR_CON_AREA_ACADEMICA,AREA_ACADEMICA_O_DUENO_DEL_PROGRAMA,DEPENDE,DEPENDE,Campo de formulario o carga potencial: validar contra instructivo CNED antes de excluir o completar.
43,I162S2C41J2V1,,LICENCIA_ENS_MEDIA,REVISAR_LICENCIA_ENS_MEDIA_SIN_FUENTE,FORMULARIO_CNED_DESCONOCIDO,REVISAR,MEDIA,DUDA_METODOLOGICA,VALIDAR_CON_AREA_ACADEMICA,AREA_ACADEMICA_O_DUENO_DEL_PROGRAMA,DEPENDE,DEPENDE,Campo de formulario o carga potencial: validar contra instructivo CNED antes de excluir o completar.
43,I162S2C41J2V1,,NOTAS_ENS_MEDIA,REVISAR_NOTAS_ENS_MEDIA_SIN_FUENTE,FORMULARIO_CNED_DESCONOCIDO,REVISAR,MEDIA,DUDA_METODOLOGICA,VALIDAR_CON_AREA_ACADEMICA,AREA_ACADEMICA_O_DUENO_DEL_PROGRAMA,DEPENDE,DEPENDE,Campo de formulario o carga potencial: validar contra instructivo CNED antes de excluir o completar.
43,I162S2C41J2V1,,PROMEDIO_MIN_ENS_MEDIA,REVISAR_PROMEDIO_MIN_ENS_MEDIA_SIN_FUENTE,FORMULARIO_CNED_DESCONOCIDO,REVISAR,MEDIA,DUDA_METODOLOGICA,NO_RESOLVER_AUTOMATICAMENTE,INSTRUCTIVO_CNED_Y_DECISION_INSTITUCIONAL,DEPENDE,DEPENDE,Campo de formulario o carga potencial: validar contra instructivo CNED antes de excluir o completar.
43,I162S2C41J2V1,,RECONOCIMIENTOS_APREN_PREVIOS,REVISAR_RECONOCIMIENTOS_APREN_PREVIOS_SIN_FUENTE,FORMULARIO_CNED_DESCONOCIDO,REVISAR,MEDIA,DUDA_METODOLOGICA,NO_RESOLVER_AUTOMATICAMENTE,INSTRUCTIVO_CNED_Y_DECISION_INSTITUCIONAL,DEPENDE,DEPENDE,Campo de formulario o carga potencial: validar contra instructivo CNED antes de excluir o completar.
43,I162S2C41J2V1,,EXPERIENCIA_LABORAL,REVISAR_EXPERIENCIA_LABORAL_SIN_FUENTE,FORMULARIO_CNED_DESCONOCIDO,REVISAR,MEDIA,DUDA_METODOLOGICA,VALIDAR_CON_AREA_ACADEMICA,AREA_ACADEMICA_O_DUENO_DEL_PROGRAMA,DEPENDE,DEPENDE,Campo de formulario o carga potencial: validar contra instructivo CNED antes de excluir o completar.
43,I162S2C41J2V1,,OTROS_REQUISITOS,REVISAR_OTROS_REQUISITOS_SIN_FUENTE,FORMULARIO_CNED_DESCONOCIDO,REVISAR,MEDIA,DUDA_METODOLOGICA,VALIDAR_CON_AREA_ACADEMICA,AREA_ACADEMICA_O_DUENO_DEL_PROGRAMA,DEPENDE,DEPENDE,Campo de formulario o carga potencial: validar contra instructivo CNED antes de excluir o completar.
43,I162S2C41J2V1,,MAIL_DIFUSION_CARRERA,REVISAR_MAIL_DIFUSION_CARRERA_SIN_FUENTE,FORMULARIO_CNED_DESCONOCIDO,REVISAR,MEDIA,DUDA_METODOLOGICA,NO_RESOLVER_AUTOMATICAMENTE,INSTRUCTIVO_CNED_Y_DECISION_INSTITUCIONAL,DEPENDE,DEPENDE,Campo de formulario o carga potencial: validar contra instructivo CNED antes de excluir o completar.
43,I162S2C41J2V1,,FORMATO_VALOR,REVISAR_FORMATO_VALOR_SIN_FUENTE,FORMULARIO_CNED_DESCONOCIDO,REVISAR,MEDIA,DUDA_METODOLOGICA,VALIDAR_CON_FINANZAS_ARANCELES,FINANZAS_ARANCELES_INSTITUCIONAL,DEPENDE,DEPENDE,Requiere fuente monetaria explicita; no usar cero ni inferencias.
43,I162S2C41J2V1,,VALOR_MATRICULA_ANUAL,REVISAR_VALOR_MATRICULA_ANUAL_SIN_FUENTE,FORMULARIO_CNED_DESCONOCIDO,REVISAR,MEDIA,DUDA_METODOLOGICA,VALIDAR_CON_FINANZAS_ARANCELES,FINANZAS_ARANCELES_INSTITUCIONAL,DEPENDE,DEPENDE,Requiere fuente monetaria explicita; no usar cero ni inferencias.
43,I162S2C41J2V1,,COSTO_TITULACION,REVISAR_COSTO_TITULACION_SIN_FUENTE,FORMULARIO_CNED_DESCONOCIDO,REVISAR,MEDIA,DUDA_METODOLOGICA,VALIDAR_CON_FINANZAS_ARANCELES,FINANZAS_ARANCELES_INSTITUCIONAL,DEPENDE,DEPENDE,Requiere fuente monetaria explicita; no usar cero ni inferencias.
43,I162S2C41J2V1,,VALOR_CERTIFICADO_DIPLOMA,REVISAR_VALOR_CERTIFICADO_DIPLOMA_SIN_FUENTE,FORMULARIO_CNED_DESCONOCIDO,REVISAR,MEDIA,DUDA_METODOLOGICA,VALIDAR_CON_FINANZAS_ARANCELES,FINANZAS_ARANCELES_INSTITUCIONAL,DEPENDE,DEPENDE,Requiere fuente monetaria explicita; no usar cero ni inferencias.
43,I162S2C41J2V1,,ARANCEL_ANUAL,REVISAR_ARANCEL_ANUAL_SIN_FUENTE,FORMULARIO_CNED_DESCONOCIDO,REVISAR,MEDIA,DUDA_METODOLOGICA,VALIDAR_CON_FINANZAS_ARANCELES,FINANZAS_ARANCELES_INSTITUCIONAL,DEPENDE,DEPENDE,Requiere fuente monetaria explicita; no usar cero ni inferencias.
43,I162S2C41J2V1,,CNED_ESTADO_AUDITORIA,REQUIERE_REVISION,AUXILIAR_TECNICA,REVISION,BAJA,MARCA_TECNICA_REMOVIBLE,EXCLUIR_DE_ARCHIVO_CARGA_SI_ES_AUXILIAR,TRAZABILIDAD_INTERNA_CNED,NO,SI,No debe ir en archivo de carga; conservar en trazabilidad.
43,I162S2C41J2V1,,CNED_ALERTAS,CONTIENE_MARCAS_TECNICAS_DE_REVISION,AUXILIAR_TECNICA,REVISION,BAJA,MARCA_TECNICA_REMOVIBLE,EXCLUIR_DE_ARCHIVO_CARGA_SI_ES_AUXILIAR,TRAZABILIDAD_INTERNA_CNED,NO,SI,No debe ir en archivo de carga; conservar en trazabilidad.
43,I162S2C41J2V1,,CNED_PUEDE_SUBIR_PRELIMINAR,REVISAR,AUXILIAR_TECNICA,REVISAR,BAJA,MARCA_TECNICA_REMOVIBLE,EXCLUIR_DE_ARCHIVO_CARGA_SI_ES_AUXILIAR,TRAZABILIDAD_INTERNA_CNED,NO,SI,No debe ir en archivo de carga; conservar en trazabilidad.
44,I162S2C53J3V1,,Horario,REVISAR_HORARIO_3,FORMULARIO_CNED_DESCONOCIDO,REVISAR,MEDIA,DUDA_METODOLOGICA,NO_RESOLVER_AUTOMATICAMENTE,INSTRUCTIVO_CNED_Y_DECISION_INSTITUCIONAL,DEPENDE,DEPENDE,Campo de formulario o carga potencial: validar contra instructivo CNED antes de excluir o completar.
44,I162S2C53J3V1,,Modalidad del Programa,REVISAR_MODALIDAD_2,FORMULARIO_CNED_DESCONOCIDO,REVISAR,MEDIA,DUDA_METODOLOGICA,NO_RESOLVER_AUTOMATICAMENTE,INSTRUCTIVO_CNED_Y_DECISION_INSTITUCIONAL,DEPENDE,DEPENDE,Campo de formulario o carga potencial: validar contra instructivo CNED antes de excluir o completar.
44,I162S2C53J3V1,,Área del Conocimiento,REVISAR_AREA_CODIGO_10,FORMULARIO_CNED_DESCONOCIDO,REVISAR,MEDIA,DUDA_METODOLOGICA,REQUIERE_DECISION_INSTITUCIONAL,AREA_ACADEMICA_O_DUENO_DEL_PROGRAMA,DEPENDE,DEPENDE,Campo de formulario o carga potencial: validar contra instructivo CNED antes de excluir o completar.
44,I162S2C53J3V1,,Sub Área,REVISAR_SUB_AREA_SIN_FUENTE_DIRECTA,FORMULARIO_CNED_DESCONOCIDO,REVISAR,MEDIA,DUDA_METODOLOGICA,REQUIERE_DECISION_INSTITUCIONAL,AREA_ACADEMICA_O_DUENO_DEL_PROGRAMA,DEPENDE,DEPENDE,Campo de formulario o carga potencial: validar contra instructivo CNED antes de excluir o completar.
44,I162S2C53J3V1,,Carrera Genérica,REVISAR_CARRERA_GENERICA_SIN_FUENTE_DIRECTA,FORMULARIO_CNED_DESCONOCIDO,REVISAR,MEDIA,DUDA_METODOLOGICA,REQUIERE_DECISION_INSTITUCIONAL,AREA_ACADEMICA_O_DUENO_DEL_PROGRAMA,DEPENDE,DEPENDE,Campo de formulario o carga potencial: validar contra instructivo CNED antes de excluir o completar.
44,I162S2C53J3V1,,Grado Académico que otorga el programa,REVISAR_GRADO_ACADEMICO_SIN_FUENTE_DIRECTA,FORMULARIO_CNED_DESCONOCIDO,REVISAR,MEDIA,DUDA_METODOLOGICA,NO_RESOLVER_AUTOMATICAMENTE,INSTRUCTIVO_CNED_Y_DECISION_INSTITUCIONAL,DEPENDE,DEPENDE,Campo de formulario o carga potencial: validar contra instructivo CNED antes de excluir o completar.
44,I162S2C53J3V1,,Dependencia,REVISAR_DEPENDENCIA_SIN_FUENTE_DIRECTA,FORMULARIO_CNED_DESCONOCIDO,REVISAR,MEDIA,DUDA_METODOLOGICA,REQUIERE_DECISION_INSTITUCIONAL,AREA_ACADEMICA_O_DUENO_DEL_PROGRAMA,DEPENDE,DEPENDE,Campo de formulario o carga potencial: validar contra instructivo CNED antes de excluir o completar.
44,I162S2C53J3V1,,Régimen,REVISAR_REGIMEN_CODIGO_1,OFICIAL_PROBABLE,REVISAR,ALTA,CAMPO_PENDIENTE_REAL,VALIDAR_CON_REGISTRO_CURRICULAR,REGISTRO_CURRICULAR_OFERTA_OFICIAL,SI,NO,Campo estructural/oficial: no resolver sin fuente institucional.
44,I162S2C53J3V1,,Ingreso Directo,REVISAR_INGRESO_DIRECTO_CODIGO_REQUISITO_INGRESO_2,FORMULARIO_CNED_DESCONOCIDO,REVISAR,MEDIA,DUDA_METODOLOGICA,VALIDAR_CON_AREA_ACADEMICA,AREA_ACADEMICA_O_DUENO_DEL_PROGRAMA,DEPENDE,DEPENDE,Campo de formulario o carga potencial: validar contra instructivo CNED antes de excluir o completar.
44,I162S2C53J3V1,,Otro Tipo de Ingreso,REVISAR_OTRO_TIPO_INGRESO_CODIGO_REQUISITO_INGRESO_2,FORMULARIO_CNED_DESCONOCIDO,REVISAR,MEDIA,DUDA_METODOLOGICA,VALIDAR_CON_AREA_ACADEMICA,AREA_ACADEMICA_O_DUENO_DEL_PROGRAMA,DEPENDE,DEPENDE,Campo de formulario o carga potencial: validar contra instructivo CNED antes de excluir o completar.
44,I162S2C53J3V1,,Ingreso otro,REVISAR_DESCRIPCION_OTRO_INGRESO_SIN_TEXTO_FUENTE,FORMULARIO_CNED_DESCONOCIDO,REVISAR,MEDIA,DUDA_METODOLOGICA,VALIDAR_CON_AREA_ACADEMICA,AREA_ACADEMICA_O_DUENO_DEL_PROGRAMA,DEPENDE,DEPENDE,Campo de formulario o carga potencial: validar contra instructivo CNED antes de excluir o completar.
44,I162S2C53J3V1,,Observaciones,Crear según matriz PROMEDIOSDEALUMNOS_7804.xlsx / hoja matriz; conciliado contra diccionario oferta 2026; no encontrado en listado existente INDICES por CODIGO_UNICO; campos sin fuente directa quedan con revisión específica.,FORMULARIO_CNED_DESCONOCIDO,REVISION,MEDIA,OBSERVACION_INSTITUCIONAL,MANTENER_SOLO_COMO_TRAZABILIDAD,INSTRUCTIVO_CNED_Y_DECISION_INSTITUCIONAL,DEPENDE,DEPENDE,Campo de formulario o carga potencial: validar contra instructivo CNED antes de excluir o completar.
44,I162S2C53J3V1,,FECHA_ADMISION_INICIAL,REVISAR_FECHA_ADMISION_INICIAL_SIN_FUENTE,FORMULARIO_CNED_DESCONOCIDO,REVISAR,MEDIA,DUDA_METODOLOGICA,NO_RESOLVER_AUTOMATICAMENTE,INSTRUCTIVO_CNED_Y_DECISION_INSTITUCIONAL,DEPENDE,DEPENDE,Campo de formulario o carga potencial: validar contra instructivo CNED antes de excluir o completar.
44,I162S2C53J3V1,,MALLA_CURRICULAR,REVISAR_MALLA_CURRICULAR_SIN_FUENTE,FORMULARIO_CNED_DESCONOCIDO,REVISAR,MEDIA,DUDA_METODOLOGICA,VALIDAR_CON_AREA_ACADEMICA,AREA_ACADEMICA_O_DUENO_DEL_PROGRAMA,DEPENDE,DEPENDE,Campo de formulario o carga potencial: validar contra instructivo CNED antes de excluir o completar.
44,I162S2C53J3V1,,PERFIL_EGRESO,REVISAR_PERFIL_EGRESO_SIN_FUENTE,FORMULARIO_CNED_DESCONOCIDO,REVISAR,MEDIA,DUDA_METODOLOGICA,VALIDAR_CON_AREA_ACADEMICA,AREA_ACADEMICA_O_DUENO_DEL_PROGRAMA,DEPENDE,DEPENDE,Campo de formulario o carga potencial: validar contra instructivo CNED antes de excluir o completar.
44,I162S2C53J3V1,,TEXTO_REQUISITO_INGRESO,REVISAR_TEXTO_REQUISITO_INGRESO_SIN_FUENTE,FORMULARIO_CNED_DESCONOCIDO,REVISAR,MEDIA,DUDA_METODOLOGICA,VALIDAR_CON_AREA_ACADEMICA,AREA_ACADEMICA_O_DUENO_DEL_PROGRAMA,DEPENDE,DEPENDE,Campo de formulario o carga potencial: validar contra instructivo CNED antes de excluir o completar.
44,I162S2C53J3V1,,LICENCIA_ENS_MEDIA,REVISAR_LICENCIA_ENS_MEDIA_SIN_FUENTE,FORMULARIO_CNED_DESCONOCIDO,REVISAR,MEDIA,DUDA_METODOLOGICA,VALIDAR_CON_AREA_ACADEMICA,AREA_ACADEMICA_O_DUENO_DEL_PROGRAMA,DEPENDE,DEPENDE,Campo de formulario o carga potencial: validar contra instructivo CNED antes de excluir o completar.
44,I162S2C53J3V1,,NOTAS_ENS_MEDIA,REVISAR_NOTAS_ENS_MEDIA_SIN_FUENTE,FORMULARIO_CNED_DESCONOCIDO,REVISAR,MEDIA,DUDA_METODOLOGICA,VALIDAR_CON_AREA_ACADEMICA,AREA_ACADEMICA_O_DUENO_DEL_PROGRAMA,DEPENDE,DEPENDE,Campo de formulario o carga potencial: validar contra instructivo CNED antes de excluir o completar.
44,I162S2C53J3V1,,PROMEDIO_MIN_ENS_MEDIA,REVISAR_PROMEDIO_MIN_ENS_MEDIA_SIN_FUENTE,FORMULARIO_CNED_DESCONOCIDO,REVISAR,MEDIA,DUDA_METODOLOGICA,NO_RESOLVER_AUTOMATICAMENTE,INSTRUCTIVO_CNED_Y_DECISION_INSTITUCIONAL,DEPENDE,DEPENDE,Campo de formulario o carga potencial: validar contra instructivo CNED antes de excluir o completar.
44,I162S2C53J3V1,,RECONOCIMIENTOS_APREN_PREVIOS,REVISAR_RECONOCIMIENTOS_APREN_PREVIOS_SIN_FUENTE,FORMULARIO_CNED_DESCONOCIDO,REVISAR,MEDIA,DUDA_METODOLOGICA,NO_RESOLVER_AUTOMATICAMENTE,INSTRUCTIVO_CNED_Y_DECISION_INSTITUCIONAL,DEPENDE,DEPENDE,Campo de formulario o carga potencial: validar contra instructivo CNED antes de excluir o completar.
44,I162S2C53J3V1,,EXPERIENCIA_LABORAL,REVISAR_EXPERIENCIA_LABORAL_SIN_FUENTE,FORMULARIO_CNED_DESCONOCIDO,REVISAR,MEDIA,DUDA_METODOLOGICA,VALIDAR_CON_AREA_ACADEMICA,AREA_ACADEMICA_O_DUENO_DEL_PROGRAMA,DEPENDE,DEPENDE,Campo de formulario o carga potencial: validar contra instructivo CNED antes de excluir o completar.
44,I162S2C53J3V1,,OTROS_REQUISITOS,REVISAR_OTROS_REQUISITOS_SIN_FUENTE,FORMULARIO_CNED_DESCONOCIDO,REVISAR,MEDIA,DUDA_METODOLOGICA,VALIDAR_CON_AREA_ACADEMICA,AREA_ACADEMICA_O_DUENO_DEL_PROGRAMA,DEPENDE,DEPENDE,Campo de formulario o carga potencial: validar contra instructivo CNED antes de excluir o completar.
44,I162S2C53J3V1,,MAIL_DIFUSION_CARRERA,REVISAR_MAIL_DIFUSION_CARRERA_SIN_FUENTE,FORMULARIO_CNED_DESCONOCIDO,REVISAR,MEDIA,DUDA_METODOLOGICA,NO_RESOLVER_AUTOMATICAMENTE,INSTRUCTIVO_CNED_Y_DECISION_INSTITUCIONAL,DEPENDE,DEPENDE,Campo de formulario o carga potencial: validar contra instructivo CNED antes de excluir o completar.
44,I162S2C53J3V1,,FORMATO_VALOR,REVISAR_FORMATO_VALOR_SIN_FUENTE,FORMULARIO_CNED_DESCONOCIDO,REVISAR,MEDIA,DUDA_METODOLOGICA,VALIDAR_CON_FINANZAS_ARANCELES,FINANZAS_ARANCELES_INSTITUCIONAL,DEPENDE,DEPENDE,Requiere fuente monetaria explicita; no usar cero ni inferencias.
44,I162S2C53J3V1,,VALOR_MATRICULA_ANUAL,REVISAR_VALOR_MATRICULA_ANUAL_SIN_FUENTE,FORMULARIO_CNED_DESCONOCIDO,REVISAR,MEDIA,DUDA_METODOLOGICA,VALIDAR_CON_FINANZAS_ARANCELES,FINANZAS_ARANCELES_INSTITUCIONAL,DEPENDE,DEPENDE,Requiere fuente monetaria explicita; no usar cero ni inferencias.
44,I162S2C53J3V1,,COSTO_TITULACION,REVISAR_COSTO_TITULACION_SIN_FUENTE,FORMULARIO_CNED_DESCONOCIDO,REVISAR,MEDIA,DUDA_METODOLOGICA,VALIDAR_CON_FINANZAS_ARANCELES,FINANZAS_ARANCELES_INSTITUCIONAL,DEPENDE,DEPENDE,Requiere fuente monetaria explicita; no usar cero ni inferencias.
44,I162S2C53J3V1,,VALOR_CERTIFICADO_DIPLOMA,REVISAR_VALOR_CERTIFICADO_DIPLOMA_SIN_FUENTE,FORMULARIO_CNED_DESCONOCIDO,REVISAR,MEDIA,DUDA_METODOLOGICA,VALIDAR_CON_FINANZAS_ARANCELES,FINANZAS_ARANCELES_INSTITUCIONAL,DEPENDE,DEPENDE,Requiere fuente monetaria explicita; no usar cero ni inferencias.
44,I162S2C53J3V1,,ARANCEL_ANUAL,REVISAR_ARANCEL_ANUAL_SIN_FUENTE,FORMULARIO_CNED_DESCONOCIDO,REVISAR,MEDIA,DUDA_METODOLOGICA,VALIDAR_CON_FINANZAS_ARANCELES,FINANZAS_ARANCELES_INSTITUCIONAL,DEPENDE,DEPENDE,Requiere fuente monetaria explicita; no usar cero ni inferencias.
44,I162S2C53J3V1,,VIGENCIA_CARRERA,REVISAR_VIGENCIA_CARRERA_SIN_FUENTE_DIRECTA,OFICIAL_PROBABLE,REVISAR,ALTA,CAMPO_PENDIENTE_REAL,VALIDAR_CON_REGISTRO_CURRICULAR,REGISTRO_CURRICULAR_OFERTA_OFICIAL,SI,NO,Campo estructural/oficial: no resolver sin fuente institucional.
44,I162S2C53J3V1,,CNED_ESTADO_AUDITORIA,REQUIERE_REVISION,AUXILIAR_TECNICA,REVISION,BAJA,MARCA_TECNICA_REMOVIBLE,EXCLUIR_DE_ARCHIVO_CARGA_SI_ES_AUXILIAR,TRAZABILIDAD_INTERNA_CNED,NO,SI,No debe ir en archivo de carga; conservar en trazabilidad.
44,I162S2C53J3V1,,CNED_ALERTAS,CONTIENE_MARCAS_TECNICAS_DE_REVISION,AUXILIAR_TECNICA,REVISION,BAJA,MARCA_TECNICA_REMOVIBLE,EXCLUIR_DE_ARCHIVO_CARGA_SI_ES_AUXILIAR,TRAZABILIDAD_INTERNA_CNED,NO,SI,No debe ir en archivo de carga; conservar en trazabilidad.
44,I162S2C53J3V1,,CNED_PUEDE_SUBIR_PRELIMINAR,REVISAR,AUXILIAR_TECNICA,REVISAR,BAJA,MARCA_TECNICA_REMOVIBLE,EXCLUIR_DE_ARCHIVO_CARGA_SI_ES_AUXILIAR,TRAZABILIDAD_INTERNA_CNED,NO,SI,No debe ir en archivo de carga; conservar en trazabilidad.
45,I162S2C63J4V1,,Área del Conocimiento,REVISAR_AREA_CODIGO_10,FORMULARIO_CNED_DESCONOCIDO,REVISAR,MEDIA,DUDA_METODOLOGICA,REQUIERE_DECISION_INSTITUCIONAL,AREA_ACADEMICA_O_DUENO_DEL_PROGRAMA,DEPENDE,DEPENDE,Campo de formulario o carga potencial: validar contra instructivo CNED antes de excluir o completar.
45,I162S2C63J4V1,,Sub Área,REVISAR_SUB_AREA_SIN_FUENTE_DIRECTA,FORMULARIO_CNED_DESCONOCIDO,REVISAR,MEDIA,DUDA_METODOLOGICA,REQUIERE_DECISION_INSTITUCIONAL,AREA_ACADEMICA_O_DUENO_DEL_PROGRAMA,DEPENDE,DEPENDE,Campo de formulario o carga potencial: validar contra instructivo CNED antes de excluir o completar.
45,I162S2C63J4V1,,Carrera Genérica,REVISAR_CARRERA_GENERICA_SIN_FUENTE_DIRECTA,FORMULARIO_CNED_DESCONOCIDO,REVISAR,MEDIA,DUDA_METODOLOGICA,REQUIERE_DECISION_INSTITUCIONAL,AREA_ACADEMICA_O_DUENO_DEL_PROGRAMA,DEPENDE,DEPENDE,Campo de formulario o carga potencial: validar contra instructivo CNED antes de excluir o completar.
45,I162S2C63J4V1,,Grado Académico que otorga el programa,REVISAR_GRADO_ACADEMICO_SIN_FUENTE_DIRECTA,FORMULARIO_CNED_DESCONOCIDO,REVISAR,MEDIA,DUDA_METODOLOGICA,NO_RESOLVER_AUTOMATICAMENTE,INSTRUCTIVO_CNED_Y_DECISION_INSTITUCIONAL,DEPENDE,DEPENDE,Campo de formulario o carga potencial: validar contra instructivo CNED antes de excluir o completar.
45,I162S2C63J4V1,,Dependencia,REVISAR_DEPENDENCIA_SIN_FUENTE_DIRECTA,FORMULARIO_CNED_DESCONOCIDO,REVISAR,MEDIA,DUDA_METODOLOGICA,REQUIERE_DECISION_INSTITUCIONAL,AREA_ACADEMICA_O_DUENO_DEL_PROGRAMA,DEPENDE,DEPENDE,Campo de formulario o carga potencial: validar contra instructivo CNED antes de excluir o completar.
45,I162S2C63J4V1,,Régimen,REVISAR_REGIMEN_CODIGO_1,OFICIAL_PROBABLE,REVISAR,ALTA,CAMPO_PENDIENTE_REAL,VALIDAR_CON_REGISTRO_CURRICULAR,REGISTRO_CURRICULAR_OFERTA_OFICIAL,SI,NO,Campo estructural/oficial: no resolver sin fuente institucional.
45,I162S2C63J4V1,,Ingreso Directo,REVISAR_INGRESO_DIRECTO_CODIGO_REQUISITO_INGRESO_2,FORMULARIO_CNED_DESCONOCIDO,REVISAR,MEDIA,DUDA_METODOLOGICA,VALIDAR_CON_AREA_ACADEMICA,AREA_ACADEMICA_O_DUENO_DEL_PROGRAMA,DEPENDE,DEPENDE,Campo de formulario o carga potencial: validar contra instructivo CNED antes de excluir o completar.
45,I162S2C63J4V1,,Otro Tipo de Ingreso,REVISAR_OTRO_TIPO_INGRESO_CODIGO_REQUISITO_INGRESO_2,FORMULARIO_CNED_DESCONOCIDO,REVISAR,MEDIA,DUDA_METODOLOGICA,VALIDAR_CON_AREA_ACADEMICA,AREA_ACADEMICA_O_DUENO_DEL_PROGRAMA,DEPENDE,DEPENDE,Campo de formulario o carga potencial: validar contra instructivo CNED antes de excluir o completar.
45,I162S2C63J4V1,,Ingreso otro,REVISAR_DESCRIPCION_OTRO_INGRESO_SIN_TEXTO_FUENTE,FORMULARIO_CNED_DESCONOCIDO,REVISAR,MEDIA,DUDA_METODOLOGICA,VALIDAR_CON_AREA_ACADEMICA,AREA_ACADEMICA_O_DUENO_DEL_PROGRAMA,DEPENDE,DEPENDE,Campo de formulario o carga potencial: validar contra instructivo CNED antes de excluir o completar.
45,I162S2C63J4V1,,Observaciones,Crear según matriz PROMEDIOSDEALUMNOS_7804.xlsx / hoja matriz; conciliado contra diccionario oferta 2026; no encontrado en listado existente INDICES por CODIGO_UNICO; campos sin fuente directa quedan con revisión específica.,FORMULARIO_CNED_DESCONOCIDO,REVISION,MEDIA,OBSERVACION_INSTITUCIONAL,MANTENER_SOLO_COMO_TRAZABILIDAD,INSTRUCTIVO_CNED_Y_DECISION_INSTITUCIONAL,DEPENDE,DEPENDE,Campo de formulario o carga potencial: validar contra instructivo CNED antes de excluir o completar.
45,I162S2C63J4V1,,FECHA_ADMISION_INICIAL,REVISAR_FECHA_ADMISION_INICIAL_SIN_FUENTE,FORMULARIO_CNED_DESCONOCIDO,REVISAR,MEDIA,DUDA_METODOLOGICA,NO_RESOLVER_AUTOMATICAMENTE,INSTRUCTIVO_CNED_Y_DECISION_INSTITUCIONAL,DEPENDE,DEPENDE,Campo de formulario o carga potencial: validar contra instructivo CNED antes de excluir o completar.
45,I162S2C63J4V1,,MALLA_CURRICULAR,REVISAR_MALLA_CURRICULAR_SIN_FUENTE,FORMULARIO_CNED_DESCONOCIDO,REVISAR,MEDIA,DUDA_METODOLOGICA,VALIDAR_CON_AREA_ACADEMICA,AREA_ACADEMICA_O_DUENO_DEL_PROGRAMA,DEPENDE,DEPENDE,Campo de formulario o carga potencial: validar contra instructivo CNED antes de excluir o completar.
45,I162S2C63J4V1,,PERFIL_EGRESO,REVISAR_PERFIL_EGRESO_SIN_FUENTE,FORMULARIO_CNED_DESCONOCIDO,REVISAR,MEDIA,DUDA_METODOLOGICA,VALIDAR_CON_AREA_ACADEMICA,AREA_ACADEMICA_O_DUENO_DEL_PROGRAMA,DEPENDE,DEPENDE,Campo de formulario o carga potencial: validar contra instructivo CNED antes de excluir o completar.
45,I162S2C63J4V1,,TEXTO_REQUISITO_INGRESO,REVISAR_TEXTO_REQUISITO_INGRESO_SIN_FUENTE,FORMULARIO_CNED_DESCONOCIDO,REVISAR,MEDIA,DUDA_METODOLOGICA,VALIDAR_CON_AREA_ACADEMICA,AREA_ACADEMICA_O_DUENO_DEL_PROGRAMA,DEPENDE,DEPENDE,Campo de formulario o carga potencial: validar contra instructivo CNED antes de excluir o completar.
45,I162S2C63J4V1,,LICENCIA_ENS_MEDIA,REVISAR_LICENCIA_ENS_MEDIA_SIN_FUENTE,FORMULARIO_CNED_DESCONOCIDO,REVISAR,MEDIA,DUDA_METODOLOGICA,VALIDAR_CON_AREA_ACADEMICA,AREA_ACADEMICA_O_DUENO_DEL_PROGRAMA,DEPENDE,DEPENDE,Campo de formulario o carga potencial: validar contra instructivo CNED antes de excluir o completar.
45,I162S2C63J4V1,,NOTAS_ENS_MEDIA,REVISAR_NOTAS_ENS_MEDIA_SIN_FUENTE,FORMULARIO_CNED_DESCONOCIDO,REVISAR,MEDIA,DUDA_METODOLOGICA,VALIDAR_CON_AREA_ACADEMICA,AREA_ACADEMICA_O_DUENO_DEL_PROGRAMA,DEPENDE,DEPENDE,Campo de formulario o carga potencial: validar contra instructivo CNED antes de excluir o completar.
45,I162S2C63J4V1,,PROMEDIO_MIN_ENS_MEDIA,REVISAR_PROMEDIO_MIN_ENS_MEDIA_SIN_FUENTE,FORMULARIO_CNED_DESCONOCIDO,REVISAR,MEDIA,DUDA_METODOLOGICA,NO_RESOLVER_AUTOMATICAMENTE,INSTRUCTIVO_CNED_Y_DECISION_INSTITUCIONAL,DEPENDE,DEPENDE,Campo de formulario o carga potencial: validar contra instructivo CNED antes de excluir o completar.
45,I162S2C63J4V1,,RECONOCIMIENTOS_APREN_PREVIOS,REVISAR_RECONOCIMIENTOS_APREN_PREVIOS_SIN_FUENTE,FORMULARIO_CNED_DESCONOCIDO,REVISAR,MEDIA,DUDA_METODOLOGICA,NO_RESOLVER_AUTOMATICAMENTE,INSTRUCTIVO_CNED_Y_DECISION_INSTITUCIONAL,DEPENDE,DEPENDE,Campo de formulario o carga potencial: validar contra instructivo CNED antes de excluir o completar.
45,I162S2C63J4V1,,EXPERIENCIA_LABORAL,REVISAR_EXPERIENCIA_LABORAL_SIN_FUENTE,FORMULARIO_CNED_DESCONOCIDO,REVISAR,MEDIA,DUDA_METODOLOGICA,VALIDAR_CON_AREA_ACADEMICA,AREA_ACADEMICA_O_DUENO_DEL_PROGRAMA,DEPENDE,DEPENDE,Campo de formulario o carga potencial: validar contra instructivo CNED antes de excluir o completar.
45,I162S2C63J4V1,,OTROS_REQUISITOS,REVISAR_OTROS_REQUISITOS_SIN_FUENTE,FORMULARIO_CNED_DESCONOCIDO,REVISAR,MEDIA,DUDA_METODOLOGICA,VALIDAR_CON_AREA_ACADEMICA,AREA_ACADEMICA_O_DUENO_DEL_PROGRAMA,DEPENDE,DEPENDE,Campo de formulario o carga potencial: validar contra instructivo CNED antes de excluir o completar.
45,I162S2C63J4V1,,MAIL_DIFUSION_CARRERA,REVISAR_MAIL_DIFUSION_CARRERA_SIN_FUENTE,FORMULARIO_CNED_DESCONOCIDO,REVISAR,MEDIA,DUDA_METODOLOGICA,NO_RESOLVER_AUTOMATICAMENTE,INSTRUCTIVO_CNED_Y_DECISION_INSTITUCIONAL,DEPENDE,DEPENDE,Campo de formulario o carga potencial: validar contra instructivo CNED antes de excluir o completar.
45,I162S2C63J4V1,,FORMATO_VALOR,REVISAR_FORMATO_VALOR_SIN_FUENTE,FORMULARIO_CNED_DESCONOCIDO,REVISAR,MEDIA,DUDA_METODOLOGICA,VALIDAR_CON_FINANZAS_ARANCELES,FINANZAS_ARANCELES_INSTITUCIONAL,DEPENDE,DEPENDE,Requiere fuente monetaria explicita; no usar cero ni inferencias.
45,I162S2C63J4V1,,VALOR_MATRICULA_ANUAL,REVISAR_VALOR_MATRICULA_ANUAL_SIN_FUENTE,FORMULARIO_CNED_DESCONOCIDO,REVISAR,MEDIA,DUDA_METODOLOGICA,VALIDAR_CON_FINANZAS_ARANCELES,FINANZAS_ARANCELES_INSTITUCIONAL,DEPENDE,DEPENDE,Requiere fuente monetaria explicita; no usar cero ni inferencias.
45,I162S2C63J4V1,,COSTO_TITULACION,REVISAR_COSTO_TITULACION_SIN_FUENTE,FORMULARIO_CNED_DESCONOCIDO,REVISAR,MEDIA,DUDA_METODOLOGICA,VALIDAR_CON_FINANZAS_ARANCELES,FINANZAS_ARANCELES_INSTITUCIONAL,DEPENDE,DEPENDE,Requiere fuente monetaria explicita; no usar cero ni inferencias.
45,I162S2C63J4V1,,VALOR_CERTIFICADO_DIPLOMA,REVISAR_VALOR_CERTIFICADO_DIPLOMA_SIN_FUENTE,FORMULARIO_CNED_DESCONOCIDO,REVISAR,MEDIA,DUDA_METODOLOGICA,VALIDAR_CON_FINANZAS_ARANCELES,FINANZAS_ARANCELES_INSTITUCIONAL,DEPENDE,DEPENDE,Requiere fuente monetaria explicita; no usar cero ni inferencias.
45,I162S2C63J4V1,,ARANCEL_ANUAL,REVISAR_ARANCEL_ANUAL_SIN_FUENTE,FORMULARIO_CNED_DESCONOCIDO,REVISAR,MEDIA,DUDA_METODOLOGICA,VALIDAR_CON_FINANZAS_ARANCELES,FINANZAS_ARANCELES_INSTITUCIONAL,DEPENDE,DEPENDE,Requiere fuente monetaria explicita; no usar cero ni inferencias.
45,I162S2C63J4V1,,VIGENCIA_CARRERA,REVISAR_VIGENCIA_CARRERA_SIN_FUENTE_DIRECTA,OFICIAL_PROBABLE,REVISAR,ALTA,CAMPO_PENDIENTE_REAL,VALIDAR_CON_REGISTRO_CURRICULAR,REGISTRO_CURRICULAR_OFERTA_OFICIAL,SI,NO,Campo estructural/oficial: no resolver sin fuente institucional.
45,I162S2C63J4V1,,CNED_ESTADO_AUDITORIA,REQUIERE_REVISION,AUXILIAR_TECNICA,REVISION,BAJA,MARCA_TECNICA_REMOVIBLE,EXCLUIR_DE_ARCHIVO_CARGA_SI_ES_AUXILIAR,TRAZABILIDAD_INTERNA_CNED,NO,SI,No debe ir en archivo de carga; conservar en trazabilidad.
45,I162S2C63J4V1,,CNED_ALERTAS,CONTIENE_MARCAS_TECNICAS_DE_REVISION,AUXILIAR_TECNICA,REVISION,BAJA,MARCA_TECNICA_REMOVIBLE,EXCLUIR_DE_ARCHIVO_CARGA_SI_ES_AUXILIAR,TRAZABILIDAD_INTERNA_CNED,NO,SI,No debe ir en archivo de carga; conservar en trazabilidad.
45,I162S2C63J4V1,,CNED_PUEDE_SUBIR_PRELIMINAR,REVISAR,AUXILIAR_TECNICA,REVISAR,BAJA,MARCA_TECNICA_REMOVIBLE,EXCLUIR_DE_ARCHIVO_CARGA_SI_ES_AUXILIAR,TRAZABILIDAD_INTERNA_CNED,NO,SI,No debe ir en archivo de carga; conservar en trazabilidad.
46,I162S2C64J4V1,,Área del Conocimiento,REVISAR_AREA_CODIGO_10,FORMULARIO_CNED_DESCONOCIDO,REVISAR,MEDIA,DUDA_METODOLOGICA,REQUIERE_DECISION_INSTITUCIONAL,AREA_ACADEMICA_O_DUENO_DEL_PROGRAMA,DEPENDE,DEPENDE,Campo de formulario o carga potencial: validar contra instructivo CNED antes de excluir o completar.
46,I162S2C64J4V1,,Sub Área,REVISAR_SUB_AREA_SIN_FUENTE_DIRECTA,FORMULARIO_CNED_DESCONOCIDO,REVISAR,MEDIA,DUDA_METODOLOGICA,REQUIERE_DECISION_INSTITUCIONAL,AREA_ACADEMICA_O_DUENO_DEL_PROGRAMA,DEPENDE,DEPENDE,Campo de formulario o carga potencial: validar contra instructivo CNED antes de excluir o completar.
46,I162S2C64J4V1,,Carrera Genérica,REVISAR_CARRERA_GENERICA_SIN_FUENTE_DIRECTA,FORMULARIO_CNED_DESCONOCIDO,REVISAR,MEDIA,DUDA_METODOLOGICA,REQUIERE_DECISION_INSTITUCIONAL,AREA_ACADEMICA_O_DUENO_DEL_PROGRAMA,DEPENDE,DEPENDE,Campo de formulario o carga potencial: validar contra instructivo CNED antes de excluir o completar.
46,I162S2C64J4V1,,Grado Académico que otorga el programa,REVISAR_GRADO_ACADEMICO_SIN_FUENTE_DIRECTA,FORMULARIO_CNED_DESCONOCIDO,REVISAR,MEDIA,DUDA_METODOLOGICA,NO_RESOLVER_AUTOMATICAMENTE,INSTRUCTIVO_CNED_Y_DECISION_INSTITUCIONAL,DEPENDE,DEPENDE,Campo de formulario o carga potencial: validar contra instructivo CNED antes de excluir o completar.
46,I162S2C64J4V1,,Dependencia,REVISAR_DEPENDENCIA_SIN_FUENTE_DIRECTA,FORMULARIO_CNED_DESCONOCIDO,REVISAR,MEDIA,DUDA_METODOLOGICA,REQUIERE_DECISION_INSTITUCIONAL,AREA_ACADEMICA_O_DUENO_DEL_PROGRAMA,DEPENDE,DEPENDE,Campo de formulario o carga potencial: validar contra instructivo CNED antes de excluir o completar.
46,I162S2C64J4V1,,Régimen,REVISAR_REGIMEN_CODIGO_1,OFICIAL_PROBABLE,REVISAR,ALTA,CAMPO_PENDIENTE_REAL,VALIDAR_CON_REGISTRO_CURRICULAR,REGISTRO_CURRICULAR_OFERTA_OFICIAL,SI,NO,Campo estructural/oficial: no resolver sin fuente institucional.
46,I162S2C64J4V1,,Ingreso Directo,REVISAR_INGRESO_DIRECTO_CODIGO_REQUISITO_INGRESO_2,FORMULARIO_CNED_DESCONOCIDO,REVISAR,MEDIA,DUDA_METODOLOGICA,VALIDAR_CON_AREA_ACADEMICA,AREA_ACADEMICA_O_DUENO_DEL_PROGRAMA,DEPENDE,DEPENDE,Campo de formulario o carga potencial: validar contra instructivo CNED antes de excluir o completar.
46,I162S2C64J4V1,,Otro Tipo de Ingreso,REVISAR_OTRO_TIPO_INGRESO_CODIGO_REQUISITO_INGRESO_2,FORMULARIO_CNED_DESCONOCIDO,REVISAR,MEDIA,DUDA_METODOLOGICA,VALIDAR_CON_AREA_ACADEMICA,AREA_ACADEMICA_O_DUENO_DEL_PROGRAMA,DEPENDE,DEPENDE,Campo de formulario o carga potencial: validar contra instructivo CNED antes de excluir o completar.
46,I162S2C64J4V1,,Ingreso otro,REVISAR_DESCRIPCION_OTRO_INGRESO_SIN_TEXTO_FUENTE,FORMULARIO_CNED_DESCONOCIDO,REVISAR,MEDIA,DUDA_METODOLOGICA,VALIDAR_CON_AREA_ACADEMICA,AREA_ACADEMICA_O_DUENO_DEL_PROGRAMA,DEPENDE,DEPENDE,Campo de formulario o carga potencial: validar contra instructivo CNED antes de excluir o completar.
46,I162S2C64J4V1,,Observaciones,Crear según matriz PROMEDIOSDEALUMNOS_7804.xlsx / hoja matriz; conciliado contra diccionario oferta 2026; no encontrado en listado existente INDICES por CODIGO_UNICO; campos sin fuente directa quedan con revisión específica.,FORMULARIO_CNED_DESCONOCIDO,REVISION,MEDIA,OBSERVACION_INSTITUCIONAL,MANTENER_SOLO_COMO_TRAZABILIDAD,INSTRUCTIVO_CNED_Y_DECISION_INSTITUCIONAL,DEPENDE,DEPENDE,Campo de formulario o carga potencial: validar contra instructivo CNED antes de excluir o completar.
46,I162S2C64J4V1,,FECHA_ADMISION_INICIAL,REVISAR_FECHA_ADMISION_INICIAL_SIN_FUENTE,FORMULARIO_CNED_DESCONOCIDO,REVISAR,MEDIA,DUDA_METODOLOGICA,NO_RESOLVER_AUTOMATICAMENTE,INSTRUCTIVO_CNED_Y_DECISION_INSTITUCIONAL,DEPENDE,DEPENDE,Campo de formulario o carga potencial: validar contra instructivo CNED antes de excluir o completar.
46,I162S2C64J4V1,,MALLA_CURRICULAR,REVISAR_MALLA_CURRICULAR_SIN_FUENTE,FORMULARIO_CNED_DESCONOCIDO,REVISAR,MEDIA,DUDA_METODOLOGICA,VALIDAR_CON_AREA_ACADEMICA,AREA_ACADEMICA_O_DUENO_DEL_PROGRAMA,DEPENDE,DEPENDE,Campo de formulario o carga potencial: validar contra instructivo CNED antes de excluir o completar.
46,I162S2C64J4V1,,PERFIL_EGRESO,REVISAR_PERFIL_EGRESO_SIN_FUENTE,FORMULARIO_CNED_DESCONOCIDO,REVISAR,MEDIA,DUDA_METODOLOGICA,VALIDAR_CON_AREA_ACADEMICA,AREA_ACADEMICA_O_DUENO_DEL_PROGRAMA,DEPENDE,DEPENDE,Campo de formulario o carga potencial: validar contra instructivo CNED antes de excluir o completar.
46,I162S2C64J4V1,,TEXTO_REQUISITO_INGRESO,REVISAR_TEXTO_REQUISITO_INGRESO_SIN_FUENTE,FORMULARIO_CNED_DESCONOCIDO,REVISAR,MEDIA,DUDA_METODOLOGICA,VALIDAR_CON_AREA_ACADEMICA,AREA_ACADEMICA_O_DUENO_DEL_PROGRAMA,DEPENDE,DEPENDE,Campo de formulario o carga potencial: validar contra instructivo CNED antes de excluir o completar.
46,I162S2C64J4V1,,LICENCIA_ENS_MEDIA,REVISAR_LICENCIA_ENS_MEDIA_SIN_FUENTE,FORMULARIO_CNED_DESCONOCIDO,REVISAR,MEDIA,DUDA_METODOLOGICA,VALIDAR_CON_AREA_ACADEMICA,AREA_ACADEMICA_O_DUENO_DEL_PROGRAMA,DEPENDE,DEPENDE,Campo de formulario o carga potencial: validar contra instructivo CNED antes de excluir o completar.
46,I162S2C64J4V1,,NOTAS_ENS_MEDIA,REVISAR_NOTAS_ENS_MEDIA_SIN_FUENTE,FORMULARIO_CNED_DESCONOCIDO,REVISAR,MEDIA,DUDA_METODOLOGICA,VALIDAR_CON_AREA_ACADEMICA,AREA_ACADEMICA_O_DUENO_DEL_PROGRAMA,DEPENDE,DEPENDE,Campo de formulario o carga potencial: validar contra instructivo CNED antes de excluir o completar.
46,I162S2C64J4V1,,PROMEDIO_MIN_ENS_MEDIA,REVISAR_PROMEDIO_MIN_ENS_MEDIA_SIN_FUENTE,FORMULARIO_CNED_DESCONOCIDO,REVISAR,MEDIA,DUDA_METODOLOGICA,NO_RESOLVER_AUTOMATICAMENTE,INSTRUCTIVO_CNED_Y_DECISION_INSTITUCIONAL,DEPENDE,DEPENDE,Campo de formulario o carga potencial: validar contra instructivo CNED antes de excluir o completar.
46,I162S2C64J4V1,,RECONOCIMIENTOS_APREN_PREVIOS,REVISAR_RECONOCIMIENTOS_APREN_PREVIOS_SIN_FUENTE,FORMULARIO_CNED_DESCONOCIDO,REVISAR,MEDIA,DUDA_METODOLOGICA,NO_RESOLVER_AUTOMATICAMENTE,INSTRUCTIVO_CNED_Y_DECISION_INSTITUCIONAL,DEPENDE,DEPENDE,Campo de formulario o carga potencial: validar contra instructivo CNED antes de excluir o completar.
46,I162S2C64J4V1,,EXPERIENCIA_LABORAL,REVISAR_EXPERIENCIA_LABORAL_SIN_FUENTE,FORMULARIO_CNED_DESCONOCIDO,REVISAR,MEDIA,DUDA_METODOLOGICA,VALIDAR_CON_AREA_ACADEMICA,AREA_ACADEMICA_O_DUENO_DEL_PROGRAMA,DEPENDE,DEPENDE,Campo de formulario o carga potencial: validar contra instructivo CNED antes de excluir o completar.
46,I162S2C64J4V1,,OTROS_REQUISITOS,REVISAR_OTROS_REQUISITOS_SIN_FUENTE,FORMULARIO_CNED_DESCONOCIDO,REVISAR,MEDIA,DUDA_METODOLOGICA,VALIDAR_CON_AREA_ACADEMICA,AREA_ACADEMICA_O_DUENO_DEL_PROGRAMA,DEPENDE,DEPENDE,Campo de formulario o carga potencial: validar contra instructivo CNED antes de excluir o completar.
46,I162S2C64J4V1,,MAIL_DIFUSION_CARRERA,REVISAR_MAIL_DIFUSION_CARRERA_SIN_FUENTE,FORMULARIO_CNED_DESCONOCIDO,REVISAR,MEDIA,DUDA_METODOLOGICA,NO_RESOLVER_AUTOMATICAMENTE,INSTRUCTIVO_CNED_Y_DECISION_INSTITUCIONAL,DEPENDE,DEPENDE,Campo de formulario o carga potencial: validar contra instructivo CNED antes de excluir o completar.
46,I162S2C64J4V1,,FORMATO_VALOR,REVISAR_FORMATO_VALOR_SIN_FUENTE,FORMULARIO_CNED_DESCONOCIDO,REVISAR,MEDIA,DUDA_METODOLOGICA,VALIDAR_CON_FINANZAS_ARANCELES,FINANZAS_ARANCELES_INSTITUCIONAL,DEPENDE,DEPENDE,Requiere fuente monetaria explicita; no usar cero ni inferencias.
46,I162S2C64J4V1,,VALOR_MATRICULA_ANUAL,REVISAR_VALOR_MATRICULA_ANUAL_SIN_FUENTE,FORMULARIO_CNED_DESCONOCIDO,REVISAR,MEDIA,DUDA_METODOLOGICA,VALIDAR_CON_FINANZAS_ARANCELES,FINANZAS_ARANCELES_INSTITUCIONAL,DEPENDE,DEPENDE,Requiere fuente monetaria explicita; no usar cero ni inferencias.
46,I162S2C64J4V1,,COSTO_TITULACION,REVISAR_COSTO_TITULACION_SIN_FUENTE,FORMULARIO_CNED_DESCONOCIDO,REVISAR,MEDIA,DUDA_METODOLOGICA,VALIDAR_CON_FINANZAS_ARANCELES,FINANZAS_ARANCELES_INSTITUCIONAL,DEPENDE,DEPENDE,Requiere fuente monetaria explicita; no usar cero ni inferencias.
46,I162S2C64J4V1,,VALOR_CERTIFICADO_DIPLOMA,REVISAR_VALOR_CERTIFICADO_DIPLOMA_SIN_FUENTE,FORMULARIO_CNED_DESCONOCIDO,REVISAR,MEDIA,DUDA_METODOLOGICA,VALIDAR_CON_FINANZAS_ARANCELES,FINANZAS_ARANCELES_INSTITUCIONAL,DEPENDE,DEPENDE,Requiere fuente monetaria explicita; no usar cero ni inferencias.
46,I162S2C64J4V1,,ARANCEL_ANUAL,REVISAR_ARANCEL_ANUAL_SIN_FUENTE,FORMULARIO_CNED_DESCONOCIDO,REVISAR,MEDIA,DUDA_METODOLOGICA,VALIDAR_CON_FINANZAS_ARANCELES,FINANZAS_ARANCELES_INSTITUCIONAL,DEPENDE,DEPENDE,Requiere fuente monetaria explicita; no usar cero ni inferencias.
46,I162S2C64J4V1,,VIGENCIA_CARRERA,REVISAR_VIGENCIA_CARRERA_SIN_FUENTE_DIRECTA,OFICIAL_PROBABLE,REVISAR,ALTA,CAMPO_PENDIENTE_REAL,VALIDAR_CON_REGISTRO_CURRICULAR,REGISTRO_CURRICULAR_OFERTA_OFICIAL,SI,NO,Campo estructural/oficial: no resolver sin fuente institucional.
46,I162S2C64J4V1,,CNED_ESTADO_AUDITORIA,REQUIERE_REVISION,AUXILIAR_TECNICA,REVISION,BAJA,MARCA_TECNICA_REMOVIBLE,EXCLUIR_DE_ARCHIVO_CARGA_SI_ES_AUXILIAR,TRAZABILIDAD_INTERNA_CNED,NO,SI,No debe ir en archivo de carga; conservar en trazabilidad.
46,I162S2C64J4V1,,CNED_ALERTAS,CONTIENE_MARCAS_TECNICAS_DE_REVISION,AUXILIAR_TECNICA,REVISION,BAJA,MARCA_TECNICA_REMOVIBLE,EXCLUIR_DE_ARCHIVO_CARGA_SI_ES_AUXILIAR,TRAZABILIDAD_INTERNA_CNED,NO,SI,No debe ir en archivo de carga; conservar en trazabilidad.
46,I162S2C64J4V1,,CNED_PUEDE_SUBIR_PRELIMINAR,REVISAR,AUXILIAR_TECNICA,REVISAR,BAJA,MARCA_TECNICA_REMOVIBLE,EXCLUIR_DE_ARCHIVO_CARGA_SI_ES_AUXILIAR,TRAZABILIDAD_INTERNA_CNED,NO,SI,No debe ir en archivo de carga; conservar en trazabilidad.
47,I162S2C65J4V1,,Área del Conocimiento,REVISAR_AREA_CODIGO_10,FORMULARIO_CNED_DESCONOCIDO,REVISAR,MEDIA,DUDA_METODOLOGICA,REQUIERE_DECISION_INSTITUCIONAL,AREA_ACADEMICA_O_DUENO_DEL_PROGRAMA,DEPENDE,DEPENDE,Campo de formulario o carga potencial: validar contra instructivo CNED antes de excluir o completar.
47,I162S2C65J4V1,,Sub Área,REVISAR_SUB_AREA_SIN_FUENTE_DIRECTA,FORMULARIO_CNED_DESCONOCIDO,REVISAR,MEDIA,DUDA_METODOLOGICA,REQUIERE_DECISION_INSTITUCIONAL,AREA_ACADEMICA_O_DUENO_DEL_PROGRAMA,DEPENDE,DEPENDE,Campo de formulario o carga potencial: validar contra instructivo CNED antes de excluir o completar.
47,I162S2C65J4V1,,Carrera Genérica,REVISAR_CARRERA_GENERICA_SIN_FUENTE_DIRECTA,FORMULARIO_CNED_DESCONOCIDO,REVISAR,MEDIA,DUDA_METODOLOGICA,REQUIERE_DECISION_INSTITUCIONAL,AREA_ACADEMICA_O_DUENO_DEL_PROGRAMA,DEPENDE,DEPENDE,Campo de formulario o carga potencial: validar contra instructivo CNED antes de excluir o completar.
47,I162S2C65J4V1,,Grado Académico que otorga el programa,REVISAR_GRADO_ACADEMICO_SIN_FUENTE_DIRECTA,FORMULARIO_CNED_DESCONOCIDO,REVISAR,MEDIA,DUDA_METODOLOGICA,NO_RESOLVER_AUTOMATICAMENTE,INSTRUCTIVO_CNED_Y_DECISION_INSTITUCIONAL,DEPENDE,DEPENDE,Campo de formulario o carga potencial: validar contra instructivo CNED antes de excluir o completar.
47,I162S2C65J4V1,,Dependencia,REVISAR_DEPENDENCIA_SIN_FUENTE_DIRECTA,FORMULARIO_CNED_DESCONOCIDO,REVISAR,MEDIA,DUDA_METODOLOGICA,REQUIERE_DECISION_INSTITUCIONAL,AREA_ACADEMICA_O_DUENO_DEL_PROGRAMA,DEPENDE,DEPENDE,Campo de formulario o carga potencial: validar contra instructivo CNED antes de excluir o completar.
47,I162S2C65J4V1,,Régimen,REVISAR_REGIMEN_CODIGO_1,OFICIAL_PROBABLE,REVISAR,ALTA,CAMPO_PENDIENTE_REAL,VALIDAR_CON_REGISTRO_CURRICULAR,REGISTRO_CURRICULAR_OFERTA_OFICIAL,SI,NO,Campo estructural/oficial: no resolver sin fuente institucional.
47,I162S2C65J4V1,,Ingreso Directo,REVISAR_INGRESO_DIRECTO_CODIGO_REQUISITO_INGRESO_2,FORMULARIO_CNED_DESCONOCIDO,REVISAR,MEDIA,DUDA_METODOLOGICA,VALIDAR_CON_AREA_ACADEMICA,AREA_ACADEMICA_O_DUENO_DEL_PROGRAMA,DEPENDE,DEPENDE,Campo de formulario o carga potencial: validar contra instructivo CNED antes de excluir o completar.
47,I162S2C65J4V1,,Otro Tipo de Ingreso,REVISAR_OTRO_TIPO_INGRESO_CODIGO_REQUISITO_INGRESO_2,FORMULARIO_CNED_DESCONOCIDO,REVISAR,MEDIA,DUDA_METODOLOGICA,VALIDAR_CON_AREA_ACADEMICA,AREA_ACADEMICA_O_DUENO_DEL_PROGRAMA,DEPENDE,DEPENDE,Campo de formulario o carga potencial: validar contra instructivo CNED antes de excluir o completar.
47,I162S2C65J4V1,,Ingreso otro,REVISAR_DESCRIPCION_OTRO_INGRESO_SIN_TEXTO_FUENTE,FORMULARIO_CNED_DESCONOCIDO,REVISAR,MEDIA,DUDA_METODOLOGICA,VALIDAR_CON_AREA_ACADEMICA,AREA_ACADEMICA_O_DUENO_DEL_PROGRAMA,DEPENDE,DEPENDE,Campo de formulario o carga potencial: validar contra instructivo CNED antes de excluir o completar.
47,I162S2C65J4V1,,Observaciones,Crear según matriz PROMEDIOSDEALUMNOS_7804.xlsx / hoja matriz; conciliado contra diccionario oferta 2026; no encontrado en listado existente INDICES por CODIGO_UNICO; campos sin fuente directa quedan con revisión específica.,FORMULARIO_CNED_DESCONOCIDO,REVISION,MEDIA,OBSERVACION_INSTITUCIONAL,MANTENER_SOLO_COMO_TRAZABILIDAD,INSTRUCTIVO_CNED_Y_DECISION_INSTITUCIONAL,DEPENDE,DEPENDE,Campo de formulario o carga potencial: validar contra instructivo CNED antes de excluir o completar.
47,I162S2C65J4V1,,FECHA_ADMISION_INICIAL,REVISAR_FECHA_ADMISION_INICIAL_SIN_FUENTE,FORMULARIO_CNED_DESCONOCIDO,REVISAR,MEDIA,DUDA_METODOLOGICA,NO_RESOLVER_AUTOMATICAMENTE,INSTRUCTIVO_CNED_Y_DECISION_INSTITUCIONAL,DEPENDE,DEPENDE,Campo de formulario o carga potencial: validar contra instructivo CNED antes de excluir o completar.
47,I162S2C65J4V1,,MALLA_CURRICULAR,REVISAR_MALLA_CURRICULAR_SIN_FUENTE,FORMULARIO_CNED_DESCONOCIDO,REVISAR,MEDIA,DUDA_METODOLOGICA,VALIDAR_CON_AREA_ACADEMICA,AREA_ACADEMICA_O_DUENO_DEL_PROGRAMA,DEPENDE,DEPENDE,Campo de formulario o carga potencial: validar contra instructivo CNED antes de excluir o completar.
47,I162S2C65J4V1,,PERFIL_EGRESO,REVISAR_PERFIL_EGRESO_SIN_FUENTE,FORMULARIO_CNED_DESCONOCIDO,REVISAR,MEDIA,DUDA_METODOLOGICA,VALIDAR_CON_AREA_ACADEMICA,AREA_ACADEMICA_O_DUENO_DEL_PROGRAMA,DEPENDE,DEPENDE,Campo de formulario o carga potencial: validar contra instructivo CNED antes de excluir o completar.
47,I162S2C65J4V1,,TEXTO_REQUISITO_INGRESO,REVISAR_TEXTO_REQUISITO_INGRESO_SIN_FUENTE,FORMULARIO_CNED_DESCONOCIDO,REVISAR,MEDIA,DUDA_METODOLOGICA,VALIDAR_CON_AREA_ACADEMICA,AREA_ACADEMICA_O_DUENO_DEL_PROGRAMA,DEPENDE,DEPENDE,Campo de formulario o carga potencial: validar contra instructivo CNED antes de excluir o completar.
47,I162S2C65J4V1,,LICENCIA_ENS_MEDIA,REVISAR_LICENCIA_ENS_MEDIA_SIN_FUENTE,FORMULARIO_CNED_DESCONOCIDO,REVISAR,MEDIA,DUDA_METODOLOGICA,VALIDAR_CON_AREA_ACADEMICA,AREA_ACADEMICA_O_DUENO_DEL_PROGRAMA,DEPENDE,DEPENDE,Campo de formulario o carga potencial: validar contra instructivo CNED antes de excluir o completar.
47,I162S2C65J4V1,,NOTAS_ENS_MEDIA,REVISAR_NOTAS_ENS_MEDIA_SIN_FUENTE,FORMULARIO_CNED_DESCONOCIDO,REVISAR,MEDIA,DUDA_METODOLOGICA,VALIDAR_CON_AREA_ACADEMICA,AREA_ACADEMICA_O_DUENO_DEL_PROGRAMA,DEPENDE,DEPENDE,Campo de formulario o carga potencial: validar contra instructivo CNED antes de excluir o completar.
47,I162S2C65J4V1,,PROMEDIO_MIN_ENS_MEDIA,REVISAR_PROMEDIO_MIN_ENS_MEDIA_SIN_FUENTE,FORMULARIO_CNED_DESCONOCIDO,REVISAR,MEDIA,DUDA_METODOLOGICA,NO_RESOLVER_AUTOMATICAMENTE,INSTRUCTIVO_CNED_Y_DECISION_INSTITUCIONAL,DEPENDE,DEPENDE,Campo de formulario o carga potencial: validar contra instructivo CNED antes de excluir o completar.
47,I162S2C65J4V1,,RECONOCIMIENTOS_APREN_PREVIOS,REVISAR_RECONOCIMIENTOS_APREN_PREVIOS_SIN_FUENTE,FORMULARIO_CNED_DESCONOCIDO,REVISAR,MEDIA,DUDA_METODOLOGICA,NO_RESOLVER_AUTOMATICAMENTE,INSTRUCTIVO_CNED_Y_DECISION_INSTITUCIONAL,DEPENDE,DEPENDE,Campo de formulario o carga potencial: validar contra instructivo CNED antes de excluir o completar.
47,I162S2C65J4V1,,EXPERIENCIA_LABORAL,REVISAR_EXPERIENCIA_LABORAL_SIN_FUENTE,FORMULARIO_CNED_DESCONOCIDO,REVISAR,MEDIA,DUDA_METODOLOGICA,VALIDAR_CON_AREA_ACADEMICA,AREA_ACADEMICA_O_DUENO_DEL_PROGRAMA,DEPENDE,DEPENDE,Campo de formulario o carga potencial: validar contra instructivo CNED antes de excluir o completar.
47,I162S2C65J4V1,,OTROS_REQUISITOS,REVISAR_OTROS_REQUISITOS_SIN_FUENTE,FORMULARIO_CNED_DESCONOCIDO,REVISAR,MEDIA,DUDA_METODOLOGICA,VALIDAR_CON_AREA_ACADEMICA,AREA_ACADEMICA_O_DUENO_DEL_PROGRAMA,DEPENDE,DEPENDE,Campo de formulario o carga potencial: validar contra instructivo CNED antes de excluir o completar.
47,I162S2C65J4V1,,MAIL_DIFUSION_CARRERA,REVISAR_MAIL_DIFUSION_CARRERA_SIN_FUENTE,FORMULARIO_CNED_DESCONOCIDO,REVISAR,MEDIA,DUDA_METODOLOGICA,NO_RESOLVER_AUTOMATICAMENTE,INSTRUCTIVO_CNED_Y_DECISION_INSTITUCIONAL,DEPENDE,DEPENDE,Campo de formulario o carga potencial: validar contra instructivo CNED antes de excluir o completar.
47,I162S2C65J4V1,,FORMATO_VALOR,REVISAR_FORMATO_VALOR_SIN_FUENTE,FORMULARIO_CNED_DESCONOCIDO,REVISAR,MEDIA,DUDA_METODOLOGICA,VALIDAR_CON_FINANZAS_ARANCELES,FINANZAS_ARANCELES_INSTITUCIONAL,DEPENDE,DEPENDE,Requiere fuente monetaria explicita; no usar cero ni inferencias.
47,I162S2C65J4V1,,VALOR_MATRICULA_ANUAL,REVISAR_VALOR_MATRICULA_ANUAL_SIN_FUENTE,FORMULARIO_CNED_DESCONOCIDO,REVISAR,MEDIA,DUDA_METODOLOGICA,VALIDAR_CON_FINANZAS_ARANCELES,FINANZAS_ARANCELES_INSTITUCIONAL,DEPENDE,DEPENDE,Requiere fuente monetaria explicita; no usar cero ni inferencias.
47,I162S2C65J4V1,,COSTO_TITULACION,REVISAR_COSTO_TITULACION_SIN_FUENTE,FORMULARIO_CNED_DESCONOCIDO,REVISAR,MEDIA,DUDA_METODOLOGICA,VALIDAR_CON_FINANZAS_ARANCELES,FINANZAS_ARANCELES_INSTITUCIONAL,DEPENDE,DEPENDE,Requiere fuente monetaria explicita; no usar cero ni inferencias.
47,I162S2C65J4V1,,VALOR_CERTIFICADO_DIPLOMA,REVISAR_VALOR_CERTIFICADO_DIPLOMA_SIN_FUENTE,FORMULARIO_CNED_DESCONOCIDO,REVISAR,MEDIA,DUDA_METODOLOGICA,VALIDAR_CON_FINANZAS_ARANCELES,FINANZAS_ARANCELES_INSTITUCIONAL,DEPENDE,DEPENDE,Requiere fuente monetaria explicita; no usar cero ni inferencias.
47,I162S2C65J4V1,,ARANCEL_ANUAL,REVISAR_ARANCEL_ANUAL_SIN_FUENTE,FORMULARIO_CNED_DESCONOCIDO,REVISAR,MEDIA,DUDA_METODOLOGICA,VALIDAR_CON_FINANZAS_ARANCELES,FINANZAS_ARANCELES_INSTITUCIONAL,DEPENDE,DEPENDE,Requiere fuente monetaria explicita; no usar cero ni inferencias.
47,I162S2C65J4V1,,VIGENCIA_CARRERA,REVISAR_VIGENCIA_CARRERA_SIN_FUENTE_DIRECTA,OFICIAL_PROBABLE,REVISAR,ALTA,CAMPO_PENDIENTE_REAL,VALIDAR_CON_REGISTRO_CURRICULAR,REGISTRO_CURRICULAR_OFERTA_OFICIAL,SI,NO,Campo estructural/oficial: no resolver sin fuente institucional.
47,I162S2C65J4V1,,CNED_ESTADO_AUDITORIA,REQUIERE_REVISION,AUXILIAR_TECNICA,REVISION,BAJA,MARCA_TECNICA_REMOVIBLE,EXCLUIR_DE_ARCHIVO_CARGA_SI_ES_AUXILIAR,TRAZABILIDAD_INTERNA_CNED,NO,SI,No debe ir en archivo de carga; conservar en trazabilidad.
47,I162S2C65J4V1,,CNED_ALERTAS,CONTIENE_MARCAS_TECNICAS_DE_REVISION,AUXILIAR_TECNICA,REVISION,BAJA,MARCA_TECNICA_REMOVIBLE,EXCLUIR_DE_ARCHIVO_CARGA_SI_ES_AUXILIAR,TRAZABILIDAD_INTERNA_CNED,NO,SI,No debe ir en archivo de carga; conservar en trazabilidad.
47,I162S2C65J4V1,,CNED_PUEDE_SUBIR_PRELIMINAR,REVISAR,AUXILIAR_TECNICA,REVISAR,BAJA,MARCA_TECNICA_REMOVIBLE,EXCLUIR_DE_ARCHIVO_CARGA_SI_ES_AUXILIAR,TRAZABILIDAD_INTERNA_CNED,NO,SI,No debe ir en archivo de carga; conservar en trazabilidad.
48,I162S2C66J4V1,,Área del Conocimiento,REVISAR_AREA_CODIGO_10,FORMULARIO_CNED_DESCONOCIDO,REVISAR,MEDIA,DUDA_METODOLOGICA,REQUIERE_DECISION_INSTITUCIONAL,AREA_ACADEMICA_O_DUENO_DEL_PROGRAMA,DEPENDE,DEPENDE,Campo de formulario o carga potencial: validar contra instructivo CNED antes de excluir o completar.
48,I162S2C66J4V1,,Sub Área,REVISAR_SUB_AREA_SIN_FUENTE_DIRECTA,FORMULARIO_CNED_DESCONOCIDO,REVISAR,MEDIA,DUDA_METODOLOGICA,REQUIERE_DECISION_INSTITUCIONAL,AREA_ACADEMICA_O_DUENO_DEL_PROGRAMA,DEPENDE,DEPENDE,Campo de formulario o carga potencial: validar contra instructivo CNED antes de excluir o completar.
48,I162S2C66J4V1,,Carrera Genérica,REVISAR_CARRERA_GENERICA_SIN_FUENTE_DIRECTA,FORMULARIO_CNED_DESCONOCIDO,REVISAR,MEDIA,DUDA_METODOLOGICA,REQUIERE_DECISION_INSTITUCIONAL,AREA_ACADEMICA_O_DUENO_DEL_PROGRAMA,DEPENDE,DEPENDE,Campo de formulario o carga potencial: validar contra instructivo CNED antes de excluir o completar.
48,I162S2C66J4V1,,Grado Académico que otorga el programa,REVISAR_GRADO_ACADEMICO_SIN_FUENTE_DIRECTA,FORMULARIO_CNED_DESCONOCIDO,REVISAR,MEDIA,DUDA_METODOLOGICA,NO_RESOLVER_AUTOMATICAMENTE,INSTRUCTIVO_CNED_Y_DECISION_INSTITUCIONAL,DEPENDE,DEPENDE,Campo de formulario o carga potencial: validar contra instructivo CNED antes de excluir o completar.
48,I162S2C66J4V1,,Dependencia,REVISAR_DEPENDENCIA_SIN_FUENTE_DIRECTA,FORMULARIO_CNED_DESCONOCIDO,REVISAR,MEDIA,DUDA_METODOLOGICA,REQUIERE_DECISION_INSTITUCIONAL,AREA_ACADEMICA_O_DUENO_DEL_PROGRAMA,DEPENDE,DEPENDE,Campo de formulario o carga potencial: validar contra instructivo CNED antes de excluir o completar.
48,I162S2C66J4V1,,Régimen,REVISAR_REGIMEN_CODIGO_1,OFICIAL_PROBABLE,REVISAR,ALTA,CAMPO_PENDIENTE_REAL,VALIDAR_CON_REGISTRO_CURRICULAR,REGISTRO_CURRICULAR_OFERTA_OFICIAL,SI,NO,Campo estructural/oficial: no resolver sin fuente institucional.
48,I162S2C66J4V1,,Ingreso Directo,REVISAR_INGRESO_DIRECTO_CODIGO_REQUISITO_INGRESO_2,FORMULARIO_CNED_DESCONOCIDO,REVISAR,MEDIA,DUDA_METODOLOGICA,VALIDAR_CON_AREA_ACADEMICA,AREA_ACADEMICA_O_DUENO_DEL_PROGRAMA,DEPENDE,DEPENDE,Campo de formulario o carga potencial: validar contra instructivo CNED antes de excluir o completar.
48,I162S2C66J4V1,,Otro Tipo de Ingreso,REVISAR_OTRO_TIPO_INGRESO_CODIGO_REQUISITO_INGRESO_2,FORMULARIO_CNED_DESCONOCIDO,REVISAR,MEDIA,DUDA_METODOLOGICA,VALIDAR_CON_AREA_ACADEMICA,AREA_ACADEMICA_O_DUENO_DEL_PROGRAMA,DEPENDE,DEPENDE,Campo de formulario o carga potencial: validar contra instructivo CNED antes de excluir o completar.
48,I162S2C66J4V1,,Ingreso otro,REVISAR_DESCRIPCION_OTRO_INGRESO_SIN_TEXTO_FUENTE,FORMULARIO_CNED_DESCONOCIDO,REVISAR,MEDIA,DUDA_METODOLOGICA,VALIDAR_CON_AREA_ACADEMICA,AREA_ACADEMICA_O_DUENO_DEL_PROGRAMA,DEPENDE,DEPENDE,Campo de formulario o carga potencial: validar contra instructivo CNED antes de excluir o completar.
48,I162S2C66J4V1,,Observaciones,Crear según matriz PROMEDIOSDEALUMNOS_7804.xlsx / hoja matriz; conciliado contra diccionario oferta 2026; no encontrado en listado existente INDICES por CODIGO_UNICO; campos sin fuente directa quedan con revisión específica.,FORMULARIO_CNED_DESCONOCIDO,REVISION,MEDIA,OBSERVACION_INSTITUCIONAL,MANTENER_SOLO_COMO_TRAZABILIDAD,INSTRUCTIVO_CNED_Y_DECISION_INSTITUCIONAL,DEPENDE,DEPENDE,Campo de formulario o carga potencial: validar contra instructivo CNED antes de excluir o completar.
48,I162S2C66J4V1,,FECHA_ADMISION_INICIAL,REVISAR_FECHA_ADMISION_INICIAL_SIN_FUENTE,FORMULARIO_CNED_DESCONOCIDO,REVISAR,MEDIA,DUDA_METODOLOGICA,NO_RESOLVER_AUTOMATICAMENTE,INSTRUCTIVO_CNED_Y_DECISION_INSTITUCIONAL,DEPENDE,DEPENDE,Campo de formulario o carga potencial: validar contra instructivo CNED antes de excluir o completar.
48,I162S2C66J4V1,,MALLA_CURRICULAR,REVISAR_MALLA_CURRICULAR_SIN_FUENTE,FORMULARIO_CNED_DESCONOCIDO,REVISAR,MEDIA,DUDA_METODOLOGICA,VALIDAR_CON_AREA_ACADEMICA,AREA_ACADEMICA_O_DUENO_DEL_PROGRAMA,DEPENDE,DEPENDE,Campo de formulario o carga potencial: validar contra instructivo CNED antes de excluir o completar.
48,I162S2C66J4V1,,PERFIL_EGRESO,REVISAR_PERFIL_EGRESO_SIN_FUENTE,FORMULARIO_CNED_DESCONOCIDO,REVISAR,MEDIA,DUDA_METODOLOGICA,VALIDAR_CON_AREA_ACADEMICA,AREA_ACADEMICA_O_DUENO_DEL_PROGRAMA,DEPENDE,DEPENDE,Campo de formulario o carga potencial: validar contra instructivo CNED antes de excluir o completar.
48,I162S2C66J4V1,,TEXTO_REQUISITO_INGRESO,REVISAR_TEXTO_REQUISITO_INGRESO_SIN_FUENTE,FORMULARIO_CNED_DESCONOCIDO,REVISAR,MEDIA,DUDA_METODOLOGICA,VALIDAR_CON_AREA_ACADEMICA,AREA_ACADEMICA_O_DUENO_DEL_PROGRAMA,DEPENDE,DEPENDE,Campo de formulario o carga potencial: validar contra instructivo CNED antes de excluir o completar.
48,I162S2C66J4V1,,LICENCIA_ENS_MEDIA,REVISAR_LICENCIA_ENS_MEDIA_SIN_FUENTE,FORMULARIO_CNED_DESCONOCIDO,REVISAR,MEDIA,DUDA_METODOLOGICA,VALIDAR_CON_AREA_ACADEMICA,AREA_ACADEMICA_O_DUENO_DEL_PROGRAMA,DEPENDE,DEPENDE,Campo de formulario o carga potencial: validar contra instructivo CNED antes de excluir o completar.
48,I162S2C66J4V1,,NOTAS_ENS_MEDIA,REVISAR_NOTAS_ENS_MEDIA_SIN_FUENTE,FORMULARIO_CNED_DESCONOCIDO,REVISAR,MEDIA,DUDA_METODOLOGICA,VALIDAR_CON_AREA_ACADEMICA,AREA_ACADEMICA_O_DUENO_DEL_PROGRAMA,DEPENDE,DEPENDE,Campo de formulario o carga potencial: validar contra instructivo CNED antes de excluir o completar.
48,I162S2C66J4V1,,PROMEDIO_MIN_ENS_MEDIA,REVISAR_PROMEDIO_MIN_ENS_MEDIA_SIN_FUENTE,FORMULARIO_CNED_DESCONOCIDO,REVISAR,MEDIA,DUDA_METODOLOGICA,NO_RESOLVER_AUTOMATICAMENTE,INSTRUCTIVO_CNED_Y_DECISION_INSTITUCIONAL,DEPENDE,DEPENDE,Campo de formulario o carga potencial: validar contra instructivo CNED antes de excluir o completar.
48,I162S2C66J4V1,,RECONOCIMIENTOS_APREN_PREVIOS,REVISAR_RECONOCIMIENTOS_APREN_PREVIOS_SIN_FUENTE,FORMULARIO_CNED_DESCONOCIDO,REVISAR,MEDIA,DUDA_METODOLOGICA,NO_RESOLVER_AUTOMATICAMENTE,INSTRUCTIVO_CNED_Y_DECISION_INSTITUCIONAL,DEPENDE,DEPENDE,Campo de formulario o carga potencial: validar contra instructivo CNED antes de excluir o completar.
48,I162S2C66J4V1,,EXPERIENCIA_LABORAL,REVISAR_EXPERIENCIA_LABORAL_SIN_FUENTE,FORMULARIO_CNED_DESCONOCIDO,REVISAR,MEDIA,DUDA_METODOLOGICA,VALIDAR_CON_AREA_ACADEMICA,AREA_ACADEMICA_O_DUENO_DEL_PROGRAMA,DEPENDE,DEPENDE,Campo de formulario o carga potencial: validar contra instructivo CNED antes de excluir o completar.
48,I162S2C66J4V1,,OTROS_REQUISITOS,REVISAR_OTROS_REQUISITOS_SIN_FUENTE,FORMULARIO_CNED_DESCONOCIDO,REVISAR,MEDIA,DUDA_METODOLOGICA,VALIDAR_CON_AREA_ACADEMICA,AREA_ACADEMICA_O_DUENO_DEL_PROGRAMA,DEPENDE,DEPENDE,Campo de formulario o carga potencial: validar contra instructivo CNED antes de excluir o completar.
48,I162S2C66J4V1,,MAIL_DIFUSION_CARRERA,REVISAR_MAIL_DIFUSION_CARRERA_SIN_FUENTE,FORMULARIO_CNED_DESCONOCIDO,REVISAR,MEDIA,DUDA_METODOLOGICA,NO_RESOLVER_AUTOMATICAMENTE,INSTRUCTIVO_CNED_Y_DECISION_INSTITUCIONAL,DEPENDE,DEPENDE,Campo de formulario o carga potencial: validar contra instructivo CNED antes de excluir o completar.
48,I162S2C66J4V1,,FORMATO_VALOR,REVISAR_FORMATO_VALOR_SIN_FUENTE,FORMULARIO_CNED_DESCONOCIDO,REVISAR,MEDIA,DUDA_METODOLOGICA,VALIDAR_CON_FINANZAS_ARANCELES,FINANZAS_ARANCELES_INSTITUCIONAL,DEPENDE,DEPENDE,Requiere fuente monetaria explicita; no usar cero ni inferencias.
48,I162S2C66J4V1,,VALOR_MATRICULA_ANUAL,REVISAR_VALOR_MATRICULA_ANUAL_SIN_FUENTE,FORMULARIO_CNED_DESCONOCIDO,REVISAR,MEDIA,DUDA_METODOLOGICA,VALIDAR_CON_FINANZAS_ARANCELES,FINANZAS_ARANCELES_INSTITUCIONAL,DEPENDE,DEPENDE,Requiere fuente monetaria explicita; no usar cero ni inferencias.
48,I162S2C66J4V1,,COSTO_TITULACION,REVISAR_COSTO_TITULACION_SIN_FUENTE,FORMULARIO_CNED_DESCONOCIDO,REVISAR,MEDIA,DUDA_METODOLOGICA,VALIDAR_CON_FINANZAS_ARANCELES,FINANZAS_ARANCELES_INSTITUCIONAL,DEPENDE,DEPENDE,Requiere fuente monetaria explicita; no usar cero ni inferencias.
48,I162S2C66J4V1,,VALOR_CERTIFICADO_DIPLOMA,REVISAR_VALOR_CERTIFICADO_DIPLOMA_SIN_FUENTE,FORMULARIO_CNED_DESCONOCIDO,REVISAR,MEDIA,DUDA_METODOLOGICA,VALIDAR_CON_FINANZAS_ARANCELES,FINANZAS_ARANCELES_INSTITUCIONAL,DEPENDE,DEPENDE,Requiere fuente monetaria explicita; no usar cero ni inferencias.
48,I162S2C66J4V1,,ARANCEL_ANUAL,REVISAR_ARANCEL_ANUAL_SIN_FUENTE,FORMULARIO_CNED_DESCONOCIDO,REVISAR,MEDIA,DUDA_METODOLOGICA,VALIDAR_CON_FINANZAS_ARANCELES,FINANZAS_ARANCELES_INSTITUCIONAL,DEPENDE,DEPENDE,Requiere fuente monetaria explicita; no usar cero ni inferencias.
48,I162S2C66J4V1,,VIGENCIA_CARRERA,REVISAR_VIGENCIA_CARRERA_SIN_FUENTE_DIRECTA,OFICIAL_PROBABLE,REVISAR,ALTA,CAMPO_PENDIENTE_REAL,VALIDAR_CON_REGISTRO_CURRICULAR,REGISTRO_CURRICULAR_OFERTA_OFICIAL,SI,NO,Campo estructural/oficial: no resolver sin fuente institucional.
48,I162S2C66J4V1,,CNED_ESTADO_AUDITORIA,REQUIERE_REVISION,AUXILIAR_TECNICA,REVISION,BAJA,MARCA_TECNICA_REMOVIBLE,EXCLUIR_DE_ARCHIVO_CARGA_SI_ES_AUXILIAR,TRAZABILIDAD_INTERNA_CNED,NO,SI,No debe ir en archivo de carga; conservar en trazabilidad.
48,I162S2C66J4V1,,CNED_ALERTAS,CONTIENE_MARCAS_TECNICAS_DE_REVISION,AUXILIAR_TECNICA,REVISION,BAJA,MARCA_TECNICA_REMOVIBLE,EXCLUIR_DE_ARCHIVO_CARGA_SI_ES_AUXILIAR,TRAZABILIDAD_INTERNA_CNED,NO,SI,No debe ir en archivo de carga; conservar en trazabilidad.
48,I162S2C66J4V1,,CNED_PUEDE_SUBIR_PRELIMINAR,REVISAR,AUXILIAR_TECNICA,REVISAR,BAJA,MARCA_TECNICA_REMOVIBLE,EXCLUIR_DE_ARCHIVO_CARGA_SI_ES_AUXILIAR,TRAZABILIDAD_INTERNA_CNED,NO,SI,No debe ir en archivo de carga; conservar en trazabilidad.
49,I162S2C67J4V1,,Área del Conocimiento,REVISAR_AREA_CODIGO_1,FORMULARIO_CNED_DESCONOCIDO,REVISAR,MEDIA,DUDA_METODOLOGICA,REQUIERE_DECISION_INSTITUCIONAL,AREA_ACADEMICA_O_DUENO_DEL_PROGRAMA,DEPENDE,DEPENDE,Campo de formulario o carga potencial: validar contra instructivo CNED antes de excluir o completar.
49,I162S2C67J4V1,,Sub Área,REVISAR_SUB_AREA_SIN_FUENTE_DIRECTA,FORMULARIO_CNED_DESCONOCIDO,REVISAR,MEDIA,DUDA_METODOLOGICA,REQUIERE_DECISION_INSTITUCIONAL,AREA_ACADEMICA_O_DUENO_DEL_PROGRAMA,DEPENDE,DEPENDE,Campo de formulario o carga potencial: validar contra instructivo CNED antes de excluir o completar.
49,I162S2C67J4V1,,Carrera Genérica,REVISAR_CARRERA_GENERICA_SIN_FUENTE_DIRECTA,FORMULARIO_CNED_DESCONOCIDO,REVISAR,MEDIA,DUDA_METODOLOGICA,REQUIERE_DECISION_INSTITUCIONAL,AREA_ACADEMICA_O_DUENO_DEL_PROGRAMA,DEPENDE,DEPENDE,Campo de formulario o carga potencial: validar contra instructivo CNED antes de excluir o completar.
49,I162S2C67J4V1,,Grado Académico que otorga el programa,REVISAR_GRADO_ACADEMICO_SIN_FUENTE_DIRECTA,FORMULARIO_CNED_DESCONOCIDO,REVISAR,MEDIA,DUDA_METODOLOGICA,NO_RESOLVER_AUTOMATICAMENTE,INSTRUCTIVO_CNED_Y_DECISION_INSTITUCIONAL,DEPENDE,DEPENDE,Campo de formulario o carga potencial: validar contra instructivo CNED antes de excluir o completar.
49,I162S2C67J4V1,,Dependencia,REVISAR_DEPENDENCIA_SIN_FUENTE_DIRECTA,FORMULARIO_CNED_DESCONOCIDO,REVISAR,MEDIA,DUDA_METODOLOGICA,REQUIERE_DECISION_INSTITUCIONAL,AREA_ACADEMICA_O_DUENO_DEL_PROGRAMA,DEPENDE,DEPENDE,Campo de formulario o carga potencial: validar contra instructivo CNED antes de excluir o completar.
49,I162S2C67J4V1,,Régimen,REVISAR_REGIMEN_CODIGO_1,OFICIAL_PROBABLE,REVISAR,ALTA,CAMPO_PENDIENTE_REAL,VALIDAR_CON_REGISTRO_CURRICULAR,REGISTRO_CURRICULAR_OFERTA_OFICIAL,SI,NO,Campo estructural/oficial: no resolver sin fuente institucional.
49,I162S2C67J4V1,,Ingreso Directo,REVISAR_INGRESO_DIRECTO_CODIGO_REQUISITO_INGRESO_2,FORMULARIO_CNED_DESCONOCIDO,REVISAR,MEDIA,DUDA_METODOLOGICA,VALIDAR_CON_AREA_ACADEMICA,AREA_ACADEMICA_O_DUENO_DEL_PROGRAMA,DEPENDE,DEPENDE,Campo de formulario o carga potencial: validar contra instructivo CNED antes de excluir o completar.
49,I162S2C67J4V1,,Otro Tipo de Ingreso,REVISAR_OTRO_TIPO_INGRESO_CODIGO_REQUISITO_INGRESO_2,FORMULARIO_CNED_DESCONOCIDO,REVISAR,MEDIA,DUDA_METODOLOGICA,VALIDAR_CON_AREA_ACADEMICA,AREA_ACADEMICA_O_DUENO_DEL_PROGRAMA,DEPENDE,DEPENDE,Campo de formulario o carga potencial: validar contra instructivo CNED antes de excluir o completar.
49,I162S2C67J4V1,,Ingreso otro,REVISAR_DESCRIPCION_OTRO_INGRESO_SIN_TEXTO_FUENTE,FORMULARIO_CNED_DESCONOCIDO,REVISAR,MEDIA,DUDA_METODOLOGICA,VALIDAR_CON_AREA_ACADEMICA,AREA_ACADEMICA_O_DUENO_DEL_PROGRAMA,DEPENDE,DEPENDE,Campo de formulario o carga potencial: validar contra instructivo CNED antes de excluir o completar.
49,I162S2C67J4V1,,Observaciones,Crear según matriz PROMEDIOSDEALUMNOS_7804.xlsx / hoja matriz; conciliado contra diccionario oferta 2026; no encontrado en listado existente INDICES por CODIGO_UNICO; campos sin fuente directa quedan con revisión específica.,FORMULARIO_CNED_DESCONOCIDO,REVISION,MEDIA,OBSERVACION_INSTITUCIONAL,MANTENER_SOLO_COMO_TRAZABILIDAD,INSTRUCTIVO_CNED_Y_DECISION_INSTITUCIONAL,DEPENDE,DEPENDE,Campo de formulario o carga potencial: validar contra instructivo CNED antes de excluir o completar.
49,I162S2C67J4V1,,FECHA_ADMISION_INICIAL,REVISAR_FECHA_ADMISION_INICIAL_SIN_FUENTE,FORMULARIO_CNED_DESCONOCIDO,REVISAR,MEDIA,DUDA_METODOLOGICA,NO_RESOLVER_AUTOMATICAMENTE,INSTRUCTIVO_CNED_Y_DECISION_INSTITUCIONAL,DEPENDE,DEPENDE,Campo de formulario o carga potencial: validar contra instructivo CNED antes de excluir o completar.
49,I162S2C67J4V1,,MALLA_CURRICULAR,REVISAR_MALLA_CURRICULAR_SIN_FUENTE,FORMULARIO_CNED_DESCONOCIDO,REVISAR,MEDIA,DUDA_METODOLOGICA,VALIDAR_CON_AREA_ACADEMICA,AREA_ACADEMICA_O_DUENO_DEL_PROGRAMA,DEPENDE,DEPENDE,Campo de formulario o carga potencial: validar contra instructivo CNED antes de excluir o completar.
49,I162S2C67J4V1,,PERFIL_EGRESO,REVISAR_PERFIL_EGRESO_SIN_FUENTE,FORMULARIO_CNED_DESCONOCIDO,REVISAR,MEDIA,DUDA_METODOLOGICA,VALIDAR_CON_AREA_ACADEMICA,AREA_ACADEMICA_O_DUENO_DEL_PROGRAMA,DEPENDE,DEPENDE,Campo de formulario o carga potencial: validar contra instructivo CNED antes de excluir o completar.
49,I162S2C67J4V1,,TEXTO_REQUISITO_INGRESO,REVISAR_TEXTO_REQUISITO_INGRESO_SIN_FUENTE,FORMULARIO_CNED_DESCONOCIDO,REVISAR,MEDIA,DUDA_METODOLOGICA,VALIDAR_CON_AREA_ACADEMICA,AREA_ACADEMICA_O_DUENO_DEL_PROGRAMA,DEPENDE,DEPENDE,Campo de formulario o carga potencial: validar contra instructivo CNED antes de excluir o completar.
49,I162S2C67J4V1,,LICENCIA_ENS_MEDIA,REVISAR_LICENCIA_ENS_MEDIA_SIN_FUENTE,FORMULARIO_CNED_DESCONOCIDO,REVISAR,MEDIA,DUDA_METODOLOGICA,VALIDAR_CON_AREA_ACADEMICA,AREA_ACADEMICA_O_DUENO_DEL_PROGRAMA,DEPENDE,DEPENDE,Campo de formulario o carga potencial: validar contra instructivo CNED antes de excluir o completar.
49,I162S2C67J4V1,,NOTAS_ENS_MEDIA,REVISAR_NOTAS_ENS_MEDIA_SIN_FUENTE,FORMULARIO_CNED_DESCONOCIDO,REVISAR,MEDIA,DUDA_METODOLOGICA,VALIDAR_CON_AREA_ACADEMICA,AREA_ACADEMICA_O_DUENO_DEL_PROGRAMA,DEPENDE,DEPENDE,Campo de formulario o carga potencial: validar contra instructivo CNED antes de excluir o completar.
49,I162S2C67J4V1,,PROMEDIO_MIN_ENS_MEDIA,REVISAR_PROMEDIO_MIN_ENS_MEDIA_SIN_FUENTE,FORMULARIO_CNED_DESCONOCIDO,REVISAR,MEDIA,DUDA_METODOLOGICA,NO_RESOLVER_AUTOMATICAMENTE,INSTRUCTIVO_CNED_Y_DECISION_INSTITUCIONAL,DEPENDE,DEPENDE,Campo de formulario o carga potencial: validar contra instructivo CNED antes de excluir o completar.
49,I162S2C67J4V1,,RECONOCIMIENTOS_APREN_PREVIOS,REVISAR_RECONOCIMIENTOS_APREN_PREVIOS_SIN_FUENTE,FORMULARIO_CNED_DESCONOCIDO,REVISAR,MEDIA,DUDA_METODOLOGICA,NO_RESOLVER_AUTOMATICAMENTE,INSTRUCTIVO_CNED_Y_DECISION_INSTITUCIONAL,DEPENDE,DEPENDE,Campo de formulario o carga potencial: validar contra instructivo CNED antes de excluir o completar.
49,I162S2C67J4V1,,EXPERIENCIA_LABORAL,REVISAR_EXPERIENCIA_LABORAL_SIN_FUENTE,FORMULARIO_CNED_DESCONOCIDO,REVISAR,MEDIA,DUDA_METODOLOGICA,VALIDAR_CON_AREA_ACADEMICA,AREA_ACADEMICA_O_DUENO_DEL_PROGRAMA,DEPENDE,DEPENDE,Campo de formulario o carga potencial: validar contra instructivo CNED antes de excluir o completar.
49,I162S2C67J4V1,,OTROS_REQUISITOS,REVISAR_OTROS_REQUISITOS_SIN_FUENTE,FORMULARIO_CNED_DESCONOCIDO,REVISAR,MEDIA,DUDA_METODOLOGICA,VALIDAR_CON_AREA_ACADEMICA,AREA_ACADEMICA_O_DUENO_DEL_PROGRAMA,DEPENDE,DEPENDE,Campo de formulario o carga potencial: validar contra instructivo CNED antes de excluir o completar.
49,I162S2C67J4V1,,MAIL_DIFUSION_CARRERA,REVISAR_MAIL_DIFUSION_CARRERA_SIN_FUENTE,FORMULARIO_CNED_DESCONOCIDO,REVISAR,MEDIA,DUDA_METODOLOGICA,NO_RESOLVER_AUTOMATICAMENTE,INSTRUCTIVO_CNED_Y_DECISION_INSTITUCIONAL,DEPENDE,DEPENDE,Campo de formulario o carga potencial: validar contra instructivo CNED antes de excluir o completar.
49,I162S2C67J4V1,,FORMATO_VALOR,REVISAR_FORMATO_VALOR_SIN_FUENTE,FORMULARIO_CNED_DESCONOCIDO,REVISAR,MEDIA,DUDA_METODOLOGICA,VALIDAR_CON_FINANZAS_ARANCELES,FINANZAS_ARANCELES_INSTITUCIONAL,DEPENDE,DEPENDE,Requiere fuente monetaria explicita; no usar cero ni inferencias.
49,I162S2C67J4V1,,VALOR_MATRICULA_ANUAL,REVISAR_VALOR_MATRICULA_ANUAL_SIN_FUENTE,FORMULARIO_CNED_DESCONOCIDO,REVISAR,MEDIA,DUDA_METODOLOGICA,VALIDAR_CON_FINANZAS_ARANCELES,FINANZAS_ARANCELES_INSTITUCIONAL,DEPENDE,DEPENDE,Requiere fuente monetaria explicita; no usar cero ni inferencias.
49,I162S2C67J4V1,,COSTO_TITULACION,REVISAR_COSTO_TITULACION_SIN_FUENTE,FORMULARIO_CNED_DESCONOCIDO,REVISAR,MEDIA,DUDA_METODOLOGICA,VALIDAR_CON_FINANZAS_ARANCELES,FINANZAS_ARANCELES_INSTITUCIONAL,DEPENDE,DEPENDE,Requiere fuente monetaria explicita; no usar cero ni inferencias.
49,I162S2C67J4V1,,VALOR_CERTIFICADO_DIPLOMA,REVISAR_VALOR_CERTIFICADO_DIPLOMA_SIN_FUENTE,FORMULARIO_CNED_DESCONOCIDO,REVISAR,MEDIA,DUDA_METODOLOGICA,VALIDAR_CON_FINANZAS_ARANCELES,FINANZAS_ARANCELES_INSTITUCIONAL,DEPENDE,DEPENDE,Requiere fuente monetaria explicita; no usar cero ni inferencias.
49,I162S2C67J4V1,,ARANCEL_ANUAL,REVISAR_ARANCEL_ANUAL_SIN_FUENTE,FORMULARIO_CNED_DESCONOCIDO,REVISAR,MEDIA,DUDA_METODOLOGICA,VALIDAR_CON_FINANZAS_ARANCELES,FINANZAS_ARANCELES_INSTITUCIONAL,DEPENDE,DEPENDE,Requiere fuente monetaria explicita; no usar cero ni inferencias.
49,I162S2C67J4V1,,VIGENCIA_CARRERA,REVISAR_VIGENCIA_CARRERA_SIN_FUENTE_DIRECTA,OFICIAL_PROBABLE,REVISAR,ALTA,CAMPO_PENDIENTE_REAL,VALIDAR_CON_REGISTRO_CURRICULAR,REGISTRO_CURRICULAR_OFERTA_OFICIAL,SI,NO,Campo estructural/oficial: no resolver sin fuente institucional.
49,I162S2C67J4V1,,CNED_ESTADO_AUDITORIA,REQUIERE_REVISION,AUXILIAR_TECNICA,REVISION,BAJA,MARCA_TECNICA_REMOVIBLE,EXCLUIR_DE_ARCHIVO_CARGA_SI_ES_AUXILIAR,TRAZABILIDAD_INTERNA_CNED,NO,SI,No debe ir en archivo de carga; conservar en trazabilidad.
49,I162S2C67J4V1,,CNED_ALERTAS,CONTIENE_MARCAS_TECNICAS_DE_REVISION,AUXILIAR_TECNICA,REVISION,BAJA,MARCA_TECNICA_REMOVIBLE,EXCLUIR_DE_ARCHIVO_CARGA_SI_ES_AUXILIAR,TRAZABILIDAD_INTERNA_CNED,NO,SI,No debe ir en archivo de carga; conservar en trazabilidad.
49,I162S2C67J4V1,,CNED_PUEDE_SUBIR_PRELIMINAR,REVISAR,AUXILIAR_TECNICA,REVISAR,BAJA,MARCA_TECNICA_REMOVIBLE,EXCLUIR_DE_ARCHIVO_CARGA_SI_ES_AUXILIAR,TRAZABILIDAD_INTERNA_CNED,NO,SI,No debe ir en archivo de carga; conservar en trazabilidad.
50,I162S2C68J4V1,,Área del Conocimiento,REVISAR_AREA_CODIGO_9,FORMULARIO_CNED_DESCONOCIDO,REVISAR,MEDIA,DUDA_METODOLOGICA,REQUIERE_DECISION_INSTITUCIONAL,AREA_ACADEMICA_O_DUENO_DEL_PROGRAMA,DEPENDE,DEPENDE,Campo de formulario o carga potencial: validar contra instructivo CNED antes de excluir o completar.
50,I162S2C68J4V1,,Sub Área,REVISAR_SUB_AREA_SIN_FUENTE_DIRECTA,FORMULARIO_CNED_DESCONOCIDO,REVISAR,MEDIA,DUDA_METODOLOGICA,REQUIERE_DECISION_INSTITUCIONAL,AREA_ACADEMICA_O_DUENO_DEL_PROGRAMA,DEPENDE,DEPENDE,Campo de formulario o carga potencial: validar contra instructivo CNED antes de excluir o completar.
50,I162S2C68J4V1,,Carrera Genérica,REVISAR_CARRERA_GENERICA_SIN_FUENTE_DIRECTA,FORMULARIO_CNED_DESCONOCIDO,REVISAR,MEDIA,DUDA_METODOLOGICA,REQUIERE_DECISION_INSTITUCIONAL,AREA_ACADEMICA_O_DUENO_DEL_PROGRAMA,DEPENDE,DEPENDE,Campo de formulario o carga potencial: validar contra instructivo CNED antes de excluir o completar.
50,I162S2C68J4V1,,Grado Académico que otorga el programa,REVISAR_GRADO_ACADEMICO_SIN_FUENTE_DIRECTA,FORMULARIO_CNED_DESCONOCIDO,REVISAR,MEDIA,DUDA_METODOLOGICA,NO_RESOLVER_AUTOMATICAMENTE,INSTRUCTIVO_CNED_Y_DECISION_INSTITUCIONAL,DEPENDE,DEPENDE,Campo de formulario o carga potencial: validar contra instructivo CNED antes de excluir o completar.
50,I162S2C68J4V1,,Dependencia,REVISAR_DEPENDENCIA_SIN_FUENTE_DIRECTA,FORMULARIO_CNED_DESCONOCIDO,REVISAR,MEDIA,DUDA_METODOLOGICA,REQUIERE_DECISION_INSTITUCIONAL,AREA_ACADEMICA_O_DUENO_DEL_PROGRAMA,DEPENDE,DEPENDE,Campo de formulario o carga potencial: validar contra instructivo CNED antes de excluir o completar.
50,I162S2C68J4V1,,Régimen,REVISAR_REGIMEN_CODIGO_1,OFICIAL_PROBABLE,REVISAR,ALTA,CAMPO_PENDIENTE_REAL,VALIDAR_CON_REGISTRO_CURRICULAR,REGISTRO_CURRICULAR_OFERTA_OFICIAL,SI,NO,Campo estructural/oficial: no resolver sin fuente institucional.
50,I162S2C68J4V1,,Ingreso Directo,REVISAR_INGRESO_DIRECTO_CODIGO_REQUISITO_INGRESO_2,FORMULARIO_CNED_DESCONOCIDO,REVISAR,MEDIA,DUDA_METODOLOGICA,VALIDAR_CON_AREA_ACADEMICA,AREA_ACADEMICA_O_DUENO_DEL_PROGRAMA,DEPENDE,DEPENDE,Campo de formulario o carga potencial: validar contra instructivo CNED antes de excluir o completar.
50,I162S2C68J4V1,,Otro Tipo de Ingreso,REVISAR_OTRO_TIPO_INGRESO_CODIGO_REQUISITO_INGRESO_2,FORMULARIO_CNED_DESCONOCIDO,REVISAR,MEDIA,DUDA_METODOLOGICA,VALIDAR_CON_AREA_ACADEMICA,AREA_ACADEMICA_O_DUENO_DEL_PROGRAMA,DEPENDE,DEPENDE,Campo de formulario o carga potencial: validar contra instructivo CNED antes de excluir o completar.
50,I162S2C68J4V1,,Ingreso otro,REVISAR_DESCRIPCION_OTRO_INGRESO_SIN_TEXTO_FUENTE,FORMULARIO_CNED_DESCONOCIDO,REVISAR,MEDIA,DUDA_METODOLOGICA,VALIDAR_CON_AREA_ACADEMICA,AREA_ACADEMICA_O_DUENO_DEL_PROGRAMA,DEPENDE,DEPENDE,Campo de formulario o carga potencial: validar contra instructivo CNED antes de excluir o completar.
50,I162S2C68J4V1,,Observaciones,Crear según matriz PROMEDIOSDEALUMNOS_7804.xlsx / hoja matriz; conciliado contra diccionario oferta 2026; no encontrado en listado existente INDICES por CODIGO_UNICO; campos sin fuente directa quedan con revisión específica.,FORMULARIO_CNED_DESCONOCIDO,REVISION,MEDIA,OBSERVACION_INSTITUCIONAL,MANTENER_SOLO_COMO_TRAZABILIDAD,INSTRUCTIVO_CNED_Y_DECISION_INSTITUCIONAL,DEPENDE,DEPENDE,Campo de formulario o carga potencial: validar contra instructivo CNED antes de excluir o completar.
50,I162S2C68J4V1,,FECHA_ADMISION_INICIAL,REVISAR_FECHA_ADMISION_INICIAL_SIN_FUENTE,FORMULARIO_CNED_DESCONOCIDO,REVISAR,MEDIA,DUDA_METODOLOGICA,NO_RESOLVER_AUTOMATICAMENTE,INSTRUCTIVO_CNED_Y_DECISION_INSTITUCIONAL,DEPENDE,DEPENDE,Campo de formulario o carga potencial: validar contra instructivo CNED antes de excluir o completar.
50,I162S2C68J4V1,,MALLA_CURRICULAR,REVISAR_MALLA_CURRICULAR_SIN_FUENTE,FORMULARIO_CNED_DESCONOCIDO,REVISAR,MEDIA,DUDA_METODOLOGICA,VALIDAR_CON_AREA_ACADEMICA,AREA_ACADEMICA_O_DUENO_DEL_PROGRAMA,DEPENDE,DEPENDE,Campo de formulario o carga potencial: validar contra instructivo CNED antes de excluir o completar.
50,I162S2C68J4V1,,PERFIL_EGRESO,REVISAR_PERFIL_EGRESO_SIN_FUENTE,FORMULARIO_CNED_DESCONOCIDO,REVISAR,MEDIA,DUDA_METODOLOGICA,VALIDAR_CON_AREA_ACADEMICA,AREA_ACADEMICA_O_DUENO_DEL_PROGRAMA,DEPENDE,DEPENDE,Campo de formulario o carga potencial: validar contra instructivo CNED antes de excluir o completar.
50,I162S2C68J4V1,,TEXTO_REQUISITO_INGRESO,REVISAR_TEXTO_REQUISITO_INGRESO_SIN_FUENTE,FORMULARIO_CNED_DESCONOCIDO,REVISAR,MEDIA,DUDA_METODOLOGICA,VALIDAR_CON_AREA_ACADEMICA,AREA_ACADEMICA_O_DUENO_DEL_PROGRAMA,DEPENDE,DEPENDE,Campo de formulario o carga potencial: validar contra instructivo CNED antes de excluir o completar.
50,I162S2C68J4V1,,LICENCIA_ENS_MEDIA,REVISAR_LICENCIA_ENS_MEDIA_SIN_FUENTE,FORMULARIO_CNED_DESCONOCIDO,REVISAR,MEDIA,DUDA_METODOLOGICA,VALIDAR_CON_AREA_ACADEMICA,AREA_ACADEMICA_O_DUENO_DEL_PROGRAMA,DEPENDE,DEPENDE,Campo de formulario o carga potencial: validar contra instructivo CNED antes de excluir o completar.
50,I162S2C68J4V1,,NOTAS_ENS_MEDIA,REVISAR_NOTAS_ENS_MEDIA_SIN_FUENTE,FORMULARIO_CNED_DESCONOCIDO,REVISAR,MEDIA,DUDA_METODOLOGICA,VALIDAR_CON_AREA_ACADEMICA,AREA_ACADEMICA_O_DUENO_DEL_PROGRAMA,DEPENDE,DEPENDE,Campo de formulario o carga potencial: validar contra instructivo CNED antes de excluir o completar.
50,I162S2C68J4V1,,PROMEDIO_MIN_ENS_MEDIA,REVISAR_PROMEDIO_MIN_ENS_MEDIA_SIN_FUENTE,FORMULARIO_CNED_DESCONOCIDO,REVISAR,MEDIA,DUDA_METODOLOGICA,NO_RESOLVER_AUTOMATICAMENTE,INSTRUCTIVO_CNED_Y_DECISION_INSTITUCIONAL,DEPENDE,DEPENDE,Campo de formulario o carga potencial: validar contra instructivo CNED antes de excluir o completar.
50,I162S2C68J4V1,,RECONOCIMIENTOS_APREN_PREVIOS,REVISAR_RECONOCIMIENTOS_APREN_PREVIOS_SIN_FUENTE,FORMULARIO_CNED_DESCONOCIDO,REVISAR,MEDIA,DUDA_METODOLOGICA,NO_RESOLVER_AUTOMATICAMENTE,INSTRUCTIVO_CNED_Y_DECISION_INSTITUCIONAL,DEPENDE,DEPENDE,Campo de formulario o carga potencial: validar contra instructivo CNED antes de excluir o completar.
50,I162S2C68J4V1,,EXPERIENCIA_LABORAL,REVISAR_EXPERIENCIA_LABORAL_SIN_FUENTE,FORMULARIO_CNED_DESCONOCIDO,REVISAR,MEDIA,DUDA_METODOLOGICA,VALIDAR_CON_AREA_ACADEMICA,AREA_ACADEMICA_O_DUENO_DEL_PROGRAMA,DEPENDE,DEPENDE,Campo de formulario o carga potencial: validar contra instructivo CNED antes de excluir o completar.
50,I162S2C68J4V1,,OTROS_REQUISITOS,REVISAR_OTROS_REQUISITOS_SIN_FUENTE,FORMULARIO_CNED_DESCONOCIDO,REVISAR,MEDIA,DUDA_METODOLOGICA,VALIDAR_CON_AREA_ACADEMICA,AREA_ACADEMICA_O_DUENO_DEL_PROGRAMA,DEPENDE,DEPENDE,Campo de formulario o carga potencial: validar contra instructivo CNED antes de excluir o completar.
50,I162S2C68J4V1,,MAIL_DIFUSION_CARRERA,REVISAR_MAIL_DIFUSION_CARRERA_SIN_FUENTE,FORMULARIO_CNED_DESCONOCIDO,REVISAR,MEDIA,DUDA_METODOLOGICA,NO_RESOLVER_AUTOMATICAMENTE,INSTRUCTIVO_CNED_Y_DECISION_INSTITUCIONAL,DEPENDE,DEPENDE,Campo de formulario o carga potencial: validar contra instructivo CNED antes de excluir o completar.
50,I162S2C68J4V1,,FORMATO_VALOR,REVISAR_FORMATO_VALOR_SIN_FUENTE,FORMULARIO_CNED_DESCONOCIDO,REVISAR,MEDIA,DUDA_METODOLOGICA,VALIDAR_CON_FINANZAS_ARANCELES,FINANZAS_ARANCELES_INSTITUCIONAL,DEPENDE,DEPENDE,Requiere fuente monetaria explicita; no usar cero ni inferencias.
50,I162S2C68J4V1,,VALOR_MATRICULA_ANUAL,REVISAR_VALOR_MATRICULA_ANUAL_SIN_FUENTE,FORMULARIO_CNED_DESCONOCIDO,REVISAR,MEDIA,DUDA_METODOLOGICA,VALIDAR_CON_FINANZAS_ARANCELES,FINANZAS_ARANCELES_INSTITUCIONAL,DEPENDE,DEPENDE,Requiere fuente monetaria explicita; no usar cero ni inferencias.
50,I162S2C68J4V1,,COSTO_TITULACION,REVISAR_COSTO_TITULACION_SIN_FUENTE,FORMULARIO_CNED_DESCONOCIDO,REVISAR,MEDIA,DUDA_METODOLOGICA,VALIDAR_CON_FINANZAS_ARANCELES,FINANZAS_ARANCELES_INSTITUCIONAL,DEPENDE,DEPENDE,Requiere fuente monetaria explicita; no usar cero ni inferencias.
50,I162S2C68J4V1,,VALOR_CERTIFICADO_DIPLOMA,REVISAR_VALOR_CERTIFICADO_DIPLOMA_SIN_FUENTE,FORMULARIO_CNED_DESCONOCIDO,REVISAR,MEDIA,DUDA_METODOLOGICA,VALIDAR_CON_FINANZAS_ARANCELES,FINANZAS_ARANCELES_INSTITUCIONAL,DEPENDE,DEPENDE,Requiere fuente monetaria explicita; no usar cero ni inferencias.
50,I162S2C68J4V1,,ARANCEL_ANUAL,REVISAR_ARANCEL_ANUAL_SIN_FUENTE,FORMULARIO_CNED_DESCONOCIDO,REVISAR,MEDIA,DUDA_METODOLOGICA,VALIDAR_CON_FINANZAS_ARANCELES,FINANZAS_ARANCELES_INSTITUCIONAL,DEPENDE,DEPENDE,Requiere fuente monetaria explicita; no usar cero ni inferencias.
50,I162S2C68J4V1,,VIGENCIA_CARRERA,REVISAR_VIGENCIA_CARRERA_SIN_FUENTE_DIRECTA,OFICIAL_PROBABLE,REVISAR,ALTA,CAMPO_PENDIENTE_REAL,VALIDAR_CON_REGISTRO_CURRICULAR,REGISTRO_CURRICULAR_OFERTA_OFICIAL,SI,NO,Campo estructural/oficial: no resolver sin fuente institucional.
50,I162S2C68J4V1,,CNED_ESTADO_AUDITORIA,REQUIERE_REVISION,AUXILIAR_TECNICA,REVISION,BAJA,MARCA_TECNICA_REMOVIBLE,EXCLUIR_DE_ARCHIVO_CARGA_SI_ES_AUXILIAR,TRAZABILIDAD_INTERNA_CNED,NO,SI,No debe ir en archivo de carga; conservar en trazabilidad.
50,I162S2C68J4V1,,CNED_ALERTAS,CONTIENE_MARCAS_TECNICAS_DE_REVISION,AUXILIAR_TECNICA,REVISION,BAJA,MARCA_TECNICA_REMOVIBLE,EXCLUIR_DE_ARCHIVO_CARGA_SI_ES_AUXILIAR,TRAZABILIDAD_INTERNA_CNED,NO,SI,No debe ir en archivo de carga; conservar en trazabilidad.
50,I162S2C68J4V1,,CNED_PUEDE_SUBIR_PRELIMINAR,REVISAR,AUXILIAR_TECNICA,REVISAR,BAJA,MARCA_TECNICA_REMOVIBLE,EXCLUIR_DE_ARCHIVO_CARGA_SI_ES_AUXILIAR,TRAZABILIDAD_INTERNA_CNED,NO,SI,No debe ir en archivo de carga; conservar en trazabilidad.
51,I162S2C69J4V1,,Área del Conocimiento,REVISAR_AREA_CODIGO_10,FORMULARIO_CNED_DESCONOCIDO,REVISAR,MEDIA,DUDA_METODOLOGICA,REQUIERE_DECISION_INSTITUCIONAL,AREA_ACADEMICA_O_DUENO_DEL_PROGRAMA,DEPENDE,DEPENDE,Campo de formulario o carga potencial: validar contra instructivo CNED antes de excluir o completar.
51,I162S2C69J4V1,,Sub Área,REVISAR_SUB_AREA_SIN_FUENTE_DIRECTA,FORMULARIO_CNED_DESCONOCIDO,REVISAR,MEDIA,DUDA_METODOLOGICA,REQUIERE_DECISION_INSTITUCIONAL,AREA_ACADEMICA_O_DUENO_DEL_PROGRAMA,DEPENDE,DEPENDE,Campo de formulario o carga potencial: validar contra instructivo CNED antes de excluir o completar.
51,I162S2C69J4V1,,Carrera Genérica,REVISAR_CARRERA_GENERICA_SIN_FUENTE_DIRECTA,FORMULARIO_CNED_DESCONOCIDO,REVISAR,MEDIA,DUDA_METODOLOGICA,REQUIERE_DECISION_INSTITUCIONAL,AREA_ACADEMICA_O_DUENO_DEL_PROGRAMA,DEPENDE,DEPENDE,Campo de formulario o carga potencial: validar contra instructivo CNED antes de excluir o completar.
51,I162S2C69J4V1,,Grado Académico que otorga el programa,REVISAR_GRADO_ACADEMICO_SIN_FUENTE_DIRECTA,FORMULARIO_CNED_DESCONOCIDO,REVISAR,MEDIA,DUDA_METODOLOGICA,NO_RESOLVER_AUTOMATICAMENTE,INSTRUCTIVO_CNED_Y_DECISION_INSTITUCIONAL,DEPENDE,DEPENDE,Campo de formulario o carga potencial: validar contra instructivo CNED antes de excluir o completar.
51,I162S2C69J4V1,,Dependencia,REVISAR_DEPENDENCIA_SIN_FUENTE_DIRECTA,FORMULARIO_CNED_DESCONOCIDO,REVISAR,MEDIA,DUDA_METODOLOGICA,REQUIERE_DECISION_INSTITUCIONAL,AREA_ACADEMICA_O_DUENO_DEL_PROGRAMA,DEPENDE,DEPENDE,Campo de formulario o carga potencial: validar contra instructivo CNED antes de excluir o completar.
51,I162S2C69J4V1,,Régimen,REVISAR_REGIMEN_CODIGO_1,OFICIAL_PROBABLE,REVISAR,ALTA,CAMPO_PENDIENTE_REAL,VALIDAR_CON_REGISTRO_CURRICULAR,REGISTRO_CURRICULAR_OFERTA_OFICIAL,SI,NO,Campo estructural/oficial: no resolver sin fuente institucional.
51,I162S2C69J4V1,,Ingreso Directo,REVISAR_INGRESO_DIRECTO_CODIGO_REQUISITO_INGRESO_2,FORMULARIO_CNED_DESCONOCIDO,REVISAR,MEDIA,DUDA_METODOLOGICA,VALIDAR_CON_AREA_ACADEMICA,AREA_ACADEMICA_O_DUENO_DEL_PROGRAMA,DEPENDE,DEPENDE,Campo de formulario o carga potencial: validar contra instructivo CNED antes de excluir o completar.
51,I162S2C69J4V1,,Otro Tipo de Ingreso,REVISAR_OTRO_TIPO_INGRESO_CODIGO_REQUISITO_INGRESO_2,FORMULARIO_CNED_DESCONOCIDO,REVISAR,MEDIA,DUDA_METODOLOGICA,VALIDAR_CON_AREA_ACADEMICA,AREA_ACADEMICA_O_DUENO_DEL_PROGRAMA,DEPENDE,DEPENDE,Campo de formulario o carga potencial: validar contra instructivo CNED antes de excluir o completar.
51,I162S2C69J4V1,,Ingreso otro,REVISAR_DESCRIPCION_OTRO_INGRESO_SIN_TEXTO_FUENTE,FORMULARIO_CNED_DESCONOCIDO,REVISAR,MEDIA,DUDA_METODOLOGICA,VALIDAR_CON_AREA_ACADEMICA,AREA_ACADEMICA_O_DUENO_DEL_PROGRAMA,DEPENDE,DEPENDE,Campo de formulario o carga potencial: validar contra instructivo CNED antes de excluir o completar.
51,I162S2C69J4V1,,Observaciones,Crear según matriz PROMEDIOSDEALUMNOS_7804.xlsx / hoja matriz; conciliado contra diccionario oferta 2026; no encontrado en listado existente INDICES por CODIGO_UNICO; campos sin fuente directa quedan con revisión específica.,FORMULARIO_CNED_DESCONOCIDO,REVISION,MEDIA,OBSERVACION_INSTITUCIONAL,MANTENER_SOLO_COMO_TRAZABILIDAD,INSTRUCTIVO_CNED_Y_DECISION_INSTITUCIONAL,DEPENDE,DEPENDE,Campo de formulario o carga potencial: validar contra instructivo CNED antes de excluir o completar.
51,I162S2C69J4V1,,FECHA_ADMISION_INICIAL,REVISAR_FECHA_ADMISION_INICIAL_SIN_FUENTE,FORMULARIO_CNED_DESCONOCIDO,REVISAR,MEDIA,DUDA_METODOLOGICA,NO_RESOLVER_AUTOMATICAMENTE,INSTRUCTIVO_CNED_Y_DECISION_INSTITUCIONAL,DEPENDE,DEPENDE,Campo de formulario o carga potencial: validar contra instructivo CNED antes de excluir o completar.
51,I162S2C69J4V1,,MALLA_CURRICULAR,REVISAR_MALLA_CURRICULAR_SIN_FUENTE,FORMULARIO_CNED_DESCONOCIDO,REVISAR,MEDIA,DUDA_METODOLOGICA,VALIDAR_CON_AREA_ACADEMICA,AREA_ACADEMICA_O_DUENO_DEL_PROGRAMA,DEPENDE,DEPENDE,Campo de formulario o carga potencial: validar contra instructivo CNED antes de excluir o completar.
51,I162S2C69J4V1,,PERFIL_EGRESO,REVISAR_PERFIL_EGRESO_SIN_FUENTE,FORMULARIO_CNED_DESCONOCIDO,REVISAR,MEDIA,DUDA_METODOLOGICA,VALIDAR_CON_AREA_ACADEMICA,AREA_ACADEMICA_O_DUENO_DEL_PROGRAMA,DEPENDE,DEPENDE,Campo de formulario o carga potencial: validar contra instructivo CNED antes de excluir o completar.
51,I162S2C69J4V1,,TEXTO_REQUISITO_INGRESO,REVISAR_TEXTO_REQUISITO_INGRESO_SIN_FUENTE,FORMULARIO_CNED_DESCONOCIDO,REVISAR,MEDIA,DUDA_METODOLOGICA,VALIDAR_CON_AREA_ACADEMICA,AREA_ACADEMICA_O_DUENO_DEL_PROGRAMA,DEPENDE,DEPENDE,Campo de formulario o carga potencial: validar contra instructivo CNED antes de excluir o completar.
51,I162S2C69J4V1,,LICENCIA_ENS_MEDIA,REVISAR_LICENCIA_ENS_MEDIA_SIN_FUENTE,FORMULARIO_CNED_DESCONOCIDO,REVISAR,MEDIA,DUDA_METODOLOGICA,VALIDAR_CON_AREA_ACADEMICA,AREA_ACADEMICA_O_DUENO_DEL_PROGRAMA,DEPENDE,DEPENDE,Campo de formulario o carga potencial: validar contra instructivo CNED antes de excluir o completar.
51,I162S2C69J4V1,,NOTAS_ENS_MEDIA,REVISAR_NOTAS_ENS_MEDIA_SIN_FUENTE,FORMULARIO_CNED_DESCONOCIDO,REVISAR,MEDIA,DUDA_METODOLOGICA,VALIDAR_CON_AREA_ACADEMICA,AREA_ACADEMICA_O_DUENO_DEL_PROGRAMA,DEPENDE,DEPENDE,Campo de formulario o carga potencial: validar contra instructivo CNED antes de excluir o completar.
51,I162S2C69J4V1,,PROMEDIO_MIN_ENS_MEDIA,REVISAR_PROMEDIO_MIN_ENS_MEDIA_SIN_FUENTE,FORMULARIO_CNED_DESCONOCIDO,REVISAR,MEDIA,DUDA_METODOLOGICA,NO_RESOLVER_AUTOMATICAMENTE,INSTRUCTIVO_CNED_Y_DECISION_INSTITUCIONAL,DEPENDE,DEPENDE,Campo de formulario o carga potencial: validar contra instructivo CNED antes de excluir o completar.
51,I162S2C69J4V1,,RECONOCIMIENTOS_APREN_PREVIOS,REVISAR_RECONOCIMIENTOS_APREN_PREVIOS_SIN_FUENTE,FORMULARIO_CNED_DESCONOCIDO,REVISAR,MEDIA,DUDA_METODOLOGICA,NO_RESOLVER_AUTOMATICAMENTE,INSTRUCTIVO_CNED_Y_DECISION_INSTITUCIONAL,DEPENDE,DEPENDE,Campo de formulario o carga potencial: validar contra instructivo CNED antes de excluir o completar.
51,I162S2C69J4V1,,EXPERIENCIA_LABORAL,REVISAR_EXPERIENCIA_LABORAL_SIN_FUENTE,FORMULARIO_CNED_DESCONOCIDO,REVISAR,MEDIA,DUDA_METODOLOGICA,VALIDAR_CON_AREA_ACADEMICA,AREA_ACADEMICA_O_DUENO_DEL_PROGRAMA,DEPENDE,DEPENDE,Campo de formulario o carga potencial: validar contra instructivo CNED antes de excluir o completar.
51,I162S2C69J4V1,,OTROS_REQUISITOS,REVISAR_OTROS_REQUISITOS_SIN_FUENTE,FORMULARIO_CNED_DESCONOCIDO,REVISAR,MEDIA,DUDA_METODOLOGICA,VALIDAR_CON_AREA_ACADEMICA,AREA_ACADEMICA_O_DUENO_DEL_PROGRAMA,DEPENDE,DEPENDE,Campo de formulario o carga potencial: validar contra instructivo CNED antes de excluir o completar.
51,I162S2C69J4V1,,MAIL_DIFUSION_CARRERA,REVISAR_MAIL_DIFUSION_CARRERA_SIN_FUENTE,FORMULARIO_CNED_DESCONOCIDO,REVISAR,MEDIA,DUDA_METODOLOGICA,NO_RESOLVER_AUTOMATICAMENTE,INSTRUCTIVO_CNED_Y_DECISION_INSTITUCIONAL,DEPENDE,DEPENDE,Campo de formulario o carga potencial: validar contra instructivo CNED antes de excluir o completar.
51,I162S2C69J4V1,,FORMATO_VALOR,REVISAR_FORMATO_VALOR_SIN_FUENTE,FORMULARIO_CNED_DESCONOCIDO,REVISAR,MEDIA,DUDA_METODOLOGICA,VALIDAR_CON_FINANZAS_ARANCELES,FINANZAS_ARANCELES_INSTITUCIONAL,DEPENDE,DEPENDE,Requiere fuente monetaria explicita; no usar cero ni inferencias.
51,I162S2C69J4V1,,VALOR_MATRICULA_ANUAL,REVISAR_VALOR_MATRICULA_ANUAL_SIN_FUENTE,FORMULARIO_CNED_DESCONOCIDO,REVISAR,MEDIA,DUDA_METODOLOGICA,VALIDAR_CON_FINANZAS_ARANCELES,FINANZAS_ARANCELES_INSTITUCIONAL,DEPENDE,DEPENDE,Requiere fuente monetaria explicita; no usar cero ni inferencias.
51,I162S2C69J4V1,,COSTO_TITULACION,REVISAR_COSTO_TITULACION_SIN_FUENTE,FORMULARIO_CNED_DESCONOCIDO,REVISAR,MEDIA,DUDA_METODOLOGICA,VALIDAR_CON_FINANZAS_ARANCELES,FINANZAS_ARANCELES_INSTITUCIONAL,DEPENDE,DEPENDE,Requiere fuente monetaria explicita; no usar cero ni inferencias.
51,I162S2C69J4V1,,VALOR_CERTIFICADO_DIPLOMA,REVISAR_VALOR_CERTIFICADO_DIPLOMA_SIN_FUENTE,FORMULARIO_CNED_DESCONOCIDO,REVISAR,MEDIA,DUDA_METODOLOGICA,VALIDAR_CON_FINANZAS_ARANCELES,FINANZAS_ARANCELES_INSTITUCIONAL,DEPENDE,DEPENDE,Requiere fuente monetaria explicita; no usar cero ni inferencias.
51,I162S2C69J4V1,,ARANCEL_ANUAL,REVISAR_ARANCEL_ANUAL_SIN_FUENTE,FORMULARIO_CNED_DESCONOCIDO,REVISAR,MEDIA,DUDA_METODOLOGICA,VALIDAR_CON_FINANZAS_ARANCELES,FINANZAS_ARANCELES_INSTITUCIONAL,DEPENDE,DEPENDE,Requiere fuente monetaria explicita; no usar cero ni inferencias.
51,I162S2C69J4V1,,VIGENCIA_CARRERA,REVISAR_VIGENCIA_CARRERA_SIN_FUENTE_DIRECTA,OFICIAL_PROBABLE,REVISAR,ALTA,CAMPO_PENDIENTE_REAL,VALIDAR_CON_REGISTRO_CURRICULAR,REGISTRO_CURRICULAR_OFERTA_OFICIAL,SI,NO,Campo estructural/oficial: no resolver sin fuente institucional.
51,I162S2C69J4V1,,CNED_ESTADO_AUDITORIA,REQUIERE_REVISION,AUXILIAR_TECNICA,REVISION,BAJA,MARCA_TECNICA_REMOVIBLE,EXCLUIR_DE_ARCHIVO_CARGA_SI_ES_AUXILIAR,TRAZABILIDAD_INTERNA_CNED,NO,SI,No debe ir en archivo de carga; conservar en trazabilidad.
51,I162S2C69J4V1,,CNED_ALERTAS,CONTIENE_MARCAS_TECNICAS_DE_REVISION,AUXILIAR_TECNICA,REVISION,BAJA,MARCA_TECNICA_REMOVIBLE,EXCLUIR_DE_ARCHIVO_CARGA_SI_ES_AUXILIAR,TRAZABILIDAD_INTERNA_CNED,NO,SI,No debe ir en archivo de carga; conservar en trazabilidad.
51,I162S2C69J4V1,,CNED_PUEDE_SUBIR_PRELIMINAR,REVISAR,AUXILIAR_TECNICA,REVISAR,BAJA,MARCA_TECNICA_REMOVIBLE,EXCLUIR_DE_ARCHIVO_CARGA_SI_ES_AUXILIAR,TRAZABILIDAD_INTERNA_CNED,NO,SI,No debe ir en archivo de carga; conservar en trazabilidad.
52,I162S2C6J1V1,,Área del Conocimiento,REVISAR_AREA_CODIGO_10,FORMULARIO_CNED_DESCONOCIDO,REVISAR,MEDIA,DUDA_METODOLOGICA,REQUIERE_DECISION_INSTITUCIONAL,AREA_ACADEMICA_O_DUENO_DEL_PROGRAMA,DEPENDE,DEPENDE,Campo de formulario o carga potencial: validar contra instructivo CNED antes de excluir o completar.
52,I162S2C6J1V1,,Sub Área,REVISAR_SUB_AREA_SIN_FUENTE_DIRECTA,FORMULARIO_CNED_DESCONOCIDO,REVISAR,MEDIA,DUDA_METODOLOGICA,REQUIERE_DECISION_INSTITUCIONAL,AREA_ACADEMICA_O_DUENO_DEL_PROGRAMA,DEPENDE,DEPENDE,Campo de formulario o carga potencial: validar contra instructivo CNED antes de excluir o completar.
52,I162S2C6J1V1,,Carrera Genérica,REVISAR_CARRERA_GENERICA_SIN_FUENTE_DIRECTA,FORMULARIO_CNED_DESCONOCIDO,REVISAR,MEDIA,DUDA_METODOLOGICA,REQUIERE_DECISION_INSTITUCIONAL,AREA_ACADEMICA_O_DUENO_DEL_PROGRAMA,DEPENDE,DEPENDE,Campo de formulario o carga potencial: validar contra instructivo CNED antes de excluir o completar.
52,I162S2C6J1V1,,Grado Académico que otorga el programa,REVISAR_GRADO_ACADEMICO_SIN_FUENTE_DIRECTA,FORMULARIO_CNED_DESCONOCIDO,REVISAR,MEDIA,DUDA_METODOLOGICA,NO_RESOLVER_AUTOMATICAMENTE,INSTRUCTIVO_CNED_Y_DECISION_INSTITUCIONAL,DEPENDE,DEPENDE,Campo de formulario o carga potencial: validar contra instructivo CNED antes de excluir o completar.
52,I162S2C6J1V1,,Dependencia,REVISAR_DEPENDENCIA_SIN_FUENTE_DIRECTA,FORMULARIO_CNED_DESCONOCIDO,REVISAR,MEDIA,DUDA_METODOLOGICA,REQUIERE_DECISION_INSTITUCIONAL,AREA_ACADEMICA_O_DUENO_DEL_PROGRAMA,DEPENDE,DEPENDE,Campo de formulario o carga potencial: validar contra instructivo CNED antes de excluir o completar.
52,I162S2C6J1V1,,Régimen,REVISAR_REGIMEN_CODIGO_1,OFICIAL_PROBABLE,REVISAR,ALTA,CAMPO_PENDIENTE_REAL,VALIDAR_CON_REGISTRO_CURRICULAR,REGISTRO_CURRICULAR_OFERTA_OFICIAL,SI,NO,Campo estructural/oficial: no resolver sin fuente institucional.
52,I162S2C6J1V1,,Ingreso Directo,REVISAR_INGRESO_DIRECTO_CODIGO_REQUISITO_INGRESO_1,FORMULARIO_CNED_DESCONOCIDO,REVISAR,MEDIA,DUDA_METODOLOGICA,VALIDAR_CON_AREA_ACADEMICA,AREA_ACADEMICA_O_DUENO_DEL_PROGRAMA,DEPENDE,DEPENDE,Campo de formulario o carga potencial: validar contra instructivo CNED antes de excluir o completar.
52,I162S2C6J1V1,,Observaciones,Crear según matriz PROMEDIOSDEALUMNOS_7804.xlsx / hoja matriz; conciliado contra diccionario oferta 2026; no encontrado en listado existente INDICES por CODIGO_UNICO; campos sin fuente directa quedan con revisión específica.,FORMULARIO_CNED_DESCONOCIDO,REVISION,MEDIA,OBSERVACION_INSTITUCIONAL,MANTENER_SOLO_COMO_TRAZABILIDAD,INSTRUCTIVO_CNED_Y_DECISION_INSTITUCIONAL,DEPENDE,DEPENDE,Campo de formulario o carga potencial: validar contra instructivo CNED antes de excluir o completar.
52,I162S2C6J1V1,,FECHA_ADMISION_INICIAL,REVISAR_FECHA_ADMISION_INICIAL_SIN_FUENTE,FORMULARIO_CNED_DESCONOCIDO,REVISAR,MEDIA,DUDA_METODOLOGICA,NO_RESOLVER_AUTOMATICAMENTE,INSTRUCTIVO_CNED_Y_DECISION_INSTITUCIONAL,DEPENDE,DEPENDE,Campo de formulario o carga potencial: validar contra instructivo CNED antes de excluir o completar.
52,I162S2C6J1V1,,MALLA_CURRICULAR,REVISAR_MALLA_CURRICULAR_SIN_FUENTE,FORMULARIO_CNED_DESCONOCIDO,REVISAR,MEDIA,DUDA_METODOLOGICA,VALIDAR_CON_AREA_ACADEMICA,AREA_ACADEMICA_O_DUENO_DEL_PROGRAMA,DEPENDE,DEPENDE,Campo de formulario o carga potencial: validar contra instructivo CNED antes de excluir o completar.
52,I162S2C6J1V1,,PERFIL_EGRESO,REVISAR_PERFIL_EGRESO_SIN_FUENTE,FORMULARIO_CNED_DESCONOCIDO,REVISAR,MEDIA,DUDA_METODOLOGICA,VALIDAR_CON_AREA_ACADEMICA,AREA_ACADEMICA_O_DUENO_DEL_PROGRAMA,DEPENDE,DEPENDE,Campo de formulario o carga potencial: validar contra instructivo CNED antes de excluir o completar.
52,I162S2C6J1V1,,TEXTO_REQUISITO_INGRESO,REVISAR_TEXTO_REQUISITO_INGRESO_SIN_FUENTE,FORMULARIO_CNED_DESCONOCIDO,REVISAR,MEDIA,DUDA_METODOLOGICA,VALIDAR_CON_AREA_ACADEMICA,AREA_ACADEMICA_O_DUENO_DEL_PROGRAMA,DEPENDE,DEPENDE,Campo de formulario o carga potencial: validar contra instructivo CNED antes de excluir o completar.
52,I162S2C6J1V1,,LICENCIA_ENS_MEDIA,REVISAR_LICENCIA_ENS_MEDIA_SIN_FUENTE,FORMULARIO_CNED_DESCONOCIDO,REVISAR,MEDIA,DUDA_METODOLOGICA,VALIDAR_CON_AREA_ACADEMICA,AREA_ACADEMICA_O_DUENO_DEL_PROGRAMA,DEPENDE,DEPENDE,Campo de formulario o carga potencial: validar contra instructivo CNED antes de excluir o completar.
52,I162S2C6J1V1,,NOTAS_ENS_MEDIA,REVISAR_NOTAS_ENS_MEDIA_SIN_FUENTE,FORMULARIO_CNED_DESCONOCIDO,REVISAR,MEDIA,DUDA_METODOLOGICA,VALIDAR_CON_AREA_ACADEMICA,AREA_ACADEMICA_O_DUENO_DEL_PROGRAMA,DEPENDE,DEPENDE,Campo de formulario o carga potencial: validar contra instructivo CNED antes de excluir o completar.
52,I162S2C6J1V1,,PROMEDIO_MIN_ENS_MEDIA,REVISAR_PROMEDIO_MIN_ENS_MEDIA_SIN_FUENTE,FORMULARIO_CNED_DESCONOCIDO,REVISAR,MEDIA,DUDA_METODOLOGICA,NO_RESOLVER_AUTOMATICAMENTE,INSTRUCTIVO_CNED_Y_DECISION_INSTITUCIONAL,DEPENDE,DEPENDE,Campo de formulario o carga potencial: validar contra instructivo CNED antes de excluir o completar.
52,I162S2C6J1V1,,RECONOCIMIENTOS_APREN_PREVIOS,REVISAR_RECONOCIMIENTOS_APREN_PREVIOS_SIN_FUENTE,FORMULARIO_CNED_DESCONOCIDO,REVISAR,MEDIA,DUDA_METODOLOGICA,NO_RESOLVER_AUTOMATICAMENTE,INSTRUCTIVO_CNED_Y_DECISION_INSTITUCIONAL,DEPENDE,DEPENDE,Campo de formulario o carga potencial: validar contra instructivo CNED antes de excluir o completar.
52,I162S2C6J1V1,,EXPERIENCIA_LABORAL,REVISAR_EXPERIENCIA_LABORAL_SIN_FUENTE,FORMULARIO_CNED_DESCONOCIDO,REVISAR,MEDIA,DUDA_METODOLOGICA,VALIDAR_CON_AREA_ACADEMICA,AREA_ACADEMICA_O_DUENO_DEL_PROGRAMA,DEPENDE,DEPENDE,Campo de formulario o carga potencial: validar contra instructivo CNED antes de excluir o completar.
52,I162S2C6J1V1,,OTROS_REQUISITOS,REVISAR_OTROS_REQUISITOS_SIN_FUENTE,FORMULARIO_CNED_DESCONOCIDO,REVISAR,MEDIA,DUDA_METODOLOGICA,VALIDAR_CON_AREA_ACADEMICA,AREA_ACADEMICA_O_DUENO_DEL_PROGRAMA,DEPENDE,DEPENDE,Campo de formulario o carga potencial: validar contra instructivo CNED antes de excluir o completar.
52,I162S2C6J1V1,,MAIL_DIFUSION_CARRERA,REVISAR_MAIL_DIFUSION_CARRERA_SIN_FUENTE,FORMULARIO_CNED_DESCONOCIDO,REVISAR,MEDIA,DUDA_METODOLOGICA,NO_RESOLVER_AUTOMATICAMENTE,INSTRUCTIVO_CNED_Y_DECISION_INSTITUCIONAL,DEPENDE,DEPENDE,Campo de formulario o carga potencial: validar contra instructivo CNED antes de excluir o completar.
52,I162S2C6J1V1,,FORMATO_VALOR,REVISAR_FORMATO_VALOR_SIN_FUENTE,FORMULARIO_CNED_DESCONOCIDO,REVISAR,MEDIA,DUDA_METODOLOGICA,VALIDAR_CON_FINANZAS_ARANCELES,FINANZAS_ARANCELES_INSTITUCIONAL,DEPENDE,DEPENDE,Requiere fuente monetaria explicita; no usar cero ni inferencias.
52,I162S2C6J1V1,,VALOR_MATRICULA_ANUAL,REVISAR_VALOR_MATRICULA_ANUAL_SIN_FUENTE,FORMULARIO_CNED_DESCONOCIDO,REVISAR,MEDIA,DUDA_METODOLOGICA,VALIDAR_CON_FINANZAS_ARANCELES,FINANZAS_ARANCELES_INSTITUCIONAL,DEPENDE,DEPENDE,Requiere fuente monetaria explicita; no usar cero ni inferencias.
52,I162S2C6J1V1,,COSTO_TITULACION,REVISAR_COSTO_TITULACION_SIN_FUENTE,FORMULARIO_CNED_DESCONOCIDO,REVISAR,MEDIA,DUDA_METODOLOGICA,VALIDAR_CON_FINANZAS_ARANCELES,FINANZAS_ARANCELES_INSTITUCIONAL,DEPENDE,DEPENDE,Requiere fuente monetaria explicita; no usar cero ni inferencias.
52,I162S2C6J1V1,,VALOR_CERTIFICADO_DIPLOMA,REVISAR_VALOR_CERTIFICADO_DIPLOMA_SIN_FUENTE,FORMULARIO_CNED_DESCONOCIDO,REVISAR,MEDIA,DUDA_METODOLOGICA,VALIDAR_CON_FINANZAS_ARANCELES,FINANZAS_ARANCELES_INSTITUCIONAL,DEPENDE,DEPENDE,Requiere fuente monetaria explicita; no usar cero ni inferencias.
52,I162S2C6J1V1,,ARANCEL_ANUAL,REVISAR_ARANCEL_ANUAL_SIN_FUENTE,FORMULARIO_CNED_DESCONOCIDO,REVISAR,MEDIA,DUDA_METODOLOGICA,VALIDAR_CON_FINANZAS_ARANCELES,FINANZAS_ARANCELES_INSTITUCIONAL,DEPENDE,DEPENDE,Requiere fuente monetaria explicita; no usar cero ni inferencias.
52,I162S2C6J1V1,,VIGENCIA_CARRERA,REVISAR_VIGENCIA_CARRERA_SIN_FUENTE_DIRECTA,OFICIAL_PROBABLE,REVISAR,ALTA,CAMPO_PENDIENTE_REAL,VALIDAR_CON_REGISTRO_CURRICULAR,REGISTRO_CURRICULAR_OFERTA_OFICIAL,SI,NO,Campo estructural/oficial: no resolver sin fuente institucional.
52,I162S2C6J1V1,,CNED_ESTADO_AUDITORIA,REQUIERE_REVISION,AUXILIAR_TECNICA,REVISION,BAJA,MARCA_TECNICA_REMOVIBLE,EXCLUIR_DE_ARCHIVO_CARGA_SI_ES_AUXILIAR,TRAZABILIDAD_INTERNA_CNED,NO,SI,No debe ir en archivo de carga; conservar en trazabilidad.
52,I162S2C6J1V1,,CNED_ALERTAS,CONTIENE_MARCAS_TECNICAS_DE_REVISION,AUXILIAR_TECNICA,REVISION,BAJA,MARCA_TECNICA_REMOVIBLE,EXCLUIR_DE_ARCHIVO_CARGA_SI_ES_AUXILIAR,TRAZABILIDAD_INTERNA_CNED,NO,SI,No debe ir en archivo de carga; conservar en trazabilidad.
52,I162S2C6J1V1,,CNED_PUEDE_SUBIR_PRELIMINAR,REVISAR,AUXILIAR_TECNICA,REVISAR,BAJA,MARCA_TECNICA_REMOVIBLE,EXCLUIR_DE_ARCHIVO_CARGA_SI_ES_AUXILIAR,TRAZABILIDAD_INTERNA_CNED,NO,SI,No debe ir en archivo de carga; conservar en trazabilidad.
53,I162S2C6J2V1,,Área del Conocimiento,REVISAR_AREA_CODIGO_10,FORMULARIO_CNED_DESCONOCIDO,REVISAR,MEDIA,DUDA_METODOLOGICA,REQUIERE_DECISION_INSTITUCIONAL,AREA_ACADEMICA_O_DUENO_DEL_PROGRAMA,DEPENDE,DEPENDE,Campo de formulario o carga potencial: validar contra instructivo CNED antes de excluir o completar.
53,I162S2C6J2V1,,Sub Área,REVISAR_SUB_AREA_SIN_FUENTE_DIRECTA,FORMULARIO_CNED_DESCONOCIDO,REVISAR,MEDIA,DUDA_METODOLOGICA,REQUIERE_DECISION_INSTITUCIONAL,AREA_ACADEMICA_O_DUENO_DEL_PROGRAMA,DEPENDE,DEPENDE,Campo de formulario o carga potencial: validar contra instructivo CNED antes de excluir o completar.
53,I162S2C6J2V1,,Carrera Genérica,REVISAR_CARRERA_GENERICA_SIN_FUENTE_DIRECTA,FORMULARIO_CNED_DESCONOCIDO,REVISAR,MEDIA,DUDA_METODOLOGICA,REQUIERE_DECISION_INSTITUCIONAL,AREA_ACADEMICA_O_DUENO_DEL_PROGRAMA,DEPENDE,DEPENDE,Campo de formulario o carga potencial: validar contra instructivo CNED antes de excluir o completar.
53,I162S2C6J2V1,,Grado Académico que otorga el programa,REVISAR_GRADO_ACADEMICO_SIN_FUENTE_DIRECTA,FORMULARIO_CNED_DESCONOCIDO,REVISAR,MEDIA,DUDA_METODOLOGICA,NO_RESOLVER_AUTOMATICAMENTE,INSTRUCTIVO_CNED_Y_DECISION_INSTITUCIONAL,DEPENDE,DEPENDE,Campo de formulario o carga potencial: validar contra instructivo CNED antes de excluir o completar.
53,I162S2C6J2V1,,Dependencia,REVISAR_DEPENDENCIA_SIN_FUENTE_DIRECTA,FORMULARIO_CNED_DESCONOCIDO,REVISAR,MEDIA,DUDA_METODOLOGICA,REQUIERE_DECISION_INSTITUCIONAL,AREA_ACADEMICA_O_DUENO_DEL_PROGRAMA,DEPENDE,DEPENDE,Campo de formulario o carga potencial: validar contra instructivo CNED antes de excluir o completar.
53,I162S2C6J2V1,,Régimen,REVISAR_REGIMEN_CODIGO_1,OFICIAL_PROBABLE,REVISAR,ALTA,CAMPO_PENDIENTE_REAL,VALIDAR_CON_REGISTRO_CURRICULAR,REGISTRO_CURRICULAR_OFERTA_OFICIAL,SI,NO,Campo estructural/oficial: no resolver sin fuente institucional.
53,I162S2C6J2V1,,Ingreso Directo,REVISAR_INGRESO_DIRECTO_CODIGO_REQUISITO_INGRESO_1,FORMULARIO_CNED_DESCONOCIDO,REVISAR,MEDIA,DUDA_METODOLOGICA,VALIDAR_CON_AREA_ACADEMICA,AREA_ACADEMICA_O_DUENO_DEL_PROGRAMA,DEPENDE,DEPENDE,Campo de formulario o carga potencial: validar contra instructivo CNED antes de excluir o completar.
53,I162S2C6J2V1,,Observaciones,Crear según matriz PROMEDIOSDEALUMNOS_7804.xlsx / hoja matriz; conciliado contra diccionario oferta 2026; no encontrado en listado existente INDICES por CODIGO_UNICO; campos sin fuente directa quedan con revisión específica.,FORMULARIO_CNED_DESCONOCIDO,REVISION,MEDIA,OBSERVACION_INSTITUCIONAL,MANTENER_SOLO_COMO_TRAZABILIDAD,INSTRUCTIVO_CNED_Y_DECISION_INSTITUCIONAL,DEPENDE,DEPENDE,Campo de formulario o carga potencial: validar contra instructivo CNED antes de excluir o completar.
53,I162S2C6J2V1,,FECHA_ADMISION_INICIAL,REVISAR_FECHA_ADMISION_INICIAL_SIN_FUENTE,FORMULARIO_CNED_DESCONOCIDO,REVISAR,MEDIA,DUDA_METODOLOGICA,NO_RESOLVER_AUTOMATICAMENTE,INSTRUCTIVO_CNED_Y_DECISION_INSTITUCIONAL,DEPENDE,DEPENDE,Campo de formulario o carga potencial: validar contra instructivo CNED antes de excluir o completar.
53,I162S2C6J2V1,,MALLA_CURRICULAR,REVISAR_MALLA_CURRICULAR_SIN_FUENTE,FORMULARIO_CNED_DESCONOCIDO,REVISAR,MEDIA,DUDA_METODOLOGICA,VALIDAR_CON_AREA_ACADEMICA,AREA_ACADEMICA_O_DUENO_DEL_PROGRAMA,DEPENDE,DEPENDE,Campo de formulario o carga potencial: validar contra instructivo CNED antes de excluir o completar.
53,I162S2C6J2V1,,PERFIL_EGRESO,REVISAR_PERFIL_EGRESO_SIN_FUENTE,FORMULARIO_CNED_DESCONOCIDO,REVISAR,MEDIA,DUDA_METODOLOGICA,VALIDAR_CON_AREA_ACADEMICA,AREA_ACADEMICA_O_DUENO_DEL_PROGRAMA,DEPENDE,DEPENDE,Campo de formulario o carga potencial: validar contra instructivo CNED antes de excluir o completar.
53,I162S2C6J2V1,,TEXTO_REQUISITO_INGRESO,REVISAR_TEXTO_REQUISITO_INGRESO_SIN_FUENTE,FORMULARIO_CNED_DESCONOCIDO,REVISAR,MEDIA,DUDA_METODOLOGICA,VALIDAR_CON_AREA_ACADEMICA,AREA_ACADEMICA_O_DUENO_DEL_PROGRAMA,DEPENDE,DEPENDE,Campo de formulario o carga potencial: validar contra instructivo CNED antes de excluir o completar.
53,I162S2C6J2V1,,LICENCIA_ENS_MEDIA,REVISAR_LICENCIA_ENS_MEDIA_SIN_FUENTE,FORMULARIO_CNED_DESCONOCIDO,REVISAR,MEDIA,DUDA_METODOLOGICA,VALIDAR_CON_AREA_ACADEMICA,AREA_ACADEMICA_O_DUENO_DEL_PROGRAMA,DEPENDE,DEPENDE,Campo de formulario o carga potencial: validar contra instructivo CNED antes de excluir o completar.
53,I162S2C6J2V1,,NOTAS_ENS_MEDIA,REVISAR_NOTAS_ENS_MEDIA_SIN_FUENTE,FORMULARIO_CNED_DESCONOCIDO,REVISAR,MEDIA,DUDA_METODOLOGICA,VALIDAR_CON_AREA_ACADEMICA,AREA_ACADEMICA_O_DUENO_DEL_PROGRAMA,DEPENDE,DEPENDE,Campo de formulario o carga potencial: validar contra instructivo CNED antes de excluir o completar.
53,I162S2C6J2V1,,PROMEDIO_MIN_ENS_MEDIA,REVISAR_PROMEDIO_MIN_ENS_MEDIA_SIN_FUENTE,FORMULARIO_CNED_DESCONOCIDO,REVISAR,MEDIA,DUDA_METODOLOGICA,NO_RESOLVER_AUTOMATICAMENTE,INSTRUCTIVO_CNED_Y_DECISION_INSTITUCIONAL,DEPENDE,DEPENDE,Campo de formulario o carga potencial: validar contra instructivo CNED antes de excluir o completar.
53,I162S2C6J2V1,,RECONOCIMIENTOS_APREN_PREVIOS,REVISAR_RECONOCIMIENTOS_APREN_PREVIOS_SIN_FUENTE,FORMULARIO_CNED_DESCONOCIDO,REVISAR,MEDIA,DUDA_METODOLOGICA,NO_RESOLVER_AUTOMATICAMENTE,INSTRUCTIVO_CNED_Y_DECISION_INSTITUCIONAL,DEPENDE,DEPENDE,Campo de formulario o carga potencial: validar contra instructivo CNED antes de excluir o completar.
53,I162S2C6J2V1,,EXPERIENCIA_LABORAL,REVISAR_EXPERIENCIA_LABORAL_SIN_FUENTE,FORMULARIO_CNED_DESCONOCIDO,REVISAR,MEDIA,DUDA_METODOLOGICA,VALIDAR_CON_AREA_ACADEMICA,AREA_ACADEMICA_O_DUENO_DEL_PROGRAMA,DEPENDE,DEPENDE,Campo de formulario o carga potencial: validar contra instructivo CNED antes de excluir o completar.
53,I162S2C6J2V1,,OTROS_REQUISITOS,REVISAR_OTROS_REQUISITOS_SIN_FUENTE,FORMULARIO_CNED_DESCONOCIDO,REVISAR,MEDIA,DUDA_METODOLOGICA,VALIDAR_CON_AREA_ACADEMICA,AREA_ACADEMICA_O_DUENO_DEL_PROGRAMA,DEPENDE,DEPENDE,Campo de formulario o carga potencial: validar contra instructivo CNED antes de excluir o completar.
53,I162S2C6J2V1,,MAIL_DIFUSION_CARRERA,REVISAR_MAIL_DIFUSION_CARRERA_SIN_FUENTE,FORMULARIO_CNED_DESCONOCIDO,REVISAR,MEDIA,DUDA_METODOLOGICA,NO_RESOLVER_AUTOMATICAMENTE,INSTRUCTIVO_CNED_Y_DECISION_INSTITUCIONAL,DEPENDE,DEPENDE,Campo de formulario o carga potencial: validar contra instructivo CNED antes de excluir o completar.
53,I162S2C6J2V1,,FORMATO_VALOR,REVISAR_FORMATO_VALOR_SIN_FUENTE,FORMULARIO_CNED_DESCONOCIDO,REVISAR,MEDIA,DUDA_METODOLOGICA,VALIDAR_CON_FINANZAS_ARANCELES,FINANZAS_ARANCELES_INSTITUCIONAL,DEPENDE,DEPENDE,Requiere fuente monetaria explicita; no usar cero ni inferencias.
53,I162S2C6J2V1,,VALOR_MATRICULA_ANUAL,REVISAR_VALOR_MATRICULA_ANUAL_SIN_FUENTE,FORMULARIO_CNED_DESCONOCIDO,REVISAR,MEDIA,DUDA_METODOLOGICA,VALIDAR_CON_FINANZAS_ARANCELES,FINANZAS_ARANCELES_INSTITUCIONAL,DEPENDE,DEPENDE,Requiere fuente monetaria explicita; no usar cero ni inferencias.
53,I162S2C6J2V1,,COSTO_TITULACION,REVISAR_COSTO_TITULACION_SIN_FUENTE,FORMULARIO_CNED_DESCONOCIDO,REVISAR,MEDIA,DUDA_METODOLOGICA,VALIDAR_CON_FINANZAS_ARANCELES,FINANZAS_ARANCELES_INSTITUCIONAL,DEPENDE,DEPENDE,Requiere fuente monetaria explicita; no usar cero ni inferencias.
53,I162S2C6J2V1,,VALOR_CERTIFICADO_DIPLOMA,REVISAR_VALOR_CERTIFICADO_DIPLOMA_SIN_FUENTE,FORMULARIO_CNED_DESCONOCIDO,REVISAR,MEDIA,DUDA_METODOLOGICA,VALIDAR_CON_FINANZAS_ARANCELES,FINANZAS_ARANCELES_INSTITUCIONAL,DEPENDE,DEPENDE,Requiere fuente monetaria explicita; no usar cero ni inferencias.
53,I162S2C6J2V1,,ARANCEL_ANUAL,REVISAR_ARANCEL_ANUAL_SIN_FUENTE,FORMULARIO_CNED_DESCONOCIDO,REVISAR,MEDIA,DUDA_METODOLOGICA,VALIDAR_CON_FINANZAS_ARANCELES,FINANZAS_ARANCELES_INSTITUCIONAL,DEPENDE,DEPENDE,Requiere fuente monetaria explicita; no usar cero ni inferencias.
53,I162S2C6J2V1,,VIGENCIA_CARRERA,REVISAR_VIGENCIA_CARRERA_SIN_FUENTE_DIRECTA,OFICIAL_PROBABLE,REVISAR,ALTA,CAMPO_PENDIENTE_REAL,VALIDAR_CON_REGISTRO_CURRICULAR,REGISTRO_CURRICULAR_OFERTA_OFICIAL,SI,NO,Campo estructural/oficial: no resolver sin fuente institucional.
53,I162S2C6J2V1,,CNED_ESTADO_AUDITORIA,REQUIERE_REVISION,AUXILIAR_TECNICA,REVISION,BAJA,MARCA_TECNICA_REMOVIBLE,EXCLUIR_DE_ARCHIVO_CARGA_SI_ES_AUXILIAR,TRAZABILIDAD_INTERNA_CNED,NO,SI,No debe ir en archivo de carga; conservar en trazabilidad.
53,I162S2C6J2V1,,CNED_ALERTAS,CONTIENE_MARCAS_TECNICAS_DE_REVISION,AUXILIAR_TECNICA,REVISION,BAJA,MARCA_TECNICA_REMOVIBLE,EXCLUIR_DE_ARCHIVO_CARGA_SI_ES_AUXILIAR,TRAZABILIDAD_INTERNA_CNED,NO,SI,No debe ir en archivo de carga; conservar en trazabilidad.
53,I162S2C6J2V1,,CNED_PUEDE_SUBIR_PRELIMINAR,REVISAR,AUXILIAR_TECNICA,REVISAR,BAJA,MARCA_TECNICA_REMOVIBLE,EXCLUIR_DE_ARCHIVO_CARGA_SI_ES_AUXILIAR,TRAZABILIDAD_INTERNA_CNED,NO,SI,No debe ir en archivo de carga; conservar en trazabilidad.
54,I162S2C6J4V1,,Área del Conocimiento,REVISAR_AREA_CONOCIMIENTO_10,FORMULARIO_CNED_DESCONOCIDO,REVISAR,MEDIA,DUDA_METODOLOGICA,REQUIERE_DECISION_INSTITUCIONAL,AREA_ACADEMICA_O_DUENO_DEL_PROGRAMA,DEPENDE,DEPENDE,Campo de formulario o carga potencial: validar contra instructivo CNED antes de excluir o completar.
54,I162S2C6J4V1,,Sub Área,REVISAR_SUB_AREA_SIN_FUENTE_DIRECTA,FORMULARIO_CNED_DESCONOCIDO,REVISAR,MEDIA,DUDA_METODOLOGICA,REQUIERE_DECISION_INSTITUCIONAL,AREA_ACADEMICA_O_DUENO_DEL_PROGRAMA,DEPENDE,DEPENDE,Campo de formulario o carga potencial: validar contra instructivo CNED antes de excluir o completar.
54,I162S2C6J4V1,,Carrera Genérica,REVISAR_CARRERA_GENERICA_SIN_FUENTE_DIRECTA,FORMULARIO_CNED_DESCONOCIDO,REVISAR,MEDIA,DUDA_METODOLOGICA,REQUIERE_DECISION_INSTITUCIONAL,AREA_ACADEMICA_O_DUENO_DEL_PROGRAMA,DEPENDE,DEPENDE,Campo de formulario o carga potencial: validar contra instructivo CNED antes de excluir o completar.
54,I162S2C6J4V1,,Grado Académico que otorga el programa,REVISAR_GRADO_ACADEMICO_SIN_FUENTE_DIRECTA,FORMULARIO_CNED_DESCONOCIDO,REVISAR,MEDIA,DUDA_METODOLOGICA,NO_RESOLVER_AUTOMATICAMENTE,INSTRUCTIVO_CNED_Y_DECISION_INSTITUCIONAL,DEPENDE,DEPENDE,Campo de formulario o carga potencial: validar contra instructivo CNED antes de excluir o completar.
54,I162S2C6J4V1,,Dependencia,REVISAR_DEPENDENCIA_SIN_FUENTE_DIRECTA,FORMULARIO_CNED_DESCONOCIDO,REVISAR,MEDIA,DUDA_METODOLOGICA,REQUIERE_DECISION_INSTITUCIONAL,AREA_ACADEMICA_O_DUENO_DEL_PROGRAMA,DEPENDE,DEPENDE,Campo de formulario o carga potencial: validar contra instructivo CNED antes de excluir o completar.
54,I162S2C6J4V1,,Régimen,REVISAR_REGIMEN_CODIGO_1,OFICIAL_PROBABLE,REVISAR,ALTA,CAMPO_PENDIENTE_REAL,VALIDAR_CON_REGISTRO_CURRICULAR,REGISTRO_CURRICULAR_OFERTA_OFICIAL,SI,NO,Campo estructural/oficial: no resolver sin fuente institucional.
54,I162S2C6J4V1,,Ingreso Directo,REVISAR_INGRESO_DIRECTO_CODIGO_REQUISITO_INGRESO_1,FORMULARIO_CNED_DESCONOCIDO,REVISAR,MEDIA,DUDA_METODOLOGICA,VALIDAR_CON_AREA_ACADEMICA,AREA_ACADEMICA_O_DUENO_DEL_PROGRAMA,DEPENDE,DEPENDE,Campo de formulario o carga potencial: validar contra instructivo CNED antes de excluir o completar.
54,I162S2C6J4V1,,Observaciones,Crear según matriz PROMEDIOSDEALUMNOS_7804.xlsx / hoja matriz; conciliado contra diccionario oferta 2026; no encontrado en listado existente INDICES por CODIGO_UNICO; campos sin fuente directa quedan con revisión específica; Revisión por alternativa estructural no exacta: I162S2C6J4V2.,FORMULARIO_CNED_DESCONOCIDO,REVISION,MEDIA,OBSERVACION_INSTITUCIONAL,MANTENER_SOLO_COMO_TRAZABILIDAD,INSTRUCTIVO_CNED_Y_DECISION_INSTITUCIONAL,DEPENDE,DEPENDE,Campo de formulario o carga potencial: validar contra instructivo CNED antes de excluir o completar.
54,I162S2C6J4V1,,ANIO_INICIO,REVISAR_ANIO_INICIO_SIN_FUENTE,OFICIAL_PROBABLE,REVISAR,ALTA,CAMPO_PENDIENTE_REAL,VALIDAR_CON_REGISTRO_CURRICULAR,REGISTRO_CURRICULAR_OFERTA_OFICIAL,SI,NO,Campo estructural/oficial: no resolver sin fuente institucional.
54,I162S2C6J4V1,,REGIMEN,REVISAR_REGIMEN_SIN_FUENTE,OFICIAL_PROBABLE,REVISAR,ALTA,CAMPO_PENDIENTE_REAL,VALIDAR_CON_REGISTRO_CURRICULAR,REGISTRO_CURRICULAR_OFERTA_OFICIAL,SI,NO,Campo estructural/oficial: no resolver sin fuente institucional.
54,I162S2C6J4V1,,DURACION_REGIMEN,REVISAR_DURACION_REGIMEN_SIN_FUENTE,OFICIAL_PROBABLE,REVISAR,ALTA,CAMPO_PENDIENTE_REAL,VALIDAR_CON_REGISTRO_CURRICULAR,REGISTRO_CURRICULAR_OFERTA_OFICIAL,SI,NO,Campo estructural/oficial: no resolver sin fuente institucional.
54,I162S2C6J4V1,,NOMBRE_TITULO,REVISAR_NOMBRE_TITULO_SIN_FUENTE_CONFIABLE,OFICIAL_PROBABLE,REVISAR,ALTA,CAMPO_PENDIENTE_REAL,VALIDAR_CON_OFERTA_ACADEMICA,OFERTA_ACADEMICA_INSTITUCIONAL,SI,NO,Campo estructural/oficial: no resolver sin fuente institucional.
54,I162S2C6J4V1,,ACREDITACION,REVISAR_ACREDITACION_SIN_FUENTE,OFICIAL_PROBABLE,REVISAR,ALTA,CAMPO_PENDIENTE_REAL,VALIDAR_CON_OFERTA_ACADEMICA,OFERTA_ACADEMICA_INSTITUCIONAL,SI,NO,Campo estructural/oficial: no resolver sin fuente institucional.
54,I162S2C6J4V1,,REQUISITO_INGRESO,REVISAR_REQUISITO_INGRESO_SIN_FUENTE,OFICIAL_PROBABLE,REVISAR,ALTA,CAMPO_PENDIENTE_REAL,VALIDAR_CON_OFERTA_ACADEMICA,OFERTA_ACADEMICA_INSTITUCIONAL,SI,NO,Campo estructural/oficial: no resolver sin fuente institucional.
54,I162S2C6J4V1,,SEMESTRES_RECONOCIDOS,REVISAR_SEMESTRES_RECONOCIDOS_SIN_FUENTE,OFICIAL_PROBABLE,REVISAR,ALTA,CAMPO_PENDIENTE_REAL,VALIDAR_CON_OFERTA_ACADEMICA,OFERTA_ACADEMICA_INSTITUCIONAL,SI,NO,Campo estructural/oficial: no resolver sin fuente institucional.
54,I162S2C6J4V1,,AREA_ACTUAL,REVISAR_AREA_ACTUAL_SIN_FUENTE,OFICIAL_PROBABLE,REVISAR,ALTA,CAMPO_PENDIENTE_REAL,VALIDAR_CON_OFERTA_ACADEMICA,OFERTA_ACADEMICA_INSTITUCIONAL,SI,NO,Campo estructural/oficial: no resolver sin fuente institucional.
54,I162S2C6J4V1,,AREA_ADMIN_DERECHO,REVISAR_AREA_ADMIN_DERECHO_SIN_FUENTE,FORMULARIO_CNED_DESCONOCIDO,REVISAR,MEDIA,DUDA_METODOLOGICA,REQUIERE_DECISION_INSTITUCIONAL,AREA_ACADEMICA_O_DUENO_DEL_PROGRAMA,DEPENDE,DEPENDE,Campo de formulario o carga potencial: validar contra instructivo CNED antes de excluir o completar.
54,I162S2C6J4V1,,AREA_AGRI_SILVI_PESCA_VET,REVISAR_AREA_AGRI_SILVI_PESCA_VET_SIN_FUENTE,FORMULARIO_CNED_DESCONOCIDO,REVISAR,MEDIA,DUDA_METODOLOGICA,REQUIERE_DECISION_INSTITUCIONAL,AREA_ACADEMICA_O_DUENO_DEL_PROGRAMA,DEPENDE,DEPENDE,Campo de formulario o carga potencial: validar contra instructivo CNED antes de excluir o completar.
54,I162S2C6J4V1,,AREA_ARTES_HUMANIDADES,REVISAR_AREA_ARTES_HUMANIDADES_SIN_FUENTE,FORMULARIO_CNED_DESCONOCIDO,REVISAR,MEDIA,DUDA_METODOLOGICA,REQUIERE_DECISION_INSTITUCIONAL,AREA_ACADEMICA_O_DUENO_DEL_PROGRAMA,DEPENDE,DEPENDE,Campo de formulario o carga potencial: validar contra instructivo CNED antes de excluir o completar.
54,I162S2C6J4V1,,AREA_CIENCIAS_NAT_MAT_ESTAD,REVISAR_AREA_CIENCIAS_NAT_MAT_ESTAD_SIN_FUENTE,FORMULARIO_CNED_DESCONOCIDO,REVISAR,MEDIA,DUDA_METODOLOGICA,REQUIERE_DECISION_INSTITUCIONAL,AREA_ACADEMICA_O_DUENO_DEL_PROGRAMA,DEPENDE,DEPENDE,Campo de formulario o carga potencial: validar contra instructivo CNED antes de excluir o completar.
54,I162S2C6J4V1,,AREA_CS_SOCIAL_PERIODISMO_INFO,REVISAR_AREA_CS_SOCIAL_PERIODISMO_INFO_SIN_FUENTE,FORMULARIO_CNED_DESCONOCIDO,REVISAR,MEDIA,DUDA_METODOLOGICA,REQUIERE_DECISION_INSTITUCIONAL,AREA_ACADEMICA_O_DUENO_DEL_PROGRAMA,DEPENDE,DEPENDE,Campo de formulario o carga potencial: validar contra instructivo CNED antes de excluir o completar.
54,I162S2C6J4V1,,AREA_EDUCACION,REVISAR_AREA_EDUCACION_SIN_FUENTE,FORMULARIO_CNED_DESCONOCIDO,REVISAR,MEDIA,DUDA_METODOLOGICA,REQUIERE_DECISION_INSTITUCIONAL,AREA_ACADEMICA_O_DUENO_DEL_PROGRAMA,DEPENDE,DEPENDE,Campo de formulario o carga potencial: validar contra instructivo CNED antes de excluir o completar.
54,I162S2C6J4V1,,AREA_INGE_INDUSTRIA_CONSTRUC,REVISAR_AREA_INGE_INDUSTRIA_CONSTRUC_SIN_FUENTE,FORMULARIO_CNED_DESCONOCIDO,REVISAR,MEDIA,DUDA_METODOLOGICA,REQUIERE_DECISION_INSTITUCIONAL,AREA_ACADEMICA_O_DUENO_DEL_PROGRAMA,DEPENDE,DEPENDE,Campo de formulario o carga potencial: validar contra instructivo CNED antes de excluir o completar.
54,I162S2C6J4V1,,AREA_SALUD_BIENESTAR,REVISAR_AREA_SALUD_BIENESTAR_SIN_FUENTE,FORMULARIO_CNED_DESCONOCIDO,REVISAR,MEDIA,DUDA_METODOLOGICA,REQUIERE_DECISION_INSTITUCIONAL,AREA_ACADEMICA_O_DUENO_DEL_PROGRAMA,DEPENDE,DEPENDE,Campo de formulario o carga potencial: validar contra instructivo CNED antes de excluir o completar.
54,I162S2C6J4V1,,AREA_SERVICIOS,REVISAR_AREA_SERVICIOS_SIN_FUENTE,FORMULARIO_CNED_DESCONOCIDO,REVISAR,MEDIA,DUDA_METODOLOGICA,REQUIERE_DECISION_INSTITUCIONAL,AREA_ACADEMICA_O_DUENO_DEL_PROGRAMA,DEPENDE,DEPENDE,Campo de formulario o carga potencial: validar contra instructivo CNED antes de excluir o completar.
54,I162S2C6J4V1,,AREA_TECNO_INFO_COMUNICA,REVISAR_AREA_TECNO_INFO_COMUNICA_SIN_FUENTE,FORMULARIO_CNED_DESCONOCIDO,REVISAR,MEDIA,DUDA_METODOLOGICA,REQUIERE_DECISION_INSTITUCIONAL,AREA_ACADEMICA_O_DUENO_DEL_PROGRAMA,DEPENDE,DEPENDE,Campo de formulario o carga potencial: validar contra instructivo CNED antes de excluir o completar.
54,I162S2C6J4V1,,VACANTES_PRIMER_SEMESTRE,REVISAR_VACANTES_PRIMER_SEMESTRE_SIN_FUENTE,FORMULARIO_CNED_DESCONOCIDO,REVISAR,MEDIA,DUDA_METODOLOGICA,REQUIERE_DECISION_INSTITUCIONAL,AREA_ACADEMICA_O_DUENO_DEL_PROGRAMA,DEPENDE,DEPENDE,Campo de formulario o carga potencial: validar contra instructivo CNED antes de excluir o completar.
54,I162S2C6J4V1,,VACANTES_SEGUNDO_SEMESTRE,REVISAR_VACANTES_SEGUNDO_SEMESTRE_SIN_FUENTE,FORMULARIO_CNED_DESCONOCIDO,REVISAR,MEDIA,DUDA_METODOLOGICA,REQUIERE_DECISION_INSTITUCIONAL,AREA_ACADEMICA_O_DUENO_DEL_PROGRAMA,DEPENDE,DEPENDE,Campo de formulario o carga potencial: validar contra instructivo CNED antes de excluir o completar.
54,I162S2C6J4V1,,FECHA_ADMISION_INICIAL,REVISAR_FECHA_ADMISION_INICIAL_SIN_FUENTE,FORMULARIO_CNED_DESCONOCIDO,REVISAR,MEDIA,DUDA_METODOLOGICA,NO_RESOLVER_AUTOMATICAMENTE,INSTRUCTIVO_CNED_Y_DECISION_INSTITUCIONAL,DEPENDE,DEPENDE,Campo de formulario o carga potencial: validar contra instructivo CNED antes de excluir o completar.
54,I162S2C6J4V1,,MALLA_CURRICULAR,REVISAR_MALLA_CURRICULAR_SIN_FUENTE,FORMULARIO_CNED_DESCONOCIDO,REVISAR,MEDIA,DUDA_METODOLOGICA,VALIDAR_CON_AREA_ACADEMICA,AREA_ACADEMICA_O_DUENO_DEL_PROGRAMA,DEPENDE,DEPENDE,Campo de formulario o carga potencial: validar contra instructivo CNED antes de excluir o completar.
54,I162S2C6J4V1,,PERFIL_EGRESO,REVISAR_PERFIL_EGRESO_SIN_FUENTE,FORMULARIO_CNED_DESCONOCIDO,REVISAR,MEDIA,DUDA_METODOLOGICA,VALIDAR_CON_AREA_ACADEMICA,AREA_ACADEMICA_O_DUENO_DEL_PROGRAMA,DEPENDE,DEPENDE,Campo de formulario o carga potencial: validar contra instructivo CNED antes de excluir o completar.
54,I162S2C6J4V1,,TEXTO_REQUISITO_INGRESO,REVISAR_TEXTO_REQUISITO_INGRESO_SIN_FUENTE,FORMULARIO_CNED_DESCONOCIDO,REVISAR,MEDIA,DUDA_METODOLOGICA,VALIDAR_CON_AREA_ACADEMICA,AREA_ACADEMICA_O_DUENO_DEL_PROGRAMA,DEPENDE,DEPENDE,Campo de formulario o carga potencial: validar contra instructivo CNED antes de excluir o completar.
54,I162S2C6J4V1,,LICENCIA_ENS_MEDIA,REVISAR_LICENCIA_ENS_MEDIA_SIN_FUENTE,FORMULARIO_CNED_DESCONOCIDO,REVISAR,MEDIA,DUDA_METODOLOGICA,VALIDAR_CON_AREA_ACADEMICA,AREA_ACADEMICA_O_DUENO_DEL_PROGRAMA,DEPENDE,DEPENDE,Campo de formulario o carga potencial: validar contra instructivo CNED antes de excluir o completar.
54,I162S2C6J4V1,,NOTAS_ENS_MEDIA,REVISAR_NOTAS_ENS_MEDIA_SIN_FUENTE,FORMULARIO_CNED_DESCONOCIDO,REVISAR,MEDIA,DUDA_METODOLOGICA,VALIDAR_CON_AREA_ACADEMICA,AREA_ACADEMICA_O_DUENO_DEL_PROGRAMA,DEPENDE,DEPENDE,Campo de formulario o carga potencial: validar contra instructivo CNED antes de excluir o completar.
54,I162S2C6J4V1,,PROMEDIO_MIN_ENS_MEDIA,REVISAR_PROMEDIO_MIN_ENS_MEDIA_SIN_FUENTE,FORMULARIO_CNED_DESCONOCIDO,REVISAR,MEDIA,DUDA_METODOLOGICA,NO_RESOLVER_AUTOMATICAMENTE,INSTRUCTIVO_CNED_Y_DECISION_INSTITUCIONAL,DEPENDE,DEPENDE,Campo de formulario o carga potencial: validar contra instructivo CNED antes de excluir o completar.
54,I162S2C6J4V1,,RECONOCIMIENTOS_APREN_PREVIOS,REVISAR_RECONOCIMIENTOS_APREN_PREVIOS_SIN_FUENTE,FORMULARIO_CNED_DESCONOCIDO,REVISAR,MEDIA,DUDA_METODOLOGICA,NO_RESOLVER_AUTOMATICAMENTE,INSTRUCTIVO_CNED_Y_DECISION_INSTITUCIONAL,DEPENDE,DEPENDE,Campo de formulario o carga potencial: validar contra instructivo CNED antes de excluir o completar.
54,I162S2C6J4V1,,EXPERIENCIA_LABORAL,REVISAR_EXPERIENCIA_LABORAL_SIN_FUENTE,FORMULARIO_CNED_DESCONOCIDO,REVISAR,MEDIA,DUDA_METODOLOGICA,VALIDAR_CON_AREA_ACADEMICA,AREA_ACADEMICA_O_DUENO_DEL_PROGRAMA,DEPENDE,DEPENDE,Campo de formulario o carga potencial: validar contra instructivo CNED antes de excluir o completar.
54,I162S2C6J4V1,,OTROS_REQUISITOS,REVISAR_OTROS_REQUISITOS_SIN_FUENTE,FORMULARIO_CNED_DESCONOCIDO,REVISAR,MEDIA,DUDA_METODOLOGICA,VALIDAR_CON_AREA_ACADEMICA,AREA_ACADEMICA_O_DUENO_DEL_PROGRAMA,DEPENDE,DEPENDE,Campo de formulario o carga potencial: validar contra instructivo CNED antes de excluir o completar.
54,I162S2C6J4V1,,MAIL_DIFUSION_CARRERA,REVISAR_MAIL_DIFUSION_CARRERA_SIN_FUENTE,FORMULARIO_CNED_DESCONOCIDO,REVISAR,MEDIA,DUDA_METODOLOGICA,NO_RESOLVER_AUTOMATICAMENTE,INSTRUCTIVO_CNED_Y_DECISION_INSTITUCIONAL,DEPENDE,DEPENDE,Campo de formulario o carga potencial: validar contra instructivo CNED antes de excluir o completar.
54,I162S2C6J4V1,,FORMATO_VALOR,REVISAR_FORMATO_VALOR_SIN_FUENTE,FORMULARIO_CNED_DESCONOCIDO,REVISAR,MEDIA,DUDA_METODOLOGICA,VALIDAR_CON_FINANZAS_ARANCELES,FINANZAS_ARANCELES_INSTITUCIONAL,DEPENDE,DEPENDE,Requiere fuente monetaria explicita; no usar cero ni inferencias.
54,I162S2C6J4V1,,VALOR_MATRICULA_ANUAL,REVISAR_VALOR_MATRICULA_ANUAL_SIN_FUENTE,FORMULARIO_CNED_DESCONOCIDO,REVISAR,MEDIA,DUDA_METODOLOGICA,VALIDAR_CON_FINANZAS_ARANCELES,FINANZAS_ARANCELES_INSTITUCIONAL,DEPENDE,DEPENDE,Requiere fuente monetaria explicita; no usar cero ni inferencias.
54,I162S2C6J4V1,,COSTO_TITULACION,REVISAR_COSTO_TITULACION_SIN_FUENTE,FORMULARIO_CNED_DESCONOCIDO,REVISAR,MEDIA,DUDA_METODOLOGICA,VALIDAR_CON_FINANZAS_ARANCELES,FINANZAS_ARANCELES_INSTITUCIONAL,DEPENDE,DEPENDE,Requiere fuente monetaria explicita; no usar cero ni inferencias.
54,I162S2C6J4V1,,VALOR_CERTIFICADO_DIPLOMA,REVISAR_VALOR_CERTIFICADO_DIPLOMA_SIN_FUENTE,FORMULARIO_CNED_DESCONOCIDO,REVISAR,MEDIA,DUDA_METODOLOGICA,VALIDAR_CON_FINANZAS_ARANCELES,FINANZAS_ARANCELES_INSTITUCIONAL,DEPENDE,DEPENDE,Requiere fuente monetaria explicita; no usar cero ni inferencias.
54,I162S2C6J4V1,,ARANCEL_ANUAL,REVISAR_ARANCEL_ANUAL_SIN_FUENTE,FORMULARIO_CNED_DESCONOCIDO,REVISAR,MEDIA,DUDA_METODOLOGICA,VALIDAR_CON_FINANZAS_ARANCELES,FINANZAS_ARANCELES_INSTITUCIONAL,DEPENDE,DEPENDE,Requiere fuente monetaria explicita; no usar cero ni inferencias.
54,I162S2C6J4V1,,VIGENCIA_CARRERA,REVISAR_VIGENCIA_CARRERA_SIN_FUENTE_DIRECTA,OFICIAL_PROBABLE,REVISAR,ALTA,CAMPO_PENDIENTE_REAL,VALIDAR_CON_REGISTRO_CURRICULAR,REGISTRO_CURRICULAR_OFERTA_OFICIAL,SI,NO,Campo estructural/oficial: no resolver sin fuente institucional.
54,I162S2C6J4V1,,CNED_ESTADO_AUDITORIA,REQUIERE_REVISION,AUXILIAR_TECNICA,REVISION,BAJA,MARCA_TECNICA_REMOVIBLE,EXCLUIR_DE_ARCHIVO_CARGA_SI_ES_AUXILIAR,TRAZABILIDAD_INTERNA_CNED,NO,SI,No debe ir en archivo de carga; conservar en trazabilidad.
54,I162S2C6J4V1,,CNED_ALERTAS,CONTIENE_MARCAS_TECNICAS_DE_REVISION,AUXILIAR_TECNICA,REVISION,BAJA,MARCA_TECNICA_REMOVIBLE,EXCLUIR_DE_ARCHIVO_CARGA_SI_ES_AUXILIAR,TRAZABILIDAD_INTERNA_CNED,NO,SI,No debe ir en archivo de carga; conservar en trazabilidad.
54,I162S2C6J4V1,,CNED_PUEDE_SUBIR_PRELIMINAR,REVISAR,AUXILIAR_TECNICA,REVISAR,BAJA,MARCA_TECNICA_REMOVIBLE,EXCLUIR_DE_ARCHIVO_CARGA_SI_ES_AUXILIAR,TRAZABILIDAD_INTERNA_CNED,NO,SI,No debe ir en archivo de carga; conservar en trazabilidad.
55,I162S2C70J4V1,,Área del Conocimiento,REVISAR_AREA_CODIGO_7,FORMULARIO_CNED_DESCONOCIDO,REVISAR,MEDIA,DUDA_METODOLOGICA,REQUIERE_DECISION_INSTITUCIONAL,AREA_ACADEMICA_O_DUENO_DEL_PROGRAMA,DEPENDE,DEPENDE,Campo de formulario o carga potencial: validar contra instructivo CNED antes de excluir o completar.
55,I162S2C70J4V1,,Sub Área,REVISAR_SUB_AREA_SIN_FUENTE_DIRECTA,FORMULARIO_CNED_DESCONOCIDO,REVISAR,MEDIA,DUDA_METODOLOGICA,REQUIERE_DECISION_INSTITUCIONAL,AREA_ACADEMICA_O_DUENO_DEL_PROGRAMA,DEPENDE,DEPENDE,Campo de formulario o carga potencial: validar contra instructivo CNED antes de excluir o completar.
55,I162S2C70J4V1,,Carrera Genérica,REVISAR_CARRERA_GENERICA_SIN_FUENTE_DIRECTA,FORMULARIO_CNED_DESCONOCIDO,REVISAR,MEDIA,DUDA_METODOLOGICA,REQUIERE_DECISION_INSTITUCIONAL,AREA_ACADEMICA_O_DUENO_DEL_PROGRAMA,DEPENDE,DEPENDE,Campo de formulario o carga potencial: validar contra instructivo CNED antes de excluir o completar.
55,I162S2C70J4V1,,Grado Académico que otorga el programa,REVISAR_GRADO_ACADEMICO_SIN_FUENTE_DIRECTA,FORMULARIO_CNED_DESCONOCIDO,REVISAR,MEDIA,DUDA_METODOLOGICA,NO_RESOLVER_AUTOMATICAMENTE,INSTRUCTIVO_CNED_Y_DECISION_INSTITUCIONAL,DEPENDE,DEPENDE,Campo de formulario o carga potencial: validar contra instructivo CNED antes de excluir o completar.
55,I162S2C70J4V1,,Dependencia,REVISAR_DEPENDENCIA_SIN_FUENTE_DIRECTA,FORMULARIO_CNED_DESCONOCIDO,REVISAR,MEDIA,DUDA_METODOLOGICA,REQUIERE_DECISION_INSTITUCIONAL,AREA_ACADEMICA_O_DUENO_DEL_PROGRAMA,DEPENDE,DEPENDE,Campo de formulario o carga potencial: validar contra instructivo CNED antes de excluir o completar.
55,I162S2C70J4V1,,Régimen,REVISAR_REGIMEN_CODIGO_1,OFICIAL_PROBABLE,REVISAR,ALTA,CAMPO_PENDIENTE_REAL,VALIDAR_CON_REGISTRO_CURRICULAR,REGISTRO_CURRICULAR_OFERTA_OFICIAL,SI,NO,Campo estructural/oficial: no resolver sin fuente institucional.
55,I162S2C70J4V1,,Ingreso Directo,REVISAR_INGRESO_DIRECTO_CODIGO_REQUISITO_INGRESO_2,FORMULARIO_CNED_DESCONOCIDO,REVISAR,MEDIA,DUDA_METODOLOGICA,VALIDAR_CON_AREA_ACADEMICA,AREA_ACADEMICA_O_DUENO_DEL_PROGRAMA,DEPENDE,DEPENDE,Campo de formulario o carga potencial: validar contra instructivo CNED antes de excluir o completar.
55,I162S2C70J4V1,,Otro Tipo de Ingreso,REVISAR_OTRO_TIPO_INGRESO_CODIGO_REQUISITO_INGRESO_2,FORMULARIO_CNED_DESCONOCIDO,REVISAR,MEDIA,DUDA_METODOLOGICA,VALIDAR_CON_AREA_ACADEMICA,AREA_ACADEMICA_O_DUENO_DEL_PROGRAMA,DEPENDE,DEPENDE,Campo de formulario o carga potencial: validar contra instructivo CNED antes de excluir o completar.
55,I162S2C70J4V1,,Ingreso otro,REVISAR_DESCRIPCION_OTRO_INGRESO_SIN_TEXTO_FUENTE,FORMULARIO_CNED_DESCONOCIDO,REVISAR,MEDIA,DUDA_METODOLOGICA,VALIDAR_CON_AREA_ACADEMICA,AREA_ACADEMICA_O_DUENO_DEL_PROGRAMA,DEPENDE,DEPENDE,Campo de formulario o carga potencial: validar contra instructivo CNED antes de excluir o completar.
55,I162S2C70J4V1,,Observaciones,Crear según matriz PROMEDIOSDEALUMNOS_7804.xlsx / hoja matriz; conciliado contra diccionario oferta 2026; no encontrado en listado existente INDICES por CODIGO_UNICO; campos sin fuente directa quedan con revisión específica.,FORMULARIO_CNED_DESCONOCIDO,REVISION,MEDIA,OBSERVACION_INSTITUCIONAL,MANTENER_SOLO_COMO_TRAZABILIDAD,INSTRUCTIVO_CNED_Y_DECISION_INSTITUCIONAL,DEPENDE,DEPENDE,Campo de formulario o carga potencial: validar contra instructivo CNED antes de excluir o completar.
55,I162S2C70J4V1,,FECHA_ADMISION_INICIAL,REVISAR_FECHA_ADMISION_INICIAL_SIN_FUENTE,FORMULARIO_CNED_DESCONOCIDO,REVISAR,MEDIA,DUDA_METODOLOGICA,NO_RESOLVER_AUTOMATICAMENTE,INSTRUCTIVO_CNED_Y_DECISION_INSTITUCIONAL,DEPENDE,DEPENDE,Campo de formulario o carga potencial: validar contra instructivo CNED antes de excluir o completar.
55,I162S2C70J4V1,,MALLA_CURRICULAR,REVISAR_MALLA_CURRICULAR_SIN_FUENTE,FORMULARIO_CNED_DESCONOCIDO,REVISAR,MEDIA,DUDA_METODOLOGICA,VALIDAR_CON_AREA_ACADEMICA,AREA_ACADEMICA_O_DUENO_DEL_PROGRAMA,DEPENDE,DEPENDE,Campo de formulario o carga potencial: validar contra instructivo CNED antes de excluir o completar.
55,I162S2C70J4V1,,PERFIL_EGRESO,REVISAR_PERFIL_EGRESO_SIN_FUENTE,FORMULARIO_CNED_DESCONOCIDO,REVISAR,MEDIA,DUDA_METODOLOGICA,VALIDAR_CON_AREA_ACADEMICA,AREA_ACADEMICA_O_DUENO_DEL_PROGRAMA,DEPENDE,DEPENDE,Campo de formulario o carga potencial: validar contra instructivo CNED antes de excluir o completar.
55,I162S2C70J4V1,,TEXTO_REQUISITO_INGRESO,REVISAR_TEXTO_REQUISITO_INGRESO_SIN_FUENTE,FORMULARIO_CNED_DESCONOCIDO,REVISAR,MEDIA,DUDA_METODOLOGICA,VALIDAR_CON_AREA_ACADEMICA,AREA_ACADEMICA_O_DUENO_DEL_PROGRAMA,DEPENDE,DEPENDE,Campo de formulario o carga potencial: validar contra instructivo CNED antes de excluir o completar.
55,I162S2C70J4V1,,LICENCIA_ENS_MEDIA,REVISAR_LICENCIA_ENS_MEDIA_SIN_FUENTE,FORMULARIO_CNED_DESCONOCIDO,REVISAR,MEDIA,DUDA_METODOLOGICA,VALIDAR_CON_AREA_ACADEMICA,AREA_ACADEMICA_O_DUENO_DEL_PROGRAMA,DEPENDE,DEPENDE,Campo de formulario o carga potencial: validar contra instructivo CNED antes de excluir o completar.
55,I162S2C70J4V1,,NOTAS_ENS_MEDIA,REVISAR_NOTAS_ENS_MEDIA_SIN_FUENTE,FORMULARIO_CNED_DESCONOCIDO,REVISAR,MEDIA,DUDA_METODOLOGICA,VALIDAR_CON_AREA_ACADEMICA,AREA_ACADEMICA_O_DUENO_DEL_PROGRAMA,DEPENDE,DEPENDE,Campo de formulario o carga potencial: validar contra instructivo CNED antes de excluir o completar.
55,I162S2C70J4V1,,PROMEDIO_MIN_ENS_MEDIA,REVISAR_PROMEDIO_MIN_ENS_MEDIA_SIN_FUENTE,FORMULARIO_CNED_DESCONOCIDO,REVISAR,MEDIA,DUDA_METODOLOGICA,NO_RESOLVER_AUTOMATICAMENTE,INSTRUCTIVO_CNED_Y_DECISION_INSTITUCIONAL,DEPENDE,DEPENDE,Campo de formulario o carga potencial: validar contra instructivo CNED antes de excluir o completar.
55,I162S2C70J4V1,,RECONOCIMIENTOS_APREN_PREVIOS,REVISAR_RECONOCIMIENTOS_APREN_PREVIOS_SIN_FUENTE,FORMULARIO_CNED_DESCONOCIDO,REVISAR,MEDIA,DUDA_METODOLOGICA,NO_RESOLVER_AUTOMATICAMENTE,INSTRUCTIVO_CNED_Y_DECISION_INSTITUCIONAL,DEPENDE,DEPENDE,Campo de formulario o carga potencial: validar contra instructivo CNED antes de excluir o completar.
55,I162S2C70J4V1,,EXPERIENCIA_LABORAL,REVISAR_EXPERIENCIA_LABORAL_SIN_FUENTE,FORMULARIO_CNED_DESCONOCIDO,REVISAR,MEDIA,DUDA_METODOLOGICA,VALIDAR_CON_AREA_ACADEMICA,AREA_ACADEMICA_O_DUENO_DEL_PROGRAMA,DEPENDE,DEPENDE,Campo de formulario o carga potencial: validar contra instructivo CNED antes de excluir o completar.
55,I162S2C70J4V1,,OTROS_REQUISITOS,REVISAR_OTROS_REQUISITOS_SIN_FUENTE,FORMULARIO_CNED_DESCONOCIDO,REVISAR,MEDIA,DUDA_METODOLOGICA,VALIDAR_CON_AREA_ACADEMICA,AREA_ACADEMICA_O_DUENO_DEL_PROGRAMA,DEPENDE,DEPENDE,Campo de formulario o carga potencial: validar contra instructivo CNED antes de excluir o completar.
55,I162S2C70J4V1,,MAIL_DIFUSION_CARRERA,REVISAR_MAIL_DIFUSION_CARRERA_SIN_FUENTE,FORMULARIO_CNED_DESCONOCIDO,REVISAR,MEDIA,DUDA_METODOLOGICA,NO_RESOLVER_AUTOMATICAMENTE,INSTRUCTIVO_CNED_Y_DECISION_INSTITUCIONAL,DEPENDE,DEPENDE,Campo de formulario o carga potencial: validar contra instructivo CNED antes de excluir o completar.
55,I162S2C70J4V1,,FORMATO_VALOR,REVISAR_FORMATO_VALOR_SIN_FUENTE,FORMULARIO_CNED_DESCONOCIDO,REVISAR,MEDIA,DUDA_METODOLOGICA,VALIDAR_CON_FINANZAS_ARANCELES,FINANZAS_ARANCELES_INSTITUCIONAL,DEPENDE,DEPENDE,Requiere fuente monetaria explicita; no usar cero ni inferencias.
55,I162S2C70J4V1,,VALOR_MATRICULA_ANUAL,REVISAR_VALOR_MATRICULA_ANUAL_SIN_FUENTE,FORMULARIO_CNED_DESCONOCIDO,REVISAR,MEDIA,DUDA_METODOLOGICA,VALIDAR_CON_FINANZAS_ARANCELES,FINANZAS_ARANCELES_INSTITUCIONAL,DEPENDE,DEPENDE,Requiere fuente monetaria explicita; no usar cero ni inferencias.
55,I162S2C70J4V1,,COSTO_TITULACION,REVISAR_COSTO_TITULACION_SIN_FUENTE,FORMULARIO_CNED_DESCONOCIDO,REVISAR,MEDIA,DUDA_METODOLOGICA,VALIDAR_CON_FINANZAS_ARANCELES,FINANZAS_ARANCELES_INSTITUCIONAL,DEPENDE,DEPENDE,Requiere fuente monetaria explicita; no usar cero ni inferencias.
55,I162S2C70J4V1,,VALOR_CERTIFICADO_DIPLOMA,REVISAR_VALOR_CERTIFICADO_DIPLOMA_SIN_FUENTE,FORMULARIO_CNED_DESCONOCIDO,REVISAR,MEDIA,DUDA_METODOLOGICA,VALIDAR_CON_FINANZAS_ARANCELES,FINANZAS_ARANCELES_INSTITUCIONAL,DEPENDE,DEPENDE,Requiere fuente monetaria explicita; no usar cero ni inferencias.
55,I162S2C70J4V1,,ARANCEL_ANUAL,REVISAR_ARANCEL_ANUAL_SIN_FUENTE,FORMULARIO_CNED_DESCONOCIDO,REVISAR,MEDIA,DUDA_METODOLOGICA,VALIDAR_CON_FINANZAS_ARANCELES,FINANZAS_ARANCELES_INSTITUCIONAL,DEPENDE,DEPENDE,Requiere fuente monetaria explicita; no usar cero ni inferencias.
55,I162S2C70J4V1,,VIGENCIA_CARRERA,REVISAR_VIGENCIA_CARRERA_SIN_FUENTE_DIRECTA,OFICIAL_PROBABLE,REVISAR,ALTA,CAMPO_PENDIENTE_REAL,VALIDAR_CON_REGISTRO_CURRICULAR,REGISTRO_CURRICULAR_OFERTA_OFICIAL,SI,NO,Campo estructural/oficial: no resolver sin fuente institucional.
55,I162S2C70J4V1,,CNED_ESTADO_AUDITORIA,REQUIERE_REVISION,AUXILIAR_TECNICA,REVISION,BAJA,MARCA_TECNICA_REMOVIBLE,EXCLUIR_DE_ARCHIVO_CARGA_SI_ES_AUXILIAR,TRAZABILIDAD_INTERNA_CNED,NO,SI,No debe ir en archivo de carga; conservar en trazabilidad.
55,I162S2C70J4V1,,CNED_ALERTAS,CONTIENE_MARCAS_TECNICAS_DE_REVISION,AUXILIAR_TECNICA,REVISION,BAJA,MARCA_TECNICA_REMOVIBLE,EXCLUIR_DE_ARCHIVO_CARGA_SI_ES_AUXILIAR,TRAZABILIDAD_INTERNA_CNED,NO,SI,No debe ir en archivo de carga; conservar en trazabilidad.
55,I162S2C70J4V1,,CNED_PUEDE_SUBIR_PRELIMINAR,REVISAR,AUXILIAR_TECNICA,REVISAR,BAJA,MARCA_TECNICA_REMOVIBLE,EXCLUIR_DE_ARCHIVO_CARGA_SI_ES_AUXILIAR,TRAZABILIDAD_INTERNA_CNED,NO,SI,No debe ir en archivo de carga; conservar en trazabilidad.
56,I162S2C71J4V1,,Área del Conocimiento,REVISAR_AREA_CODIGO_10,FORMULARIO_CNED_DESCONOCIDO,REVISAR,MEDIA,DUDA_METODOLOGICA,REQUIERE_DECISION_INSTITUCIONAL,AREA_ACADEMICA_O_DUENO_DEL_PROGRAMA,DEPENDE,DEPENDE,Campo de formulario o carga potencial: validar contra instructivo CNED antes de excluir o completar.
56,I162S2C71J4V1,,Sub Área,REVISAR_SUB_AREA_SIN_FUENTE_DIRECTA,FORMULARIO_CNED_DESCONOCIDO,REVISAR,MEDIA,DUDA_METODOLOGICA,REQUIERE_DECISION_INSTITUCIONAL,AREA_ACADEMICA_O_DUENO_DEL_PROGRAMA,DEPENDE,DEPENDE,Campo de formulario o carga potencial: validar contra instructivo CNED antes de excluir o completar.
56,I162S2C71J4V1,,Carrera Genérica,REVISAR_CARRERA_GENERICA_SIN_FUENTE_DIRECTA,FORMULARIO_CNED_DESCONOCIDO,REVISAR,MEDIA,DUDA_METODOLOGICA,REQUIERE_DECISION_INSTITUCIONAL,AREA_ACADEMICA_O_DUENO_DEL_PROGRAMA,DEPENDE,DEPENDE,Campo de formulario o carga potencial: validar contra instructivo CNED antes de excluir o completar.
56,I162S2C71J4V1,,Grado Académico que otorga el programa,REVISAR_GRADO_ACADEMICO_SIN_FUENTE_DIRECTA,FORMULARIO_CNED_DESCONOCIDO,REVISAR,MEDIA,DUDA_METODOLOGICA,NO_RESOLVER_AUTOMATICAMENTE,INSTRUCTIVO_CNED_Y_DECISION_INSTITUCIONAL,DEPENDE,DEPENDE,Campo de formulario o carga potencial: validar contra instructivo CNED antes de excluir o completar.
56,I162S2C71J4V1,,Dependencia,REVISAR_DEPENDENCIA_SIN_FUENTE_DIRECTA,FORMULARIO_CNED_DESCONOCIDO,REVISAR,MEDIA,DUDA_METODOLOGICA,REQUIERE_DECISION_INSTITUCIONAL,AREA_ACADEMICA_O_DUENO_DEL_PROGRAMA,DEPENDE,DEPENDE,Campo de formulario o carga potencial: validar contra instructivo CNED antes de excluir o completar.
56,I162S2C71J4V1,,Régimen,REVISAR_REGIMEN_CODIGO_1,OFICIAL_PROBABLE,REVISAR,ALTA,CAMPO_PENDIENTE_REAL,VALIDAR_CON_REGISTRO_CURRICULAR,REGISTRO_CURRICULAR_OFERTA_OFICIAL,SI,NO,Campo estructural/oficial: no resolver sin fuente institucional.
56,I162S2C71J4V1,,Ingreso Directo,REVISAR_INGRESO_DIRECTO_CODIGO_REQUISITO_INGRESO_2,FORMULARIO_CNED_DESCONOCIDO,REVISAR,MEDIA,DUDA_METODOLOGICA,VALIDAR_CON_AREA_ACADEMICA,AREA_ACADEMICA_O_DUENO_DEL_PROGRAMA,DEPENDE,DEPENDE,Campo de formulario o carga potencial: validar contra instructivo CNED antes de excluir o completar.
56,I162S2C71J4V1,,Otro Tipo de Ingreso,REVISAR_OTRO_TIPO_INGRESO_CODIGO_REQUISITO_INGRESO_2,FORMULARIO_CNED_DESCONOCIDO,REVISAR,MEDIA,DUDA_METODOLOGICA,VALIDAR_CON_AREA_ACADEMICA,AREA_ACADEMICA_O_DUENO_DEL_PROGRAMA,DEPENDE,DEPENDE,Campo de formulario o carga potencial: validar contra instructivo CNED antes de excluir o completar.
56,I162S2C71J4V1,,Ingreso otro,REVISAR_DESCRIPCION_OTRO_INGRESO_SIN_TEXTO_FUENTE,FORMULARIO_CNED_DESCONOCIDO,REVISAR,MEDIA,DUDA_METODOLOGICA,VALIDAR_CON_AREA_ACADEMICA,AREA_ACADEMICA_O_DUENO_DEL_PROGRAMA,DEPENDE,DEPENDE,Campo de formulario o carga potencial: validar contra instructivo CNED antes de excluir o completar.
56,I162S2C71J4V1,,Observaciones,Crear según matriz PROMEDIOSDEALUMNOS_7804.xlsx / hoja matriz; conciliado contra diccionario oferta 2026; no encontrado en listado existente INDICES por CODIGO_UNICO; campos sin fuente directa quedan con revisión específica.,FORMULARIO_CNED_DESCONOCIDO,REVISION,MEDIA,OBSERVACION_INSTITUCIONAL,MANTENER_SOLO_COMO_TRAZABILIDAD,INSTRUCTIVO_CNED_Y_DECISION_INSTITUCIONAL,DEPENDE,DEPENDE,Campo de formulario o carga potencial: validar contra instructivo CNED antes de excluir o completar.
56,I162S2C71J4V1,,FECHA_ADMISION_INICIAL,REVISAR_FECHA_ADMISION_INICIAL_SIN_FUENTE,FORMULARIO_CNED_DESCONOCIDO,REVISAR,MEDIA,DUDA_METODOLOGICA,NO_RESOLVER_AUTOMATICAMENTE,INSTRUCTIVO_CNED_Y_DECISION_INSTITUCIONAL,DEPENDE,DEPENDE,Campo de formulario o carga potencial: validar contra instructivo CNED antes de excluir o completar.
56,I162S2C71J4V1,,MALLA_CURRICULAR,REVISAR_MALLA_CURRICULAR_SIN_FUENTE,FORMULARIO_CNED_DESCONOCIDO,REVISAR,MEDIA,DUDA_METODOLOGICA,VALIDAR_CON_AREA_ACADEMICA,AREA_ACADEMICA_O_DUENO_DEL_PROGRAMA,DEPENDE,DEPENDE,Campo de formulario o carga potencial: validar contra instructivo CNED antes de excluir o completar.
56,I162S2C71J4V1,,PERFIL_EGRESO,REVISAR_PERFIL_EGRESO_SIN_FUENTE,FORMULARIO_CNED_DESCONOCIDO,REVISAR,MEDIA,DUDA_METODOLOGICA,VALIDAR_CON_AREA_ACADEMICA,AREA_ACADEMICA_O_DUENO_DEL_PROGRAMA,DEPENDE,DEPENDE,Campo de formulario o carga potencial: validar contra instructivo CNED antes de excluir o completar.
56,I162S2C71J4V1,,TEXTO_REQUISITO_INGRESO,REVISAR_TEXTO_REQUISITO_INGRESO_SIN_FUENTE,FORMULARIO_CNED_DESCONOCIDO,REVISAR,MEDIA,DUDA_METODOLOGICA,VALIDAR_CON_AREA_ACADEMICA,AREA_ACADEMICA_O_DUENO_DEL_PROGRAMA,DEPENDE,DEPENDE,Campo de formulario o carga potencial: validar contra instructivo CNED antes de excluir o completar.
56,I162S2C71J4V1,,LICENCIA_ENS_MEDIA,REVISAR_LICENCIA_ENS_MEDIA_SIN_FUENTE,FORMULARIO_CNED_DESCONOCIDO,REVISAR,MEDIA,DUDA_METODOLOGICA,VALIDAR_CON_AREA_ACADEMICA,AREA_ACADEMICA_O_DUENO_DEL_PROGRAMA,DEPENDE,DEPENDE,Campo de formulario o carga potencial: validar contra instructivo CNED antes de excluir o completar.
56,I162S2C71J4V1,,NOTAS_ENS_MEDIA,REVISAR_NOTAS_ENS_MEDIA_SIN_FUENTE,FORMULARIO_CNED_DESCONOCIDO,REVISAR,MEDIA,DUDA_METODOLOGICA,VALIDAR_CON_AREA_ACADEMICA,AREA_ACADEMICA_O_DUENO_DEL_PROGRAMA,DEPENDE,DEPENDE,Campo de formulario o carga potencial: validar contra instructivo CNED antes de excluir o completar.
56,I162S2C71J4V1,,PROMEDIO_MIN_ENS_MEDIA,REVISAR_PROMEDIO_MIN_ENS_MEDIA_SIN_FUENTE,FORMULARIO_CNED_DESCONOCIDO,REVISAR,MEDIA,DUDA_METODOLOGICA,NO_RESOLVER_AUTOMATICAMENTE,INSTRUCTIVO_CNED_Y_DECISION_INSTITUCIONAL,DEPENDE,DEPENDE,Campo de formulario o carga potencial: validar contra instructivo CNED antes de excluir o completar.
56,I162S2C71J4V1,,RECONOCIMIENTOS_APREN_PREVIOS,REVISAR_RECONOCIMIENTOS_APREN_PREVIOS_SIN_FUENTE,FORMULARIO_CNED_DESCONOCIDO,REVISAR,MEDIA,DUDA_METODOLOGICA,NO_RESOLVER_AUTOMATICAMENTE,INSTRUCTIVO_CNED_Y_DECISION_INSTITUCIONAL,DEPENDE,DEPENDE,Campo de formulario o carga potencial: validar contra instructivo CNED antes de excluir o completar.
56,I162S2C71J4V1,,EXPERIENCIA_LABORAL,REVISAR_EXPERIENCIA_LABORAL_SIN_FUENTE,FORMULARIO_CNED_DESCONOCIDO,REVISAR,MEDIA,DUDA_METODOLOGICA,VALIDAR_CON_AREA_ACADEMICA,AREA_ACADEMICA_O_DUENO_DEL_PROGRAMA,DEPENDE,DEPENDE,Campo de formulario o carga potencial: validar contra instructivo CNED antes de excluir o completar.
56,I162S2C71J4V1,,OTROS_REQUISITOS,REVISAR_OTROS_REQUISITOS_SIN_FUENTE,FORMULARIO_CNED_DESCONOCIDO,REVISAR,MEDIA,DUDA_METODOLOGICA,VALIDAR_CON_AREA_ACADEMICA,AREA_ACADEMICA_O_DUENO_DEL_PROGRAMA,DEPENDE,DEPENDE,Campo de formulario o carga potencial: validar contra instructivo CNED antes de excluir o completar.
56,I162S2C71J4V1,,MAIL_DIFUSION_CARRERA,REVISAR_MAIL_DIFUSION_CARRERA_SIN_FUENTE,FORMULARIO_CNED_DESCONOCIDO,REVISAR,MEDIA,DUDA_METODOLOGICA,NO_RESOLVER_AUTOMATICAMENTE,INSTRUCTIVO_CNED_Y_DECISION_INSTITUCIONAL,DEPENDE,DEPENDE,Campo de formulario o carga potencial: validar contra instructivo CNED antes de excluir o completar.
56,I162S2C71J4V1,,FORMATO_VALOR,REVISAR_FORMATO_VALOR_SIN_FUENTE,FORMULARIO_CNED_DESCONOCIDO,REVISAR,MEDIA,DUDA_METODOLOGICA,VALIDAR_CON_FINANZAS_ARANCELES,FINANZAS_ARANCELES_INSTITUCIONAL,DEPENDE,DEPENDE,Requiere fuente monetaria explicita; no usar cero ni inferencias.
56,I162S2C71J4V1,,VALOR_MATRICULA_ANUAL,REVISAR_VALOR_MATRICULA_ANUAL_SIN_FUENTE,FORMULARIO_CNED_DESCONOCIDO,REVISAR,MEDIA,DUDA_METODOLOGICA,VALIDAR_CON_FINANZAS_ARANCELES,FINANZAS_ARANCELES_INSTITUCIONAL,DEPENDE,DEPENDE,Requiere fuente monetaria explicita; no usar cero ni inferencias.
56,I162S2C71J4V1,,COSTO_TITULACION,REVISAR_COSTO_TITULACION_SIN_FUENTE,FORMULARIO_CNED_DESCONOCIDO,REVISAR,MEDIA,DUDA_METODOLOGICA,VALIDAR_CON_FINANZAS_ARANCELES,FINANZAS_ARANCELES_INSTITUCIONAL,DEPENDE,DEPENDE,Requiere fuente monetaria explicita; no usar cero ni inferencias.
56,I162S2C71J4V1,,VALOR_CERTIFICADO_DIPLOMA,REVISAR_VALOR_CERTIFICADO_DIPLOMA_SIN_FUENTE,FORMULARIO_CNED_DESCONOCIDO,REVISAR,MEDIA,DUDA_METODOLOGICA,VALIDAR_CON_FINANZAS_ARANCELES,FINANZAS_ARANCELES_INSTITUCIONAL,DEPENDE,DEPENDE,Requiere fuente monetaria explicita; no usar cero ni inferencias.
56,I162S2C71J4V1,,ARANCEL_ANUAL,REVISAR_ARANCEL_ANUAL_SIN_FUENTE,FORMULARIO_CNED_DESCONOCIDO,REVISAR,MEDIA,DUDA_METODOLOGICA,VALIDAR_CON_FINANZAS_ARANCELES,FINANZAS_ARANCELES_INSTITUCIONAL,DEPENDE,DEPENDE,Requiere fuente monetaria explicita; no usar cero ni inferencias.
56,I162S2C71J4V1,,VIGENCIA_CARRERA,REVISAR_VIGENCIA_CARRERA_SIN_FUENTE_DIRECTA,OFICIAL_PROBABLE,REVISAR,ALTA,CAMPO_PENDIENTE_REAL,VALIDAR_CON_REGISTRO_CURRICULAR,REGISTRO_CURRICULAR_OFERTA_OFICIAL,SI,NO,Campo estructural/oficial: no resolver sin fuente institucional.
56,I162S2C71J4V1,,CNED_ESTADO_AUDITORIA,REQUIERE_REVISION,AUXILIAR_TECNICA,REVISION,BAJA,MARCA_TECNICA_REMOVIBLE,EXCLUIR_DE_ARCHIVO_CARGA_SI_ES_AUXILIAR,TRAZABILIDAD_INTERNA_CNED,NO,SI,No debe ir en archivo de carga; conservar en trazabilidad.
56,I162S2C71J4V1,,CNED_ALERTAS,CONTIENE_MARCAS_TECNICAS_DE_REVISION,AUXILIAR_TECNICA,REVISION,BAJA,MARCA_TECNICA_REMOVIBLE,EXCLUIR_DE_ARCHIVO_CARGA_SI_ES_AUXILIAR,TRAZABILIDAD_INTERNA_CNED,NO,SI,No debe ir en archivo de carga; conservar en trazabilidad.
56,I162S2C71J4V1,,CNED_PUEDE_SUBIR_PRELIMINAR,REVISAR,AUXILIAR_TECNICA,REVISAR,BAJA,MARCA_TECNICA_REMOVIBLE,EXCLUIR_DE_ARCHIVO_CARGA_SI_ES_AUXILIAR,TRAZABILIDAD_INTERNA_CNED,NO,SI,No debe ir en archivo de carga; conservar en trazabilidad.
57,I162S2C76J4V2,,Detalle del Tipo de Programa (especiales),REVISAR_DETALLE_PROGRAMA_ESPECIAL,FORMULARIO_CNED_DESCONOCIDO,REVISAR,MEDIA,DUDA_METODOLOGICA,NO_RESOLVER_AUTOMATICAMENTE,INSTRUCTIVO_CNED_Y_DECISION_INSTITUCIONAL,DEPENDE,DEPENDE,Campo de formulario o carga potencial: validar contra instructivo CNED antes de excluir o completar.
57,I162S2C76J4V2,,Área del Conocimiento,REVISAR_AREA_CODIGO_1,FORMULARIO_CNED_DESCONOCIDO,REVISAR,MEDIA,DUDA_METODOLOGICA,REQUIERE_DECISION_INSTITUCIONAL,AREA_ACADEMICA_O_DUENO_DEL_PROGRAMA,DEPENDE,DEPENDE,Campo de formulario o carga potencial: validar contra instructivo CNED antes de excluir o completar.
57,I162S2C76J4V2,,Sub Área,REVISAR_SUB_AREA_SIN_FUENTE_DIRECTA,FORMULARIO_CNED_DESCONOCIDO,REVISAR,MEDIA,DUDA_METODOLOGICA,REQUIERE_DECISION_INSTITUCIONAL,AREA_ACADEMICA_O_DUENO_DEL_PROGRAMA,DEPENDE,DEPENDE,Campo de formulario o carga potencial: validar contra instructivo CNED antes de excluir o completar.
57,I162S2C76J4V2,,Carrera Genérica,REVISAR_CARRERA_GENERICA_SIN_FUENTE_DIRECTA,FORMULARIO_CNED_DESCONOCIDO,REVISAR,MEDIA,DUDA_METODOLOGICA,REQUIERE_DECISION_INSTITUCIONAL,AREA_ACADEMICA_O_DUENO_DEL_PROGRAMA,DEPENDE,DEPENDE,Campo de formulario o carga potencial: validar contra instructivo CNED antes de excluir o completar.
57,I162S2C76J4V2,,Grado Académico que otorga el programa,REVISAR_GRADO_ACADEMICO_SIN_FUENTE_DIRECTA,FORMULARIO_CNED_DESCONOCIDO,REVISAR,MEDIA,DUDA_METODOLOGICA,NO_RESOLVER_AUTOMATICAMENTE,INSTRUCTIVO_CNED_Y_DECISION_INSTITUCIONAL,DEPENDE,DEPENDE,Campo de formulario o carga potencial: validar contra instructivo CNED antes de excluir o completar.
57,I162S2C76J4V2,,Dependencia,REVISAR_DEPENDENCIA_SIN_FUENTE_DIRECTA,FORMULARIO_CNED_DESCONOCIDO,REVISAR,MEDIA,DUDA_METODOLOGICA,REQUIERE_DECISION_INSTITUCIONAL,AREA_ACADEMICA_O_DUENO_DEL_PROGRAMA,DEPENDE,DEPENDE,Campo de formulario o carga potencial: validar contra instructivo CNED antes de excluir o completar.
57,I162S2C76J4V2,,Régimen,REVISAR_REGIMEN_CODIGO_1,OFICIAL_PROBABLE,REVISAR,ALTA,CAMPO_PENDIENTE_REAL,VALIDAR_CON_REGISTRO_CURRICULAR,REGISTRO_CURRICULAR_OFERTA_OFICIAL,SI,NO,Campo estructural/oficial: no resolver sin fuente institucional.
57,I162S2C76J4V2,,Ingreso Directo,REVISAR_INGRESO_DIRECTO_CODIGO_REQUISITO_INGRESO_2_SEMESTRES_RECONOCIDOS_4,FORMULARIO_CNED_DESCONOCIDO,REVISAR,MEDIA,DUDA_METODOLOGICA,VALIDAR_CON_AREA_ACADEMICA,AREA_ACADEMICA_O_DUENO_DEL_PROGRAMA,DEPENDE,DEPENDE,Campo de formulario o carga potencial: validar contra instructivo CNED antes de excluir o completar.
57,I162S2C76J4V2,,Otro Tipo de Ingreso,REVISAR_OTRO_TIPO_INGRESO_CODIGO_REQUISITO_INGRESO_2_SEMESTRES_RECONOCIDOS_4,FORMULARIO_CNED_DESCONOCIDO,REVISAR,MEDIA,DUDA_METODOLOGICA,VALIDAR_CON_AREA_ACADEMICA,AREA_ACADEMICA_O_DUENO_DEL_PROGRAMA,DEPENDE,DEPENDE,Campo de formulario o carga potencial: validar contra instructivo CNED antes de excluir o completar.
57,I162S2C76J4V2,,Ingreso otro,REVISAR_DESCRIPCION_OTRO_INGRESO_SIN_TEXTO_FUENTE,FORMULARIO_CNED_DESCONOCIDO,REVISAR,MEDIA,DUDA_METODOLOGICA,VALIDAR_CON_AREA_ACADEMICA,AREA_ACADEMICA_O_DUENO_DEL_PROGRAMA,DEPENDE,DEPENDE,Campo de formulario o carga potencial: validar contra instructivo CNED antes de excluir o completar.
57,I162S2C76J4V2,,Observaciones,Crear según matriz PROMEDIOSDEALUMNOS_7804.xlsx / hoja matriz; conciliado contra diccionario oferta 2026; no encontrado en listado existente INDICES por CODIGO_UNICO; campos sin fuente directa quedan con revisión específica.,FORMULARIO_CNED_DESCONOCIDO,REVISION,MEDIA,OBSERVACION_INSTITUCIONAL,MANTENER_SOLO_COMO_TRAZABILIDAD,INSTRUCTIVO_CNED_Y_DECISION_INSTITUCIONAL,DEPENDE,DEPENDE,Campo de formulario o carga potencial: validar contra instructivo CNED antes de excluir o completar.
57,I162S2C76J4V2,,FECHA_ADMISION_INICIAL,REVISAR_FECHA_ADMISION_INICIAL_SIN_FUENTE,FORMULARIO_CNED_DESCONOCIDO,REVISAR,MEDIA,DUDA_METODOLOGICA,NO_RESOLVER_AUTOMATICAMENTE,INSTRUCTIVO_CNED_Y_DECISION_INSTITUCIONAL,DEPENDE,DEPENDE,Campo de formulario o carga potencial: validar contra instructivo CNED antes de excluir o completar.
57,I162S2C76J4V2,,MALLA_CURRICULAR,REVISAR_MALLA_CURRICULAR_SIN_FUENTE,FORMULARIO_CNED_DESCONOCIDO,REVISAR,MEDIA,DUDA_METODOLOGICA,VALIDAR_CON_AREA_ACADEMICA,AREA_ACADEMICA_O_DUENO_DEL_PROGRAMA,DEPENDE,DEPENDE,Campo de formulario o carga potencial: validar contra instructivo CNED antes de excluir o completar.
57,I162S2C76J4V2,,PERFIL_EGRESO,REVISAR_PERFIL_EGRESO_SIN_FUENTE,FORMULARIO_CNED_DESCONOCIDO,REVISAR,MEDIA,DUDA_METODOLOGICA,VALIDAR_CON_AREA_ACADEMICA,AREA_ACADEMICA_O_DUENO_DEL_PROGRAMA,DEPENDE,DEPENDE,Campo de formulario o carga potencial: validar contra instructivo CNED antes de excluir o completar.
57,I162S2C76J4V2,,TEXTO_REQUISITO_INGRESO,REVISAR_TEXTO_REQUISITO_INGRESO_SIN_FUENTE,FORMULARIO_CNED_DESCONOCIDO,REVISAR,MEDIA,DUDA_METODOLOGICA,VALIDAR_CON_AREA_ACADEMICA,AREA_ACADEMICA_O_DUENO_DEL_PROGRAMA,DEPENDE,DEPENDE,Campo de formulario o carga potencial: validar contra instructivo CNED antes de excluir o completar.
57,I162S2C76J4V2,,LICENCIA_ENS_MEDIA,REVISAR_LICENCIA_ENS_MEDIA_SIN_FUENTE,FORMULARIO_CNED_DESCONOCIDO,REVISAR,MEDIA,DUDA_METODOLOGICA,VALIDAR_CON_AREA_ACADEMICA,AREA_ACADEMICA_O_DUENO_DEL_PROGRAMA,DEPENDE,DEPENDE,Campo de formulario o carga potencial: validar contra instructivo CNED antes de excluir o completar.
57,I162S2C76J4V2,,NOTAS_ENS_MEDIA,REVISAR_NOTAS_ENS_MEDIA_SIN_FUENTE,FORMULARIO_CNED_DESCONOCIDO,REVISAR,MEDIA,DUDA_METODOLOGICA,VALIDAR_CON_AREA_ACADEMICA,AREA_ACADEMICA_O_DUENO_DEL_PROGRAMA,DEPENDE,DEPENDE,Campo de formulario o carga potencial: validar contra instructivo CNED antes de excluir o completar.
57,I162S2C76J4V2,,PROMEDIO_MIN_ENS_MEDIA,REVISAR_PROMEDIO_MIN_ENS_MEDIA_SIN_FUENTE,FORMULARIO_CNED_DESCONOCIDO,REVISAR,MEDIA,DUDA_METODOLOGICA,NO_RESOLVER_AUTOMATICAMENTE,INSTRUCTIVO_CNED_Y_DECISION_INSTITUCIONAL,DEPENDE,DEPENDE,Campo de formulario o carga potencial: validar contra instructivo CNED antes de excluir o completar.
57,I162S2C76J4V2,,RECONOCIMIENTOS_APREN_PREVIOS,REVISAR_RECONOCIMIENTOS_APREN_PREVIOS_SIN_FUENTE,FORMULARIO_CNED_DESCONOCIDO,REVISAR,MEDIA,DUDA_METODOLOGICA,NO_RESOLVER_AUTOMATICAMENTE,INSTRUCTIVO_CNED_Y_DECISION_INSTITUCIONAL,DEPENDE,DEPENDE,Campo de formulario o carga potencial: validar contra instructivo CNED antes de excluir o completar.
57,I162S2C76J4V2,,EXPERIENCIA_LABORAL,REVISAR_EXPERIENCIA_LABORAL_SIN_FUENTE,FORMULARIO_CNED_DESCONOCIDO,REVISAR,MEDIA,DUDA_METODOLOGICA,VALIDAR_CON_AREA_ACADEMICA,AREA_ACADEMICA_O_DUENO_DEL_PROGRAMA,DEPENDE,DEPENDE,Campo de formulario o carga potencial: validar contra instructivo CNED antes de excluir o completar.
57,I162S2C76J4V2,,OTROS_REQUISITOS,REVISAR_OTROS_REQUISITOS_SIN_FUENTE,FORMULARIO_CNED_DESCONOCIDO,REVISAR,MEDIA,DUDA_METODOLOGICA,VALIDAR_CON_AREA_ACADEMICA,AREA_ACADEMICA_O_DUENO_DEL_PROGRAMA,DEPENDE,DEPENDE,Campo de formulario o carga potencial: validar contra instructivo CNED antes de excluir o completar.
57,I162S2C76J4V2,,MAIL_DIFUSION_CARRERA,REVISAR_MAIL_DIFUSION_CARRERA_SIN_FUENTE,FORMULARIO_CNED_DESCONOCIDO,REVISAR,MEDIA,DUDA_METODOLOGICA,NO_RESOLVER_AUTOMATICAMENTE,INSTRUCTIVO_CNED_Y_DECISION_INSTITUCIONAL,DEPENDE,DEPENDE,Campo de formulario o carga potencial: validar contra instructivo CNED antes de excluir o completar.
57,I162S2C76J4V2,,FORMATO_VALOR,REVISAR_FORMATO_VALOR_SIN_FUENTE,FORMULARIO_CNED_DESCONOCIDO,REVISAR,MEDIA,DUDA_METODOLOGICA,VALIDAR_CON_FINANZAS_ARANCELES,FINANZAS_ARANCELES_INSTITUCIONAL,DEPENDE,DEPENDE,Requiere fuente monetaria explicita; no usar cero ni inferencias.
57,I162S2C76J4V2,,VALOR_MATRICULA_ANUAL,REVISAR_VALOR_MATRICULA_ANUAL_SIN_FUENTE,FORMULARIO_CNED_DESCONOCIDO,REVISAR,MEDIA,DUDA_METODOLOGICA,VALIDAR_CON_FINANZAS_ARANCELES,FINANZAS_ARANCELES_INSTITUCIONAL,DEPENDE,DEPENDE,Requiere fuente monetaria explicita; no usar cero ni inferencias.
57,I162S2C76J4V2,,COSTO_TITULACION,REVISAR_COSTO_TITULACION_SIN_FUENTE,FORMULARIO_CNED_DESCONOCIDO,REVISAR,MEDIA,DUDA_METODOLOGICA,VALIDAR_CON_FINANZAS_ARANCELES,FINANZAS_ARANCELES_INSTITUCIONAL,DEPENDE,DEPENDE,Requiere fuente monetaria explicita; no usar cero ni inferencias.
57,I162S2C76J4V2,,VALOR_CERTIFICADO_DIPLOMA,REVISAR_VALOR_CERTIFICADO_DIPLOMA_SIN_FUENTE,FORMULARIO_CNED_DESCONOCIDO,REVISAR,MEDIA,DUDA_METODOLOGICA,VALIDAR_CON_FINANZAS_ARANCELES,FINANZAS_ARANCELES_INSTITUCIONAL,DEPENDE,DEPENDE,Requiere fuente monetaria explicita; no usar cero ni inferencias.
57,I162S2C76J4V2,,ARANCEL_ANUAL,REVISAR_ARANCEL_ANUAL_SIN_FUENTE,FORMULARIO_CNED_DESCONOCIDO,REVISAR,MEDIA,DUDA_METODOLOGICA,VALIDAR_CON_FINANZAS_ARANCELES,FINANZAS_ARANCELES_INSTITUCIONAL,DEPENDE,DEPENDE,Requiere fuente monetaria explicita; no usar cero ni inferencias.
57,I162S2C76J4V2,,VIGENCIA_CARRERA,REVISAR_VIGENCIA_CARRERA_SIN_FUENTE_DIRECTA,OFICIAL_PROBABLE,REVISAR,ALTA,CAMPO_PENDIENTE_REAL,VALIDAR_CON_REGISTRO_CURRICULAR,REGISTRO_CURRICULAR_OFERTA_OFICIAL,SI,NO,Campo estructural/oficial: no resolver sin fuente institucional.
57,I162S2C76J4V2,,CNED_ESTADO_AUDITORIA,REQUIERE_REVISION,AUXILIAR_TECNICA,REVISION,BAJA,MARCA_TECNICA_REMOVIBLE,EXCLUIR_DE_ARCHIVO_CARGA_SI_ES_AUXILIAR,TRAZABILIDAD_INTERNA_CNED,NO,SI,No debe ir en archivo de carga; conservar en trazabilidad.
57,I162S2C76J4V2,,CNED_ALERTAS,CONTIENE_MARCAS_TECNICAS_DE_REVISION,AUXILIAR_TECNICA,REVISION,BAJA,MARCA_TECNICA_REMOVIBLE,EXCLUIR_DE_ARCHIVO_CARGA_SI_ES_AUXILIAR,TRAZABILIDAD_INTERNA_CNED,NO,SI,No debe ir en archivo de carga; conservar en trazabilidad.
57,I162S2C76J4V2,,CNED_PUEDE_SUBIR_PRELIMINAR,REVISAR,AUXILIAR_TECNICA,REVISAR,BAJA,MARCA_TECNICA_REMOVIBLE,EXCLUIR_DE_ARCHIVO_CARGA_SI_ES_AUXILIAR,TRAZABILIDAD_INTERNA_CNED,NO,SI,No debe ir en archivo de carga; conservar en trazabilidad.
58,I162S2C77J4V2,,Detalle del Tipo de Programa (especiales),REVISAR_DETALLE_PROGRAMA_ESPECIAL,FORMULARIO_CNED_DESCONOCIDO,REVISAR,MEDIA,DUDA_METODOLOGICA,NO_RESOLVER_AUTOMATICAMENTE,INSTRUCTIVO_CNED_Y_DECISION_INSTITUCIONAL,DEPENDE,DEPENDE,Campo de formulario o carga potencial: validar contra instructivo CNED antes de excluir o completar.
58,I162S2C77J4V2,,Área del Conocimiento,REVISAR_AREA_CODIGO_1,FORMULARIO_CNED_DESCONOCIDO,REVISAR,MEDIA,DUDA_METODOLOGICA,REQUIERE_DECISION_INSTITUCIONAL,AREA_ACADEMICA_O_DUENO_DEL_PROGRAMA,DEPENDE,DEPENDE,Campo de formulario o carga potencial: validar contra instructivo CNED antes de excluir o completar.
58,I162S2C77J4V2,,Sub Área,REVISAR_SUB_AREA_SIN_FUENTE_DIRECTA,FORMULARIO_CNED_DESCONOCIDO,REVISAR,MEDIA,DUDA_METODOLOGICA,REQUIERE_DECISION_INSTITUCIONAL,AREA_ACADEMICA_O_DUENO_DEL_PROGRAMA,DEPENDE,DEPENDE,Campo de formulario o carga potencial: validar contra instructivo CNED antes de excluir o completar.
58,I162S2C77J4V2,,Carrera Genérica,REVISAR_CARRERA_GENERICA_SIN_FUENTE_DIRECTA,FORMULARIO_CNED_DESCONOCIDO,REVISAR,MEDIA,DUDA_METODOLOGICA,REQUIERE_DECISION_INSTITUCIONAL,AREA_ACADEMICA_O_DUENO_DEL_PROGRAMA,DEPENDE,DEPENDE,Campo de formulario o carga potencial: validar contra instructivo CNED antes de excluir o completar.
58,I162S2C77J4V2,,Grado Académico que otorga el programa,REVISAR_GRADO_ACADEMICO_SIN_FUENTE_DIRECTA,FORMULARIO_CNED_DESCONOCIDO,REVISAR,MEDIA,DUDA_METODOLOGICA,NO_RESOLVER_AUTOMATICAMENTE,INSTRUCTIVO_CNED_Y_DECISION_INSTITUCIONAL,DEPENDE,DEPENDE,Campo de formulario o carga potencial: validar contra instructivo CNED antes de excluir o completar.
58,I162S2C77J4V2,,Dependencia,REVISAR_DEPENDENCIA_SIN_FUENTE_DIRECTA,FORMULARIO_CNED_DESCONOCIDO,REVISAR,MEDIA,DUDA_METODOLOGICA,REQUIERE_DECISION_INSTITUCIONAL,AREA_ACADEMICA_O_DUENO_DEL_PROGRAMA,DEPENDE,DEPENDE,Campo de formulario o carga potencial: validar contra instructivo CNED antes de excluir o completar.
58,I162S2C77J4V2,,Régimen,REVISAR_REGIMEN_CODIGO_1,OFICIAL_PROBABLE,REVISAR,ALTA,CAMPO_PENDIENTE_REAL,VALIDAR_CON_REGISTRO_CURRICULAR,REGISTRO_CURRICULAR_OFERTA_OFICIAL,SI,NO,Campo estructural/oficial: no resolver sin fuente institucional.
58,I162S2C77J4V2,,Ingreso Directo,REVISAR_INGRESO_DIRECTO_CODIGO_REQUISITO_INGRESO_2_SEMESTRES_RECONOCIDOS_4,FORMULARIO_CNED_DESCONOCIDO,REVISAR,MEDIA,DUDA_METODOLOGICA,VALIDAR_CON_AREA_ACADEMICA,AREA_ACADEMICA_O_DUENO_DEL_PROGRAMA,DEPENDE,DEPENDE,Campo de formulario o carga potencial: validar contra instructivo CNED antes de excluir o completar.
58,I162S2C77J4V2,,Otro Tipo de Ingreso,REVISAR_OTRO_TIPO_INGRESO_CODIGO_REQUISITO_INGRESO_2_SEMESTRES_RECONOCIDOS_4,FORMULARIO_CNED_DESCONOCIDO,REVISAR,MEDIA,DUDA_METODOLOGICA,VALIDAR_CON_AREA_ACADEMICA,AREA_ACADEMICA_O_DUENO_DEL_PROGRAMA,DEPENDE,DEPENDE,Campo de formulario o carga potencial: validar contra instructivo CNED antes de excluir o completar.
58,I162S2C77J4V2,,Ingreso otro,REVISAR_DESCRIPCION_OTRO_INGRESO_SIN_TEXTO_FUENTE,FORMULARIO_CNED_DESCONOCIDO,REVISAR,MEDIA,DUDA_METODOLOGICA,VALIDAR_CON_AREA_ACADEMICA,AREA_ACADEMICA_O_DUENO_DEL_PROGRAMA,DEPENDE,DEPENDE,Campo de formulario o carga potencial: validar contra instructivo CNED antes de excluir o completar.
58,I162S2C77J4V2,,Observaciones,Crear según matriz PROMEDIOSDEALUMNOS_7804.xlsx / hoja matriz; conciliado contra diccionario oferta 2026; no encontrado en listado existente INDICES por CODIGO_UNICO; campos sin fuente directa quedan con revisión específica.,FORMULARIO_CNED_DESCONOCIDO,REVISION,MEDIA,OBSERVACION_INSTITUCIONAL,MANTENER_SOLO_COMO_TRAZABILIDAD,INSTRUCTIVO_CNED_Y_DECISION_INSTITUCIONAL,DEPENDE,DEPENDE,Campo de formulario o carga potencial: validar contra instructivo CNED antes de excluir o completar.
58,I162S2C77J4V2,,FECHA_ADMISION_INICIAL,REVISAR_FECHA_ADMISION_INICIAL_SIN_FUENTE,FORMULARIO_CNED_DESCONOCIDO,REVISAR,MEDIA,DUDA_METODOLOGICA,NO_RESOLVER_AUTOMATICAMENTE,INSTRUCTIVO_CNED_Y_DECISION_INSTITUCIONAL,DEPENDE,DEPENDE,Campo de formulario o carga potencial: validar contra instructivo CNED antes de excluir o completar.
58,I162S2C77J4V2,,MALLA_CURRICULAR,REVISAR_MALLA_CURRICULAR_SIN_FUENTE,FORMULARIO_CNED_DESCONOCIDO,REVISAR,MEDIA,DUDA_METODOLOGICA,VALIDAR_CON_AREA_ACADEMICA,AREA_ACADEMICA_O_DUENO_DEL_PROGRAMA,DEPENDE,DEPENDE,Campo de formulario o carga potencial: validar contra instructivo CNED antes de excluir o completar.
58,I162S2C77J4V2,,PERFIL_EGRESO,REVISAR_PERFIL_EGRESO_SIN_FUENTE,FORMULARIO_CNED_DESCONOCIDO,REVISAR,MEDIA,DUDA_METODOLOGICA,VALIDAR_CON_AREA_ACADEMICA,AREA_ACADEMICA_O_DUENO_DEL_PROGRAMA,DEPENDE,DEPENDE,Campo de formulario o carga potencial: validar contra instructivo CNED antes de excluir o completar.
58,I162S2C77J4V2,,TEXTO_REQUISITO_INGRESO,REVISAR_TEXTO_REQUISITO_INGRESO_SIN_FUENTE,FORMULARIO_CNED_DESCONOCIDO,REVISAR,MEDIA,DUDA_METODOLOGICA,VALIDAR_CON_AREA_ACADEMICA,AREA_ACADEMICA_O_DUENO_DEL_PROGRAMA,DEPENDE,DEPENDE,Campo de formulario o carga potencial: validar contra instructivo CNED antes de excluir o completar.
58,I162S2C77J4V2,,LICENCIA_ENS_MEDIA,REVISAR_LICENCIA_ENS_MEDIA_SIN_FUENTE,FORMULARIO_CNED_DESCONOCIDO,REVISAR,MEDIA,DUDA_METODOLOGICA,VALIDAR_CON_AREA_ACADEMICA,AREA_ACADEMICA_O_DUENO_DEL_PROGRAMA,DEPENDE,DEPENDE,Campo de formulario o carga potencial: validar contra instructivo CNED antes de excluir o completar.
58,I162S2C77J4V2,,NOTAS_ENS_MEDIA,REVISAR_NOTAS_ENS_MEDIA_SIN_FUENTE,FORMULARIO_CNED_DESCONOCIDO,REVISAR,MEDIA,DUDA_METODOLOGICA,VALIDAR_CON_AREA_ACADEMICA,AREA_ACADEMICA_O_DUENO_DEL_PROGRAMA,DEPENDE,DEPENDE,Campo de formulario o carga potencial: validar contra instructivo CNED antes de excluir o completar.
58,I162S2C77J4V2,,PROMEDIO_MIN_ENS_MEDIA,REVISAR_PROMEDIO_MIN_ENS_MEDIA_SIN_FUENTE,FORMULARIO_CNED_DESCONOCIDO,REVISAR,MEDIA,DUDA_METODOLOGICA,NO_RESOLVER_AUTOMATICAMENTE,INSTRUCTIVO_CNED_Y_DECISION_INSTITUCIONAL,DEPENDE,DEPENDE,Campo de formulario o carga potencial: validar contra instructivo CNED antes de excluir o completar.
58,I162S2C77J4V2,,RECONOCIMIENTOS_APREN_PREVIOS,REVISAR_RECONOCIMIENTOS_APREN_PREVIOS_SIN_FUENTE,FORMULARIO_CNED_DESCONOCIDO,REVISAR,MEDIA,DUDA_METODOLOGICA,NO_RESOLVER_AUTOMATICAMENTE,INSTRUCTIVO_CNED_Y_DECISION_INSTITUCIONAL,DEPENDE,DEPENDE,Campo de formulario o carga potencial: validar contra instructivo CNED antes de excluir o completar.
58,I162S2C77J4V2,,EXPERIENCIA_LABORAL,REVISAR_EXPERIENCIA_LABORAL_SIN_FUENTE,FORMULARIO_CNED_DESCONOCIDO,REVISAR,MEDIA,DUDA_METODOLOGICA,VALIDAR_CON_AREA_ACADEMICA,AREA_ACADEMICA_O_DUENO_DEL_PROGRAMA,DEPENDE,DEPENDE,Campo de formulario o carga potencial: validar contra instructivo CNED antes de excluir o completar.
58,I162S2C77J4V2,,OTROS_REQUISITOS,REVISAR_OTROS_REQUISITOS_SIN_FUENTE,FORMULARIO_CNED_DESCONOCIDO,REVISAR,MEDIA,DUDA_METODOLOGICA,VALIDAR_CON_AREA_ACADEMICA,AREA_ACADEMICA_O_DUENO_DEL_PROGRAMA,DEPENDE,DEPENDE,Campo de formulario o carga potencial: validar contra instructivo CNED antes de excluir o completar.
58,I162S2C77J4V2,,MAIL_DIFUSION_CARRERA,REVISAR_MAIL_DIFUSION_CARRERA_SIN_FUENTE,FORMULARIO_CNED_DESCONOCIDO,REVISAR,MEDIA,DUDA_METODOLOGICA,NO_RESOLVER_AUTOMATICAMENTE,INSTRUCTIVO_CNED_Y_DECISION_INSTITUCIONAL,DEPENDE,DEPENDE,Campo de formulario o carga potencial: validar contra instructivo CNED antes de excluir o completar.
58,I162S2C77J4V2,,FORMATO_VALOR,REVISAR_FORMATO_VALOR_SIN_FUENTE,FORMULARIO_CNED_DESCONOCIDO,REVISAR,MEDIA,DUDA_METODOLOGICA,VALIDAR_CON_FINANZAS_ARANCELES,FINANZAS_ARANCELES_INSTITUCIONAL,DEPENDE,DEPENDE,Requiere fuente monetaria explicita; no usar cero ni inferencias.
58,I162S2C77J4V2,,VALOR_MATRICULA_ANUAL,REVISAR_VALOR_MATRICULA_ANUAL_SIN_FUENTE,FORMULARIO_CNED_DESCONOCIDO,REVISAR,MEDIA,DUDA_METODOLOGICA,VALIDAR_CON_FINANZAS_ARANCELES,FINANZAS_ARANCELES_INSTITUCIONAL,DEPENDE,DEPENDE,Requiere fuente monetaria explicita; no usar cero ni inferencias.
58,I162S2C77J4V2,,COSTO_TITULACION,REVISAR_COSTO_TITULACION_SIN_FUENTE,FORMULARIO_CNED_DESCONOCIDO,REVISAR,MEDIA,DUDA_METODOLOGICA,VALIDAR_CON_FINANZAS_ARANCELES,FINANZAS_ARANCELES_INSTITUCIONAL,DEPENDE,DEPENDE,Requiere fuente monetaria explicita; no usar cero ni inferencias.
58,I162S2C77J4V2,,VALOR_CERTIFICADO_DIPLOMA,REVISAR_VALOR_CERTIFICADO_DIPLOMA_SIN_FUENTE,FORMULARIO_CNED_DESCONOCIDO,REVISAR,MEDIA,DUDA_METODOLOGICA,VALIDAR_CON_FINANZAS_ARANCELES,FINANZAS_ARANCELES_INSTITUCIONAL,DEPENDE,DEPENDE,Requiere fuente monetaria explicita; no usar cero ni inferencias.
58,I162S2C77J4V2,,ARANCEL_ANUAL,REVISAR_ARANCEL_ANUAL_SIN_FUENTE,FORMULARIO_CNED_DESCONOCIDO,REVISAR,MEDIA,DUDA_METODOLOGICA,VALIDAR_CON_FINANZAS_ARANCELES,FINANZAS_ARANCELES_INSTITUCIONAL,DEPENDE,DEPENDE,Requiere fuente monetaria explicita; no usar cero ni inferencias.
58,I162S2C77J4V2,,VIGENCIA_CARRERA,REVISAR_VIGENCIA_CARRERA_SIN_FUENTE_DIRECTA,OFICIAL_PROBABLE,REVISAR,ALTA,CAMPO_PENDIENTE_REAL,VALIDAR_CON_REGISTRO_CURRICULAR,REGISTRO_CURRICULAR_OFERTA_OFICIAL,SI,NO,Campo estructural/oficial: no resolver sin fuente institucional.
58,I162S2C77J4V2,,CNED_ESTADO_AUDITORIA,REQUIERE_REVISION,AUXILIAR_TECNICA,REVISION,BAJA,MARCA_TECNICA_REMOVIBLE,EXCLUIR_DE_ARCHIVO_CARGA_SI_ES_AUXILIAR,TRAZABILIDAD_INTERNA_CNED,NO,SI,No debe ir en archivo de carga; conservar en trazabilidad.
58,I162S2C77J4V2,,CNED_ALERTAS,CONTIENE_MARCAS_TECNICAS_DE_REVISION,AUXILIAR_TECNICA,REVISION,BAJA,MARCA_TECNICA_REMOVIBLE,EXCLUIR_DE_ARCHIVO_CARGA_SI_ES_AUXILIAR,TRAZABILIDAD_INTERNA_CNED,NO,SI,No debe ir en archivo de carga; conservar en trazabilidad.
58,I162S2C77J4V2,,CNED_PUEDE_SUBIR_PRELIMINAR,REVISAR,AUXILIAR_TECNICA,REVISAR,BAJA,MARCA_TECNICA_REMOVIBLE,EXCLUIR_DE_ARCHIVO_CARGA_SI_ES_AUXILIAR,TRAZABILIDAD_INTERNA_CNED,NO,SI,No debe ir en archivo de carga; conservar en trazabilidad.
59,I162S2C83J4V2,,Detalle del Tipo de Programa (especiales),REVISAR_DETALLE_PROGRAMA_ESPECIAL,FORMULARIO_CNED_DESCONOCIDO,REVISAR,MEDIA,DUDA_METODOLOGICA,NO_RESOLVER_AUTOMATICAMENTE,INSTRUCTIVO_CNED_Y_DECISION_INSTITUCIONAL,DEPENDE,DEPENDE,Campo de formulario o carga potencial: validar contra instructivo CNED antes de excluir o completar.
59,I162S2C83J4V2,,Área del Conocimiento,REVISAR_AREA_CODIGO_1,FORMULARIO_CNED_DESCONOCIDO,REVISAR,MEDIA,DUDA_METODOLOGICA,REQUIERE_DECISION_INSTITUCIONAL,AREA_ACADEMICA_O_DUENO_DEL_PROGRAMA,DEPENDE,DEPENDE,Campo de formulario o carga potencial: validar contra instructivo CNED antes de excluir o completar.
59,I162S2C83J4V2,,Sub Área,REVISAR_SUB_AREA_SIN_FUENTE_DIRECTA,FORMULARIO_CNED_DESCONOCIDO,REVISAR,MEDIA,DUDA_METODOLOGICA,REQUIERE_DECISION_INSTITUCIONAL,AREA_ACADEMICA_O_DUENO_DEL_PROGRAMA,DEPENDE,DEPENDE,Campo de formulario o carga potencial: validar contra instructivo CNED antes de excluir o completar.
59,I162S2C83J4V2,,Carrera Genérica,REVISAR_CARRERA_GENERICA_SIN_FUENTE_DIRECTA,FORMULARIO_CNED_DESCONOCIDO,REVISAR,MEDIA,DUDA_METODOLOGICA,REQUIERE_DECISION_INSTITUCIONAL,AREA_ACADEMICA_O_DUENO_DEL_PROGRAMA,DEPENDE,DEPENDE,Campo de formulario o carga potencial: validar contra instructivo CNED antes de excluir o completar.
59,I162S2C83J4V2,,Grado Académico que otorga el programa,REVISAR_GRADO_ACADEMICO_SIN_FUENTE_DIRECTA,FORMULARIO_CNED_DESCONOCIDO,REVISAR,MEDIA,DUDA_METODOLOGICA,NO_RESOLVER_AUTOMATICAMENTE,INSTRUCTIVO_CNED_Y_DECISION_INSTITUCIONAL,DEPENDE,DEPENDE,Campo de formulario o carga potencial: validar contra instructivo CNED antes de excluir o completar.
59,I162S2C83J4V2,,Dependencia,REVISAR_DEPENDENCIA_SIN_FUENTE_DIRECTA,FORMULARIO_CNED_DESCONOCIDO,REVISAR,MEDIA,DUDA_METODOLOGICA,REQUIERE_DECISION_INSTITUCIONAL,AREA_ACADEMICA_O_DUENO_DEL_PROGRAMA,DEPENDE,DEPENDE,Campo de formulario o carga potencial: validar contra instructivo CNED antes de excluir o completar.
59,I162S2C83J4V2,,Régimen,REVISAR_REGIMEN_CODIGO_1,OFICIAL_PROBABLE,REVISAR,ALTA,CAMPO_PENDIENTE_REAL,VALIDAR_CON_REGISTRO_CURRICULAR,REGISTRO_CURRICULAR_OFERTA_OFICIAL,SI,NO,Campo estructural/oficial: no resolver sin fuente institucional.
59,I162S2C83J4V2,,Ingreso Directo,REVISAR_INGRESO_DIRECTO_CODIGO_REQUISITO_INGRESO_2_SEMESTRES_RECONOCIDOS_4,FORMULARIO_CNED_DESCONOCIDO,REVISAR,MEDIA,DUDA_METODOLOGICA,VALIDAR_CON_AREA_ACADEMICA,AREA_ACADEMICA_O_DUENO_DEL_PROGRAMA,DEPENDE,DEPENDE,Campo de formulario o carga potencial: validar contra instructivo CNED antes de excluir o completar.
59,I162S2C83J4V2,,Otro Tipo de Ingreso,REVISAR_OTRO_TIPO_INGRESO_CODIGO_REQUISITO_INGRESO_2_SEMESTRES_RECONOCIDOS_4,FORMULARIO_CNED_DESCONOCIDO,REVISAR,MEDIA,DUDA_METODOLOGICA,VALIDAR_CON_AREA_ACADEMICA,AREA_ACADEMICA_O_DUENO_DEL_PROGRAMA,DEPENDE,DEPENDE,Campo de formulario o carga potencial: validar contra instructivo CNED antes de excluir o completar.
59,I162S2C83J4V2,,Ingreso otro,REVISAR_DESCRIPCION_OTRO_INGRESO_SIN_TEXTO_FUENTE,FORMULARIO_CNED_DESCONOCIDO,REVISAR,MEDIA,DUDA_METODOLOGICA,VALIDAR_CON_AREA_ACADEMICA,AREA_ACADEMICA_O_DUENO_DEL_PROGRAMA,DEPENDE,DEPENDE,Campo de formulario o carga potencial: validar contra instructivo CNED antes de excluir o completar.
59,I162S2C83J4V2,,Observaciones,Crear según matriz PROMEDIOSDEALUMNOS_7804.xlsx / hoja matriz; conciliado contra diccionario oferta 2026; no encontrado en listado existente INDICES por CODIGO_UNICO; campos sin fuente directa quedan con revisión específica.,FORMULARIO_CNED_DESCONOCIDO,REVISION,MEDIA,OBSERVACION_INSTITUCIONAL,MANTENER_SOLO_COMO_TRAZABILIDAD,INSTRUCTIVO_CNED_Y_DECISION_INSTITUCIONAL,DEPENDE,DEPENDE,Campo de formulario o carga potencial: validar contra instructivo CNED antes de excluir o completar.
59,I162S2C83J4V2,,FECHA_ADMISION_INICIAL,REVISAR_FECHA_ADMISION_INICIAL_SIN_FUENTE,FORMULARIO_CNED_DESCONOCIDO,REVISAR,MEDIA,DUDA_METODOLOGICA,NO_RESOLVER_AUTOMATICAMENTE,INSTRUCTIVO_CNED_Y_DECISION_INSTITUCIONAL,DEPENDE,DEPENDE,Campo de formulario o carga potencial: validar contra instructivo CNED antes de excluir o completar.
59,I162S2C83J4V2,,MALLA_CURRICULAR,REVISAR_MALLA_CURRICULAR_SIN_FUENTE,FORMULARIO_CNED_DESCONOCIDO,REVISAR,MEDIA,DUDA_METODOLOGICA,VALIDAR_CON_AREA_ACADEMICA,AREA_ACADEMICA_O_DUENO_DEL_PROGRAMA,DEPENDE,DEPENDE,Campo de formulario o carga potencial: validar contra instructivo CNED antes de excluir o completar.
59,I162S2C83J4V2,,PERFIL_EGRESO,REVISAR_PERFIL_EGRESO_SIN_FUENTE,FORMULARIO_CNED_DESCONOCIDO,REVISAR,MEDIA,DUDA_METODOLOGICA,VALIDAR_CON_AREA_ACADEMICA,AREA_ACADEMICA_O_DUENO_DEL_PROGRAMA,DEPENDE,DEPENDE,Campo de formulario o carga potencial: validar contra instructivo CNED antes de excluir o completar.
59,I162S2C83J4V2,,TEXTO_REQUISITO_INGRESO,REVISAR_TEXTO_REQUISITO_INGRESO_SIN_FUENTE,FORMULARIO_CNED_DESCONOCIDO,REVISAR,MEDIA,DUDA_METODOLOGICA,VALIDAR_CON_AREA_ACADEMICA,AREA_ACADEMICA_O_DUENO_DEL_PROGRAMA,DEPENDE,DEPENDE,Campo de formulario o carga potencial: validar contra instructivo CNED antes de excluir o completar.
59,I162S2C83J4V2,,LICENCIA_ENS_MEDIA,REVISAR_LICENCIA_ENS_MEDIA_SIN_FUENTE,FORMULARIO_CNED_DESCONOCIDO,REVISAR,MEDIA,DUDA_METODOLOGICA,VALIDAR_CON_AREA_ACADEMICA,AREA_ACADEMICA_O_DUENO_DEL_PROGRAMA,DEPENDE,DEPENDE,Campo de formulario o carga potencial: validar contra instructivo CNED antes de excluir o completar.
59,I162S2C83J4V2,,NOTAS_ENS_MEDIA,REVISAR_NOTAS_ENS_MEDIA_SIN_FUENTE,FORMULARIO_CNED_DESCONOCIDO,REVISAR,MEDIA,DUDA_METODOLOGICA,VALIDAR_CON_AREA_ACADEMICA,AREA_ACADEMICA_O_DUENO_DEL_PROGRAMA,DEPENDE,DEPENDE,Campo de formulario o carga potencial: validar contra instructivo CNED antes de excluir o completar.
59,I162S2C83J4V2,,PROMEDIO_MIN_ENS_MEDIA,REVISAR_PROMEDIO_MIN_ENS_MEDIA_SIN_FUENTE,FORMULARIO_CNED_DESCONOCIDO,REVISAR,MEDIA,DUDA_METODOLOGICA,NO_RESOLVER_AUTOMATICAMENTE,INSTRUCTIVO_CNED_Y_DECISION_INSTITUCIONAL,DEPENDE,DEPENDE,Campo de formulario o carga potencial: validar contra instructivo CNED antes de excluir o completar.
59,I162S2C83J4V2,,RECONOCIMIENTOS_APREN_PREVIOS,REVISAR_RECONOCIMIENTOS_APREN_PREVIOS_SIN_FUENTE,FORMULARIO_CNED_DESCONOCIDO,REVISAR,MEDIA,DUDA_METODOLOGICA,NO_RESOLVER_AUTOMATICAMENTE,INSTRUCTIVO_CNED_Y_DECISION_INSTITUCIONAL,DEPENDE,DEPENDE,Campo de formulario o carga potencial: validar contra instructivo CNED antes de excluir o completar.
59,I162S2C83J4V2,,EXPERIENCIA_LABORAL,REVISAR_EXPERIENCIA_LABORAL_SIN_FUENTE,FORMULARIO_CNED_DESCONOCIDO,REVISAR,MEDIA,DUDA_METODOLOGICA,VALIDAR_CON_AREA_ACADEMICA,AREA_ACADEMICA_O_DUENO_DEL_PROGRAMA,DEPENDE,DEPENDE,Campo de formulario o carga potencial: validar contra instructivo CNED antes de excluir o completar.
59,I162S2C83J4V2,,OTROS_REQUISITOS,REVISAR_OTROS_REQUISITOS_SIN_FUENTE,FORMULARIO_CNED_DESCONOCIDO,REVISAR,MEDIA,DUDA_METODOLOGICA,VALIDAR_CON_AREA_ACADEMICA,AREA_ACADEMICA_O_DUENO_DEL_PROGRAMA,DEPENDE,DEPENDE,Campo de formulario o carga potencial: validar contra instructivo CNED antes de excluir o completar.
59,I162S2C83J4V2,,MAIL_DIFUSION_CARRERA,REVISAR_MAIL_DIFUSION_CARRERA_SIN_FUENTE,FORMULARIO_CNED_DESCONOCIDO,REVISAR,MEDIA,DUDA_METODOLOGICA,NO_RESOLVER_AUTOMATICAMENTE,INSTRUCTIVO_CNED_Y_DECISION_INSTITUCIONAL,DEPENDE,DEPENDE,Campo de formulario o carga potencial: validar contra instructivo CNED antes de excluir o completar.
59,I162S2C83J4V2,,FORMATO_VALOR,REVISAR_FORMATO_VALOR_SIN_FUENTE,FORMULARIO_CNED_DESCONOCIDO,REVISAR,MEDIA,DUDA_METODOLOGICA,VALIDAR_CON_FINANZAS_ARANCELES,FINANZAS_ARANCELES_INSTITUCIONAL,DEPENDE,DEPENDE,Requiere fuente monetaria explicita; no usar cero ni inferencias.
59,I162S2C83J4V2,,VALOR_MATRICULA_ANUAL,REVISAR_VALOR_MATRICULA_ANUAL_SIN_FUENTE,FORMULARIO_CNED_DESCONOCIDO,REVISAR,MEDIA,DUDA_METODOLOGICA,VALIDAR_CON_FINANZAS_ARANCELES,FINANZAS_ARANCELES_INSTITUCIONAL,DEPENDE,DEPENDE,Requiere fuente monetaria explicita; no usar cero ni inferencias.
59,I162S2C83J4V2,,COSTO_TITULACION,REVISAR_COSTO_TITULACION_SIN_FUENTE,FORMULARIO_CNED_DESCONOCIDO,REVISAR,MEDIA,DUDA_METODOLOGICA,VALIDAR_CON_FINANZAS_ARANCELES,FINANZAS_ARANCELES_INSTITUCIONAL,DEPENDE,DEPENDE,Requiere fuente monetaria explicita; no usar cero ni inferencias.
59,I162S2C83J4V2,,VALOR_CERTIFICADO_DIPLOMA,REVISAR_VALOR_CERTIFICADO_DIPLOMA_SIN_FUENTE,FORMULARIO_CNED_DESCONOCIDO,REVISAR,MEDIA,DUDA_METODOLOGICA,VALIDAR_CON_FINANZAS_ARANCELES,FINANZAS_ARANCELES_INSTITUCIONAL,DEPENDE,DEPENDE,Requiere fuente monetaria explicita; no usar cero ni inferencias.
59,I162S2C83J4V2,,ARANCEL_ANUAL,REVISAR_ARANCEL_ANUAL_SIN_FUENTE,FORMULARIO_CNED_DESCONOCIDO,REVISAR,MEDIA,DUDA_METODOLOGICA,VALIDAR_CON_FINANZAS_ARANCELES,FINANZAS_ARANCELES_INSTITUCIONAL,DEPENDE,DEPENDE,Requiere fuente monetaria explicita; no usar cero ni inferencias.
59,I162S2C83J4V2,,VIGENCIA_CARRERA,REVISAR_VIGENCIA_CARRERA_SIN_FUENTE_DIRECTA,OFICIAL_PROBABLE,REVISAR,ALTA,CAMPO_PENDIENTE_REAL,VALIDAR_CON_REGISTRO_CURRICULAR,REGISTRO_CURRICULAR_OFERTA_OFICIAL,SI,NO,Campo estructural/oficial: no resolver sin fuente institucional.
59,I162S2C83J4V2,,CNED_ESTADO_AUDITORIA,REQUIERE_REVISION,AUXILIAR_TECNICA,REVISION,BAJA,MARCA_TECNICA_REMOVIBLE,EXCLUIR_DE_ARCHIVO_CARGA_SI_ES_AUXILIAR,TRAZABILIDAD_INTERNA_CNED,NO,SI,No debe ir en archivo de carga; conservar en trazabilidad.
59,I162S2C83J4V2,,CNED_ALERTAS,CONTIENE_MARCAS_TECNICAS_DE_REVISION,AUXILIAR_TECNICA,REVISION,BAJA,MARCA_TECNICA_REMOVIBLE,EXCLUIR_DE_ARCHIVO_CARGA_SI_ES_AUXILIAR,TRAZABILIDAD_INTERNA_CNED,NO,SI,No debe ir en archivo de carga; conservar en trazabilidad.
59,I162S2C83J4V2,,CNED_PUEDE_SUBIR_PRELIMINAR,REVISAR,AUXILIAR_TECNICA,REVISAR,BAJA,MARCA_TECNICA_REMOVIBLE,EXCLUIR_DE_ARCHIVO_CARGA_SI_ES_AUXILIAR,TRAZABILIDAD_INTERNA_CNED,NO,SI,No debe ir en archivo de carga; conservar en trazabilidad.
60,I162S2C86J4V2,,Detalle del Tipo de Programa (especiales),REVISAR_DETALLE_PROGRAMA_ESPECIAL,FORMULARIO_CNED_DESCONOCIDO,REVISAR,MEDIA,DUDA_METODOLOGICA,NO_RESOLVER_AUTOMATICAMENTE,INSTRUCTIVO_CNED_Y_DECISION_INSTITUCIONAL,DEPENDE,DEPENDE,Campo de formulario o carga potencial: validar contra instructivo CNED antes de excluir o completar.
60,I162S2C86J4V2,,Área del Conocimiento,REVISAR_AREA_CODIGO_1,FORMULARIO_CNED_DESCONOCIDO,REVISAR,MEDIA,DUDA_METODOLOGICA,REQUIERE_DECISION_INSTITUCIONAL,AREA_ACADEMICA_O_DUENO_DEL_PROGRAMA,DEPENDE,DEPENDE,Campo de formulario o carga potencial: validar contra instructivo CNED antes de excluir o completar.
60,I162S2C86J4V2,,Sub Área,REVISAR_SUB_AREA_SIN_FUENTE_DIRECTA,FORMULARIO_CNED_DESCONOCIDO,REVISAR,MEDIA,DUDA_METODOLOGICA,REQUIERE_DECISION_INSTITUCIONAL,AREA_ACADEMICA_O_DUENO_DEL_PROGRAMA,DEPENDE,DEPENDE,Campo de formulario o carga potencial: validar contra instructivo CNED antes de excluir o completar.
60,I162S2C86J4V2,,Carrera Genérica,REVISAR_CARRERA_GENERICA_SIN_FUENTE_DIRECTA,FORMULARIO_CNED_DESCONOCIDO,REVISAR,MEDIA,DUDA_METODOLOGICA,REQUIERE_DECISION_INSTITUCIONAL,AREA_ACADEMICA_O_DUENO_DEL_PROGRAMA,DEPENDE,DEPENDE,Campo de formulario o carga potencial: validar contra instructivo CNED antes de excluir o completar.
60,I162S2C86J4V2,,Grado Académico que otorga el programa,REVISAR_GRADO_ACADEMICO_SIN_FUENTE_DIRECTA,FORMULARIO_CNED_DESCONOCIDO,REVISAR,MEDIA,DUDA_METODOLOGICA,NO_RESOLVER_AUTOMATICAMENTE,INSTRUCTIVO_CNED_Y_DECISION_INSTITUCIONAL,DEPENDE,DEPENDE,Campo de formulario o carga potencial: validar contra instructivo CNED antes de excluir o completar.
60,I162S2C86J4V2,,Dependencia,REVISAR_DEPENDENCIA_SIN_FUENTE_DIRECTA,FORMULARIO_CNED_DESCONOCIDO,REVISAR,MEDIA,DUDA_METODOLOGICA,REQUIERE_DECISION_INSTITUCIONAL,AREA_ACADEMICA_O_DUENO_DEL_PROGRAMA,DEPENDE,DEPENDE,Campo de formulario o carga potencial: validar contra instructivo CNED antes de excluir o completar.
60,I162S2C86J4V2,,Régimen,REVISAR_REGIMEN_CODIGO_1,OFICIAL_PROBABLE,REVISAR,ALTA,CAMPO_PENDIENTE_REAL,VALIDAR_CON_REGISTRO_CURRICULAR,REGISTRO_CURRICULAR_OFERTA_OFICIAL,SI,NO,Campo estructural/oficial: no resolver sin fuente institucional.
60,I162S2C86J4V2,,Ingreso Directo,REVISAR_INGRESO_DIRECTO_CODIGO_REQUISITO_INGRESO_2_SEMESTRES_RECONOCIDOS_4,FORMULARIO_CNED_DESCONOCIDO,REVISAR,MEDIA,DUDA_METODOLOGICA,VALIDAR_CON_AREA_ACADEMICA,AREA_ACADEMICA_O_DUENO_DEL_PROGRAMA,DEPENDE,DEPENDE,Campo de formulario o carga potencial: validar contra instructivo CNED antes de excluir o completar.
60,I162S2C86J4V2,,Otro Tipo de Ingreso,REVISAR_OTRO_TIPO_INGRESO_CODIGO_REQUISITO_INGRESO_2_SEMESTRES_RECONOCIDOS_4,FORMULARIO_CNED_DESCONOCIDO,REVISAR,MEDIA,DUDA_METODOLOGICA,VALIDAR_CON_AREA_ACADEMICA,AREA_ACADEMICA_O_DUENO_DEL_PROGRAMA,DEPENDE,DEPENDE,Campo de formulario o carga potencial: validar contra instructivo CNED antes de excluir o completar.
60,I162S2C86J4V2,,Ingreso otro,REVISAR_DESCRIPCION_OTRO_INGRESO_SIN_TEXTO_FUENTE,FORMULARIO_CNED_DESCONOCIDO,REVISAR,MEDIA,DUDA_METODOLOGICA,VALIDAR_CON_AREA_ACADEMICA,AREA_ACADEMICA_O_DUENO_DEL_PROGRAMA,DEPENDE,DEPENDE,Campo de formulario o carga potencial: validar contra instructivo CNED antes de excluir o completar.
60,I162S2C86J4V2,,Observaciones,Crear según matriz PROMEDIOSDEALUMNOS_7804.xlsx / hoja matriz; conciliado contra diccionario oferta 2026; no encontrado en listado existente INDICES por CODIGO_UNICO; campos sin fuente directa quedan con revisión específica.,FORMULARIO_CNED_DESCONOCIDO,REVISION,MEDIA,OBSERVACION_INSTITUCIONAL,MANTENER_SOLO_COMO_TRAZABILIDAD,INSTRUCTIVO_CNED_Y_DECISION_INSTITUCIONAL,DEPENDE,DEPENDE,Campo de formulario o carga potencial: validar contra instructivo CNED antes de excluir o completar.
60,I162S2C86J4V2,,FECHA_ADMISION_INICIAL,REVISAR_FECHA_ADMISION_INICIAL_SIN_FUENTE,FORMULARIO_CNED_DESCONOCIDO,REVISAR,MEDIA,DUDA_METODOLOGICA,NO_RESOLVER_AUTOMATICAMENTE,INSTRUCTIVO_CNED_Y_DECISION_INSTITUCIONAL,DEPENDE,DEPENDE,Campo de formulario o carga potencial: validar contra instructivo CNED antes de excluir o completar.
60,I162S2C86J4V2,,MALLA_CURRICULAR,REVISAR_MALLA_CURRICULAR_SIN_FUENTE,FORMULARIO_CNED_DESCONOCIDO,REVISAR,MEDIA,DUDA_METODOLOGICA,VALIDAR_CON_AREA_ACADEMICA,AREA_ACADEMICA_O_DUENO_DEL_PROGRAMA,DEPENDE,DEPENDE,Campo de formulario o carga potencial: validar contra instructivo CNED antes de excluir o completar.
60,I162S2C86J4V2,,PERFIL_EGRESO,REVISAR_PERFIL_EGRESO_SIN_FUENTE,FORMULARIO_CNED_DESCONOCIDO,REVISAR,MEDIA,DUDA_METODOLOGICA,VALIDAR_CON_AREA_ACADEMICA,AREA_ACADEMICA_O_DUENO_DEL_PROGRAMA,DEPENDE,DEPENDE,Campo de formulario o carga potencial: validar contra instructivo CNED antes de excluir o completar.
60,I162S2C86J4V2,,TEXTO_REQUISITO_INGRESO,REVISAR_TEXTO_REQUISITO_INGRESO_SIN_FUENTE,FORMULARIO_CNED_DESCONOCIDO,REVISAR,MEDIA,DUDA_METODOLOGICA,VALIDAR_CON_AREA_ACADEMICA,AREA_ACADEMICA_O_DUENO_DEL_PROGRAMA,DEPENDE,DEPENDE,Campo de formulario o carga potencial: validar contra instructivo CNED antes de excluir o completar.
60,I162S2C86J4V2,,LICENCIA_ENS_MEDIA,REVISAR_LICENCIA_ENS_MEDIA_SIN_FUENTE,FORMULARIO_CNED_DESCONOCIDO,REVISAR,MEDIA,DUDA_METODOLOGICA,VALIDAR_CON_AREA_ACADEMICA,AREA_ACADEMICA_O_DUENO_DEL_PROGRAMA,DEPENDE,DEPENDE,Campo de formulario o carga potencial: validar contra instructivo CNED antes de excluir o completar.
60,I162S2C86J4V2,,NOTAS_ENS_MEDIA,REVISAR_NOTAS_ENS_MEDIA_SIN_FUENTE,FORMULARIO_CNED_DESCONOCIDO,REVISAR,MEDIA,DUDA_METODOLOGICA,VALIDAR_CON_AREA_ACADEMICA,AREA_ACADEMICA_O_DUENO_DEL_PROGRAMA,DEPENDE,DEPENDE,Campo de formulario o carga potencial: validar contra instructivo CNED antes de excluir o completar.
60,I162S2C86J4V2,,PROMEDIO_MIN_ENS_MEDIA,REVISAR_PROMEDIO_MIN_ENS_MEDIA_SIN_FUENTE,FORMULARIO_CNED_DESCONOCIDO,REVISAR,MEDIA,DUDA_METODOLOGICA,NO_RESOLVER_AUTOMATICAMENTE,INSTRUCTIVO_CNED_Y_DECISION_INSTITUCIONAL,DEPENDE,DEPENDE,Campo de formulario o carga potencial: validar contra instructivo CNED antes de excluir o completar.
60,I162S2C86J4V2,,RECONOCIMIENTOS_APREN_PREVIOS,REVISAR_RECONOCIMIENTOS_APREN_PREVIOS_SIN_FUENTE,FORMULARIO_CNED_DESCONOCIDO,REVISAR,MEDIA,DUDA_METODOLOGICA,NO_RESOLVER_AUTOMATICAMENTE,INSTRUCTIVO_CNED_Y_DECISION_INSTITUCIONAL,DEPENDE,DEPENDE,Campo de formulario o carga potencial: validar contra instructivo CNED antes de excluir o completar.
60,I162S2C86J4V2,,EXPERIENCIA_LABORAL,REVISAR_EXPERIENCIA_LABORAL_SIN_FUENTE,FORMULARIO_CNED_DESCONOCIDO,REVISAR,MEDIA,DUDA_METODOLOGICA,VALIDAR_CON_AREA_ACADEMICA,AREA_ACADEMICA_O_DUENO_DEL_PROGRAMA,DEPENDE,DEPENDE,Campo de formulario o carga potencial: validar contra instructivo CNED antes de excluir o completar.
60,I162S2C86J4V2,,OTROS_REQUISITOS,REVISAR_OTROS_REQUISITOS_SIN_FUENTE,FORMULARIO_CNED_DESCONOCIDO,REVISAR,MEDIA,DUDA_METODOLOGICA,VALIDAR_CON_AREA_ACADEMICA,AREA_ACADEMICA_O_DUENO_DEL_PROGRAMA,DEPENDE,DEPENDE,Campo de formulario o carga potencial: validar contra instructivo CNED antes de excluir o completar.
60,I162S2C86J4V2,,MAIL_DIFUSION_CARRERA,REVISAR_MAIL_DIFUSION_CARRERA_SIN_FUENTE,FORMULARIO_CNED_DESCONOCIDO,REVISAR,MEDIA,DUDA_METODOLOGICA,NO_RESOLVER_AUTOMATICAMENTE,INSTRUCTIVO_CNED_Y_DECISION_INSTITUCIONAL,DEPENDE,DEPENDE,Campo de formulario o carga potencial: validar contra instructivo CNED antes de excluir o completar.
60,I162S2C86J4V2,,FORMATO_VALOR,REVISAR_FORMATO_VALOR_SIN_FUENTE,FORMULARIO_CNED_DESCONOCIDO,REVISAR,MEDIA,DUDA_METODOLOGICA,VALIDAR_CON_FINANZAS_ARANCELES,FINANZAS_ARANCELES_INSTITUCIONAL,DEPENDE,DEPENDE,Requiere fuente monetaria explicita; no usar cero ni inferencias.
60,I162S2C86J4V2,,VALOR_MATRICULA_ANUAL,REVISAR_VALOR_MATRICULA_ANUAL_SIN_FUENTE,FORMULARIO_CNED_DESCONOCIDO,REVISAR,MEDIA,DUDA_METODOLOGICA,VALIDAR_CON_FINANZAS_ARANCELES,FINANZAS_ARANCELES_INSTITUCIONAL,DEPENDE,DEPENDE,Requiere fuente monetaria explicita; no usar cero ni inferencias.
60,I162S2C86J4V2,,COSTO_TITULACION,REVISAR_COSTO_TITULACION_SIN_FUENTE,FORMULARIO_CNED_DESCONOCIDO,REVISAR,MEDIA,DUDA_METODOLOGICA,VALIDAR_CON_FINANZAS_ARANCELES,FINANZAS_ARANCELES_INSTITUCIONAL,DEPENDE,DEPENDE,Requiere fuente monetaria explicita; no usar cero ni inferencias.
60,I162S2C86J4V2,,VALOR_CERTIFICADO_DIPLOMA,REVISAR_VALOR_CERTIFICADO_DIPLOMA_SIN_FUENTE,FORMULARIO_CNED_DESCONOCIDO,REVISAR,MEDIA,DUDA_METODOLOGICA,VALIDAR_CON_FINANZAS_ARANCELES,FINANZAS_ARANCELES_INSTITUCIONAL,DEPENDE,DEPENDE,Requiere fuente monetaria explicita; no usar cero ni inferencias.
60,I162S2C86J4V2,,ARANCEL_ANUAL,REVISAR_ARANCEL_ANUAL_SIN_FUENTE,FORMULARIO_CNED_DESCONOCIDO,REVISAR,MEDIA,DUDA_METODOLOGICA,VALIDAR_CON_FINANZAS_ARANCELES,FINANZAS_ARANCELES_INSTITUCIONAL,DEPENDE,DEPENDE,Requiere fuente monetaria explicita; no usar cero ni inferencias.
60,I162S2C86J4V2,,VIGENCIA_CARRERA,REVISAR_VIGENCIA_CARRERA_SIN_FUENTE_DIRECTA,OFICIAL_PROBABLE,REVISAR,ALTA,CAMPO_PENDIENTE_REAL,VALIDAR_CON_REGISTRO_CURRICULAR,REGISTRO_CURRICULAR_OFERTA_OFICIAL,SI,NO,Campo estructural/oficial: no resolver sin fuente institucional.
60,I162S2C86J4V2,,CNED_ESTADO_AUDITORIA,REQUIERE_REVISION,AUXILIAR_TECNICA,REVISION,BAJA,MARCA_TECNICA_REMOVIBLE,EXCLUIR_DE_ARCHIVO_CARGA_SI_ES_AUXILIAR,TRAZABILIDAD_INTERNA_CNED,NO,SI,No debe ir en archivo de carga; conservar en trazabilidad.
60,I162S2C86J4V2,,CNED_ALERTAS,CONTIENE_MARCAS_TECNICAS_DE_REVISION,AUXILIAR_TECNICA,REVISION,BAJA,MARCA_TECNICA_REMOVIBLE,EXCLUIR_DE_ARCHIVO_CARGA_SI_ES_AUXILIAR,TRAZABILIDAD_INTERNA_CNED,NO,SI,No debe ir en archivo de carga; conservar en trazabilidad.
60,I162S2C86J4V2,,CNED_PUEDE_SUBIR_PRELIMINAR,REVISAR,AUXILIAR_TECNICA,REVISAR,BAJA,MARCA_TECNICA_REMOVIBLE,EXCLUIR_DE_ARCHIVO_CARGA_SI_ES_AUXILIAR,TRAZABILIDAD_INTERNA_CNED,NO,SI,No debe ir en archivo de carga; conservar en trazabilidad.
61,I162S2C87J4V2,,Área del Conocimiento,REVISAR_AREA_CODIGO_7,FORMULARIO_CNED_DESCONOCIDO,REVISAR,MEDIA,DUDA_METODOLOGICA,REQUIERE_DECISION_INSTITUCIONAL,AREA_ACADEMICA_O_DUENO_DEL_PROGRAMA,DEPENDE,DEPENDE,Campo de formulario o carga potencial: validar contra instructivo CNED antes de excluir o completar.
61,I162S2C87J4V2,,Sub Área,REVISAR_SUB_AREA_SIN_FUENTE_DIRECTA,FORMULARIO_CNED_DESCONOCIDO,REVISAR,MEDIA,DUDA_METODOLOGICA,REQUIERE_DECISION_INSTITUCIONAL,AREA_ACADEMICA_O_DUENO_DEL_PROGRAMA,DEPENDE,DEPENDE,Campo de formulario o carga potencial: validar contra instructivo CNED antes de excluir o completar.
61,I162S2C87J4V2,,Carrera Genérica,REVISAR_CARRERA_GENERICA_SIN_FUENTE_DIRECTA,FORMULARIO_CNED_DESCONOCIDO,REVISAR,MEDIA,DUDA_METODOLOGICA,REQUIERE_DECISION_INSTITUCIONAL,AREA_ACADEMICA_O_DUENO_DEL_PROGRAMA,DEPENDE,DEPENDE,Campo de formulario o carga potencial: validar contra instructivo CNED antes de excluir o completar.
61,I162S2C87J4V2,,Grado Académico que otorga el programa,REVISAR_GRADO_ACADEMICO_SIN_FUENTE_DIRECTA,FORMULARIO_CNED_DESCONOCIDO,REVISAR,MEDIA,DUDA_METODOLOGICA,NO_RESOLVER_AUTOMATICAMENTE,INSTRUCTIVO_CNED_Y_DECISION_INSTITUCIONAL,DEPENDE,DEPENDE,Campo de formulario o carga potencial: validar contra instructivo CNED antes de excluir o completar.
61,I162S2C87J4V2,,Dependencia,REVISAR_DEPENDENCIA_SIN_FUENTE_DIRECTA,FORMULARIO_CNED_DESCONOCIDO,REVISAR,MEDIA,DUDA_METODOLOGICA,REQUIERE_DECISION_INSTITUCIONAL,AREA_ACADEMICA_O_DUENO_DEL_PROGRAMA,DEPENDE,DEPENDE,Campo de formulario o carga potencial: validar contra instructivo CNED antes de excluir o completar.
61,I162S2C87J4V2,,Régimen,REVISAR_REGIMEN_CODIGO_2,OFICIAL_PROBABLE,REVISAR,ALTA,CAMPO_PENDIENTE_REAL,VALIDAR_CON_REGISTRO_CURRICULAR,REGISTRO_CURRICULAR_OFERTA_OFICIAL,SI,NO,Campo estructural/oficial: no resolver sin fuente institucional.
61,I162S2C87J4V2,,Ingreso Directo,REVISAR_INGRESO_DIRECTO_CODIGO_REQUISITO_INGRESO_1,FORMULARIO_CNED_DESCONOCIDO,REVISAR,MEDIA,DUDA_METODOLOGICA,VALIDAR_CON_AREA_ACADEMICA,AREA_ACADEMICA_O_DUENO_DEL_PROGRAMA,DEPENDE,DEPENDE,Campo de formulario o carga potencial: validar contra instructivo CNED antes de excluir o completar.
61,I162S2C87J4V2,,Observaciones,Crear según matriz PROMEDIOSDEALUMNOS_7804.xlsx / hoja matriz; conciliado contra diccionario oferta 2026; no encontrado en listado existente INDICES por CODIGO_UNICO; campos sin fuente directa quedan con revisión específica.,FORMULARIO_CNED_DESCONOCIDO,REVISION,MEDIA,OBSERVACION_INSTITUCIONAL,MANTENER_SOLO_COMO_TRAZABILIDAD,INSTRUCTIVO_CNED_Y_DECISION_INSTITUCIONAL,DEPENDE,DEPENDE,Campo de formulario o carga potencial: validar contra instructivo CNED antes de excluir o completar.
61,I162S2C87J4V2,,FECHA_ADMISION_INICIAL,REVISAR_FECHA_ADMISION_INICIAL_SIN_FUENTE,FORMULARIO_CNED_DESCONOCIDO,REVISAR,MEDIA,DUDA_METODOLOGICA,NO_RESOLVER_AUTOMATICAMENTE,INSTRUCTIVO_CNED_Y_DECISION_INSTITUCIONAL,DEPENDE,DEPENDE,Campo de formulario o carga potencial: validar contra instructivo CNED antes de excluir o completar.
61,I162S2C87J4V2,,MALLA_CURRICULAR,REVISAR_MALLA_CURRICULAR_SIN_FUENTE,FORMULARIO_CNED_DESCONOCIDO,REVISAR,MEDIA,DUDA_METODOLOGICA,VALIDAR_CON_AREA_ACADEMICA,AREA_ACADEMICA_O_DUENO_DEL_PROGRAMA,DEPENDE,DEPENDE,Campo de formulario o carga potencial: validar contra instructivo CNED antes de excluir o completar.
61,I162S2C87J4V2,,PERFIL_EGRESO,REVISAR_PERFIL_EGRESO_SIN_FUENTE,FORMULARIO_CNED_DESCONOCIDO,REVISAR,MEDIA,DUDA_METODOLOGICA,VALIDAR_CON_AREA_ACADEMICA,AREA_ACADEMICA_O_DUENO_DEL_PROGRAMA,DEPENDE,DEPENDE,Campo de formulario o carga potencial: validar contra instructivo CNED antes de excluir o completar.
61,I162S2C87J4V2,,TEXTO_REQUISITO_INGRESO,REVISAR_TEXTO_REQUISITO_INGRESO_SIN_FUENTE,FORMULARIO_CNED_DESCONOCIDO,REVISAR,MEDIA,DUDA_METODOLOGICA,VALIDAR_CON_AREA_ACADEMICA,AREA_ACADEMICA_O_DUENO_DEL_PROGRAMA,DEPENDE,DEPENDE,Campo de formulario o carga potencial: validar contra instructivo CNED antes de excluir o completar.
61,I162S2C87J4V2,,LICENCIA_ENS_MEDIA,REVISAR_LICENCIA_ENS_MEDIA_SIN_FUENTE,FORMULARIO_CNED_DESCONOCIDO,REVISAR,MEDIA,DUDA_METODOLOGICA,VALIDAR_CON_AREA_ACADEMICA,AREA_ACADEMICA_O_DUENO_DEL_PROGRAMA,DEPENDE,DEPENDE,Campo de formulario o carga potencial: validar contra instructivo CNED antes de excluir o completar.
61,I162S2C87J4V2,,NOTAS_ENS_MEDIA,REVISAR_NOTAS_ENS_MEDIA_SIN_FUENTE,FORMULARIO_CNED_DESCONOCIDO,REVISAR,MEDIA,DUDA_METODOLOGICA,VALIDAR_CON_AREA_ACADEMICA,AREA_ACADEMICA_O_DUENO_DEL_PROGRAMA,DEPENDE,DEPENDE,Campo de formulario o carga potencial: validar contra instructivo CNED antes de excluir o completar.
61,I162S2C87J4V2,,PROMEDIO_MIN_ENS_MEDIA,REVISAR_PROMEDIO_MIN_ENS_MEDIA_SIN_FUENTE,FORMULARIO_CNED_DESCONOCIDO,REVISAR,MEDIA,DUDA_METODOLOGICA,NO_RESOLVER_AUTOMATICAMENTE,INSTRUCTIVO_CNED_Y_DECISION_INSTITUCIONAL,DEPENDE,DEPENDE,Campo de formulario o carga potencial: validar contra instructivo CNED antes de excluir o completar.
61,I162S2C87J4V2,,RECONOCIMIENTOS_APREN_PREVIOS,REVISAR_RECONOCIMIENTOS_APREN_PREVIOS_SIN_FUENTE,FORMULARIO_CNED_DESCONOCIDO,REVISAR,MEDIA,DUDA_METODOLOGICA,NO_RESOLVER_AUTOMATICAMENTE,INSTRUCTIVO_CNED_Y_DECISION_INSTITUCIONAL,DEPENDE,DEPENDE,Campo de formulario o carga potencial: validar contra instructivo CNED antes de excluir o completar.
61,I162S2C87J4V2,,EXPERIENCIA_LABORAL,REVISAR_EXPERIENCIA_LABORAL_SIN_FUENTE,FORMULARIO_CNED_DESCONOCIDO,REVISAR,MEDIA,DUDA_METODOLOGICA,VALIDAR_CON_AREA_ACADEMICA,AREA_ACADEMICA_O_DUENO_DEL_PROGRAMA,DEPENDE,DEPENDE,Campo de formulario o carga potencial: validar contra instructivo CNED antes de excluir o completar.
61,I162S2C87J4V2,,OTROS_REQUISITOS,REVISAR_OTROS_REQUISITOS_SIN_FUENTE,FORMULARIO_CNED_DESCONOCIDO,REVISAR,MEDIA,DUDA_METODOLOGICA,VALIDAR_CON_AREA_ACADEMICA,AREA_ACADEMICA_O_DUENO_DEL_PROGRAMA,DEPENDE,DEPENDE,Campo de formulario o carga potencial: validar contra instructivo CNED antes de excluir o completar.
61,I162S2C87J4V2,,MAIL_DIFUSION_CARRERA,REVISAR_MAIL_DIFUSION_CARRERA_SIN_FUENTE,FORMULARIO_CNED_DESCONOCIDO,REVISAR,MEDIA,DUDA_METODOLOGICA,NO_RESOLVER_AUTOMATICAMENTE,INSTRUCTIVO_CNED_Y_DECISION_INSTITUCIONAL,DEPENDE,DEPENDE,Campo de formulario o carga potencial: validar contra instructivo CNED antes de excluir o completar.
61,I162S2C87J4V2,,FORMATO_VALOR,REVISAR_FORMATO_VALOR_SIN_FUENTE,FORMULARIO_CNED_DESCONOCIDO,REVISAR,MEDIA,DUDA_METODOLOGICA,VALIDAR_CON_FINANZAS_ARANCELES,FINANZAS_ARANCELES_INSTITUCIONAL,DEPENDE,DEPENDE,Requiere fuente monetaria explicita; no usar cero ni inferencias.
61,I162S2C87J4V2,,VALOR_MATRICULA_ANUAL,REVISAR_VALOR_MATRICULA_ANUAL_SIN_FUENTE,FORMULARIO_CNED_DESCONOCIDO,REVISAR,MEDIA,DUDA_METODOLOGICA,VALIDAR_CON_FINANZAS_ARANCELES,FINANZAS_ARANCELES_INSTITUCIONAL,DEPENDE,DEPENDE,Requiere fuente monetaria explicita; no usar cero ni inferencias.
61,I162S2C87J4V2,,COSTO_TITULACION,REVISAR_COSTO_TITULACION_SIN_FUENTE,FORMULARIO_CNED_DESCONOCIDO,REVISAR,MEDIA,DUDA_METODOLOGICA,VALIDAR_CON_FINANZAS_ARANCELES,FINANZAS_ARANCELES_INSTITUCIONAL,DEPENDE,DEPENDE,Requiere fuente monetaria explicita; no usar cero ni inferencias.
61,I162S2C87J4V2,,VALOR_CERTIFICADO_DIPLOMA,REVISAR_VALOR_CERTIFICADO_DIPLOMA_SIN_FUENTE,FORMULARIO_CNED_DESCONOCIDO,REVISAR,MEDIA,DUDA_METODOLOGICA,VALIDAR_CON_FINANZAS_ARANCELES,FINANZAS_ARANCELES_INSTITUCIONAL,DEPENDE,DEPENDE,Requiere fuente monetaria explicita; no usar cero ni inferencias.
61,I162S2C87J4V2,,ARANCEL_ANUAL,REVISAR_ARANCEL_ANUAL_SIN_FUENTE,FORMULARIO_CNED_DESCONOCIDO,REVISAR,MEDIA,DUDA_METODOLOGICA,VALIDAR_CON_FINANZAS_ARANCELES,FINANZAS_ARANCELES_INSTITUCIONAL,DEPENDE,DEPENDE,Requiere fuente monetaria explicita; no usar cero ni inferencias.
61,I162S2C87J4V2,,VIGENCIA_CARRERA,REVISAR_VIGENCIA_CARRERA_SIN_FUENTE_DIRECTA,OFICIAL_PROBABLE,REVISAR,ALTA,CAMPO_PENDIENTE_REAL,VALIDAR_CON_REGISTRO_CURRICULAR,REGISTRO_CURRICULAR_OFERTA_OFICIAL,SI,NO,Campo estructural/oficial: no resolver sin fuente institucional.
61,I162S2C87J4V2,,CNED_ESTADO_AUDITORIA,REQUIERE_REVISION,AUXILIAR_TECNICA,REVISION,BAJA,MARCA_TECNICA_REMOVIBLE,EXCLUIR_DE_ARCHIVO_CARGA_SI_ES_AUXILIAR,TRAZABILIDAD_INTERNA_CNED,NO,SI,No debe ir en archivo de carga; conservar en trazabilidad.
61,I162S2C87J4V2,,CNED_ALERTAS,CONTIENE_MARCAS_TECNICAS_DE_REVISION,AUXILIAR_TECNICA,REVISION,BAJA,MARCA_TECNICA_REMOVIBLE,EXCLUIR_DE_ARCHIVO_CARGA_SI_ES_AUXILIAR,TRAZABILIDAD_INTERNA_CNED,NO,SI,No debe ir en archivo de carga; conservar en trazabilidad.
61,I162S2C87J4V2,,CNED_PUEDE_SUBIR_PRELIMINAR,REVISAR,AUXILIAR_TECNICA,REVISAR,BAJA,MARCA_TECNICA_REMOVIBLE,EXCLUIR_DE_ARCHIVO_CARGA_SI_ES_AUXILIAR,TRAZABILIDAD_INTERNA_CNED,NO,SI,No debe ir en archivo de carga; conservar en trazabilidad.
62,I162S2C88J4V2,,Detalle del Tipo de Programa (especiales),REVISAR_DETALLE_PROGRAMA_ESPECIAL,FORMULARIO_CNED_DESCONOCIDO,REVISAR,MEDIA,DUDA_METODOLOGICA,NO_RESOLVER_AUTOMATICAMENTE,INSTRUCTIVO_CNED_Y_DECISION_INSTITUCIONAL,DEPENDE,DEPENDE,Campo de formulario o carga potencial: validar contra instructivo CNED antes de excluir o completar.
62,I162S2C88J4V2,,Área del Conocimiento,REVISAR_AREA_CODIGO_4,FORMULARIO_CNED_DESCONOCIDO,REVISAR,MEDIA,DUDA_METODOLOGICA,REQUIERE_DECISION_INSTITUCIONAL,AREA_ACADEMICA_O_DUENO_DEL_PROGRAMA,DEPENDE,DEPENDE,Campo de formulario o carga potencial: validar contra instructivo CNED antes de excluir o completar.
62,I162S2C88J4V2,,Sub Área,REVISAR_SUB_AREA_SIN_FUENTE_DIRECTA,FORMULARIO_CNED_DESCONOCIDO,REVISAR,MEDIA,DUDA_METODOLOGICA,REQUIERE_DECISION_INSTITUCIONAL,AREA_ACADEMICA_O_DUENO_DEL_PROGRAMA,DEPENDE,DEPENDE,Campo de formulario o carga potencial: validar contra instructivo CNED antes de excluir o completar.
62,I162S2C88J4V2,,Carrera Genérica,REVISAR_CARRERA_GENERICA_SIN_FUENTE_DIRECTA,FORMULARIO_CNED_DESCONOCIDO,REVISAR,MEDIA,DUDA_METODOLOGICA,REQUIERE_DECISION_INSTITUCIONAL,AREA_ACADEMICA_O_DUENO_DEL_PROGRAMA,DEPENDE,DEPENDE,Campo de formulario o carga potencial: validar contra instructivo CNED antes de excluir o completar.
62,I162S2C88J4V2,,Grado Académico que otorga el programa,REVISAR_GRADO_ACADEMICO_SIN_FUENTE_DIRECTA,FORMULARIO_CNED_DESCONOCIDO,REVISAR,MEDIA,DUDA_METODOLOGICA,NO_RESOLVER_AUTOMATICAMENTE,INSTRUCTIVO_CNED_Y_DECISION_INSTITUCIONAL,DEPENDE,DEPENDE,Campo de formulario o carga potencial: validar contra instructivo CNED antes de excluir o completar.
62,I162S2C88J4V2,,Dependencia,REVISAR_DEPENDENCIA_SIN_FUENTE_DIRECTA,FORMULARIO_CNED_DESCONOCIDO,REVISAR,MEDIA,DUDA_METODOLOGICA,REQUIERE_DECISION_INSTITUCIONAL,AREA_ACADEMICA_O_DUENO_DEL_PROGRAMA,DEPENDE,DEPENDE,Campo de formulario o carga potencial: validar contra instructivo CNED antes de excluir o completar.
62,I162S2C88J4V2,,Régimen,REVISAR_REGIMEN_CODIGO_1,OFICIAL_PROBABLE,REVISAR,ALTA,CAMPO_PENDIENTE_REAL,VALIDAR_CON_REGISTRO_CURRICULAR,REGISTRO_CURRICULAR_OFERTA_OFICIAL,SI,NO,Campo estructural/oficial: no resolver sin fuente institucional.
62,I162S2C88J4V2,,Ingreso Directo,REVISAR_INGRESO_DIRECTO_CODIGO_REQUISITO_INGRESO_2_SEMESTRES_RECONOCIDOS_4,FORMULARIO_CNED_DESCONOCIDO,REVISAR,MEDIA,DUDA_METODOLOGICA,VALIDAR_CON_AREA_ACADEMICA,AREA_ACADEMICA_O_DUENO_DEL_PROGRAMA,DEPENDE,DEPENDE,Campo de formulario o carga potencial: validar contra instructivo CNED antes de excluir o completar.
62,I162S2C88J4V2,,Otro Tipo de Ingreso,REVISAR_OTRO_TIPO_INGRESO_CODIGO_REQUISITO_INGRESO_2_SEMESTRES_RECONOCIDOS_4,FORMULARIO_CNED_DESCONOCIDO,REVISAR,MEDIA,DUDA_METODOLOGICA,VALIDAR_CON_AREA_ACADEMICA,AREA_ACADEMICA_O_DUENO_DEL_PROGRAMA,DEPENDE,DEPENDE,Campo de formulario o carga potencial: validar contra instructivo CNED antes de excluir o completar.
62,I162S2C88J4V2,,Ingreso otro,REVISAR_DESCRIPCION_OTRO_INGRESO_SIN_TEXTO_FUENTE,FORMULARIO_CNED_DESCONOCIDO,REVISAR,MEDIA,DUDA_METODOLOGICA,VALIDAR_CON_AREA_ACADEMICA,AREA_ACADEMICA_O_DUENO_DEL_PROGRAMA,DEPENDE,DEPENDE,Campo de formulario o carga potencial: validar contra instructivo CNED antes de excluir o completar.
62,I162S2C88J4V2,,Observaciones,Crear según matriz PROMEDIOSDEALUMNOS_7804.xlsx / hoja matriz; conciliado contra diccionario oferta 2026; no encontrado en listado existente INDICES por CODIGO_UNICO; campos sin fuente directa quedan con revisión específica.,FORMULARIO_CNED_DESCONOCIDO,REVISION,MEDIA,OBSERVACION_INSTITUCIONAL,MANTENER_SOLO_COMO_TRAZABILIDAD,INSTRUCTIVO_CNED_Y_DECISION_INSTITUCIONAL,DEPENDE,DEPENDE,Campo de formulario o carga potencial: validar contra instructivo CNED antes de excluir o completar.
62,I162S2C88J4V2,,FECHA_ADMISION_INICIAL,REVISAR_FECHA_ADMISION_INICIAL_SIN_FUENTE,FORMULARIO_CNED_DESCONOCIDO,REVISAR,MEDIA,DUDA_METODOLOGICA,NO_RESOLVER_AUTOMATICAMENTE,INSTRUCTIVO_CNED_Y_DECISION_INSTITUCIONAL,DEPENDE,DEPENDE,Campo de formulario o carga potencial: validar contra instructivo CNED antes de excluir o completar.
62,I162S2C88J4V2,,MALLA_CURRICULAR,REVISAR_MALLA_CURRICULAR_SIN_FUENTE,FORMULARIO_CNED_DESCONOCIDO,REVISAR,MEDIA,DUDA_METODOLOGICA,VALIDAR_CON_AREA_ACADEMICA,AREA_ACADEMICA_O_DUENO_DEL_PROGRAMA,DEPENDE,DEPENDE,Campo de formulario o carga potencial: validar contra instructivo CNED antes de excluir o completar.
62,I162S2C88J4V2,,PERFIL_EGRESO,REVISAR_PERFIL_EGRESO_SIN_FUENTE,FORMULARIO_CNED_DESCONOCIDO,REVISAR,MEDIA,DUDA_METODOLOGICA,VALIDAR_CON_AREA_ACADEMICA,AREA_ACADEMICA_O_DUENO_DEL_PROGRAMA,DEPENDE,DEPENDE,Campo de formulario o carga potencial: validar contra instructivo CNED antes de excluir o completar.
62,I162S2C88J4V2,,TEXTO_REQUISITO_INGRESO,REVISAR_TEXTO_REQUISITO_INGRESO_SIN_FUENTE,FORMULARIO_CNED_DESCONOCIDO,REVISAR,MEDIA,DUDA_METODOLOGICA,VALIDAR_CON_AREA_ACADEMICA,AREA_ACADEMICA_O_DUENO_DEL_PROGRAMA,DEPENDE,DEPENDE,Campo de formulario o carga potencial: validar contra instructivo CNED antes de excluir o completar.
62,I162S2C88J4V2,,LICENCIA_ENS_MEDIA,REVISAR_LICENCIA_ENS_MEDIA_SIN_FUENTE,FORMULARIO_CNED_DESCONOCIDO,REVISAR,MEDIA,DUDA_METODOLOGICA,VALIDAR_CON_AREA_ACADEMICA,AREA_ACADEMICA_O_DUENO_DEL_PROGRAMA,DEPENDE,DEPENDE,Campo de formulario o carga potencial: validar contra instructivo CNED antes de excluir o completar.
62,I162S2C88J4V2,,NOTAS_ENS_MEDIA,REVISAR_NOTAS_ENS_MEDIA_SIN_FUENTE,FORMULARIO_CNED_DESCONOCIDO,REVISAR,MEDIA,DUDA_METODOLOGICA,VALIDAR_CON_AREA_ACADEMICA,AREA_ACADEMICA_O_DUENO_DEL_PROGRAMA,DEPENDE,DEPENDE,Campo de formulario o carga potencial: validar contra instructivo CNED antes de excluir o completar.
62,I162S2C88J4V2,,PROMEDIO_MIN_ENS_MEDIA,REVISAR_PROMEDIO_MIN_ENS_MEDIA_SIN_FUENTE,FORMULARIO_CNED_DESCONOCIDO,REVISAR,MEDIA,DUDA_METODOLOGICA,NO_RESOLVER_AUTOMATICAMENTE,INSTRUCTIVO_CNED_Y_DECISION_INSTITUCIONAL,DEPENDE,DEPENDE,Campo de formulario o carga potencial: validar contra instructivo CNED antes de excluir o completar.
62,I162S2C88J4V2,,RECONOCIMIENTOS_APREN_PREVIOS,REVISAR_RECONOCIMIENTOS_APREN_PREVIOS_SIN_FUENTE,FORMULARIO_CNED_DESCONOCIDO,REVISAR,MEDIA,DUDA_METODOLOGICA,NO_RESOLVER_AUTOMATICAMENTE,INSTRUCTIVO_CNED_Y_DECISION_INSTITUCIONAL,DEPENDE,DEPENDE,Campo de formulario o carga potencial: validar contra instructivo CNED antes de excluir o completar.
62,I162S2C88J4V2,,EXPERIENCIA_LABORAL,REVISAR_EXPERIENCIA_LABORAL_SIN_FUENTE,FORMULARIO_CNED_DESCONOCIDO,REVISAR,MEDIA,DUDA_METODOLOGICA,VALIDAR_CON_AREA_ACADEMICA,AREA_ACADEMICA_O_DUENO_DEL_PROGRAMA,DEPENDE,DEPENDE,Campo de formulario o carga potencial: validar contra instructivo CNED antes de excluir o completar.
62,I162S2C88J4V2,,OTROS_REQUISITOS,REVISAR_OTROS_REQUISITOS_SIN_FUENTE,FORMULARIO_CNED_DESCONOCIDO,REVISAR,MEDIA,DUDA_METODOLOGICA,VALIDAR_CON_AREA_ACADEMICA,AREA_ACADEMICA_O_DUENO_DEL_PROGRAMA,DEPENDE,DEPENDE,Campo de formulario o carga potencial: validar contra instructivo CNED antes de excluir o completar.
62,I162S2C88J4V2,,MAIL_DIFUSION_CARRERA,REVISAR_MAIL_DIFUSION_CARRERA_SIN_FUENTE,FORMULARIO_CNED_DESCONOCIDO,REVISAR,MEDIA,DUDA_METODOLOGICA,NO_RESOLVER_AUTOMATICAMENTE,INSTRUCTIVO_CNED_Y_DECISION_INSTITUCIONAL,DEPENDE,DEPENDE,Campo de formulario o carga potencial: validar contra instructivo CNED antes de excluir o completar.
62,I162S2C88J4V2,,FORMATO_VALOR,REVISAR_FORMATO_VALOR_SIN_FUENTE,FORMULARIO_CNED_DESCONOCIDO,REVISAR,MEDIA,DUDA_METODOLOGICA,VALIDAR_CON_FINANZAS_ARANCELES,FINANZAS_ARANCELES_INSTITUCIONAL,DEPENDE,DEPENDE,Requiere fuente monetaria explicita; no usar cero ni inferencias.
62,I162S2C88J4V2,,VALOR_MATRICULA_ANUAL,REVISAR_VALOR_MATRICULA_ANUAL_SIN_FUENTE,FORMULARIO_CNED_DESCONOCIDO,REVISAR,MEDIA,DUDA_METODOLOGICA,VALIDAR_CON_FINANZAS_ARANCELES,FINANZAS_ARANCELES_INSTITUCIONAL,DEPENDE,DEPENDE,Requiere fuente monetaria explicita; no usar cero ni inferencias.
62,I162S2C88J4V2,,COSTO_TITULACION,REVISAR_COSTO_TITULACION_SIN_FUENTE,FORMULARIO_CNED_DESCONOCIDO,REVISAR,MEDIA,DUDA_METODOLOGICA,VALIDAR_CON_FINANZAS_ARANCELES,FINANZAS_ARANCELES_INSTITUCIONAL,DEPENDE,DEPENDE,Requiere fuente monetaria explicita; no usar cero ni inferencias.
62,I162S2C88J4V2,,VALOR_CERTIFICADO_DIPLOMA,REVISAR_VALOR_CERTIFICADO_DIPLOMA_SIN_FUENTE,FORMULARIO_CNED_DESCONOCIDO,REVISAR,MEDIA,DUDA_METODOLOGICA,VALIDAR_CON_FINANZAS_ARANCELES,FINANZAS_ARANCELES_INSTITUCIONAL,DEPENDE,DEPENDE,Requiere fuente monetaria explicita; no usar cero ni inferencias.
62,I162S2C88J4V2,,ARANCEL_ANUAL,REVISAR_ARANCEL_ANUAL_SIN_FUENTE,FORMULARIO_CNED_DESCONOCIDO,REVISAR,MEDIA,DUDA_METODOLOGICA,VALIDAR_CON_FINANZAS_ARANCELES,FINANZAS_ARANCELES_INSTITUCIONAL,DEPENDE,DEPENDE,Requiere fuente monetaria explicita; no usar cero ni inferencias.
62,I162S2C88J4V2,,VIGENCIA_CARRERA,REVISAR_VIGENCIA_CARRERA_SIN_FUENTE_DIRECTA,OFICIAL_PROBABLE,REVISAR,ALTA,CAMPO_PENDIENTE_REAL,VALIDAR_CON_REGISTRO_CURRICULAR,REGISTRO_CURRICULAR_OFERTA_OFICIAL,SI,NO,Campo estructural/oficial: no resolver sin fuente institucional.
62,I162S2C88J4V2,,CNED_ESTADO_AUDITORIA,REQUIERE_REVISION,AUXILIAR_TECNICA,REVISION,BAJA,MARCA_TECNICA_REMOVIBLE,EXCLUIR_DE_ARCHIVO_CARGA_SI_ES_AUXILIAR,TRAZABILIDAD_INTERNA_CNED,NO,SI,No debe ir en archivo de carga; conservar en trazabilidad.
62,I162S2C88J4V2,,CNED_ALERTAS,CONTIENE_MARCAS_TECNICAS_DE_REVISION,AUXILIAR_TECNICA,REVISION,BAJA,MARCA_TECNICA_REMOVIBLE,EXCLUIR_DE_ARCHIVO_CARGA_SI_ES_AUXILIAR,TRAZABILIDAD_INTERNA_CNED,NO,SI,No debe ir en archivo de carga; conservar en trazabilidad.
62,I162S2C88J4V2,,CNED_PUEDE_SUBIR_PRELIMINAR,REVISAR,AUXILIAR_TECNICA,REVISAR,BAJA,MARCA_TECNICA_REMOVIBLE,EXCLUIR_DE_ARCHIVO_CARGA_SI_ES_AUXILIAR,TRAZABILIDAD_INTERNA_CNED,NO,SI,No debe ir en archivo de carga; conservar en trazabilidad.
63,I162S2C90J2V1,,Detalle del Tipo de Programa (especiales),REVISAR_DETALLE_PROGRAMA_ESPECIAL,FORMULARIO_CNED_DESCONOCIDO,REVISAR,MEDIA,DUDA_METODOLOGICA,NO_RESOLVER_AUTOMATICAMENTE,INSTRUCTIVO_CNED_Y_DECISION_INSTITUCIONAL,DEPENDE,DEPENDE,Campo de formulario o carga potencial: validar contra instructivo CNED antes de excluir o completar.
63,I162S2C90J2V1,,Área del Conocimiento,REVISAR_AREA_CODIGO_8,FORMULARIO_CNED_DESCONOCIDO,REVISAR,MEDIA,DUDA_METODOLOGICA,REQUIERE_DECISION_INSTITUCIONAL,AREA_ACADEMICA_O_DUENO_DEL_PROGRAMA,DEPENDE,DEPENDE,Campo de formulario o carga potencial: validar contra instructivo CNED antes de excluir o completar.
63,I162S2C90J2V1,,Sub Área,REVISAR_SUB_AREA_SIN_FUENTE_DIRECTA,FORMULARIO_CNED_DESCONOCIDO,REVISAR,MEDIA,DUDA_METODOLOGICA,REQUIERE_DECISION_INSTITUCIONAL,AREA_ACADEMICA_O_DUENO_DEL_PROGRAMA,DEPENDE,DEPENDE,Campo de formulario o carga potencial: validar contra instructivo CNED antes de excluir o completar.
63,I162S2C90J2V1,,Carrera Genérica,REVISAR_CARRERA_GENERICA_SIN_FUENTE_DIRECTA,FORMULARIO_CNED_DESCONOCIDO,REVISAR,MEDIA,DUDA_METODOLOGICA,REQUIERE_DECISION_INSTITUCIONAL,AREA_ACADEMICA_O_DUENO_DEL_PROGRAMA,DEPENDE,DEPENDE,Campo de formulario o carga potencial: validar contra instructivo CNED antes de excluir o completar.
63,I162S2C90J2V1,,Grado Académico que otorga el programa,REVISAR_GRADO_ACADEMICO_SIN_FUENTE_DIRECTA,FORMULARIO_CNED_DESCONOCIDO,REVISAR,MEDIA,DUDA_METODOLOGICA,NO_RESOLVER_AUTOMATICAMENTE,INSTRUCTIVO_CNED_Y_DECISION_INSTITUCIONAL,DEPENDE,DEPENDE,Campo de formulario o carga potencial: validar contra instructivo CNED antes de excluir o completar.
63,I162S2C90J2V1,,Dependencia,REVISAR_DEPENDENCIA_SIN_FUENTE_DIRECTA,FORMULARIO_CNED_DESCONOCIDO,REVISAR,MEDIA,DUDA_METODOLOGICA,REQUIERE_DECISION_INSTITUCIONAL,AREA_ACADEMICA_O_DUENO_DEL_PROGRAMA,DEPENDE,DEPENDE,Campo de formulario o carga potencial: validar contra instructivo CNED antes de excluir o completar.
63,I162S2C90J2V1,,Régimen,REVISAR_REGIMEN_CODIGO_1,OFICIAL_PROBABLE,REVISAR,ALTA,CAMPO_PENDIENTE_REAL,VALIDAR_CON_REGISTRO_CURRICULAR,REGISTRO_CURRICULAR_OFERTA_OFICIAL,SI,NO,Campo estructural/oficial: no resolver sin fuente institucional.
63,I162S2C90J2V1,,Ingreso Directo,REVISAR_INGRESO_DIRECTO_CODIGO_REQUISITO_INGRESO_2_SEMESTRES_RECONOCIDOS_5,FORMULARIO_CNED_DESCONOCIDO,REVISAR,MEDIA,DUDA_METODOLOGICA,VALIDAR_CON_AREA_ACADEMICA,AREA_ACADEMICA_O_DUENO_DEL_PROGRAMA,DEPENDE,DEPENDE,Campo de formulario o carga potencial: validar contra instructivo CNED antes de excluir o completar.
63,I162S2C90J2V1,,Otro Tipo de Ingreso,REVISAR_OTRO_TIPO_INGRESO_CODIGO_REQUISITO_INGRESO_2_SEMESTRES_RECONOCIDOS_5,FORMULARIO_CNED_DESCONOCIDO,REVISAR,MEDIA,DUDA_METODOLOGICA,VALIDAR_CON_AREA_ACADEMICA,AREA_ACADEMICA_O_DUENO_DEL_PROGRAMA,DEPENDE,DEPENDE,Campo de formulario o carga potencial: validar contra instructivo CNED antes de excluir o completar.
63,I162S2C90J2V1,,Ingreso otro,REVISAR_DESCRIPCION_OTRO_INGRESO_SIN_TEXTO_FUENTE,FORMULARIO_CNED_DESCONOCIDO,REVISAR,MEDIA,DUDA_METODOLOGICA,VALIDAR_CON_AREA_ACADEMICA,AREA_ACADEMICA_O_DUENO_DEL_PROGRAMA,DEPENDE,DEPENDE,Campo de formulario o carga potencial: validar contra instructivo CNED antes de excluir o completar.
63,I162S2C90J2V1,,Observaciones,Crear según matriz PROMEDIOSDEALUMNOS_7804.xlsx / hoja matriz; conciliado contra diccionario oferta 2026; no encontrado en listado existente INDICES por CODIGO_UNICO; campos sin fuente directa quedan con revisión específica.,FORMULARIO_CNED_DESCONOCIDO,REVISION,MEDIA,OBSERVACION_INSTITUCIONAL,MANTENER_SOLO_COMO_TRAZABILIDAD,INSTRUCTIVO_CNED_Y_DECISION_INSTITUCIONAL,DEPENDE,DEPENDE,Campo de formulario o carga potencial: validar contra instructivo CNED antes de excluir o completar.
63,I162S2C90J2V1,,FECHA_ADMISION_INICIAL,REVISAR_FECHA_ADMISION_INICIAL_SIN_FUENTE,FORMULARIO_CNED_DESCONOCIDO,REVISAR,MEDIA,DUDA_METODOLOGICA,NO_RESOLVER_AUTOMATICAMENTE,INSTRUCTIVO_CNED_Y_DECISION_INSTITUCIONAL,DEPENDE,DEPENDE,Campo de formulario o carga potencial: validar contra instructivo CNED antes de excluir o completar.
63,I162S2C90J2V1,,MALLA_CURRICULAR,REVISAR_MALLA_CURRICULAR_SIN_FUENTE,FORMULARIO_CNED_DESCONOCIDO,REVISAR,MEDIA,DUDA_METODOLOGICA,VALIDAR_CON_AREA_ACADEMICA,AREA_ACADEMICA_O_DUENO_DEL_PROGRAMA,DEPENDE,DEPENDE,Campo de formulario o carga potencial: validar contra instructivo CNED antes de excluir o completar.
63,I162S2C90J2V1,,PERFIL_EGRESO,REVISAR_PERFIL_EGRESO_SIN_FUENTE,FORMULARIO_CNED_DESCONOCIDO,REVISAR,MEDIA,DUDA_METODOLOGICA,VALIDAR_CON_AREA_ACADEMICA,AREA_ACADEMICA_O_DUENO_DEL_PROGRAMA,DEPENDE,DEPENDE,Campo de formulario o carga potencial: validar contra instructivo CNED antes de excluir o completar.
63,I162S2C90J2V1,,TEXTO_REQUISITO_INGRESO,REVISAR_TEXTO_REQUISITO_INGRESO_SIN_FUENTE,FORMULARIO_CNED_DESCONOCIDO,REVISAR,MEDIA,DUDA_METODOLOGICA,VALIDAR_CON_AREA_ACADEMICA,AREA_ACADEMICA_O_DUENO_DEL_PROGRAMA,DEPENDE,DEPENDE,Campo de formulario o carga potencial: validar contra instructivo CNED antes de excluir o completar.
63,I162S2C90J2V1,,LICENCIA_ENS_MEDIA,REVISAR_LICENCIA_ENS_MEDIA_SIN_FUENTE,FORMULARIO_CNED_DESCONOCIDO,REVISAR,MEDIA,DUDA_METODOLOGICA,VALIDAR_CON_AREA_ACADEMICA,AREA_ACADEMICA_O_DUENO_DEL_PROGRAMA,DEPENDE,DEPENDE,Campo de formulario o carga potencial: validar contra instructivo CNED antes de excluir o completar.
63,I162S2C90J2V1,,NOTAS_ENS_MEDIA,REVISAR_NOTAS_ENS_MEDIA_SIN_FUENTE,FORMULARIO_CNED_DESCONOCIDO,REVISAR,MEDIA,DUDA_METODOLOGICA,VALIDAR_CON_AREA_ACADEMICA,AREA_ACADEMICA_O_DUENO_DEL_PROGRAMA,DEPENDE,DEPENDE,Campo de formulario o carga potencial: validar contra instructivo CNED antes de excluir o completar.
63,I162S2C90J2V1,,PROMEDIO_MIN_ENS_MEDIA,REVISAR_PROMEDIO_MIN_ENS_MEDIA_SIN_FUENTE,FORMULARIO_CNED_DESCONOCIDO,REVISAR,MEDIA,DUDA_METODOLOGICA,NO_RESOLVER_AUTOMATICAMENTE,INSTRUCTIVO_CNED_Y_DECISION_INSTITUCIONAL,DEPENDE,DEPENDE,Campo de formulario o carga potencial: validar contra instructivo CNED antes de excluir o completar.
63,I162S2C90J2V1,,RECONOCIMIENTOS_APREN_PREVIOS,REVISAR_RECONOCIMIENTOS_APREN_PREVIOS_SIN_FUENTE,FORMULARIO_CNED_DESCONOCIDO,REVISAR,MEDIA,DUDA_METODOLOGICA,NO_RESOLVER_AUTOMATICAMENTE,INSTRUCTIVO_CNED_Y_DECISION_INSTITUCIONAL,DEPENDE,DEPENDE,Campo de formulario o carga potencial: validar contra instructivo CNED antes de excluir o completar.
63,I162S2C90J2V1,,EXPERIENCIA_LABORAL,REVISAR_EXPERIENCIA_LABORAL_SIN_FUENTE,FORMULARIO_CNED_DESCONOCIDO,REVISAR,MEDIA,DUDA_METODOLOGICA,VALIDAR_CON_AREA_ACADEMICA,AREA_ACADEMICA_O_DUENO_DEL_PROGRAMA,DEPENDE,DEPENDE,Campo de formulario o carga potencial: validar contra instructivo CNED antes de excluir o completar.
63,I162S2C90J2V1,,OTROS_REQUISITOS,REVISAR_OTROS_REQUISITOS_SIN_FUENTE,FORMULARIO_CNED_DESCONOCIDO,REVISAR,MEDIA,DUDA_METODOLOGICA,VALIDAR_CON_AREA_ACADEMICA,AREA_ACADEMICA_O_DUENO_DEL_PROGRAMA,DEPENDE,DEPENDE,Campo de formulario o carga potencial: validar contra instructivo CNED antes de excluir o completar.
63,I162S2C90J2V1,,MAIL_DIFUSION_CARRERA,REVISAR_MAIL_DIFUSION_CARRERA_SIN_FUENTE,FORMULARIO_CNED_DESCONOCIDO,REVISAR,MEDIA,DUDA_METODOLOGICA,NO_RESOLVER_AUTOMATICAMENTE,INSTRUCTIVO_CNED_Y_DECISION_INSTITUCIONAL,DEPENDE,DEPENDE,Campo de formulario o carga potencial: validar contra instructivo CNED antes de excluir o completar.
63,I162S2C90J2V1,,FORMATO_VALOR,REVISAR_FORMATO_VALOR_SIN_FUENTE,FORMULARIO_CNED_DESCONOCIDO,REVISAR,MEDIA,DUDA_METODOLOGICA,VALIDAR_CON_FINANZAS_ARANCELES,FINANZAS_ARANCELES_INSTITUCIONAL,DEPENDE,DEPENDE,Requiere fuente monetaria explicita; no usar cero ni inferencias.
63,I162S2C90J2V1,,VALOR_MATRICULA_ANUAL,REVISAR_VALOR_MATRICULA_ANUAL_SIN_FUENTE,FORMULARIO_CNED_DESCONOCIDO,REVISAR,MEDIA,DUDA_METODOLOGICA,VALIDAR_CON_FINANZAS_ARANCELES,FINANZAS_ARANCELES_INSTITUCIONAL,DEPENDE,DEPENDE,Requiere fuente monetaria explicita; no usar cero ni inferencias.
63,I162S2C90J2V1,,COSTO_TITULACION,REVISAR_COSTO_TITULACION_SIN_FUENTE,FORMULARIO_CNED_DESCONOCIDO,REVISAR,MEDIA,DUDA_METODOLOGICA,VALIDAR_CON_FINANZAS_ARANCELES,FINANZAS_ARANCELES_INSTITUCIONAL,DEPENDE,DEPENDE,Requiere fuente monetaria explicita; no usar cero ni inferencias.
63,I162S2C90J2V1,,VALOR_CERTIFICADO_DIPLOMA,REVISAR_VALOR_CERTIFICADO_DIPLOMA_SIN_FUENTE,FORMULARIO_CNED_DESCONOCIDO,REVISAR,MEDIA,DUDA_METODOLOGICA,VALIDAR_CON_FINANZAS_ARANCELES,FINANZAS_ARANCELES_INSTITUCIONAL,DEPENDE,DEPENDE,Requiere fuente monetaria explicita; no usar cero ni inferencias.
63,I162S2C90J2V1,,ARANCEL_ANUAL,REVISAR_ARANCEL_ANUAL_SIN_FUENTE,FORMULARIO_CNED_DESCONOCIDO,REVISAR,MEDIA,DUDA_METODOLOGICA,VALIDAR_CON_FINANZAS_ARANCELES,FINANZAS_ARANCELES_INSTITUCIONAL,DEPENDE,DEPENDE,Requiere fuente monetaria explicita; no usar cero ni inferencias.
63,I162S2C90J2V1,,VIGENCIA_CARRERA,REVISAR_VIGENCIA_CARRERA_SIN_FUENTE_DIRECTA,OFICIAL_PROBABLE,REVISAR,ALTA,CAMPO_PENDIENTE_REAL,VALIDAR_CON_REGISTRO_CURRICULAR,REGISTRO_CURRICULAR_OFERTA_OFICIAL,SI,NO,Campo estructural/oficial: no resolver sin fuente institucional.
63,I162S2C90J2V1,,CNED_ESTADO_AUDITORIA,REQUIERE_REVISION,AUXILIAR_TECNICA,REVISION,BAJA,MARCA_TECNICA_REMOVIBLE,EXCLUIR_DE_ARCHIVO_CARGA_SI_ES_AUXILIAR,TRAZABILIDAD_INTERNA_CNED,NO,SI,No debe ir en archivo de carga; conservar en trazabilidad.
63,I162S2C90J2V1,,CNED_ALERTAS,CONTIENE_MARCAS_TECNICAS_DE_REVISION,AUXILIAR_TECNICA,REVISION,BAJA,MARCA_TECNICA_REMOVIBLE,EXCLUIR_DE_ARCHIVO_CARGA_SI_ES_AUXILIAR,TRAZABILIDAD_INTERNA_CNED,NO,SI,No debe ir en archivo de carga; conservar en trazabilidad.
63,I162S2C90J2V1,,CNED_PUEDE_SUBIR_PRELIMINAR,REVISAR,AUXILIAR_TECNICA,REVISAR,BAJA,MARCA_TECNICA_REMOVIBLE,EXCLUIR_DE_ARCHIVO_CARGA_SI_ES_AUXILIAR,TRAZABILIDAD_INTERNA_CNED,NO,SI,No debe ir en archivo de carga; conservar en trazabilidad.
64,I162S2C90J2V2,,Área del Conocimiento,REVISAR_AREA_CODIGO_8,FORMULARIO_CNED_DESCONOCIDO,REVISAR,MEDIA,DUDA_METODOLOGICA,REQUIERE_DECISION_INSTITUCIONAL,AREA_ACADEMICA_O_DUENO_DEL_PROGRAMA,DEPENDE,DEPENDE,Campo de formulario o carga potencial: validar contra instructivo CNED antes de excluir o completar.
64,I162S2C90J2V2,,Sub Área,REVISAR_SUB_AREA_SIN_FUENTE_DIRECTA,FORMULARIO_CNED_DESCONOCIDO,REVISAR,MEDIA,DUDA_METODOLOGICA,REQUIERE_DECISION_INSTITUCIONAL,AREA_ACADEMICA_O_DUENO_DEL_PROGRAMA,DEPENDE,DEPENDE,Campo de formulario o carga potencial: validar contra instructivo CNED antes de excluir o completar.
64,I162S2C90J2V2,,Carrera Genérica,REVISAR_CARRERA_GENERICA_SIN_FUENTE_DIRECTA,FORMULARIO_CNED_DESCONOCIDO,REVISAR,MEDIA,DUDA_METODOLOGICA,REQUIERE_DECISION_INSTITUCIONAL,AREA_ACADEMICA_O_DUENO_DEL_PROGRAMA,DEPENDE,DEPENDE,Campo de formulario o carga potencial: validar contra instructivo CNED antes de excluir o completar.
64,I162S2C90J2V2,,Grado Académico que otorga el programa,REVISAR_GRADO_ACADEMICO_SIN_FUENTE_DIRECTA,FORMULARIO_CNED_DESCONOCIDO,REVISAR,MEDIA,DUDA_METODOLOGICA,NO_RESOLVER_AUTOMATICAMENTE,INSTRUCTIVO_CNED_Y_DECISION_INSTITUCIONAL,DEPENDE,DEPENDE,Campo de formulario o carga potencial: validar contra instructivo CNED antes de excluir o completar.
64,I162S2C90J2V2,,Dependencia,REVISAR_DEPENDENCIA_SIN_FUENTE_DIRECTA,FORMULARIO_CNED_DESCONOCIDO,REVISAR,MEDIA,DUDA_METODOLOGICA,REQUIERE_DECISION_INSTITUCIONAL,AREA_ACADEMICA_O_DUENO_DEL_PROGRAMA,DEPENDE,DEPENDE,Campo de formulario o carga potencial: validar contra instructivo CNED antes de excluir o completar.
64,I162S2C90J2V2,,Régimen,REVISAR_REGIMEN_CODIGO_2,OFICIAL_PROBABLE,REVISAR,ALTA,CAMPO_PENDIENTE_REAL,VALIDAR_CON_REGISTRO_CURRICULAR,REGISTRO_CURRICULAR_OFERTA_OFICIAL,SI,NO,Campo estructural/oficial: no resolver sin fuente institucional.
64,I162S2C90J2V2,,Ingreso Directo,REVISAR_INGRESO_DIRECTO_CODIGO_REQUISITO_INGRESO_1,FORMULARIO_CNED_DESCONOCIDO,REVISAR,MEDIA,DUDA_METODOLOGICA,VALIDAR_CON_AREA_ACADEMICA,AREA_ACADEMICA_O_DUENO_DEL_PROGRAMA,DEPENDE,DEPENDE,Campo de formulario o carga potencial: validar contra instructivo CNED antes de excluir o completar.
64,I162S2C90J2V2,,Observaciones,Crear según matriz PROMEDIOSDEALUMNOS_7804.xlsx / hoja matriz; conciliado contra diccionario oferta 2026; no encontrado en listado existente INDICES por CODIGO_UNICO; campos sin fuente directa quedan con revisión específica.,FORMULARIO_CNED_DESCONOCIDO,REVISION,MEDIA,OBSERVACION_INSTITUCIONAL,MANTENER_SOLO_COMO_TRAZABILIDAD,INSTRUCTIVO_CNED_Y_DECISION_INSTITUCIONAL,DEPENDE,DEPENDE,Campo de formulario o carga potencial: validar contra instructivo CNED antes de excluir o completar.
64,I162S2C90J2V2,,FECHA_ADMISION_INICIAL,REVISAR_FECHA_ADMISION_INICIAL_SIN_FUENTE,FORMULARIO_CNED_DESCONOCIDO,REVISAR,MEDIA,DUDA_METODOLOGICA,NO_RESOLVER_AUTOMATICAMENTE,INSTRUCTIVO_CNED_Y_DECISION_INSTITUCIONAL,DEPENDE,DEPENDE,Campo de formulario o carga potencial: validar contra instructivo CNED antes de excluir o completar.
64,I162S2C90J2V2,,MALLA_CURRICULAR,REVISAR_MALLA_CURRICULAR_SIN_FUENTE,FORMULARIO_CNED_DESCONOCIDO,REVISAR,MEDIA,DUDA_METODOLOGICA,VALIDAR_CON_AREA_ACADEMICA,AREA_ACADEMICA_O_DUENO_DEL_PROGRAMA,DEPENDE,DEPENDE,Campo de formulario o carga potencial: validar contra instructivo CNED antes de excluir o completar.
64,I162S2C90J2V2,,PERFIL_EGRESO,REVISAR_PERFIL_EGRESO_SIN_FUENTE,FORMULARIO_CNED_DESCONOCIDO,REVISAR,MEDIA,DUDA_METODOLOGICA,VALIDAR_CON_AREA_ACADEMICA,AREA_ACADEMICA_O_DUENO_DEL_PROGRAMA,DEPENDE,DEPENDE,Campo de formulario o carga potencial: validar contra instructivo CNED antes de excluir o completar.
64,I162S2C90J2V2,,TEXTO_REQUISITO_INGRESO,REVISAR_TEXTO_REQUISITO_INGRESO_SIN_FUENTE,FORMULARIO_CNED_DESCONOCIDO,REVISAR,MEDIA,DUDA_METODOLOGICA,VALIDAR_CON_AREA_ACADEMICA,AREA_ACADEMICA_O_DUENO_DEL_PROGRAMA,DEPENDE,DEPENDE,Campo de formulario o carga potencial: validar contra instructivo CNED antes de excluir o completar.
64,I162S2C90J2V2,,LICENCIA_ENS_MEDIA,REVISAR_LICENCIA_ENS_MEDIA_SIN_FUENTE,FORMULARIO_CNED_DESCONOCIDO,REVISAR,MEDIA,DUDA_METODOLOGICA,VALIDAR_CON_AREA_ACADEMICA,AREA_ACADEMICA_O_DUENO_DEL_PROGRAMA,DEPENDE,DEPENDE,Campo de formulario o carga potencial: validar contra instructivo CNED antes de excluir o completar.
64,I162S2C90J2V2,,NOTAS_ENS_MEDIA,REVISAR_NOTAS_ENS_MEDIA_SIN_FUENTE,FORMULARIO_CNED_DESCONOCIDO,REVISAR,MEDIA,DUDA_METODOLOGICA,VALIDAR_CON_AREA_ACADEMICA,AREA_ACADEMICA_O_DUENO_DEL_PROGRAMA,DEPENDE,DEPENDE,Campo de formulario o carga potencial: validar contra instructivo CNED antes de excluir o completar.
64,I162S2C90J2V2,,PROMEDIO_MIN_ENS_MEDIA,REVISAR_PROMEDIO_MIN_ENS_MEDIA_SIN_FUENTE,FORMULARIO_CNED_DESCONOCIDO,REVISAR,MEDIA,DUDA_METODOLOGICA,NO_RESOLVER_AUTOMATICAMENTE,INSTRUCTIVO_CNED_Y_DECISION_INSTITUCIONAL,DEPENDE,DEPENDE,Campo de formulario o carga potencial: validar contra instructivo CNED antes de excluir o completar.
64,I162S2C90J2V2,,RECONOCIMIENTOS_APREN_PREVIOS,REVISAR_RECONOCIMIENTOS_APREN_PREVIOS_SIN_FUENTE,FORMULARIO_CNED_DESCONOCIDO,REVISAR,MEDIA,DUDA_METODOLOGICA,NO_RESOLVER_AUTOMATICAMENTE,INSTRUCTIVO_CNED_Y_DECISION_INSTITUCIONAL,DEPENDE,DEPENDE,Campo de formulario o carga potencial: validar contra instructivo CNED antes de excluir o completar.
64,I162S2C90J2V2,,EXPERIENCIA_LABORAL,REVISAR_EXPERIENCIA_LABORAL_SIN_FUENTE,FORMULARIO_CNED_DESCONOCIDO,REVISAR,MEDIA,DUDA_METODOLOGICA,VALIDAR_CON_AREA_ACADEMICA,AREA_ACADEMICA_O_DUENO_DEL_PROGRAMA,DEPENDE,DEPENDE,Campo de formulario o carga potencial: validar contra instructivo CNED antes de excluir o completar.
64,I162S2C90J2V2,,OTROS_REQUISITOS,REVISAR_OTROS_REQUISITOS_SIN_FUENTE,FORMULARIO_CNED_DESCONOCIDO,REVISAR,MEDIA,DUDA_METODOLOGICA,VALIDAR_CON_AREA_ACADEMICA,AREA_ACADEMICA_O_DUENO_DEL_PROGRAMA,DEPENDE,DEPENDE,Campo de formulario o carga potencial: validar contra instructivo CNED antes de excluir o completar.
64,I162S2C90J2V2,,MAIL_DIFUSION_CARRERA,REVISAR_MAIL_DIFUSION_CARRERA_SIN_FUENTE,FORMULARIO_CNED_DESCONOCIDO,REVISAR,MEDIA,DUDA_METODOLOGICA,NO_RESOLVER_AUTOMATICAMENTE,INSTRUCTIVO_CNED_Y_DECISION_INSTITUCIONAL,DEPENDE,DEPENDE,Campo de formulario o carga potencial: validar contra instructivo CNED antes de excluir o completar.
64,I162S2C90J2V2,,FORMATO_VALOR,REVISAR_FORMATO_VALOR_SIN_FUENTE,FORMULARIO_CNED_DESCONOCIDO,REVISAR,MEDIA,DUDA_METODOLOGICA,VALIDAR_CON_FINANZAS_ARANCELES,FINANZAS_ARANCELES_INSTITUCIONAL,DEPENDE,DEPENDE,Requiere fuente monetaria explicita; no usar cero ni inferencias.
64,I162S2C90J2V2,,VALOR_MATRICULA_ANUAL,REVISAR_VALOR_MATRICULA_ANUAL_SIN_FUENTE,FORMULARIO_CNED_DESCONOCIDO,REVISAR,MEDIA,DUDA_METODOLOGICA,VALIDAR_CON_FINANZAS_ARANCELES,FINANZAS_ARANCELES_INSTITUCIONAL,DEPENDE,DEPENDE,Requiere fuente monetaria explicita; no usar cero ni inferencias.
64,I162S2C90J2V2,,COSTO_TITULACION,REVISAR_COSTO_TITULACION_SIN_FUENTE,FORMULARIO_CNED_DESCONOCIDO,REVISAR,MEDIA,DUDA_METODOLOGICA,VALIDAR_CON_FINANZAS_ARANCELES,FINANZAS_ARANCELES_INSTITUCIONAL,DEPENDE,DEPENDE,Requiere fuente monetaria explicita; no usar cero ni inferencias.
64,I162S2C90J2V2,,VALOR_CERTIFICADO_DIPLOMA,REVISAR_VALOR_CERTIFICADO_DIPLOMA_SIN_FUENTE,FORMULARIO_CNED_DESCONOCIDO,REVISAR,MEDIA,DUDA_METODOLOGICA,VALIDAR_CON_FINANZAS_ARANCELES,FINANZAS_ARANCELES_INSTITUCIONAL,DEPENDE,DEPENDE,Requiere fuente monetaria explicita; no usar cero ni inferencias.
64,I162S2C90J2V2,,ARANCEL_ANUAL,REVISAR_ARANCEL_ANUAL_SIN_FUENTE,FORMULARIO_CNED_DESCONOCIDO,REVISAR,MEDIA,DUDA_METODOLOGICA,VALIDAR_CON_FINANZAS_ARANCELES,FINANZAS_ARANCELES_INSTITUCIONAL,DEPENDE,DEPENDE,Requiere fuente monetaria explicita; no usar cero ni inferencias.
64,I162S2C90J2V2,,VIGENCIA_CARRERA,REVISAR_VIGENCIA_CARRERA_SIN_FUENTE_DIRECTA,OFICIAL_PROBABLE,REVISAR,ALTA,CAMPO_PENDIENTE_REAL,VALIDAR_CON_REGISTRO_CURRICULAR,REGISTRO_CURRICULAR_OFERTA_OFICIAL,SI,NO,Campo estructural/oficial: no resolver sin fuente institucional.
64,I162S2C90J2V2,,CNED_ESTADO_AUDITORIA,REQUIERE_REVISION,AUXILIAR_TECNICA,REVISION,BAJA,MARCA_TECNICA_REMOVIBLE,EXCLUIR_DE_ARCHIVO_CARGA_SI_ES_AUXILIAR,TRAZABILIDAD_INTERNA_CNED,NO,SI,No debe ir en archivo de carga; conservar en trazabilidad.
64,I162S2C90J2V2,,CNED_ALERTAS,CONTIENE_MARCAS_TECNICAS_DE_REVISION,AUXILIAR_TECNICA,REVISION,BAJA,MARCA_TECNICA_REMOVIBLE,EXCLUIR_DE_ARCHIVO_CARGA_SI_ES_AUXILIAR,TRAZABILIDAD_INTERNA_CNED,NO,SI,No debe ir en archivo de carga; conservar en trazabilidad.
64,I162S2C90J2V2,,CNED_PUEDE_SUBIR_PRELIMINAR,REVISAR,AUXILIAR_TECNICA,REVISAR,BAJA,MARCA_TECNICA_REMOVIBLE,EXCLUIR_DE_ARCHIVO_CARGA_SI_ES_AUXILIAR,TRAZABILIDAD_INTERNA_CNED,NO,SI,No debe ir en archivo de carga; conservar en trazabilidad.
65,I162S2C95J4V1,,Área del Conocimiento,REVISAR_AREA_CODIGO_10,FORMULARIO_CNED_DESCONOCIDO,REVISAR,MEDIA,DUDA_METODOLOGICA,REQUIERE_DECISION_INSTITUCIONAL,AREA_ACADEMICA_O_DUENO_DEL_PROGRAMA,DEPENDE,DEPENDE,Campo de formulario o carga potencial: validar contra instructivo CNED antes de excluir o completar.
65,I162S2C95J4V1,,Sub Área,REVISAR_SUB_AREA_SIN_FUENTE_DIRECTA,FORMULARIO_CNED_DESCONOCIDO,REVISAR,MEDIA,DUDA_METODOLOGICA,REQUIERE_DECISION_INSTITUCIONAL,AREA_ACADEMICA_O_DUENO_DEL_PROGRAMA,DEPENDE,DEPENDE,Campo de formulario o carga potencial: validar contra instructivo CNED antes de excluir o completar.
65,I162S2C95J4V1,,Carrera Genérica,REVISAR_CARRERA_GENERICA_SIN_FUENTE_DIRECTA,FORMULARIO_CNED_DESCONOCIDO,REVISAR,MEDIA,DUDA_METODOLOGICA,REQUIERE_DECISION_INSTITUCIONAL,AREA_ACADEMICA_O_DUENO_DEL_PROGRAMA,DEPENDE,DEPENDE,Campo de formulario o carga potencial: validar contra instructivo CNED antes de excluir o completar.
65,I162S2C95J4V1,,Grado Académico que otorga el programa,REVISAR_GRADO_ACADEMICO_SIN_FUENTE_DIRECTA,FORMULARIO_CNED_DESCONOCIDO,REVISAR,MEDIA,DUDA_METODOLOGICA,NO_RESOLVER_AUTOMATICAMENTE,INSTRUCTIVO_CNED_Y_DECISION_INSTITUCIONAL,DEPENDE,DEPENDE,Campo de formulario o carga potencial: validar contra instructivo CNED antes de excluir o completar.
65,I162S2C95J4V1,,Dependencia,REVISAR_DEPENDENCIA_SIN_FUENTE_DIRECTA,FORMULARIO_CNED_DESCONOCIDO,REVISAR,MEDIA,DUDA_METODOLOGICA,REQUIERE_DECISION_INSTITUCIONAL,AREA_ACADEMICA_O_DUENO_DEL_PROGRAMA,DEPENDE,DEPENDE,Campo de formulario o carga potencial: validar contra instructivo CNED antes de excluir o completar.
65,I162S2C95J4V1,,Régimen,REVISAR_REGIMEN_CODIGO_1,OFICIAL_PROBABLE,REVISAR,ALTA,CAMPO_PENDIENTE_REAL,VALIDAR_CON_REGISTRO_CURRICULAR,REGISTRO_CURRICULAR_OFERTA_OFICIAL,SI,NO,Campo estructural/oficial: no resolver sin fuente institucional.
65,I162S2C95J4V1,,Ingreso Directo,REVISAR_INGRESO_DIRECTO_CODIGO_REQUISITO_INGRESO_2,FORMULARIO_CNED_DESCONOCIDO,REVISAR,MEDIA,DUDA_METODOLOGICA,VALIDAR_CON_AREA_ACADEMICA,AREA_ACADEMICA_O_DUENO_DEL_PROGRAMA,DEPENDE,DEPENDE,Campo de formulario o carga potencial: validar contra instructivo CNED antes de excluir o completar.
65,I162S2C95J4V1,,Otro Tipo de Ingreso,REVISAR_OTRO_TIPO_INGRESO_CODIGO_REQUISITO_INGRESO_2,FORMULARIO_CNED_DESCONOCIDO,REVISAR,MEDIA,DUDA_METODOLOGICA,VALIDAR_CON_AREA_ACADEMICA,AREA_ACADEMICA_O_DUENO_DEL_PROGRAMA,DEPENDE,DEPENDE,Campo de formulario o carga potencial: validar contra instructivo CNED antes de excluir o completar.
65,I162S2C95J4V1,,Ingreso otro,REVISAR_DESCRIPCION_OTRO_INGRESO_SIN_TEXTO_FUENTE,FORMULARIO_CNED_DESCONOCIDO,REVISAR,MEDIA,DUDA_METODOLOGICA,VALIDAR_CON_AREA_ACADEMICA,AREA_ACADEMICA_O_DUENO_DEL_PROGRAMA,DEPENDE,DEPENDE,Campo de formulario o carga potencial: validar contra instructivo CNED antes de excluir o completar.
65,I162S2C95J4V1,,Observaciones,Crear según matriz PROMEDIOSDEALUMNOS_7804.xlsx / hoja matriz; conciliado contra diccionario oferta 2026; no encontrado en listado existente INDICES por CODIGO_UNICO; campos sin fuente directa quedan con revisión específica.,FORMULARIO_CNED_DESCONOCIDO,REVISION,MEDIA,OBSERVACION_INSTITUCIONAL,MANTENER_SOLO_COMO_TRAZABILIDAD,INSTRUCTIVO_CNED_Y_DECISION_INSTITUCIONAL,DEPENDE,DEPENDE,Campo de formulario o carga potencial: validar contra instructivo CNED antes de excluir o completar.
65,I162S2C95J4V1,,FECHA_ADMISION_INICIAL,REVISAR_FECHA_ADMISION_INICIAL_SIN_FUENTE,FORMULARIO_CNED_DESCONOCIDO,REVISAR,MEDIA,DUDA_METODOLOGICA,NO_RESOLVER_AUTOMATICAMENTE,INSTRUCTIVO_CNED_Y_DECISION_INSTITUCIONAL,DEPENDE,DEPENDE,Campo de formulario o carga potencial: validar contra instructivo CNED antes de excluir o completar.
65,I162S2C95J4V1,,MALLA_CURRICULAR,REVISAR_MALLA_CURRICULAR_SIN_FUENTE,FORMULARIO_CNED_DESCONOCIDO,REVISAR,MEDIA,DUDA_METODOLOGICA,VALIDAR_CON_AREA_ACADEMICA,AREA_ACADEMICA_O_DUENO_DEL_PROGRAMA,DEPENDE,DEPENDE,Campo de formulario o carga potencial: validar contra instructivo CNED antes de excluir o completar.
65,I162S2C95J4V1,,PERFIL_EGRESO,REVISAR_PERFIL_EGRESO_SIN_FUENTE,FORMULARIO_CNED_DESCONOCIDO,REVISAR,MEDIA,DUDA_METODOLOGICA,VALIDAR_CON_AREA_ACADEMICA,AREA_ACADEMICA_O_DUENO_DEL_PROGRAMA,DEPENDE,DEPENDE,Campo de formulario o carga potencial: validar contra instructivo CNED antes de excluir o completar.
65,I162S2C95J4V1,,TEXTO_REQUISITO_INGRESO,REVISAR_TEXTO_REQUISITO_INGRESO_SIN_FUENTE,FORMULARIO_CNED_DESCONOCIDO,REVISAR,MEDIA,DUDA_METODOLOGICA,VALIDAR_CON_AREA_ACADEMICA,AREA_ACADEMICA_O_DUENO_DEL_PROGRAMA,DEPENDE,DEPENDE,Campo de formulario o carga potencial: validar contra instructivo CNED antes de excluir o completar.
65,I162S2C95J4V1,,LICENCIA_ENS_MEDIA,REVISAR_LICENCIA_ENS_MEDIA_SIN_FUENTE,FORMULARIO_CNED_DESCONOCIDO,REVISAR,MEDIA,DUDA_METODOLOGICA,VALIDAR_CON_AREA_ACADEMICA,AREA_ACADEMICA_O_DUENO_DEL_PROGRAMA,DEPENDE,DEPENDE,Campo de formulario o carga potencial: validar contra instructivo CNED antes de excluir o completar.
65,I162S2C95J4V1,,NOTAS_ENS_MEDIA,REVISAR_NOTAS_ENS_MEDIA_SIN_FUENTE,FORMULARIO_CNED_DESCONOCIDO,REVISAR,MEDIA,DUDA_METODOLOGICA,VALIDAR_CON_AREA_ACADEMICA,AREA_ACADEMICA_O_DUENO_DEL_PROGRAMA,DEPENDE,DEPENDE,Campo de formulario o carga potencial: validar contra instructivo CNED antes de excluir o completar.
65,I162S2C95J4V1,,PROMEDIO_MIN_ENS_MEDIA,REVISAR_PROMEDIO_MIN_ENS_MEDIA_SIN_FUENTE,FORMULARIO_CNED_DESCONOCIDO,REVISAR,MEDIA,DUDA_METODOLOGICA,NO_RESOLVER_AUTOMATICAMENTE,INSTRUCTIVO_CNED_Y_DECISION_INSTITUCIONAL,DEPENDE,DEPENDE,Campo de formulario o carga potencial: validar contra instructivo CNED antes de excluir o completar.
65,I162S2C95J4V1,,RECONOCIMIENTOS_APREN_PREVIOS,REVISAR_RECONOCIMIENTOS_APREN_PREVIOS_SIN_FUENTE,FORMULARIO_CNED_DESCONOCIDO,REVISAR,MEDIA,DUDA_METODOLOGICA,NO_RESOLVER_AUTOMATICAMENTE,INSTRUCTIVO_CNED_Y_DECISION_INSTITUCIONAL,DEPENDE,DEPENDE,Campo de formulario o carga potencial: validar contra instructivo CNED antes de excluir o completar.
65,I162S2C95J4V1,,EXPERIENCIA_LABORAL,REVISAR_EXPERIENCIA_LABORAL_SIN_FUENTE,FORMULARIO_CNED_DESCONOCIDO,REVISAR,MEDIA,DUDA_METODOLOGICA,VALIDAR_CON_AREA_ACADEMICA,AREA_ACADEMICA_O_DUENO_DEL_PROGRAMA,DEPENDE,DEPENDE,Campo de formulario o carga potencial: validar contra instructivo CNED antes de excluir o completar.
65,I162S2C95J4V1,,OTROS_REQUISITOS,REVISAR_OTROS_REQUISITOS_SIN_FUENTE,FORMULARIO_CNED_DESCONOCIDO,REVISAR,MEDIA,DUDA_METODOLOGICA,VALIDAR_CON_AREA_ACADEMICA,AREA_ACADEMICA_O_DUENO_DEL_PROGRAMA,DEPENDE,DEPENDE,Campo de formulario o carga potencial: validar contra instructivo CNED antes de excluir o completar.
65,I162S2C95J4V1,,MAIL_DIFUSION_CARRERA,REVISAR_MAIL_DIFUSION_CARRERA_SIN_FUENTE,FORMULARIO_CNED_DESCONOCIDO,REVISAR,MEDIA,DUDA_METODOLOGICA,NO_RESOLVER_AUTOMATICAMENTE,INSTRUCTIVO_CNED_Y_DECISION_INSTITUCIONAL,DEPENDE,DEPENDE,Campo de formulario o carga potencial: validar contra instructivo CNED antes de excluir o completar.
65,I162S2C95J4V1,,FORMATO_VALOR,REVISAR_FORMATO_VALOR_SIN_FUENTE,FORMULARIO_CNED_DESCONOCIDO,REVISAR,MEDIA,DUDA_METODOLOGICA,VALIDAR_CON_FINANZAS_ARANCELES,FINANZAS_ARANCELES_INSTITUCIONAL,DEPENDE,DEPENDE,Requiere fuente monetaria explicita; no usar cero ni inferencias.
65,I162S2C95J4V1,,VALOR_MATRICULA_ANUAL,REVISAR_VALOR_MATRICULA_ANUAL_SIN_FUENTE,FORMULARIO_CNED_DESCONOCIDO,REVISAR,MEDIA,DUDA_METODOLOGICA,VALIDAR_CON_FINANZAS_ARANCELES,FINANZAS_ARANCELES_INSTITUCIONAL,DEPENDE,DEPENDE,Requiere fuente monetaria explicita; no usar cero ni inferencias.
65,I162S2C95J4V1,,COSTO_TITULACION,REVISAR_COSTO_TITULACION_SIN_FUENTE,FORMULARIO_CNED_DESCONOCIDO,REVISAR,MEDIA,DUDA_METODOLOGICA,VALIDAR_CON_FINANZAS_ARANCELES,FINANZAS_ARANCELES_INSTITUCIONAL,DEPENDE,DEPENDE,Requiere fuente monetaria explicita; no usar cero ni inferencias.
65,I162S2C95J4V1,,VALOR_CERTIFICADO_DIPLOMA,REVISAR_VALOR_CERTIFICADO_DIPLOMA_SIN_FUENTE,FORMULARIO_CNED_DESCONOCIDO,REVISAR,MEDIA,DUDA_METODOLOGICA,VALIDAR_CON_FINANZAS_ARANCELES,FINANZAS_ARANCELES_INSTITUCIONAL,DEPENDE,DEPENDE,Requiere fuente monetaria explicita; no usar cero ni inferencias.
65,I162S2C95J4V1,,ARANCEL_ANUAL,REVISAR_ARANCEL_ANUAL_SIN_FUENTE,FORMULARIO_CNED_DESCONOCIDO,REVISAR,MEDIA,DUDA_METODOLOGICA,VALIDAR_CON_FINANZAS_ARANCELES,FINANZAS_ARANCELES_INSTITUCIONAL,DEPENDE,DEPENDE,Requiere fuente monetaria explicita; no usar cero ni inferencias.
65,I162S2C95J4V1,,VIGENCIA_CARRERA,REVISAR_VIGENCIA_CARRERA_SIN_FUENTE_DIRECTA,OFICIAL_PROBABLE,REVISAR,ALTA,CAMPO_PENDIENTE_REAL,VALIDAR_CON_REGISTRO_CURRICULAR,REGISTRO_CURRICULAR_OFERTA_OFICIAL,SI,NO,Campo estructural/oficial: no resolver sin fuente institucional.
65,I162S2C95J4V1,,CNED_ESTADO_AUDITORIA,REQUIERE_REVISION,AUXILIAR_TECNICA,REVISION,BAJA,MARCA_TECNICA_REMOVIBLE,EXCLUIR_DE_ARCHIVO_CARGA_SI_ES_AUXILIAR,TRAZABILIDAD_INTERNA_CNED,NO,SI,No debe ir en archivo de carga; conservar en trazabilidad.
65,I162S2C95J4V1,,CNED_ALERTAS,CONTIENE_MARCAS_TECNICAS_DE_REVISION,AUXILIAR_TECNICA,REVISION,BAJA,MARCA_TECNICA_REMOVIBLE,EXCLUIR_DE_ARCHIVO_CARGA_SI_ES_AUXILIAR,TRAZABILIDAD_INTERNA_CNED,NO,SI,No debe ir en archivo de carga; conservar en trazabilidad.
65,I162S2C95J4V1,,CNED_PUEDE_SUBIR_PRELIMINAR,REVISAR,AUXILIAR_TECNICA,REVISAR,BAJA,MARCA_TECNICA_REMOVIBLE,EXCLUIR_DE_ARCHIVO_CARGA_SI_ES_AUXILIAR,TRAZABILIDAD_INTERNA_CNED,NO,SI,No debe ir en archivo de carga; conservar en trazabilidad.
66,I162S2C96J4V1,,Área del Conocimiento,REVISAR_AREA_CODIGO_4,FORMULARIO_CNED_DESCONOCIDO,REVISAR,MEDIA,DUDA_METODOLOGICA,REQUIERE_DECISION_INSTITUCIONAL,AREA_ACADEMICA_O_DUENO_DEL_PROGRAMA,DEPENDE,DEPENDE,Campo de formulario o carga potencial: validar contra instructivo CNED antes de excluir o completar.
66,I162S2C96J4V1,,Sub Área,REVISAR_SUB_AREA_SIN_FUENTE_DIRECTA,FORMULARIO_CNED_DESCONOCIDO,REVISAR,MEDIA,DUDA_METODOLOGICA,REQUIERE_DECISION_INSTITUCIONAL,AREA_ACADEMICA_O_DUENO_DEL_PROGRAMA,DEPENDE,DEPENDE,Campo de formulario o carga potencial: validar contra instructivo CNED antes de excluir o completar.
66,I162S2C96J4V1,,Carrera Genérica,REVISAR_CARRERA_GENERICA_SIN_FUENTE_DIRECTA,FORMULARIO_CNED_DESCONOCIDO,REVISAR,MEDIA,DUDA_METODOLOGICA,REQUIERE_DECISION_INSTITUCIONAL,AREA_ACADEMICA_O_DUENO_DEL_PROGRAMA,DEPENDE,DEPENDE,Campo de formulario o carga potencial: validar contra instructivo CNED antes de excluir o completar.
66,I162S2C96J4V1,,Grado Académico que otorga el programa,REVISAR_GRADO_ACADEMICO_SIN_FUENTE_DIRECTA,FORMULARIO_CNED_DESCONOCIDO,REVISAR,MEDIA,DUDA_METODOLOGICA,NO_RESOLVER_AUTOMATICAMENTE,INSTRUCTIVO_CNED_Y_DECISION_INSTITUCIONAL,DEPENDE,DEPENDE,Campo de formulario o carga potencial: validar contra instructivo CNED antes de excluir o completar.
66,I162S2C96J4V1,,Dependencia,REVISAR_DEPENDENCIA_SIN_FUENTE_DIRECTA,FORMULARIO_CNED_DESCONOCIDO,REVISAR,MEDIA,DUDA_METODOLOGICA,REQUIERE_DECISION_INSTITUCIONAL,AREA_ACADEMICA_O_DUENO_DEL_PROGRAMA,DEPENDE,DEPENDE,Campo de formulario o carga potencial: validar contra instructivo CNED antes de excluir o completar.
66,I162S2C96J4V1,,Régimen,REVISAR_REGIMEN_CODIGO_1,OFICIAL_PROBABLE,REVISAR,ALTA,CAMPO_PENDIENTE_REAL,VALIDAR_CON_REGISTRO_CURRICULAR,REGISTRO_CURRICULAR_OFERTA_OFICIAL,SI,NO,Campo estructural/oficial: no resolver sin fuente institucional.
66,I162S2C96J4V1,,Ingreso Directo,REVISAR_INGRESO_DIRECTO_CODIGO_REQUISITO_INGRESO_2,FORMULARIO_CNED_DESCONOCIDO,REVISAR,MEDIA,DUDA_METODOLOGICA,VALIDAR_CON_AREA_ACADEMICA,AREA_ACADEMICA_O_DUENO_DEL_PROGRAMA,DEPENDE,DEPENDE,Campo de formulario o carga potencial: validar contra instructivo CNED antes de excluir o completar.
66,I162S2C96J4V1,,Otro Tipo de Ingreso,REVISAR_OTRO_TIPO_INGRESO_CODIGO_REQUISITO_INGRESO_2,FORMULARIO_CNED_DESCONOCIDO,REVISAR,MEDIA,DUDA_METODOLOGICA,VALIDAR_CON_AREA_ACADEMICA,AREA_ACADEMICA_O_DUENO_DEL_PROGRAMA,DEPENDE,DEPENDE,Campo de formulario o carga potencial: validar contra instructivo CNED antes de excluir o completar.
66,I162S2C96J4V1,,Ingreso otro,REVISAR_DESCRIPCION_OTRO_INGRESO_SIN_TEXTO_FUENTE,FORMULARIO_CNED_DESCONOCIDO,REVISAR,MEDIA,DUDA_METODOLOGICA,VALIDAR_CON_AREA_ACADEMICA,AREA_ACADEMICA_O_DUENO_DEL_PROGRAMA,DEPENDE,DEPENDE,Campo de formulario o carga potencial: validar contra instructivo CNED antes de excluir o completar.
66,I162S2C96J4V1,,Observaciones,Crear según matriz PROMEDIOSDEALUMNOS_7804.xlsx / hoja matriz; conciliado contra diccionario oferta 2026; no encontrado en listado existente INDICES por CODIGO_UNICO; campos sin fuente directa quedan con revisión específica.,FORMULARIO_CNED_DESCONOCIDO,REVISION,MEDIA,OBSERVACION_INSTITUCIONAL,MANTENER_SOLO_COMO_TRAZABILIDAD,INSTRUCTIVO_CNED_Y_DECISION_INSTITUCIONAL,DEPENDE,DEPENDE,Campo de formulario o carga potencial: validar contra instructivo CNED antes de excluir o completar.
66,I162S2C96J4V1,,FECHA_ADMISION_INICIAL,REVISAR_FECHA_ADMISION_INICIAL_SIN_FUENTE,FORMULARIO_CNED_DESCONOCIDO,REVISAR,MEDIA,DUDA_METODOLOGICA,NO_RESOLVER_AUTOMATICAMENTE,INSTRUCTIVO_CNED_Y_DECISION_INSTITUCIONAL,DEPENDE,DEPENDE,Campo de formulario o carga potencial: validar contra instructivo CNED antes de excluir o completar.
66,I162S2C96J4V1,,MALLA_CURRICULAR,REVISAR_MALLA_CURRICULAR_SIN_FUENTE,FORMULARIO_CNED_DESCONOCIDO,REVISAR,MEDIA,DUDA_METODOLOGICA,VALIDAR_CON_AREA_ACADEMICA,AREA_ACADEMICA_O_DUENO_DEL_PROGRAMA,DEPENDE,DEPENDE,Campo de formulario o carga potencial: validar contra instructivo CNED antes de excluir o completar.
66,I162S2C96J4V1,,PERFIL_EGRESO,REVISAR_PERFIL_EGRESO_SIN_FUENTE,FORMULARIO_CNED_DESCONOCIDO,REVISAR,MEDIA,DUDA_METODOLOGICA,VALIDAR_CON_AREA_ACADEMICA,AREA_ACADEMICA_O_DUENO_DEL_PROGRAMA,DEPENDE,DEPENDE,Campo de formulario o carga potencial: validar contra instructivo CNED antes de excluir o completar.
66,I162S2C96J4V1,,TEXTO_REQUISITO_INGRESO,REVISAR_TEXTO_REQUISITO_INGRESO_SIN_FUENTE,FORMULARIO_CNED_DESCONOCIDO,REVISAR,MEDIA,DUDA_METODOLOGICA,VALIDAR_CON_AREA_ACADEMICA,AREA_ACADEMICA_O_DUENO_DEL_PROGRAMA,DEPENDE,DEPENDE,Campo de formulario o carga potencial: validar contra instructivo CNED antes de excluir o completar.
66,I162S2C96J4V1,,LICENCIA_ENS_MEDIA,REVISAR_LICENCIA_ENS_MEDIA_SIN_FUENTE,FORMULARIO_CNED_DESCONOCIDO,REVISAR,MEDIA,DUDA_METODOLOGICA,VALIDAR_CON_AREA_ACADEMICA,AREA_ACADEMICA_O_DUENO_DEL_PROGRAMA,DEPENDE,DEPENDE,Campo de formulario o carga potencial: validar contra instructivo CNED antes de excluir o completar.
66,I162S2C96J4V1,,NOTAS_ENS_MEDIA,REVISAR_NOTAS_ENS_MEDIA_SIN_FUENTE,FORMULARIO_CNED_DESCONOCIDO,REVISAR,MEDIA,DUDA_METODOLOGICA,VALIDAR_CON_AREA_ACADEMICA,AREA_ACADEMICA_O_DUENO_DEL_PROGRAMA,DEPENDE,DEPENDE,Campo de formulario o carga potencial: validar contra instructivo CNED antes de excluir o completar.
66,I162S2C96J4V1,,PROMEDIO_MIN_ENS_MEDIA,REVISAR_PROMEDIO_MIN_ENS_MEDIA_SIN_FUENTE,FORMULARIO_CNED_DESCONOCIDO,REVISAR,MEDIA,DUDA_METODOLOGICA,NO_RESOLVER_AUTOMATICAMENTE,INSTRUCTIVO_CNED_Y_DECISION_INSTITUCIONAL,DEPENDE,DEPENDE,Campo de formulario o carga potencial: validar contra instructivo CNED antes de excluir o completar.
66,I162S2C96J4V1,,RECONOCIMIENTOS_APREN_PREVIOS,REVISAR_RECONOCIMIENTOS_APREN_PREVIOS_SIN_FUENTE,FORMULARIO_CNED_DESCONOCIDO,REVISAR,MEDIA,DUDA_METODOLOGICA,NO_RESOLVER_AUTOMATICAMENTE,INSTRUCTIVO_CNED_Y_DECISION_INSTITUCIONAL,DEPENDE,DEPENDE,Campo de formulario o carga potencial: validar contra instructivo CNED antes de excluir o completar.
66,I162S2C96J4V1,,EXPERIENCIA_LABORAL,REVISAR_EXPERIENCIA_LABORAL_SIN_FUENTE,FORMULARIO_CNED_DESCONOCIDO,REVISAR,MEDIA,DUDA_METODOLOGICA,VALIDAR_CON_AREA_ACADEMICA,AREA_ACADEMICA_O_DUENO_DEL_PROGRAMA,DEPENDE,DEPENDE,Campo de formulario o carga potencial: validar contra instructivo CNED antes de excluir o completar.
66,I162S2C96J4V1,,OTROS_REQUISITOS,REVISAR_OTROS_REQUISITOS_SIN_FUENTE,FORMULARIO_CNED_DESCONOCIDO,REVISAR,MEDIA,DUDA_METODOLOGICA,VALIDAR_CON_AREA_ACADEMICA,AREA_ACADEMICA_O_DUENO_DEL_PROGRAMA,DEPENDE,DEPENDE,Campo de formulario o carga potencial: validar contra instructivo CNED antes de excluir o completar.
66,I162S2C96J4V1,,MAIL_DIFUSION_CARRERA,REVISAR_MAIL_DIFUSION_CARRERA_SIN_FUENTE,FORMULARIO_CNED_DESCONOCIDO,REVISAR,MEDIA,DUDA_METODOLOGICA,NO_RESOLVER_AUTOMATICAMENTE,INSTRUCTIVO_CNED_Y_DECISION_INSTITUCIONAL,DEPENDE,DEPENDE,Campo de formulario o carga potencial: validar contra instructivo CNED antes de excluir o completar.
66,I162S2C96J4V1,,FORMATO_VALOR,REVISAR_FORMATO_VALOR_SIN_FUENTE,FORMULARIO_CNED_DESCONOCIDO,REVISAR,MEDIA,DUDA_METODOLOGICA,VALIDAR_CON_FINANZAS_ARANCELES,FINANZAS_ARANCELES_INSTITUCIONAL,DEPENDE,DEPENDE,Requiere fuente monetaria explicita; no usar cero ni inferencias.
66,I162S2C96J4V1,,VALOR_MATRICULA_ANUAL,REVISAR_VALOR_MATRICULA_ANUAL_SIN_FUENTE,FORMULARIO_CNED_DESCONOCIDO,REVISAR,MEDIA,DUDA_METODOLOGICA,VALIDAR_CON_FINANZAS_ARANCELES,FINANZAS_ARANCELES_INSTITUCIONAL,DEPENDE,DEPENDE,Requiere fuente monetaria explicita; no usar cero ni inferencias.
66,I162S2C96J4V1,,COSTO_TITULACION,REVISAR_COSTO_TITULACION_SIN_FUENTE,FORMULARIO_CNED_DESCONOCIDO,REVISAR,MEDIA,DUDA_METODOLOGICA,VALIDAR_CON_FINANZAS_ARANCELES,FINANZAS_ARANCELES_INSTITUCIONAL,DEPENDE,DEPENDE,Requiere fuente monetaria explicita; no usar cero ni inferencias.
66,I162S2C96J4V1,,VALOR_CERTIFICADO_DIPLOMA,REVISAR_VALOR_CERTIFICADO_DIPLOMA_SIN_FUENTE,FORMULARIO_CNED_DESCONOCIDO,REVISAR,MEDIA,DUDA_METODOLOGICA,VALIDAR_CON_FINANZAS_ARANCELES,FINANZAS_ARANCELES_INSTITUCIONAL,DEPENDE,DEPENDE,Requiere fuente monetaria explicita; no usar cero ni inferencias.
66,I162S2C96J4V1,,ARANCEL_ANUAL,REVISAR_ARANCEL_ANUAL_SIN_FUENTE,FORMULARIO_CNED_DESCONOCIDO,REVISAR,MEDIA,DUDA_METODOLOGICA,VALIDAR_CON_FINANZAS_ARANCELES,FINANZAS_ARANCELES_INSTITUCIONAL,DEPENDE,DEPENDE,Requiere fuente monetaria explicita; no usar cero ni inferencias.
66,I162S2C96J4V1,,VIGENCIA_CARRERA,REVISAR_VIGENCIA_CARRERA_SIN_FUENTE_DIRECTA,OFICIAL_PROBABLE,REVISAR,ALTA,CAMPO_PENDIENTE_REAL,VALIDAR_CON_REGISTRO_CURRICULAR,REGISTRO_CURRICULAR_OFERTA_OFICIAL,SI,NO,Campo estructural/oficial: no resolver sin fuente institucional.
66,I162S2C96J4V1,,CNED_ESTADO_AUDITORIA,REQUIERE_REVISION,AUXILIAR_TECNICA,REVISION,BAJA,MARCA_TECNICA_REMOVIBLE,EXCLUIR_DE_ARCHIVO_CARGA_SI_ES_AUXILIAR,TRAZABILIDAD_INTERNA_CNED,NO,SI,No debe ir en archivo de carga; conservar en trazabilidad.
66,I162S2C96J4V1,,CNED_ALERTAS,CONTIENE_MARCAS_TECNICAS_DE_REVISION,AUXILIAR_TECNICA,REVISION,BAJA,MARCA_TECNICA_REMOVIBLE,EXCLUIR_DE_ARCHIVO_CARGA_SI_ES_AUXILIAR,TRAZABILIDAD_INTERNA_CNED,NO,SI,No debe ir en archivo de carga; conservar en trazabilidad.
66,I162S2C96J4V1,,CNED_PUEDE_SUBIR_PRELIMINAR,REVISAR,AUXILIAR_TECNICA,REVISAR,BAJA,MARCA_TECNICA_REMOVIBLE,EXCLUIR_DE_ARCHIVO_CARGA_SI_ES_AUXILIAR,TRAZABILIDAD_INTERNA_CNED,NO,SI,No debe ir en archivo de carga; conservar en trazabilidad.
67,I162S2C97J4V1,,Área del Conocimiento,REVISAR_AREA_CODIGO_1,FORMULARIO_CNED_DESCONOCIDO,REVISAR,MEDIA,DUDA_METODOLOGICA,REQUIERE_DECISION_INSTITUCIONAL,AREA_ACADEMICA_O_DUENO_DEL_PROGRAMA,DEPENDE,DEPENDE,Campo de formulario o carga potencial: validar contra instructivo CNED antes de excluir o completar.
67,I162S2C97J4V1,,Sub Área,REVISAR_SUB_AREA_SIN_FUENTE_DIRECTA,FORMULARIO_CNED_DESCONOCIDO,REVISAR,MEDIA,DUDA_METODOLOGICA,REQUIERE_DECISION_INSTITUCIONAL,AREA_ACADEMICA_O_DUENO_DEL_PROGRAMA,DEPENDE,DEPENDE,Campo de formulario o carga potencial: validar contra instructivo CNED antes de excluir o completar.
67,I162S2C97J4V1,,Carrera Genérica,REVISAR_CARRERA_GENERICA_SIN_FUENTE_DIRECTA,FORMULARIO_CNED_DESCONOCIDO,REVISAR,MEDIA,DUDA_METODOLOGICA,REQUIERE_DECISION_INSTITUCIONAL,AREA_ACADEMICA_O_DUENO_DEL_PROGRAMA,DEPENDE,DEPENDE,Campo de formulario o carga potencial: validar contra instructivo CNED antes de excluir o completar.
67,I162S2C97J4V1,,Grado Académico que otorga el programa,REVISAR_GRADO_ACADEMICO_SIN_FUENTE_DIRECTA,FORMULARIO_CNED_DESCONOCIDO,REVISAR,MEDIA,DUDA_METODOLOGICA,NO_RESOLVER_AUTOMATICAMENTE,INSTRUCTIVO_CNED_Y_DECISION_INSTITUCIONAL,DEPENDE,DEPENDE,Campo de formulario o carga potencial: validar contra instructivo CNED antes de excluir o completar.
67,I162S2C97J4V1,,Dependencia,REVISAR_DEPENDENCIA_SIN_FUENTE_DIRECTA,FORMULARIO_CNED_DESCONOCIDO,REVISAR,MEDIA,DUDA_METODOLOGICA,REQUIERE_DECISION_INSTITUCIONAL,AREA_ACADEMICA_O_DUENO_DEL_PROGRAMA,DEPENDE,DEPENDE,Campo de formulario o carga potencial: validar contra instructivo CNED antes de excluir o completar.
67,I162S2C97J4V1,,Régimen,REVISAR_REGIMEN_CODIGO_1,OFICIAL_PROBABLE,REVISAR,ALTA,CAMPO_PENDIENTE_REAL,VALIDAR_CON_REGISTRO_CURRICULAR,REGISTRO_CURRICULAR_OFERTA_OFICIAL,SI,NO,Campo estructural/oficial: no resolver sin fuente institucional.
67,I162S2C97J4V1,,Ingreso Directo,REVISAR_INGRESO_DIRECTO_CODIGO_REQUISITO_INGRESO_2,FORMULARIO_CNED_DESCONOCIDO,REVISAR,MEDIA,DUDA_METODOLOGICA,VALIDAR_CON_AREA_ACADEMICA,AREA_ACADEMICA_O_DUENO_DEL_PROGRAMA,DEPENDE,DEPENDE,Campo de formulario o carga potencial: validar contra instructivo CNED antes de excluir o completar.
67,I162S2C97J4V1,,Otro Tipo de Ingreso,REVISAR_OTRO_TIPO_INGRESO_CODIGO_REQUISITO_INGRESO_2,FORMULARIO_CNED_DESCONOCIDO,REVISAR,MEDIA,DUDA_METODOLOGICA,VALIDAR_CON_AREA_ACADEMICA,AREA_ACADEMICA_O_DUENO_DEL_PROGRAMA,DEPENDE,DEPENDE,Campo de formulario o carga potencial: validar contra instructivo CNED antes de excluir o completar.
67,I162S2C97J4V1,,Ingreso otro,REVISAR_DESCRIPCION_OTRO_INGRESO_SIN_TEXTO_FUENTE,FORMULARIO_CNED_DESCONOCIDO,REVISAR,MEDIA,DUDA_METODOLOGICA,VALIDAR_CON_AREA_ACADEMICA,AREA_ACADEMICA_O_DUENO_DEL_PROGRAMA,DEPENDE,DEPENDE,Campo de formulario o carga potencial: validar contra instructivo CNED antes de excluir o completar.
67,I162S2C97J4V1,,Observaciones,Crear según matriz PROMEDIOSDEALUMNOS_7804.xlsx / hoja matriz; conciliado contra diccionario oferta 2026; no encontrado en listado existente INDICES por CODIGO_UNICO; campos sin fuente directa quedan con revisión específica.,FORMULARIO_CNED_DESCONOCIDO,REVISION,MEDIA,OBSERVACION_INSTITUCIONAL,MANTENER_SOLO_COMO_TRAZABILIDAD,INSTRUCTIVO_CNED_Y_DECISION_INSTITUCIONAL,DEPENDE,DEPENDE,Campo de formulario o carga potencial: validar contra instructivo CNED antes de excluir o completar.
67,I162S2C97J4V1,,FECHA_ADMISION_INICIAL,REVISAR_FECHA_ADMISION_INICIAL_SIN_FUENTE,FORMULARIO_CNED_DESCONOCIDO,REVISAR,MEDIA,DUDA_METODOLOGICA,NO_RESOLVER_AUTOMATICAMENTE,INSTRUCTIVO_CNED_Y_DECISION_INSTITUCIONAL,DEPENDE,DEPENDE,Campo de formulario o carga potencial: validar contra instructivo CNED antes de excluir o completar.
67,I162S2C97J4V1,,MALLA_CURRICULAR,REVISAR_MALLA_CURRICULAR_SIN_FUENTE,FORMULARIO_CNED_DESCONOCIDO,REVISAR,MEDIA,DUDA_METODOLOGICA,VALIDAR_CON_AREA_ACADEMICA,AREA_ACADEMICA_O_DUENO_DEL_PROGRAMA,DEPENDE,DEPENDE,Campo de formulario o carga potencial: validar contra instructivo CNED antes de excluir o completar.
67,I162S2C97J4V1,,PERFIL_EGRESO,REVISAR_PERFIL_EGRESO_SIN_FUENTE,FORMULARIO_CNED_DESCONOCIDO,REVISAR,MEDIA,DUDA_METODOLOGICA,VALIDAR_CON_AREA_ACADEMICA,AREA_ACADEMICA_O_DUENO_DEL_PROGRAMA,DEPENDE,DEPENDE,Campo de formulario o carga potencial: validar contra instructivo CNED antes de excluir o completar.
67,I162S2C97J4V1,,TEXTO_REQUISITO_INGRESO,REVISAR_TEXTO_REQUISITO_INGRESO_SIN_FUENTE,FORMULARIO_CNED_DESCONOCIDO,REVISAR,MEDIA,DUDA_METODOLOGICA,VALIDAR_CON_AREA_ACADEMICA,AREA_ACADEMICA_O_DUENO_DEL_PROGRAMA,DEPENDE,DEPENDE,Campo de formulario o carga potencial: validar contra instructivo CNED antes de excluir o completar.
67,I162S2C97J4V1,,LICENCIA_ENS_MEDIA,REVISAR_LICENCIA_ENS_MEDIA_SIN_FUENTE,FORMULARIO_CNED_DESCONOCIDO,REVISAR,MEDIA,DUDA_METODOLOGICA,VALIDAR_CON_AREA_ACADEMICA,AREA_ACADEMICA_O_DUENO_DEL_PROGRAMA,DEPENDE,DEPENDE,Campo de formulario o carga potencial: validar contra instructivo CNED antes de excluir o completar.
67,I162S2C97J4V1,,NOTAS_ENS_MEDIA,REVISAR_NOTAS_ENS_MEDIA_SIN_FUENTE,FORMULARIO_CNED_DESCONOCIDO,REVISAR,MEDIA,DUDA_METODOLOGICA,VALIDAR_CON_AREA_ACADEMICA,AREA_ACADEMICA_O_DUENO_DEL_PROGRAMA,DEPENDE,DEPENDE,Campo de formulario o carga potencial: validar contra instructivo CNED antes de excluir o completar.
67,I162S2C97J4V1,,PROMEDIO_MIN_ENS_MEDIA,REVISAR_PROMEDIO_MIN_ENS_MEDIA_SIN_FUENTE,FORMULARIO_CNED_DESCONOCIDO,REVISAR,MEDIA,DUDA_METODOLOGICA,NO_RESOLVER_AUTOMATICAMENTE,INSTRUCTIVO_CNED_Y_DECISION_INSTITUCIONAL,DEPENDE,DEPENDE,Campo de formulario o carga potencial: validar contra instructivo CNED antes de excluir o completar.
67,I162S2C97J4V1,,RECONOCIMIENTOS_APREN_PREVIOS,REVISAR_RECONOCIMIENTOS_APREN_PREVIOS_SIN_FUENTE,FORMULARIO_CNED_DESCONOCIDO,REVISAR,MEDIA,DUDA_METODOLOGICA,NO_RESOLVER_AUTOMATICAMENTE,INSTRUCTIVO_CNED_Y_DECISION_INSTITUCIONAL,DEPENDE,DEPENDE,Campo de formulario o carga potencial: validar contra instructivo CNED antes de excluir o completar.
67,I162S2C97J4V1,,EXPERIENCIA_LABORAL,REVISAR_EXPERIENCIA_LABORAL_SIN_FUENTE,FORMULARIO_CNED_DESCONOCIDO,REVISAR,MEDIA,DUDA_METODOLOGICA,VALIDAR_CON_AREA_ACADEMICA,AREA_ACADEMICA_O_DUENO_DEL_PROGRAMA,DEPENDE,DEPENDE,Campo de formulario o carga potencial: validar contra instructivo CNED antes de excluir o completar.
67,I162S2C97J4V1,,OTROS_REQUISITOS,REVISAR_OTROS_REQUISITOS_SIN_FUENTE,FORMULARIO_CNED_DESCONOCIDO,REVISAR,MEDIA,DUDA_METODOLOGICA,VALIDAR_CON_AREA_ACADEMICA,AREA_ACADEMICA_O_DUENO_DEL_PROGRAMA,DEPENDE,DEPENDE,Campo de formulario o carga potencial: validar contra instructivo CNED antes de excluir o completar.
67,I162S2C97J4V1,,MAIL_DIFUSION_CARRERA,REVISAR_MAIL_DIFUSION_CARRERA_SIN_FUENTE,FORMULARIO_CNED_DESCONOCIDO,REVISAR,MEDIA,DUDA_METODOLOGICA,NO_RESOLVER_AUTOMATICAMENTE,INSTRUCTIVO_CNED_Y_DECISION_INSTITUCIONAL,DEPENDE,DEPENDE,Campo de formulario o carga potencial: validar contra instructivo CNED antes de excluir o completar.
67,I162S2C97J4V1,,FORMATO_VALOR,REVISAR_FORMATO_VALOR_SIN_FUENTE,FORMULARIO_CNED_DESCONOCIDO,REVISAR,MEDIA,DUDA_METODOLOGICA,VALIDAR_CON_FINANZAS_ARANCELES,FINANZAS_ARANCELES_INSTITUCIONAL,DEPENDE,DEPENDE,Requiere fuente monetaria explicita; no usar cero ni inferencias.
67,I162S2C97J4V1,,VALOR_MATRICULA_ANUAL,REVISAR_VALOR_MATRICULA_ANUAL_SIN_FUENTE,FORMULARIO_CNED_DESCONOCIDO,REVISAR,MEDIA,DUDA_METODOLOGICA,VALIDAR_CON_FINANZAS_ARANCELES,FINANZAS_ARANCELES_INSTITUCIONAL,DEPENDE,DEPENDE,Requiere fuente monetaria explicita; no usar cero ni inferencias.
67,I162S2C97J4V1,,COSTO_TITULACION,REVISAR_COSTO_TITULACION_SIN_FUENTE,FORMULARIO_CNED_DESCONOCIDO,REVISAR,MEDIA,DUDA_METODOLOGICA,VALIDAR_CON_FINANZAS_ARANCELES,FINANZAS_ARANCELES_INSTITUCIONAL,DEPENDE,DEPENDE,Requiere fuente monetaria explicita; no usar cero ni inferencias.
67,I162S2C97J4V1,,VALOR_CERTIFICADO_DIPLOMA,REVISAR_VALOR_CERTIFICADO_DIPLOMA_SIN_FUENTE,FORMULARIO_CNED_DESCONOCIDO,REVISAR,MEDIA,DUDA_METODOLOGICA,VALIDAR_CON_FINANZAS_ARANCELES,FINANZAS_ARANCELES_INSTITUCIONAL,DEPENDE,DEPENDE,Requiere fuente monetaria explicita; no usar cero ni inferencias.
67,I162S2C97J4V1,,ARANCEL_ANUAL,REVISAR_ARANCEL_ANUAL_SIN_FUENTE,FORMULARIO_CNED_DESCONOCIDO,REVISAR,MEDIA,DUDA_METODOLOGICA,VALIDAR_CON_FINANZAS_ARANCELES,FINANZAS_ARANCELES_INSTITUCIONAL,DEPENDE,DEPENDE,Requiere fuente monetaria explicita; no usar cero ni inferencias.
67,I162S2C97J4V1,,VIGENCIA_CARRERA,REVISAR_VIGENCIA_CARRERA_SIN_FUENTE_DIRECTA,OFICIAL_PROBABLE,REVISAR,ALTA,CAMPO_PENDIENTE_REAL,VALIDAR_CON_REGISTRO_CURRICULAR,REGISTRO_CURRICULAR_OFERTA_OFICIAL,SI,NO,Campo estructural/oficial: no resolver sin fuente institucional.
67,I162S2C97J4V1,,CNED_ESTADO_AUDITORIA,REQUIERE_REVISION,AUXILIAR_TECNICA,REVISION,BAJA,MARCA_TECNICA_REMOVIBLE,EXCLUIR_DE_ARCHIVO_CARGA_SI_ES_AUXILIAR,TRAZABILIDAD_INTERNA_CNED,NO,SI,No debe ir en archivo de carga; conservar en trazabilidad.
67,I162S2C97J4V1,,CNED_ALERTAS,CONTIENE_MARCAS_TECNICAS_DE_REVISION,AUXILIAR_TECNICA,REVISION,BAJA,MARCA_TECNICA_REMOVIBLE,EXCLUIR_DE_ARCHIVO_CARGA_SI_ES_AUXILIAR,TRAZABILIDAD_INTERNA_CNED,NO,SI,No debe ir en archivo de carga; conservar en trazabilidad.
67,I162S2C97J4V1,,CNED_PUEDE_SUBIR_PRELIMINAR,REVISAR,AUXILIAR_TECNICA,REVISAR,BAJA,MARCA_TECNICA_REMOVIBLE,EXCLUIR_DE_ARCHIVO_CARGA_SI_ES_AUXILIAR,TRAZABILIDAD_INTERNA_CNED,NO,SI,No debe ir en archivo de carga; conservar en trazabilidad.
68,I162S2C98J4V1,,Área del Conocimiento,REVISAR_AREA_CODIGO_1,FORMULARIO_CNED_DESCONOCIDO,REVISAR,MEDIA,DUDA_METODOLOGICA,REQUIERE_DECISION_INSTITUCIONAL,AREA_ACADEMICA_O_DUENO_DEL_PROGRAMA,DEPENDE,DEPENDE,Campo de formulario o carga potencial: validar contra instructivo CNED antes de excluir o completar.
68,I162S2C98J4V1,,Sub Área,REVISAR_SUB_AREA_SIN_FUENTE_DIRECTA,FORMULARIO_CNED_DESCONOCIDO,REVISAR,MEDIA,DUDA_METODOLOGICA,REQUIERE_DECISION_INSTITUCIONAL,AREA_ACADEMICA_O_DUENO_DEL_PROGRAMA,DEPENDE,DEPENDE,Campo de formulario o carga potencial: validar contra instructivo CNED antes de excluir o completar.
68,I162S2C98J4V1,,Carrera Genérica,REVISAR_CARRERA_GENERICA_SIN_FUENTE_DIRECTA,FORMULARIO_CNED_DESCONOCIDO,REVISAR,MEDIA,DUDA_METODOLOGICA,REQUIERE_DECISION_INSTITUCIONAL,AREA_ACADEMICA_O_DUENO_DEL_PROGRAMA,DEPENDE,DEPENDE,Campo de formulario o carga potencial: validar contra instructivo CNED antes de excluir o completar.
68,I162S2C98J4V1,,Grado Académico que otorga el programa,REVISAR_GRADO_ACADEMICO_SIN_FUENTE_DIRECTA,FORMULARIO_CNED_DESCONOCIDO,REVISAR,MEDIA,DUDA_METODOLOGICA,NO_RESOLVER_AUTOMATICAMENTE,INSTRUCTIVO_CNED_Y_DECISION_INSTITUCIONAL,DEPENDE,DEPENDE,Campo de formulario o carga potencial: validar contra instructivo CNED antes de excluir o completar.
68,I162S2C98J4V1,,Dependencia,REVISAR_DEPENDENCIA_SIN_FUENTE_DIRECTA,FORMULARIO_CNED_DESCONOCIDO,REVISAR,MEDIA,DUDA_METODOLOGICA,REQUIERE_DECISION_INSTITUCIONAL,AREA_ACADEMICA_O_DUENO_DEL_PROGRAMA,DEPENDE,DEPENDE,Campo de formulario o carga potencial: validar contra instructivo CNED antes de excluir o completar.
68,I162S2C98J4V1,,Régimen,REVISAR_REGIMEN_CODIGO_1,OFICIAL_PROBABLE,REVISAR,ALTA,CAMPO_PENDIENTE_REAL,VALIDAR_CON_REGISTRO_CURRICULAR,REGISTRO_CURRICULAR_OFERTA_OFICIAL,SI,NO,Campo estructural/oficial: no resolver sin fuente institucional.
68,I162S2C98J4V1,,Ingreso Directo,REVISAR_INGRESO_DIRECTO_CODIGO_REQUISITO_INGRESO_2,FORMULARIO_CNED_DESCONOCIDO,REVISAR,MEDIA,DUDA_METODOLOGICA,VALIDAR_CON_AREA_ACADEMICA,AREA_ACADEMICA_O_DUENO_DEL_PROGRAMA,DEPENDE,DEPENDE,Campo de formulario o carga potencial: validar contra instructivo CNED antes de excluir o completar.
68,I162S2C98J4V1,,Otro Tipo de Ingreso,REVISAR_OTRO_TIPO_INGRESO_CODIGO_REQUISITO_INGRESO_2,FORMULARIO_CNED_DESCONOCIDO,REVISAR,MEDIA,DUDA_METODOLOGICA,VALIDAR_CON_AREA_ACADEMICA,AREA_ACADEMICA_O_DUENO_DEL_PROGRAMA,DEPENDE,DEPENDE,Campo de formulario o carga potencial: validar contra instructivo CNED antes de excluir o completar.
68,I162S2C98J4V1,,Ingreso otro,REVISAR_DESCRIPCION_OTRO_INGRESO_SIN_TEXTO_FUENTE,FORMULARIO_CNED_DESCONOCIDO,REVISAR,MEDIA,DUDA_METODOLOGICA,VALIDAR_CON_AREA_ACADEMICA,AREA_ACADEMICA_O_DUENO_DEL_PROGRAMA,DEPENDE,DEPENDE,Campo de formulario o carga potencial: validar contra instructivo CNED antes de excluir o completar.
68,I162S2C98J4V1,,Observaciones,Crear según matriz PROMEDIOSDEALUMNOS_7804.xlsx / hoja matriz; conciliado contra diccionario oferta 2026; no encontrado en listado existente INDICES por CODIGO_UNICO; campos sin fuente directa quedan con revisión específica.,FORMULARIO_CNED_DESCONOCIDO,REVISION,MEDIA,OBSERVACION_INSTITUCIONAL,MANTENER_SOLO_COMO_TRAZABILIDAD,INSTRUCTIVO_CNED_Y_DECISION_INSTITUCIONAL,DEPENDE,DEPENDE,Campo de formulario o carga potencial: validar contra instructivo CNED antes de excluir o completar.
68,I162S2C98J4V1,,FECHA_ADMISION_INICIAL,REVISAR_FECHA_ADMISION_INICIAL_SIN_FUENTE,FORMULARIO_CNED_DESCONOCIDO,REVISAR,MEDIA,DUDA_METODOLOGICA,NO_RESOLVER_AUTOMATICAMENTE,INSTRUCTIVO_CNED_Y_DECISION_INSTITUCIONAL,DEPENDE,DEPENDE,Campo de formulario o carga potencial: validar contra instructivo CNED antes de excluir o completar.
68,I162S2C98J4V1,,MALLA_CURRICULAR,REVISAR_MALLA_CURRICULAR_SIN_FUENTE,FORMULARIO_CNED_DESCONOCIDO,REVISAR,MEDIA,DUDA_METODOLOGICA,VALIDAR_CON_AREA_ACADEMICA,AREA_ACADEMICA_O_DUENO_DEL_PROGRAMA,DEPENDE,DEPENDE,Campo de formulario o carga potencial: validar contra instructivo CNED antes de excluir o completar.
68,I162S2C98J4V1,,PERFIL_EGRESO,REVISAR_PERFIL_EGRESO_SIN_FUENTE,FORMULARIO_CNED_DESCONOCIDO,REVISAR,MEDIA,DUDA_METODOLOGICA,VALIDAR_CON_AREA_ACADEMICA,AREA_ACADEMICA_O_DUENO_DEL_PROGRAMA,DEPENDE,DEPENDE,Campo de formulario o carga potencial: validar contra instructivo CNED antes de excluir o completar.
68,I162S2C98J4V1,,TEXTO_REQUISITO_INGRESO,REVISAR_TEXTO_REQUISITO_INGRESO_SIN_FUENTE,FORMULARIO_CNED_DESCONOCIDO,REVISAR,MEDIA,DUDA_METODOLOGICA,VALIDAR_CON_AREA_ACADEMICA,AREA_ACADEMICA_O_DUENO_DEL_PROGRAMA,DEPENDE,DEPENDE,Campo de formulario o carga potencial: validar contra instructivo CNED antes de excluir o completar.
68,I162S2C98J4V1,,LICENCIA_ENS_MEDIA,REVISAR_LICENCIA_ENS_MEDIA_SIN_FUENTE,FORMULARIO_CNED_DESCONOCIDO,REVISAR,MEDIA,DUDA_METODOLOGICA,VALIDAR_CON_AREA_ACADEMICA,AREA_ACADEMICA_O_DUENO_DEL_PROGRAMA,DEPENDE,DEPENDE,Campo de formulario o carga potencial: validar contra instructivo CNED antes de excluir o completar.
68,I162S2C98J4V1,,NOTAS_ENS_MEDIA,REVISAR_NOTAS_ENS_MEDIA_SIN_FUENTE,FORMULARIO_CNED_DESCONOCIDO,REVISAR,MEDIA,DUDA_METODOLOGICA,VALIDAR_CON_AREA_ACADEMICA,AREA_ACADEMICA_O_DUENO_DEL_PROGRAMA,DEPENDE,DEPENDE,Campo de formulario o carga potencial: validar contra instructivo CNED antes de excluir o completar.
68,I162S2C98J4V1,,PROMEDIO_MIN_ENS_MEDIA,REVISAR_PROMEDIO_MIN_ENS_MEDIA_SIN_FUENTE,FORMULARIO_CNED_DESCONOCIDO,REVISAR,MEDIA,DUDA_METODOLOGICA,NO_RESOLVER_AUTOMATICAMENTE,INSTRUCTIVO_CNED_Y_DECISION_INSTITUCIONAL,DEPENDE,DEPENDE,Campo de formulario o carga potencial: validar contra instructivo CNED antes de excluir o completar.
68,I162S2C98J4V1,,RECONOCIMIENTOS_APREN_PREVIOS,REVISAR_RECONOCIMIENTOS_APREN_PREVIOS_SIN_FUENTE,FORMULARIO_CNED_DESCONOCIDO,REVISAR,MEDIA,DUDA_METODOLOGICA,NO_RESOLVER_AUTOMATICAMENTE,INSTRUCTIVO_CNED_Y_DECISION_INSTITUCIONAL,DEPENDE,DEPENDE,Campo de formulario o carga potencial: validar contra instructivo CNED antes de excluir o completar.
68,I162S2C98J4V1,,EXPERIENCIA_LABORAL,REVISAR_EXPERIENCIA_LABORAL_SIN_FUENTE,FORMULARIO_CNED_DESCONOCIDO,REVISAR,MEDIA,DUDA_METODOLOGICA,VALIDAR_CON_AREA_ACADEMICA,AREA_ACADEMICA_O_DUENO_DEL_PROGRAMA,DEPENDE,DEPENDE,Campo de formulario o carga potencial: validar contra instructivo CNED antes de excluir o completar.
68,I162S2C98J4V1,,OTROS_REQUISITOS,REVISAR_OTROS_REQUISITOS_SIN_FUENTE,FORMULARIO_CNED_DESCONOCIDO,REVISAR,MEDIA,DUDA_METODOLOGICA,VALIDAR_CON_AREA_ACADEMICA,AREA_ACADEMICA_O_DUENO_DEL_PROGRAMA,DEPENDE,DEPENDE,Campo de formulario o carga potencial: validar contra instructivo CNED antes de excluir o completar.
68,I162S2C98J4V1,,MAIL_DIFUSION_CARRERA,REVISAR_MAIL_DIFUSION_CARRERA_SIN_FUENTE,FORMULARIO_CNED_DESCONOCIDO,REVISAR,MEDIA,DUDA_METODOLOGICA,NO_RESOLVER_AUTOMATICAMENTE,INSTRUCTIVO_CNED_Y_DECISION_INSTITUCIONAL,DEPENDE,DEPENDE,Campo de formulario o carga potencial: validar contra instructivo CNED antes de excluir o completar.
68,I162S2C98J4V1,,FORMATO_VALOR,REVISAR_FORMATO_VALOR_SIN_FUENTE,FORMULARIO_CNED_DESCONOCIDO,REVISAR,MEDIA,DUDA_METODOLOGICA,VALIDAR_CON_FINANZAS_ARANCELES,FINANZAS_ARANCELES_INSTITUCIONAL,DEPENDE,DEPENDE,Requiere fuente monetaria explicita; no usar cero ni inferencias.
68,I162S2C98J4V1,,VALOR_MATRICULA_ANUAL,REVISAR_VALOR_MATRICULA_ANUAL_SIN_FUENTE,FORMULARIO_CNED_DESCONOCIDO,REVISAR,MEDIA,DUDA_METODOLOGICA,VALIDAR_CON_FINANZAS_ARANCELES,FINANZAS_ARANCELES_INSTITUCIONAL,DEPENDE,DEPENDE,Requiere fuente monetaria explicita; no usar cero ni inferencias.
68,I162S2C98J4V1,,COSTO_TITULACION,REVISAR_COSTO_TITULACION_SIN_FUENTE,FORMULARIO_CNED_DESCONOCIDO,REVISAR,MEDIA,DUDA_METODOLOGICA,VALIDAR_CON_FINANZAS_ARANCELES,FINANZAS_ARANCELES_INSTITUCIONAL,DEPENDE,DEPENDE,Requiere fuente monetaria explicita; no usar cero ni inferencias.
68,I162S2C98J4V1,,VALOR_CERTIFICADO_DIPLOMA,REVISAR_VALOR_CERTIFICADO_DIPLOMA_SIN_FUENTE,FORMULARIO_CNED_DESCONOCIDO,REVISAR,MEDIA,DUDA_METODOLOGICA,VALIDAR_CON_FINANZAS_ARANCELES,FINANZAS_ARANCELES_INSTITUCIONAL,DEPENDE,DEPENDE,Requiere fuente monetaria explicita; no usar cero ni inferencias.
68,I162S2C98J4V1,,ARANCEL_ANUAL,REVISAR_ARANCEL_ANUAL_SIN_FUENTE,FORMULARIO_CNED_DESCONOCIDO,REVISAR,MEDIA,DUDA_METODOLOGICA,VALIDAR_CON_FINANZAS_ARANCELES,FINANZAS_ARANCELES_INSTITUCIONAL,DEPENDE,DEPENDE,Requiere fuente monetaria explicita; no usar cero ni inferencias.
68,I162S2C98J4V1,,VIGENCIA_CARRERA,REVISAR_VIGENCIA_CARRERA_SIN_FUENTE_DIRECTA,OFICIAL_PROBABLE,REVISAR,ALTA,CAMPO_PENDIENTE_REAL,VALIDAR_CON_REGISTRO_CURRICULAR,REGISTRO_CURRICULAR_OFERTA_OFICIAL,SI,NO,Campo estructural/oficial: no resolver sin fuente institucional.
68,I162S2C98J4V1,,CNED_ESTADO_AUDITORIA,REQUIERE_REVISION,AUXILIAR_TECNICA,REVISION,BAJA,MARCA_TECNICA_REMOVIBLE,EXCLUIR_DE_ARCHIVO_CARGA_SI_ES_AUXILIAR,TRAZABILIDAD_INTERNA_CNED,NO,SI,No debe ir en archivo de carga; conservar en trazabilidad.
68,I162S2C98J4V1,,CNED_ALERTAS,CONTIENE_MARCAS_TECNICAS_DE_REVISION,AUXILIAR_TECNICA,REVISION,BAJA,MARCA_TECNICA_REMOVIBLE,EXCLUIR_DE_ARCHIVO_CARGA_SI_ES_AUXILIAR,TRAZABILIDAD_INTERNA_CNED,NO,SI,No debe ir en archivo de carga; conservar en trazabilidad.
68,I162S2C98J4V1,,CNED_PUEDE_SUBIR_PRELIMINAR,REVISAR,AUXILIAR_TECNICA,REVISAR,BAJA,MARCA_TECNICA_REMOVIBLE,EXCLUIR_DE_ARCHIVO_CARGA_SI_ES_AUXILIAR,TRAZABILIDAD_INTERNA_CNED,NO,SI,No debe ir en archivo de carga; conservar en trazabilidad.
69,I162S2C99J4V1,,Área del Conocimiento,REVISAR_AREA_CODIGO_1,FORMULARIO_CNED_DESCONOCIDO,REVISAR,MEDIA,DUDA_METODOLOGICA,REQUIERE_DECISION_INSTITUCIONAL,AREA_ACADEMICA_O_DUENO_DEL_PROGRAMA,DEPENDE,DEPENDE,Campo de formulario o carga potencial: validar contra instructivo CNED antes de excluir o completar.
69,I162S2C99J4V1,,Sub Área,REVISAR_SUB_AREA_SIN_FUENTE_DIRECTA,FORMULARIO_CNED_DESCONOCIDO,REVISAR,MEDIA,DUDA_METODOLOGICA,REQUIERE_DECISION_INSTITUCIONAL,AREA_ACADEMICA_O_DUENO_DEL_PROGRAMA,DEPENDE,DEPENDE,Campo de formulario o carga potencial: validar contra instructivo CNED antes de excluir o completar.
69,I162S2C99J4V1,,Carrera Genérica,REVISAR_CARRERA_GENERICA_SIN_FUENTE_DIRECTA,FORMULARIO_CNED_DESCONOCIDO,REVISAR,MEDIA,DUDA_METODOLOGICA,REQUIERE_DECISION_INSTITUCIONAL,AREA_ACADEMICA_O_DUENO_DEL_PROGRAMA,DEPENDE,DEPENDE,Campo de formulario o carga potencial: validar contra instructivo CNED antes de excluir o completar.
69,I162S2C99J4V1,,Grado Académico que otorga el programa,REVISAR_GRADO_ACADEMICO_SIN_FUENTE_DIRECTA,FORMULARIO_CNED_DESCONOCIDO,REVISAR,MEDIA,DUDA_METODOLOGICA,NO_RESOLVER_AUTOMATICAMENTE,INSTRUCTIVO_CNED_Y_DECISION_INSTITUCIONAL,DEPENDE,DEPENDE,Campo de formulario o carga potencial: validar contra instructivo CNED antes de excluir o completar.
69,I162S2C99J4V1,,Dependencia,REVISAR_DEPENDENCIA_SIN_FUENTE_DIRECTA,FORMULARIO_CNED_DESCONOCIDO,REVISAR,MEDIA,DUDA_METODOLOGICA,REQUIERE_DECISION_INSTITUCIONAL,AREA_ACADEMICA_O_DUENO_DEL_PROGRAMA,DEPENDE,DEPENDE,Campo de formulario o carga potencial: validar contra instructivo CNED antes de excluir o completar.
69,I162S2C99J4V1,,Régimen,REVISAR_REGIMEN_CODIGO_1,OFICIAL_PROBABLE,REVISAR,ALTA,CAMPO_PENDIENTE_REAL,VALIDAR_CON_REGISTRO_CURRICULAR,REGISTRO_CURRICULAR_OFERTA_OFICIAL,SI,NO,Campo estructural/oficial: no resolver sin fuente institucional.
69,I162S2C99J4V1,,Ingreso Directo,REVISAR_INGRESO_DIRECTO_CODIGO_REQUISITO_INGRESO_2,FORMULARIO_CNED_DESCONOCIDO,REVISAR,MEDIA,DUDA_METODOLOGICA,VALIDAR_CON_AREA_ACADEMICA,AREA_ACADEMICA_O_DUENO_DEL_PROGRAMA,DEPENDE,DEPENDE,Campo de formulario o carga potencial: validar contra instructivo CNED antes de excluir o completar.
69,I162S2C99J4V1,,Otro Tipo de Ingreso,REVISAR_OTRO_TIPO_INGRESO_CODIGO_REQUISITO_INGRESO_2,FORMULARIO_CNED_DESCONOCIDO,REVISAR,MEDIA,DUDA_METODOLOGICA,VALIDAR_CON_AREA_ACADEMICA,AREA_ACADEMICA_O_DUENO_DEL_PROGRAMA,DEPENDE,DEPENDE,Campo de formulario o carga potencial: validar contra instructivo CNED antes de excluir o completar.
69,I162S2C99J4V1,,Ingreso otro,REVISAR_DESCRIPCION_OTRO_INGRESO_SIN_TEXTO_FUENTE,FORMULARIO_CNED_DESCONOCIDO,REVISAR,MEDIA,DUDA_METODOLOGICA,VALIDAR_CON_AREA_ACADEMICA,AREA_ACADEMICA_O_DUENO_DEL_PROGRAMA,DEPENDE,DEPENDE,Campo de formulario o carga potencial: validar contra instructivo CNED antes de excluir o completar.
69,I162S2C99J4V1,,Observaciones,Crear según matriz PROMEDIOSDEALUMNOS_7804.xlsx / hoja matriz; conciliado contra diccionario oferta 2026; no encontrado en listado existente INDICES por CODIGO_UNICO; campos sin fuente directa quedan con revisión específica.,FORMULARIO_CNED_DESCONOCIDO,REVISION,MEDIA,OBSERVACION_INSTITUCIONAL,MANTENER_SOLO_COMO_TRAZABILIDAD,INSTRUCTIVO_CNED_Y_DECISION_INSTITUCIONAL,DEPENDE,DEPENDE,Campo de formulario o carga potencial: validar contra instructivo CNED antes de excluir o completar.
69,I162S2C99J4V1,,FECHA_ADMISION_INICIAL,REVISAR_FECHA_ADMISION_INICIAL_SIN_FUENTE,FORMULARIO_CNED_DESCONOCIDO,REVISAR,MEDIA,DUDA_METODOLOGICA,NO_RESOLVER_AUTOMATICAMENTE,INSTRUCTIVO_CNED_Y_DECISION_INSTITUCIONAL,DEPENDE,DEPENDE,Campo de formulario o carga potencial: validar contra instructivo CNED antes de excluir o completar.
69,I162S2C99J4V1,,MALLA_CURRICULAR,REVISAR_MALLA_CURRICULAR_SIN_FUENTE,FORMULARIO_CNED_DESCONOCIDO,REVISAR,MEDIA,DUDA_METODOLOGICA,VALIDAR_CON_AREA_ACADEMICA,AREA_ACADEMICA_O_DUENO_DEL_PROGRAMA,DEPENDE,DEPENDE,Campo de formulario o carga potencial: validar contra instructivo CNED antes de excluir o completar.
69,I162S2C99J4V1,,PERFIL_EGRESO,REVISAR_PERFIL_EGRESO_SIN_FUENTE,FORMULARIO_CNED_DESCONOCIDO,REVISAR,MEDIA,DUDA_METODOLOGICA,VALIDAR_CON_AREA_ACADEMICA,AREA_ACADEMICA_O_DUENO_DEL_PROGRAMA,DEPENDE,DEPENDE,Campo de formulario o carga potencial: validar contra instructivo CNED antes de excluir o completar.
69,I162S2C99J4V1,,TEXTO_REQUISITO_INGRESO,REVISAR_TEXTO_REQUISITO_INGRESO_SIN_FUENTE,FORMULARIO_CNED_DESCONOCIDO,REVISAR,MEDIA,DUDA_METODOLOGICA,VALIDAR_CON_AREA_ACADEMICA,AREA_ACADEMICA_O_DUENO_DEL_PROGRAMA,DEPENDE,DEPENDE,Campo de formulario o carga potencial: validar contra instructivo CNED antes de excluir o completar.
69,I162S2C99J4V1,,LICENCIA_ENS_MEDIA,REVISAR_LICENCIA_ENS_MEDIA_SIN_FUENTE,FORMULARIO_CNED_DESCONOCIDO,REVISAR,MEDIA,DUDA_METODOLOGICA,VALIDAR_CON_AREA_ACADEMICA,AREA_ACADEMICA_O_DUENO_DEL_PROGRAMA,DEPENDE,DEPENDE,Campo de formulario o carga potencial: validar contra instructivo CNED antes de excluir o completar.
69,I162S2C99J4V1,,NOTAS_ENS_MEDIA,REVISAR_NOTAS_ENS_MEDIA_SIN_FUENTE,FORMULARIO_CNED_DESCONOCIDO,REVISAR,MEDIA,DUDA_METODOLOGICA,VALIDAR_CON_AREA_ACADEMICA,AREA_ACADEMICA_O_DUENO_DEL_PROGRAMA,DEPENDE,DEPENDE,Campo de formulario o carga potencial: validar contra instructivo CNED antes de excluir o completar.
69,I162S2C99J4V1,,PROMEDIO_MIN_ENS_MEDIA,REVISAR_PROMEDIO_MIN_ENS_MEDIA_SIN_FUENTE,FORMULARIO_CNED_DESCONOCIDO,REVISAR,MEDIA,DUDA_METODOLOGICA,NO_RESOLVER_AUTOMATICAMENTE,INSTRUCTIVO_CNED_Y_DECISION_INSTITUCIONAL,DEPENDE,DEPENDE,Campo de formulario o carga potencial: validar contra instructivo CNED antes de excluir o completar.
69,I162S2C99J4V1,,RECONOCIMIENTOS_APREN_PREVIOS,REVISAR_RECONOCIMIENTOS_APREN_PREVIOS_SIN_FUENTE,FORMULARIO_CNED_DESCONOCIDO,REVISAR,MEDIA,DUDA_METODOLOGICA,NO_RESOLVER_AUTOMATICAMENTE,INSTRUCTIVO_CNED_Y_DECISION_INSTITUCIONAL,DEPENDE,DEPENDE,Campo de formulario o carga potencial: validar contra instructivo CNED antes de excluir o completar.
69,I162S2C99J4V1,,EXPERIENCIA_LABORAL,REVISAR_EXPERIENCIA_LABORAL_SIN_FUENTE,FORMULARIO_CNED_DESCONOCIDO,REVISAR,MEDIA,DUDA_METODOLOGICA,VALIDAR_CON_AREA_ACADEMICA,AREA_ACADEMICA_O_DUENO_DEL_PROGRAMA,DEPENDE,DEPENDE,Campo de formulario o carga potencial: validar contra instructivo CNED antes de excluir o completar.
69,I162S2C99J4V1,,OTROS_REQUISITOS,REVISAR_OTROS_REQUISITOS_SIN_FUENTE,FORMULARIO_CNED_DESCONOCIDO,REVISAR,MEDIA,DUDA_METODOLOGICA,VALIDAR_CON_AREA_ACADEMICA,AREA_ACADEMICA_O_DUENO_DEL_PROGRAMA,DEPENDE,DEPENDE,Campo de formulario o carga potencial: validar contra instructivo CNED antes de excluir o completar.
69,I162S2C99J4V1,,MAIL_DIFUSION_CARRERA,REVISAR_MAIL_DIFUSION_CARRERA_SIN_FUENTE,FORMULARIO_CNED_DESCONOCIDO,REVISAR,MEDIA,DUDA_METODOLOGICA,NO_RESOLVER_AUTOMATICAMENTE,INSTRUCTIVO_CNED_Y_DECISION_INSTITUCIONAL,DEPENDE,DEPENDE,Campo de formulario o carga potencial: validar contra instructivo CNED antes de excluir o completar.
69,I162S2C99J4V1,,FORMATO_VALOR,REVISAR_FORMATO_VALOR_SIN_FUENTE,FORMULARIO_CNED_DESCONOCIDO,REVISAR,MEDIA,DUDA_METODOLOGICA,VALIDAR_CON_FINANZAS_ARANCELES,FINANZAS_ARANCELES_INSTITUCIONAL,DEPENDE,DEPENDE,Requiere fuente monetaria explicita; no usar cero ni inferencias.
69,I162S2C99J4V1,,VALOR_MATRICULA_ANUAL,REVISAR_VALOR_MATRICULA_ANUAL_SIN_FUENTE,FORMULARIO_CNED_DESCONOCIDO,REVISAR,MEDIA,DUDA_METODOLOGICA,VALIDAR_CON_FINANZAS_ARANCELES,FINANZAS_ARANCELES_INSTITUCIONAL,DEPENDE,DEPENDE,Requiere fuente monetaria explicita; no usar cero ni inferencias.
69,I162S2C99J4V1,,COSTO_TITULACION,REVISAR_COSTO_TITULACION_SIN_FUENTE,FORMULARIO_CNED_DESCONOCIDO,REVISAR,MEDIA,DUDA_METODOLOGICA,VALIDAR_CON_FINANZAS_ARANCELES,FINANZAS_ARANCELES_INSTITUCIONAL,DEPENDE,DEPENDE,Requiere fuente monetaria explicita; no usar cero ni inferencias.
69,I162S2C99J4V1,,VALOR_CERTIFICADO_DIPLOMA,REVISAR_VALOR_CERTIFICADO_DIPLOMA_SIN_FUENTE,FORMULARIO_CNED_DESCONOCIDO,REVISAR,MEDIA,DUDA_METODOLOGICA,VALIDAR_CON_FINANZAS_ARANCELES,FINANZAS_ARANCELES_INSTITUCIONAL,DEPENDE,DEPENDE,Requiere fuente monetaria explicita; no usar cero ni inferencias.
69,I162S2C99J4V1,,ARANCEL_ANUAL,REVISAR_ARANCEL_ANUAL_SIN_FUENTE,FORMULARIO_CNED_DESCONOCIDO,REVISAR,MEDIA,DUDA_METODOLOGICA,VALIDAR_CON_FINANZAS_ARANCELES,FINANZAS_ARANCELES_INSTITUCIONAL,DEPENDE,DEPENDE,Requiere fuente monetaria explicita; no usar cero ni inferencias.
69,I162S2C99J4V1,,VIGENCIA_CARRERA,REVISAR_VIGENCIA_CARRERA_SIN_FUENTE_DIRECTA,OFICIAL_PROBABLE,REVISAR,ALTA,CAMPO_PENDIENTE_REAL,VALIDAR_CON_REGISTRO_CURRICULAR,REGISTRO_CURRICULAR_OFERTA_OFICIAL,SI,NO,Campo estructural/oficial: no resolver sin fuente institucional.
69,I162S2C99J4V1,,CNED_ESTADO_AUDITORIA,REQUIERE_REVISION,AUXILIAR_TECNICA,REVISION,BAJA,MARCA_TECNICA_REMOVIBLE,EXCLUIR_DE_ARCHIVO_CARGA_SI_ES_AUXILIAR,TRAZABILIDAD_INTERNA_CNED,NO,SI,No debe ir en archivo de carga; conservar en trazabilidad.
69,I162S2C99J4V1,,CNED_ALERTAS,CONTIENE_MARCAS_TECNICAS_DE_REVISION,AUXILIAR_TECNICA,REVISION,BAJA,MARCA_TECNICA_REMOVIBLE,EXCLUIR_DE_ARCHIVO_CARGA_SI_ES_AUXILIAR,TRAZABILIDAD_INTERNA_CNED,NO,SI,No debe ir en archivo de carga; conservar en trazabilidad.
69,I162S2C99J4V1,,CNED_PUEDE_SUBIR_PRELIMINAR,REVISAR,AUXILIAR_TECNICA,REVISAR,BAJA,MARCA_TECNICA_REMOVIBLE,EXCLUIR_DE_ARCHIVO_CARGA_SI_ES_AUXILIAR,TRAZABILIDAD_INTERNA_CNED,NO,SI,No debe ir en archivo de carga; conservar en trazabilidad.
70,I162S3C114J2V1,,Campus,REVISAR_SEDE_CONCEPCION,FORMULARIO_CNED_DESCONOCIDO,REVISAR,MEDIA,DUDA_METODOLOGICA,NO_RESOLVER_AUTOMATICAMENTE,INSTRUCTIVO_CNED_Y_DECISION_INSTITUCIONAL,DEPENDE,DEPENDE,Campo de formulario o carga potencial: validar contra instructivo CNED antes de excluir o completar.
70,I162S3C114J2V1,,Área del Conocimiento,REVISAR_AREA_CODIGO_8,FORMULARIO_CNED_DESCONOCIDO,REVISAR,MEDIA,DUDA_METODOLOGICA,REQUIERE_DECISION_INSTITUCIONAL,AREA_ACADEMICA_O_DUENO_DEL_PROGRAMA,DEPENDE,DEPENDE,Campo de formulario o carga potencial: validar contra instructivo CNED antes de excluir o completar.
70,I162S3C114J2V1,,Sub Área,REVISAR_SUB_AREA_SIN_FUENTE_DIRECTA,FORMULARIO_CNED_DESCONOCIDO,REVISAR,MEDIA,DUDA_METODOLOGICA,REQUIERE_DECISION_INSTITUCIONAL,AREA_ACADEMICA_O_DUENO_DEL_PROGRAMA,DEPENDE,DEPENDE,Campo de formulario o carga potencial: validar contra instructivo CNED antes de excluir o completar.
70,I162S3C114J2V1,,Carrera Genérica,REVISAR_CARRERA_GENERICA_SIN_FUENTE_DIRECTA,FORMULARIO_CNED_DESCONOCIDO,REVISAR,MEDIA,DUDA_METODOLOGICA,REQUIERE_DECISION_INSTITUCIONAL,AREA_ACADEMICA_O_DUENO_DEL_PROGRAMA,DEPENDE,DEPENDE,Campo de formulario o carga potencial: validar contra instructivo CNED antes de excluir o completar.
70,I162S3C114J2V1,,Grado Académico que otorga el programa,REVISAR_GRADO_ACADEMICO_SIN_FUENTE_DIRECTA,FORMULARIO_CNED_DESCONOCIDO,REVISAR,MEDIA,DUDA_METODOLOGICA,NO_RESOLVER_AUTOMATICAMENTE,INSTRUCTIVO_CNED_Y_DECISION_INSTITUCIONAL,DEPENDE,DEPENDE,Campo de formulario o carga potencial: validar contra instructivo CNED antes de excluir o completar.
70,I162S3C114J2V1,,Dependencia,REVISAR_DEPENDENCIA_SIN_FUENTE_DIRECTA,FORMULARIO_CNED_DESCONOCIDO,REVISAR,MEDIA,DUDA_METODOLOGICA,REQUIERE_DECISION_INSTITUCIONAL,AREA_ACADEMICA_O_DUENO_DEL_PROGRAMA,DEPENDE,DEPENDE,Campo de formulario o carga potencial: validar contra instructivo CNED antes de excluir o completar.
70,I162S3C114J2V1,,Régimen,REVISAR_REGIMEN_CODIGO_2,OFICIAL_PROBABLE,REVISAR,ALTA,CAMPO_PENDIENTE_REAL,VALIDAR_CON_REGISTRO_CURRICULAR,REGISTRO_CURRICULAR_OFERTA_OFICIAL,SI,NO,Campo estructural/oficial: no resolver sin fuente institucional.
70,I162S3C114J2V1,,Ingreso Directo,REVISAR_INGRESO_DIRECTO_CODIGO_REQUISITO_INGRESO_1,FORMULARIO_CNED_DESCONOCIDO,REVISAR,MEDIA,DUDA_METODOLOGICA,VALIDAR_CON_AREA_ACADEMICA,AREA_ACADEMICA_O_DUENO_DEL_PROGRAMA,DEPENDE,DEPENDE,Campo de formulario o carga potencial: validar contra instructivo CNED antes de excluir o completar.
70,I162S3C114J2V1,,Observaciones,Crear según matriz PROMEDIOSDEALUMNOS_7804.xlsx / hoja matriz; conciliado contra diccionario oferta 2026; no encontrado en listado existente INDICES por CODIGO_UNICO; campos sin fuente directa quedan con revisión específica.,FORMULARIO_CNED_DESCONOCIDO,REVISION,MEDIA,OBSERVACION_INSTITUCIONAL,MANTENER_SOLO_COMO_TRAZABILIDAD,INSTRUCTIVO_CNED_Y_DECISION_INSTITUCIONAL,DEPENDE,DEPENDE,Campo de formulario o carga potencial: validar contra instructivo CNED antes de excluir o completar.
70,I162S3C114J2V1,,FECHA_ADMISION_INICIAL,REVISAR_FECHA_ADMISION_INICIAL_SIN_FUENTE,FORMULARIO_CNED_DESCONOCIDO,REVISAR,MEDIA,DUDA_METODOLOGICA,NO_RESOLVER_AUTOMATICAMENTE,INSTRUCTIVO_CNED_Y_DECISION_INSTITUCIONAL,DEPENDE,DEPENDE,Campo de formulario o carga potencial: validar contra instructivo CNED antes de excluir o completar.
70,I162S3C114J2V1,,MALLA_CURRICULAR,REVISAR_MALLA_CURRICULAR_SIN_FUENTE,FORMULARIO_CNED_DESCONOCIDO,REVISAR,MEDIA,DUDA_METODOLOGICA,VALIDAR_CON_AREA_ACADEMICA,AREA_ACADEMICA_O_DUENO_DEL_PROGRAMA,DEPENDE,DEPENDE,Campo de formulario o carga potencial: validar contra instructivo CNED antes de excluir o completar.
70,I162S3C114J2V1,,PERFIL_EGRESO,REVISAR_PERFIL_EGRESO_SIN_FUENTE,FORMULARIO_CNED_DESCONOCIDO,REVISAR,MEDIA,DUDA_METODOLOGICA,VALIDAR_CON_AREA_ACADEMICA,AREA_ACADEMICA_O_DUENO_DEL_PROGRAMA,DEPENDE,DEPENDE,Campo de formulario o carga potencial: validar contra instructivo CNED antes de excluir o completar.
70,I162S3C114J2V1,,TEXTO_REQUISITO_INGRESO,REVISAR_TEXTO_REQUISITO_INGRESO_SIN_FUENTE,FORMULARIO_CNED_DESCONOCIDO,REVISAR,MEDIA,DUDA_METODOLOGICA,VALIDAR_CON_AREA_ACADEMICA,AREA_ACADEMICA_O_DUENO_DEL_PROGRAMA,DEPENDE,DEPENDE,Campo de formulario o carga potencial: validar contra instructivo CNED antes de excluir o completar.
70,I162S3C114J2V1,,LICENCIA_ENS_MEDIA,REVISAR_LICENCIA_ENS_MEDIA_SIN_FUENTE,FORMULARIO_CNED_DESCONOCIDO,REVISAR,MEDIA,DUDA_METODOLOGICA,VALIDAR_CON_AREA_ACADEMICA,AREA_ACADEMICA_O_DUENO_DEL_PROGRAMA,DEPENDE,DEPENDE,Campo de formulario o carga potencial: validar contra instructivo CNED antes de excluir o completar.
70,I162S3C114J2V1,,NOTAS_ENS_MEDIA,REVISAR_NOTAS_ENS_MEDIA_SIN_FUENTE,FORMULARIO_CNED_DESCONOCIDO,REVISAR,MEDIA,DUDA_METODOLOGICA,VALIDAR_CON_AREA_ACADEMICA,AREA_ACADEMICA_O_DUENO_DEL_PROGRAMA,DEPENDE,DEPENDE,Campo de formulario o carga potencial: validar contra instructivo CNED antes de excluir o completar.
70,I162S3C114J2V1,,PROMEDIO_MIN_ENS_MEDIA,REVISAR_PROMEDIO_MIN_ENS_MEDIA_SIN_FUENTE,FORMULARIO_CNED_DESCONOCIDO,REVISAR,MEDIA,DUDA_METODOLOGICA,NO_RESOLVER_AUTOMATICAMENTE,INSTRUCTIVO_CNED_Y_DECISION_INSTITUCIONAL,DEPENDE,DEPENDE,Campo de formulario o carga potencial: validar contra instructivo CNED antes de excluir o completar.
70,I162S3C114J2V1,,RECONOCIMIENTOS_APREN_PREVIOS,REVISAR_RECONOCIMIENTOS_APREN_PREVIOS_SIN_FUENTE,FORMULARIO_CNED_DESCONOCIDO,REVISAR,MEDIA,DUDA_METODOLOGICA,NO_RESOLVER_AUTOMATICAMENTE,INSTRUCTIVO_CNED_Y_DECISION_INSTITUCIONAL,DEPENDE,DEPENDE,Campo de formulario o carga potencial: validar contra instructivo CNED antes de excluir o completar.
70,I162S3C114J2V1,,EXPERIENCIA_LABORAL,REVISAR_EXPERIENCIA_LABORAL_SIN_FUENTE,FORMULARIO_CNED_DESCONOCIDO,REVISAR,MEDIA,DUDA_METODOLOGICA,VALIDAR_CON_AREA_ACADEMICA,AREA_ACADEMICA_O_DUENO_DEL_PROGRAMA,DEPENDE,DEPENDE,Campo de formulario o carga potencial: validar contra instructivo CNED antes de excluir o completar.
70,I162S3C114J2V1,,OTROS_REQUISITOS,REVISAR_OTROS_REQUISITOS_SIN_FUENTE,FORMULARIO_CNED_DESCONOCIDO,REVISAR,MEDIA,DUDA_METODOLOGICA,VALIDAR_CON_AREA_ACADEMICA,AREA_ACADEMICA_O_DUENO_DEL_PROGRAMA,DEPENDE,DEPENDE,Campo de formulario o carga potencial: validar contra instructivo CNED antes de excluir o completar.
70,I162S3C114J2V1,,MAIL_DIFUSION_CARRERA,REVISAR_MAIL_DIFUSION_CARRERA_SIN_FUENTE,FORMULARIO_CNED_DESCONOCIDO,REVISAR,MEDIA,DUDA_METODOLOGICA,NO_RESOLVER_AUTOMATICAMENTE,INSTRUCTIVO_CNED_Y_DECISION_INSTITUCIONAL,DEPENDE,DEPENDE,Campo de formulario o carga potencial: validar contra instructivo CNED antes de excluir o completar.
70,I162S3C114J2V1,,FORMATO_VALOR,REVISAR_FORMATO_VALOR_SIN_FUENTE,FORMULARIO_CNED_DESCONOCIDO,REVISAR,MEDIA,DUDA_METODOLOGICA,VALIDAR_CON_FINANZAS_ARANCELES,FINANZAS_ARANCELES_INSTITUCIONAL,DEPENDE,DEPENDE,Requiere fuente monetaria explicita; no usar cero ni inferencias.
70,I162S3C114J2V1,,VALOR_MATRICULA_ANUAL,REVISAR_VALOR_MATRICULA_ANUAL_SIN_FUENTE,FORMULARIO_CNED_DESCONOCIDO,REVISAR,MEDIA,DUDA_METODOLOGICA,VALIDAR_CON_FINANZAS_ARANCELES,FINANZAS_ARANCELES_INSTITUCIONAL,DEPENDE,DEPENDE,Requiere fuente monetaria explicita; no usar cero ni inferencias.
70,I162S3C114J2V1,,COSTO_TITULACION,REVISAR_COSTO_TITULACION_SIN_FUENTE,FORMULARIO_CNED_DESCONOCIDO,REVISAR,MEDIA,DUDA_METODOLOGICA,VALIDAR_CON_FINANZAS_ARANCELES,FINANZAS_ARANCELES_INSTITUCIONAL,DEPENDE,DEPENDE,Requiere fuente monetaria explicita; no usar cero ni inferencias.
70,I162S3C114J2V1,,VALOR_CERTIFICADO_DIPLOMA,REVISAR_VALOR_CERTIFICADO_DIPLOMA_SIN_FUENTE,FORMULARIO_CNED_DESCONOCIDO,REVISAR,MEDIA,DUDA_METODOLOGICA,VALIDAR_CON_FINANZAS_ARANCELES,FINANZAS_ARANCELES_INSTITUCIONAL,DEPENDE,DEPENDE,Requiere fuente monetaria explicita; no usar cero ni inferencias.
70,I162S3C114J2V1,,ARANCEL_ANUAL,REVISAR_ARANCEL_ANUAL_SIN_FUENTE,FORMULARIO_CNED_DESCONOCIDO,REVISAR,MEDIA,DUDA_METODOLOGICA,VALIDAR_CON_FINANZAS_ARANCELES,FINANZAS_ARANCELES_INSTITUCIONAL,DEPENDE,DEPENDE,Requiere fuente monetaria explicita; no usar cero ni inferencias.
70,I162S3C114J2V1,,VIGENCIA_CARRERA,REVISAR_VIGENCIA_CARRERA_SIN_FUENTE_DIRECTA,OFICIAL_PROBABLE,REVISAR,ALTA,CAMPO_PENDIENTE_REAL,VALIDAR_CON_REGISTRO_CURRICULAR,REGISTRO_CURRICULAR_OFERTA_OFICIAL,SI,NO,Campo estructural/oficial: no resolver sin fuente institucional.
70,I162S3C114J2V1,,CNED_ESTADO_AUDITORIA,REQUIERE_REVISION,AUXILIAR_TECNICA,REVISION,BAJA,MARCA_TECNICA_REMOVIBLE,EXCLUIR_DE_ARCHIVO_CARGA_SI_ES_AUXILIAR,TRAZABILIDAD_INTERNA_CNED,NO,SI,No debe ir en archivo de carga; conservar en trazabilidad.
70,I162S3C114J2V1,,CNED_ALERTAS,CONTIENE_MARCAS_TECNICAS_DE_REVISION,AUXILIAR_TECNICA,REVISION,BAJA,MARCA_TECNICA_REMOVIBLE,EXCLUIR_DE_ARCHIVO_CARGA_SI_ES_AUXILIAR,TRAZABILIDAD_INTERNA_CNED,NO,SI,No debe ir en archivo de carga; conservar en trazabilidad.
70,I162S3C114J2V1,,CNED_PUEDE_SUBIR_PRELIMINAR,REVISAR,AUXILIAR_TECNICA,REVISAR,BAJA,MARCA_TECNICA_REMOVIBLE,EXCLUIR_DE_ARCHIVO_CARGA_SI_ES_AUXILIAR,TRAZABILIDAD_INTERNA_CNED,NO,SI,No debe ir en archivo de carga; conservar en trazabilidad.
71,I162S3C115J2V1,,Campus,REVISAR_SEDE_CONCEPCION,FORMULARIO_CNED_DESCONOCIDO,REVISAR,MEDIA,DUDA_METODOLOGICA,NO_RESOLVER_AUTOMATICAMENTE,INSTRUCTIVO_CNED_Y_DECISION_INSTITUCIONAL,DEPENDE,DEPENDE,Campo de formulario o carga potencial: validar contra instructivo CNED antes de excluir o completar.
71,I162S3C115J2V1,,Área del Conocimiento,REVISAR_AREA_CODIGO_8,FORMULARIO_CNED_DESCONOCIDO,REVISAR,MEDIA,DUDA_METODOLOGICA,REQUIERE_DECISION_INSTITUCIONAL,AREA_ACADEMICA_O_DUENO_DEL_PROGRAMA,DEPENDE,DEPENDE,Campo de formulario o carga potencial: validar contra instructivo CNED antes de excluir o completar.
71,I162S3C115J2V1,,Sub Área,REVISAR_SUB_AREA_SIN_FUENTE_DIRECTA,FORMULARIO_CNED_DESCONOCIDO,REVISAR,MEDIA,DUDA_METODOLOGICA,REQUIERE_DECISION_INSTITUCIONAL,AREA_ACADEMICA_O_DUENO_DEL_PROGRAMA,DEPENDE,DEPENDE,Campo de formulario o carga potencial: validar contra instructivo CNED antes de excluir o completar.
71,I162S3C115J2V1,,Carrera Genérica,REVISAR_CARRERA_GENERICA_SIN_FUENTE_DIRECTA,FORMULARIO_CNED_DESCONOCIDO,REVISAR,MEDIA,DUDA_METODOLOGICA,REQUIERE_DECISION_INSTITUCIONAL,AREA_ACADEMICA_O_DUENO_DEL_PROGRAMA,DEPENDE,DEPENDE,Campo de formulario o carga potencial: validar contra instructivo CNED antes de excluir o completar.
71,I162S3C115J2V1,,Grado Académico que otorga el programa,REVISAR_GRADO_ACADEMICO_SIN_FUENTE_DIRECTA,FORMULARIO_CNED_DESCONOCIDO,REVISAR,MEDIA,DUDA_METODOLOGICA,NO_RESOLVER_AUTOMATICAMENTE,INSTRUCTIVO_CNED_Y_DECISION_INSTITUCIONAL,DEPENDE,DEPENDE,Campo de formulario o carga potencial: validar contra instructivo CNED antes de excluir o completar.
71,I162S3C115J2V1,,Dependencia,REVISAR_DEPENDENCIA_SIN_FUENTE_DIRECTA,FORMULARIO_CNED_DESCONOCIDO,REVISAR,MEDIA,DUDA_METODOLOGICA,REQUIERE_DECISION_INSTITUCIONAL,AREA_ACADEMICA_O_DUENO_DEL_PROGRAMA,DEPENDE,DEPENDE,Campo de formulario o carga potencial: validar contra instructivo CNED antes de excluir o completar.
71,I162S3C115J2V1,,Régimen,REVISAR_REGIMEN_CODIGO_2,OFICIAL_PROBABLE,REVISAR,ALTA,CAMPO_PENDIENTE_REAL,VALIDAR_CON_REGISTRO_CURRICULAR,REGISTRO_CURRICULAR_OFERTA_OFICIAL,SI,NO,Campo estructural/oficial: no resolver sin fuente institucional.
71,I162S3C115J2V1,,Ingreso Directo,REVISAR_INGRESO_DIRECTO_CODIGO_REQUISITO_INGRESO_1,FORMULARIO_CNED_DESCONOCIDO,REVISAR,MEDIA,DUDA_METODOLOGICA,VALIDAR_CON_AREA_ACADEMICA,AREA_ACADEMICA_O_DUENO_DEL_PROGRAMA,DEPENDE,DEPENDE,Campo de formulario o carga potencial: validar contra instructivo CNED antes de excluir o completar.
71,I162S3C115J2V1,,Observaciones,Crear según matriz PROMEDIOSDEALUMNOS_7804.xlsx / hoja matriz; conciliado contra diccionario oferta 2026; no encontrado en listado existente INDICES por CODIGO_UNICO; campos sin fuente directa quedan con revisión específica.,FORMULARIO_CNED_DESCONOCIDO,REVISION,MEDIA,OBSERVACION_INSTITUCIONAL,MANTENER_SOLO_COMO_TRAZABILIDAD,INSTRUCTIVO_CNED_Y_DECISION_INSTITUCIONAL,DEPENDE,DEPENDE,Campo de formulario o carga potencial: validar contra instructivo CNED antes de excluir o completar.
71,I162S3C115J2V1,,FECHA_ADMISION_INICIAL,REVISAR_FECHA_ADMISION_INICIAL_SIN_FUENTE,FORMULARIO_CNED_DESCONOCIDO,REVISAR,MEDIA,DUDA_METODOLOGICA,NO_RESOLVER_AUTOMATICAMENTE,INSTRUCTIVO_CNED_Y_DECISION_INSTITUCIONAL,DEPENDE,DEPENDE,Campo de formulario o carga potencial: validar contra instructivo CNED antes de excluir o completar.
71,I162S3C115J2V1,,MALLA_CURRICULAR,REVISAR_MALLA_CURRICULAR_SIN_FUENTE,FORMULARIO_CNED_DESCONOCIDO,REVISAR,MEDIA,DUDA_METODOLOGICA,VALIDAR_CON_AREA_ACADEMICA,AREA_ACADEMICA_O_DUENO_DEL_PROGRAMA,DEPENDE,DEPENDE,Campo de formulario o carga potencial: validar contra instructivo CNED antes de excluir o completar.
71,I162S3C115J2V1,,PERFIL_EGRESO,REVISAR_PERFIL_EGRESO_SIN_FUENTE,FORMULARIO_CNED_DESCONOCIDO,REVISAR,MEDIA,DUDA_METODOLOGICA,VALIDAR_CON_AREA_ACADEMICA,AREA_ACADEMICA_O_DUENO_DEL_PROGRAMA,DEPENDE,DEPENDE,Campo de formulario o carga potencial: validar contra instructivo CNED antes de excluir o completar.
71,I162S3C115J2V1,,TEXTO_REQUISITO_INGRESO,REVISAR_TEXTO_REQUISITO_INGRESO_SIN_FUENTE,FORMULARIO_CNED_DESCONOCIDO,REVISAR,MEDIA,DUDA_METODOLOGICA,VALIDAR_CON_AREA_ACADEMICA,AREA_ACADEMICA_O_DUENO_DEL_PROGRAMA,DEPENDE,DEPENDE,Campo de formulario o carga potencial: validar contra instructivo CNED antes de excluir o completar.
71,I162S3C115J2V1,,LICENCIA_ENS_MEDIA,REVISAR_LICENCIA_ENS_MEDIA_SIN_FUENTE,FORMULARIO_CNED_DESCONOCIDO,REVISAR,MEDIA,DUDA_METODOLOGICA,VALIDAR_CON_AREA_ACADEMICA,AREA_ACADEMICA_O_DUENO_DEL_PROGRAMA,DEPENDE,DEPENDE,Campo de formulario o carga potencial: validar contra instructivo CNED antes de excluir o completar.
71,I162S3C115J2V1,,NOTAS_ENS_MEDIA,REVISAR_NOTAS_ENS_MEDIA_SIN_FUENTE,FORMULARIO_CNED_DESCONOCIDO,REVISAR,MEDIA,DUDA_METODOLOGICA,VALIDAR_CON_AREA_ACADEMICA,AREA_ACADEMICA_O_DUENO_DEL_PROGRAMA,DEPENDE,DEPENDE,Campo de formulario o carga potencial: validar contra instructivo CNED antes de excluir o completar.
71,I162S3C115J2V1,,PROMEDIO_MIN_ENS_MEDIA,REVISAR_PROMEDIO_MIN_ENS_MEDIA_SIN_FUENTE,FORMULARIO_CNED_DESCONOCIDO,REVISAR,MEDIA,DUDA_METODOLOGICA,NO_RESOLVER_AUTOMATICAMENTE,INSTRUCTIVO_CNED_Y_DECISION_INSTITUCIONAL,DEPENDE,DEPENDE,Campo de formulario o carga potencial: validar contra instructivo CNED antes de excluir o completar.
71,I162S3C115J2V1,,RECONOCIMIENTOS_APREN_PREVIOS,REVISAR_RECONOCIMIENTOS_APREN_PREVIOS_SIN_FUENTE,FORMULARIO_CNED_DESCONOCIDO,REVISAR,MEDIA,DUDA_METODOLOGICA,NO_RESOLVER_AUTOMATICAMENTE,INSTRUCTIVO_CNED_Y_DECISION_INSTITUCIONAL,DEPENDE,DEPENDE,Campo de formulario o carga potencial: validar contra instructivo CNED antes de excluir o completar.
71,I162S3C115J2V1,,EXPERIENCIA_LABORAL,REVISAR_EXPERIENCIA_LABORAL_SIN_FUENTE,FORMULARIO_CNED_DESCONOCIDO,REVISAR,MEDIA,DUDA_METODOLOGICA,VALIDAR_CON_AREA_ACADEMICA,AREA_ACADEMICA_O_DUENO_DEL_PROGRAMA,DEPENDE,DEPENDE,Campo de formulario o carga potencial: validar contra instructivo CNED antes de excluir o completar.
71,I162S3C115J2V1,,OTROS_REQUISITOS,REVISAR_OTROS_REQUISITOS_SIN_FUENTE,FORMULARIO_CNED_DESCONOCIDO,REVISAR,MEDIA,DUDA_METODOLOGICA,VALIDAR_CON_AREA_ACADEMICA,AREA_ACADEMICA_O_DUENO_DEL_PROGRAMA,DEPENDE,DEPENDE,Campo de formulario o carga potencial: validar contra instructivo CNED antes de excluir o completar.
71,I162S3C115J2V1,,MAIL_DIFUSION_CARRERA,REVISAR_MAIL_DIFUSION_CARRERA_SIN_FUENTE,FORMULARIO_CNED_DESCONOCIDO,REVISAR,MEDIA,DUDA_METODOLOGICA,NO_RESOLVER_AUTOMATICAMENTE,INSTRUCTIVO_CNED_Y_DECISION_INSTITUCIONAL,DEPENDE,DEPENDE,Campo de formulario o carga potencial: validar contra instructivo CNED antes de excluir o completar.
71,I162S3C115J2V1,,FORMATO_VALOR,REVISAR_FORMATO_VALOR_SIN_FUENTE,FORMULARIO_CNED_DESCONOCIDO,REVISAR,MEDIA,DUDA_METODOLOGICA,VALIDAR_CON_FINANZAS_ARANCELES,FINANZAS_ARANCELES_INSTITUCIONAL,DEPENDE,DEPENDE,Requiere fuente monetaria explicita; no usar cero ni inferencias.
71,I162S3C115J2V1,,VALOR_MATRICULA_ANUAL,REVISAR_VALOR_MATRICULA_ANUAL_SIN_FUENTE,FORMULARIO_CNED_DESCONOCIDO,REVISAR,MEDIA,DUDA_METODOLOGICA,VALIDAR_CON_FINANZAS_ARANCELES,FINANZAS_ARANCELES_INSTITUCIONAL,DEPENDE,DEPENDE,Requiere fuente monetaria explicita; no usar cero ni inferencias.
71,I162S3C115J2V1,,COSTO_TITULACION,REVISAR_COSTO_TITULACION_SIN_FUENTE,FORMULARIO_CNED_DESCONOCIDO,REVISAR,MEDIA,DUDA_METODOLOGICA,VALIDAR_CON_FINANZAS_ARANCELES,FINANZAS_ARANCELES_INSTITUCIONAL,DEPENDE,DEPENDE,Requiere fuente monetaria explicita; no usar cero ni inferencias.
71,I162S3C115J2V1,,VALOR_CERTIFICADO_DIPLOMA,REVISAR_VALOR_CERTIFICADO_DIPLOMA_SIN_FUENTE,FORMULARIO_CNED_DESCONOCIDO,REVISAR,MEDIA,DUDA_METODOLOGICA,VALIDAR_CON_FINANZAS_ARANCELES,FINANZAS_ARANCELES_INSTITUCIONAL,DEPENDE,DEPENDE,Requiere fuente monetaria explicita; no usar cero ni inferencias.
71,I162S3C115J2V1,,ARANCEL_ANUAL,REVISAR_ARANCEL_ANUAL_SIN_FUENTE,FORMULARIO_CNED_DESCONOCIDO,REVISAR,MEDIA,DUDA_METODOLOGICA,VALIDAR_CON_FINANZAS_ARANCELES,FINANZAS_ARANCELES_INSTITUCIONAL,DEPENDE,DEPENDE,Requiere fuente monetaria explicita; no usar cero ni inferencias.
71,I162S3C115J2V1,,VIGENCIA_CARRERA,REVISAR_VIGENCIA_CARRERA_SIN_FUENTE_DIRECTA,OFICIAL_PROBABLE,REVISAR,ALTA,CAMPO_PENDIENTE_REAL,VALIDAR_CON_REGISTRO_CURRICULAR,REGISTRO_CURRICULAR_OFERTA_OFICIAL,SI,NO,Campo estructural/oficial: no resolver sin fuente institucional.
71,I162S3C115J2V1,,CNED_ESTADO_AUDITORIA,REQUIERE_REVISION,AUXILIAR_TECNICA,REVISION,BAJA,MARCA_TECNICA_REMOVIBLE,EXCLUIR_DE_ARCHIVO_CARGA_SI_ES_AUXILIAR,TRAZABILIDAD_INTERNA_CNED,NO,SI,No debe ir en archivo de carga; conservar en trazabilidad.
71,I162S3C115J2V1,,CNED_ALERTAS,CONTIENE_MARCAS_TECNICAS_DE_REVISION,AUXILIAR_TECNICA,REVISION,BAJA,MARCA_TECNICA_REMOVIBLE,EXCLUIR_DE_ARCHIVO_CARGA_SI_ES_AUXILIAR,TRAZABILIDAD_INTERNA_CNED,NO,SI,No debe ir en archivo de carga; conservar en trazabilidad.
71,I162S3C115J2V1,,CNED_PUEDE_SUBIR_PRELIMINAR,REVISAR,AUXILIAR_TECNICA,REVISAR,BAJA,MARCA_TECNICA_REMOVIBLE,EXCLUIR_DE_ARCHIVO_CARGA_SI_ES_AUXILIAR,TRAZABILIDAD_INTERNA_CNED,NO,SI,No debe ir en archivo de carga; conservar en trazabilidad.
72,I162S3C91J2V1,,Campus,REVISAR_SEDE_CONCEPCION,FORMULARIO_CNED_DESCONOCIDO,REVISAR,MEDIA,DUDA_METODOLOGICA,NO_RESOLVER_AUTOMATICAMENTE,INSTRUCTIVO_CNED_Y_DECISION_INSTITUCIONAL,DEPENDE,DEPENDE,Campo de formulario o carga potencial: validar contra instructivo CNED antes de excluir o completar.
72,I162S3C91J2V1,,Área del Conocimiento,REVISAR_AREA_CODIGO_8,FORMULARIO_CNED_DESCONOCIDO,REVISAR,MEDIA,DUDA_METODOLOGICA,REQUIERE_DECISION_INSTITUCIONAL,AREA_ACADEMICA_O_DUENO_DEL_PROGRAMA,DEPENDE,DEPENDE,Campo de formulario o carga potencial: validar contra instructivo CNED antes de excluir o completar.
72,I162S3C91J2V1,,Sub Área,REVISAR_SUB_AREA_SIN_FUENTE_DIRECTA,FORMULARIO_CNED_DESCONOCIDO,REVISAR,MEDIA,DUDA_METODOLOGICA,REQUIERE_DECISION_INSTITUCIONAL,AREA_ACADEMICA_O_DUENO_DEL_PROGRAMA,DEPENDE,DEPENDE,Campo de formulario o carga potencial: validar contra instructivo CNED antes de excluir o completar.
72,I162S3C91J2V1,,Carrera Genérica,REVISAR_CARRERA_GENERICA_SIN_FUENTE_DIRECTA,FORMULARIO_CNED_DESCONOCIDO,REVISAR,MEDIA,DUDA_METODOLOGICA,REQUIERE_DECISION_INSTITUCIONAL,AREA_ACADEMICA_O_DUENO_DEL_PROGRAMA,DEPENDE,DEPENDE,Campo de formulario o carga potencial: validar contra instructivo CNED antes de excluir o completar.
72,I162S3C91J2V1,,Grado Académico que otorga el programa,REVISAR_GRADO_ACADEMICO_SIN_FUENTE_DIRECTA,FORMULARIO_CNED_DESCONOCIDO,REVISAR,MEDIA,DUDA_METODOLOGICA,NO_RESOLVER_AUTOMATICAMENTE,INSTRUCTIVO_CNED_Y_DECISION_INSTITUCIONAL,DEPENDE,DEPENDE,Campo de formulario o carga potencial: validar contra instructivo CNED antes de excluir o completar.
72,I162S3C91J2V1,,Dependencia,REVISAR_DEPENDENCIA_SIN_FUENTE_DIRECTA,FORMULARIO_CNED_DESCONOCIDO,REVISAR,MEDIA,DUDA_METODOLOGICA,REQUIERE_DECISION_INSTITUCIONAL,AREA_ACADEMICA_O_DUENO_DEL_PROGRAMA,DEPENDE,DEPENDE,Campo de formulario o carga potencial: validar contra instructivo CNED antes de excluir o completar.
72,I162S3C91J2V1,,Régimen,REVISAR_REGIMEN_CODIGO_2,OFICIAL_PROBABLE,REVISAR,ALTA,CAMPO_PENDIENTE_REAL,VALIDAR_CON_REGISTRO_CURRICULAR,REGISTRO_CURRICULAR_OFERTA_OFICIAL,SI,NO,Campo estructural/oficial: no resolver sin fuente institucional.
72,I162S3C91J2V1,,Ingreso Directo,REVISAR_INGRESO_DIRECTO_CODIGO_REQUISITO_INGRESO_1,FORMULARIO_CNED_DESCONOCIDO,REVISAR,MEDIA,DUDA_METODOLOGICA,VALIDAR_CON_AREA_ACADEMICA,AREA_ACADEMICA_O_DUENO_DEL_PROGRAMA,DEPENDE,DEPENDE,Campo de formulario o carga potencial: validar contra instructivo CNED antes de excluir o completar.
72,I162S3C91J2V1,,Observaciones,Crear según matriz PROMEDIOSDEALUMNOS_7804.xlsx / hoja matriz; conciliado contra diccionario oferta 2026; no encontrado en listado existente INDICES por CODIGO_UNICO; campos sin fuente directa quedan con revisión específica.,FORMULARIO_CNED_DESCONOCIDO,REVISION,MEDIA,OBSERVACION_INSTITUCIONAL,MANTENER_SOLO_COMO_TRAZABILIDAD,INSTRUCTIVO_CNED_Y_DECISION_INSTITUCIONAL,DEPENDE,DEPENDE,Campo de formulario o carga potencial: validar contra instructivo CNED antes de excluir o completar.
72,I162S3C91J2V1,,FECHA_ADMISION_INICIAL,REVISAR_FECHA_ADMISION_INICIAL_SIN_FUENTE,FORMULARIO_CNED_DESCONOCIDO,REVISAR,MEDIA,DUDA_METODOLOGICA,NO_RESOLVER_AUTOMATICAMENTE,INSTRUCTIVO_CNED_Y_DECISION_INSTITUCIONAL,DEPENDE,DEPENDE,Campo de formulario o carga potencial: validar contra instructivo CNED antes de excluir o completar.
72,I162S3C91J2V1,,MALLA_CURRICULAR,REVISAR_MALLA_CURRICULAR_SIN_FUENTE,FORMULARIO_CNED_DESCONOCIDO,REVISAR,MEDIA,DUDA_METODOLOGICA,VALIDAR_CON_AREA_ACADEMICA,AREA_ACADEMICA_O_DUENO_DEL_PROGRAMA,DEPENDE,DEPENDE,Campo de formulario o carga potencial: validar contra instructivo CNED antes de excluir o completar.
72,I162S3C91J2V1,,PERFIL_EGRESO,REVISAR_PERFIL_EGRESO_SIN_FUENTE,FORMULARIO_CNED_DESCONOCIDO,REVISAR,MEDIA,DUDA_METODOLOGICA,VALIDAR_CON_AREA_ACADEMICA,AREA_ACADEMICA_O_DUENO_DEL_PROGRAMA,DEPENDE,DEPENDE,Campo de formulario o carga potencial: validar contra instructivo CNED antes de excluir o completar.
72,I162S3C91J2V1,,TEXTO_REQUISITO_INGRESO,REVISAR_TEXTO_REQUISITO_INGRESO_SIN_FUENTE,FORMULARIO_CNED_DESCONOCIDO,REVISAR,MEDIA,DUDA_METODOLOGICA,VALIDAR_CON_AREA_ACADEMICA,AREA_ACADEMICA_O_DUENO_DEL_PROGRAMA,DEPENDE,DEPENDE,Campo de formulario o carga potencial: validar contra instructivo CNED antes de excluir o completar.
72,I162S3C91J2V1,,LICENCIA_ENS_MEDIA,REVISAR_LICENCIA_ENS_MEDIA_SIN_FUENTE,FORMULARIO_CNED_DESCONOCIDO,REVISAR,MEDIA,DUDA_METODOLOGICA,VALIDAR_CON_AREA_ACADEMICA,AREA_ACADEMICA_O_DUENO_DEL_PROGRAMA,DEPENDE,DEPENDE,Campo de formulario o carga potencial: validar contra instructivo CNED antes de excluir o completar.
72,I162S3C91J2V1,,NOTAS_ENS_MEDIA,REVISAR_NOTAS_ENS_MEDIA_SIN_FUENTE,FORMULARIO_CNED_DESCONOCIDO,REVISAR,MEDIA,DUDA_METODOLOGICA,VALIDAR_CON_AREA_ACADEMICA,AREA_ACADEMICA_O_DUENO_DEL_PROGRAMA,DEPENDE,DEPENDE,Campo de formulario o carga potencial: validar contra instructivo CNED antes de excluir o completar.
72,I162S3C91J2V1,,PROMEDIO_MIN_ENS_MEDIA,REVISAR_PROMEDIO_MIN_ENS_MEDIA_SIN_FUENTE,FORMULARIO_CNED_DESCONOCIDO,REVISAR,MEDIA,DUDA_METODOLOGICA,NO_RESOLVER_AUTOMATICAMENTE,INSTRUCTIVO_CNED_Y_DECISION_INSTITUCIONAL,DEPENDE,DEPENDE,Campo de formulario o carga potencial: validar contra instructivo CNED antes de excluir o completar.
72,I162S3C91J2V1,,RECONOCIMIENTOS_APREN_PREVIOS,REVISAR_RECONOCIMIENTOS_APREN_PREVIOS_SIN_FUENTE,FORMULARIO_CNED_DESCONOCIDO,REVISAR,MEDIA,DUDA_METODOLOGICA,NO_RESOLVER_AUTOMATICAMENTE,INSTRUCTIVO_CNED_Y_DECISION_INSTITUCIONAL,DEPENDE,DEPENDE,Campo de formulario o carga potencial: validar contra instructivo CNED antes de excluir o completar.
72,I162S3C91J2V1,,EXPERIENCIA_LABORAL,REVISAR_EXPERIENCIA_LABORAL_SIN_FUENTE,FORMULARIO_CNED_DESCONOCIDO,REVISAR,MEDIA,DUDA_METODOLOGICA,VALIDAR_CON_AREA_ACADEMICA,AREA_ACADEMICA_O_DUENO_DEL_PROGRAMA,DEPENDE,DEPENDE,Campo de formulario o carga potencial: validar contra instructivo CNED antes de excluir o completar.
72,I162S3C91J2V1,,OTROS_REQUISITOS,REVISAR_OTROS_REQUISITOS_SIN_FUENTE,FORMULARIO_CNED_DESCONOCIDO,REVISAR,MEDIA,DUDA_METODOLOGICA,VALIDAR_CON_AREA_ACADEMICA,AREA_ACADEMICA_O_DUENO_DEL_PROGRAMA,DEPENDE,DEPENDE,Campo de formulario o carga potencial: validar contra instructivo CNED antes de excluir o completar.
72,I162S3C91J2V1,,MAIL_DIFUSION_CARRERA,REVISAR_MAIL_DIFUSION_CARRERA_SIN_FUENTE,FORMULARIO_CNED_DESCONOCIDO,REVISAR,MEDIA,DUDA_METODOLOGICA,NO_RESOLVER_AUTOMATICAMENTE,INSTRUCTIVO_CNED_Y_DECISION_INSTITUCIONAL,DEPENDE,DEPENDE,Campo de formulario o carga potencial: validar contra instructivo CNED antes de excluir o completar.
72,I162S3C91J2V1,,FORMATO_VALOR,REVISAR_FORMATO_VALOR_SIN_FUENTE,FORMULARIO_CNED_DESCONOCIDO,REVISAR,MEDIA,DUDA_METODOLOGICA,VALIDAR_CON_FINANZAS_ARANCELES,FINANZAS_ARANCELES_INSTITUCIONAL,DEPENDE,DEPENDE,Requiere fuente monetaria explicita; no usar cero ni inferencias.
72,I162S3C91J2V1,,VALOR_MATRICULA_ANUAL,REVISAR_VALOR_MATRICULA_ANUAL_SIN_FUENTE,FORMULARIO_CNED_DESCONOCIDO,REVISAR,MEDIA,DUDA_METODOLOGICA,VALIDAR_CON_FINANZAS_ARANCELES,FINANZAS_ARANCELES_INSTITUCIONAL,DEPENDE,DEPENDE,Requiere fuente monetaria explicita; no usar cero ni inferencias.
72,I162S3C91J2V1,,COSTO_TITULACION,REVISAR_COSTO_TITULACION_SIN_FUENTE,FORMULARIO_CNED_DESCONOCIDO,REVISAR,MEDIA,DUDA_METODOLOGICA,VALIDAR_CON_FINANZAS_ARANCELES,FINANZAS_ARANCELES_INSTITUCIONAL,DEPENDE,DEPENDE,Requiere fuente monetaria explicita; no usar cero ni inferencias.
72,I162S3C91J2V1,,VALOR_CERTIFICADO_DIPLOMA,REVISAR_VALOR_CERTIFICADO_DIPLOMA_SIN_FUENTE,FORMULARIO_CNED_DESCONOCIDO,REVISAR,MEDIA,DUDA_METODOLOGICA,VALIDAR_CON_FINANZAS_ARANCELES,FINANZAS_ARANCELES_INSTITUCIONAL,DEPENDE,DEPENDE,Requiere fuente monetaria explicita; no usar cero ni inferencias.
72,I162S3C91J2V1,,ARANCEL_ANUAL,REVISAR_ARANCEL_ANUAL_SIN_FUENTE,FORMULARIO_CNED_DESCONOCIDO,REVISAR,MEDIA,DUDA_METODOLOGICA,VALIDAR_CON_FINANZAS_ARANCELES,FINANZAS_ARANCELES_INSTITUCIONAL,DEPENDE,DEPENDE,Requiere fuente monetaria explicita; no usar cero ni inferencias.
72,I162S3C91J2V1,,VIGENCIA_CARRERA,REVISAR_VIGENCIA_CARRERA_SIN_FUENTE_DIRECTA,OFICIAL_PROBABLE,REVISAR,ALTA,CAMPO_PENDIENTE_REAL,VALIDAR_CON_REGISTRO_CURRICULAR,REGISTRO_CURRICULAR_OFERTA_OFICIAL,SI,NO,Campo estructural/oficial: no resolver sin fuente institucional.
72,I162S3C91J2V1,,CNED_ESTADO_AUDITORIA,REQUIERE_REVISION,AUXILIAR_TECNICA,REVISION,BAJA,MARCA_TECNICA_REMOVIBLE,EXCLUIR_DE_ARCHIVO_CARGA_SI_ES_AUXILIAR,TRAZABILIDAD_INTERNA_CNED,NO,SI,No debe ir en archivo de carga; conservar en trazabilidad.
72,I162S3C91J2V1,,CNED_ALERTAS,CONTIENE_MARCAS_TECNICAS_DE_REVISION,AUXILIAR_TECNICA,REVISION,BAJA,MARCA_TECNICA_REMOVIBLE,EXCLUIR_DE_ARCHIVO_CARGA_SI_ES_AUXILIAR,TRAZABILIDAD_INTERNA_CNED,NO,SI,No debe ir en archivo de carga; conservar en trazabilidad.
72,I162S3C91J2V1,,CNED_PUEDE_SUBIR_PRELIMINAR,REVISAR,AUXILIAR_TECNICA,REVISAR,BAJA,MARCA_TECNICA_REMOVIBLE,EXCLUIR_DE_ARCHIVO_CARGA_SI_ES_AUXILIAR,TRAZABILIDAD_INTERNA_CNED,NO,SI,No debe ir en archivo de carga; conservar en trazabilidad.
