RUTA	NOMBRE	EXTENSION	TAMANO_BYTES	FECHA_MODIFICACION	ESTADO_GIT	CLASIFICACION	CONTIENE_DATOS_PERSONALES_POTENCIAL	OBSERVACIONES
agent.md	agent.md	.md	1468	2026-04-09T13:19:26.451019-04:00	TRACKED_OR_UNMODIFIED	otro	NO_DETERMINADO	Inventario por ruta y metadatos; no inspecciona registros personales.
gobernanza_for_ing_act.tsv	gobernanza_for_ing_act.tsv	.tsv	1178	2026-04-03T21:53:32.885517-03:00	TRACKED_OR_UNMODIFIED	gobernanza existente	NO_DETERMINADO	Inventario por ruta y metadatos; no inspecciona registros personales.
generar_gobernanza_columnas_mu.py	generar_gobernanza_columnas_mu.py	.py	29532	2026-04-09T09:07:14.308579-04:00	TRACKED_OR_UNMODIFIED	otro	NO_DETERMINADO	Inventario por ruta y metadatos; no inspecciona registros personales.
20260421_84406_20260420_Estructura_Personal_Académico_Fuera_Institución_2026.csv	20260421_84406_20260420_Estructura_Personal_Académico_Fuera_Institución_2026.csv	.csv	560	2026-06-08T16:59:31.201369-04:00	TRACKED_OR_UNMODIFIED	otro	NO_DETERMINADO	Inventario por ruta y metadatos; no inspecciona registros personales.
.DS_Store	.DS_Store		14340	2026-06-26T00:24:58.540561-04:00	TRACKED_OR_UNMODIFIED	otro	NO_DETERMINADO	Inventario por ruta y metadatos; no inspecciona registros personales.
LICENSE	LICENSE		1069	2026-03-30T22:20:51.810626-03:00	TRACKED_OR_UNMODIFIED	otro	NO_DETERMINADO	Inventario por ruta y metadatos; no inspecciona registros personales.
requirements.txt	requirements.txt	.txt	45	2026-04-09T09:07:14.323904-04:00	TRACKED_OR_UNMODIFIED	otro	NO_DETERMINADO	Inventario por ruta y metadatos; no inspecciona registros personales.
gobernanza_sede.tsv	gobernanza_sede.tsv	.tsv	203	2026-04-01T17:53:11.264462-03:00	TRACKED_OR_UNMODIFIED	gobernanza existente	NO_DETERMINADO	Inventario por ruta y metadatos; no inspecciona registros personales.
Manual_Matrícula_Unificada_2026.pdf	Manual_Matrícula_Unificada_2026.pdf	.pdf	1691669	2026-04-01T17:53:09.292407-03:00	TRACKED_OR_UNMODIFIED	fuente normativa	NO_DETERMINADO	Inventario por ruta y metadatos; no inspecciona registros personales.
fallback_report.tsv	fallback_report.tsv	.tsv	746	2026-04-07T22:44:37.989215-04:00	TRACKED_OR_UNMODIFIED	otro	NO_DETERMINADO	Inventario por ruta y metadatos; no inspecciona registros personales.
DURACION_ESTUDIOS.tsv	DURACION_ESTUDIOS.tsv	.tsv	37447	2026-04-09T09:08:57.282841-04:00	TRACKED_OR_UNMODIFIED	otro	NO_DETERMINADO	Inventario por ruta y metadatos; no inspecciona registros personales.
cruces_proyecto.tsv	cruces_proyecto.tsv	.tsv	16266	2026-04-09T07:55:55.863183-04:00	TRACKED_OR_UNMODIFIED	otro	NO_DETERMINADO	Inventario por ruta y metadatos; no inspecciona registros personales.
Makefile	Makefile		1285	2026-04-09T09:07:14.411005-04:00	TRACKED_OR_UNMODIFIED	otro	NO_DETERMINADO	Inventario por ruta y metadatos; no inspecciona registros personales.
gobernanza_pais_est_sec.tsv	gobernanza_pais_est_sec.tsv	.tsv	23217	2026-04-01T17:53:11.263152-03:00	TRACKED_OR_UNMODIFIED	gobernanza existente	NO_DETERMINADO	Inventario por ruta y metadatos; no inspecciona registros personales.
salida_validacion.txt	salida_validacion.txt	.txt	102	2026-04-09T09:07:14.560694-04:00	TRACKED_OR_UNMODIFIED	otro	NO_DETERMINADO	Inventario por ruta y metadatos; no inspecciona registros personales.
REGLAS_MU2026.tsv	REGLAS_MU2026.tsv	.tsv	2860	2026-04-08T08:35:25.578907-04:00	TRACKED_OR_UNMODIFIED	otro	NO_DETERMINADO	Inventario por ruta y metadatos; no inspecciona registros personales.
README.md	README.md	.md	13097	2026-06-26T00:47:07.955449-04:00	TRACKED_OR_UNMODIFIED	otro	NO_DETERMINADO	Inventario por ruta y metadatos; no inspecciona registros personales.
manual_matrícula_unificada.txt	manual_matrícula_unificada.txt	.txt	102008	2026-04-09T09:07:14.535455-04:00	TRACKED_OR_UNMODIFIED	fuente normativa	NO_DETERMINADO	Inventario por ruta y metadatos; no inspecciona registros personales.
.gitignore	.gitignore		1633	2026-06-26T01:23:24.773497-04:00	TRACKED_OR_UNMODIFIED	otro	NO_DETERMINADO	Inventario por ruta y metadatos; no inspecciona registros personales.
manual_matrícula_unificada 2.txt	manual_matrícula_unificada 2.txt	.txt	102008	2026-06-26T00:47:07.976437-04:00	TRACKED_OR_UNMODIFIED	fuente normativa	NO_DETERMINADO	Inventario por ruta y metadatos; no inspecciona registros personales.
gobernanza_niveles.tsv	gobernanza_niveles.tsv	.tsv	617	2026-04-09T09:07:14.534351-04:00	TRACKED_OR_UNMODIFIED	gobernanza existente	NO_DETERMINADO	Inventario por ruta y metadatos; no inspecciona registros personales.
salida_validacion 2.txt	salida_validacion 2.txt	.txt	102	2026-06-26T00:47:07.986798-04:00	TRACKED_OR_UNMODIFIED	otro	NO_DETERMINADO	Inventario por ruta y metadatos; no inspecciona registros personales.
DOCUMENTACION_TECNICA.md	DOCUMENTACION_TECNICA.md	.md	27413	2026-06-26T00:47:07.954924-04:00	TRACKED_OR_UNMODIFIED	otro	NO_DETERMINADO	Inventario por ruta y metadatos; no inspecciona registros personales.
qa_checks.py	qa_checks.py	.py	103969	2026-06-26T00:47:07.978435-04:00	TRACKED_OR_UNMODIFIED	otro	NO_DETERMINADO	Inventario por ruta y metadatos; no inspecciona registros personales.
.gitignore.save	.gitignore.save	.save	967	2026-06-26T00:47:07.953907-04:00	TRACKED_OR_UNMODIFIED	otro	NO_DETERMINADO	Inventario por ruta y metadatos; no inspecciona registros personales.
PROMEDIOSDEALUMNOS_7804.xlsx	PROMEDIOSDEALUMNOS_7804.xlsx	.xlsx	10997739	2026-05-15T08:56:03.774979-04:00	TRACKED_OR_UNMODIFIED	otro	NO_DETERMINADO	Inventario por ruta y metadatos; no inspecciona registros personales.
gobernanza_nac.tsv	gobernanza_nac.tsv	.tsv	987	2026-04-01T17:53:11.262500-03:00	TRACKED_OR_UNMODIFIED	gobernanza existente	NO_DETERMINADO	Inventario por ruta y metadatos; no inspecciona registros personales.
gobernanza_escala_notas.tsv	gobernanza_escala_notas.tsv	.tsv	17361	2026-04-09T09:07:14.320485-04:00	TRACKED_OR_UNMODIFIED	gobernanza existente	NO_DETERMINADO	Inventario por ruta y metadatos; no inspecciona registros personales.
20260421_57181_20260420_Estructura_Personal_Académico_en_Institución_2026.csv	20260421_57181_20260420_Estructura_Personal_Académico_en_Institución_2026.csv	.csv	704	2026-06-08T16:59:31.208012-04:00	TRACKED_OR_UNMODIFIED	otro	NO_DETERMINADO	Inventario por ruta y metadatos; no inspecciona registros personales.
codigo_gobernanza_v2.py	codigo_gobernanza_v2.py	.py	268114	2026-06-26T00:47:07.956393-04:00	TRACKED_OR_UNMODIFIED	otro	NO_DETERMINADO	Inventario por ruta y metadatos; no inspecciona registros personales.
tools/auditar_cambio_sies_cicib.py	auditar_cambio_sies_cicib.py	.py	9889	2026-04-09T09:07:14.576835-04:00	TRACKED_OR_UNMODIFIED	otro	NO_DETERMINADO	Inventario por ruta y metadatos; no inspecciona registros personales.
tools/auditar_cambio_sies_cicib 2.py	auditar_cambio_sies_cicib 2.py	.py	9889	2026-06-26T00:47:07.997056-04:00	TRACKED_OR_UNMODIFIED	otro	NO_DETERMINADO	Inventario por ruta y metadatos; no inspecciona registros personales.
core/config/requirements.txt	requirements.txt	.txt	78	2026-04-09T13:19:26.427470-04:00	TRACKED_OR_UNMODIFIED	otro	NO_DETERMINADO	Inventario por ruta y metadatos; no inspecciona registros personales.
core/config/Makefile	Makefile		70	2026-04-09T13:19:26.427450-04:00	TRACKED_OR_UNMODIFIED	otro	NO_DETERMINADO	Inventario por ruta y metadatos; no inspecciona registros personales.
core/scripts/generar_gobernanza_columnas_mu.py	generar_gobernanza_columnas_mu.py	.py	67	2026-04-10T23:45:56.020849-04:00	TRACKED_OR_UNMODIFIED	código activo o transicional	NO_DETERMINADO	Inventario por ruta y metadatos; no inspecciona registros personales.
core/scripts/qa_checks.py	qa_checks.py	.py	46	2026-04-10T23:45:56.021337-04:00	TRACKED_OR_UNMODIFIED	código activo o transicional	NO_DETERMINADO	Inventario por ruta y metadatos; no inspecciona registros personales.
core/scripts/codigo_gobernanza_v2.py	codigo_gobernanza_v2.py	.py	57	2026-04-10T23:45:56.019701-04:00	TRACKED_OR_UNMODIFIED	código activo o transicional	NO_DETERMINADO	Inventario por ruta y metadatos; no inspecciona registros personales.
archive/README.md	README.md	.md	870	2026-04-01T17:53:09.294173-03:00	TRACKED_OR_UNMODIFIED	código legacy o resultado histórico	NO_DETERMINADO	Inventario por ruta y metadatos; no inspecciona registros personales.
archive/resultados_legacy/reporte_validacion.json	reporte_validacion.json	.json	1375	2026-04-01T17:53:11.217291-03:00	TRACKED_OR_UNMODIFIED	código legacy o resultado histórico	NO_DETERMINADO	Inventario por ruta y metadatos; no inspecciona registros personales.
archive/resultados_legacy/sies_ambiguedad_diagnostico.csv	sies_ambiguedad_diagnostico.csv	.csv	877	2026-04-01T17:53:11.217473-03:00	TRACKED_OR_UNMODIFIED	código legacy o resultado histórico	SI	Inventario por ruta y metadatos; no inspecciona registros personales.
archive/resultados_legacy/sies_codcarr_sin_mapeo.csv	sies_codcarr_sin_mapeo.csv	.csv	22	2026-04-01T17:53:11.217648-03:00	TRACKED_OR_UNMODIFIED	código legacy o resultado histórico	SI	Inventario por ruta y metadatos; no inspecciona registros personales.
archive/resultados_legacy/reporte_procedencia.csv	reporte_procedencia.csv	.csv	4547	2026-04-01T17:53:11.217018-03:00	TRACKED_OR_UNMODIFIED	código legacy o resultado histórico	SI	Inventario por ruta y metadatos; no inspecciona registros personales.
archive/resultados_legacy/carreras_avance_curricular_2025_pes_ready.csv	carreras_avance_curricular_2025_pes_ready.csv	.csv	1958	2026-04-01T17:53:11.209412-03:00	TRACKED_OR_UNMODIFIED	código legacy o resultado histórico	SI	Inventario por ruta y metadatos; no inspecciona registros personales.
archive/resultados_legacy/matricula_unificada_2026_oficial.xlsx	matricula_unificada_2026_oficial.xlsx	.xlsx	281500	2026-04-01T17:53:11.215811-03:00	TRACKED_OR_UNMODIFIED	código legacy o resultado histórico	SI	Inventario por ruta y metadatos; no inspecciona registros personales.
archive/resultados_legacy/matricula_unificada_2026_control.csv	matricula_unificada_2026_control.csv	.csv	165115	2026-04-01T17:53:11.213803-03:00	TRACKED_OR_UNMODIFIED	código legacy o resultado histórico	SI	Inventario por ruta y metadatos; no inspecciona registros personales.
archive/resultados_legacy/comparacion_versiones.md	comparacion_versiones.md	.md	872	2026-04-01T17:53:11.210238-03:00	TRACKED_OR_UNMODIFIED	código legacy o resultado histórico	NO_DETERMINADO	Inventario por ruta y metadatos; no inspecciona registros personales.
archive/resultados_legacy/diccionario_columnas.md	diccionario_columnas.md	.md	2235	2026-04-01T17:53:11.210946-03:00	TRACKED_OR_UNMODIFIED	código legacy o resultado histórico	NO_DETERMINADO	Inventario por ruta y metadatos; no inspecciona registros personales.
archive/resultados_legacy/matricula_avance_curricular_2025_pes_ready.csv	matricula_avance_curricular_2025_pes_ready.csv	.csv	151281	2026-04-01T17:53:11.213145-03:00	TRACKED_OR_UNMODIFIED	código legacy o resultado histórico	SI	Inventario por ruta y metadatos; no inspecciona registros personales.
archive/resultados_legacy/reporte_calidad_semantica.json	reporte_calidad_semantica.json	.json	586	2026-04-01T17:53:11.216450-03:00	TRACKED_OR_UNMODIFIED	código legacy o resultado histórico	NO_DETERMINADO	Inventario por ruta y metadatos; no inspecciona registros personales.
archive/resultados_legacy/matricula_avance_curricular_2025_control.csv	matricula_avance_curricular_2025_control.csv	.csv	154473	2026-04-01T17:53:11.212070-03:00	TRACKED_OR_UNMODIFIED	código legacy o resultado histórico	SI	Inventario por ruta y metadatos; no inspecciona registros personales.
archive/resultados_legacy/carreras_avance_curricular_2025_control.csv	carreras_avance_curricular_2025_control.csv	.csv	2359	2026-04-01T17:53:11.208550-03:00	TRACKED_OR_UNMODIFIED	código legacy o resultado histórico	SI	Inventario por ruta y metadatos; no inspecciona registros personales.
archive/archive/README.md	README.md	.md	46	2026-04-09T13:19:26.451029-04:00	TRACKED_OR_UNMODIFIED	código legacy o resultado histórico	NO_DETERMINADO	Inventario por ruta y metadatos; no inspecciona registros personales.
archive/control_historico/fases/fase_0_baseline.md	fase_0_baseline.md	.md	1214	2026-04-01T17:53:09.299430-03:00	TRACKED_OR_UNMODIFIED	código legacy o resultado histórico	NO_DETERMINADO	Inventario por ruta y metadatos; no inspecciona registros personales.
archive/control_historico/fases/fase_4_rendimiento.md	fase_4_rendimiento.md	.md	1101	2026-04-01T17:53:09.301116-03:00	TRACKED_OR_UNMODIFIED	código legacy o resultado histórico	NO_DETERMINADO	Inventario por ruta y metadatos; no inspecciona registros personales.
archive/control_historico/fases/fase_3_cronologia.md	fase_3_cronologia.md	.md	1015	2026-04-01T17:53:09.300434-03:00	TRACKED_OR_UNMODIFIED	código legacy o resultado histórico	NO_DETERMINADO	Inventario por ruta y metadatos; no inspecciona registros personales.
archive/control_historico/fases/fase_6_gate_final.md	fase_6_gate_final.md	.md	958	2026-04-01T17:53:09.301624-03:00	TRACKED_OR_UNMODIFIED	código legacy o resultado histórico	NO_DETERMINADO	Inventario por ruta y metadatos; no inspecciona registros personales.
archive/control_historico/fases/fase_1_identidad.md	fase_1_identidad.md	.md	1189	2026-04-01T17:53:09.299739-03:00	TRACKED_OR_UNMODIFIED	código legacy o resultado histórico	NO_DETERMINADO	Inventario por ruta y metadatos; no inspecciona registros personales.
archive/control_historico/fases/fase_2_sies_oferta.md	fase_2_sies_oferta.md	.md	1097	2026-04-01T17:53:09.300098-03:00	TRACKED_OR_UNMODIFIED	código legacy o resultado histórico	NO_DETERMINADO	Inventario por ruta y metadatos; no inspecciona registros personales.
archive/control_historico/fases/fase_5_estado_admin.md	fase_5_estado_admin.md	.md	872	2026-04-01T17:53:09.301315-03:00	TRACKED_OR_UNMODIFIED	código legacy o resultado histórico	NO_DETERMINADO	Inventario por ruta y metadatos; no inspecciona registros personales.
archive/control_historico/plantillas/plantilla_reporte_fase.md	plantilla_reporte_fase.md	.md	907	2026-04-01T17:53:09.302249-03:00	TRACKED_OR_UNMODIFIED	código legacy o resultado histórico	NO_DETERMINADO	Inventario por ruta y metadatos; no inspecciona registros personales.
archive/control_historico/plantillas/_plantilla_evidencia_columna.md	_plantilla_evidencia_columna.md	.md	310	2026-04-01T17:53:09.302017-03:00	TRACKED_OR_UNMODIFIED	código legacy o resultado histórico	NO_DETERMINADO	Inventario por ruta y metadatos; no inspecciona registros personales.
archive/contexto_historico/tecnico/reporte_eccurydp_investigacion.txt	reporte_eccurydp_investigacion.txt	.txt	1448	2026-04-01T17:53:09.298425-03:00	TRACKED_OR_UNMODIFIED	código legacy o resultado histórico	NO_DETERMINADO	Inventario por ruta y metadatos; no inspecciona registros personales.
archive/contexto_historico/tecnico/REVIEW.md	REVIEW.md	.md	1485	2026-04-01T17:53:09.297696-03:00	TRACKED_OR_UNMODIFIED	código legacy o resultado histórico	NO_DETERMINADO	Inventario por ruta y metadatos; no inspecciona registros personales.
archive/contexto_historico/fases/FASE2_REVISADA_COMPLETADA.txt	FASE2_REVISADA_COMPLETADA.txt	.txt	5382	2026-04-01T17:53:09.296926-03:00	TRACKED_OR_UNMODIFIED	código legacy o resultado histórico	NO_DETERMINADO	Inventario por ruta y metadatos; no inspecciona registros personales.
archive/contexto_historico/fases/FASE1_REVISADA_COMPLETADA.txt	FASE1_REVISADA_COMPLETADA.txt	.txt	12083	2026-04-01T17:53:09.296211-03:00	TRACKED_OR_UNMODIFIED	código legacy o resultado histórico	NO_DETERMINADO	Inventario por ruta y metadatos; no inspecciona registros personales.
archive/contexto_historico/fases/FASE1_REVISADA_RESUMEN.txt	FASE1_REVISADA_RESUMEN.txt	.txt	9887	2026-04-01T17:53:09.296462-03:00	TRACKED_OR_UNMODIFIED	código legacy o resultado histórico	NO_DETERMINADO	Inventario por ruta y metadatos; no inspecciona registros personales.
archive/contexto_historico/fases/FASE1_RESUMEN.txt	FASE1_RESUMEN.txt	.txt	2909	2026-04-01T17:53:09.295829-03:00	TRACKED_OR_UNMODIFIED	código legacy o resultado histórico	NO_DETERMINADO	Inventario por ruta y metadatos; no inspecciona registros personales.
archive/contexto_historico/fases/FASE2_RESUMEN.txt	FASE2_RESUMEN.txt	.txt	5712	2026-04-01T17:53:09.296646-03:00	TRACKED_OR_UNMODIFIED	código legacy o resultado histórico	NO_DETERMINADO	Inventario por ruta y metadatos; no inspecciona registros personales.
archive/contexto_historico/fases/FASE3_COMPLETADA.txt	FASE3_COMPLETADA.txt	.txt	10321	2026-04-01T17:53:09.297307-03:00	TRACKED_OR_UNMODIFIED	código legacy o resultado histórico	NO_DETERMINADO	Inventario por ruta y metadatos; no inspecciona registros personales.
archive/contexto_historico/decisiones/DECISION_FOR_ING_ACT_2026-03-31.txt	DECISION_FOR_ING_ACT_2026-03-31.txt	.txt	1538	2026-04-01T17:53:09.295095-03:00	TRACKED_OR_UNMODIFIED	código legacy o resultado histórico	NO_DETERMINADO	Inventario por ruta y metadatos; no inspecciona registros personales.
archive/contexto_historico/decisiones/DECISION_GOBERNANZA_COLUMNAS_MU_2026-03-31.txt	DECISION_GOBERNANZA_COLUMNAS_MU_2026-03-31.txt	.txt	1291	2026-04-01T17:53:09.295302-03:00	TRACKED_OR_UNMODIFIED	código legacy o resultado histórico	NO_DETERMINADO	Inventario por ruta y metadatos; no inspecciona registros personales.
archive/legacy_runtime/codigo.py	codigo.py	.py	71617	2026-04-01T17:53:09.302869-03:00	TRACKED_OR_UNMODIFIED	código legacy o resultado histórico	NO_DETERMINADO	Inventario por ruta y metadatos; no inspecciona registros personales.
archive/backup_estable_2026/README.md	README.md	.md	58	2026-04-09T13:19:26.552484-04:00	TRACKED_OR_UNMODIFIED	código legacy o resultado histórico	NO_DETERMINADO	Inventario por ruta y metadatos; no inspecciona registros personales.
archive/resultados_diagnostico/auditoria_manual_20260331_fix1/terminal_run.log	terminal_run.log	.log	1410	2026-04-03T21:53:30.585972-03:00	TRACKED_OR_UNMODIFIED	código legacy o resultado histórico	NO_DETERMINADO	Inventario por ruta y metadatos; no inspecciona registros personales.
archive/resultados_diagnostico/auditoria_manual_20260331_fix1/validacion_manual_pregrado.json	validacion_manual_pregrado.json	.json	3072	2026-04-03T21:53:30.587096-03:00	TRACKED_OR_UNMODIFIED	fuente normativa	NO_DETERMINADO	Inventario por ruta y metadatos; no inspecciona registros personales.
archive/resultados_diagnostico/auditoria_manual_20260331_fix1/archivo_listo_para_sies.xlsx	archivo_listo_para_sies.xlsx	.xlsx	10467098	2026-04-03T21:53:30.581133-03:00	TRACKED_OR_UNMODIFIED	código legacy o resultado histórico	SI	Inventario por ruta y metadatos; no inspecciona registros personales.
archive/resultados_diagnostico/resultados_audit_v2/archivo_listo_para_sies.xlsx	archivo_listo_para_sies.xlsx	.xlsx	10433519	2026-04-03T21:53:30.989884-03:00	TRACKED_OR_UNMODIFIED	código legacy o resultado histórico	SI	Inventario por ruta y metadatos; no inspecciona registros personales.
archive/resultados_diagnostico/auditoria_manual_20260331/terminal_run.log	terminal_run.log	.log	1328	2026-04-03T21:53:30.492962-03:00	TRACKED_OR_UNMODIFIED	código legacy o resultado histórico	NO_DETERMINADO	Inventario por ruta y metadatos; no inspecciona registros personales.
archive/resultados_diagnostico/auditoria_manual_20260331/validacion_manual_pregrado.json	validacion_manual_pregrado.json	.json	3158	2026-04-03T21:53:30.493523-03:00	TRACKED_OR_UNMODIFIED	fuente normativa	NO_DETERMINADO	Inventario por ruta y metadatos; no inspecciona registros personales.
archive/resultados_diagnostico/auditoria_manual_20260331/archivo_listo_para_sies.xlsx	archivo_listo_para_sies.xlsx	.xlsx	11858216	2026-04-03T21:53:30.484322-03:00	TRACKED_OR_UNMODIFIED	código legacy o resultado histórico	SI	Inventario por ruta y metadatos; no inspecciona registros personales.
archive/resultados_diagnostico/auditoria_manual_20260331/manual_extract_pages_28_40.txt	manual_extract_pages_28_40.txt	.txt	35368	2026-04-03T21:53:30.492093-03:00	TRACKED_OR_UNMODIFIED	fuente normativa	NO_DETERMINADO	Inventario por ruta y metadatos; no inspecciona registros personales.
archive/resultados_diagnostico/auditoria_manual_20260331_fix2/terminal_run.log	terminal_run.log	.log	1593	2026-04-03T21:53:30.723387-03:00	TRACKED_OR_UNMODIFIED	código legacy o resultado histórico	NO_DETERMINADO	Inventario por ruta y metadatos; no inspecciona registros personales.
archive/resultados_diagnostico/auditoria_manual_20260331_fix2/MEJORA_TRAZABILIDAD.md	MEJORA_TRAZABILIDAD.md	.md	2333	2026-04-03T21:53:30.588500-03:00	TRACKED_OR_UNMODIFIED	código legacy o resultado histórico	NO_DETERMINADO	Inventario por ruta y metadatos; no inspecciona registros personales.
archive/resultados_diagnostico/auditoria_manual_20260331_fix2/validacion_manual_pregrado.json	validacion_manual_pregrado.json	.json	3072	2026-04-03T21:53:30.724266-03:00	TRACKED_OR_UNMODIFIED	fuente normativa	NO_DETERMINADO	Inventario por ruta y metadatos; no inspecciona registros personales.
archive/resultados_diagnostico/auditoria_manual_20260331_fix2/archivo_listo_para_sies.xlsx	archivo_listo_para_sies.xlsx	.xlsx	10518837	2026-04-03T21:53:30.721923-03:00	TRACKED_OR_UNMODIFIED	código legacy o resultado histórico	SI	Inventario por ruta y metadatos; no inspecciona registros personales.
archive/resultados_diagnostico/auditoria_manual_20260331_fix3/terminal_run.log	terminal_run.log	.log	1593	2026-04-01T17:53:09.623295-03:00	TRACKED_OR_UNMODIFIED	código legacy o resultado histórico	NO_DETERMINADO	Inventario por ruta y metadatos; no inspecciona registros personales.
archive/resultados_diagnostico/auditoria_manual_20260331_fix3/TRAZABILIDAD_EVOLUCION.md	TRAZABILIDAD_EVOLUCION.md	.md	2969	2026-04-01T17:53:09.518842-03:00	TRACKED_OR_UNMODIFIED	código legacy o resultado histórico	NO_DETERMINADO	Inventario por ruta y metadatos; no inspecciona registros personales.
archive/resultados_diagnostico/auditoria_manual_20260331_fix3/validacion_manual_pregrado.json	validacion_manual_pregrado.json	.json	2614	2026-04-01T17:53:09.623566-03:00	TRACKED_OR_UNMODIFIED	fuente normativa	NO_DETERMINADO	Inventario por ruta y metadatos; no inspecciona registros personales.
archive/resultados_diagnostico/auditoria_manual_20260331_fix3/archivo_listo_para_sies.xlsx	archivo_listo_para_sies.xlsx	.xlsx	10433658	2026-04-01T17:53:09.622642-03:00	TRACKED_OR_UNMODIFIED	código legacy o resultado histórico	SI	Inventario por ruta y metadatos; no inspecciona registros personales.
archive/resultados_diagnostico/auditoria_manual_20260331_fix3/MEJORA_TRAZABILIDAD_FIX3.md	MEJORA_TRAZABILIDAD_FIX3.md	.md	217	2026-04-01T17:53:09.518286-03:00	TRACKED_OR_UNMODIFIED	código legacy o resultado histórico	NO_DETERMINADO	Inventario por ruta y metadatos; no inspecciona registros personales.
archive/resultados_diagnostico/stress20/stress20_report.json	stress20_report.json	.json	15729	2026-04-01T17:53:11.207912-03:00	TRACKED_OR_UNMODIFIED	código legacy o resultado histórico	NO_DETERMINADO	Inventario por ruta y metadatos; no inspecciona registros personales.
archive/resultados_diagnostico/stress20/iter_07/archivo_listo_para_sies.xlsx	archivo_listo_para_sies.xlsx	.xlsx	11858216	2026-04-03T21:53:31.712721-03:00	TRACKED_OR_UNMODIFIED	código legacy o resultado histórico	SI	Inventario por ruta y metadatos; no inspecciona registros personales.
archive/resultados_diagnostico/stress20/iter_09/archivo_listo_para_sies.xlsx	archivo_listo_para_sies.xlsx	.xlsx	11858215	2026-04-03T21:53:31.884766-03:00	TRACKED_OR_UNMODIFIED	código legacy o resultado histórico	SI	Inventario por ruta y metadatos; no inspecciona registros personales.
archive/resultados_diagnostico/stress20/iter_08/archivo_listo_para_sies.xlsx	archivo_listo_para_sies.xlsx	.xlsx	11858215	2026-04-03T21:53:31.777997-03:00	TRACKED_OR_UNMODIFIED	código legacy o resultado histórico	SI	Inventario por ruta y metadatos; no inspecciona registros personales.
archive/resultados_diagnostico/stress20/iter_06/archivo_listo_para_sies.xlsx	archivo_listo_para_sies.xlsx	.xlsx	11858216	2026-04-03T21:53:31.618939-03:00	TRACKED_OR_UNMODIFIED	código legacy o resultado histórico	SI	Inventario por ruta y metadatos; no inspecciona registros personales.
archive/resultados_diagnostico/stress20/iter_01/archivo_listo_para_sies.xlsx	archivo_listo_para_sies.xlsx	.xlsx	11858216	2026-04-03T21:53:31.085511-03:00	TRACKED_OR_UNMODIFIED	código legacy o resultado histórico	SI	Inventario por ruta y metadatos; no inspecciona registros personales.
archive/resultados_diagnostico/stress20/iter_12/archivo_listo_para_sies.xlsx	archivo_listo_para_sies.xlsx	.xlsx	11858218	2026-04-03T21:53:32.268937-03:00	TRACKED_OR_UNMODIFIED	código legacy o resultado histórico	SI	Inventario por ruta y metadatos; no inspecciona registros personales.
archive/resultados_diagnostico/stress20/iter_15/archivo_listo_para_sies.xlsx	archivo_listo_para_sies.xlsx	.xlsx	11858216	2026-04-03T21:53:32.502631-03:00	TRACKED_OR_UNMODIFIED	código legacy o resultado histórico	SI	Inventario por ruta y metadatos; no inspecciona registros personales.
archive/resultados_diagnostico/stress20/iter_14/archivo_listo_para_sies.xlsx	archivo_listo_para_sies.xlsx	.xlsx	11858217	2026-04-03T21:53:32.425716-03:00	TRACKED_OR_UNMODIFIED	código legacy o resultado histórico	SI	Inventario por ruta y metadatos; no inspecciona registros personales.
archive/resultados_diagnostico/stress20/iter_13/archivo_listo_para_sies.xlsx	archivo_listo_para_sies.xlsx	.xlsx	11858218	2026-04-03T21:53:32.346848-03:00	TRACKED_OR_UNMODIFIED	código legacy o resultado histórico	SI	Inventario por ruta y metadatos; no inspecciona registros personales.
archive/resultados_diagnostico/stress20/iter_04/archivo_listo_para_sies.xlsx	archivo_listo_para_sies.xlsx	.xlsx	11858216	2026-04-03T21:53:31.404733-03:00	TRACKED_OR_UNMODIFIED	código legacy o resultado histórico	SI	Inventario por ruta y metadatos; no inspecciona registros personales.
archive/resultados_diagnostico/stress20/iter_03/archivo_listo_para_sies.xlsx	archivo_listo_para_sies.xlsx	.xlsx	11858216	2026-04-03T21:53:31.304538-03:00	TRACKED_OR_UNMODIFIED	código legacy o resultado histórico	SI	Inventario por ruta y metadatos; no inspecciona registros personales.
archive/resultados_diagnostico/stress20/iter_02/archivo_listo_para_sies.xlsx	archivo_listo_para_sies.xlsx	.xlsx	11858215	2026-04-03T21:53:31.218832-03:00	TRACKED_OR_UNMODIFIED	código legacy o resultado histórico	SI	Inventario por ruta y metadatos; no inspecciona registros personales.
archive/resultados_diagnostico/stress20/iter_05/archivo_listo_para_sies.xlsx	archivo_listo_para_sies.xlsx	.xlsx	11858216	2026-04-03T21:53:31.501434-03:00	TRACKED_OR_UNMODIFIED	código legacy o resultado histórico	SI	Inventario por ruta y metadatos; no inspecciona registros personales.
archive/resultados_diagnostico/stress20/iter_18/archivo_listo_para_sies.xlsx	archivo_listo_para_sies.xlsx	.xlsx	11858215	2026-04-03T21:53:32.713790-03:00	TRACKED_OR_UNMODIFIED	código legacy o resultado histórico	SI	Inventario por ruta y metadatos; no inspecciona registros personales.
archive/resultados_diagnostico/stress20/iter_20/archivo_listo_para_sies.xlsx	archivo_listo_para_sies.xlsx	.xlsx	11858216	2026-04-03T21:53:32.850452-03:00	TRACKED_OR_UNMODIFIED	código legacy o resultado histórico	SI	Inventario por ruta y metadatos; no inspecciona registros personales.
archive/resultados_diagnostico/stress20/iter_16/archivo_listo_para_sies.xlsx	archivo_listo_para_sies.xlsx	.xlsx	11858216	2026-04-03T21:53:32.571763-03:00	TRACKED_OR_UNMODIFIED	código legacy o resultado histórico	SI	Inventario por ruta y metadatos; no inspecciona registros personales.
archive/resultados_diagnostico/stress20/iter_11/archivo_listo_para_sies.xlsx	archivo_listo_para_sies.xlsx	.xlsx	11858217	2026-04-03T21:53:32.189208-03:00	TRACKED_OR_UNMODIFIED	código legacy o resultado histórico	SI	Inventario por ruta y metadatos; no inspecciona registros personales.
archive/resultados_diagnostico/stress20/iter_10/archivo_listo_para_sies.xlsx	archivo_listo_para_sies.xlsx	.xlsx	11858215	2026-04-03T21:53:32.006844-03:00	TRACKED_OR_UNMODIFIED	código legacy o resultado histórico	SI	Inventario por ruta y metadatos; no inspecciona registros personales.
archive/resultados_diagnostico/stress20/iter_17/archivo_listo_para_sies.xlsx	archivo_listo_para_sies.xlsx	.xlsx	11858217	2026-04-03T21:53:32.643143-03:00	TRACKED_OR_UNMODIFIED	código legacy o resultado histórico	SI	Inventario por ruta y metadatos; no inspecciona registros personales.
archive/resultados_diagnostico/stress20/iter_19/archivo_listo_para_sies.xlsx	archivo_listo_para_sies.xlsx	.xlsx	11858216	2026-04-03T21:53:32.783432-03:00	TRACKED_OR_UNMODIFIED	código legacy o resultado histórico	SI	Inventario por ruta y metadatos; no inspecciona registros personales.
archive/resultados_diagnostico/resultados_audit_codigo_py/reporte_validacion.json	reporte_validacion.json	.json	1375	2026-04-03T21:53:30.911011-03:00	TRACKED_OR_UNMODIFIED	código legacy o resultado histórico	NO_DETERMINADO	Inventario por ruta y metadatos; no inspecciona registros personales.
archive/resultados_diagnostico/resultados_audit_codigo_py/sies_ambiguedad_diagnostico.csv	sies_ambiguedad_diagnostico.csv	.csv	877	2026-04-03T21:53:30.911444-03:00	TRACKED_OR_UNMODIFIED	código legacy o resultado histórico	SI	Inventario por ruta y metadatos; no inspecciona registros personales.
archive/resultados_diagnostico/resultados_audit_codigo_py/sies_codcarr_sin_mapeo.csv	sies_codcarr_sin_mapeo.csv	.csv	22	2026-04-03T21:53:30.911868-03:00	TRACKED_OR_UNMODIFIED	código legacy o resultado histórico	SI	Inventario por ruta y metadatos; no inspecciona registros personales.
archive/resultados_diagnostico/resultados_audit_codigo_py/reporte_procedencia.csv	reporte_procedencia.csv	.csv	4547	2026-04-03T21:53:30.910056-03:00	TRACKED_OR_UNMODIFIED	código legacy o resultado histórico	SI	Inventario por ruta y metadatos; no inspecciona registros personales.
archive/resultados_diagnostico/resultados_audit_codigo_py/carreras_avance_curricular_2025_pes_ready.csv	carreras_avance_curricular_2025_pes_ready.csv	.csv	1958	2026-04-03T21:53:30.900411-03:00	TRACKED_OR_UNMODIFIED	código legacy o resultado histórico	SI	Inventario por ruta y metadatos; no inspecciona registros personales.
archive/resultados_diagnostico/resultados_audit_codigo_py/matricula_unificada_2026_oficial.xlsx	matricula_unificada_2026_oficial.xlsx	.xlsx	289652	2026-04-03T21:53:30.908567-03:00	TRACKED_OR_UNMODIFIED	código legacy o resultado histórico	SI	Inventario por ruta y metadatos; no inspecciona registros personales.
archive/resultados_diagnostico/resultados_audit_codigo_py/matricula_unificada_2026_control.csv	matricula_unificada_2026_control.csv	.csv	170775	2026-04-03T21:53:30.906576-03:00	TRACKED_OR_UNMODIFIED	código legacy o resultado histórico	SI	Inventario por ruta y metadatos; no inspecciona registros personales.
archive/resultados_diagnostico/resultados_audit_codigo_py/comparacion_versiones.md	comparacion_versiones.md	.md	872	2026-04-03T21:53:30.901572-03:00	TRACKED_OR_UNMODIFIED	código legacy o resultado histórico	NO_DETERMINADO	Inventario por ruta y metadatos; no inspecciona registros personales.
archive/resultados_diagnostico/resultados_audit_codigo_py/diccionario_columnas.md	diccionario_columnas.md	.md	2235	2026-04-03T21:53:30.902990-03:00	TRACKED_OR_UNMODIFIED	código legacy o resultado histórico	NO_DETERMINADO	Inventario por ruta y metadatos; no inspecciona registros personales.
archive/resultados_diagnostico/resultados_audit_codigo_py/matricula_avance_curricular_2025_pes_ready.csv	matricula_avance_curricular_2025_pes_ready.csv	.csv	151281	2026-04-03T21:53:30.905476-03:00	TRACKED_OR_UNMODIFIED	código legacy o resultado histórico	SI	Inventario por ruta y metadatos; no inspecciona registros personales.
archive/resultados_diagnostico/resultados_audit_codigo_py/reporte_calidad_semantica.json	reporte_calidad_semantica.json	.json	586	2026-04-03T21:53:30.909539-03:00	TRACKED_OR_UNMODIFIED	código legacy o resultado histórico	NO_DETERMINADO	Inventario por ruta y metadatos; no inspecciona registros personales.
archive/resultados_diagnostico/resultados_audit_codigo_py/matricula_avance_curricular_2025_control.csv	matricula_avance_curricular_2025_control.csv	.csv	154473	2026-04-03T21:53:30.904203-03:00	TRACKED_OR_UNMODIFIED	código legacy o resultado histórico	SI	Inventario por ruta y metadatos; no inspecciona registros personales.
archive/resultados_diagnostico/resultados_audit_codigo_py/carreras_avance_curricular_2025_control.csv	carreras_avance_curricular_2025_control.csv	.csv	2359	2026-04-03T21:53:30.899109-03:00	TRACKED_OR_UNMODIFIED	código legacy o resultado histórico	SI	Inventario por ruta y metadatos; no inspecciona registros personales.
archive/resultados_diagnostico/for_ing_fix/terminal_run.log	terminal_run.log	.log	717	2026-04-03T21:53:30.897670-03:00	TRACKED_OR_UNMODIFIED	código legacy o resultado histórico	NO_DETERMINADO	Inventario por ruta y metadatos; no inspecciona registros personales.
archive/resultados_diagnostico/for_ing_fix/FOR_ING_ACT_VALIDACION.txt	FOR_ING_ACT_VALIDACION.txt	.txt	682	2026-04-03T21:53:30.725515-03:00	TRACKED_OR_UNMODIFIED	código legacy o resultado histórico	NO_DETERMINADO	Inventario por ruta y metadatos; no inspecciona registros personales.
archive/resultados_diagnostico/for_ing_fix/archivo_listo_para_sies_actualizado.xlsx	archivo_listo_para_sies_actualizado.xlsx	.xlsx	7567906	2026-04-09T09:07:14.472222-04:00	TRACKED_OR_UNMODIFIED	código legacy o resultado histórico	SI	Inventario por ruta y metadatos; no inspecciona registros personales.
archive/resultados_diagnostico/for_ing_fix/archivo_listo_para_sies.xlsx	archivo_listo_para_sies.xlsx	.xlsx	10497958	2026-04-03T21:53:30.896508-03:00	TRACKED_OR_UNMODIFIED	código legacy o resultado histórico	SI	Inventario por ruta y metadatos; no inspecciona registros personales.
archive/cned_trabajo_previo_20260605/indices_2025/cned/resultados/CNED_CRUCE_END_TO_END_FINAL 2.json	CNED_CRUCE_END_TO_END_FINAL 2.json	.json	7616	2026-05-19T17:45:06-04:00	TRACKED_OR_UNMODIFIED	código legacy o resultado histórico	NO_DETERMINADO	Inventario por ruta y metadatos; no inspecciona registros personales.
archive/cned_trabajo_previo_20260605/indices_2025/cned/resultados/CNED_MATRIZ_DIAGNOSTICA_PROMEDIOS_35 2.json	CNED_MATRIZ_DIAGNOSTICA_PROMEDIOS_35 2.json	.json	3292	2026-05-28T08:51:27-04:00	TRACKED_OR_UNMODIFIED	código legacy o resultado histórico	NO_DETERMINADO	Inventario por ruta y metadatos; no inspecciona registros personales.
archive/cned_trabajo_previo_20260605/indices_2025/cned/resultados/CNED_resumen_comparacion 2.md	CNED_resumen_comparacion 2.md	.md	29990	2026-05-19T12:15:21-04:00	TRACKED_OR_UNMODIFIED	código legacy o resultado histórico	NO_DETERMINADO	Inventario por ruta y metadatos; no inspecciona registros personales.
archive/cned_trabajo_previo_20260605/indices_2025/cned/resultados/CNED_REVISION_MANUAL_46_COMPLETAR_CAMPOS_RESUMEN 2.md	CNED_REVISION_MANUAL_46_COMPLETAR_CAMPOS_RESUMEN 2.md	.md	681	2026-05-19T17:34:40-04:00	TRACKED_OR_UNMODIFIED	fuente normativa	NO_DETERMINADO	Inventario por ruta y metadatos; no inspecciona registros personales.
archive/cned_trabajo_previo_20260605/indices_2025/cned/resultados/CNED_COMPARACION_TSV_ANTERIOR_VS_NUEVO_20260602_111240 2.md	CNED_COMPARACION_TSV_ANTERIOR_VS_NUEVO_20260602_111240 2.md	.md	1165	2026-06-02T11:12:41-04:00	TRACKED_OR_UNMODIFIED	código legacy o resultado histórico	NO_DETERMINADO	Inventario por ruta y metadatos; no inspecciona registros personales.
archive/cned_trabajo_previo_20260605/indices_2025/cned/resultados/DIAGNOSTICO_END_TO_END_CNED_MU_20260603_085809 2.md	DIAGNOSTICO_END_TO_END_CNED_MU_20260603_085809 2.md	.md	2974	2026-06-03T08:58:10-04:00	TRACKED_OR_UNMODIFIED	código legacy o resultado histórico	NO_DETERMINADO	Inventario por ruta y metadatos; no inspecciona registros personales.
archive/cned_trabajo_previo_20260605/indices_2025/cned/resultados/CNED_LISTO_CARGA_MANUAL_DESDE_DURACION_ESTUDIOS 2.json	CNED_LISTO_CARGA_MANUAL_DESDE_DURACION_ESTUDIOS 2.json	.json	477	2026-05-19T17:25:02-04:00	TRACKED_OR_UNMODIFIED	fuente normativa	NO_DETERMINADO	Inventario por ruta y metadatos; no inspecciona registros personales.
archive/cned_trabajo_previo_20260605/indices_2025/cned/resultados/CNED_GUIA_OPERATIVA_CREACION_PROGRAMAS 2.json	CNED_GUIA_OPERATIVA_CREACION_PROGRAMAS 2.json	.json	3529	2026-05-20T13:01:35-04:00	TRACKED_OR_UNMODIFIED	código legacy o resultado histórico	NO_DETERMINADO	Inventario por ruta y metadatos; no inspecciona registros personales.
archive/cned_trabajo_previo_20260605/indices_2025/cned/resultados/CNED_CRUCE_FINAL_DURACION_ESTUDIOS_VS_CNED 2.json	CNED_CRUCE_FINAL_DURACION_ESTUDIOS_VS_CNED 2.json	.json	358	2026-05-28T08:51:27-04:00	TRACKED_OR_UNMODIFIED	código legacy o resultado histórico	NO_DETERMINADO	Inventario por ruta y metadatos; no inspecciona registros personales.
archive/cned_trabajo_previo_20260605/indices_2025/cned/resultados/DIAGNOSTICO_END_TO_END_CNED_MU_20260603_085809 2.json	DIAGNOSTICO_END_TO_END_CNED_MU_20260603_085809 2.json	.json	2947	2026-06-03T08:58:10-04:00	TRACKED_OR_UNMODIFIED	código legacy o resultado histórico	NO_DETERMINADO	Inventario por ruta y metadatos; no inspecciona registros personales.
archive/cned_trabajo_previo_20260605/indices_2025/cned/resultados/DESCARTADOS_LOGICA_AGRUPACION_INCORRECTA_20260519_135719/CNED_DELTA_DEPURADO_FALTANTES_REALES_2026_RESUMEN 2.md	CNED_DELTA_DEPURADO_FALTANTES_REALES_2026_RESUMEN 2.md	.md	782	2026-05-19T13:21:28-04:00	TRACKED_OR_UNMODIFIED	código legacy o resultado histórico	NO_DETERMINADO	Inventario por ruta y metadatos; no inspecciona registros personales.
archive/cned_trabajo_previo_20260605/indices_2025/cned/resultados/DESCARTADOS_SUPERADOS_20260519_135608/CNED_LISTO_CARGA_MANUAL_NUEVOS_PROGRAMAS_2026_FINAL 2.json	CNED_LISTO_CARGA_MANUAL_NUEVOS_PROGRAMAS_2026_FINAL 2.json	.json	28969	2026-05-19T13:50:54-04:00	TRACKED_OR_UNMODIFIED	fuente normativa	NO_DETERMINADO	Inventario por ruta y metadatos; no inspecciona registros personales.
archive/cned_trabajo_previo_20260605/indices_2025/cned/resultados/DESCARTADOS_SUPERADOS_20260519_135608/CNED_nuevos_programas_para_crear 2.json	CNED_nuevos_programas_para_crear 2.json	.json	100649	2026-05-19T12:53:29-04:00	TRACKED_OR_UNMODIFIED	código legacy o resultado histórico	NO_DETERMINADO	Inventario por ruta y metadatos; no inspecciona registros personales.
archive/cned_trabajo_previo_20260605/indices_2025/cned/scripts/06_materializar_artefacto_operativo_cned_limpio 2.py	06_materializar_artefacto_operativo_cned_limpio 2.py	.py	95896	2026-06-03T10:55:33-04:00	TRACKED_OR_UNMODIFIED	código legacy o resultado histórico	NO_DETERMINADO	Inventario por ruta y metadatos; no inspecciona registros personales.
archive/cned_trabajo_previo_20260605/indices_2025/cned/auditoria/diagnostico_listado_referencia_cned 2.json	diagnostico_listado_referencia_cned 2.json	.json	947	2026-05-28T08:51:27-04:00	TRACKED_OR_UNMODIFIED	código legacy o resultado histórico	NO_DETERMINADO	Inventario por ruta y metadatos; no inspecciona registros personales.
archive/analisis_mu2026_invalidado_20260623_172936/repo/resultados/auditoria_multicodcli_reconstruida_2026/COMANDO_REPRODUCIBLE 2.sh	COMANDO_REPRODUCIBLE 2.sh	.sh	162	2026-06-22T13:47:46-04:00	TRACKED_OR_UNMODIFIED	código legacy o resultado histórico	NO_DETERMINADO	Inventario por ruta y metadatos; no inspecciona registros personales.
archive/analisis_mu2026_invalidado_20260623_172936/repo/resultados/auditoria_multicodcli_reconstruida_2026/auditoria_multicodcli_reconstruida 2.py	auditoria_multicodcli_reconstruida 2.py	.py	55849	2026-06-22T13:46:55-04:00	TRACKED_OR_UNMODIFIED	código legacy o resultado histórico	NO_DETERMINADO	Inventario por ruta y metadatos; no inspecciona registros personales.
archive/analisis_mu2026_invalidado_20260623_172936/repo/resultados/auditoria_multicodcli_reconstruida_2026/TRAZABILIDAD_RUT_CODCLI 2.xlsx	TRAZABILIDAD_RUT_CODCLI 2.xlsx	.xlsx	1392035	2026-06-22T13:47:43-04:00	TRACKED_OR_UNMODIFIED	código legacy o resultado histórico	SI	Inventario por ruta y metadatos; no inspecciona registros personales.
archive/analisis_mu2026_invalidado_20260623_172936/repo/resultados/auditoria_multicodcli_reconstruida_2026/CODCLI_VIGENTES_2026_1 2.xlsx	CODCLI_VIGENTES_2026_1 2.xlsx	.xlsx	578401	2026-06-22T13:47:45-04:00	TRACKED_OR_UNMODIFIED	código legacy o resultado histórico	SI	Inventario por ruta y metadatos; no inspecciona registros personales.
archive/analisis_mu2026_invalidado_20260623_172936/repo/resultados/auditoria_multicodcli_reconstruida_2026/cierre_brechas_20260622/MANIFEST_ARCHIVOS 2.csv	MANIFEST_ARCHIVOS 2.csv	.csv	4171	2026-06-22T14:02:05-04:00	TRACKED_OR_UNMODIFIED	código legacy o resultado histórico	SI	Inventario por ruta y metadatos; no inspecciona registros personales.
archive/analisis_mu2026_invalidado_20260623_172936/repo/resultados/auditoria_multicodcli_reconstruida_2026/cierre_brechas_20260622/cierre_brechas_multicodcli 2.py	cierre_brechas_multicodcli 2.py	.py	40456	2026-06-22T14:01:45-04:00	TRACKED_OR_UNMODIFIED	código legacy o resultado histórico	NO_DETERMINADO	Inventario por ruta y metadatos; no inspecciona registros personales.
archive/analisis_mu2026_invalidado_20260623_172936/repo/resultados/auditoria_multicodcli_reconstruida_2026/cierre_brechas_20260622/TRAZABILIDAD_CIERRE_RUT_CODCLI 2.xlsx	TRAZABILIDAD_CIERRE_RUT_CODCLI 2.xlsx	.xlsx	1302093	2026-06-22T14:02:02-04:00	TRACKED_OR_UNMODIFIED	código legacy o resultado histórico	SI	Inventario por ruta y metadatos; no inspecciona registros personales.
archive/analisis_mu2026_invalidado_20260623_172936/repo/resultados/auditoria_multicodcli_reconstruida_2026/cierre_brechas_20260622/RESOLUCION_6_MATCHES_AMBIGUOS 2.xlsx	RESOLUCION_6_MATCHES_AMBIGUOS 2.xlsx	.xlsx	6776	2026-06-22T14:02:04-04:00	TRACKED_OR_UNMODIFIED	código legacy o resultado histórico	SI	Inventario por ruta y metadatos; no inspecciona registros personales.
archive/analisis_mu2026_invalidado_20260623_172936/repo/resultados/auditoria_multicodcli_reconstruida_2026/cierre_brechas_20260622/CASOS_REVISION_MANUAL_REAL 2.xlsx	CASOS_REVISION_MANUAL_REAL 2.xlsx	.xlsx	217289	2026-06-22T14:02:05-04:00	TRACKED_OR_UNMODIFIED	fuente normativa	SI	Inventario por ruta y metadatos; no inspecciona registros personales.
archive/analisis_mu2026_invalidado_20260623_172936/repo/resultados/auditoria_multicodcli_reconstruida_2026/cierre_brechas_20260622/DISTRIBUCION_REVISIONES_CRITICAS 2.xlsx	DISTRIBUCION_REVISIONES_CRITICAS 2.xlsx	.xlsx	229874	2026-06-22T14:02:04-04:00	TRACKED_OR_UNMODIFIED	código legacy o resultado histórico	SI	Inventario por ruta y metadatos; no inspecciona registros personales.
archive/analisis_mu2026_invalidado_20260623_172936/repo/resultados/auditoria_multicodcli_reconstruida_2026/cierre_brechas_20260622/HASHES_SHA256 2.txt	HASHES_SHA256 2.txt	.txt	3919	2026-06-22T14:02:05-04:00	TRACKED_OR_UNMODIFIED	código legacy o resultado histórico	NO_DETERMINADO	Inventario por ruta y metadatos; no inspecciona registros personales.
archive/analisis_mu2026_invalidado_20260623_172936/repo/resultados/auditoria_multicodcli_reconstruida_2026/cierre_brechas_20260622/REPORTE_CIERRE 2.md	REPORTE_CIERRE 2.md	.md	6151	2026-06-22T14:02:05-04:00	TRACKED_OR_UNMODIFIED	código legacy o resultado histórico	NO_DETERMINADO	Inventario por ruta y metadatos; no inspecciona registros personales.
archive/analisis_mu2026_invalidado_20260623_172936/repo/resultados/auditoria_multicodcli_reconstruida_2026/cierre_34_multivigentes_sies_20260623/RESUMEN_EJECUTIVO_CIERRE_34_MULTIVIGENTES_SIES.xlsx 2.bak_20260623_144723	RESUMEN_EJECUTIVO_CIERRE_34_MULTIVIGENTES_SIES.xlsx 2.bak_20260623_144723	.bak_20260623_144723	8388	2026-06-23T14:46:39-04:00	TRACKED_OR_UNMODIFIED	código legacy o resultado histórico	NO_DETERMINADO	Inventario por ruta y metadatos; no inspecciona registros personales.
archive/analisis_mu2026_invalidado_20260623_172936/repo/resultados/auditoria_multicodcli_reconstruida_2026/cierre_34_multivigentes_sies_20260623/RECTIFICACION_MATRICULA_UNIFICADA_PREGRADO_2026_CON_ENCABEZADOS.xlsx 2.bak_20260623_144539	RECTIFICACION_MATRICULA_UNIFICADA_PREGRADO_2026_CON_ENCABEZADOS.xlsx 2.bak_20260623_144539	.bak_20260623_144539	8281	2026-06-23T14:10:25-04:00	TRACKED_OR_UNMODIFIED	código legacy o resultado histórico	NO_DETERMINADO	Inventario por ruta y metadatos; no inspecciona registros personales.
archive/analisis_mu2026_invalidado_20260623_172936/repo/resultados/auditoria_multicodcli_reconstruida_2026/cierre_34_multivigentes_sies_20260623/RECTIFICACION_MATRICULA_UNIFICADA_PREGRADO_2026.csv 2.bak_20260623_144723	RECTIFICACION_MATRICULA_UNIFICADA_PREGRADO_2026.csv 2.bak_20260623_144723	.bak_20260623_144723	619	2026-06-23T14:46:39-04:00	TRACKED_OR_UNMODIFIED	código legacy o resultado histórico	NO_DETERMINADO	Inventario por ruta y metadatos; no inspecciona registros personales.
archive/analisis_mu2026_invalidado_20260623_172936/repo/resultados/auditoria_multicodcli_reconstruida_2026/cierre_34_multivigentes_sies_20260623/CIERRE_34_MULTIVIGENTES_SIES_AUDITABLE.xlsx 2.bak_20260623_144436	CIERRE_34_MULTIVIGENTES_SIES_AUDITABLE.xlsx 2.bak_20260623_144436	.bak_20260623_144436	5590963	2026-06-23T13:30:52-04:00	TRACKED_OR_UNMODIFIED	código legacy o resultado histórico	NO_DETERMINADO	Inventario por ruta y metadatos; no inspecciona registros personales.
archive/analisis_mu2026_invalidado_20260623_172936/repo/resultados/auditoria_multicodcli_reconstruida_2026/cierre_34_multivigentes_sies_20260623/RECTIFICACION_MATRICULA_UNIFICADA_PREGRADO_2026.csv 2.bak_20260623_145052	RECTIFICACION_MATRICULA_UNIFICADA_PREGRADO_2026.csv 2.bak_20260623_145052	.bak_20260623_145052	619	2026-06-23T14:50:28-04:00	TRACKED_OR_UNMODIFIED	código legacy o resultado histórico	NO_DETERMINADO	Inventario por ruta y metadatos; no inspecciona registros personales.
archive/analisis_mu2026_invalidado_20260623_172936/repo/resultados/auditoria_multicodcli_reconstruida_2026/cierre_34_multivigentes_sies_20260623/RESUMEN_EJECUTIVO_CIERRE_34_MULTIVIGENTES_SIES.xlsx 2.bak_20260623_145052	RESUMEN_EJECUTIVO_CIERRE_34_MULTIVIGENTES_SIES.xlsx 2.bak_20260623_145052	.bak_20260623_145052	8388	2026-06-23T14:50:28-04:00	TRACKED_OR_UNMODIFIED	código legacy o resultado histórico	NO_DETERMINADO	Inventario por ruta y metadatos; no inspecciona registros personales.
archive/analisis_mu2026_invalidado_20260623_172936/repo/resultados/auditoria_multicodcli_reconstruida_2026/cierre_34_multivigentes_sies_20260623/RECTIFICACION_MATRICULA_UNIFICADA_PREGRADO_2026.csv 2.bak_20260623_144436	RECTIFICACION_MATRICULA_UNIFICADA_PREGRADO_2026.csv 2.bak_20260623_144436	.bak_20260623_144436	619	2026-06-23T14:10:25-04:00	TRACKED_OR_UNMODIFIED	código legacy o resultado histórico	NO_DETERMINADO	Inventario por ruta y metadatos; no inspecciona registros personales.
archive/analisis_mu2026_invalidado_20260623_172936/repo/resultados/auditoria_multicodcli_reconstruida_2026/cierre_34_multivigentes_sies_20260623/RESUMEN_EJECUTIVO_CIERRE_34_MULTIVIGENTES_SIES.xlsx 2.bak_20260623_144436	RESUMEN_EJECUTIVO_CIERRE_34_MULTIVIGENTES_SIES.xlsx 2.bak_20260623_144436	.bak_20260623_144436	9412	2026-06-23T13:52:03-04:00	TRACKED_OR_UNMODIFIED	código legacy o resultado histórico	NO_DETERMINADO	Inventario por ruta y metadatos; no inspecciona registros personales.
archive/analisis_mu2026_invalidado_20260623_172936/repo/resultados/auditoria_multicodcli_reconstruida_2026/cierre_34_multivigentes_sies_20260623/CIERRE_34_MULTIVIGENTES_SIES_AUDITABLE.xlsx 2.bak_20260623_144723	CIERRE_34_MULTIVIGENTES_SIES_AUDITABLE.xlsx 2.bak_20260623_144723	.bak_20260623_144723	5590955	2026-06-23T14:46:22-04:00	TRACKED_OR_UNMODIFIED	código legacy o resultado histórico	NO_DETERMINADO	Inventario por ruta y metadatos; no inspecciona registros personales.
archive/analisis_mu2026_invalidado_20260623_172936/repo/resultados/auditoria_multicodcli_reconstruida_2026/cierre_34_multivigentes_sies_20260623/CIERRE_34_MULTIVIGENTES_SIES_AUDITABLE.xlsx 2.bak_20260623_145052	CIERRE_34_MULTIVIGENTES_SIES_AUDITABLE.xlsx 2.bak_20260623_145052	.bak_20260623_145052	5590933	2026-06-23T14:50:10-04:00	TRACKED_OR_UNMODIFIED	código legacy o resultado histórico	NO_DETERMINADO	Inventario por ruta y metadatos; no inspecciona registros personales.
archive/analisis_mu2026_invalidado_20260623_172936/repo/resultados/auditoria_multicodcli_reconstruida_2026/cierre_34_multivigentes_sies_20260623/CIERRE_34_MULTIVIGENTES_SIES_AUDITABLE 2.xlsx	CIERRE_34_MULTIVIGENTES_SIES_AUDITABLE 2.xlsx	.xlsx	5590988	2026-06-23T14:51:35-04:00	TRACKED_OR_UNMODIFIED	código legacy o resultado histórico	SI	Inventario por ruta y metadatos; no inspecciona registros personales.
archive/analisis_mu2026_invalidado_20260623_172936/repo/resultados/auditoria_multicodcli_reconstruida_2026/cierre_34_multivigentes_sies_20260623/CIERRE_34_MULTIVIGENTES_SIES 2.xlsx	CIERRE_34_MULTIVIGENTES_SIES 2.xlsx	.xlsx	46873	2026-06-23T10:56:16-04:00	TRACKED_OR_UNMODIFIED	código legacy o resultado histórico	SI	Inventario por ruta y metadatos; no inspecciona registros personales.
archive/analisis_mu2026_invalidado_20260623_172936/repo/resultados/auditoria_multicodcli_reconstruida_2026/cierre_34_multivigentes_sies_20260623/RECTIFICACION_MATRICULA_UNIFICADA_PREGRADO_2026 2.csv	RECTIFICACION_MATRICULA_UNIFICADA_PREGRADO_2026 2.csv	.csv	619	2026-06-23T14:51:53-04:00	TRACKED_OR_UNMODIFIED	código legacy o resultado histórico	SI	Inventario por ruta y metadatos; no inspecciona registros personales.
archive/analisis_mu2026_invalidado_20260623_172936/repo/resultados/auditoria_multicodcli_reconstruida_2026/cierre_34_multivigentes_sies_20260623/RECTIFICACION_MATRICULA_UNIFICADA_PREGRADO_2026_CON_ENCABEZADOS.xlsx 2.bak_20260623_144927	RECTIFICACION_MATRICULA_UNIFICADA_PREGRADO_2026_CON_ENCABEZADOS.xlsx 2.bak_20260623_144927	.bak_20260623_144927	8266	2026-06-23T14:46:39-04:00	TRACKED_OR_UNMODIFIED	código legacy o resultado histórico	NO_DETERMINADO	Inventario por ruta y metadatos; no inspecciona registros personales.
archive/analisis_mu2026_invalidado_20260623_172936/repo/resultados/auditoria_multicodcli_reconstruida_2026/cierre_34_multivigentes_sies_20260623/CIERRE_34_MULTIVIGENTES_SIES_AUDITABLE_ANTES_CORRECCION_TIPOS_20260623_132044 2.xlsx	CIERRE_34_MULTIVIGENTES_SIES_AUDITABLE_ANTES_CORRECCION_TIPOS_20260623_132044 2.xlsx	.xlsx	5590560	2026-06-23T13:13:24-04:00	TRACKED_OR_UNMODIFIED	código legacy o resultado histórico	SI	Inventario por ruta y metadatos; no inspecciona registros personales.
archive/analisis_mu2026_invalidado_20260623_172936/repo/resultados/auditoria_multicodcli_reconstruida_2026/cierre_34_multivigentes_sies_20260623/RECTIFICACION_MATRICULA_UNIFICADA_PREGRADO_2026_CON_ENCABEZADOS 2.xlsx	RECTIFICACION_MATRICULA_UNIFICADA_PREGRADO_2026_CON_ENCABEZADOS 2.xlsx	.xlsx	8266	2026-06-23T14:51:53-04:00	TRACKED_OR_UNMODIFIED	código legacy o resultado histórico	SI	Inventario por ruta y metadatos; no inspecciona registros personales.
archive/analisis_mu2026_invalidado_20260623_172936/repo/resultados/auditoria_multicodcli_reconstruida_2026/cierre_34_multivigentes_sies_20260623/RESUMEN_EJECUTIVO_CIERRE_34_MULTIVIGENTES_SIES.xlsx 2.bak_20260623_144927	RESUMEN_EJECUTIVO_CIERRE_34_MULTIVIGENTES_SIES.xlsx 2.bak_20260623_144927	.bak_20260623_144927	8388	2026-06-23T14:46:39-04:00	TRACKED_OR_UNMODIFIED	código legacy o resultado histórico	NO_DETERMINADO	Inventario por ruta y metadatos; no inspecciona registros personales.
archive/analisis_mu2026_invalidado_20260623_172936/repo/resultados/auditoria_multicodcli_reconstruida_2026/cierre_34_multivigentes_sies_20260623/RECTIFICACION_MATRICULA_UNIFICADA_PREGRADO_2026.csv 2.bak_20260623_144927	RECTIFICACION_MATRICULA_UNIFICADA_PREGRADO_2026.csv 2.bak_20260623_144927	.bak_20260623_144927	619	2026-06-23T14:46:39-04:00	TRACKED_OR_UNMODIFIED	código legacy o resultado histórico	NO_DETERMINADO	Inventario por ruta y metadatos; no inspecciona registros personales.
archive/analisis_mu2026_invalidado_20260623_172936/repo/resultados/auditoria_multicodcli_reconstruida_2026/cierre_34_multivigentes_sies_20260623/CIERRE_34_MULTIVIGENTES_SIES_AUDITABLE.xlsx 2.bak_20260623_144927	CIERRE_34_MULTIVIGENTES_SIES_AUDITABLE.xlsx 2.bak_20260623_144927	.bak_20260623_144927	5591044	2026-06-23T14:48:52-04:00	TRACKED_OR_UNMODIFIED	código legacy o resultado histórico	NO_DETERMINADO	Inventario por ruta y metadatos; no inspecciona registros personales.
archive/analisis_mu2026_invalidado_20260623_172936/repo/resultados/auditoria_multicodcli_reconstruida_2026/cierre_34_multivigentes_sies_20260623/RESUMEN_EJECUTIVO_CIERRE_34_MULTIVIGENTES_SIES 2.xlsx	RESUMEN_EJECUTIVO_CIERRE_34_MULTIVIGENTES_SIES 2.xlsx	.xlsx	8384	2026-06-23T14:51:53-04:00	TRACKED_OR_UNMODIFIED	código legacy o resultado histórico	SI	Inventario por ruta y metadatos; no inspecciona registros personales.
archive/analisis_mu2026_invalidado_20260623_172936/repo/resultados/auditoria_multicodcli_reconstruida_2026/cierre_34_multivigentes_sies_20260623/CUERPO_CORREO_RECTORIA_RECTIFICACION_MU2026 2.txt	CUERPO_CORREO_RECTORIA_RECTIFICACION_MU2026 2.txt	.txt	1534	2026-06-23T14:51:53-04:00	TRACKED_OR_UNMODIFIED	código legacy o resultado histórico	NO_DETERMINADO	Inventario por ruta y metadatos; no inspecciona registros personales.
archive/analisis_mu2026_invalidado_20260623_172936/repo/resultados/auditoria_multicodcli_reconstruida_2026/cierre_34_multivigentes_sies_20260623/RECTIFICACION_MATRICULA_UNIFICADA_PREGRADO_2026_CON_ENCABEZADOS.xlsx 2.bak_20260623_144436	RECTIFICACION_MATRICULA_UNIFICADA_PREGRADO_2026_CON_ENCABEZADOS.xlsx 2.bak_20260623_144436	.bak_20260623_144436	8281	2026-06-23T14:10:25-04:00	TRACKED_OR_UNMODIFIED	código legacy o resultado histórico	NO_DETERMINADO	Inventario por ruta y metadatos; no inspecciona registros personales.
archive/analisis_mu2026_invalidado_20260623_172936/repo/resultados/auditoria_multicodcli_reconstruida_2026/cierre_34_multivigentes_sies_20260623/CIERRE_34_MULTIVIGENTES_SIES_AUDITABLE_ANTES_RECALCULO 2.xlsx	CIERRE_34_MULTIVIGENTES_SIES_AUDITABLE_ANTES_RECALCULO 2.xlsx	.xlsx	5676779	2026-06-23T13:13:11-04:00	TRACKED_OR_UNMODIFIED	código legacy o resultado histórico	SI	Inventario por ruta y metadatos; no inspecciona registros personales.
archive/analisis_mu2026_invalidado_20260623_172936/repo/resultados/auditoria_multicodcli_reconstruida_2026/cierre_34_multivigentes_sies_20260623/CIERRE_34_MULTIVIGENTES_SIES_AUDITABLE.xlsx 2.bak_20260623_144539	CIERRE_34_MULTIVIGENTES_SIES_AUDITABLE.xlsx 2.bak_20260623_144539	.bak_20260623_144539	5676908	2026-06-23T14:44:59-04:00	TRACKED_OR_UNMODIFIED	código legacy o resultado histórico	NO_DETERMINADO	Inventario por ruta y metadatos; no inspecciona registros personales.
archive/analisis_mu2026_invalidado_20260623_172936/repo/resultados/auditoria_multicodcli_reconstruida_2026/cierre_34_multivigentes_sies_20260623/REPORTE_TERMINAL_CIERRE_34 2.txt	REPORTE_TERMINAL_CIERRE_34 2.txt	.txt	77341	2026-06-23T10:56:16-04:00	TRACKED_OR_UNMODIFIED	código legacy o resultado histórico	NO_DETERMINADO	Inventario por ruta y metadatos; no inspecciona registros personales.
archive/analisis_mu2026_invalidado_20260623_172936/repo/resultados/auditoria_multicodcli_reconstruida_2026/cierre_34_multivigentes_sies_20260623/RECTIFICACION_MATRICULA_UNIFICADA_PREGRADO_2026_CON_ENCABEZADOS.xlsx 2.bak_20260623_145052	RECTIFICACION_MATRICULA_UNIFICADA_PREGRADO_2026_CON_ENCABEZADOS.xlsx 2.bak_20260623_145052	.bak_20260623_145052	8266	2026-06-23T14:50:28-04:00	TRACKED_OR_UNMODIFIED	código legacy o resultado histórico	NO_DETERMINADO	Inventario por ruta y metadatos; no inspecciona registros personales.
archive/analisis_mu2026_invalidado_20260623_172936/repo/resultados/auditoria_multicodcli_reconstruida_2026/cierre_34_multivigentes_sies_20260623/RECTIFICACION_MATRICULA_UNIFICADA_PREGRADO_2026_CON_ENCABEZADOS.xlsx 2.bak_20260623_144723	RECTIFICACION_MATRICULA_UNIFICADA_PREGRADO_2026_CON_ENCABEZADOS.xlsx 2.bak_20260623_144723	.bak_20260623_144723	8266	2026-06-23T14:46:39-04:00	TRACKED_OR_UNMODIFIED	código legacy o resultado histórico	NO_DETERMINADO	Inventario por ruta y metadatos; no inspecciona registros personales.
archive/analisis_mu2026_invalidado_20260623_172936/repo/resultados/auditoria_multicodcli_reconstruida_2026/cierre_34_multivigentes_sies_20260623/RECTIFICACION_MATRICULA_UNIFICADA_PREGRADO_2026.csv 2.bak_20260623_144539	RECTIFICACION_MATRICULA_UNIFICADA_PREGRADO_2026.csv 2.bak_20260623_144539	.bak_20260623_144539	619	2026-06-23T14:10:25-04:00	TRACKED_OR_UNMODIFIED	código legacy o resultado histórico	NO_DETERMINADO	Inventario por ruta y metadatos; no inspecciona registros personales.
archive/analisis_mu2026_invalidado_20260623_172936/repo/resultados/auditoria_multicodcli_reconstruida_2026/cierre_34_multivigentes_sies_20260623/RESUMEN_EJECUTIVO_CIERRE_34_MULTIVIGENTES_SIES.xlsx 2.bak_20260623_144539	RESUMEN_EJECUTIVO_CIERRE_34_MULTIVIGENTES_SIES.xlsx 2.bak_20260623_144539	.bak_20260623_144539	9412	2026-06-23T13:52:03-04:00	TRACKED_OR_UNMODIFIED	código legacy o resultado histórico	NO_DETERMINADO	Inventario por ruta y metadatos; no inspecciona registros personales.
archive/analisis_mu2026_invalidado_20260623_172936/repo/resultados/auditoria_multicodcli_reconstruida_2026/cierre_34_multivigentes_sies_20260623/CIERRE_34_MULTIVIGENTES_SIES_AUDITABLE.xlsx 2.bak_20260623_132859	CIERRE_34_MULTIVIGENTES_SIES_AUDITABLE.xlsx 2.bak_20260623_132859	.bak_20260623_132859	5590920	2026-06-23T13:23:26-04:00	TRACKED_OR_UNMODIFIED	código legacy o resultado histórico	NO_DETERMINADO	Inventario por ruta y metadatos; no inspecciona registros personales.
archive/analisis_mu2026_invalidado_20260623_172936/repo/scripts/regenerar_paquete_final_rectificacion_mu2026 2.py	regenerar_paquete_final_rectificacion_mu2026 2.py	.py	47586	2026-06-23T14:50:40-04:00	TRACKED_OR_UNMODIFIED	código legacy o resultado histórico	NO_DETERMINADO	Inventario por ruta y metadatos; no inspecciona registros personales.
archive/analisis_mu2026_invalidado_20260623_172936/repo/scripts/generar_cierre_34_multivigentes_sies_auditable 2.py	generar_cierre_34_multivigentes_sies_auditable 2.py	.py	39481	2026-06-23T13:20:44-04:00	TRACKED_OR_UNMODIFIED	código legacy o resultado histórico	NO_DETERMINADO	Inventario por ruta y metadatos; no inspecciona registros personales.
archive/analisis_mu2026_invalidado_20260623_172936/repo/scripts/generar_rectificacion_matricula_unificada_pregrado_2026 2.py	generar_rectificacion_matricula_unificada_pregrado_2026 2.py	.py	38637	2026-06-23T14:09:58-04:00	TRACKED_OR_UNMODIFIED	código legacy o resultado histórico	NO_DETERMINADO	Inventario por ruta y metadatos; no inspecciona registros personales.
archive/analisis_mu2026_invalidado_20260623_172936/repo/scripts/generar_cierre_34_multivigentes_sies_auditable.py 2.bak_20260623_132859	generar_cierre_34_multivigentes_sies_auditable.py 2.bak_20260623_132859	.bak_20260623_132859	39481	2026-06-23T13:20:44-04:00	TRACKED_OR_UNMODIFIED	código legacy o resultado histórico	NO_DETERMINADO	Inventario por ruta y metadatos; no inspecciona registros personales.
archive/analisis_mu2026_invalidado_20260623_172936/repo/scripts/generar_cierre_34_multivigentes_sies_auditable_ANTES_CORRECCION_TIPOS_20260623_132044 2.py	generar_cierre_34_multivigentes_sies_auditable_ANTES_CORRECCION_TIPOS_20260623_132044 2.py	.py	39459	2026-06-23T11:15:18-04:00	TRACKED_OR_UNMODIFIED	código legacy o resultado histórico	NO_DETERMINADO	Inventario por ruta y metadatos; no inspecciona registros personales.
archive/analisis_mu2026_invalidado_20260623_172936/repo/scripts/cierre_34_multivigentes_sies 2.py	cierre_34_multivigentes_sies 2.py	.py	44013	2026-06-23T10:55:56-04:00	TRACKED_OR_UNMODIFIED	código legacy o resultado histórico	NO_DETERMINADO	Inventario por ruta y metadatos; no inspecciona registros personales.
archive/resultados_remediacion/fase3_validacion_sample1000.md	fase3_validacion_sample1000.md	.md	1653	2026-04-01T17:53:11.218826-03:00	TRACKED_OR_UNMODIFIED	código legacy o resultado histórico	NO_DETERMINADO	Inventario por ruta y metadatos; no inspecciona registros personales.
archive/resultados_remediacion/revision_gobernanza_exhaustiva_2026-03-31.md	revision_gobernanza_exhaustiva_2026-03-31.md	.md	983	2026-04-01T17:53:11.219096-03:00	TRACKED_OR_UNMODIFIED	código legacy o resultado histórico	NO_DETERMINADO	Inventario por ruta y metadatos; no inspecciona registros personales.
archive/resultados_remediacion/FASE3_REPORTES_TRAZABILIDAD.xlsx	FASE3_REPORTES_TRAZABILIDAD.xlsx	.xlsx	36076	2026-04-01T17:53:11.218250-03:00	TRACKED_OR_UNMODIFIED	código legacy o resultado histórico	SI	Inventario por ruta y metadatos; no inspecciona registros personales.
archive/resultados_remediacion/fase2_2_comparacion_politicas.md	fase2_2_comparacion_politicas.md	.md	1097	2026-04-01T17:53:11.218547-03:00	TRACKED_OR_UNMODIFIED	código legacy o resultado histórico	NO_DETERMINADO	Inventario por ruta y metadatos; no inspecciona registros personales.
resultados/reporte_matricula 2.json	reporte_matricula 2.json	.json	2318	2026-06-26T00:47:07.983238-04:00	TRACKED_OR_UNMODIFIED	resultado histórico o auditoría	NO_DETERMINADO	Inventario por ruta y metadatos; no inspecciona registros personales.
resultados/reconciliacion_66_a_54_postgrado.csv	reconciliacion_66_a_54_postgrado.csv	.csv	22256	2026-05-21T21:57:53.602937-04:00	TRACKED_OR_UNMODIFIED	resultado histórico o auditoría	SI	Inventario por ruta y metadatos; no inspecciona registros personales.
resultados/auditoria_vigencia_0_codcli_mu2026_20260508_225724.csv	auditoria_vigencia_0_codcli_mu2026_20260508_225724.csv	.csv	28294	2026-05-08T22:57:24.084573-04:00	TRACKED_OR_UNMODIFIED	resultado histórico o auditoría	SI	Inventario por ruta y metadatos; no inspecciona registros personales.
resultados/debug_alias_expansion_duracion_objetivo.tsv	debug_alias_expansion_duracion_objetivo.tsv	.tsv	1704	2026-04-22T14:35:55.253103-04:00	TRACKED_OR_UNMODIFIED	resultado histórico o auditoría	SI	Inventario por ruta y metadatos; no inspecciona registros personales.
resultados/debug_trace_compilador_v3 2.txt	debug_trace_compilador_v3 2.txt	.txt	430	2026-04-27T10:32:40-04:00	TRACKED_OR_UNMODIFIED	resultado histórico o auditoría	NO_DETERMINADO	Inventario por ruta y metadatos; no inspecciona registros personales.
resultados/debug_pendientes_sies_resolubles.tsv	debug_pendientes_sies_resolubles.tsv	.tsv	2655594	2026-04-22T11:02:05.313286-04:00	TRACKED_OR_UNMODIFIED	resultado histórico o auditoría	SI	Inventario por ruta y metadatos; no inspecciona registros personales.
resultados/test_ruts_nuevos_mapeos.tsv	test_ruts_nuevos_mapeos.tsv	.tsv	175	2026-04-23T08:23:56.388867-04:00	TRACKED_OR_UNMODIFIED	resultado histórico o auditoría	SI	Inventario por ruta y metadatos; no inspecciona registros personales.
resultados/solo_rut_dv_codigo_sies_final.tsv	solo_rut_dv_codigo_sies_final.tsv	.tsv	124330	2026-04-23T08:31:03.129649-04:00	TRACKED_OR_UNMODIFIED	resultado histórico o auditoría	SI	Inventario por ruta y metadatos; no inspecciona registros personales.
resultados/reporte_validacion.json	reporte_validacion.json	.json	1376	2026-06-26T00:47:07.985339-04:00	TRACKED_OR_UNMODIFIED	resultado histórico o auditoría	NO_DETERMINADO	Inventario por ruta y metadatos; no inspecciona registros personales.
resultados/auditoria_exclusiones_pes_ready_20260508_230900.csv	auditoria_exclusiones_pes_ready_20260508_230900.csv	.csv	7261	2026-05-08T23:09:00.486238-04:00	TRACKED_OR_UNMODIFIED	resultado histórico o auditoría	SI	Inventario por ruta y metadatos; no inspecciona registros personales.
resultados/AUDITORIA_TOTAL_BASE_RUT_CODCLI_EXCLUSIONES_2026P1_20260507_220526.csv	AUDITORIA_TOTAL_BASE_RUT_CODCLI_EXCLUSIONES_2026P1_20260507_220526.csv	.csv	253486	2026-05-07T22:06:01.880432-04:00	TRACKED_OR_UNMODIFIED	resultado histórico o auditoría	SI	Inventario por ruta y metadatos; no inspecciona registros personales.
resultados/revision_post_patch_sies_remanentes.tsv	revision_post_patch_sies_remanentes.tsv	.tsv	12509	2026-04-22T12:33:03.424817-04:00	TRACKED_OR_UNMODIFIED	resultado histórico o auditoría	SI	Inventario por ruta y metadatos; no inspecciona registros personales.
resultados/sies_ambiguedad_diagnostico.csv	sies_ambiguedad_diagnostico.csv	.csv	1193	2026-05-08T23:09:02.642617-04:00	TRACKED_OR_UNMODIFIED	resultado histórico o auditoría	SI	Inventario por ruta y metadatos; no inspecciona registros personales.
resultados/checklist_terminal_carreras_mu2026_20260508_230116.csv	checklist_terminal_carreras_mu2026_20260508_230116.csv	.csv	2001	2026-05-08T23:01:16.918981-04:00	TRACKED_OR_UNMODIFIED	resultado histórico o auditoría	SI	Inventario por ruta y metadatos; no inspecciona registros personales.
resultados/AUDITORIA_TOTAL_BASE_RUT_CODCLI_EXCLUSIONES_2026P1_20260507_220526.xlsx	AUDITORIA_TOTAL_BASE_RUT_CODCLI_EXCLUSIONES_2026P1_20260507_220526.xlsx	.xlsx	1990277	2026-05-07T22:06:01.867249-04:00	TRACKED_OR_UNMODIFIED	resultado histórico o auditoría	SI	Inventario por ruta y metadatos; no inspecciona registros personales.
resultados/auditoria_multi_codcli_decision_final.xlsx	auditoria_multi_codcli_decision_final.xlsx	.xlsx	14376	2026-05-08T23:39:41.819933-04:00	TRACKED_OR_UNMODIFIED	resultado histórico o auditoría	SI	Inventario por ruta y metadatos; no inspecciona registros personales.
resultados/sies_codcarr_sin_mapeo.csv	sies_codcarr_sin_mapeo.csv	.csv	22	2026-05-08T23:09:02.643118-04:00	TRACKED_OR_UNMODIFIED	resultado histórico o auditoría	SI	Inventario por ruta y metadatos; no inspecciona registros personales.
resultados/matricula_unificada_2026_pregrado_PES_READY.csv	matricula_unificada_2026_pregrado_PES_READY.csv	.csv	508017	2026-05-08T23:09:00.480195-04:00	TRACKED_OR_UNMODIFIED	resultado histórico o auditoría	SI	Inventario por ruta y metadatos; no inspecciona registros personales.
resultados/trazabilidad_matricula_unificada_2026_postgrado_postitulo_bkp_20260521_213650.tsv	trazabilidad_matricula_unificada_2026_postgrado_postitulo_bkp_20260521_213650.tsv	.tsv	207652	2026-05-08T09:23:18.098914-04:00	TRACKED_OR_UNMODIFIED	resultado histórico o auditoría	SI	Inventario por ruta y metadatos; no inspecciona registros personales.
resultados/matricula_unificada_2026_postgrado_postitulo_control_bkp_20260521_213650.csv	matricula_unificada_2026_postgrado_postitulo_control_bkp_20260521_213650.csv	.csv	12241	2026-05-08T09:23:18.187309-04:00	TRACKED_OR_UNMODIFIED	resultado histórico o auditoría	SI	Inventario por ruta y metadatos; no inspecciona registros personales.
resultados/debug_oferta_c3_j4.tsv	debug_oferta_c3_j4.tsv	.tsv	194	2026-04-22T12:44:55.396499-04:00	TRACKED_OR_UNMODIFIED	resultado histórico o auditoría	SI	Inventario por ruta y metadatos; no inspecciona registros personales.
resultados/matricula_unificada_2026_pregrado.csv	matricula_unificada_2026_pregrado.csv	.csv	513582	2026-05-08T23:09:00.261820-04:00	TRACKED_OR_UNMODIFIED	resultado histórico o auditoría	SI	Inventario por ruta y metadatos; no inspecciona registros personales.
resultados/reporte_procedencia.csv	reporte_procedencia.csv	.csv	4606	2026-05-08T23:09:02.772053-04:00	TRACKED_OR_UNMODIFIED	resultado histórico o auditoría	SI	Inventario por ruta y metadatos; no inspecciona registros personales.
resultados/auditoria_reconstruccion_95_codcli_para_subir.csv	auditoria_reconstruccion_95_codcli_para_subir.csv	.csv	101682	2026-05-08T23:50:20.950978-04:00	TRACKED_OR_UNMODIFIED	resultado histórico o auditoría	SI	Inventario por ruta y metadatos; no inspecciona registros personales.
resultados/auditoria_maestra 2.md	auditoria_maestra 2.md	.md	16496	2026-06-26T00:47:07.979769-04:00	TRACKED_OR_UNMODIFIED	resultado histórico o auditoría	NO_DETERMINADO	Inventario por ruta y metadatos; no inspecciona registros personales.
resultados/matricula_unificada_2026_postgrado_postitulo_PES_READY_bkp_20260515_085742.csv	matricula_unificada_2026_postgrado_postitulo_PES_READY_bkp_20260515_085742.csv	.csv	5030	2026-05-08T09:23:18.187822-04:00	TRACKED_OR_UNMODIFIED	resultado histórico o auditoría	SI	Inventario por ruta y metadatos; no inspecciona registros personales.
resultados/debug_origen_version_remanentes.tsv	debug_origen_version_remanentes.tsv	.tsv	12546	2026-04-22T12:37:31.130452-04:00	TRACKED_OR_UNMODIFIED	resultado histórico o auditoría	SI	Inventario por ruta y metadatos; no inspecciona registros personales.
resultados/.DS_Store	.DS_Store		32772	2026-06-25T22:53:27.407486-04:00	TRACKED_OR_UNMODIFIED	resultado histórico o auditoría	NO_DETERMINADO	Inventario por ruta y metadatos; no inspecciona registros personales.
resultados/simulacion_reparacion_sies_resueltos.tsv	simulacion_reparacion_sies_resueltos.tsv	.tsv	2593082	2026-04-22T11:50:50.963537-04:00	TRACKED_OR_UNMODIFIED	resultado histórico o auditoría	SI	Inventario por ruta y metadatos; no inspecciona registros personales.
resultados/debug_revision_version_remanentes_detalle.tsv	debug_revision_version_remanentes_detalle.tsv	.tsv	12468	2026-04-22T12:40:18.241040-04:00	TRACKED_OR_UNMODIFIED	resultado histórico o auditoría	SI	Inventario por ruta y metadatos; no inspecciona registros personales.
resultados/EXCLUSIONES_PROVISORIAS_RUT_MULTI_CODCLI.tsv	EXCLUSIONES_PROVISORIAS_RUT_MULTI_CODCLI.tsv	.tsv	11345	2026-05-08T23:04:39.319163-04:00	TRACKED_OR_UNMODIFIED	resultado histórico o auditoría	SI	Inventario por ruta y metadatos; no inspecciona registros personales.
resultados/matricula_unificada_2026_postgrado_postitulo_PES_READY_FOR_ING_ACT_MODALIDAD_JOR_CORREGIDO.csv	matricula_unificada_2026_postgrado_postitulo_PES_READY_FOR_ING_ACT_MODALIDAD_JOR_CORREGIDO.csv	.csv	4944	2026-05-21T21:37:01.602571-04:00	TRACKED_OR_UNMODIFIED	resultado histórico o auditoría	SI	Inventario por ruta y metadatos; no inspecciona registros personales.
resultados/matricula_unificada_2026_pregrado 2.csv	matricula_unificada_2026_pregrado 2.csv	.csv	427932	2026-04-23T08:19:01-04:00	TRACKED_OR_UNMODIFIED	resultado histórico o auditoría	SI	Inventario por ruta y metadatos; no inspecciona registros personales.
resultados/auditoria_correcciones_pes_ready_20260508_230116.csv	auditoria_correcciones_pes_ready_20260508_230116.csv	.csv	137703	2026-05-08T23:01:16.651788-04:00	TRACKED_OR_UNMODIFIED	resultado histórico o auditoría	SI	Inventario por ruta y metadatos; no inspecciona registros personales.
resultados/reporte_calidad_semantica 2.json	reporte_calidad_semantica 2.json	.json	586	2026-06-26T00:47:07.981529-04:00	TRACKED_OR_UNMODIFIED	resultado histórico o auditoría	NO_DETERMINADO	Inventario por ruta y metadatos; no inspecciona registros personales.
resultados/auditoria_end_to_end_ruts_no_encontrados_vig0.csv	auditoria_end_to_end_ruts_no_encontrados_vig0.csv	.csv	1272	2026-05-08T23:12:18.213591-04:00	TRACKED_OR_UNMODIFIED	resultado histórico o auditoría	SI	Inventario por ruta y metadatos; no inspecciona registros personales.
resultados/diccionario_columnas 2.md	diccionario_columnas 2.md	.md	2235	2026-06-26T00:47:07.980929-04:00	TRACKED_OR_UNMODIFIED	resultado histórico o auditoría	NO_DETERMINADO	Inventario por ruta y metadatos; no inspecciona registros personales.
resultados/matricula_unificada_2026_postgrado_postitulo_PES_READY_bkp_20260508_092318.csv	matricula_unificada_2026_postgrado_postitulo_PES_READY_bkp_20260508_092318.csv	.csv	5030	2026-05-08T09:08:07.149603-04:00	TRACKED_OR_UNMODIFIED	resultado histórico o auditoría	SI	Inventario por ruta y metadatos; no inspecciona registros personales.
resultados/ULTIMA_MATRICULA_UNIFICADA_CON_TITULOS_20260605_145233.xlsx	ULTIMA_MATRICULA_UNIFICADA_CON_TITULOS_20260605_145233.xlsx	.xlsx	10594	2026-06-05T14:52:33.958755-04:00	TRACKED_OR_UNMODIFIED	resultado histórico o auditoría	SI	Inventario por ruta y metadatos; no inspecciona registros personales.
resultados/matricula_unificada_2026_postgrado_postitulo_excluidos_2026_gobernanza.csv	matricula_unificada_2026_postgrado_postitulo_excluidos_2026_gobernanza.csv	.csv	4364	2026-05-21T21:37:00.758160-04:00	TRACKED_OR_UNMODIFIED	resultado histórico o auditoría	SI	Inventario por ruta y metadatos; no inspecciona registros personales.
resultados/matricula_unificada_2026_pregrado 3.csv	matricula_unificada_2026_pregrado 3.csv	.csv	429307	2026-05-07T11:37:19-04:00	TRACKED_OR_UNMODIFIED	resultado histórico o auditoría	SI	Inventario por ruta y metadatos; no inspecciona registros personales.
resultados/debug_remanentes_puente.tsv	debug_remanentes_puente.tsv	.tsv	2571	2026-04-22T12:35:29.561087-04:00	TRACKED_OR_UNMODIFIED	resultado histórico o auditoría	SI	Inventario por ruta y metadatos; no inspecciona registros personales.
resultados/auditoria_reconstruccion_95_codcli_para_subir.xlsx	auditoria_reconstruccion_95_codcli_para_subir.xlsx	.xlsx	34744	2026-05-08T23:50:21.016623-04:00	TRACKED_OR_UNMODIFIED	resultado histórico o auditoría	SI	Inventario por ruta y metadatos; no inspecciona registros personales.
resultados/revision_post_patch_sies_resumen 2.txt	revision_post_patch_sies_resumen 2.txt	.txt	214	2026-04-27T10:32:40-04:00	TRACKED_OR_UNMODIFIED	resultado histórico o auditoría	NO_DETERMINADO	Inventario por ruta y metadatos; no inspecciona registros personales.
resultados/RUN_STATUS_FIX_FOR2_VS11 2.json	RUN_STATUS_FIX_FOR2_VS11 2.json	.json	2285	2026-06-26T00:47:07.979485-04:00	TRACKED_OR_UNMODIFIED	resultado histórico o auditoría	NO_DETERMINADO	Inventario por ruta y metadatos; no inspecciona registros personales.
resultados/debug_compilador_puente_c3_j4 2.txt	debug_compilador_puente_c3_j4 2.txt	.txt	340	2026-04-27T10:32:40-04:00	TRACKED_OR_UNMODIFIED	resultado histórico o auditoría	NO_DETERMINADO	Inventario por ruta y metadatos; no inspecciona registros personales.
resultados/matricula_unificada_2026_postgrado_postitulo_bkp_20260521_213650.csv	matricula_unificada_2026_postgrado_postitulo_bkp_20260521_213650.csv	.csv	5030	2026-05-08T09:23:18.187822-04:00	TRACKED_OR_UNMODIFIED	resultado histórico o auditoría	SI	Inventario por ruta y metadatos; no inspecciona registros personales.
resultados/carreras_avance_curricular_2025_pes_ready.csv	carreras_avance_curricular_2025_pes_ready.csv	.csv	2590	2026-05-08T23:09:02.616860-04:00	TRACKED_OR_UNMODIFIED	resultado histórico o auditoría	SI	Inventario por ruta y metadatos; no inspecciona registros personales.
resultados/cierre_auditable_v3_duracion.tsv	cierre_auditable_v3_duracion.tsv	.tsv	347	2026-04-22T14:40:26.445349-04:00	TRACKED_OR_UNMODIFIED	resultado histórico o auditoría	SI	Inventario por ruta y metadatos; no inspecciona registros personales.
resultados/matricula_unificada_2026_postgrado_postitulo_excluidos_2026_gobernanza_bkp_20260521_213650.csv	matricula_unificada_2026_postgrado_postitulo_excluidos_2026_gobernanza_bkp_20260521_213650.csv	.csv	4105	2026-05-15T08:57:42.636385-04:00	TRACKED_OR_UNMODIFIED	resultado histórico o auditoría	SI	Inventario por ruta y metadatos; no inspecciona registros personales.
resultados/matricula_unificada_2026_postgrado_postitulo_PES_READY_bkp_20260521_213650.csv	matricula_unificada_2026_postgrado_postitulo_PES_READY_bkp_20260521_213650.csv	.csv	5030	2026-05-08T09:23:18.187822-04:00	TRACKED_OR_UNMODIFIED	resultado histórico o auditoría	SI	Inventario por ruta y metadatos; no inspecciona registros personales.
resultados/auditoria_maestra.md	auditoria_maestra.md	.md	16679	2026-06-26T00:47:07.980337-04:00	TRACKED_OR_UNMODIFIED	resultado histórico o auditoría	NO_DETERMINADO	Inventario por ruta y metadatos; no inspecciona registros personales.
resultados/ruts_reales_ambiguos_ok_carga_lista 2.txt	ruts_reales_ambiguos_ok_carga_lista 2.txt	.txt	851	2026-04-27T10:32:40-04:00	TRACKED_OR_UNMODIFIED	resultado histórico o auditoría	NO_DETERMINADO	Inventario por ruta y metadatos; no inspecciona registros personales.
resultados/cierre_auditable_remanentes_runtime.tsv	cierre_auditable_remanentes_runtime.tsv	.tsv	660	2026-04-22T14:40:26.444557-04:00	TRACKED_OR_UNMODIFIED	resultado histórico o auditoría	SI	Inventario por ruta y metadatos; no inspecciona registros personales.
resultados/archivo_listo_para_sies 3.xlsx	archivo_listo_para_sies 3.xlsx	.xlsx	30943608	2026-05-07T11:37:19-04:00	TRACKED_OR_UNMODIFIED	resultado histórico o auditoría	SI	Inventario por ruta y metadatos; no inspecciona registros personales.
resultados/matricula_unificada_2026_postgrado_postitulo_PES_READY_bkp_20260508_091648.csv	matricula_unificada_2026_postgrado_postitulo_PES_READY_bkp_20260508_091648.csv	.csv	5030	2026-05-08T09:08:07.149603-04:00	TRACKED_OR_UNMODIFIED	resultado histórico o auditoría	SI	Inventario por ruta y metadatos; no inspecciona registros personales.
resultados/pipeline_error 2.log	pipeline_error 2.log	.log	857	2026-06-26T00:47:07.981232-04:00	TRACKED_OR_UNMODIFIED	resultado histórico o auditoría	NO_DETERMINADO	Inventario por ruta y metadatos; no inspecciona registros personales.
resultados/matricula_unificada_2026_pregrado_CORREGIDA_PES_FINAL_20260507_122446.csv	matricula_unificada_2026_pregrado_CORREGIDA_PES_FINAL_20260507_122446.csv	.csv	429307	2026-05-07T12:24:46.714257-04:00	TRACKED_OR_UNMODIFIED	resultado histórico o auditoría	SI	Inventario por ruta y metadatos; no inspecciona registros personales.
resultados/debug_compilador_duracion_c3_j4.tsv	debug_compilador_duracion_c3_j4.tsv	.tsv	567	2026-04-22T12:48:17.757890-04:00	TRACKED_OR_UNMODIFIED	resultado histórico o auditoría	SI	Inventario por ruta y metadatos; no inspecciona registros personales.
resultados/auditoria_universo_real_postgrado_2026.xlsx	auditoria_universo_real_postgrado_2026.xlsx	.xlsx	60050	2026-05-21T22:10:37.838440-04:00	TRACKED_OR_UNMODIFIED	resultado histórico o auditoría	SI	Inventario por ruta y metadatos; no inspecciona registros personales.
resultados/busqueda_fuente_95_codcli_para_csv_mu2026.xlsx	busqueda_fuente_95_codcli_para_csv_mu2026.xlsx	.xlsx	7305	2026-05-08T23:43:40.442940-04:00	TRACKED_OR_UNMODIFIED	resultado histórico o auditoría	SI	Inventario por ruta y metadatos; no inspecciona registros personales.
resultados/auditoria_multi_codcli_decision_final.csv	auditoria_multi_codcli_decision_final.csv	.csv	29313	2026-05-08T23:39:41.801822-04:00	TRACKED_OR_UNMODIFIED	resultado histórico o auditoría	SI	Inventario por ruta y metadatos; no inspecciona registros personales.
resultados/auditoria_multi_codcli_end_to_end_mu2026.xlsx	auditoria_multi_codcli_end_to_end_mu2026.xlsx	.xlsx	69133	2026-05-08T23:38:05.798077-04:00	TRACKED_OR_UNMODIFIED	resultado histórico o auditoría	SI	Inventario por ruta y metadatos; no inspecciona registros personales.
resultados/RUN_STATUS 2.json	RUN_STATUS 2.json	.json	878	2026-06-26T00:47:07.978956-04:00	TRACKED_OR_UNMODIFIED	resultado histórico o auditoría	NO_DETERMINADO	Inventario por ruta y metadatos; no inspecciona registros personales.
resultados/auditoria_exclusiones_pes_final_20260507_122952.csv	auditoria_exclusiones_pes_final_20260507_122952.csv	.csv	6249	2026-05-07T12:29:52.243567-04:00	TRACKED_OR_UNMODIFIED	resultado histórico o auditoría	SI	Inventario por ruta y metadatos; no inspecciona registros personales.
resultados/reconciliacion_66_a_54_postgrado_bkp_20260521_215748.xlsx	reconciliacion_66_a_54_postgrado_bkp_20260521_215748.xlsx	.xlsx	41829	2026-05-21T21:57:26.933532-04:00	TRACKED_OR_UNMODIFIED	resultado histórico o auditoría	SI	Inventario por ruta y metadatos; no inspecciona registros personales.
resultados/auditoria_multi_codcli_revision_98_casos.csv	auditoria_multi_codcli_revision_98_casos.csv	.csv	24044	2026-05-08T23:38:50.832891-04:00	TRACKED_OR_UNMODIFIED	resultado histórico o auditoría	SI	Inventario por ruta y metadatos; no inspecciona registros personales.
resultados/RUN_STATUS_EXCLUSIONES_MULTI_CARRERA 2.json	RUN_STATUS_EXCLUSIONES_MULTI_CARRERA 2.json	.json	905	2026-06-26T00:47:07.979221-04:00	TRACKED_OR_UNMODIFIED	resultado histórico o auditoría	NO_DETERMINADO	Inventario por ruta y metadatos; no inspecciona registros personales.
resultados/auditoria_universo_real_postgrado_2026_bkp_20260521_221027.xlsx	auditoria_universo_real_postgrado_2026_bkp_20260521_221027.xlsx	.xlsx	51827	2026-05-21T22:08:47.599115-04:00	TRACKED_OR_UNMODIFIED	resultado histórico o auditoría	SI	Inventario por ruta y metadatos; no inspecciona registros personales.
resultados/matricula_unificada_2026_postgrado_postitulo_PES_READY_FOR_ING_ACT_MODALIDAD_JOR_CORREGIDO_bkp_20260521_213650.csv	matricula_unificada_2026_postgrado_postitulo_PES_READY_FOR_ING_ACT_MODALIDAD_JOR_CORREGIDO_bkp_20260521_213650.csv	.csv	5030	2026-05-21T21:03:50.202511-04:00	TRACKED_OR_UNMODIFIED	resultado histórico o auditoría	SI	Inventario por ruta y metadatos; no inspecciona registros personales.
resultados/archivo_listo_para_sies 2.xlsx	archivo_listo_para_sies 2.xlsx	.xlsx	30015346	2026-04-23T08:19:01-04:00	TRACKED_OR_UNMODIFIED	resultado histórico o auditoría	SI	Inventario por ruta y metadatos; no inspecciona registros personales.
resultados/auditoria_correccion_pes_final_20260507_122446.csv	auditoria_correccion_pes_final_20260507_122446.csv	.csv	52658	2026-05-07T12:24:46.718898-04:00	TRACKED_OR_UNMODIFIED	resultado histórico o auditoría	SI	Inventario por ruta y metadatos; no inspecciona registros personales.
resultados/MU2026_CIERRE_AUDITORIA_SUBIDAS_REALIZADAS_4165_TRAZABILIDAD.xlsx	MU2026_CIERRE_AUDITORIA_SUBIDAS_REALIZADAS_4165_TRAZABILIDAD.xlsx	.xlsx	3371502	2026-05-11T13:42:49.376723-04:00	TRACKED_OR_UNMODIFIED	resultado histórico o auditoría	SI	Inventario por ruta y metadatos; no inspecciona registros personales.
resultados/verificacion_exclusiones_pes_ready_20260508_230116.csv	verificacion_exclusiones_pes_ready_20260508_230116.csv	.csv	7025	2026-05-08T23:01:16.714197-04:00	TRACKED_OR_UNMODIFIED	resultado histórico o auditoría	SI	Inventario por ruta y metadatos; no inspecciona registros personales.
resultados/auditoria_ruts_forzados_vigencia_0.csv	auditoria_ruts_forzados_vigencia_0.csv	.csv	34877	2026-05-08T23:09:00.462423-04:00	TRACKED_OR_UNMODIFIED	resultado histórico o auditoría	SI	Inventario por ruta y metadatos; no inspecciona registros personales.
resultados/debug_remanentes_runtime.tsv	debug_remanentes_runtime.tsv	.tsv	12468	2026-04-22T12:35:29.560197-04:00	TRACKED_OR_UNMODIFIED	resultado histórico o auditoría	SI	Inventario por ruta y metadatos; no inspecciona registros personales.
resultados/matricula_unificada_2026_postgrado_postitulo_FOR_ING_ACT_MODALIDAD_JOR_AUDITORIA.xlsx	matricula_unificada_2026_postgrado_postitulo_FOR_ING_ACT_MODALIDAD_JOR_AUDITORIA.xlsx	.xlsx	17879	2026-05-21T21:37:01.658450-04:00	TRACKED_OR_UNMODIFIED	resultado histórico o auditoría	SI	Inventario por ruta y metadatos; no inspecciona registros personales.
resultados/matricula_unificada_2026_postgrado_postitulo_CONTROL_FINAL_bkp_20260508_092318.csv	matricula_unificada_2026_postgrado_postitulo_CONTROL_FINAL_bkp_20260508_092318.csv	.csv	12241	2026-05-08T09:08:07.149287-04:00	TRACKED_OR_UNMODIFIED	resultado histórico o auditoría	SI	Inventario por ruta y metadatos; no inspecciona registros personales.
resultados/debug_duracion_v3.tsv	debug_duracion_v3.tsv	.tsv	251	2026-04-22T12:49:36.540821-04:00	TRACKED_OR_UNMODIFIED	resultado histórico o auditoría	SI	Inventario por ruta y metadatos; no inspecciona registros personales.
resultados/auditoria_correcciones_pes_final_20260507_122952.csv	auditoria_correcciones_pes_final_20260507_122952.csv	.csv	288	2026-05-07T12:29:52.244214-04:00	TRACKED_OR_UNMODIFIED	resultado histórico o auditoría	SI	Inventario por ruta y metadatos; no inspecciona registros personales.
resultados/trazabilidad_matricula_unificada_2026_postgrado_postitulo.tsv	trazabilidad_matricula_unificada_2026_postgrado_postitulo.tsv	.tsv	207700	2026-05-21T21:37:00.757431-04:00	TRACKED_OR_UNMODIFIED	resultado histórico o auditoría	SI	Inventario por ruta y metadatos; no inspecciona registros personales.
resultados/auditoria_universo_real_postgrado_2026.csv	auditoria_universo_real_postgrado_2026.csv	.csv	33555	2026-05-21T22:10:37.579128-04:00	TRACKED_OR_UNMODIFIED	resultado histórico o auditoría	SI	Inventario por ruta y metadatos; no inspecciona registros personales.
resultados/reporte_validacion 2.json	reporte_validacion 2.json	.json	1376	2026-06-26T00:47:07.985064-04:00	TRACKED_OR_UNMODIFIED	resultado histórico o auditoría	NO_DETERMINADO	Inventario por ruta y metadatos; no inspecciona registros personales.
resultados/c1_yz_observadas_cuadro5_2026.tsv	c1_yz_observadas_cuadro5_2026.tsv	.tsv	171777	2026-04-19T19:27:26.798790-04:00	TRACKED_OR_UNMODIFIED	resultado histórico o auditoría	SI	Inventario por ruta y metadatos; no inspecciona registros personales.
resultados/MATRICULA_UNIFICADA_PREGRADO_CONGELADO_4070_CON_ENCABEZADOS_20260605_150127.xlsx	MATRICULA_UNIFICADA_PREGRADO_CONGELADO_4070_CON_ENCABEZADOS_20260605_150127.xlsx	.xlsx	565600	2026-06-05T15:01:28.484178-04:00	TRACKED_OR_UNMODIFIED	resultado histórico o auditoría	SI	Inventario por ruta y metadatos; no inspecciona registros personales.
resultados/no_clasificado_cuadro5_2026.tsv	no_clasificado_cuadro5_2026.tsv	.tsv	346	2026-04-19T19:20:48.404777-04:00	TRACKED_OR_UNMODIFIED	resultado histórico o auditoría	SI	Inventario por ruta y metadatos; no inspecciona registros personales.
resultados/matricula_unificada_2026_oficial.xlsx	matricula_unificada_2026_oficial.xlsx	.xlsx	571862	2026-05-08T23:09:02.611441-04:00	TRACKED_OR_UNMODIFIED	resultado histórico o auditoría	SI	Inventario por ruta y metadatos; no inspecciona registros personales.
resultados/faltantes_reconstruccion_95_codcli_para_subir.csv	faltantes_reconstruccion_95_codcli_para_subir.csv	.csv	136	2026-05-08T23:48:41.259001-04:00	TRACKED_OR_UNMODIFIED	resultado histórico o auditoría	SI	Inventario por ruta y metadatos; no inspecciona registros personales.
resultados/archivo_listo_para_sies.xlsx	archivo_listo_para_sies.xlsx	.xlsx	33022172	2026-05-08T23:09:00.177468-04:00	TRACKED_OR_UNMODIFIED	resultado histórico o auditoría	SI	Inventario por ruta y metadatos; no inspecciona registros personales.
resultados/matricula_unificada_2026_postgrado_postitulo_CONTROL_FINAL_bkp_20260515_085742.csv	matricula_unificada_2026_postgrado_postitulo_CONTROL_FINAL_bkp_20260515_085742.csv	.csv	12241	2026-05-08T09:23:18.187309-04:00	TRACKED_OR_UNMODIFIED	resultado histórico o auditoría	SI	Inventario por ruta y metadatos; no inspecciona registros personales.
resultados/test_ruts_nuevos_mapeos_resumen 2.txt	test_ruts_nuevos_mapeos_resumen 2.txt	.txt	4058	2026-04-27T10:32:40-04:00	TRACKED_OR_UNMODIFIED	resultado histórico o auditoría	NO_DETERMINADO	Inventario por ruta y metadatos; no inspecciona registros personales.
resultados/reporte_patch_sit_fon_sol.json	reporte_patch_sit_fon_sol.json	.json	980	2026-06-26T00:47:07.984815-04:00	TRACKED_OR_UNMODIFIED	resultado histórico o auditoría	NO_DETERMINADO	Inventario por ruta y metadatos; no inspecciona registros personales.
resultados/VERIFICACION_ESTUDIANTES_EXCLUIDOS_PES_READY_20260507_130534.xlsx	VERIFICACION_ESTUDIANTES_EXCLUIDOS_PES_READY_20260507_130534.xlsx	.xlsx	183025	2026-05-07T13:05:35.307423-04:00	TRACKED_OR_UNMODIFIED	resultado histórico o auditoría	SI	Inventario por ruta y metadatos; no inspecciona registros personales.
resultados/auditoria_consolidacion_codcli.tsv	auditoria_consolidacion_codcli.tsv	.tsv	3333652	2026-05-08T23:09:00.651236-04:00	TRACKED_OR_UNMODIFIED	resultado histórico o auditoría	SI	Inventario por ruta y metadatos; no inspecciona registros personales.
resultados/RUN_STATUS_EXCLUSIONES_MULTI_CARRERA.json	RUN_STATUS_EXCLUSIONES_MULTI_CARRERA.json	.json	905	2026-04-09T09:07:14.540238-04:00	TRACKED_OR_UNMODIFIED	resultado histórico o auditoría	NO_DETERMINADO	Inventario por ruta y metadatos; no inspecciona registros personales.
resultados/debug_pendientes_sies_no_resolubles.tsv	debug_pendientes_sies_no_resolubles.tsv	.tsv	12812	2026-04-22T11:02:05.318807-04:00	TRACKED_OR_UNMODIFIED	resultado histórico o auditoría	SI	Inventario por ruta y metadatos; no inspecciona registros personales.
resultados/auditoria_correccion_pes_20260507_122114.csv	auditoria_correccion_pes_20260507_122114.csv	.csv	404795	2026-05-07T12:21:14.804000-04:00	TRACKED_OR_UNMODIFIED	resultado histórico o auditoría	SI	Inventario por ruta y metadatos; no inspecciona registros personales.
resultados/verificacion_exclusiones_pes_ready_20260508_230900.csv	verificacion_exclusiones_pes_ready_20260508_230900.csv	.csv	7025	2026-05-08T23:09:00.553679-04:00	TRACKED_OR_UNMODIFIED	resultado histórico o auditoría	SI	Inventario por ruta y metadatos; no inspecciona registros personales.
resultados/matricula_unificada_2026_control.csv	matricula_unificada_2026_control.csv	.csv	513909	2026-05-08T23:09:01.412272-04:00	TRACKED_OR_UNMODIFIED	resultado histórico o auditoría	SI	Inventario por ruta y metadatos; no inspecciona registros personales.
resultados/CODCLI_EXCLUIDOS_UNICOS_AUDITORIA_RUT_CODCLI_2026P1_20260507_223158.csv	CODCLI_EXCLUIDOS_UNICOS_AUDITORIA_RUT_CODCLI_2026P1_20260507_223158.csv	.csv	24768	2026-05-07T22:32:54.855812-04:00	TRACKED_OR_UNMODIFIED	resultado histórico o auditoría	SI	Inventario por ruta y metadatos; no inspecciona registros personales.
resultados/matricula_unificada_2026_REINCORPORAR_95_CODCLI_PARA_SUBIR.csv	matricula_unificada_2026_REINCORPORAR_95_CODCLI_PARA_SUBIR.csv	.csv	11594	2026-05-08T23:50:21.025025-04:00	TRACKED_OR_UNMODIFIED	resultado histórico o auditoría	SI	Inventario por ruta y metadatos; no inspecciona registros personales.
resultados/comparacion_versiones 2.md	comparacion_versiones 2.md	.md	872	2026-06-26T00:47:07.980615-04:00	TRACKED_OR_UNMODIFIED	resultado histórico o auditoría	NO_DETERMINADO	Inventario por ruta y metadatos; no inspecciona registros personales.
resultados/auditoria_riesgo_no_subir_95_codcli.xlsx	auditoria_riesgo_no_subir_95_codcli.xlsx	.xlsx	11346	2026-05-08T23:54:37.453091-04:00	TRACKED_OR_UNMODIFIED	resultado histórico o auditoría	SI	Inventario por ruta y metadatos; no inspecciona registros personales.
resultados/reporte_matricula.json	reporte_matricula.json	.json	4865	2026-06-26T00:47:07.984305-04:00	TRACKED_OR_UNMODIFIED	resultado histórico o auditoría	NO_DETERMINADO	Inventario por ruta y metadatos; no inspecciona registros personales.
resultados/auditoria_multi_codcli_revision_98_casos.xlsx	auditoria_multi_codcli_revision_98_casos.xlsx	.xlsx	15167	2026-05-08T23:38:50.933073-04:00	TRACKED_OR_UNMODIFIED	resultado histórico o auditoría	SI	Inventario por ruta y metadatos; no inspecciona registros personales.
resultados/RUN_STATUS_FIX_FOR2_VS11.json	RUN_STATUS_FIX_FOR2_VS11.json	.json	2285	2026-04-09T09:07:14.542431-04:00	TRACKED_OR_UNMODIFIED	resultado histórico o auditoría	NO_DETERMINADO	Inventario por ruta y metadatos; no inspecciona registros personales.
resultados/comparacion_versiones.md	comparacion_versiones.md	.md	872	2026-05-08T23:09:02.809135-04:00	TRACKED_OR_UNMODIFIED	resultado histórico o auditoría	NO_DETERMINADO	Inventario por ruta y metadatos; no inspecciona registros personales.
resultados/diccionario_columnas.md	diccionario_columnas.md	.md	2235	2026-05-08T23:09:02.809485-04:00	TRACKED_OR_UNMODIFIED	resultado histórico o auditoría	NO_DETERMINADO	Inventario por ruta y metadatos; no inspecciona registros personales.
resultados/auditoria_multi_codcli_end_to_end_mu2026.csv	auditoria_multi_codcli_end_to_end_mu2026.csv	.csv	39701	2026-05-08T23:38:05.661063-04:00	TRACKED_OR_UNMODIFIED	resultado histórico o auditoría	SI	Inventario por ruta y metadatos; no inspecciona registros personales.
resultados/revision_post_patch_sies_ruts_muestra.tsv	revision_post_patch_sies_ruts_muestra.tsv	.tsv	505923	2026-04-22T12:33:03.498634-04:00	TRACKED_OR_UNMODIFIED	resultado histórico o auditoría	SI	Inventario por ruta y metadatos; no inspecciona registros personales.
resultados/reconciliacion_66_a_54_postgrado.xlsx	reconciliacion_66_a_54_postgrado.xlsx	.xlsx	41830	2026-05-21T21:57:53.600889-04:00	TRACKED_OR_UNMODIFIED	resultado histórico o auditoría	SI	Inventario por ruta y metadatos; no inspecciona registros personales.
resultados/matricula_unificada_2026_pregrado_CORREGIDA_PES_20260507_122114.csv	matricula_unificada_2026_pregrado_CORREGIDA_PES_20260507_122114.csv	.csv	429307	2026-05-07T12:21:14.787488-04:00	TRACKED_OR_UNMODIFIED	resultado histórico o auditoría	SI	Inventario por ruta y metadatos; no inspecciona registros personales.
resultados/matricula_unificada_2026_postgrado_postitulo.csv	matricula_unificada_2026_postgrado_postitulo.csv	.csv	4944	2026-05-21T21:37:00.751078-04:00	TRACKED_OR_UNMODIFIED	resultado histórico o auditoría	SI	Inventario por ruta y metadatos; no inspecciona registros personales.
resultados/ruts_reales_ambiguos_ok_carga.tsv	ruts_reales_ambiguos_ok_carga.tsv	.tsv	8857	2026-04-22T11:58:26.297752-04:00	TRACKED_OR_UNMODIFIED	resultado histórico o auditoría	SI	Inventario por ruta y metadatos; no inspecciona registros personales.
resultados/auditoria_puente_sies_clasificacion_ambiguos.tsv	auditoria_puente_sies_clasificacion_ambiguos.tsv	.tsv	28247	2026-04-22T10:32:24.005128-04:00	TRACKED_OR_UNMODIFIED	resultado histórico o auditoría	SI	Inventario por ruta y metadatos; no inspecciona registros personales.
resultados/checklist_terminal_carreras_mu2026_20260508_230900.csv	checklist_terminal_carreras_mu2026_20260508_230900.csv	.csv	2001	2026-05-08T23:09:00.765250-04:00	TRACKED_OR_UNMODIFIED	resultado histórico o auditoría	SI	Inventario por ruta y metadatos; no inspecciona registros personales.
resultados/MU2026_CIERRE_AUDITORIA_SUBIDAS_REALIZADAS_4165_TRAZABILIDAD_RESUMEN 2.md	MU2026_CIERRE_AUDITORIA_SUBIDAS_REALIZADAS_4165_TRAZABILIDAD_RESUMEN 2.md	.md	2927	2026-05-11T13:42:49-04:00	TRACKED_OR_UNMODIFIED	resultado histórico o auditoría	NO_DETERMINADO	Inventario por ruta y metadatos; no inspecciona registros personales.
resultados/matricula_unificada_2026_pregrado_CORREGIDA_PES_FINAL_SIN_RECHAZOS_20260507_122952.csv	matricula_unificada_2026_pregrado_CORREGIDA_PES_FINAL_SIN_RECHAZOS_20260507_122952.csv	.csv	424357	2026-05-07T12:29:52.260175-04:00	TRACKED_OR_UNMODIFIED	resultado histórico o auditoría	SI	Inventario por ruta y metadatos; no inspecciona registros personales.
resultados/pipeline_error.log	pipeline_error.log	.log	857	2026-04-09T09:07:14.548984-04:00	TRACKED_OR_UNMODIFIED	resultado histórico o auditoría	NO_DETERMINADO	Inventario por ruta y metadatos; no inspecciona registros personales.
resultados/matricula_avance_curricular_2025_pes_ready.csv	matricula_avance_curricular_2025_pes_ready.csv	.csv	274202	2026-05-08T23:09:02.641756-04:00	TRACKED_OR_UNMODIFIED	resultado histórico o auditoría	SI	Inventario por ruta y metadatos; no inspecciona registros personales.
resultados/matricula_unificada_2026_postgrado_postitulo_control.csv	matricula_unificada_2026_postgrado_postitulo_control.csv	.csv	12281	2026-05-21T21:37:00.750151-04:00	TRACKED_OR_UNMODIFIED	resultado histórico o auditoría	SI	Inventario por ruta y metadatos; no inspecciona registros personales.
resultados/matricula_unificada_2026_postgrado_postitulo_CON_TITULOS.csv	matricula_unificada_2026_postgrado_postitulo_CON_TITULOS.csv	.csv	5140	2026-05-21T21:37:00.751418-04:00	TRACKED_OR_UNMODIFIED	resultado histórico o auditoría	SI	Inventario por ruta y metadatos; no inspecciona registros personales.
resultados/RUN_STATUS.json	RUN_STATUS.json	.json	878	2026-04-09T09:07:14.539768-04:00	TRACKED_OR_UNMODIFIED	resultado histórico o auditoría	NO_DETERMINADO	Inventario por ruta y metadatos; no inspecciona registros personales.
resultados/auditoria_exclusiones_pes_ready_20260508_230116.csv	auditoria_exclusiones_pes_ready_20260508_230116.csv	.csv	7261	2026-05-08T23:01:16.653157-04:00	TRACKED_OR_UNMODIFIED	resultado histórico o auditoría	SI	Inventario por ruta y metadatos; no inspecciona registros personales.
resultados/simulacion_reparacion_sies_pendientes.tsv	simulacion_reparacion_sies_pendientes.tsv	.tsv	12492	2026-04-22T11:50:50.969274-04:00	TRACKED_OR_UNMODIFIED	resultado histórico o auditoría	SI	Inventario por ruta y metadatos; no inspecciona registros personales.
resultados/matricula_unificada_2026_postgrado_postitulo_FOR_ING_ACT_MODALIDAD_JOR_AUDITORIA_bkp_20260521_213650.xlsx	matricula_unificada_2026_postgrado_postitulo_FOR_ING_ACT_MODALIDAD_JOR_AUDITORIA_bkp_20260521_213650.xlsx	.xlsx	18017	2026-05-21T21:03:50.261579-04:00	TRACKED_OR_UNMODIFIED	resultado histórico o auditoría	SI	Inventario por ruta y metadatos; no inspecciona registros personales.
resultados/auditoria_confirmacion_vigencia_real_95_codcli.xlsx	auditoria_confirmacion_vigencia_real_95_codcli.xlsx	.xlsx	20202	2026-05-08T23:46:42.211889-04:00	TRACKED_OR_UNMODIFIED	resultado histórico o auditoría	SI	Inventario por ruta y metadatos; no inspecciona registros personales.
resultados/nomina_codcli_vigentes_a_reincorporar_mu2026.csv	nomina_codcli_vigentes_a_reincorporar_mu2026.csv	.csv	24342	2026-05-08T23:40:43.960310-04:00	TRACKED_OR_UNMODIFIED	resultado histórico o auditoría	SI	Inventario por ruta y metadatos; no inspecciona registros personales.
resultados/auditoria_confirmacion_vigencia_real_95_codcli.csv	auditoria_confirmacion_vigencia_real_95_codcli.csv	.csv	34029	2026-05-08T23:46:42.182279-04:00	TRACKED_OR_UNMODIFIED	resultado histórico o auditoría	SI	Inventario por ruta y metadatos; no inspecciona registros personales.
resultados/reporte_for_ing_act.json	reporte_for_ing_act.json	.json	985	2026-06-26T00:47:07.982553-04:00	TRACKED_OR_UNMODIFIED	resultado histórico o auditoría	NO_DETERMINADO	Inventario por ruta y metadatos; no inspecciona registros personales.
resultados/MATRICULA_UNIFICADA_PREGRADO_CON_ENCABEZADOS_20260605_145918.xlsx	MATRICULA_UNIFICADA_PREGRADO_CON_ENCABEZADOS_20260605_145918.xlsx	.xlsx	848633	2026-06-05T14:59:19.798195-04:00	TRACKED_OR_UNMODIFIED	resultado histórico o auditoría	SI	Inventario por ruta y metadatos; no inspecciona registros personales.
resultados/test_ruts_reparacion_sies.tsv	test_ruts_reparacion_sies.tsv	.tsv	499740	2026-04-22T12:00:42.179376-04:00	TRACKED_OR_UNMODIFIED	resultado histórico o auditoría	SI	Inventario por ruta y metadatos; no inspecciona registros personales.
resultados/debug_comparacion_puente_vs_oferta_c3_j4 2.txt	debug_comparacion_puente_vs_oferta_c3_j4 2.txt	.txt	126	2026-04-27T10:32:40-04:00	TRACKED_OR_UNMODIFIED	resultado histórico o auditoría	NO_DETERMINADO	Inventario por ruta y metadatos; no inspecciona registros personales.
resultados/matricula_unificada_2026_postgrado_postitulo_CONTROL_FINAL_bkp_20260508_091648.csv	matricula_unificada_2026_postgrado_postitulo_CONTROL_FINAL_bkp_20260508_091648.csv	.csv	12241	2026-05-08T09:08:07.149287-04:00	TRACKED_OR_UNMODIFIED	resultado histórico o auditoría	SI	Inventario por ruta y metadatos; no inspecciona registros personales.
resultados/auditoria_puente_sies_mapa_cruces.tsv	auditoria_puente_sies_mapa_cruces.tsv	.tsv	84701	2026-04-22T10:32:24.003695-04:00	TRACKED_OR_UNMODIFIED	resultado histórico o auditoría	SI	Inventario por ruta y metadatos; no inspecciona registros personales.
resultados/auditoria_vigencia_0_codcli_mu2026_20260508_230520.csv	auditoria_vigencia_0_codcli_mu2026_20260508_230520.csv	.csv	28294	2026-05-08T23:05:20.905382-04:00	TRACKED_OR_UNMODIFIED	resultado histórico o auditoría	SI	Inventario por ruta y metadatos; no inspecciona registros personales.
resultados/debug_compilador_puente_i_etmreol_netmre.tsv	debug_compilador_puente_i_etmreol_netmre.tsv	.tsv	1591	2026-04-22T12:48:17.761317-04:00	TRACKED_OR_UNMODIFIED	resultado histórico o auditoría	SI	Inventario por ruta y metadatos; no inspecciona registros personales.
resultados/debug_alias_expansion_duracion.tsv	debug_alias_expansion_duracion.tsv	.tsv	3044	2026-04-22T14:35:55.249897-04:00	TRACKED_OR_UNMODIFIED	resultado histórico o auditoría	SI	Inventario por ruta y metadatos; no inspecciona registros personales.
resultados/auditoria_correcciones_pes_ready_20260508_230900.csv	auditoria_correcciones_pes_ready_20260508_230900.csv	.csv	137703	2026-05-08T23:09:00.485132-04:00	TRACKED_OR_UNMODIFIED	resultado histórico o auditoría	SI	Inventario por ruta y metadatos; no inspecciona registros personales.
resultados/nomina_codcli_vigentes_a_reincorporar_mu2026.xlsx	nomina_codcli_vigentes_a_reincorporar_mu2026.xlsx	.xlsx	10110	2026-05-08T23:40:44.055573-04:00	TRACKED_OR_UNMODIFIED	resultado histórico o auditoría	SI	Inventario por ruta y metadatos; no inspecciona registros personales.
resultados/matricula_unificada_2026_postgrado_postitulo_CON_TITULOS_bkp_20260521_213650.csv	matricula_unificada_2026_postgrado_postitulo_CON_TITULOS_bkp_20260521_213650.csv	.csv	5282	2026-05-21T20:40:31.192950-04:00	TRACKED_OR_UNMODIFIED	resultado histórico o auditoría	SI	Inventario por ruta y metadatos; no inspecciona registros personales.
resultados/solo_rut_dv_codigo_sies_final_resumen 2.txt	solo_rut_dv_codigo_sies_final_resumen 2.txt	.txt	191233	2026-04-27T10:32:40-04:00	TRACKED_OR_UNMODIFIED	resultado histórico o auditoría	NO_DETERMINADO	Inventario por ruta y metadatos; no inspecciona registros personales.
resultados/matricula_unificada_2026_postgrado_postitulo_CONTROL_FINAL.csv	matricula_unificada_2026_postgrado_postitulo_CONTROL_FINAL.csv	.csv	12281	2026-05-21T21:37:00.749277-04:00	TRACKED_OR_UNMODIFIED	resultado histórico o auditoría	SI	Inventario por ruta y metadatos; no inspecciona registros personales.
resultados/reporte_calidad_semantica.json	reporte_calidad_semantica.json	.json	586	2026-06-26T00:47:07.982071-04:00	TRACKED_OR_UNMODIFIED	resultado histórico o auditoría	NO_DETERMINADO	Inventario por ruta y metadatos; no inspecciona registros personales.
resultados/matricula_unificada_2026_postgrado_postitulo_CONTROL_FINAL_bkp_20260521_213650.csv	matricula_unificada_2026_postgrado_postitulo_CONTROL_FINAL_bkp_20260521_213650.csv	.csv	12241	2026-05-08T09:23:18.187309-04:00	TRACKED_OR_UNMODIFIED	resultado histórico o auditoría	SI	Inventario por ruta y metadatos; no inspecciona registros personales.
resultados/simulacion_reparacion_sies_resumen 2.txt	simulacion_reparacion_sies_resumen 2.txt	.txt	294	2026-04-27T10:32:40-04:00	TRACKED_OR_UNMODIFIED	resultado histórico o auditoría	NO_DETERMINADO	Inventario por ruta y metadatos; no inspecciona registros personales.
resultados/matricula_avance_curricular_2025_control.csv	matricula_avance_curricular_2025_control.csv	.csv	279737	2026-05-08T23:09:02.630012-04:00	TRACKED_OR_UNMODIFIED	resultado histórico o auditoría	SI	Inventario por ruta y metadatos; no inspecciona registros personales.
resultados/reconciliacion_66_a_54_postgrado_bkp_20260521_215748.csv	reconciliacion_66_a_54_postgrado_bkp_20260521_215748.csv	.csv	22256	2026-05-21T21:57:26.935641-04:00	TRACKED_OR_UNMODIFIED	resultado histórico o auditoría	SI	Inventario por ruta y metadatos; no inspecciona registros personales.
resultados/matricula_unificada_2026_postgrado_postitulo_PES_READY.csv	matricula_unificada_2026_postgrado_postitulo_PES_READY.csv	.csv	4944	2026-05-21T21:37:00.750679-04:00	TRACKED_OR_UNMODIFIED	resultado histórico o auditoría	SI	Inventario por ruta y metadatos; no inspecciona registros personales.
resultados/carreras_avance_curricular_2025_control.csv	carreras_avance_curricular_2025_control.csv	.csv	3009	2026-05-08T23:09:02.615157-04:00	TRACKED_OR_UNMODIFIED	resultado histórico o auditoría	SI	Inventario por ruta y metadatos; no inspecciona registros personales.
resultados/test_ruts_reparacion_sies_resumen 2.txt	test_ruts_reparacion_sies_resumen 2.txt	.txt	277	2026-04-27T10:32:40-04:00	TRACKED_OR_UNMODIFIED	resultado histórico o auditoría	NO_DETERMINADO	Inventario por ruta y metadatos; no inspecciona registros personales.
resultados/auditoria_universo_real_postgrado_2026_bkp_20260521_221027.csv	auditoria_universo_real_postgrado_2026_bkp_20260521_221027.csv	.csv	33555	2026-05-21T22:08:47.348232-04:00	TRACKED_OR_UNMODIFIED	resultado histórico o auditoría	SI	Inventario por ruta y metadatos; no inspecciona registros personales.
resultados/AUDITORIA_DEPURACION_RUT_CODCLI_2026P1_20260507_223158.xlsx	AUDITORIA_DEPURACION_RUT_CODCLI_2026P1_20260507_223158.xlsx	.xlsx	570225	2026-05-07T22:32:55.981863-04:00	TRACKED_OR_UNMODIFIED	resultado histórico o auditoría	SI	Inventario por ruta y metadatos; no inspecciona registros personales.
resultados/probe_avance_parchado_v2_2026-04-04_fix_recovery/.DS_Store	.DS_Store		10244	2026-06-22T12:42:32.354777-04:00	TRACKED_OR_UNMODIFIED	resultado histórico o auditoría	NO_DETERMINADO	Inventario por ruta y metadatos; no inspecciona registros personales.
resultados/auditoria_rut_<ID_MASKED>/04_comparacion_32_columnas.csv	04_comparacion_32_columnas.csv	.csv	42759	2026-06-18T12:58:39.294411-04:00	TRACKED_OR_UNMODIFIED	resultado histórico o auditoría	SI	Inventario por ruta y metadatos; no inspecciona registros personales.
resultados/auditoria_rut_<ID_MASKED>/03_linea_tiempo_mu32.csv	03_linea_tiempo_mu32.csv	.csv	18477	2026-06-18T12:58:39.293646-04:00	TRACKED_OR_UNMODIFIED	resultado histórico o auditoría	SI	Inventario por ruta y metadatos; no inspecciona registros personales.
resultados/auditoria_rut_<ID_MASKED>/AUDITORIA_END_TO_END_RUT_<ID_MASKED>xlsx	AUDITORIA_END_TO_END_RUT_<ID_MASKED>xlsx	.xlsx	232874	2026-06-18T12:58:39.526350-04:00	TRACKED_OR_UNMODIFIED	resultado histórico o auditoría	SI	Inventario por ruta y metadatos; no inspecciona registros personales.
resultados/auditoria_rut_<ID_MASKED>/01_inventario_archivos.csv	01_inventario_archivos.csv	.csv	17658	2026-06-18T12:58:39.288283-04:00	TRACKED_OR_UNMODIFIED	resultado histórico o auditoría	SI	Inventario por ruta y metadatos; no inspecciona registros personales.
resultados/auditoria_rut_<ID_MASKED>/.DS_Store	.DS_Store		6148	2026-06-22T12:42:32.317334-04:00	TRACKED_OR_UNMODIFIED	resultado histórico o auditoría	NO_DETERMINADO	Inventario por ruta y metadatos; no inspecciona registros personales.
resultados/auditoria_rut_<ID_MASKED>/08_errores_lectura.csv	08_errores_lectura.csv	.csv	434	2026-06-18T12:58:39.306273-04:00	TRACKED_OR_UNMODIFIED	resultado histórico o auditoría	SI	Inventario por ruta y metadatos; no inspecciona registros personales.
resultados/auditoria_rut_<ID_MASKED>/02_todos_los_hallazgos_rut_<ID_MASKED>csv	02_todos_los_hallazgos_rut_<ID_MASKED>csv	.csv	56990	2026-06-18T12:58:39.292470-04:00	TRACKED_OR_UNMODIFIED	resultado histórico o auditoría	SI	Inventario por ruta y metadatos; no inspecciona registros personales.
resultados/auditoria_rut_<ID_MASKED>/07_alertas.csv	07_alertas.csv	.csv	858	2026-06-18T12:58:39.305917-04:00	TRACKED_OR_UNMODIFIED	resultado histórico o auditoría	SI	Inventario por ruta y metadatos; no inspecciona registros personales.
resultados/auditoria_rut_<ID_MASKED>/06_codigo_relacionado.csv	06_codigo_relacionado.csv	.csv	887886	2026-06-18T12:58:39.305282-04:00	TRACKED_OR_UNMODIFIED	resultado histórico o auditoría	SI	Inventario por ruta y metadatos; no inspecciona registros personales.
resultados/auditoria_rut_<ID_MASKED>/05_cambios_entre_etapas.csv	05_cambios_entre_etapas.csv	.csv	34039	2026-06-18T12:58:39.295161-04:00	TRACKED_OR_UNMODIFIED	resultado histórico o auditoría	SI	Inventario por ruta y metadatos; no inspecciona registros personales.
resultados/auditoria_rut_<ID_MASKED>/diagnostico_codcli/DIAGNOSTICO_CODCLI_RUT_<ID_MASKED>xlsx	DIAGNOSTICO_CODCLI_RUT_<ID_MASKED>xlsx	.xlsx	76046	2026-06-18T13:01:27.336217-04:00	TRACKED_OR_UNMODIFIED	resultado histórico o auditoría	SI	Inventario por ruta y metadatos; no inspecciona registros personales.
resultados/auditoria_rut_<ID_MASKED>/fase_fuente/01_FILAS_COMPLETAS_PROMEDIOS_RUT_<ID_MASKED>csv	01_FILAS_COMPLETAS_PROMEDIOS_RUT_<ID_MASKED>csv	.csv	8791	2026-06-18T13:00:10.355410-04:00	TRACKED_OR_UNMODIFIED	resultado histórico o auditoría	SI	Inventario por ruta y metadatos; no inspecciona registros personales.
resultados/auditoria_rut_<ID_MASKED>/fase_fuente/AUDITORIA_FUENTE_RUT_<ID_MASKED>xlsx	AUDITORIA_FUENTE_RUT_<ID_MASKED>xlsx	.xlsx	10997	2026-06-18T13:00:10.375555-04:00	TRACKED_OR_UNMODIFIED	resultado histórico o auditoría	SI	Inventario por ruta y metadatos; no inspecciona registros personales.
resultados/auditoria_error_cruce_95/.DS_Store	.DS_Store		6148	2026-06-22T12:42:32.311674-04:00	TRACKED_OR_UNMODIFIED	resultado histórico o auditoría	NO_DETERMINADO	Inventario por ruta y metadatos; no inspecciona registros personales.
resultados/auditoria_error_cruce_95/fase2_rapida/01_inventario.csv	01_inventario.csv	.csv	770	2026-06-18T12:56:53.928105-04:00	TRACKED_OR_UNMODIFIED	resultado histórico o auditoría	SI	Inventario por ruta y metadatos; no inspecciona registros personales.
resultados/auditoria_error_cruce_95/fase2_rapida/02_cardinalidad_por_rut.csv	02_cardinalidad_por_rut.csv	.csv	22014	2026-06-18T12:56:53.928937-04:00	TRACKED_OR_UNMODIFIED	resultado histórico o auditoría	SI	Inventario por ruta y metadatos; no inspecciona registros personales.
resultados/auditoria_error_cruce_95/fase2_rapida/04_diferencias_columna_por_columna.csv	04_diferencias_columna_por_columna.csv	.csv	24771	2026-06-18T12:56:53.930685-04:00	TRACKED_OR_UNMODIFIED	resultado histórico o auditoría	SI	Inventario por ruta y metadatos; no inspecciona registros personales.
resultados/auditoria_error_cruce_95/fase2_rapida/03_alertas_perdida_matricula.csv	03_alertas_perdida_matricula.csv	.csv	22024	2026-06-18T12:56:53.929871-04:00	TRACKED_OR_UNMODIFIED	resultado histórico o auditoría	SI	Inventario por ruta y metadatos; no inspecciona registros personales.
resultados/auditoria_error_cruce_95/fase2_rapida/05_resumen_por_rut.csv	05_resumen_por_rut.csv	.csv	6793	2026-06-18T12:56:53.931236-04:00	TRACKED_OR_UNMODIFIED	resultado histórico o auditoría	SI	Inventario por ruta y metadatos; no inspecciona registros personales.
resultados/auditoria_error_cruce_95/fase2_rapida/AUDITORIA_RAPIDA_95_RUT.xlsx	AUDITORIA_RAPIDA_95_RUT.xlsx	.xlsx	42108	2026-06-18T12:56:54.218780-04:00	TRACKED_OR_UNMODIFIED	resultado histórico o auditoría	SI	Inventario por ruta y metadatos; no inspecciona registros personales.
resultados/auditoria_error_cruce_95/fase2/01_LOGICA_REAL_SCRIPTS.csv	01_LOGICA_REAL_SCRIPTS.csv	.csv	35	2026-06-18T12:55:54.172407-04:00	TRACKED_OR_UNMODIFIED	resultado histórico o auditoría	SI	Inventario por ruta y metadatos; no inspecciona registros personales.
resultados/auditoria_mu2026_bloque_01_cols_01_10_20260507_115052/resumen_validacion_bloque_01_cols_01_10.csv	resumen_validacion_bloque_01_cols_01_10.csv	.csv	1021	2026-05-07T11:50:52.111787-04:00	TRACKED_OR_UNMODIFIED	resultado histórico o auditoría	SI	Inventario por ruta y metadatos; no inspecciona registros personales.
resultados/auditoria_mu2026_bloque_01_cols_01_10_20260507_115052/perfil_columnas_bloque_01_cols_01_10.csv	perfil_columnas_bloque_01_cols_01_10.csv	.csv	788	2026-05-07T11:50:52.112137-04:00	TRACKED_OR_UNMODIFIED	resultado histórico o auditoría	SI	Inventario por ruta y metadatos; no inspecciona registros personales.
resultados/auditoria_mu2026_bloque_01_cols_01_10_20260507_115052/muestra_50_filas_bloque_01_cols_01_10.csv	muestra_50_filas_bloque_01_cols_01_10.csv	.csv	3204	2026-05-07T11:50:52.112632-04:00	TRACKED_OR_UNMODIFIED	resultado histórico o auditoría	SI	Inventario por ruta y metadatos; no inspecciona registros personales.
resultados/auditoria_end_to_end_bloques_10cols_20260507_114837/matricula_avance_curricular_2025_control__bloque_cols_021_022.csv	matricula_avance_curricular_2025_control__bloque_cols_021_022.csv	.csv	216	2026-05-07T11:48:39.637511-04:00	TRACKED_OR_UNMODIFIED	resultado histórico o auditoría	SI	Inventario por ruta y metadatos; no inspecciona registros personales.
resultados/auditoria_end_to_end_bloques_10cols_20260507_114837/auditoria_consolidacion_codcli__resumen_todas_las_columnas.csv	auditoria_consolidacion_codcli__resumen_todas_las_columnas.csv	.csv	1217	2026-05-07T11:48:40.044099-04:00	TRACKED_OR_UNMODIFIED	resultado histórico o auditoría	SI	Inventario por ruta y metadatos; no inspecciona registros personales.
resultados/auditoria_end_to_end_bloques_10cols_20260507_114837/carreras_avance_curricular_2025_pes_ready__bloque_cols_011_020.csv	carreras_avance_curricular_2025_pes_ready__bloque_cols_011_020.csv	.csv	470	2026-05-07T11:48:39.538319-04:00	TRACKED_OR_UNMODIFIED	resultado histórico o auditoría	SI	Inventario por ruta y metadatos; no inspecciona registros personales.
resultados/auditoria_end_to_end_bloques_10cols_20260507_114837/matricula_unificada_2026_pregrado__bloque_cols_001_001.csv	matricula_unificada_2026_pregrado__bloque_cols_001_001.csv	.csv	887	2026-05-07T11:48:37.850304-04:00	TRACKED_OR_UNMODIFIED	resultado histórico o auditoría	SI	Inventario por ruta y metadatos; no inspecciona registros personales.
resultados/auditoria_end_to_end_bloques_10cols_20260507_114837/carreras_avance_curricular_2025_control__resumen_todas_las_columnas.csv	carreras_avance_curricular_2025_control__resumen_todas_las_columnas.csv	.csv	1095	2026-05-07T11:48:39.525915-04:00	TRACKED_OR_UNMODIFIED	resultado histórico o auditoría	SI	Inventario por ruta y metadatos; no inspecciona registros personales.
resultados/auditoria_end_to_end_bloques_10cols_20260507_114837/carreras_avance_curricular_2025_pes_ready__muestra_20filas_cols_021_021.csv	carreras_avance_curricular_2025_pes_ready__muestra_20filas_cols_021_021.csv	.csv	75	2026-05-07T11:48:39.540869-04:00	TRACKED_OR_UNMODIFIED	resultado histórico o auditoría	SI	Inventario por ruta y metadatos; no inspecciona registros personales.
resultados/auditoria_end_to_end_bloques_10cols_20260507_114837/EXCLUSIONES_PROVISORIAS_RUT_MULTI_CODCLI__bloque_cols_001_007.csv	EXCLUSIONES_PROVISORIAS_RUT_MULTI_CODCLI__bloque_cols_001_007.csv	.csv	935	2026-05-07T11:48:39.743581-04:00	TRACKED_OR_UNMODIFIED	resultado histórico o auditoría	SI	Inventario por ruta y metadatos; no inspecciona registros personales.
resultados/auditoria_end_to_end_bloques_10cols_20260507_114837/matricula_avance_curricular_2025_pes_ready__muestra_20filas_cols_001_010.csv	matricula_avance_curricular_2025_pes_ready__muestra_20filas_cols_001_010.csv	.csv	762	2026-05-07T11:48:39.691666-04:00	TRACKED_OR_UNMODIFIED	resultado histórico o auditoría	SI	Inventario por ruta y metadatos; no inspecciona registros personales.
resultados/auditoria_end_to_end_bloques_10cols_20260507_114837/carreras_avance_curricular_2025_control__bloque_cols_021_022.csv	carreras_avance_curricular_2025_control__bloque_cols_021_022.csv	.csv	185	2026-05-07T11:48:39.525001-04:00	TRACKED_OR_UNMODIFIED	resultado histórico o auditoría	SI	Inventario por ruta y metadatos; no inspecciona registros personales.
resultados/auditoria_end_to_end_bloques_10cols_20260507_114837/matricula_unificada_2026_oficial__muestra_20filas_cols_011_020.csv	matricula_unificada_2026_oficial__muestra_20filas_cols_011_020.csv	.csv	640	2026-05-07T11:48:39.293441-04:00	TRACKED_OR_UNMODIFIED	resultado histórico o auditoría	SI	Inventario por ruta y metadatos; no inspecciona registros personales.
resultados/auditoria_end_to_end_bloques_10cols_20260507_114837/matricula_unificada_2026_control__muestra_20filas_cols_001_010.csv	matricula_unificada_2026_control__muestra_20filas_cols_001_010.csv	.csv	1340	2026-05-07T11:48:39.415315-04:00	TRACKED_OR_UNMODIFIED	resultado histórico o auditoría	SI	Inventario por ruta y metadatos; no inspecciona registros personales.
resultados/auditoria_end_to_end_bloques_10cols_20260507_114837/matricula_avance_curricular_2025_control__muestra_20filas_cols_001_010.csv	matricula_avance_curricular_2025_control__muestra_20filas_cols_001_010.csv	.csv	610	2026-05-07T11:48:39.590581-04:00	TRACKED_OR_UNMODIFIED	resultado histórico o auditoría	SI	Inventario por ruta y metadatos; no inspecciona registros personales.
resultados/auditoria_end_to_end_bloques_10cols_20260507_114837/EXCLUSIONES_PROVISORIAS_RUT_MULTI_CODCLI__resumen_todas_las_columnas.csv	EXCLUSIONES_PROVISORIAS_RUT_MULTI_CODCLI__resumen_todas_las_columnas.csv	.csv	935	2026-05-07T11:48:39.745008-04:00	TRACKED_OR_UNMODIFIED	resultado histórico o auditoría	SI	Inventario por ruta y metadatos; no inspecciona registros personales.
resultados/auditoria_end_to_end_bloques_10cols_20260507_114837/carreras_avance_curricular_2025_control__muestra_20filas_cols_021_022.csv	carreras_avance_curricular_2025_control__muestra_20filas_cols_021_022.csv	.csv	70	2026-05-07T11:48:39.525417-04:00	TRACKED_OR_UNMODIFIED	resultado histórico o auditoría	SI	Inventario por ruta y metadatos; no inspecciona registros personales.
resultados/auditoria_end_to_end_bloques_10cols_20260507_114837/matricula_avance_curricular_2025_pes_ready__bloque_cols_011_020.csv	matricula_avance_curricular_2025_pes_ready__bloque_cols_011_020.csv	.csv	579	2026-05-07T11:48:39.727638-04:00	TRACKED_OR_UNMODIFIED	resultado histórico o auditoría	SI	Inventario por ruta y metadatos; no inspecciona registros personales.
resultados/auditoria_end_to_end_bloques_10cols_20260507_114837/archivo_listo_para_sies__muestra_20filas_cols_001_004.csv	archivo_listo_para_sies__muestra_20filas_cols_001_004.csv	.csv	996	2026-05-07T11:48:39.510927-04:00	TRACKED_OR_UNMODIFIED	resultado histórico o auditoría	SI	Inventario por ruta y metadatos; no inspecciona registros personales.
resultados/auditoria_end_to_end_bloques_10cols_20260507_114837/carreras_avance_curricular_2025_control__bloque_cols_001_010.csv	carreras_avance_curricular_2025_control__bloque_cols_001_010.csv	.csv	598	2026-05-07T11:48:39.517475-04:00	TRACKED_OR_UNMODIFIED	resultado histórico o auditoría	SI	Inventario por ruta y metadatos; no inspecciona registros personales.
resultados/auditoria_end_to_end_bloques_10cols_20260507_114837/matricula_unificada_2026_control__muestra_20filas_cols_021_030.csv	matricula_unificada_2026_control__muestra_20filas_cols_021_030.csv	.csv	727	2026-05-07T11:48:39.480816-04:00	TRACKED_OR_UNMODIFIED	resultado histórico o auditoría	SI	Inventario por ruta y metadatos; no inspecciona registros personales.
resultados/auditoria_end_to_end_bloques_10cols_20260507_114837/matricula_unificada_2026_oficial__bloque_cols_011_020.csv	matricula_unificada_2026_oficial__bloque_cols_011_020.csv	.csv	694	2026-05-07T11:48:39.288851-04:00	TRACKED_OR_UNMODIFIED	resultado histórico o auditoría	SI	Inventario por ruta y metadatos; no inspecciona registros personales.
resultados/auditoria_end_to_end_bloques_10cols_20260507_114837/matricula_unificada_2026_control__muestra_20filas_cols_031_032.csv	matricula_unificada_2026_control__muestra_20filas_cols_031_032.csv	.csv	103	2026-05-07T11:48:39.488378-04:00	TRACKED_OR_UNMODIFIED	resultado histórico o auditoría	SI	Inventario por ruta y metadatos; no inspecciona registros personales.
resultados/auditoria_end_to_end_bloques_10cols_20260507_114837/matricula_avance_curricular_2025_pes_ready__muestra_20filas_cols_021_021.csv	matricula_avance_curricular_2025_pes_ready__muestra_20filas_cols_021_021.csv	.csv	75	2026-05-07T11:48:39.733669-04:00	TRACKED_OR_UNMODIFIED	resultado histórico o auditoría	SI	Inventario por ruta y metadatos; no inspecciona registros personales.
resultados/auditoria_end_to_end_bloques_10cols_20260507_114837/matricula_avance_curricular_2025_control__bloque_cols_001_010.csv	matricula_avance_curricular_2025_control__bloque_cols_001_010.csv	.csv	647	2026-05-07T11:48:39.589918-04:00	TRACKED_OR_UNMODIFIED	resultado histórico o auditoría	SI	Inventario por ruta y metadatos; no inspecciona registros personales.
resultados/auditoria_end_to_end_bloques_10cols_20260507_114837/carreras_avance_curricular_2025_pes_ready__muestra_20filas_cols_001_010.csv	carreras_avance_curricular_2025_pes_ready__muestra_20filas_cols_001_010.csv	.csv	596	2026-05-07T11:48:39.532364-04:00	TRACKED_OR_UNMODIFIED	resultado histórico o auditoría	SI	Inventario por ruta y metadatos; no inspecciona registros personales.
resultados/auditoria_end_to_end_bloques_10cols_20260507_114837/carreras_avance_curricular_2025_control__muestra_20filas_cols_001_010.csv	carreras_avance_curricular_2025_control__muestra_20filas_cols_001_010.csv	.csv	631	2026-05-07T11:48:39.518367-04:00	TRACKED_OR_UNMODIFIED	resultado histórico o auditoría	SI	Inventario por ruta y metadatos; no inspecciona registros personales.
resultados/auditoria_end_to_end_bloques_10cols_20260507_114837/matricula_unificada_2026_control__bloque_cols_011_020.csv	matricula_unificada_2026_control__bloque_cols_011_020.csv	.csv	694	2026-05-07T11:48:39.451056-04:00	TRACKED_OR_UNMODIFIED	resultado histórico o auditoría	SI	Inventario por ruta y metadatos; no inspecciona registros personales.
resultados/auditoria_end_to_end_bloques_10cols_20260507_114837/auditoria_consolidacion_codcli__muestra_20filas_cols_001_010.csv	auditoria_consolidacion_codcli__muestra_20filas_cols_001_010.csv	.csv	2259	2026-05-07T11:48:40.026027-04:00	TRACKED_OR_UNMODIFIED	resultado histórico o auditoría	SI	Inventario por ruta y metadatos; no inspecciona registros personales.
resultados/auditoria_end_to_end_bloques_10cols_20260507_114837/matricula_avance_curricular_2025_control__muestra_20filas_cols_021_022.csv	matricula_avance_curricular_2025_control__muestra_20filas_cols_021_022.csv	.csv	93	2026-05-07T11:48:39.638025-04:00	TRACKED_OR_UNMODIFIED	resultado histórico o auditoría	SI	Inventario por ruta y metadatos; no inspecciona registros personales.
resultados/auditoria_end_to_end_bloques_10cols_20260507_114837/auditoria_consolidacion_codcli__muestra_20filas_cols_011_011.csv	auditoria_consolidacion_codcli__muestra_20filas_cols_011_011.csv	.csv	190	2026-05-07T11:48:40.043577-04:00	TRACKED_OR_UNMODIFIED	resultado histórico o auditoría	SI	Inventario por ruta y metadatos; no inspecciona registros personales.
resultados/auditoria_end_to_end_bloques_10cols_20260507_114837/matricula_unificada_2026_pregrado__resumen_todas_las_columnas.csv	matricula_unificada_2026_pregrado__resumen_todas_las_columnas.csv	.csv	887	2026-05-07T11:48:37.852255-04:00	TRACKED_OR_UNMODIFIED	resultado histórico o auditoría	SI	Inventario por ruta y metadatos; no inspecciona registros personales.
resultados/auditoria_end_to_end_bloques_10cols_20260507_114837/matricula_unificada_2026_oficial__resumen_todas_las_columnas.csv	matricula_unificada_2026_oficial__resumen_todas_las_columnas.csv	.csv	2208	2026-05-07T11:48:39.351026-04:00	TRACKED_OR_UNMODIFIED	resultado histórico o auditoría	SI	Inventario por ruta y metadatos; no inspecciona registros personales.
resultados/auditoria_end_to_end_bloques_10cols_20260507_114837/archivo_listo_para_sies__resumen_todas_las_columnas.csv	archivo_listo_para_sies__resumen_todas_las_columnas.csv	.csv	532	2026-05-07T11:48:39.511416-04:00	TRACKED_OR_UNMODIFIED	resultado histórico o auditoría	SI	Inventario por ruta y metadatos; no inspecciona registros personales.
resultados/auditoria_end_to_end_bloques_10cols_20260507_114837/matricula_avance_curricular_2025_pes_ready__bloque_cols_021_021.csv	matricula_avance_curricular_2025_pes_ready__bloque_cols_021_021.csv	.csv	152	2026-05-07T11:48:39.733143-04:00	TRACKED_OR_UNMODIFIED	resultado histórico o auditoría	SI	Inventario por ruta y metadatos; no inspecciona registros personales.
resultados/auditoria_end_to_end_bloques_10cols_20260507_114837/carreras_avance_curricular_2025_control__muestra_20filas_cols_011_020.csv	carreras_avance_curricular_2025_control__muestra_20filas_cols_011_020.csv	.csv	385	2026-05-07T11:48:39.523701-04:00	TRACKED_OR_UNMODIFIED	resultado histórico o auditoría	SI	Inventario por ruta y metadatos; no inspecciona registros personales.
resultados/auditoria_end_to_end_bloques_10cols_20260507_114837/matricula_unificada_2026_control__bloque_cols_001_010.csv	matricula_unificada_2026_control__bloque_cols_001_010.csv	.csv	875	2026-05-07T11:48:39.413943-04:00	TRACKED_OR_UNMODIFIED	resultado histórico o auditoría	SI	Inventario por ruta y metadatos; no inspecciona registros personales.
resultados/auditoria_end_to_end_bloques_10cols_20260507_114837/carreras_avance_curricular_2025_pes_ready__resumen_todas_las_columnas.csv	carreras_avance_curricular_2025_pes_ready__resumen_todas_las_columnas.csv	.csv	959	2026-05-07T11:48:39.541448-04:00	TRACKED_OR_UNMODIFIED	resultado histórico o auditoría	SI	Inventario por ruta y metadatos; no inspecciona registros personales.
resultados/auditoria_end_to_end_bloques_10cols_20260507_114837/matricula_unificada_2026_oficial__bloque_cols_001_010.csv	matricula_unificada_2026_oficial__bloque_cols_001_010.csv	.csv	875	2026-05-07T11:48:39.239799-04:00	TRACKED_OR_UNMODIFIED	resultado histórico o auditoría	SI	Inventario por ruta y metadatos; no inspecciona registros personales.
resultados/auditoria_end_to_end_bloques_10cols_20260507_114837/matricula_unificada_2026_oficial__muestra_20filas_cols_021_030.csv	matricula_unificada_2026_oficial__muestra_20filas_cols_021_030.csv	.csv	727	2026-05-07T11:48:39.339275-04:00	TRACKED_OR_UNMODIFIED	resultado histórico o auditoría	SI	Inventario por ruta y metadatos; no inspecciona registros personales.
resultados/auditoria_end_to_end_bloques_10cols_20260507_114837/matricula_avance_curricular_2025_control__bloque_cols_011_020.csv	matricula_avance_curricular_2025_control__bloque_cols_011_020.csv	.csv	763	2026-05-07T11:48:39.628747-04:00	TRACKED_OR_UNMODIFIED	resultado histórico o auditoría	SI	Inventario por ruta y metadatos; no inspecciona registros personales.
resultados/auditoria_end_to_end_bloques_10cols_20260507_114837/carreras_avance_curricular_2025_pes_ready__muestra_20filas_cols_011_020.csv	carreras_avance_curricular_2025_pes_ready__muestra_20filas_cols_011_020.csv	.csv	323	2026-05-07T11:48:39.539338-04:00	TRACKED_OR_UNMODIFIED	resultado histórico o auditoría	SI	Inventario por ruta y metadatos; no inspecciona registros personales.
resultados/auditoria_end_to_end_bloques_10cols_20260507_114837/archivo_listo_para_sies__bloque_cols_001_004.csv	archivo_listo_para_sies__bloque_cols_001_004.csv	.csv	532	2026-05-07T11:48:39.510347-04:00	TRACKED_OR_UNMODIFIED	resultado histórico o auditoría	SI	Inventario por ruta y metadatos; no inspecciona registros personales.
resultados/auditoria_end_to_end_bloques_10cols_20260507_114837/carreras_avance_curricular_2025_control__bloque_cols_011_020.csv	carreras_avance_curricular_2025_control__bloque_cols_011_020.csv	.csv	532	2026-05-07T11:48:39.523026-04:00	TRACKED_OR_UNMODIFIED	resultado histórico o auditoría	SI	Inventario por ruta y metadatos; no inspecciona registros personales.
resultados/auditoria_end_to_end_bloques_10cols_20260507_114837/matricula_unificada_2026_oficial__muestra_20filas_cols_031_032.csv	matricula_unificada_2026_oficial__muestra_20filas_cols_031_032.csv	.csv	103	2026-05-07T11:48:39.349540-04:00	TRACKED_OR_UNMODIFIED	resultado histórico o auditoría	SI	Inventario por ruta y metadatos; no inspecciona registros personales.
resultados/auditoria_end_to_end_bloques_10cols_20260507_114837/carreras_avance_curricular_2025_pes_ready__bloque_cols_021_021.csv	carreras_avance_curricular_2025_pes_ready__bloque_cols_021_021.csv	.csv	146	2026-05-07T11:48:39.540391-04:00	TRACKED_OR_UNMODIFIED	resultado histórico o auditoría	SI	Inventario por ruta y metadatos; no inspecciona registros personales.
resultados/auditoria_end_to_end_bloques_10cols_20260507_114837/matricula_unificada_2026_oficial__bloque_cols_031_032.csv	matricula_unificada_2026_oficial__bloque_cols_031_032.csv	.csv	220	2026-05-07T11:48:39.348719-04:00	TRACKED_OR_UNMODIFIED	resultado histórico o auditoría	SI	Inventario por ruta y metadatos; no inspecciona registros personales.
resultados/auditoria_end_to_end_bloques_10cols_20260507_114837/matricula_avance_curricular_2025_pes_ready__resumen_todas_las_columnas.csv	matricula_avance_curricular_2025_pes_ready__resumen_todas_las_columnas.csv	.csv	1175	2026-05-07T11:48:39.734239-04:00	TRACKED_OR_UNMODIFIED	resultado histórico o auditoría	SI	Inventario por ruta y metadatos; no inspecciona registros personales.
resultados/auditoria_end_to_end_bloques_10cols_20260507_114837/EXCLUSIONES_PROVISORIAS_RUT_MULTI_CODCLI__muestra_20filas_cols_001_007.csv	EXCLUSIONES_PROVISORIAS_RUT_MULTI_CODCLI__muestra_20filas_cols_001_007.csv	.csv	2105	2026-05-07T11:48:39.744318-04:00	TRACKED_OR_UNMODIFIED	resultado histórico o auditoría	SI	Inventario por ruta y metadatos; no inspecciona registros personales.
resultados/auditoria_end_to_end_bloques_10cols_20260507_114837/matricula_unificada_2026_control__muestra_20filas_cols_011_020.csv	matricula_unificada_2026_control__muestra_20filas_cols_011_020.csv	.csv	640	2026-05-07T11:48:39.452178-04:00	TRACKED_OR_UNMODIFIED	resultado histórico o auditoría	SI	Inventario por ruta y metadatos; no inspecciona registros personales.
resultados/auditoria_end_to_end_bloques_10cols_20260507_114837/matricula_avance_curricular_2025_control__muestra_20filas_cols_011_020.csv	matricula_avance_curricular_2025_control__muestra_20filas_cols_011_020.csv	.csv	736	2026-05-07T11:48:39.630110-04:00	TRACKED_OR_UNMODIFIED	resultado histórico o auditoría	SI	Inventario por ruta y metadatos; no inspecciona registros personales.
resultados/auditoria_end_to_end_bloques_10cols_20260507_114837/00_resumen_auditoria_end_to_end.csv	00_resumen_auditoria_end_to_end.csv	.csv	578	2026-05-07T11:48:40.045360-04:00	TRACKED_OR_UNMODIFIED	resultado histórico o auditoría	SI	Inventario por ruta y metadatos; no inspecciona registros personales.
resultados/auditoria_end_to_end_bloques_10cols_20260507_114837/matricula_avance_curricular_2025_pes_ready__bloque_cols_001_010.csv	matricula_avance_curricular_2025_pes_ready__bloque_cols_001_010.csv	.csv	664	2026-05-07T11:48:39.689717-04:00	TRACKED_OR_UNMODIFIED	resultado histórico o auditoría	SI	Inventario por ruta y metadatos; no inspecciona registros personales.
resultados/auditoria_end_to_end_bloques_10cols_20260507_114837/matricula_unificada_2026_oficial__muestra_20filas_cols_001_010.csv	matricula_unificada_2026_oficial__muestra_20filas_cols_001_010.csv	.csv	1340	2026-05-07T11:48:39.241348-04:00	TRACKED_OR_UNMODIFIED	resultado histórico o auditoría	SI	Inventario por ruta y metadatos; no inspecciona registros personales.
resultados/auditoria_end_to_end_bloques_10cols_20260507_114837/matricula_unificada_2026_oficial__bloque_cols_021_030.csv	matricula_unificada_2026_oficial__bloque_cols_021_030.csv	.csv	749	2026-05-07T11:48:39.337645-04:00	TRACKED_OR_UNMODIFIED	resultado histórico o auditoría	SI	Inventario por ruta y metadatos; no inspecciona registros personales.
resultados/auditoria_end_to_end_bloques_10cols_20260507_114837/auditoria_consolidacion_codcli__bloque_cols_001_010.csv	auditoria_consolidacion_codcli__bloque_cols_001_010.csv	.csv	1127	2026-05-07T11:48:40.025215-04:00	TRACKED_OR_UNMODIFIED	resultado histórico o auditoría	SI	Inventario por ruta y metadatos; no inspecciona registros personales.
resultados/auditoria_end_to_end_bloques_10cols_20260507_114837/matricula_unificada_2026_control__bloque_cols_021_030.csv	matricula_unificada_2026_control__bloque_cols_021_030.csv	.csv	749	2026-05-07T11:48:39.480073-04:00	TRACKED_OR_UNMODIFIED	resultado histórico o auditoría	SI	Inventario por ruta y metadatos; no inspecciona registros personales.
resultados/auditoria_end_to_end_bloques_10cols_20260507_114837/matricula_avance_curricular_2025_pes_ready__muestra_20filas_cols_011_020.csv	matricula_avance_curricular_2025_pes_ready__muestra_20filas_cols_011_020.csv	.csv	429	2026-05-07T11:48:39.728574-04:00	TRACKED_OR_UNMODIFIED	resultado histórico o auditoría	SI	Inventario por ruta y metadatos; no inspecciona registros personales.
resultados/auditoria_end_to_end_bloques_10cols_20260507_114837/auditoria_consolidacion_codcli__bloque_cols_011_011.csv	auditoria_consolidacion_codcli__bloque_cols_011_011.csv	.csv	200	2026-05-07T11:48:40.043049-04:00	TRACKED_OR_UNMODIFIED	resultado histórico o auditoría	SI	Inventario por ruta y metadatos; no inspecciona registros personales.
resultados/auditoria_end_to_end_bloques_10cols_20260507_114837/matricula_unificada_2026_pregrado__muestra_20filas_cols_001_001.csv	matricula_unificada_2026_pregrado__muestra_20filas_cols_001_001.csv	.csv	2596	2026-05-07T11:48:37.851720-04:00	TRACKED_OR_UNMODIFIED	resultado histórico o auditoría	SI	Inventario por ruta y metadatos; no inspecciona registros personales.
resultados/auditoria_end_to_end_bloques_10cols_20260507_114837/matricula_unificada_2026_control__resumen_todas_las_columnas.csv	matricula_unificada_2026_control__resumen_todas_las_columnas.csv	.csv	2208	2026-05-07T11:48:39.488941-04:00	TRACKED_OR_UNMODIFIED	resultado histórico o auditoría	SI	Inventario por ruta y metadatos; no inspecciona registros personales.
resultados/auditoria_end_to_end_bloques_10cols_20260507_114837/matricula_avance_curricular_2025_control__resumen_todas_las_columnas.csv	matricula_avance_curricular_2025_control__resumen_todas_las_columnas.csv	.csv	1406	2026-05-07T11:48:39.638546-04:00	TRACKED_OR_UNMODIFIED	resultado histórico o auditoría	SI	Inventario por ruta y metadatos; no inspecciona registros personales.
resultados/auditoria_end_to_end_bloques_10cols_20260507_114837/carreras_avance_curricular_2025_pes_ready__bloque_cols_001_010.csv	carreras_avance_curricular_2025_pes_ready__bloque_cols_001_010.csv	.csv	563	2026-05-07T11:48:39.531675-04:00	TRACKED_OR_UNMODIFIED	resultado histórico o auditoría	SI	Inventario por ruta y metadatos; no inspecciona registros personales.
resultados/auditoria_end_to_end_bloques_10cols_20260507_114837/matricula_unificada_2026_control__bloque_cols_031_032.csv	matricula_unificada_2026_control__bloque_cols_031_032.csv	.csv	220	2026-05-07T11:48:39.487850-04:00	TRACKED_OR_UNMODIFIED	resultado histórico o auditoría	SI	Inventario por ruta y metadatos; no inspecciona registros personales.
resultados/reprocesamiento_controlado/matricula_unificada_2026_pregrado_reprocesada_control.csv	matricula_unificada_2026_pregrado_reprocesada_control.csv	.csv	513462	2026-06-25T18:26:55.702940-04:00	TRACKED_OR_UNMODIFIED	resultado histórico o auditoría	SI	Inventario por ruta y metadatos; no inspecciona registros personales.
resultados/run_auditoria_codcli_sies_2026-04-05_00-05-18/.DS_Store	.DS_Store		8196	2026-06-22T12:42:32.308268-04:00	TRACKED_OR_UNMODIFIED	resultado histórico o auditoría	NO_DETERMINADO	Inventario por ruta y metadatos; no inspecciona registros personales.
resultados/auditoria_end_to_end_bloques_10cols_FIX_20260507_114929/matricula_avance_curricular_2025_control__bloque_cols_021_022.csv	matricula_avance_curricular_2025_control__bloque_cols_021_022.csv	.csv	216	2026-05-07T11:49:31.887453-04:00	TRACKED_OR_UNMODIFIED	resultado histórico o auditoría	SI	Inventario por ruta y metadatos; no inspecciona registros personales.
resultados/auditoria_end_to_end_bloques_10cols_FIX_20260507_114929/auditoria_consolidacion_codcli__resumen_todas_las_columnas.csv	auditoria_consolidacion_codcli__resumen_todas_las_columnas.csv	.csv	1217	2026-05-07T11:49:32.151342-04:00	TRACKED_OR_UNMODIFIED	resultado histórico o auditoría	SI	Inventario por ruta y metadatos; no inspecciona registros personales.
resultados/auditoria_end_to_end_bloques_10cols_FIX_20260507_114929/carreras_avance_curricular_2025_pes_ready__bloque_cols_011_020.csv	carreras_avance_curricular_2025_pes_ready__bloque_cols_011_020.csv	.csv	470	2026-05-07T11:49:31.802298-04:00	TRACKED_OR_UNMODIFIED	resultado histórico o auditoría	SI	Inventario por ruta y metadatos; no inspecciona registros personales.
resultados/auditoria_end_to_end_bloques_10cols_FIX_20260507_114929/carreras_avance_curricular_2025_control__resumen_todas_las_columnas.csv	carreras_avance_curricular_2025_control__resumen_todas_las_columnas.csv	.csv	1095	2026-05-07T11:49:31.790589-04:00	TRACKED_OR_UNMODIFIED	resultado histórico o auditoría	SI	Inventario por ruta y metadatos; no inspecciona registros personales.
resultados/auditoria_end_to_end_bloques_10cols_FIX_20260507_114929/carreras_avance_curricular_2025_pes_ready__muestra_20filas_cols_021_021.csv	carreras_avance_curricular_2025_pes_ready__muestra_20filas_cols_021_021.csv	.csv	75	2026-05-07T11:49:31.804252-04:00	TRACKED_OR_UNMODIFIED	resultado histórico o auditoría	SI	Inventario por ruta y metadatos; no inspecciona registros personales.
resultados/auditoria_end_to_end_bloques_10cols_FIX_20260507_114929/EXCLUSIONES_PROVISORIAS_RUT_MULTI_CODCLI__bloque_cols_001_007.csv	EXCLUSIONES_PROVISORIAS_RUT_MULTI_CODCLI__bloque_cols_001_007.csv	.csv	935	2026-05-07T11:49:31.967471-04:00	TRACKED_OR_UNMODIFIED	resultado histórico o auditoría	SI	Inventario por ruta y metadatos; no inspecciona registros personales.
resultados/auditoria_end_to_end_bloques_10cols_FIX_20260507_114929/matricula_avance_curricular_2025_pes_ready__muestra_20filas_cols_001_010.csv	matricula_avance_curricular_2025_pes_ready__muestra_20filas_cols_001_010.csv	.csv	762	2026-05-07T11:49:31.926889-04:00	TRACKED_OR_UNMODIFIED	resultado histórico o auditoría	SI	Inventario por ruta y metadatos; no inspecciona registros personales.
resultados/auditoria_end_to_end_bloques_10cols_FIX_20260507_114929/carreras_avance_curricular_2025_control__bloque_cols_021_022.csv	carreras_avance_curricular_2025_control__bloque_cols_021_022.csv	.csv	185	2026-05-07T11:49:31.789652-04:00	TRACKED_OR_UNMODIFIED	resultado histórico o auditoría	SI	Inventario por ruta y metadatos; no inspecciona registros personales.
resultados/auditoria_end_to_end_bloques_10cols_FIX_20260507_114929/matricula_unificada_2026_oficial__muestra_20filas_cols_011_020.csv	matricula_unificada_2026_oficial__muestra_20filas_cols_011_020.csv	.csv	640	2026-05-07T11:49:31.625341-04:00	TRACKED_OR_UNMODIFIED	resultado histórico o auditoría	SI	Inventario por ruta y metadatos; no inspecciona registros personales.
resultados/auditoria_end_to_end_bloques_10cols_FIX_20260507_114929/matricula_unificada_2026_pregrado__muestra_20filas_cols_011_020.csv	matricula_unificada_2026_pregrado__muestra_20filas_cols_011_020.csv	.csv	579	2026-05-07T11:49:30.236082-04:00	TRACKED_OR_UNMODIFIED	resultado histórico o auditoría	SI	Inventario por ruta y metadatos; no inspecciona registros personales.
resultados/auditoria_end_to_end_bloques_10cols_FIX_20260507_114929/matricula_unificada_2026_control__muestra_20filas_cols_001_010.csv	matricula_unificada_2026_control__muestra_20filas_cols_001_010.csv	.csv	1340	2026-05-07T11:49:31.700601-04:00	TRACKED_OR_UNMODIFIED	resultado histórico o auditoría	SI	Inventario por ruta y metadatos; no inspecciona registros personales.
resultados/auditoria_end_to_end_bloques_10cols_FIX_20260507_114929/matricula_avance_curricular_2025_control__muestra_20filas_cols_001_010.csv	matricula_avance_curricular_2025_control__muestra_20filas_cols_001_010.csv	.csv	610	2026-05-07T11:49:31.848417-04:00	TRACKED_OR_UNMODIFIED	resultado histórico o auditoría	SI	Inventario por ruta y metadatos; no inspecciona registros personales.
resultados/auditoria_end_to_end_bloques_10cols_FIX_20260507_114929/EXCLUSIONES_PROVISORIAS_RUT_MULTI_CODCLI__resumen_todas_las_columnas.csv	EXCLUSIONES_PROVISORIAS_RUT_MULTI_CODCLI__resumen_todas_las_columnas.csv	.csv	935	2026-05-07T11:49:31.968583-04:00	TRACKED_OR_UNMODIFIED	resultado histórico o auditoría	SI	Inventario por ruta y metadatos; no inspecciona registros personales.
resultados/auditoria_end_to_end_bloques_10cols_FIX_20260507_114929/matricula_unificada_2026_pregrado__bloque_cols_001_010.csv	matricula_unificada_2026_pregrado__bloque_cols_001_010.csv	.csv	847	2026-05-07T11:49:29.959793-04:00	TRACKED_OR_UNMODIFIED	resultado histórico o auditoría	SI	Inventario por ruta y metadatos; no inspecciona registros personales.
resultados/auditoria_end_to_end_bloques_10cols_FIX_20260507_114929/carreras_avance_curricular_2025_control__muestra_20filas_cols_021_022.csv	carreras_avance_curricular_2025_control__muestra_20filas_cols_021_022.csv	.csv	70	2026-05-07T11:49:31.790085-04:00	TRACKED_OR_UNMODIFIED	resultado histórico o auditoría	SI	Inventario por ruta y metadatos; no inspecciona registros personales.
resultados/auditoria_end_to_end_bloques_10cols_FIX_20260507_114929/matricula_avance_curricular_2025_pes_ready__bloque_cols_011_020.csv	matricula_avance_curricular_2025_pes_ready__bloque_cols_011_020.csv	.csv	579	2026-05-07T11:49:31.958479-04:00	TRACKED_OR_UNMODIFIED	resultado histórico o auditoría	SI	Inventario por ruta y metadatos; no inspecciona registros personales.
resultados/auditoria_end_to_end_bloques_10cols_FIX_20260507_114929/matricula_unificada_2026_pregrado__bloque_cols_021_030.csv	matricula_unificada_2026_pregrado__bloque_cols_021_030.csv	.csv	676	2026-05-07T11:49:30.330531-04:00	TRACKED_OR_UNMODIFIED	resultado histórico o auditoría	SI	Inventario por ruta y metadatos; no inspecciona registros personales.
resultados/auditoria_end_to_end_bloques_10cols_FIX_20260507_114929/archivo_listo_para_sies__muestra_20filas_cols_001_004.csv	archivo_listo_para_sies__muestra_20filas_cols_001_004.csv	.csv	996	2026-05-07T11:49:31.776368-04:00	TRACKED_OR_UNMODIFIED	resultado histórico o auditoría	SI	Inventario por ruta y metadatos; no inspecciona registros personales.
resultados/auditoria_end_to_end_bloques_10cols_FIX_20260507_114929/carreras_avance_curricular_2025_control__bloque_cols_001_010.csv	carreras_avance_curricular_2025_control__bloque_cols_001_010.csv	.csv	598	2026-05-07T11:49:31.782762-04:00	TRACKED_OR_UNMODIFIED	resultado histórico o auditoría	SI	Inventario por ruta y metadatos; no inspecciona registros personales.
resultados/auditoria_end_to_end_bloques_10cols_FIX_20260507_114929/matricula_unificada_2026_control__muestra_20filas_cols_021_030.csv	matricula_unificada_2026_control__muestra_20filas_cols_021_030.csv	.csv	727	2026-05-07T11:49:31.753931-04:00	TRACKED_OR_UNMODIFIED	resultado histórico o auditoría	SI	Inventario por ruta y metadatos; no inspecciona registros personales.
resultados/auditoria_end_to_end_bloques_10cols_FIX_20260507_114929/matricula_unificada_2026_oficial__bloque_cols_011_020.csv	matricula_unificada_2026_oficial__bloque_cols_011_020.csv	.csv	694	2026-05-07T11:49:31.624567-04:00	TRACKED_OR_UNMODIFIED	resultado histórico o auditoría	SI	Inventario por ruta y metadatos; no inspecciona registros personales.
resultados/auditoria_end_to_end_bloques_10cols_FIX_20260507_114929/matricula_unificada_2026_control__muestra_20filas_cols_031_032.csv	matricula_unificada_2026_control__muestra_20filas_cols_031_032.csv	.csv	103	2026-05-07T11:49:31.759942-04:00	TRACKED_OR_UNMODIFIED	resultado histórico o auditoría	SI	Inventario por ruta y metadatos; no inspecciona registros personales.
resultados/auditoria_end_to_end_bloques_10cols_FIX_20260507_114929/matricula_avance_curricular_2025_pes_ready__muestra_20filas_cols_021_021.csv	matricula_avance_curricular_2025_pes_ready__muestra_20filas_cols_021_021.csv	.csv	75	2026-05-07T11:49:31.963014-04:00	TRACKED_OR_UNMODIFIED	resultado histórico o auditoría	SI	Inventario por ruta y metadatos; no inspecciona registros personales.
resultados/auditoria_end_to_end_bloques_10cols_FIX_20260507_114929/matricula_avance_curricular_2025_control__bloque_cols_001_010.csv	matricula_avance_curricular_2025_control__bloque_cols_001_010.csv	.csv	647	2026-05-07T11:49:31.847756-04:00	TRACKED_OR_UNMODIFIED	resultado histórico o auditoría	SI	Inventario por ruta y metadatos; no inspecciona registros personales.
resultados/auditoria_end_to_end_bloques_10cols_FIX_20260507_114929/matricula_unificada_2026_pregrado__bloque_cols_031_032.csv	matricula_unificada_2026_pregrado__bloque_cols_031_032.csv	.csv	208	2026-05-07T11:49:30.348836-04:00	TRACKED_OR_UNMODIFIED	resultado histórico o auditoría	SI	Inventario por ruta y metadatos; no inspecciona registros personales.
resultados/auditoria_end_to_end_bloques_10cols_FIX_20260507_114929/carreras_avance_curricular_2025_pes_ready__muestra_20filas_cols_001_010.csv	carreras_avance_curricular_2025_pes_ready__muestra_20filas_cols_001_010.csv	.csv	596	2026-05-07T11:49:31.797950-04:00	TRACKED_OR_UNMODIFIED	resultado histórico o auditoría	SI	Inventario por ruta y metadatos; no inspecciona registros personales.
resultados/auditoria_end_to_end_bloques_10cols_FIX_20260507_114929/carreras_avance_curricular_2025_control__muestra_20filas_cols_001_010.csv	carreras_avance_curricular_2025_control__muestra_20filas_cols_001_010.csv	.csv	631	2026-05-07T11:49:31.783477-04:00	TRACKED_OR_UNMODIFIED	resultado histórico o auditoría	SI	Inventario por ruta y metadatos; no inspecciona registros personales.
resultados/auditoria_end_to_end_bloques_10cols_FIX_20260507_114929/matricula_unificada_2026_control__bloque_cols_011_020.csv	matricula_unificada_2026_control__bloque_cols_011_020.csv	.csv	694	2026-05-07T11:49:31.727141-04:00	TRACKED_OR_UNMODIFIED	resultado histórico o auditoría	SI	Inventario por ruta y metadatos; no inspecciona registros personales.
resultados/auditoria_end_to_end_bloques_10cols_FIX_20260507_114929/auditoria_consolidacion_codcli__muestra_20filas_cols_001_010.csv	auditoria_consolidacion_codcli__muestra_20filas_cols_001_010.csv	.csv	2259	2026-05-07T11:49:32.134647-04:00	TRACKED_OR_UNMODIFIED	resultado histórico o auditoría	SI	Inventario por ruta y metadatos; no inspecciona registros personales.
resultados/auditoria_end_to_end_bloques_10cols_FIX_20260507_114929/matricula_avance_curricular_2025_control__muestra_20filas_cols_021_022.csv	matricula_avance_curricular_2025_control__muestra_20filas_cols_021_022.csv	.csv	93	2026-05-07T11:49:31.888045-04:00	TRACKED_OR_UNMODIFIED	resultado histórico o auditoría	SI	Inventario por ruta y metadatos; no inspecciona registros personales.
resultados/auditoria_end_to_end_bloques_10cols_FIX_20260507_114929/auditoria_consolidacion_codcli__muestra_20filas_cols_011_011.csv	auditoria_consolidacion_codcli__muestra_20filas_cols_011_011.csv	.csv	190	2026-05-07T11:49:32.150590-04:00	TRACKED_OR_UNMODIFIED	resultado histórico o auditoría	SI	Inventario por ruta y metadatos; no inspecciona registros personales.
resultados/auditoria_end_to_end_bloques_10cols_FIX_20260507_114929/matricula_unificada_2026_pregrado__resumen_todas_las_columnas.csv	matricula_unificada_2026_pregrado__resumen_todas_las_columnas.csv	.csv	2034	2026-05-07T11:49:30.354189-04:00	TRACKED_OR_UNMODIFIED	resultado histórico o auditoría	SI	Inventario por ruta y metadatos; no inspecciona registros personales.
resultados/auditoria_end_to_end_bloques_10cols_FIX_20260507_114929/matricula_unificada_2026_oficial__resumen_todas_las_columnas.csv	matricula_unificada_2026_oficial__resumen_todas_las_columnas.csv	.csv	2208	2026-05-07T11:49:31.663839-04:00	TRACKED_OR_UNMODIFIED	resultado histórico o auditoría	SI	Inventario por ruta y metadatos; no inspecciona registros personales.
resultados/auditoria_end_to_end_bloques_10cols_FIX_20260507_114929/archivo_listo_para_sies__resumen_todas_las_columnas.csv	archivo_listo_para_sies__resumen_todas_las_columnas.csv	.csv	532	2026-05-07T11:49:31.776831-04:00	TRACKED_OR_UNMODIFIED	resultado histórico o auditoría	SI	Inventario por ruta y metadatos; no inspecciona registros personales.
resultados/auditoria_end_to_end_bloques_10cols_FIX_20260507_114929/matricula_avance_curricular_2025_pes_ready__bloque_cols_021_021.csv	matricula_avance_curricular_2025_pes_ready__bloque_cols_021_021.csv	.csv	152	2026-05-07T11:49:31.962609-04:00	TRACKED_OR_UNMODIFIED	resultado histórico o auditoría	SI	Inventario por ruta y metadatos; no inspecciona registros personales.
resultados/auditoria_end_to_end_bloques_10cols_FIX_20260507_114929/carreras_avance_curricular_2025_control__muestra_20filas_cols_011_020.csv	carreras_avance_curricular_2025_control__muestra_20filas_cols_011_020.csv	.csv	385	2026-05-07T11:49:31.788336-04:00	TRACKED_OR_UNMODIFIED	resultado histórico o auditoría	SI	Inventario por ruta y metadatos; no inspecciona registros personales.
resultados/auditoria_end_to_end_bloques_10cols_FIX_20260507_114929/matricula_unificada_2026_control__bloque_cols_001_010.csv	matricula_unificada_2026_control__bloque_cols_001_010.csv	.csv	875	2026-05-07T11:49:31.699755-04:00	TRACKED_OR_UNMODIFIED	resultado histórico o auditoría	SI	Inventario por ruta y metadatos; no inspecciona registros personales.
resultados/auditoria_end_to_end_bloques_10cols_FIX_20260507_114929/carreras_avance_curricular_2025_pes_ready__resumen_todas_las_columnas.csv	carreras_avance_curricular_2025_pes_ready__resumen_todas_las_columnas.csv	.csv	959	2026-05-07T11:49:31.804731-04:00	TRACKED_OR_UNMODIFIED	resultado histórico o auditoría	SI	Inventario por ruta y metadatos; no inspecciona registros personales.
resultados/auditoria_end_to_end_bloques_10cols_FIX_20260507_114929/matricula_unificada_2026_oficial__bloque_cols_001_010.csv	matricula_unificada_2026_oficial__bloque_cols_001_010.csv	.csv	875	2026-05-07T11:49:31.597860-04:00	TRACKED_OR_UNMODIFIED	resultado histórico o auditoría	SI	Inventario por ruta y metadatos; no inspecciona registros personales.
resultados/auditoria_end_to_end_bloques_10cols_FIX_20260507_114929/matricula_unificada_2026_pregrado__muestra_20filas_cols_021_030.csv	matricula_unificada_2026_pregrado__muestra_20filas_cols_021_030.csv	.csv	654	2026-05-07T11:49:30.333002-04:00	TRACKED_OR_UNMODIFIED	resultado histórico o auditoría	SI	Inventario por ruta y metadatos; no inspecciona registros personales.
resultados/auditoria_end_to_end_bloques_10cols_FIX_20260507_114929/matricula_unificada_2026_oficial__muestra_20filas_cols_021_030.csv	matricula_unificada_2026_oficial__muestra_20filas_cols_021_030.csv	.csv	727	2026-05-07T11:49:31.655596-04:00	TRACKED_OR_UNMODIFIED	resultado histórico o auditoría	SI	Inventario por ruta y metadatos; no inspecciona registros personales.
resultados/auditoria_end_to_end_bloques_10cols_FIX_20260507_114929/matricula_avance_curricular_2025_control__bloque_cols_011_020.csv	matricula_avance_curricular_2025_control__bloque_cols_011_020.csv	.csv	763	2026-05-07T11:49:31.879609-04:00	TRACKED_OR_UNMODIFIED	resultado histórico o auditoría	SI	Inventario por ruta y metadatos; no inspecciona registros personales.
resultados/auditoria_end_to_end_bloques_10cols_FIX_20260507_114929/carreras_avance_curricular_2025_pes_ready__muestra_20filas_cols_011_020.csv	carreras_avance_curricular_2025_pes_ready__muestra_20filas_cols_011_020.csv	.csv	323	2026-05-07T11:49:31.802941-04:00	TRACKED_OR_UNMODIFIED	resultado histórico o auditoría	SI	Inventario por ruta y metadatos; no inspecciona registros personales.
resultados/auditoria_end_to_end_bloques_10cols_FIX_20260507_114929/archivo_listo_para_sies__bloque_cols_001_004.csv	archivo_listo_para_sies__bloque_cols_001_004.csv	.csv	532	2026-05-07T11:49:31.775816-04:00	TRACKED_OR_UNMODIFIED	resultado histórico o auditoría	SI	Inventario por ruta y metadatos; no inspecciona registros personales.
resultados/auditoria_end_to_end_bloques_10cols_FIX_20260507_114929/carreras_avance_curricular_2025_control__bloque_cols_011_020.csv	carreras_avance_curricular_2025_control__bloque_cols_011_020.csv	.csv	532	2026-05-07T11:49:31.787675-04:00	TRACKED_OR_UNMODIFIED	resultado histórico o auditoría	SI	Inventario por ruta y metadatos; no inspecciona registros personales.
resultados/auditoria_end_to_end_bloques_10cols_FIX_20260507_114929/matricula_unificada_2026_oficial__muestra_20filas_cols_031_032.csv	matricula_unificada_2026_oficial__muestra_20filas_cols_031_032.csv	.csv	103	2026-05-07T11:49:31.663010-04:00	TRACKED_OR_UNMODIFIED	resultado histórico o auditoría	SI	Inventario por ruta y metadatos; no inspecciona registros personales.
resultados/auditoria_end_to_end_bloques_10cols_FIX_20260507_114929/carreras_avance_curricular_2025_pes_ready__bloque_cols_021_021.csv	carreras_avance_curricular_2025_pes_ready__bloque_cols_021_021.csv	.csv	146	2026-05-07T11:49:31.803857-04:00	TRACKED_OR_UNMODIFIED	resultado histórico o auditoría	SI	Inventario por ruta y metadatos; no inspecciona registros personales.
resultados/auditoria_end_to_end_bloques_10cols_FIX_20260507_114929/matricula_unificada_2026_pregrado__muestra_20filas_cols_031_032.csv	matricula_unificada_2026_pregrado__muestra_20filas_cols_031_032.csv	.csv	91	2026-05-07T11:49:30.350934-04:00	TRACKED_OR_UNMODIFIED	resultado histórico o auditoría	SI	Inventario por ruta y metadatos; no inspecciona registros personales.
resultados/auditoria_end_to_end_bloques_10cols_FIX_20260507_114929/matricula_unificada_2026_oficial__bloque_cols_031_032.csv	matricula_unificada_2026_oficial__bloque_cols_031_032.csv	.csv	220	2026-05-07T11:49:31.661824-04:00	TRACKED_OR_UNMODIFIED	resultado histórico o auditoría	SI	Inventario por ruta y metadatos; no inspecciona registros personales.
resultados/auditoria_end_to_end_bloques_10cols_FIX_20260507_114929/matricula_avance_curricular_2025_pes_ready__resumen_todas_las_columnas.csv	matricula_avance_curricular_2025_pes_ready__resumen_todas_las_columnas.csv	.csv	1175	2026-05-07T11:49:31.963515-04:00	TRACKED_OR_UNMODIFIED	resultado histórico o auditoría	SI	Inventario por ruta y metadatos; no inspecciona registros personales.
resultados/auditoria_end_to_end_bloques_10cols_FIX_20260507_114929/EXCLUSIONES_PROVISORIAS_RUT_MULTI_CODCLI__muestra_20filas_cols_001_007.csv	EXCLUSIONES_PROVISORIAS_RUT_MULTI_CODCLI__muestra_20filas_cols_001_007.csv	.csv	2105	2026-05-07T11:49:31.968035-04:00	TRACKED_OR_UNMODIFIED	resultado histórico o auditoría	SI	Inventario por ruta y metadatos; no inspecciona registros personales.
resultados/auditoria_end_to_end_bloques_10cols_FIX_20260507_114929/matricula_unificada_2026_control__muestra_20filas_cols_011_020.csv	matricula_unificada_2026_control__muestra_20filas_cols_011_020.csv	.csv	640	2026-05-07T11:49:31.728077-04:00	TRACKED_OR_UNMODIFIED	resultado histórico o auditoría	SI	Inventario por ruta y metadatos; no inspecciona registros personales.
resultados/auditoria_end_to_end_bloques_10cols_FIX_20260507_114929/matricula_avance_curricular_2025_control__muestra_20filas_cols_011_020.csv	matricula_avance_curricular_2025_control__muestra_20filas_cols_011_020.csv	.csv	736	2026-05-07T11:49:31.880239-04:00	TRACKED_OR_UNMODIFIED	resultado histórico o auditoría	SI	Inventario por ruta y metadatos; no inspecciona registros personales.
resultados/auditoria_end_to_end_bloques_10cols_FIX_20260507_114929/00_resumen_auditoria_end_to_end.csv	00_resumen_auditoria_end_to_end.csv	.csv	637	2026-05-07T11:49:32.152832-04:00	TRACKED_OR_UNMODIFIED	resultado histórico o auditoría	SI	Inventario por ruta y metadatos; no inspecciona registros personales.
resultados/auditoria_end_to_end_bloques_10cols_FIX_20260507_114929/matricula_unificada_2026_pregrado__bloque_cols_011_020.csv	matricula_unificada_2026_pregrado__bloque_cols_011_020.csv	.csv	633	2026-05-07T11:49:30.232791-04:00	TRACKED_OR_UNMODIFIED	resultado histórico o auditoría	SI	Inventario por ruta y metadatos; no inspecciona registros personales.
resultados/auditoria_end_to_end_bloques_10cols_FIX_20260507_114929/matricula_avance_curricular_2025_pes_ready__bloque_cols_001_010.csv	matricula_avance_curricular_2025_pes_ready__bloque_cols_001_010.csv	.csv	664	2026-05-07T11:49:31.926168-04:00	TRACKED_OR_UNMODIFIED	resultado histórico o auditoría	SI	Inventario por ruta y metadatos; no inspecciona registros personales.
resultados/auditoria_end_to_end_bloques_10cols_FIX_20260507_114929/matricula_unificada_2026_oficial__muestra_20filas_cols_001_010.csv	matricula_unificada_2026_oficial__muestra_20filas_cols_001_010.csv	.csv	1340	2026-05-07T11:49:31.598734-04:00	TRACKED_OR_UNMODIFIED	resultado histórico o auditoría	SI	Inventario por ruta y metadatos; no inspecciona registros personales.
resultados/auditoria_end_to_end_bloques_10cols_FIX_20260507_114929/matricula_unificada_2026_oficial__bloque_cols_021_030.csv	matricula_unificada_2026_oficial__bloque_cols_021_030.csv	.csv	749	2026-05-07T11:49:31.654620-04:00	TRACKED_OR_UNMODIFIED	resultado histórico o auditoría	SI	Inventario por ruta y metadatos; no inspecciona registros personales.
resultados/auditoria_end_to_end_bloques_10cols_FIX_20260507_114929/matricula_unificada_2026_pregrado__muestra_20filas_cols_001_010.csv	matricula_unificada_2026_pregrado__muestra_20filas_cols_001_010.csv	.csv	1315	2026-05-07T11:49:29.994144-04:00	TRACKED_OR_UNMODIFIED	resultado histórico o auditoría	SI	Inventario por ruta y metadatos; no inspecciona registros personales.
resultados/auditoria_end_to_end_bloques_10cols_FIX_20260507_114929/auditoria_consolidacion_codcli__bloque_cols_001_010.csv	auditoria_consolidacion_codcli__bloque_cols_001_010.csv	.csv	1127	2026-05-07T11:49:32.133921-04:00	TRACKED_OR_UNMODIFIED	resultado histórico o auditoría	SI	Inventario por ruta y metadatos; no inspecciona registros personales.
resultados/auditoria_end_to_end_bloques_10cols_FIX_20260507_114929/matricula_unificada_2026_control__bloque_cols_021_030.csv	matricula_unificada_2026_control__bloque_cols_021_030.csv	.csv	749	2026-05-07T11:49:31.753098-04:00	TRACKED_OR_UNMODIFIED	resultado histórico o auditoría	SI	Inventario por ruta y metadatos; no inspecciona registros personales.
resultados/auditoria_end_to_end_bloques_10cols_FIX_20260507_114929/matricula_avance_curricular_2025_pes_ready__muestra_20filas_cols_011_020.csv	matricula_avance_curricular_2025_pes_ready__muestra_20filas_cols_011_020.csv	.csv	429	2026-05-07T11:49:31.959110-04:00	TRACKED_OR_UNMODIFIED	resultado histórico o auditoría	SI	Inventario por ruta y metadatos; no inspecciona registros personales.
resultados/auditoria_end_to_end_bloques_10cols_FIX_20260507_114929/auditoria_consolidacion_codcli__bloque_cols_011_011.csv	auditoria_consolidacion_codcli__bloque_cols_011_011.csv	.csv	200	2026-05-07T11:49:32.149878-04:00	TRACKED_OR_UNMODIFIED	resultado histórico o auditoría	SI	Inventario por ruta y metadatos; no inspecciona registros personales.
resultados/auditoria_end_to_end_bloques_10cols_FIX_20260507_114929/matricula_unificada_2026_control__resumen_todas_las_columnas.csv	matricula_unificada_2026_control__resumen_todas_las_columnas.csv	.csv	2208	2026-05-07T11:49:31.760540-04:00	TRACKED_OR_UNMODIFIED	resultado histórico o auditoría	SI	Inventario por ruta y metadatos; no inspecciona registros personales.
resultados/auditoria_end_to_end_bloques_10cols_FIX_20260507_114929/matricula_avance_curricular_2025_control__resumen_todas_las_columnas.csv	matricula_avance_curricular_2025_control__resumen_todas_las_columnas.csv	.csv	1406	2026-05-07T11:49:31.888601-04:00	TRACKED_OR_UNMODIFIED	resultado histórico o auditoría	SI	Inventario por ruta y metadatos; no inspecciona registros personales.
resultados/auditoria_end_to_end_bloques_10cols_FIX_20260507_114929/carreras_avance_curricular_2025_pes_ready__bloque_cols_001_010.csv	carreras_avance_curricular_2025_pes_ready__bloque_cols_001_010.csv	.csv	563	2026-05-07T11:49:31.797230-04:00	TRACKED_OR_UNMODIFIED	resultado histórico o auditoría	SI	Inventario por ruta y metadatos; no inspecciona registros personales.
resultados/auditoria_end_to_end_bloques_10cols_FIX_20260507_114929/matricula_unificada_2026_control__bloque_cols_031_032.csv	matricula_unificada_2026_control__bloque_cols_031_032.csv	.csv	220	2026-05-07T11:49:31.759432-04:00	TRACKED_OR_UNMODIFIED	resultado histórico o auditoría	SI	Inventario por ruta y metadatos; no inspecciona registros personales.
resultados/run_and_validate_oficial_2026-04-09_fix_cicre_v2/reporte_matricula 2.json	reporte_matricula 2.json	.json	2445	2026-06-26T00:47:07.985956-04:00	TRACKED_OR_UNMODIFIED	resultado histórico o auditoría	NO_DETERMINADO	Inventario por ruta y metadatos; no inspecciona registros personales.
resultados/run_and_validate_oficial_2026-04-09_fix_cicre_v2/auditoria_maestra 2.md	auditoria_maestra 2.md	.md	16594	2026-06-26T00:47:07.985667-04:00	TRACKED_OR_UNMODIFIED	resultado histórico o auditoría	NO_DETERMINADO	Inventario por ruta y metadatos; no inspecciona registros personales.
resultados/run_and_validate_oficial_2026-04-09_fix_cicre_v2/auditoria_maestra.md	auditoria_maestra.md	.md	16594	2026-04-09T09:07:14.557544-04:00	TRACKED_OR_UNMODIFIED	resultado histórico o auditoría	NO_DETERMINADO	Inventario por ruta y metadatos; no inspecciona registros personales.
resultados/run_and_validate_oficial_2026-04-09_fix_cicre_v2/reporte_matricula.json	reporte_matricula.json	.json	2445	2026-04-09T09:07:14.558589-04:00	TRACKED_OR_UNMODIFIED	resultado histórico o auditoría	NO_DETERMINADO	Inventario por ruta y metadatos; no inspecciona registros personales.
resultados/reportes/REPORTE_CIERRE_ICRE068_EXTRANJEROS_V8 2.md	REPORTE_CIERRE_ICRE068_EXTRANJEROS_V8 2.md	.md	1240	2026-06-25T21:57:41-04:00	TRACKED_OR_UNMODIFIED	resultado histórico o auditoría	NO_DETERMINADO	Inventario por ruta y metadatos; no inspecciona registros personales.
resultados/reportes/REPORTE_IMPLEMENTACION_MOTOR_SIES_CORREGIDO_MU2026 2.md	REPORTE_IMPLEMENTACION_MOTOR_SIES_CORREGIDO_MU2026 2.md	.md	901	2026-06-25T18:27:00-04:00	TRACKED_OR_UNMODIFIED	resultado histórico o auditoría	NO_DETERMINADO	Inventario por ruta y metadatos; no inspecciona registros personales.
resultados/reportes/REPORTE_INTEGRACION_MU_EXTRANJEROS_V7 2.md	REPORTE_INTEGRACION_MU_EXTRANJEROS_V7 2.md	.md	553	2026-06-25T18:27:00-04:00	TRACKED_OR_UNMODIFIED	resultado histórico o auditoría	NO_DETERMINADO	Inventario por ruta y metadatos; no inspecciona registros personales.
resultados/reportes/REPORTE_AUDITORIA_CARRERAS_CODIGOS_SIES_MU2026 2.md	REPORTE_AUDITORIA_CARRERAS_CODIGOS_SIES_MU2026 2.md	.md	3516	2026-06-25T17:20:18-04:00	TRACKED_OR_UNMODIFIED	resultado histórico o auditoría	NO_DETERMINADO	Inventario por ruta y metadatos; no inspecciona registros personales.
resultados/reportes/REPORTE_CASO_CRITICO_NETMRE016_MU2026 2.md	REPORTE_CASO_CRITICO_NETMRE016_MU2026 2.md	.md	2783	2026-06-25T17:31:43-04:00	TRACKED_OR_UNMODIFIED	resultado histórico o auditoría	NO_DETERMINADO	Inventario por ruta y metadatos; no inspecciona registros personales.
resultados/reportes/REPORTE_AUDITORIA_TRANSVERSAL_GOBERNANZA_SIES_MU2026 2.md	REPORTE_AUDITORIA_TRANSVERSAL_GOBERNANZA_SIES_MU2026 2.md	.md	2412	2026-06-25T18:00:28-04:00	TRACKED_OR_UNMODIFIED	resultado histórico o auditoría	NO_DETERMINADO	Inventario por ruta y metadatos; no inspecciona registros personales.
resultados/auditoria_mu2026_bloque_03_cols_21_30_20260507_115340/muestra_50_filas_bloque_03_cols_21_30.csv	muestra_50_filas_bloque_03_cols_21_30.csv	.csv	1669	2026-05-07T11:53:40.674871-04:00	TRACKED_OR_UNMODIFIED	resultado histórico o auditoría	SI	Inventario por ruta y metadatos; no inspecciona registros personales.
resultados/auditoria_mu2026_bloque_03_cols_21_30_20260507_115340/perfil_columnas_bloque_03_cols_21_30.csv	perfil_columnas_bloque_03_cols_21_30.csv	.csv	778	2026-05-07T11:53:40.674390-04:00	TRACKED_OR_UNMODIFIED	resultado histórico o auditoría	SI	Inventario por ruta y metadatos; no inspecciona registros personales.
resultados/auditoria_mu2026_bloque_03_cols_21_30_20260507_115340/resumen_validacion_bloque_03_cols_21_30.csv	resumen_validacion_bloque_03_cols_21_30.csv	.csv	1442	2026-05-07T11:53:40.674024-04:00	TRACKED_OR_UNMODIFIED	resultado histórico o auditoría	SI	Inventario por ruta y metadatos; no inspecciona registros personales.
resultados/auditoria_mu2026_bloque_02_cols_11_20_20260507_115241/muestra_50_filas_bloque_02_cols_11_20.csv	muestra_50_filas_bloque_02_cols_11_20.csv	.csv	1453	2026-05-07T11:52:41.367407-04:00	TRACKED_OR_UNMODIFIED	resultado histórico o auditoría	SI	Inventario por ruta y metadatos; no inspecciona registros personales.
resultados/auditoria_mu2026_bloque_02_cols_11_20_20260507_115241/resumen_validacion_bloque_02_cols_11_20.csv	resumen_validacion_bloque_02_cols_11_20.csv	.csv	1821	2026-05-07T11:52:41.366651-04:00	TRACKED_OR_UNMODIFIED	resultado histórico o auditoría	SI	Inventario por ruta y metadatos; no inspecciona registros personales.
resultados/auditoria_mu2026_bloque_02_cols_11_20_20260507_115241/perfil_columnas_bloque_02_cols_11_20.csv	perfil_columnas_bloque_02_cols_11_20.csv	.csv	478	2026-05-07T11:52:41.366958-04:00	TRACKED_OR_UNMODIFIED	resultado histórico o auditoría	SI	Inventario por ruta y metadatos; no inspecciona registros personales.
resultados/complemento_95_codcli/log_correcciones_v2.tsv	log_correcciones_v2.tsv	.tsv	5959	2026-05-11T11:58:03.120418-04:00	TRACKED_OR_UNMODIFIED	resultado histórico o auditoría	SI	Inventario por ruta y metadatos; no inspecciona registros personales.
resultados/complemento_95_codcli/00_resguardo_carga_principal.csv	00_resguardo_carga_principal.csv	.csv	247	2026-05-09T00:10:38.805608-04:00	TRACKED_OR_UNMODIFIED	resultado histórico o auditoría	SI	Inventario por ruta y metadatos; no inspecciona registros personales.
resultados/complemento_95_codcli/matricula_unificada_2026_COMPLEMENTO_95_CODCLI_CORREGIDO_V2.csv	matricula_unificada_2026_COMPLEMENTO_95_CODCLI_CORREGIDO_V2.csv	.csv	11607	2026-05-11T11:58:03.116749-04:00	TRACKED_OR_UNMODIFIED	resultado histórico o auditoría	SI	Inventario por ruta y metadatos; no inspecciona registros personales.
resultados/complemento_95_codcli/02_auditoria_vigencia_datosalumnos.csv	02_auditoria_vigencia_datosalumnos.csv	.csv	5639	2026-05-09T00:10:42.242968-04:00	TRACKED_OR_UNMODIFIED	resultado histórico o auditoría	SI	Inventario por ruta y metadatos; no inspecciona registros personales.
resultados/complemento_95_codcli/matricula_unificada_2026_COMPLEMENTO_95_CODCLI_CORREGIDO_V3.csv	matricula_unificada_2026_COMPLEMENTO_95_CODCLI_CORREGIDO_V3.csv	.csv	11607	2026-05-11T12:09:08.921878-04:00	TRACKED_OR_UNMODIFIED	resultado histórico o auditoría	SI	Inventario por ruta y metadatos; no inspecciona registros personales.
resultados/complemento_95_codcli/matricula_unificada_2026_COMPLEMENTO_95_CODCLI_PARA_SUBIR_ORIGINAL_PRE_V2.csv	matricula_unificada_2026_COMPLEMENTO_95_CODCLI_PARA_SUBIR_ORIGINAL_PRE_V2.csv	.csv	11610	2026-05-11T11:29:47.948697-04:00	TRACKED_OR_UNMODIFIED	resultado histórico o auditoría	SI	Inventario por ruta y metadatos; no inspecciona registros personales.
resultados/complemento_95_codcli/01_auditoria_nomina_95.csv	01_auditoria_nomina_95.csv	.csv	24339	2026-05-09T00:10:38.809885-04:00	TRACKED_OR_UNMODIFIED	resultado histórico o auditoría	SI	Inventario por ruta y metadatos; no inspecciona registros personales.
resultados/complemento_95_codcli/04_auditoria_32_campos_complemento_95.csv	04_auditoria_32_campos_complemento_95.csv	.csv	117657	2026-05-09T00:10:42.318636-04:00	TRACKED_OR_UNMODIFIED	resultado histórico o auditoría	SI	Inventario por ruta y metadatos; no inspecciona registros personales.
resultados/complemento_95_codcli/matricula_unificada_2026_COMPLEMENTO_95_CODCLI_RECTIFICADA_20260618.csv	matricula_unificada_2026_COMPLEMENTO_95_CODCLI_RECTIFICADA_20260618.csv	.csv	11614	2026-06-18T13:31:07.214672-04:00	TRACKED_OR_UNMODIFIED	resultado histórico o auditoría	SI	Inventario por ruta y metadatos; no inspecciona registros personales.
resultados/complemento_95_codcli/matricula_unificada_2026_COMPLEMENTO_95_CODCLI_PARA_SUBIR.csv	matricula_unificada_2026_COMPLEMENTO_95_CODCLI_PARA_SUBIR.csv	.csv	11610	2026-05-11T11:29:47.948697-04:00	TRACKED_OR_UNMODIFIED	resultado histórico o auditoría	SI	Inventario por ruta y metadatos; no inspecciona registros personales.
resultados/auditoria_mu2026_bloque_04_cols_31_32_20260507_115424/muestra_50_filas_bloque_04_cols_31_32.csv	muestra_50_filas_bloque_04_cols_31_32.csv	.csv	223	2026-05-07T11:54:24.595331-04:00	TRACKED_OR_UNMODIFIED	resultado histórico o auditoría	SI	Inventario por ruta y metadatos; no inspecciona registros personales.
resultados/auditoria_mu2026_bloque_04_cols_31_32_20260507_115424/perfil_columnas_bloque_04_cols_31_32.csv	perfil_columnas_bloque_04_cols_31_32.csv	.csv	163	2026-05-07T11:54:24.594153-04:00	TRACKED_OR_UNMODIFIED	resultado histórico o auditoría	SI	Inventario por ruta y metadatos; no inspecciona registros personales.
resultados/auditoria_mu2026_bloque_04_cols_31_32_20260507_115424/resumen_validacion_bloque_04_cols_31_32.csv	resumen_validacion_bloque_04_cols_31_32.csv	.csv	255	2026-05-07T11:54:24.593253-04:00	TRACKED_OR_UNMODIFIED	resultado histórico o auditoría	SI	Inventario por ruta y metadatos; no inspecciona registros personales.
resultados/auditoria_multicodcli_mu2026_reconstruida_desde_cero/01_auditorias/AUDITORIA_MAPEO_OFERTA_SIES.csv	AUDITORIA_MAPEO_OFERTA_SIES.csv	.csv	36735	2026-06-23T17:34:36.344252-04:00	TRACKED_OR_UNMODIFIED	resultado histórico o auditoría	SI	Inventario por ruta y metadatos; no inspecciona registros personales.
resultados/auditoria_multicodcli_mu2026_reconstruida_desde_cero/01_auditorias/INVENTARIO_ARTEFACTOS_ANALISIS_ANTERIOR.csv	INVENTARIO_ARTEFACTOS_ANALISIS_ANTERIOR.csv	.csv	146049	2026-06-23T17:32:58.160422-04:00	TRACKED_OR_UNMODIFIED	resultado histórico o auditoría	SI	Inventario por ruta y metadatos; no inspecciona registros personales.
resultados/auditoria_multicodcli_mu2026_reconstruida_desde_cero/01_auditorias/AUDITORIA_VIGENCIA_MATRICULA.csv	AUDITORIA_VIGENCIA_MATRICULA.csv	.csv	914826	2026-06-23T17:34:35.086488-04:00	TRACKED_OR_UNMODIFIED	resultado histórico o auditoría	SI	Inventario por ruta y metadatos; no inspecciona registros personales.
resultados/auditoria_multicodcli_mu2026_reconstruida_desde_cero/01_auditorias/AUDITORIA_CARRERAS_POR_RUT.csv	AUDITORIA_CARRERAS_POR_RUT.csv	.csv	150821	2026-06-23T17:34:36.255605-04:00	TRACKED_OR_UNMODIFIED	resultado histórico o auditoría	SI	Inventario por ruta y metadatos; no inspecciona registros personales.
resultados/auditoria_multicodcli_mu2026_reconstruida_desde_cero/01_auditorias/UNIVERSO_RUT_MULTICODCLI_INICIAL.csv	UNIVERSO_RUT_MULTICODCLI_INICIAL.csv	.csv	328977	2026-06-23T17:34:31.994752-04:00	TRACKED_OR_UNMODIFIED	resultado histórico o auditoría	SI	Inventario por ruta y metadatos; no inspecciona registros personales.
resultados/auditoria_multicodcli_mu2026_reconstruida_desde_cero/01_auditorias/AUDITORIA_FILTRO_2026_1.csv	AUDITORIA_FILTRO_2026_1.csv	.csv	713255	2026-06-23T17:34:32.096539-04:00	TRACKED_OR_UNMODIFIED	resultado histórico o auditoría	SI	Inventario por ruta y metadatos; no inspecciona registros personales.
resultados/auditoria_multicodcli_mu2026_reconstruida_desde_cero/01_auditorias/AUDITORIA_FILAS_MU_ORIGINAL.csv	AUDITORIA_FILAS_MU_ORIGINAL.csv	.csv	1758835	2026-06-23T17:34:36.758889-04:00	TRACKED_OR_UNMODIFIED	resultado histórico o auditoría	SI	Inventario por ruta y metadatos; no inspecciona registros personales.
resultados/auditoria_multicodcli_mu2026_reconstruida_desde_cero/01_auditorias/ARTEFACTOS_INVALIDADOS_MOVIDOS.csv	ARTEFACTOS_INVALIDADOS_MOVIDOS.csv	.csv	1	2026-06-23T17:35:13.993663-04:00	TRACKED_OR_UNMODIFIED	resultado histórico o auditoría	SI	Inventario por ruta y metadatos; no inspecciona registros personales.
resultados/auditoria_multicodcli_mu2026_reconstruida_desde_cero/00_fuentes_controladas/FUENTES_CONTROLADAS_HASHES_DESPUES.csv	FUENTES_CONTROLADAS_HASHES_DESPUES.csv	.csv	1865	2026-06-23T17:35:13.990801-04:00	TRACKED_OR_UNMODIFIED	resultado histórico o auditoría	SI	Inventario por ruta y metadatos; no inspecciona registros personales.
resultados/auditoria_multicodcli_mu2026_reconstruida_desde_cero/00_fuentes_controladas/FUENTES_CONTROLADAS_HASHES_ANTES.csv	FUENTES_CONTROLADAS_HASHES_ANTES.csv	.csv	1331	2026-06-23T17:34:31.139755-04:00	TRACKED_OR_UNMODIFIED	resultado histórico o auditoría	SI	Inventario por ruta y metadatos; no inspecciona registros personales.
resultados/auditoria_multicodcli_mu2026_reconstruida_desde_cero/00_fuentes_controladas/FUENTES_DETECTADAS_POR_CONTENIDO.csv	FUENTES_DETECTADAS_POR_CONTENIDO.csv	.csv	173641	2026-06-23T17:34:21.242402-04:00	TRACKED_OR_UNMODIFIED	resultado histórico o auditoría	SI	Inventario por ruta y metadatos; no inspecciona registros personales.
resultados/auditoria_multicodcli_mu2026_reconstruida_desde_cero/03_archivos_rectificacion/RECTIFICACION_MU2026_RECONSTRUIDA_DESDE_CERO_CON_ENCABEZADOS.xlsx	RECTIFICACION_MU2026_RECONSTRUIDA_DESDE_CERO_CON_ENCABEZADOS.xlsx	.xlsx	13494	2026-06-23T17:34:38.773133-04:00	TRACKED_OR_UNMODIFIED	resultado histórico o auditoría	SI	Inventario por ruta y metadatos; no inspecciona registros personales.
resultados/auditoria_multicodcli_mu2026_reconstruida_desde_cero/03_archivos_rectificacion/RECTIFICACION_MU2026_RECONSTRUIDA_DESDE_CERO.csv	RECTIFICACION_MU2026_RECONSTRUIDA_DESDE_CERO.csv	.csv	3827	2026-06-23T17:34:38.745204-04:00	TRACKED_OR_UNMODIFIED	resultado histórico o auditoría	SI	Inventario por ruta y metadatos; no inspecciona registros personales.
resultados/auditoria_multicodcli_mu2026_reconstruida_desde_cero/04_archivos_rectoria/RESUMEN_EJECUTIVO_RECTIFICACION_MU2026_RECONSTRUIDA.xlsx	RESUMEN_EJECUTIVO_RECTIFICACION_MU2026_RECONSTRUIDA.xlsx	.xlsx	9576	2026-06-23T17:35:13.800400-04:00	TRACKED_OR_UNMODIFIED	resultado histórico o auditoría	SI	Inventario por ruta y metadatos; no inspecciona registros personales.
resultados/auditoria_multicodcli_mu2026_reconstruida_desde_cero/05_reportes/REPORTE_TECNICO_RECONSTRUCCION_MU2026 2.md	REPORTE_TECNICO_RECONSTRUCCION_MU2026 2.md	.md	6895	2026-06-23T17:35:14-04:00	TRACKED_OR_UNMODIFIED	resultado histórico o auditoría	NO_DETERMINADO	Inventario por ruta y metadatos; no inspecciona registros personales.
resultados/auditoria_multicodcli_mu2026_reconstruida_desde_cero/02_resultados_tecnicos/DECISIONES_RECTIFICACION_MU2026.csv	DECISIONES_RECTIFICACION_MU2026.csv	.csv	27822	2026-06-23T17:34:38.744097-04:00	TRACKED_OR_UNMODIFIED	resultado histórico o auditoría	SI	Inventario por ruta y metadatos; no inspecciona registros personales.
resultados/auditoria_multicodcli_mu2026_reconstruida_desde_cero/02_resultados_tecnicos/CIERRE_MULTICODCLI_MU2026_AUDITABLE_RECONSTRUIDO.xlsx	CIERRE_MULTICODCLI_MU2026_AUDITABLE_RECONSTRUIDO.xlsx	.xlsx	8644129	2026-06-23T17:35:13.783639-04:00	TRACKED_OR_UNMODIFIED	resultado histórico o auditoría	SI	Inventario por ruta y metadatos; no inspecciona registros personales.
resultados/auditoria_multicodcli_mu2026_reconstruida_desde_cero/02_resultados_tecnicos/COMPARACION_MATRICULAS_2026_1_VS_MU.csv	COMPARACION_MATRICULAS_2026_1_VS_MU.csv	.csv	17495	2026-06-23T17:34:37.119545-04:00	TRACKED_OR_UNMODIFIED	resultado histórico o auditoría	SI	Inventario por ruta y metadatos; no inspecciona registros personales.
resultados/auditorias/RESUMEN_EJECUCION_AUDITORIA_74_AJUSTES_SEDE_MU2026 2.json	RESUMEN_EJECUCION_AUDITORIA_74_AJUSTES_SEDE_MU2026 2.json	.json	4977	2026-06-25T18:07:49-04:00	TRACKED_OR_UNMODIFIED	resultado histórico o auditoría	NO_DETERMINADO	Inventario por ruta y metadatos; no inspecciona registros personales.
resultados/auditorias/CASOS_ESPECIALES_VIGENCIA_EXTRANJEROS_2025.csv	CASOS_ESPECIALES_VIGENCIA_EXTRANJEROS_2025.csv	.csv	1841	2026-06-25T22:47:59.421902-04:00	TRACKED_OR_UNMODIFIED	resultado histórico o auditoría	SI	Inventario por ruta y metadatos; no inspecciona registros personales.
resultados/auditorias/INCONSISTENCIAS_CODIGO_SIES_POR_COMBINACION_MU2026.csv	INCONSISTENCIAS_CODIGO_SIES_POR_COMBINACION_MU2026.csv	.csv	1038	2026-06-25T17:20:18.246807-04:00	TRACKED_OR_UNMODIFIED	resultado histórico o auditoría	SI	Inventario por ruta y metadatos; no inspecciona registros personales.
resultados/auditorias/VALIDACION_PES_EXTRANJEROS_2025_FINAL 2.csv	VALIDACION_PES_EXTRANJEROS_2025_FINAL 2.csv	.csv	163	2026-06-25T21:57:41-04:00	TRACKED_OR_UNMODIFIED	resultado histórico o auditoría	SI	Inventario por ruta y metadatos; no inspecciona registros personales.
resultados/auditorias/INVENTARIO_EVIDENCIAS_ICRE068 2.csv	INVENTARIO_EVIDENCIAS_ICRE068 2.csv	.csv	11729	2026-06-25T21:57:41-04:00	TRACKED_OR_UNMODIFIED	resultado histórico o auditoría	SI	Inventario por ruta y metadatos; no inspecciona registros personales.
resultados/auditorias/INVENTARIO_LOGICA_SELECCION_VERSION_SIES_MU.csv	INVENTARIO_LOGICA_SELECCION_VERSION_SIES_MU.csv	.csv	144707	2026-06-25T14:33:10.569805-04:00	TRACKED_OR_UNMODIFIED	resultado histórico o auditoría	SI	Inventario por ruta y metadatos; no inspecciona registros personales.
resultados/auditorias/.DS_Store	.DS_Store		8196	2026-06-25T22:30:12.334844-04:00	TRACKED_OR_UNMODIFIED	resultado histórico o auditoría	NO_DETERMINADO	Inventario por ruta y metadatos; no inspecciona registros personales.
resultados/auditorias/FICHA_COMPLETA_20241ICRE068 2.csv	FICHA_COMPLETA_20241ICRE068 2.csv	.csv	976	2026-06-25T21:57:41-04:00	TRACKED_OR_UNMODIFIED	resultado histórico o auditoría	SI	Inventario por ruta y metadatos; no inspecciona registros personales.
resultados/auditorias/COMPARACION_HISTORICO_VS_MOTOR_CORREGIDO_MU2026.csv	COMPARACION_HISTORICO_VS_MOTOR_CORREGIDO_MU2026.csv	.csv	321632	2026-06-25T18:26:55.810875-04:00	TRACKED_OR_UNMODIFIED	resultado histórico o auditoría	SI	Inventario por ruta y metadatos; no inspecciona registros personales.
resultados/auditorias/IMPACTO_TRANSVERSAL_INCONSISTENCIAS_SIES_MU2026.csv	IMPACTO_TRANSVERSAL_INCONSISTENCIAS_SIES_MU2026.csv	.csv	24706	2026-06-25T18:00:17.610540-04:00	TRACKED_OR_UNMODIFIED	resultado histórico o auditoría	SI	Inventario por ruta y metadatos; no inspecciona registros personales.
resultados/auditorias/UNIVERSO_V8_VIGENCIA_61_EXTRANJEROS.csv	UNIVERSO_V8_VIGENCIA_61_EXTRANJEROS.csv	.csv	8665	2026-06-25T22:47:59.338082-04:00	TRACKED_OR_UNMODIFIED	resultado histórico o auditoría	SI	Inventario por ruta y metadatos; no inspecciona registros personales.
resultados/auditorias/IDENTIFICACION_ARCHIVO_REAL_CARGA_MU2026.csv	IDENTIFICACION_ARCHIVO_REAL_CARGA_MU2026.csv	.csv	2048	2026-06-25T17:31:43.687064-04:00	TRACKED_OR_UNMODIFIED	resultado histórico o auditoría	SI	Inventario por ruta y metadatos; no inspecciona registros personales.
resultados/auditorias/RESUMEN_EJECUCION_CASO_NETMRE016_MU2026 2.json	RESUMEN_EJECUCION_CASO_NETMRE016_MU2026 2.json	.json	4849	2026-06-25T17:31:44-04:00	TRACKED_OR_UNMODIFIED	resultado histórico o auditoría	NO_DETERMINADO	Inventario por ruta y metadatos; no inspecciona registros personales.
resultados/auditorias/RESUMEN_VERIFICACION_CIERRE_ICRE068 2.json	RESUMEN_VERIFICACION_CIERRE_ICRE068 2.json	.json	1975	2026-06-25T21:57:41-04:00	TRACKED_OR_UNMODIFIED	resultado histórico o auditoría	NO_DETERMINADO	Inventario por ruta y metadatos; no inspecciona registros personales.
resultados/auditorias/VALIDACION_CIERRE_ICRE068_Y_PES 2.csv	VALIDACION_CIERRE_ICRE068_Y_PES 2.csv	.csv	584	2026-06-25T21:57:41-04:00	TRACKED_OR_UNMODIFIED	resultado histórico o auditoría	SI	Inventario por ruta y metadatos; no inspecciona registros personales.
resultados/auditorias/COMMIT_BASE_CIERRE_ICRE068 2.txt	COMMIT_BASE_CIERRE_ICRE068 2.txt	.txt	464	2026-06-25T21:57:41-04:00	TRACKED_OR_UNMODIFIED	resultado histórico o auditoría	NO_DETERMINADO	Inventario por ruta y metadatos; no inspecciona registros personales.
resultados/auditorias/RESUMEN_CIERRE_ICRE068_V8 2.json	RESUMEN_CIERRE_ICRE068_V8 2.json	.json	700	2026-06-25T21:57:41-04:00	TRACKED_OR_UNMODIFIED	resultado histórico o auditoría	NO_DETERMINADO	Inventario por ruta y metadatos; no inspecciona registros personales.
resultados/auditorias/CERTIFICACION_VIGENCIA_61_EXTRANJEROS.csv	CERTIFICACION_VIGENCIA_61_EXTRANJEROS.csv	.csv	26182	2026-06-25T22:47:59.417355-04:00	TRACKED_OR_UNMODIFIED	resultado histórico o auditoría	SI	Inventario por ruta y metadatos; no inspecciona registros personales.
resultados/auditorias/FILA_REAL_CARGADA_20171NETMRE016.csv	FILA_REAL_CARGADA_20171NETMRE016.csv	.csv	823	2026-06-25T17:31:43.701963-04:00	TRACKED_OR_UNMODIFIED	resultado histórico o auditoría	SI	Inventario por ruta y metadatos; no inspecciona registros personales.
resultados/auditorias/VERIFICACION_FUENTES_PRIMARIAS_VIGENCIA_61.csv	VERIFICACION_FUENTES_PRIMARIAS_VIGENCIA_61.csv	.csv	9754	2026-06-25T22:48:02.608620-04:00	TRACKED_OR_UNMODIFIED	resultado histórico o auditoría	SI	Inventario por ruta y metadatos; no inspecciona registros personales.
resultados/auditorias/UNIVERSO_CARRERAS_CODIGOS_SIES_MU2026.csv	UNIVERSO_CARRERAS_CODIGOS_SIES_MU2026.csv	.csv	309	2026-06-25T17:20:18.242362-04:00	TRACKED_OR_UNMODIFIED	resultado histórico o auditoría	SI	Inventario por ruta y metadatos; no inspecciona registros personales.
resultados/auditorias/VALIDACION_FINAL_PES_EXTRANJEROS_VIGENCIA_CERTIFICADA.csv	VALIDACION_FINAL_PES_EXTRANJEROS_VIGENCIA_CERTIFICADA.csv	.csv	865	2026-06-25T22:48:02.634604-04:00	TRACKED_OR_UNMODIFIED	resultado histórico o auditoría	SI	Inventario por ruta y metadatos; no inspecciona registros personales.
resultados/auditorias/REVISION_INTEGRACION_MU_EXTRANJEROS_SIES_2026.xlsx	REVISION_INTEGRACION_MU_EXTRANJEROS_SIES_2026.xlsx	.xlsx	691591	2026-06-25T18:27:00.515531-04:00	TRACKED_OR_UNMODIFIED	resultado histórico o auditoría	SI	Inventario por ruta y metadatos; no inspecciona registros personales.
resultados/auditorias/REGLA_OFICIAL_VIGENCIA_EXTRANJEROS_2025.csv	REGLA_OFICIAL_VIGENCIA_EXTRANJEROS_2025.csv	.csv	437	2026-06-25T22:47:59.320187-04:00	TRACKED_OR_UNMODIFIED	resultado histórico o auditoría	SI	Inventario por ruta y metadatos; no inspecciona registros personales.
resultados/auditorias/REVISION_CARRERAS_CODIGOS_SIES_MU2026.xlsx	REVISION_CARRERAS_CODIGOS_SIES_MU2026.xlsx	.xlsx	90276	2026-06-25T17:20:18.496944-04:00	TRACKED_OR_UNMODIFIED	resultado histórico o auditoría	SI	Inventario por ruta y metadatos; no inspecciona registros personales.
resultados/auditorias/REVISION_74_AJUSTES_SEDE_MU2026.xlsx	REVISION_74_AJUSTES_SEDE_MU2026.xlsx	.xlsx	62171	2026-06-25T18:07:49.684924-04:00	TRACKED_OR_UNMODIFIED	resultado histórico o auditoría	SI	Inventario por ruta y metadatos; no inspecciona registros personales.
resultados/auditorias/HASH_COPIAS_ESCRITORIO_NETMRE016_MU2026.csv	HASH_COPIAS_ESCRITORIO_NETMRE016_MU2026.csv	.csv	1593	2026-06-25T17:31:44.118485-04:00	TRACKED_OR_UNMODIFIED	resultado histórico o auditoría	SI	Inventario por ruta y metadatos; no inspecciona registros personales.
resultados/auditorias/COPIAS_ESCRITORIO_CERTIFICACION_VIGENCIA_EXTRANJEROS_2025.csv	COPIAS_ESCRITORIO_CERTIFICACION_VIGENCIA_EXTRANJEROS_2025.csv	.csv	1348	2026-06-25T22:48:02.998414-04:00	TRACKED_OR_UNMODIFIED	resultado histórico o auditoría	SI	Inventario por ruta y metadatos; no inspecciona registros personales.
resultados/auditorias/MANIFIESTO_PRE_CIERRE_ICRE068 2.json	MANIFIESTO_PRE_CIERRE_ICRE068 2.json	.json	3295	2026-06-25T21:57:41-04:00	TRACKED_OR_UNMODIFIED	resultado histórico o auditoría	NO_DETERMINADO	Inventario por ruta y metadatos; no inspecciona registros personales.
resultados/auditorias/ESTADO_POST_CARGA_20171NETMRE016.csv	ESTADO_POST_CARGA_20171NETMRE016.csv	.csv	1881	2026-06-25T17:31:43.744480-04:00	TRACKED_OR_UNMODIFIED	resultado histórico o auditoría	SI	Inventario por ruta y metadatos; no inspecciona registros personales.
resultados/auditorias/REVISION_LOGICA_VERSIONES_SIES_MU.xlsx	REVISION_LOGICA_VERSIONES_SIES_MU.xlsx	.xlsx	1658892	2026-06-25T14:33:21.179822-04:00	TRACKED_OR_UNMODIFIED	resultado histórico o auditoría	SI	Inventario por ruta y metadatos; no inspecciona registros personales.
resultados/auditorias/MATRIZ_TRANSVERSAL_GOBERNANZA_VS_CARGA_SIES_MU2026.csv	MATRIZ_TRANSVERSAL_GOBERNANZA_VS_CARGA_SIES_MU2026.csv	.csv	1881681	2026-06-25T18:00:17.603858-04:00	TRACKED_OR_UNMODIFIED	resultado histórico o auditoría	SI	Inventario por ruta y metadatos; no inspecciona registros personales.
resultados/auditorias/COMPARACION_ICRE068_V1_V4 2.csv	COMPARACION_ICRE068_V1_V4 2.csv	.csv	1091	2026-06-25T21:57:41-04:00	TRACKED_OR_UNMODIFIED	resultado histórico o auditoría	SI	Inventario por ruta y metadatos; no inspecciona registros personales.
resultados/auditorias/CAMBIOS_CODIGO_SIES_MU_A_EXTRANJEROS_V7.csv	CAMBIOS_CODIGO_SIES_MU_A_EXTRANJEROS_V7.csv	.csv	817	2026-06-25T18:26:55.850358-04:00	TRACKED_OR_UNMODIFIED	resultado histórico o auditoría	SI	Inventario por ruta y metadatos; no inspecciona registros personales.
resultados/auditorias/MAPA_RUTA_PRODUCTIVA_CODIGO_SIES_MU2026.csv	MAPA_RUTA_PRODUCTIVA_CODIGO_SIES_MU2026.csv	.csv	1335	2026-06-25T18:26:50.675349-04:00	TRACKED_OR_UNMODIFIED	resultado histórico o auditoría	SI	Inventario por ruta y metadatos; no inspecciona registros personales.
resultados/auditorias/COMPARACION_EXTRANJEROS_V7_V8 2.csv	COMPARACION_EXTRANJEROS_V7_V8 2.csv	.csv	1383	2026-06-25T21:57:41-04:00	TRACKED_OR_UNMODIFIED	resultado histórico o auditoría	SI	Inventario por ruta y metadatos; no inspecciona registros personales.
resultados/auditorias/IMPACTO_FINAL_20171NETMRE016.csv	IMPACTO_FINAL_20171NETMRE016.csv	.csv	750	2026-06-25T17:31:43.745999-04:00	TRACKED_OR_UNMODIFIED	resultado histórico o auditoría	SI	Inventario por ruta y metadatos; no inspecciona registros personales.
resultados/auditorias/TRAZABILIDAD_ASIGNACION_VERSION_MU2026.csv	TRAZABILIDAD_ASIGNACION_VERSION_MU2026.csv	.csv	922	2026-06-25T18:00:17.606150-04:00	TRACKED_OR_UNMODIFIED	resultado histórico o auditoría	SI	Inventario por ruta y metadatos; no inspecciona registros personales.
resultados/auditorias/RECONSTRUCCION_DECISIONES_VERSION_SIES_MU.csv	RECONSTRUCCION_DECISIONES_VERSION_SIES_MU.csv	.csv	3377194	2026-06-25T14:33:11.303116-04:00	TRACKED_OR_UNMODIFIED	resultado histórico o auditoría	SI	Inventario por ruta y metadatos; no inspecciona registros personales.
resultados/auditorias/RESUMEN_EJECUCION_AUDITORIA_CARRERAS_CODIGOS_SIES_MU2026 2.json	RESUMEN_EJECUCION_AUDITORIA_CARRERAS_CODIGOS_SIES_MU2026 2.json	.json	4013	2026-06-25T17:20:18-04:00	TRACKED_OR_UNMODIFIED	resultado histórico o auditoría	NO_DETERMINADO	Inventario por ruta y metadatos; no inspecciona registros personales.
resultados/auditorias/HASH_COPIAS_ESCRITORIO_LOGICA_VERSIONES_SIES_MU.csv	HASH_COPIAS_ESCRITORIO_LOGICA_VERSIONES_SIES_MU.csv	.csv	1121	2026-06-25T14:33:21.208442-04:00	TRACKED_OR_UNMODIFIED	resultado histórico o auditoría	SI	Inventario por ruta y metadatos; no inspecciona registros personales.
resultados/auditorias/RESUMEN_EJECUCION_AUDITORIA_TRANSVERSAL_SIES_MU2026 2.json	RESUMEN_EJECUCION_AUDITORIA_TRANSVERSAL_SIES_MU2026 2.json	.json	7492	2026-06-25T18:00:29-04:00	TRACKED_OR_UNMODIFIED	resultado histórico o auditoría	NO_DETERMINADO	Inventario por ruta y metadatos; no inspecciona registros personales.
resultados/auditorias/RESULTADOS_PRUEBAS_CIERRE_ICRE068 2.txt	RESULTADOS_PRUEBAS_CIERRE_ICRE068 2.txt	.txt	773	2026-06-25T21:57:41-04:00	TRACKED_OR_UNMODIFIED	resultado histórico o auditoría	NO_DETERMINADO	Inventario por ruta y metadatos; no inspecciona registros personales.
resultados/auditorias/DIFERENCIAS_STAGING_VS_CSV_FINAL_MU2026.csv	DIFERENCIAS_STAGING_VS_CSV_FINAL_MU2026.csv	.csv	4	2026-06-25T18:00:17.605169-04:00	TRACKED_OR_UNMODIFIED	resultado histórico o auditoría	SI	Inventario por ruta y metadatos; no inspecciona registros personales.
resultados/auditorias/DECISION_ICRE068 2.csv	DECISION_ICRE068 2.csv	.csv	1890	2026-06-25T21:57:41-04:00	TRACKED_OR_UNMODIFIED	resultado histórico o auditoría	SI	Inventario por ruta y metadatos; no inspecciona registros personales.
resultados/auditorias/LOGICA_CODIGO_SIES_EXTRAIDA_DE_SCRIPTS_MU 2.md	LOGICA_CODIGO_SIES_EXTRAIDA_DE_SCRIPTS_MU 2.md	.md	6520	2026-06-25T14:33:10-04:00	TRACKED_OR_UNMODIFIED	resultado histórico o auditoría	NO_DETERMINADO	Inventario por ruta y metadatos; no inspecciona registros personales.
resultados/auditorias/RESUMEN_CARRERAS_RESOLUCION_SIES_MU2026.csv	RESUMEN_CARRERAS_RESOLUCION_SIES_MU2026.csv	.csv	3896	2026-06-25T17:20:18.271564-04:00	TRACKED_OR_UNMODIFIED	resultado histórico o auditoría	SI	Inventario por ruta y metadatos; no inspecciona registros personales.
resultados/auditorias/AUDITORIA_74_AJUSTES_SEDE_GOBERNANZA_MU2026.csv	AUDITORIA_74_AJUSTES_SEDE_GOBERNANZA_MU2026.csv	.csv	34665	2026-06-25T18:07:49.419750-04:00	TRACKED_OR_UNMODIFIED	resultado histórico o auditoría	SI	Inventario por ruta y metadatos; no inspecciona registros personales.
resultados/auditorias/MATRIZ_COMBINACIONES_ACADEMICAS_SIES_MU2026.csv	MATRIZ_COMBINACIONES_ACADEMICAS_SIES_MU2026.csv	.csv	108394	2026-06-25T17:20:18.205185-04:00	TRACKED_OR_UNMODIFIED	resultado histórico o auditoría	SI	Inventario por ruta y metadatos; no inspecciona registros personales.
resultados/auditorias/IMPACTO_INCONSISTENCIAS_SIES_MU2026.csv	IMPACTO_INCONSISTENCIAS_SIES_MU2026.csv	.csv	957	2026-06-25T17:20:18.248525-04:00	TRACKED_OR_UNMODIFIED	resultado histórico o auditoría	SI	Inventario por ruta y metadatos; no inspecciona registros personales.
resultados/auditorias/VALIDACION_CODIGO_FINAL_74_AJUSTES_SEDE_MU2026.csv	VALIDACION_CODIGO_FINAL_74_AJUSTES_SEDE_MU2026.csv	.csv	4380	2026-06-25T18:07:49.417280-04:00	TRACKED_OR_UNMODIFIED	resultado histórico o auditoría	SI	Inventario por ruta y metadatos; no inspecciona registros personales.
resultados/auditorias/COMPARACION_V1_V2_NETMRE.csv	COMPARACION_V1_V2_NETMRE.csv	.csv	1199	2026-06-25T17:31:43.705966-04:00	TRACKED_OR_UNMODIFIED	resultado histórico o auditoría	SI	Inventario por ruta y metadatos; no inspecciona registros personales.
resultados/auditorias/RESUMEN_EJECUCION_AUDITORIA_LOGICA_VERSIONES_SIES_MU 2.json	RESUMEN_EJECUCION_AUDITORIA_LOGICA_VERSIONES_SIES_MU 2.json	.json	3550	2026-06-25T14:33:21-04:00	TRACKED_OR_UNMODIFIED	resultado histórico o auditoría	NO_DETERMINADO	Inventario por ruta y metadatos; no inspecciona registros personales.
resultados/auditorias/INVENTARIO_DIAGNOSTICOS_TEMPORALES_VIGENCIA.csv	INVENTARIO_DIAGNOSTICOS_TEMPORALES_VIGENCIA.csv	.csv	695	2026-06-25T22:47:59.317122-04:00	TRACKED_OR_UNMODIFIED	resultado histórico o auditoría	SI	Inventario por ruta y metadatos; no inspecciona registros personales.
resultados/auditorias/SUPLEMENTO_TRAZABILIDAD_VIGENCIA_V8_61.csv	SUPLEMENTO_TRAZABILIDAD_VIGENCIA_V8_61.csv	.csv	34757	2026-06-25T22:48:02.636037-04:00	TRACKED_OR_UNMODIFIED	resultado histórico o auditoría	SI	Inventario por ruta y metadatos; no inspecciona registros personales.
resultados/auditorias/AUDITORIA_VIGENCIA_2025_SOLO_61_EXTRANJEROS.csv	AUDITORIA_VIGENCIA_2025_SOLO_61_EXTRANJEROS.csv	.csv	23219	2026-06-25T22:47:59.341782-04:00	TRACKED_OR_UNMODIFIED	resultado histórico o auditoría	SI	Inventario por ruta y metadatos; no inspecciona registros personales.
resultados/auditorias/REVISION_CIERRE_ICRE068_EXTRANJEROS_V8 2.xlsx	REVISION_CIERRE_ICRE068_EXTRANJEROS_V8 2.xlsx	.xlsx	582146	2026-06-25T21:57:41-04:00	TRACKED_OR_UNMODIFIED	resultado histórico o auditoría	SI	Inventario por ruta y metadatos; no inspecciona registros personales.
resultados/auditorias/VALIDACION_COHERENCIA_SIES_4115_MU2026.csv	VALIDACION_COHERENCIA_SIES_4115_MU2026.csv	.csv	1152	2026-06-25T18:00:17.608686-04:00	TRACKED_OR_UNMODIFIED	resultado histórico o auditoría	SI	Inventario por ruta y metadatos; no inspecciona registros personales.
resultados/auditorias/IMPACTO_REAL_CONSOLIDADO_SIES_MU2026.csv	IMPACTO_REAL_CONSOLIDADO_SIES_MU2026.csv	.csv	164	2026-06-25T18:07:49.418518-04:00	TRACKED_OR_UNMODIFIED	resultado histórico o auditoría	SI	Inventario por ruta y metadatos; no inspecciona registros personales.
resultados/auditorias/PRUEBA_HIPOTESIS_LOGICA_VERSION_SIES_MU.csv	PRUEBA_HIPOTESIS_LOGICA_VERSION_SIES_MU.csv	.csv	8807	2026-06-25T14:33:11.399964-04:00	TRACKED_OR_UNMODIFIED	resultado histórico o auditoría	SI	Inventario por ruta y metadatos; no inspecciona registros personales.
resultados/auditorias/VALIDACION_REPRODUCCION_LOGICA_SIES_MU.csv	VALIDACION_REPRODUCCION_LOGICA_SIES_MU.csv	.csv	2041114	2026-06-25T14:33:11.615485-04:00	TRACKED_OR_UNMODIFIED	resultado histórico o auditoría	SI	Inventario por ruta y metadatos; no inspecciona registros personales.
resultados/auditorias/HOMOLOGOS_EXACTOS_ICRE068 2.csv	HOMOLOGOS_EXACTOS_ICRE068 2.csv	.csv	1251	2026-06-25T21:57:41-04:00	TRACKED_OR_UNMODIFIED	resultado histórico o auditoría	SI	Inventario por ruta y metadatos; no inspecciona registros personales.
resultados/auditorias/LOGICA_ASIGNACION_VERSION_MU2026 2.md	LOGICA_ASIGNACION_VERSION_MU2026 2.md	.md	1051	2026-06-25T18:00:17-04:00	TRACKED_OR_UNMODIFIED	resultado histórico o auditoría	NO_DETERMINADO	Inventario por ruta y metadatos; no inspecciona registros personales.
resultados/auditorias/VALIDACION_END_TO_END_MU_EXTRANJEROS_2026.csv	VALIDACION_END_TO_END_MU_EXTRANJEROS_2026.csv	.csv	862	2026-06-25T18:26:55.879956-04:00	TRACKED_OR_UNMODIFIED	resultado histórico o auditoría	SI	Inventario por ruta y metadatos; no inspecciona registros personales.
resultados/auditorias/PATRONES_INCONSISTENCIAS_VERSION_MU2026.csv	PATRONES_INCONSISTENCIAS_VERSION_MU2026.csv	.csv	2003	2026-06-25T18:00:17.609264-04:00	TRACKED_OR_UNMODIFIED	resultado histórico o auditoría	SI	Inventario por ruta y metadatos; no inspecciona registros personales.
resultados/auditorias/REVISION_FINAL_VIGENCIA_EXTRANJEROS_2025.xlsx	REVISION_FINAL_VIGENCIA_EXTRANJEROS_2025.xlsx	.xlsx	41284	2026-06-25T22:48:02.773058-04:00	TRACKED_OR_UNMODIFIED	resultado histórico o auditoría	SI	Inventario por ruta y metadatos; no inspecciona registros personales.
resultados/auditorias/REVISION_CASO_NETMRE016_MU2026.xlsx	REVISION_CASO_NETMRE016_MU2026.xlsx	.xlsx	35124	2026-06-25T17:31:43.872942-04:00	TRACKED_OR_UNMODIFIED	resultado histórico o auditoría	SI	Inventario por ruta y metadatos; no inspecciona registros personales.
resultados/auditorias/REVISION_TRANSVERSAL_GOBERNANZA_VS_CARGA_MU2026.xlsx	REVISION_TRANSVERSAL_GOBERNANZA_VS_CARGA_MU2026.xlsx	.xlsx	1758138	2026-06-25T18:00:28.936033-04:00	TRACKED_OR_UNMODIFIED	resultado histórico o auditoría	SI	Inventario por ruta y metadatos; no inspecciona registros personales.
resultados/auditorias/ORDEN_EJECUCION_AJUSTE_SEDE_Y_CANDIDATOS_MU2026.csv	ORDEN_EJECUCION_AJUSTE_SEDE_Y_CANDIDATOS_MU2026.csv	.csv	946	2026-06-25T18:07:49.417956-04:00	TRACKED_OR_UNMODIFIED	resultado histórico o auditoría	SI	Inventario por ruta y metadatos; no inspecciona registros personales.
resultados/auditorias/PLAN_NETMRE20121_Y_HOMOLOGOS.csv	PLAN_NETMRE20121_Y_HOMOLOGOS.csv	.csv	373	2026-06-25T17:31:43.740106-04:00	TRACKED_OR_UNMODIFIED	resultado histórico o auditoría	SI	Inventario por ruta y metadatos; no inspecciona registros personales.
resultados/auditorias/COPIAS_ESCRITORIO_CIERRE_ICRE068_V8 2.csv	COPIAS_ESCRITORIO_CIERRE_ICRE068_V8 2.csv	.csv	1813	2026-06-25T21:57:41-04:00	TRACKED_OR_UNMODIFIED	resultado histórico o auditoría	SI	Inventario por ruta y metadatos; no inspecciona registros personales.
resultados/auditorias/CANDIDATOS_ORIGINALES_74_AJUSTES_SEDE_MU2026.csv	CANDIDATOS_ORIGINALES_74_AJUSTES_SEDE_MU2026.csv	.csv	8290	2026-06-25T18:07:49.415336-04:00	TRACKED_OR_UNMODIFIED	resultado histórico o auditoría	SI	Inventario por ruta y metadatos; no inspecciona registros personales.
resultados/auditorias/CANDIDATOS_REGENERADOS_SEDE_FINAL_74_MU2026.csv	CANDIDATOS_REGENERADOS_SEDE_FINAL_74_MU2026.csv	.csv	5217	2026-06-25T18:07:49.416173-04:00	TRACKED_OR_UNMODIFIED	resultado histórico o auditoría	SI	Inventario por ruta y metadatos; no inspecciona registros personales.
resultados/auditorias/INVENTARIO_APARICIONES_20171NETMRE016.csv	INVENTARIO_APARICIONES_20171NETMRE016.csv	.csv	63119	2026-06-25T17:31:42.130935-04:00	TRACKED_OR_UNMODIFIED	resultado histórico o auditoría	SI	Inventario por ruta y metadatos; no inspecciona registros personales.
resultados/auditorias/COPIAS_ESCRITORIO_INTEGRACION_MU_EXTRANJEROS_2026.csv	COPIAS_ESCRITORIO_INTEGRACION_MU_EXTRANJEROS_2026.csv	.csv	1851	2026-06-25T18:27:00.927148-04:00	TRACKED_OR_UNMODIFIED	resultado histórico o auditoría	SI	Inventario por ruta y metadatos; no inspecciona registros personales.
resultados/auditorias/MANIFIESTO_PRE_INTEGRACION_MU_EXTRANJEROS 2.json	MANIFIESTO_PRE_INTEGRACION_MU_EXTRANJEROS 2.json	.json	2519	2026-06-25T18:26:50-04:00	TRACKED_OR_UNMODIFIED	resultado histórico o auditoría	NO_DETERMINADO	Inventario por ruta y metadatos; no inspecciona registros personales.
resultados/puentes/REVISION_PUENTE_MU_EXTRANJEROS_CODIGOS_SIES_2026.xlsx	REVISION_PUENTE_MU_EXTRANJEROS_CODIGOS_SIES_2026.xlsx	.xlsx	424658	2026-06-25T18:26:55.664956-04:00	TRACKED_OR_UNMODIFIED	resultado histórico o auditoría	SI	Inventario por ruta y metadatos; no inspecciona registros personales.
resultados/puentes/PUENTE_MU_EXTRANJEROS_CODIGOS_SIES_2026_V2 2.csv	PUENTE_MU_EXTRANJEROS_CODIGOS_SIES_2026_V2 2.csv	.csv	1166171	2026-06-25T21:57:41-04:00	TRACKED_OR_UNMODIFIED	resultado histórico o auditoría	SI	Inventario por ruta y metadatos; no inspecciona registros personales.
resultados/puentes/PUENTE_MU_EXTRANJEROS_CODIGOS_SIES_2026.tsv	PUENTE_MU_EXTRANJEROS_CODIGOS_SIES_2026.tsv	.tsv	1166167	2026-06-25T18:26:52.837229-04:00	TRACKED_OR_UNMODIFIED	resultado histórico o auditoría	SI	Inventario por ruta y metadatos; no inspecciona registros personales.
resultados/puentes/PUENTE_MU_EXTRANJEROS_CODIGOS_SIES_2026.csv	PUENTE_MU_EXTRANJEROS_CODIGOS_SIES_2026.csv	.csv	1166167	2026-06-25T18:26:52.867508-04:00	TRACKED_OR_UNMODIFIED	resultado histórico o auditoría	SI	Inventario por ruta y metadatos; no inspecciona registros personales.
resultados/puentes/PUENTE_MU_EXTRANJEROS_CODIGOS_SIES_2026_V2 2.tsv	PUENTE_MU_EXTRANJEROS_CODIGOS_SIES_2026_V2 2.tsv	.tsv	1166171	2026-06-25T21:57:41-04:00	TRACKED_OR_UNMODIFIED	resultado histórico o auditoría	SI	Inventario por ruta y metadatos; no inspecciona registros personales.
resultados/puentes/REVISION_PUENTE_MU_EXTRANJEROS_CODIGOS_SIES_2026_V2 2.xlsx	REVISION_PUENTE_MU_EXTRANJEROS_CODIGOS_SIES_2026_V2 2.xlsx	.xlsx	424308	2026-06-25T21:57:41-04:00	TRACKED_OR_UNMODIFIED	resultado histórico o auditoría	SI	Inventario por ruta y metadatos; no inspecciona registros personales.
resultados/matricula_unificada_rectificacion_20260618/matricula_unificada_2026_BASE_COMPLETA_CORREGIDA_TRAYECTORIAS_20260618.xlsx	matricula_unificada_2026_BASE_COMPLETA_CORREGIDA_TRAYECTORIAS_20260618.xlsx	.xlsx	584946	2026-06-18T14:03:54.079174-04:00	TRACKED_OR_UNMODIFIED	resultado histórico o auditoría	SI	Inventario por ruta y metadatos; no inspecciona registros personales.
resultados/matricula_unificada_rectificacion_20260618/matricula_unificada_2026_BASE_COMPLETA_CORREGIDA_FINAL_20260618.csv	matricula_unificada_2026_BASE_COMPLETA_CORREGIDA_FINAL_20260618.csv	.csv	508790	2026-06-18T14:20:59.128794-04:00	TRACKED_OR_UNMODIFIED	resultado histórico o auditoría	SI	Inventario por ruta y metadatos; no inspecciona registros personales.
resultados/matricula_unificada_rectificacion_20260618/matricula_unificada_2026_BASE_COMPLETA_CORREGIDA_TRAYECTORIAS_20260618.csv	matricula_unificada_2026_BASE_COMPLETA_CORREGIDA_TRAYECTORIAS_20260618.csv	.csv	508790	2026-06-18T14:03:53.041241-04:00	TRACKED_OR_UNMODIFIED	resultado histórico o auditoría	SI	Inventario por ruta y metadatos; no inspecciona registros personales.
resultados/matricula_unificada_rectificacion_20260618/matricula_unificada_2026_BASE_COMPLETA_CORREGIDA_P1_20260618.csv	matricula_unificada_2026_BASE_COMPLETA_CORREGIDA_P1_20260618.csv	.csv	508790	2026-06-18T13:43:21.503114-04:00	TRACKED_OR_UNMODIFIED	resultado histórico o auditoría	SI	Inventario por ruta y metadatos; no inspecciona registros personales.
resultados/matricula_unificada_rectificacion_20260618/matricula_unificada_2026_BASE_COMPLETA_CORREGIDA_FINAL_20260618.xlsx	matricula_unificada_2026_BASE_COMPLETA_CORREGIDA_FINAL_20260618.xlsx	.xlsx	571916	2026-06-18T14:21:00.192519-04:00	TRACKED_OR_UNMODIFIED	resultado histórico o auditoría	SI	Inventario por ruta y metadatos; no inspecciona registros personales.
resultados/matricula_unificada_rectificacion_20260618/matricula_unificada_2026_BASE_COMPLETA_ACTUALIZADA_20260618.csv	matricula_unificada_2026_BASE_COMPLETA_ACTUALIZADA_20260618.csv	.csv	508790	2026-06-18T13:36:05.172317-04:00	TRACKED_OR_UNMODIFIED	resultado histórico o auditoría	SI	Inventario por ruta y metadatos; no inspecciona registros personales.
resultados/matricula_unificada_rectificacion_20260618/matricula_unificada_2026_BASE_COMPLETA_ACTUALIZADA_20260618.xlsx	matricula_unificada_2026_BASE_COMPLETA_ACTUALIZADA_20260618.xlsx	.xlsx	573651	2026-06-18T13:36:06.317961-04:00	TRACKED_OR_UNMODIFIED	resultado histórico o auditoría	SI	Inventario por ruta y metadatos; no inspecciona registros personales.
resultados/matricula_unificada_rectificacion_20260618/matricula_unificada_2026_BASE_COMPLETA_CORREGIDA_P1_20260618.xlsx	matricula_unificada_2026_BASE_COMPLETA_CORREGIDA_P1_20260618.xlsx	.xlsx	568464	2026-06-18T13:43:22.573217-04:00	TRACKED_OR_UNMODIFIED	resultado histórico o auditoría	SI	Inventario por ruta y metadatos; no inspecciona registros personales.
resultados/matricula_unificada_rectificacion_20260618/auditoria_trayectorias_v2/VALIDACION_POST_CORRECCION_TRAYECTORIAS_20260618.xlsx	VALIDACION_POST_CORRECCION_TRAYECTORIAS_20260618.xlsx	.xlsx	13080	2026-06-18T14:04:43.235842-04:00	TRACKED_OR_UNMODIFIED	resultado histórico o auditoría	SI	Inventario por ruta y metadatos; no inspecciona registros personales.
resultados/matricula_unificada_rectificacion_20260618/auditoria_trayectorias_v2/TODOS_MULTI_CODCLI_V2.csv	TODOS_MULTI_CODCLI_V2.csv	.csv	34590	2026-06-18T14:00:24.809949-04:00	TRACKED_OR_UNMODIFIED	resultado histórico o auditoría	SI	Inventario por ruta y metadatos; no inspecciona registros personales.
resultados/matricula_unificada_rectificacion_20260618/auditoria_trayectorias_v2/PROPUESTAS_MISMO_PATRON_V2.csv	PROPUESTAS_MISMO_PATRON_V2.csv	.csv	9196	2026-06-18T14:00:24.811665-04:00	TRACKED_OR_UNMODIFIED	resultado histórico o auditoría	SI	Inventario por ruta y metadatos; no inspecciona registros personales.
resultados/matricula_unificada_rectificacion_20260618/auditoria_trayectorias_v2/PROPUESTAS_POR_LLAVE_MU_V2.csv	PROPUESTAS_POR_LLAVE_MU_V2.csv	.csv	8242	2026-06-18T14:03:52.951085-04:00	TRACKED_OR_UNMODIFIED	resultado histórico o auditoría	SI	Inventario por ruta y metadatos; no inspecciona registros personales.
resultados/matricula_unificada_rectificacion_20260618/auditoria_trayectorias_v2/AUDITORIA_TRAYECTORIAS_MULTICODCLI_V2_20260618.xlsx	AUDITORIA_TRAYECTORIAS_MULTICODCLI_V2_20260618.xlsx	.xlsx	578569	2026-06-18T14:00:24.807393-04:00	TRACKED_OR_UNMODIFIED	resultado histórico o auditoría	SI	Inventario por ruta y metadatos; no inspecciona registros personales.
resultados/matricula_unificada_rectificacion_20260618/auditoria_trayectorias_v2/ALERTAS_MISMO_PATRON_V2.csv	ALERTAS_MISMO_PATRON_V2.csv	.csv	27415	2026-06-18T14:00:24.811011-04:00	TRACKED_OR_UNMODIFIED	resultado histórico o auditoría	SI	Inventario por ruta y metadatos; no inspecciona registros personales.
resultados/matricula_unificada_rectificacion_20260618/auditoria_trayectorias_v2/pendientes_4/RESOLUCION_4_SIN_MATCH_20260618.csv	RESOLUCION_4_SIN_MATCH_20260618.csv	.csv	1363	2026-06-18T14:13:10.759871-04:00	TRACKED_OR_UNMODIFIED	resultado histórico o auditoría	SI	Inventario por ruta y metadatos; no inspecciona registros personales.
resultados/matricula_unificada_rectificacion_20260618/auditoria_trayectorias_v2/pendientes_4/RESOLUCION_4_POR_OFERTA_EXACTA_20260618.xlsx	RESOLUCION_4_POR_OFERTA_EXACTA_20260618.xlsx	.xlsx	26443	2026-06-18T14:18:56.652353-04:00	TRACKED_OR_UNMODIFIED	resultado histórico o auditoría	SI	Inventario por ruta y metadatos; no inspecciona registros personales.
resultados/matricula_unificada_rectificacion_20260618/auditoria_trayectorias_v2/pendientes_4/RESOLUCION_FINAL_4_POR_OFERTA.csv	RESOLUCION_FINAL_4_POR_OFERTA.csv	.csv	1025	2026-06-18T14:18:56.653863-04:00	TRACKED_OR_UNMODIFIED	resultado histórico o auditoría	SI	Inventario por ruta y metadatos; no inspecciona registros personales.
resultados/matricula_unificada_rectificacion_20260618/auditoria_trayectorias_v2/pendientes_4/AUDITORIA_INDIVIDUAL_4_SIN_MATCH_20260618.xlsx	AUDITORIA_INDIVIDUAL_4_SIN_MATCH_20260618.xlsx	.xlsx	30789	2026-06-18T14:13:10.758243-04:00	TRACKED_OR_UNMODIFIED	resultado histórico o auditoría	SI	Inventario por ruta y metadatos; no inspecciona registros personales.
resultados/matricula_unificada_rectificacion_20260618/auditoria_trayectorias_v2/pendientes_4/CORRECCIONES_PROPUESTAS_4_POR_OFERTA.csv	CORRECCIONES_PROPUESTAS_4_POR_OFERTA.csv	.csv	764	2026-06-18T14:18:56.654225-04:00	TRACKED_OR_UNMODIFIED	resultado histórico o auditoría	SI	Inventario por ruta y metadatos; no inspecciona registros personales.
resultados/matricula_unificada_rectificacion_20260618/auditoria_trayectorias_v2/pendientes_4/AJUSTES_PROPUESTOS_4_SIN_MATCH_20260618.csv	AJUSTES_PROPUESTOS_4_SIN_MATCH_20260618.csv	.csv	91	2026-06-18T14:13:10.760119-04:00	TRACKED_OR_UNMODIFIED	resultado histórico o auditoría	SI	Inventario por ruta y metadatos; no inspecciona registros personales.
resultados/matricula_unificada_rectificacion_20260618/auditoria_integral/ALERTAS_UNIVERSO_4076.csv	ALERTAS_UNIVERSO_4076.csv	.csv	246233	2026-06-18T13:39:00.457183-04:00	TRACKED_OR_UNMODIFIED	resultado histórico o auditoría	SI	Inventario por ruta y metadatos; no inspecciona registros personales.
resultados/matricula_unificada_rectificacion_20260618/auditoria_integral/PRIORIZACION_REVISION_END_TO_END_20260618.xlsx	PRIORIZACION_REVISION_END_TO_END_20260618.xlsx	.xlsx	221334	2026-06-18T13:40:27.869212-04:00	TRACKED_OR_UNMODIFIED	resultado histórico o auditoría	SI	Inventario por ruta y metadatos; no inspecciona registros personales.
resultados/matricula_unificada_rectificacion_20260618/auditoria_integral/COLA_PRIORIZADA_59_RUT.csv	COLA_PRIORIZADA_59_RUT.csv	.csv	16007	2026-06-18T13:40:27.871391-04:00	TRACKED_OR_UNMODIFIED	resultado histórico o auditoría	SI	Inventario por ruta y metadatos; no inspecciona registros personales.
resultados/matricula_unificada_rectificacion_20260618/auditoria_integral/RESUMEN_RUT_CAMBIADOS.csv	RESUMEN_RUT_CAMBIADOS.csv	.csv	5704	2026-06-18T13:39:00.457696-04:00	TRACKED_OR_UNMODIFIED	resultado histórico o auditoría	SI	Inventario por ruta y metadatos; no inspecciona registros personales.
resultados/matricula_unificada_rectificacion_20260618/auditoria_integral/AUDITORIA_INTEGRAL_BASE_4076_20260618.xlsx	AUDITORIA_INTEGRAL_BASE_4076_20260618.xlsx	.xlsx	1318599	2026-06-18T13:39:00.448414-04:00	TRACKED_OR_UNMODIFIED	resultado histórico o auditoría	SI	Inventario por ruta y metadatos; no inspecciona registros personales.
resultados/matricula_unificada_rectificacion_20260618/auditoria_integral/CAMBIOS_109_ENRIQUECIDOS.csv	CAMBIOS_109_ENRIQUECIDOS.csv	.csv	28921	2026-06-18T13:39:00.450862-04:00	TRACKED_OR_UNMODIFIED	resultado histórico o auditoría	SI	Inventario por ruta y metadatos; no inspecciona registros personales.
resultados/matricula_unificada_rectificacion_20260618/auditoria_trayectorias/TODOS_MULTI_CODCLI_20260618.csv	TODOS_MULTI_CODCLI_20260618.csv	.csv	27726	2026-06-18T13:51:30.706473-04:00	TRACKED_OR_UNMODIFIED	resultado histórico o auditoría	SI	Inventario por ruta y metadatos; no inspecciona registros personales.
resultados/matricula_unificada_rectificacion_20260618/auditoria_trayectorias/ALERTAS_MISMO_PATRON_20260618.csv	ALERTAS_MISMO_PATRON_20260618.csv	.csv	23069	2026-06-18T13:51:30.705341-04:00	TRACKED_OR_UNMODIFIED	resultado histórico o auditoría	SI	Inventario por ruta y metadatos; no inspecciona registros personales.
resultados/matricula_unificada_rectificacion_20260618/auditoria_trayectorias/AUDITORIA_CONTAMINACION_ENTRE_TRAYECTORIAS_20260618.xlsx	AUDITORIA_CONTAMINACION_ENTRE_TRAYECTORIAS_20260618.xlsx	.xlsx	482629	2026-06-18T13:51:30.702263-04:00	TRACKED_OR_UNMODIFIED	resultado histórico o auditoría	SI	Inventario por ruta y metadatos; no inspecciona registros personales.
resultados/matricula_unificada_rectificacion_20260618/auditoria_p1/PENDIENTES_P1_POST_CORRECCIONES_20260618.xlsx	PENDIENTES_P1_POST_CORRECCIONES_20260618.xlsx	.xlsx	194069	2026-06-18T13:44:48.952865-04:00	TRACKED_OR_UNMODIFIED	resultado histórico o auditoría	SI	Inventario por ruta y metadatos; no inspecciona registros personales.
resultados/matricula_unificada_rectificacion_20260618/auditoria_p1/VALIDACION_REAL_PENDIENTES_P1_20260618.xlsx	VALIDACION_REAL_PENDIENTES_P1_20260618.xlsx	.xlsx	28308	2026-06-18T13:45:46.067920-04:00	TRACKED_OR_UNMODIFIED	resultado histórico o auditoría	SI	Inventario por ruta y metadatos; no inspecciona registros personales.
resultados/matricula_unificada_rectificacion_20260618/auditoria_p1/FICHAS_35_P1.csv	FICHAS_35_P1.csv	.csv	13153	2026-06-18T13:42:11.035479-04:00	TRACKED_OR_UNMODIFIED	resultado histórico o auditoría	SI	Inventario por ruta y metadatos; no inspecciona registros personales.
resultados/matricula_unificada_rectificacion_20260618/auditoria_p1/AUDITORIA_END_TO_END_35_P1_20260618.xlsx	AUDITORIA_END_TO_END_35_P1_20260618.xlsx	.xlsx	200269	2026-06-18T13:42:11.032806-04:00	TRACKED_OR_UNMODIFIED	resultado histórico o auditoría	SI	Inventario por ruta y metadatos; no inspecciona registros personales.
resultados/matricula_unificada_rectificacion_20260618/auditoria_p1/PROPUESTAS_UNIVOCAS_35_P1.csv	PROPUESTAS_UNIVOCAS_35_P1.csv	.csv	471	2026-06-18T13:42:11.035856-04:00	TRACKED_OR_UNMODIFIED	resultado histórico o auditoría	SI	Inventario por ruta y metadatos; no inspecciona registros personales.
resultados/auditoria_integral_multicodcli_2026/.DS_Store	.DS_Store		10244	2026-06-25T22:47:43.326034-04:00	TRACKED_OR_UNMODIFIED	resultado histórico o auditoría	NO_DETERMINADO	Inventario por ruta y metadatos; no inspecciona registros personales.
resultados/auditoria_integral_multicodcli_2026/revision_rut_seleccionados_20260618_160805/AUDITORIA_ROBUSTA_RUT_SELECCIONADOS.xlsx	AUDITORIA_ROBUSTA_RUT_SELECCIONADOS.xlsx	.xlsx	1713695	2026-06-18T16:08:14.591127-04:00	TRACKED_OR_UNMODIFIED	resultado histórico o auditoría	SI	Inventario por ruta y metadatos; no inspecciona registros personales.
resultados/auditoria_integral_multicodcli_2026/revision_rut_seleccionados_20260618_160805/REPORTE_RUT_SELECCIONADOS 2.md	REPORTE_RUT_SELECCIONADOS 2.md	.md	778	2026-06-18T16:08:14-04:00	TRACKED_OR_UNMODIFIED	resultado histórico o auditoría	NO_DETERMINADO	Inventario por ruta y metadatos; no inspecciona registros personales.
resultados/auditoria_integral_multicodcli_2026/revision_rut_seleccionados_20260618_160805/AUDITORIA_32_CAMPOS_RUT_SELECCIONADOS.csv	AUDITORIA_32_CAMPOS_RUT_SELECCIONADOS.csv	.csv	1783041	2026-06-18T16:08:11.720212-04:00	TRACKED_OR_UNMODIFIED	resultado histórico o auditoría	SI	Inventario por ruta y metadatos; no inspecciona registros personales.
resultados/auditoria_integral_multicodcli_2026/decision_end_to_end_94_rut_<ID_MASKED>/.DS_Store	.DS_Store		6148	2026-06-25T22:25:49.851541-04:00	TRACKED_OR_UNMODIFIED	resultado histórico o auditoría	NO_DETERMINADO	Inventario por ruta y metadatos; no inspecciona registros personales.
resultados/auditoria_integral_multicodcli_2026/decision_end_to_end_94_rut_<ID_MASKED>/DECISION_CAMPO_A_CAMPO_94_RUT.csv	DECISION_CAMPO_A_CAMPO_94_RUT.csv	.csv	672632	2026-06-22T12:41:02.444685-04:00	TRACKED_OR_UNMODIFIED	resultado histórico o auditoría	SI	Inventario por ruta y metadatos; no inspecciona registros personales.
resultados/auditoria_integral_multicodcli_2026/decision_end_to_end_94_rut_<ID_MASKED>/DECISION_END_TO_END_94_RUT.xlsx	DECISION_END_TO_END_94_RUT.xlsx	.xlsx	510506	2026-06-22T12:41:03.365209-04:00	TRACKED_OR_UNMODIFIED	resultado histórico o auditoría	SI	Inventario por ruta y metadatos; no inspecciona registros personales.
resultados/auditoria_integral_multicodcli_2026/decision_end_to_end_94_rut_<ID_MASKED>/REPORTE_DECISION_94_RUT 2.md	REPORTE_DECISION_94_RUT 2.md	.md	470	2026-06-22T12:41:03-04:00	TRACKED_OR_UNMODIFIED	resultado histórico o auditoría	NO_DETERMINADO	Inventario por ruta y metadatos; no inspecciona registros personales.
resultados/auditoria_integral_multicodcli_2026/decision_end_to_end_94_rut_<ID_MASKED>/validacion_por_hoja_corregida_20260622_130223/VALIDACION_POR_HOJA_DECISION_94_RUT.xlsx	VALIDACION_POR_HOJA_DECISION_94_RUT.xlsx	.xlsx	11109	2026-06-22T13:02:24.142489-04:00	TRACKED_OR_UNMODIFIED	resultado histórico o auditoría	SI	Inventario por ruta y metadatos; no inspecciona registros personales.
resultados/auditoria_integral_multicodcli_2026/decision_end_to_end_94_rut_<ID_MASKED>/validacion_por_hoja_corregida_20260622_130223/REPORTE_VALIDACION_POR_HOJA 2.md	REPORTE_VALIDACION_POR_HOJA 2.md	.md	978	2026-06-22T13:02:24-04:00	TRACKED_OR_UNMODIFIED	resultado histórico o auditoría	NO_DETERMINADO	Inventario por ruta y metadatos; no inspecciona registros personales.
resultados/auditoria_integral_multicodcli_2026/decision_end_to_end_94_rut_<ID_MASKED>/validacion_por_hoja_corregida_20260622_130223/HASHES_SHA256 2.txt	HASHES_SHA256 2.txt	.txt	1391	2026-06-22T13:02:24-04:00	TRACKED_OR_UNMODIFIED	resultado histórico o auditoría	NO_DETERMINADO	Inventario por ruta y metadatos; no inspecciona registros personales.
resultados/auditoria_integral_multicodcli_2026/decision_end_to_end_94_rut_<ID_MASKED>/validacion_por_hoja_corregida_20260622_130223/RESUMEN_VALIDACION_HOJAS.csv	RESUMEN_VALIDACION_HOJAS.csv	.csv	1509	2026-06-22T13:02:24.129102-04:00	TRACKED_OR_UNMODIFIED	resultado histórico o auditoría	SI	Inventario por ruta y metadatos; no inspecciona registros personales.
resultados/auditoria_integral_multicodcli_2026/decision_end_to_end_94_rut_<ID_MASKED>/validacion_por_hoja_corregida_20260622_130223/RESUMEN_VALIDACION 2.json	RESUMEN_VALIDACION 2.json	.json	396	2026-06-22T13:02:24-04:00	TRACKED_OR_UNMODIFIED	resultado histórico o auditoría	NO_DETERMINADO	Inventario por ruta y metadatos; no inspecciona registros personales.
resultados/auditoria_integral_multicodcli_2026/auditoria_20260618_143844/13_BASE_CANDIDATA_INTEGRAL_CONTROL.xlsx	13_BASE_CANDIDATA_INTEGRAL_CONTROL.xlsx	.xlsx	19431	2026-06-18T14:40:36.955455-04:00	TRACKED_OR_UNMODIFIED	resultado histórico o auditoría	SI	Inventario por ruta y metadatos; no inspecciona registros personales.
resultados/auditoria_integral_multicodcli_2026/auditoria_20260618_143844/11_SIMULACION_CAMBIOS.xlsx	11_SIMULACION_CAMBIOS.xlsx	.xlsx	19440	2026-06-18T14:40:36.908071-04:00	TRACKED_OR_UNMODIFIED	resultado histórico o auditoría	SI	Inventario por ruta y metadatos; no inspecciona registros personales.
resultados/auditoria_integral_multicodcli_2026/auditoria_20260618_143844/02_CALIDAD_ESTRUCTURAL_MU.xlsx	02_CALIDAD_ESTRUCTURAL_MU.xlsx	.xlsx	13307	2026-06-18T14:40:26.140379-04:00	TRACKED_OR_UNMODIFIED	resultado histórico o auditoría	SI	Inventario por ruta y metadatos; no inspecciona registros personales.
resultados/auditoria_integral_multicodcli_2026/auditoria_20260618_143844/01_INVENTARIO_FUENTES.xlsx	01_INVENTARIO_FUENTES.xlsx	.xlsx	10226	2026-06-18T14:40:26.127672-04:00	TRACKED_OR_UNMODIFIED	resultado histórico o auditoría	SI	Inventario por ruta y metadatos; no inspecciona registros personales.
resultados/auditoria_integral_multicodcli_2026/auditoria_20260618_143844/03_RUT_MULTICODCLI.xlsx	03_RUT_MULTICODCLI.xlsx	.xlsx	182183	2026-06-18T14:40:26.430632-04:00	TRACKED_OR_UNMODIFIED	resultado histórico o auditoría	SI	Inventario por ruta y metadatos; no inspecciona registros personales.
resultados/auditoria_integral_multicodcli_2026/auditoria_20260618_143844/08_REVALIDACION_107_CORRECCIONES.xlsx	08_REVALIDACION_107_CORRECCIONES.xlsx	.xlsx	12299	2026-06-18T14:40:35.483891-04:00	TRACKED_OR_UNMODIFIED	resultado histórico o auditoría	SI	Inventario por ruta y metadatos; no inspecciona registros personales.
resultados/auditoria_integral_multicodcli_2026/auditoria_20260618_143844/10_CASOS_REVISION_MANUAL.xlsx	10_CASOS_REVISION_MANUAL.xlsx	.xlsx	563109	2026-06-18T14:40:36.879677-04:00	TRACKED_OR_UNMODIFIED	fuente normativa	SI	Inventario por ruta y metadatos; no inspecciona registros personales.
resultados/auditoria_integral_multicodcli_2026/auditoria_20260618_143844/14_VALIDACION_POSTERIOR.xlsx	14_VALIDACION_POSTERIOR.xlsx	.xlsx	19745	2026-06-18T14:40:36.985051-04:00	TRACKED_OR_UNMODIFIED	resultado histórico o auditoría	SI	Inventario por ruta y metadatos; no inspecciona registros personales.
resultados/auditoria_integral_multicodcli_2026/auditoria_20260618_143844/06_AUDITORIA_32_CAMPOS.xlsx	06_AUDITORIA_32_CAMPOS.xlsx	.xlsx	1886485	2026-06-18T14:40:35.402294-04:00	TRACKED_OR_UNMODIFIED	resultado histórico o auditoría	SI	Inventario por ruta y metadatos; no inspecciona registros personales.
resultados/auditoria_integral_multicodcli_2026/auditoria_20260618_143844/05_MAPEO_OFERTA_CODCLI.xlsx	05_MAPEO_OFERTA_CODCLI.xlsx	.xlsx	66057	2026-06-18T14:40:31.610729-04:00	TRACKED_OR_UNMODIFIED	resultado histórico o auditoría	SI	Inventario por ruta y metadatos; no inspecciona registros personales.
resultados/auditoria_integral_multicodcli_2026/auditoria_20260618_143844/17_DICCIONARIO_DECISIONES.xlsx	17_DICCIONARIO_DECISIONES.xlsx	.xlsx	6773	2026-06-18T14:40:36.990252-04:00	TRACKED_OR_UNMODIFIED	resultado histórico o auditoría	SI	Inventario por ruta y metadatos; no inspecciona registros personales.
resultados/auditoria_integral_multicodcli_2026/auditoria_20260618_143844/07_CONTAMINACION_ENTRE_TRAYECTORIAS.xlsx	07_CONTAMINACION_ENTRE_TRAYECTORIAS.xlsx	.xlsx	41706	2026-06-18T14:40:35.469194-04:00	TRACKED_OR_UNMODIFIED	resultado histórico o auditoría	SI	Inventario por ruta y metadatos; no inspecciona registros personales.
resultados/auditoria_integral_multicodcli_2026/auditoria_20260618_143844/12_BASE_CANDIDATA_INTEGRAL.csv	12_BASE_CANDIDATA_INTEGRAL.csv	.csv	508799	2026-06-18T14:40:36.926084-04:00	TRACKED_OR_UNMODIFIED	resultado histórico o auditoría	SI	Inventario por ruta y metadatos; no inspecciona registros personales.
resultados/auditoria_integral_multicodcli_2026/auditoria_20260618_143844/09_PROPUESTAS_UNIVOCAS.xlsx	09_PROPUESTAS_UNIVOCAS.xlsx	.xlsx	54821	2026-06-18T14:40:35.561469-04:00	TRACKED_OR_UNMODIFIED	resultado histórico o auditoría	SI	Inventario por ruta y metadatos; no inspecciona registros personales.
resultados/auditoria_integral_multicodcli_2026/auditoria_20260618_143844/04_TRAYECTORIAS_DETALLE.xlsx	04_TRAYECTORIAS_DETALLE.xlsx	.xlsx	2382126	2026-06-18T14:40:31.496840-04:00	TRACKED_OR_UNMODIFIED	resultado histórico o auditoría	SI	Inventario por ruta y metadatos; no inspecciona registros personales.
resultados/auditoria_integral_multicodcli_2026/auditoria_20260618_144641/13_BASE_CANDIDATA_INTEGRAL_CONTROL.xlsx	13_BASE_CANDIDATA_INTEGRAL_CONTROL.xlsx	.xlsx	19430	2026-06-18T14:48:33.983824-04:00	TRACKED_OR_UNMODIFIED	resultado histórico o auditoría	SI	Inventario por ruta y metadatos; no inspecciona registros personales.
resultados/auditoria_integral_multicodcli_2026/auditoria_20260618_144641/11_SIMULACION_CAMBIOS.xlsx	11_SIMULACION_CAMBIOS.xlsx	.xlsx	19439	2026-06-18T14:48:33.934629-04:00	TRACKED_OR_UNMODIFIED	resultado histórico o auditoría	SI	Inventario por ruta y metadatos; no inspecciona registros personales.
resultados/auditoria_integral_multicodcli_2026/auditoria_20260618_144641/02_CALIDAD_ESTRUCTURAL_MU.xlsx	02_CALIDAD_ESTRUCTURAL_MU.xlsx	.xlsx	13307	2026-06-18T14:48:22.852316-04:00	TRACKED_OR_UNMODIFIED	resultado histórico o auditoría	SI	Inventario por ruta y metadatos; no inspecciona registros personales.
resultados/auditoria_integral_multicodcli_2026/auditoria_20260618_144641/01_INVENTARIO_FUENTES.xlsx	01_INVENTARIO_FUENTES.xlsx	.xlsx	10226	2026-06-18T14:48:22.839484-04:00	TRACKED_OR_UNMODIFIED	resultado histórico o auditoría	SI	Inventario por ruta y metadatos; no inspecciona registros personales.
resultados/auditoria_integral_multicodcli_2026/auditoria_20260618_144641/03_RUT_MULTICODCLI.xlsx	03_RUT_MULTICODCLI.xlsx	.xlsx	182183	2026-06-18T14:48:23.147872-04:00	TRACKED_OR_UNMODIFIED	resultado histórico o auditoría	SI	Inventario por ruta y metadatos; no inspecciona registros personales.
resultados/auditoria_integral_multicodcli_2026/auditoria_20260618_144641/00_MANIFEST_ARCHIVOS.csv	00_MANIFEST_ARCHIVOS.csv	.csv	4316	2026-06-18T14:48:34.053162-04:00	TRACKED_OR_UNMODIFIED	resultado histórico o auditoría	SI	Inventario por ruta y metadatos; no inspecciona registros personales.
resultados/auditoria_integral_multicodcli_2026/auditoria_20260618_144641/08_REVALIDACION_107_CORRECCIONES.xlsx	08_REVALIDACION_107_CORRECCIONES.xlsx	.xlsx	12298	2026-06-18T14:48:32.416507-04:00	TRACKED_OR_UNMODIFIED	resultado histórico o auditoría	SI	Inventario por ruta y metadatos; no inspecciona registros personales.
resultados/auditoria_integral_multicodcli_2026/auditoria_20260618_144641/18_HASHES_SHA256 2.txt	18_HASHES_SHA256 2.txt	.txt	3046	2026-06-18T14:48:34-04:00	TRACKED_OR_UNMODIFIED	resultado histórico o auditoría	NO_DETERMINADO	Inventario por ruta y metadatos; no inspecciona registros personales.
resultados/auditoria_integral_multicodcli_2026/auditoria_20260618_144641/10_CASOS_REVISION_MANUAL.xlsx	10_CASOS_REVISION_MANUAL.xlsx	.xlsx	563105	2026-06-18T14:48:33.804492-04:00	TRACKED_OR_UNMODIFIED	fuente normativa	SI	Inventario por ruta y metadatos; no inspecciona registros personales.
resultados/auditoria_integral_multicodcli_2026/auditoria_20260618_144641/16_REPORTE_TECNICO_COMPLETO 2.md	16_REPORTE_TECNICO_COMPLETO 2.md	.md	5808	2026-06-18T14:48:34-04:00	TRACKED_OR_UNMODIFIED	resultado histórico o auditoría	NO_DETERMINADO	Inventario por ruta y metadatos; no inspecciona registros personales.
resultados/auditoria_integral_multicodcli_2026/auditoria_20260618_144641/14_VALIDACION_POSTERIOR.xlsx	14_VALIDACION_POSTERIOR.xlsx	.xlsx	19744	2026-06-18T14:48:34.015524-04:00	TRACKED_OR_UNMODIFIED	resultado histórico o auditoría	SI	Inventario por ruta y metadatos; no inspecciona registros personales.
resultados/auditoria_integral_multicodcli_2026/auditoria_20260618_144641/06_AUDITORIA_32_CAMPOS.xlsx	06_AUDITORIA_32_CAMPOS.xlsx	.xlsx	1886486	2026-06-18T14:48:32.335288-04:00	TRACKED_OR_UNMODIFIED	resultado histórico o auditoría	SI	Inventario por ruta y metadatos; no inspecciona registros personales.
resultados/auditoria_integral_multicodcli_2026/auditoria_20260618_144641/05_MAPEO_OFERTA_CODCLI.xlsx	05_MAPEO_OFERTA_CODCLI.xlsx	.xlsx	66057	2026-06-18T14:48:28.333974-04:00	TRACKED_OR_UNMODIFIED	resultado histórico o auditoría	SI	Inventario por ruta y metadatos; no inspecciona registros personales.
resultados/auditoria_integral_multicodcli_2026/auditoria_20260618_144641/17_DICCIONARIO_DECISIONES.xlsx	17_DICCIONARIO_DECISIONES.xlsx	.xlsx	6773	2026-06-18T14:48:34.021754-04:00	TRACKED_OR_UNMODIFIED	resultado histórico o auditoría	SI	Inventario por ruta y metadatos; no inspecciona registros personales.
resultados/auditoria_integral_multicodcli_2026/auditoria_20260618_144641/07_CONTAMINACION_ENTRE_TRAYECTORIAS.xlsx	07_CONTAMINACION_ENTRE_TRAYECTORIAS.xlsx	.xlsx	41705	2026-06-18T14:48:32.401267-04:00	TRACKED_OR_UNMODIFIED	resultado histórico o auditoría	SI	Inventario por ruta y metadatos; no inspecciona registros personales.
resultados/auditoria_integral_multicodcli_2026/auditoria_20260618_144641/12_BASE_CANDIDATA_INTEGRAL.csv	12_BASE_CANDIDATA_INTEGRAL.csv	.csv	508799	2026-06-18T14:48:33.954345-04:00	TRACKED_OR_UNMODIFIED	resultado histórico o auditoría	SI	Inventario por ruta y metadatos; no inspecciona registros personales.
resultados/auditoria_integral_multicodcli_2026/auditoria_20260618_144641/09_PROPUESTAS_UNIVOCAS.xlsx	09_PROPUESTAS_UNIVOCAS.xlsx	.xlsx	54820	2026-06-18T14:48:32.494159-04:00	TRACKED_OR_UNMODIFIED	resultado histórico o auditoría	SI	Inventario por ruta y metadatos; no inspecciona registros personales.
resultados/auditoria_integral_multicodcli_2026/auditoria_20260618_144641/04_TRAYECTORIAS_DETALLE.xlsx	04_TRAYECTORIAS_DETALLE.xlsx	.xlsx	2382127	2026-06-18T14:48:28.220817-04:00	TRACKED_OR_UNMODIFIED	resultado histórico o auditoría	SI	Inventario por ruta y metadatos; no inspecciona registros personales.
resultados/auditoria_integral_multicodcli_2026/auditoria_20260618_144641/00_RESPALDO_ENTRADAS/Manual_Matrícula_Unificada_2026 2.pdf	Manual_Matrícula_Unificada_2026 2.pdf	.pdf	1691669	2026-04-01T17:53:09-03:00	TRACKED_OR_UNMODIFIED	fuente normativa	NO_DETERMINADO	Inventario por ruta y metadatos; no inspecciona registros personales.
resultados/auditoria_integral_multicodcli_2026/auditoria_20260618_144641/00_RESPALDO_ENTRADAS/PUENTE_SIES_COMPILADO.tsv	PUENTE_SIES_COMPILADO.tsv	.tsv	55099	2026-05-07T22:52:03.679623-04:00	TRACKED_OR_UNMODIFIED	resultado histórico o auditoría	SI	Inventario por ruta y metadatos; no inspecciona registros personales.
resultados/auditoria_integral_multicodcli_2026/auditoria_20260618_144641/00_RESPALDO_ENTRADAS/matricula_unificada_2026_BASE_COMPLETA_CORREGIDA_FINAL_20260618.csv	matricula_unificada_2026_BASE_COMPLETA_CORREGIDA_FINAL_20260618.csv	.csv	508790	2026-06-18T14:20:59.128794-04:00	TRACKED_OR_UNMODIFIED	resultado histórico o auditoría	SI	Inventario por ruta y metadatos; no inspecciona registros personales.
resultados/auditoria_integral_multicodcli_2026/auditoria_20260618_144641/00_RESPALDO_ENTRADAS/matricula_unificada_2026_BASE_COMPLETA_CORREGIDA_TRAYECTORIAS_20260618.csv	matricula_unificada_2026_BASE_COMPLETA_CORREGIDA_TRAYECTORIAS_20260618.csv	.csv	508790	2026-06-18T14:03:53.041241-04:00	TRACKED_OR_UNMODIFIED	resultado histórico o auditoría	SI	Inventario por ruta y metadatos; no inspecciona registros personales.
resultados/auditoria_integral_multicodcli_2026/auditoria_20260618_144641/00_RESPALDO_ENTRADAS/matricula_unificada_2026_BASE_COMPLETA_CORREGIDA_P1_20260618.csv	matricula_unificada_2026_BASE_COMPLETA_CORREGIDA_P1_20260618.csv	.csv	508790	2026-06-18T13:43:21.503114-04:00	TRACKED_OR_UNMODIFIED	resultado histórico o auditoría	SI	Inventario por ruta y metadatos; no inspecciona registros personales.
resultados/auditoria_integral_multicodcli_2026/auditoria_20260618_144641/00_RESPALDO_ENTRADAS/gobernanza_nac 2.tsv	gobernanza_nac 2.tsv	.tsv	987	2026-04-01T17:53:11-03:00	TRACKED_OR_UNMODIFIED	resultado histórico o auditoría	SI	Inventario por ruta y metadatos; no inspecciona registros personales.
resultados/auditoria_integral_multicodcli_2026/auditoria_20260618_144641/00_RESPALDO_ENTRADAS/manual_matrícula_unificada 2.txt	manual_matrícula_unificada 2.txt	.txt	102008	2026-04-09T09:07:14-04:00	TRACKED_OR_UNMODIFIED	fuente normativa	NO_DETERMINADO	Inventario por ruta y metadatos; no inspecciona registros personales.
resultados/auditoria_integral_multicodcli_2026/auditoria_20260618_144104/13_BASE_CANDIDATA_INTEGRAL_CONTROL.xlsx	13_BASE_CANDIDATA_INTEGRAL_CONTROL.xlsx	.xlsx	19431	2026-06-18T14:42:59.204444-04:00	TRACKED_OR_UNMODIFIED	resultado histórico o auditoría	SI	Inventario por ruta y metadatos; no inspecciona registros personales.
resultados/auditoria_integral_multicodcli_2026/auditoria_20260618_144104/11_SIMULACION_CAMBIOS.xlsx	11_SIMULACION_CAMBIOS.xlsx	.xlsx	19440	2026-06-18T14:42:59.154106-04:00	TRACKED_OR_UNMODIFIED	resultado histórico o auditoría	SI	Inventario por ruta y metadatos; no inspecciona registros personales.
resultados/auditoria_integral_multicodcli_2026/auditoria_20260618_144104/02_CALIDAD_ESTRUCTURAL_MU.xlsx	02_CALIDAD_ESTRUCTURAL_MU.xlsx	.xlsx	13307	2026-06-18T14:42:47.714490-04:00	TRACKED_OR_UNMODIFIED	resultado histórico o auditoría	SI	Inventario por ruta y metadatos; no inspecciona registros personales.
resultados/auditoria_integral_multicodcli_2026/auditoria_20260618_144104/01_INVENTARIO_FUENTES.xlsx	01_INVENTARIO_FUENTES.xlsx	.xlsx	10226	2026-06-18T14:42:47.699255-04:00	TRACKED_OR_UNMODIFIED	resultado histórico o auditoría	SI	Inventario por ruta y metadatos; no inspecciona registros personales.
resultados/auditoria_integral_multicodcli_2026/auditoria_20260618_144104/03_RUT_MULTICODCLI.xlsx	03_RUT_MULTICODCLI.xlsx	.xlsx	182183	2026-06-18T14:42:48.025067-04:00	TRACKED_OR_UNMODIFIED	resultado histórico o auditoría	SI	Inventario por ruta y metadatos; no inspecciona registros personales.
resultados/auditoria_integral_multicodcli_2026/auditoria_20260618_144104/00_MANIFEST_ARCHIVOS.csv	00_MANIFEST_ARCHIVOS.csv	.csv	4110	2026-06-18T14:42:59.270131-04:00	TRACKED_OR_UNMODIFIED	resultado histórico o auditoría	SI	Inventario por ruta y metadatos; no inspecciona registros personales.
resultados/auditoria_integral_multicodcli_2026/auditoria_20260618_144104/08_REVALIDACION_107_CORRECCIONES.xlsx	08_REVALIDACION_107_CORRECCIONES.xlsx	.xlsx	12299	2026-06-18T14:42:57.665533-04:00	TRACKED_OR_UNMODIFIED	resultado histórico o auditoría	SI	Inventario por ruta y metadatos; no inspecciona registros personales.
resultados/auditoria_integral_multicodcli_2026/auditoria_20260618_144104/18_HASHES_SHA256 2.txt	18_HASHES_SHA256 2.txt	.txt	3210	2026-06-18T14:42:59-04:00	TRACKED_OR_UNMODIFIED	resultado histórico o auditoría	NO_DETERMINADO	Inventario por ruta y metadatos; no inspecciona registros personales.
resultados/auditoria_integral_multicodcli_2026/auditoria_20260618_144104/10_CASOS_REVISION_MANUAL.xlsx	10_CASOS_REVISION_MANUAL.xlsx	.xlsx	563109	2026-06-18T14:42:59.009346-04:00	TRACKED_OR_UNMODIFIED	fuente normativa	SI	Inventario por ruta y metadatos; no inspecciona registros personales.
resultados/auditoria_integral_multicodcli_2026/auditoria_20260618_144104/14_VALIDACION_POSTERIOR.xlsx	14_VALIDACION_POSTERIOR.xlsx	.xlsx	19745	2026-06-18T14:42:59.234272-04:00	TRACKED_OR_UNMODIFIED	resultado histórico o auditoría	SI	Inventario por ruta y metadatos; no inspecciona registros personales.
resultados/auditoria_integral_multicodcli_2026/auditoria_20260618_144104/06_AUDITORIA_32_CAMPOS.xlsx	06_AUDITORIA_32_CAMPOS.xlsx	.xlsx	1886486	2026-06-18T14:42:57.577031-04:00	TRACKED_OR_UNMODIFIED	resultado histórico o auditoría	SI	Inventario por ruta y metadatos; no inspecciona registros personales.
resultados/auditoria_integral_multicodcli_2026/auditoria_20260618_144104/05_MAPEO_OFERTA_CODCLI.xlsx	05_MAPEO_OFERTA_CODCLI.xlsx	.xlsx	66057	2026-06-18T14:42:53.401984-04:00	TRACKED_OR_UNMODIFIED	resultado histórico o auditoría	SI	Inventario por ruta y metadatos; no inspecciona registros personales.
resultados/auditoria_integral_multicodcli_2026/auditoria_20260618_144104/17_DICCIONARIO_DECISIONES.xlsx	17_DICCIONARIO_DECISIONES.xlsx	.xlsx	6773	2026-06-18T14:42:59.239866-04:00	TRACKED_OR_UNMODIFIED	resultado histórico o auditoría	SI	Inventario por ruta y metadatos; no inspecciona registros personales.
resultados/auditoria_integral_multicodcli_2026/auditoria_20260618_144104/07_CONTAMINACION_ENTRE_TRAYECTORIAS.xlsx	07_CONTAMINACION_ENTRE_TRAYECTORIAS.xlsx	.xlsx	41706	2026-06-18T14:42:57.648191-04:00	TRACKED_OR_UNMODIFIED	resultado histórico o auditoría	SI	Inventario por ruta y metadatos; no inspecciona registros personales.
resultados/auditoria_integral_multicodcli_2026/auditoria_20260618_144104/12_BASE_CANDIDATA_INTEGRAL.csv	12_BASE_CANDIDATA_INTEGRAL.csv	.csv	508799	2026-06-18T14:42:59.174434-04:00	TRACKED_OR_UNMODIFIED	resultado histórico o auditoría	SI	Inventario por ruta y metadatos; no inspecciona registros personales.
resultados/auditoria_integral_multicodcli_2026/auditoria_20260618_144104/09_PROPUESTAS_UNIVOCAS.xlsx	09_PROPUESTAS_UNIVOCAS.xlsx	.xlsx	54821	2026-06-18T14:42:57.748650-04:00	TRACKED_OR_UNMODIFIED	resultado histórico o auditoría	SI	Inventario por ruta y metadatos; no inspecciona registros personales.
resultados/auditoria_integral_multicodcli_2026/auditoria_20260618_144104/04_TRAYECTORIAS_DETALLE.xlsx	04_TRAYECTORIAS_DETALLE.xlsx	.xlsx	2382128	2026-06-18T14:42:53.282475-04:00	TRACKED_OR_UNMODIFIED	resultado histórico o auditoría	SI	Inventario por ruta y metadatos; no inspecciona registros personales.
resultados/auditoria_integral_multicodcli_2026/auditoria_20260618_144104/00_RESPALDO_ENTRADAS/Manual_Matrícula_Unificada_2026 2.pdf	Manual_Matrícula_Unificada_2026 2.pdf	.pdf	1691669	2026-04-01T17:53:09-03:00	TRACKED_OR_UNMODIFIED	fuente normativa	NO_DETERMINADO	Inventario por ruta y metadatos; no inspecciona registros personales.
resultados/auditoria_integral_multicodcli_2026/auditoria_20260618_144104/00_RESPALDO_ENTRADAS/PUENTE_SIES_COMPILADO.tsv	PUENTE_SIES_COMPILADO.tsv	.tsv	55099	2026-05-07T22:52:03.679623-04:00	TRACKED_OR_UNMODIFIED	resultado histórico o auditoría	SI	Inventario por ruta y metadatos; no inspecciona registros personales.
resultados/auditoria_integral_multicodcli_2026/auditoria_20260618_144104/00_RESPALDO_ENTRADAS/gobernanza_pais_est_sec 2.tsv	gobernanza_pais_est_sec 2.tsv	.tsv	23217	2026-04-01T17:53:11-03:00	TRACKED_OR_UNMODIFIED	resultado histórico o auditoría	SI	Inventario por ruta y metadatos; no inspecciona registros personales.
resultados/auditoria_integral_multicodcli_2026/auditoria_20260618_144104/00_RESPALDO_ENTRADAS/matricula_unificada_2026_BASE_COMPLETA_CORREGIDA_FINAL_20260618.csv	matricula_unificada_2026_BASE_COMPLETA_CORREGIDA_FINAL_20260618.csv	.csv	508790	2026-06-18T14:20:59.128794-04:00	TRACKED_OR_UNMODIFIED	resultado histórico o auditoría	SI	Inventario por ruta y metadatos; no inspecciona registros personales.
resultados/auditoria_integral_multicodcli_2026/auditoria_20260618_144104/00_RESPALDO_ENTRADAS/matricula_unificada_2026_BASE_COMPLETA_CORREGIDA_TRAYECTORIAS_20260618.csv	matricula_unificada_2026_BASE_COMPLETA_CORREGIDA_TRAYECTORIAS_20260618.csv	.csv	508790	2026-06-18T14:03:53.041241-04:00	TRACKED_OR_UNMODIFIED	resultado histórico o auditoría	SI	Inventario por ruta y metadatos; no inspecciona registros personales.
resultados/auditoria_integral_multicodcli_2026/auditoria_20260618_144104/00_RESPALDO_ENTRADAS/matricula_unificada_2026_BASE_COMPLETA_CORREGIDA_P1_20260618.csv	matricula_unificada_2026_BASE_COMPLETA_CORREGIDA_P1_20260618.csv	.csv	508790	2026-06-18T13:43:21.503114-04:00	TRACKED_OR_UNMODIFIED	resultado histórico o auditoría	SI	Inventario por ruta y metadatos; no inspecciona registros personales.
resultados/auditoria_integral_multicodcli_2026/auditoria_20260618_144104/00_RESPALDO_ENTRADAS/gobernanza_nac 2.tsv	gobernanza_nac 2.tsv	.tsv	987	2026-04-01T17:53:11-03:00	TRACKED_OR_UNMODIFIED	resultado histórico o auditoría	SI	Inventario por ruta y metadatos; no inspecciona registros personales.
resultados/auditoria_integral_multicodcli_2026/auditoria_20260618_144104/00_RESPALDO_ENTRADAS/manual_matrícula_unificada 2.txt	manual_matrícula_unificada 2.txt	.txt	102008	2026-04-09T09:07:14-04:00	TRACKED_OR_UNMODIFIED	fuente normativa	NO_DETERMINADO	Inventario por ruta y metadatos; no inspecciona registros personales.
resultados/run_and_validate_oficial_2026-04-09_sin_puente/reporte_matricula 2.json	reporte_matricula 2.json	.json	2412	2026-06-26T00:47:07.986549-04:00	TRACKED_OR_UNMODIFIED	resultado histórico o auditoría	NO_DETERMINADO	Inventario por ruta y metadatos; no inspecciona registros personales.
resultados/run_and_validate_oficial_2026-04-09_sin_puente/auditoria_maestra 2.md	auditoria_maestra 2.md	.md	16590	2026-06-26T00:47:07.986279-04:00	TRACKED_OR_UNMODIFIED	resultado histórico o auditoría	NO_DETERMINADO	Inventario por ruta y metadatos; no inspecciona registros personales.
resultados/run_and_validate_oficial_2026-04-09_sin_puente/auditoria_maestra.md	auditoria_maestra.md	.md	16590	2026-04-09T09:07:14.559841-04:00	TRACKED_OR_UNMODIFIED	resultado histórico o auditoría	NO_DETERMINADO	Inventario por ruta y metadatos; no inspecciona registros personales.
resultados/run_and_validate_oficial_2026-04-09_sin_puente/reporte_matricula.json	reporte_matricula.json	.json	2412	2026-04-09T09:07:14.560382-04:00	TRACKED_OR_UNMODIFIED	resultado histórico o auditoría	NO_DETERMINADO	Inventario por ruta y metadatos; no inspecciona registros personales.
config/resoluciones_institucionales_sies 2.tsv	resoluciones_institucionales_sies 2.tsv	.tsv	2374	2026-06-25T21:57:41-04:00	TRACKED_OR_UNMODIFIED	otro	NO_DETERMINADO	Inventario por ruta y metadatos; no inspecciona registros personales.
input/PROMEDIOSDEALUMNOS_7804.xlsx	PROMEDIOSDEALUMNOS_7804.xlsx	.xlsx	10997739	2026-05-15T08:56:03.774979-04:00	TRACKED_OR_UNMODIFIED	otro	NO_DETERMINADO	Inventario por ruta y metadatos; no inspecciona registros personales.
cned/resultados/auditorias/CNED_HITO4_AUDITORIA_REGISTROS_20260605_133807.csv	CNED_HITO4_AUDITORIA_REGISTROS_20260605_133807.csv	.csv	9721	2026-06-05T13:38:11.376759-04:00	TRACKED_OR_UNMODIFIED	otro proceso: CNED/índices	SI	Inventario por ruta y metadatos; no inspecciona registros personales.
cned/resultados/auditorias/CNED_HITO5_VALIDACIONES_REGISTROS_20260605_135145.csv	CNED_HITO5_VALIDACIONES_REGISTROS_20260605_135145.csv	.csv	158961	2026-06-05T13:51:46.749345-04:00	TRACKED_OR_UNMODIFIED	otro proceso: CNED/índices	SI	Inventario por ruta y metadatos; no inspecciona registros personales.
cned/resultados/auditorias/CNED_HITO5_MARCAS_REVISION_20260605_135145.csv	CNED_HITO5_MARCAS_REVISION_20260605_135145.csv	.csv	354298	2026-06-05T13:51:46.746027-04:00	TRACKED_OR_UNMODIFIED	otro proceso: CNED/índices	SI	Inventario por ruta y metadatos; no inspecciona registros personales.
cned/resultados/auditorias/CNED_HITO4_DICCIONARIO_COLUMNAS_20260605_133807.csv	CNED_HITO4_DICCIONARIO_COLUMNAS_20260605_133807.csv	.csv	15595	2026-06-05T13:38:11.377646-04:00	TRACKED_OR_UNMODIFIED	otro proceso: CNED/índices	SI	Inventario por ruta y metadatos; no inspecciona registros personales.
cned/resultados/auditorias/CNED_HITO2_RANKING_CANDIDATOS_20260605_130418.csv	CNED_HITO2_RANKING_CANDIDATOS_20260605_130418.csv	.csv	48168	2026-06-05T13:04:18.239019-04:00	TRACKED_OR_UNMODIFIED	otro proceso: CNED/índices	SI	Inventario por ruta y metadatos; no inspecciona registros personales.
cned/resultados/archivos_subida/CNED_BASE_SANEADA_PRELIMINAR_HITO5_20260605_135145.xlsx	CNED_BASE_SANEADA_PRELIMINAR_HITO5_20260605_135145.xlsx	.xlsx	205771	2026-06-05T13:51:46.735820-04:00	TRACKED_OR_UNMODIFIED	otro proceso: CNED/índices	SI	Inventario por ruta y metadatos; no inspecciona registros personales.
cned/resultados/archivos_subida/CNED_HITO7BIS_DICCIONARIO_OFICIAL_APLICADO_20260605_144342.xlsx	CNED_HITO7BIS_DICCIONARIO_OFICIAL_APLICADO_20260605_144342.xlsx	.xlsx	50023	2026-06-05T14:43:44.314475-04:00	TRACKED_OR_UNMODIFIED	otro proceso: CNED/índices	SI	Inventario por ruta y metadatos; no inspecciona registros personales.
cned/resultados/archivos_subida/CNED_BASE_SANEADA_PRELIMINAR_HITO5_20260605_135231.xlsx	CNED_BASE_SANEADA_PRELIMINAR_HITO5_20260605_135231.xlsx	.xlsx	199019	2026-06-05T13:52:32.968303-04:00	TRACKED_OR_UNMODIFIED	otro proceso: CNED/índices	SI	Inventario por ruta y metadatos; no inspecciona registros personales.
cned/resultados/archivos_subida/CNED_HITO7_PLANTILLA_RESOLUCION_INSTITUCIONAL_20260605_141142.xlsx	CNED_HITO7_PLANTILLA_RESOLUCION_INSTITUCIONAL_20260605_141142.xlsx	.xlsx	76409	2026-06-05T14:11:42.666099-04:00	TRACKED_OR_UNMODIFIED	otro proceso: CNED/índices	SI	Inventario por ruta y metadatos; no inspecciona registros personales.
cned/resultados/archivos_subida/CNED_BASE_OPERATIVA_AUDITADA_PRE_SUBIDA_20260605_133807.xlsx	CNED_BASE_OPERATIVA_AUDITADA_PRE_SUBIDA_20260605_133807.xlsx	.xlsx	86152	2026-06-05T13:38:11.373941-04:00	TRACKED_OR_UNMODIFIED	otro proceso: CNED/índices	SI	Inventario por ruta y metadatos; no inspecciona registros personales.
cned/resultados/archivos_subida/CNED_BASE_CORREGIDA_PRELIMINAR_HITO8_20260605_142406.xlsx	CNED_BASE_CORREGIDA_PRELIMINAR_HITO8_20260605_142406.xlsx	.xlsx	142960	2026-06-05T14:24:07.152965-04:00	TRACKED_OR_UNMODIFIED	otro proceso: CNED/índices	SI	Inventario por ruta y metadatos; no inspecciona registros personales.
cned/resultados/archivos_subida/CNED_MATRIZ_RESOLUCION_BLOQUEOS_HITO6_20260605_140333.xlsx	CNED_MATRIZ_RESOLUCION_BLOQUEOS_HITO6_20260605_140333.xlsx	.xlsx	193008	2026-06-05T14:03:33.655688-04:00	TRACKED_OR_UNMODIFIED	otro proceso: CNED/índices	SI	Inventario por ruta y metadatos; no inspecciona registros personales.
cned/resultados/archivos_subida/CNED_BASE_OPERATIVA_AUDITADA_PRE_SUBIDA_20260605_133904.xlsx	CNED_BASE_OPERATIVA_AUDITADA_PRE_SUBIDA_20260605_133904.xlsx	.xlsx	86160	2026-06-05T13:39:08.790063-04:00	TRACKED_OR_UNMODIFIED	otro proceso: CNED/índices	SI	Inventario por ruta y metadatos; no inspecciona registros personales.
cned/data/input/recuperacion_controlada/06__CNED_GUIA_OPERATIVA_CREACION_PROGRAMAS_CON_COD_CARRERA_CNED.xlsx	06__CNED_GUIA_OPERATIVA_CREACION_PROGRAMAS_CON_COD_CARRERA_CNED.xlsx	.xlsx	38104	2026-06-02T10:29:36-04:00	TRACKED_OR_UNMODIFIED	otro proceso: CNED/índices	SI	Inventario por ruta y metadatos; no inspecciona registros personales.
cned/data/input/recuperacion_controlada/04__CNED_ARCHIVO_OPERATIVO_TRABAJO_MANUAL_FINAL_20260604_221550.xlsx	04__CNED_ARCHIVO_OPERATIVO_TRABAJO_MANUAL_FINAL_20260604_221550.xlsx	.xlsx	1073167	2026-06-04T22:15:53-04:00	TRACKED_OR_UNMODIFIED	fuente normativa	SI	Inventario por ruta y metadatos; no inspecciona registros personales.
cned/data/input/recuperacion_controlada/07__CNED_CARGA_PARCIAL_SOLO_SIN_DECISION_PENDIENTE_20260605_112212.xlsx	07__CNED_CARGA_PARCIAL_SOLO_SIN_DECISION_PENDIENTE_20260605_112212.xlsx	.xlsx	26208	2026-06-05T11:22:12-04:00	TRACKED_OR_UNMODIFIED	otro proceso: CNED/índices	SI	Inventario por ruta y metadatos; no inspecciona registros personales.
cned/data/input/recuperacion_controlada/08__CNED_TABLA_EJECUTIVA_DECISION_INSTITUCIONAL_20260605_103124.xlsx	08__CNED_TABLA_EJECUTIVA_DECISION_INSTITUCIONAL_20260605_103124.xlsx	.xlsx	12523	2026-06-05T10:31:25-04:00	TRACKED_OR_UNMODIFIED	otro proceso: CNED/índices	SI	Inventario por ruta y metadatos; no inspecciona registros personales.
cned/data/input/recuperacion_controlada/02__CNED_10_CARRERAS_PRUEBA_SUBIDA_CNED_20260605_114209.xlsx	02__CNED_10_CARRERAS_PRUEBA_SUBIDA_CNED_20260605_114209.xlsx	.xlsx	35920	2026-06-05T11:42:20-04:00	TRACKED_OR_UNMODIFIED	otro proceso: CNED/índices	SI	Inventario por ruta y metadatos; no inspecciona registros personales.
cned/data/input/recuperacion_controlada/03__CNED_10_CARRERAS_PRUEBA_SUBIDA_CNED_20260605_114209.csv	03__CNED_10_CARRERAS_PRUEBA_SUBIDA_CNED_20260605_114209.csv	.csv	77056	2026-06-05T11:42:20-04:00	TRACKED_OR_UNMODIFIED	otro proceso: CNED/índices	SI	Inventario por ruta y metadatos; no inspecciona registros personales.
cned/data/input/recuperacion_controlada/05__CNED_LISTO_CARGA_MANUAL_DESDE_DURACION_ESTUDIOS.xlsx	05__CNED_LISTO_CARGA_MANUAL_DESDE_DURACION_ESTUDIOS.xlsx	.xlsx	23480	2026-05-19T17:25:02-04:00	TRACKED_OR_UNMODIFIED	fuente normativa	SI	Inventario por ruta y metadatos; no inspecciona registros personales.
cned/data/input/recuperacion_controlada/01__CNED_ARCHIVO_OPERATIVO_TRABAJO_MANUAL_FINAL_SANEADO_20260604_225138.xlsx	01__CNED_ARCHIVO_OPERATIVO_TRABAJO_MANUAL_FINAL_SANEADO_20260604_225138.xlsx	.xlsx	1045684	2026-06-04T22:51:41-04:00	TRACKED_OR_UNMODIFIED	fuente normativa	SI	Inventario por ruta y metadatos; no inspecciona registros personales.
cned/data/input/recuperacion_controlada/10__CNED_CARGA_PARCIAL_SOLO_SIN_DECISION_PENDIENTE_20260605_112212.tsv	10__CNED_CARGA_PARCIAL_SOLO_SIN_DECISION_PENDIENTE_20260605_112212.tsv	.tsv	93247	2026-06-05T11:22:12-04:00	TRACKED_OR_UNMODIFIED	otro proceso: CNED/índices	SI	Inventario por ruta y metadatos; no inspecciona registros personales.
cned/data/input/recuperacion_controlada/09__CNED_TABLA_EJECUTIVA_DECISION_INSTITUCIONAL_20260605_103428.xlsx	09__CNED_TABLA_EJECUTIVA_DECISION_INSTITUCIONAL_20260605_103428.xlsx	.xlsx	12521	2026-06-05T10:34:30-04:00	TRACKED_OR_UNMODIFIED	otro proceso: CNED/índices	SI	Inventario por ruta y metadatos; no inspecciona registros personales.
cned/data/processed/CNED_BASE_OPERATIVA_RECOMENDADA_PRELIMINAR_20260605_132140.xlsx	CNED_BASE_OPERATIVA_RECOMENDADA_PRELIMINAR_20260605_132140.xlsx	.xlsx	1045684	2026-06-04T22:51:41-04:00	TRACKED_OR_UNMODIFIED	otro proceso: CNED/índices	SI	Inventario por ruta y metadatos; no inspecciona registros personales.
patches/mu2026/README.md	README.md	.md	2662	2026-04-09T09:56:10.253737-04:00	TRACKED_OR_UNMODIFIED	otro	NO_DETERMINADO	Inventario por ruta y metadatos; no inspecciona registros personales.
patches/mu2026/sit_fon_sol_patch_ruts.json.bak.20260409_101913	sit_fon_sol_patch_ruts.json.bak.20260409_101913	.20260409_101913	4265	2026-04-09T10:19:13.342226-04:00	TRACKED_OR_UNMODIFIED	otro	NO_DETERMINADO	Inventario por ruta y metadatos; no inspecciona registros personales.
patches/mu2026/sit_fon_sol_patch_ruts.json	sit_fon_sol_patch_ruts.json	.json	12221	2026-04-09T10:19:13.561199-04:00	TRACKED_OR_UNMODIFIED	otro	NO_DETERMINADO	Inventario por ruta y metadatos; no inspecciona registros personales.
patches/mu2026/vig0_nomina_institucional.tsv	vig0_nomina_institucional.tsv	.tsv	8300	2026-05-08T23:02:36.585147-04:00	TRACKED_OR_UNMODIFIED	otro	NO_DETERMINADO	Inventario por ruta y metadatos; no inspecciona registros personales.
indices_2025/README_INDICES_2025 2.md	README_INDICES_2025 2.md	.md	9097	2026-05-18T21:07:16-04:00	TRACKED_OR_UNMODIFIED	otro proceso: CNED/índices	NO_DETERMINADO	Inventario por ruta y metadatos; no inspecciona registros personales.
indices_2025/resultados/plantillas_salida/plantilla_salida_campus.xlsx	plantilla_salida_campus.xlsx	.xlsx	8855	2026-05-18T20:40:30.837992-04:00	TRACKED_OR_UNMODIFIED	otro proceso: CNED/índices	SI	Inventario por ruta y metadatos; no inspecciona registros personales.
indices_2025/resultados/plantillas_salida/plantilla_salida_identificacion_casa_central.xlsx	plantilla_salida_identificacion_casa_central.xlsx	.xlsx	8855	2026-05-18T20:40:30.783878-04:00	TRACKED_OR_UNMODIFIED	otro proceso: CNED/índices	SI	Inventario por ruta y metadatos; no inspecciona registros personales.
indices_2025/resultados/plantillas_salida/plantilla_salida_junta_directiva.xlsx	plantilla_salida_junta_directiva.xlsx	.xlsx	8855	2026-05-18T20:40:30.794689-04:00	TRACKED_OR_UNMODIFIED	otro proceso: CNED/índices	SI	Inventario por ruta y metadatos; no inspecciona registros personales.
indices_2025/resultados/plantillas_salida/plantilla_salida_evolucion_programas.xlsx	plantilla_salida_evolucion_programas.xlsx	.xlsx	8855	2026-05-18T20:40:30.940167-04:00	TRACKED_OR_UNMODIFIED	otro proceso: CNED/índices	SI	Inventario por ruta y metadatos; no inspecciona registros personales.
indices_2025/resultados/plantillas_salida/plantilla_salida_origen_estudiantes.xlsx	plantilla_salida_origen_estudiantes.xlsx	.xlsx	8855	2026-05-18T20:40:30.889254-04:00	TRACKED_OR_UNMODIFIED	otro proceso: CNED/índices	SI	Inventario por ruta y metadatos; no inspecciona registros personales.
indices_2025/resultados/plantillas_salida/plantilla_salida_nuevos_programas.xlsx	plantilla_salida_nuevos_programas.xlsx	.xlsx	8855	2026-05-18T20:40:30.929939-04:00	TRACKED_OR_UNMODIFIED	otro proceso: CNED/índices	SI	Inventario por ruta y metadatos; no inspecciona registros personales.
indices_2025/resultados/plantillas_salida/plantilla_salida_administracion.xlsx	plantilla_salida_administracion.xlsx	.xlsx	8855	2026-05-18T20:40:30.971498-04:00	TRACKED_OR_UNMODIFIED	otro proceso: CNED/índices	SI	Inventario por ruta y metadatos; no inspecciona registros personales.
indices_2025/resultados/plantillas_salida/plantilla_salida_evolucion_carreras.xlsx	plantilla_salida_evolucion_carreras.xlsx	.xlsx	8855	2026-05-18T20:40:30.952805-04:00	TRACKED_OR_UNMODIFIED	otro proceso: CNED/índices	SI	Inventario por ruta y metadatos; no inspecciona registros personales.
indices_2025/resultados/plantillas_salida/plantilla_salida_investigacion.xlsx	plantilla_salida_investigacion.xlsx	.xlsx	8855	2026-05-18T20:40:30.817415-04:00	TRACKED_OR_UNMODIFIED	otro proceso: CNED/índices	SI	Inventario por ruta y metadatos; no inspecciona registros personales.
indices_2025/resultados/plantillas_salida/plantilla_salida_dependencias.xlsx	plantilla_salida_dependencias.xlsx	.xlsx	8855	2026-05-18T20:40:30.848445-04:00	TRACKED_OR_UNMODIFIED	otro proceso: CNED/índices	SI	Inventario por ruta y metadatos; no inspecciona registros personales.
indices_2025/resultados/plantillas_salida/plantilla_salida_errores_carga.xlsx	plantilla_salida_errores_carga.xlsx	.xlsx	8858	2026-05-18T20:40:31.070152-04:00	TRACKED_OR_UNMODIFIED	otro proceso: CNED/índices	SI	Inventario por ruta y metadatos; no inspecciona registros personales.
indices_2025/resultados/plantillas_salida/plantilla_salida_egresados_titulados.xlsx	plantilla_salida_egresados_titulados.xlsx	.xlsx	8855	2026-05-18T20:40:30.963515-04:00	TRACKED_OR_UNMODIFIED	otro proceso: CNED/índices	SI	Inventario por ruta y metadatos; no inspecciona registros personales.
indices_2025/resultados/plantillas_salida/plantilla_salida_docentes.xlsx	plantilla_salida_docentes.xlsx	.xlsx	8855	2026-05-18T20:40:30.867802-04:00	TRACKED_OR_UNMODIFIED	otro proceso: CNED/índices	SI	Inventario por ruta y metadatos; no inspecciona registros personales.
indices_2025/resultados/plantillas_salida/plantilla_salida_biblioteca.xlsx	plantilla_salida_biblioteca.xlsx	.xlsx	8855	2026-05-18T20:40:30.909558-04:00	TRACKED_OR_UNMODIFIED	otro proceso: CNED/índices	SI	Inventario por ruta y metadatos; no inspecciona registros personales.
indices_2025/resultados/plantillas_salida/plantilla_salida_laboratorios_talleres.xlsx	plantilla_salida_laboratorios_talleres.xlsx	.xlsx	8855	2026-05-18T20:40:30.920519-04:00	TRACKED_OR_UNMODIFIED	otro proceso: CNED/índices	SI	Inventario por ruta y metadatos; no inspecciona registros personales.
indices_2025/resultados/plantillas_salida/plantilla_salida_ayudas_estudiantiles.xlsx	plantilla_salida_ayudas_estudiantiles.xlsx	.xlsx	8855	2026-05-18T20:40:30.803666-04:00	TRACKED_OR_UNMODIFIED	otro proceso: CNED/índices	SI	Inventario por ruta y metadatos; no inspecciona registros personales.
indices_2025/resultados/plantillas_salida/plantilla_salida_sede.xlsx	plantilla_salida_sede.xlsx	.xlsx	8855	2026-05-18T20:40:30.827699-04:00	TRACKED_OR_UNMODIFIED	otro proceso: CNED/índices	SI	Inventario por ruta y metadatos; no inspecciona registros personales.
indices_2025/resultados/plantillas_salida/plantilla_salida_malla_curricular.xlsx	plantilla_salida_malla_curricular.xlsx	.xlsx	8855	2026-05-18T20:40:30.982852-04:00	TRACKED_OR_UNMODIFIED	otro proceso: CNED/índices	SI	Inventario por ruta y metadatos; no inspecciona registros personales.
indices_2025/resultados/plantillas_salida/plantilla_salida_inmueble.xlsx	plantilla_salida_inmueble.xlsx	.xlsx	8855	2026-05-18T20:40:30.899423-04:00	TRACKED_OR_UNMODIFIED	otro proceso: CNED/índices	SI	Inventario por ruta y metadatos; no inspecciona registros personales.
indices_2025/resultados/plantillas_salida/plantilla_salida_obtencion_reportes.xlsx	plantilla_salida_obtencion_reportes.xlsx	.xlsx	8855	2026-05-18T20:40:31.128438-04:00	TRACKED_OR_UNMODIFIED	otro proceso: CNED/índices	SI	Inventario por ruta y metadatos; no inspecciona registros personales.
indices_2025/resultados/plantillas_salida/plantilla_salida_sobre_carga_datos.xlsx	plantilla_salida_sobre_carga_datos.xlsx	.xlsx	8855	2026-05-18T20:40:30.997743-04:00	TRACKED_OR_UNMODIFIED	otro proceso: CNED/índices	SI	Inventario por ruta y metadatos; no inspecciona registros personales.
indices_2025/resultados/logs/fase0_diagnostico_manual_indices 2.log	fase0_diagnostico_manual_indices 2.log	.log	678	2026-05-18T18:25:07-04:00	TRACKED_OR_UNMODIFIED	fuente normativa	NO_DETERMINADO	Inventario por ruta y metadatos; no inspecciona registros personales.
indices_2025/resultados/logs/fase1_diccionario_evolucion_carreras 2.log	fase1_diccionario_evolucion_carreras 2.log	.log	3486	2026-05-18T18:36:40-04:00	TRACKED_OR_UNMODIFIED	otro proceso: CNED/índices	NO_DETERMINADO	Inventario por ruta y metadatos; no inspecciona registros personales.
indices_2025/resultados/logs/fase3_validacion_evolucion_carreras 2.log	fase3_validacion_evolucion_carreras 2.log	.log	830	2026-05-18T21:10:09-04:00	TRACKED_OR_UNMODIFIED	otro proceso: CNED/índices	NO_DETERMINADO	Inventario por ruta y metadatos; no inspecciona registros personales.
indices_2025/resultados/logs/fase2_diagnostico_arquitectura_indices 2.log	fase2_diagnostico_arquitectura_indices 2.log	.log	516	2026-05-18T20:52:35-04:00	TRACKED_OR_UNMODIFIED	otro proceso: CNED/índices	NO_DETERMINADO	Inventario por ruta y metadatos; no inspecciona registros personales.
indices_2025/resultados/diccionarios/diccionario_origen_estudiantes_esqueleto 2.json	diccionario_origen_estudiantes_esqueleto 2.json	.json	485	2026-05-18T20:40:30-04:00	TRACKED_OR_UNMODIFIED	otro proceso: CNED/índices	NO_DETERMINADO	Inventario por ruta y metadatos; no inspecciona registros personales.
indices_2025/resultados/diccionarios/diccionario_obtencion_reportes_esqueleto 2.json	diccionario_obtencion_reportes_esqueleto 2.json	.json	483	2026-05-18T20:40:31-04:00	TRACKED_OR_UNMODIFIED	otro proceso: CNED/índices	NO_DETERMINADO	Inventario por ruta y metadatos; no inspecciona registros personales.
indices_2025/resultados/diccionarios/diccionario_investigacion_esqueleto 2.json	diccionario_investigacion_esqueleto 2.json	.json	471	2026-05-18T20:40:30-04:00	TRACKED_OR_UNMODIFIED	otro proceso: CNED/índices	NO_DETERMINADO	Inventario por ruta y metadatos; no inspecciona registros personales.
indices_2025/resultados/diccionarios/fase0_indice_secciones_manual 2.json	fase0_indice_secciones_manual 2.json	.json	32803	2026-05-28T08:51:27-04:00	TRACKED_OR_UNMODIFIED	fuente normativa	NO_DETERMINADO	Inventario por ruta y metadatos; no inspecciona registros personales.
indices_2025/resultados/diccionarios/diccionario_identificacion_casa_central_esqueleto 2.json	diccionario_identificacion_casa_central_esqueleto 2.json	.json	517	2026-05-18T20:40:30-04:00	TRACKED_OR_UNMODIFIED	otro proceso: CNED/índices	NO_DETERMINADO	Inventario por ruta y metadatos; no inspecciona registros personales.
indices_2025/resultados/diccionarios/diccionario_dependencias_esqueleto 2.json	diccionario_dependencias_esqueleto 2.json	.json	466	2026-05-18T20:40:30-04:00	TRACKED_OR_UNMODIFIED	otro proceso: CNED/índices	NO_DETERMINADO	Inventario por ruta y metadatos; no inspecciona registros personales.
indices_2025/resultados/diccionarios/diccionario_inmueble_esqueleto 2.json	diccionario_inmueble_esqueleto 2.json	.json	455	2026-05-18T20:40:30-04:00	TRACKED_OR_UNMODIFIED	otro proceso: CNED/índices	NO_DETERMINADO	Inventario por ruta y metadatos; no inspecciona registros personales.
indices_2025/resultados/diccionarios/diccionario_malla_curricular_esqueleto 2.json	diccionario_malla_curricular_esqueleto 2.json	.json	507	2026-05-18T20:40:30-04:00	TRACKED_OR_UNMODIFIED	otro proceso: CNED/índices	NO_DETERMINADO	Inventario por ruta y metadatos; no inspecciona registros personales.
indices_2025/resultados/diccionarios/diccionario_evolucion_programas_esqueleto 2.json	diccionario_evolucion_programas_esqueleto 2.json	.json	496	2026-05-18T20:40:30-04:00	TRACKED_OR_UNMODIFIED	otro proceso: CNED/índices	NO_DETERMINADO	Inventario por ruta y metadatos; no inspecciona registros personales.
indices_2025/resultados/diccionarios/diccionario_errores_carga_esqueleto 2.json	diccionario_errores_carga_esqueleto 2.json	.json	481	2026-05-18T20:40:30-04:00	TRACKED_OR_UNMODIFIED	otro proceso: CNED/índices	NO_DETERMINADO	Inventario por ruta y metadatos; no inspecciona registros personales.
indices_2025/resultados/diccionarios/diccionario_laboratorios_talleres_esqueleto 2.json	diccionario_laboratorios_talleres_esqueleto 2.json	.json	498	2026-05-18T20:40:30-04:00	TRACKED_OR_UNMODIFIED	otro proceso: CNED/índices	NO_DETERMINADO	Inventario por ruta y metadatos; no inspecciona registros personales.
indices_2025/resultados/diccionarios/diccionario_ayudas_estudiantiles_esqueleto 2.json	diccionario_ayudas_estudiantiles_esqueleto 2.json	.json	490	2026-05-18T20:40:30-04:00	TRACKED_OR_UNMODIFIED	otro proceso: CNED/índices	NO_DETERMINADO	Inventario por ruta y metadatos; no inspecciona registros personales.
indices_2025/resultados/diccionarios/diccionario_junta_directiva_esqueleto 2.json	diccionario_junta_directiva_esqueleto 2.json	.json	475	2026-05-28T08:51:27-04:00	TRACKED_OR_UNMODIFIED	otro proceso: CNED/índices	NO_DETERMINADO	Inventario por ruta y metadatos; no inspecciona registros personales.
indices_2025/resultados/diccionarios/diccionario_evolucion_carreras 2.json	diccionario_evolucion_carreras 2.json	.json	79046	2026-05-18T18:36:40-04:00	TRACKED_OR_UNMODIFIED	otro proceso: CNED/índices	NO_DETERMINADO	Inventario por ruta y metadatos; no inspecciona registros personales.
indices_2025/resultados/diccionarios/diccionario_evolucion_carreras.csv	diccionario_evolucion_carreras.csv	.csv	27853	2026-05-18T18:36:40.650884-04:00	TRACKED_OR_UNMODIFIED	otro proceso: CNED/índices	SI	Inventario por ruta y metadatos; no inspecciona registros personales.
indices_2025/resultados/diccionarios/diccionario_evolucion_carreras.xlsx	diccionario_evolucion_carreras.xlsx	.xlsx	14545	2026-05-18T18:36:40.911994-04:00	TRACKED_OR_UNMODIFIED	otro proceso: CNED/índices	SI	Inventario por ruta y metadatos; no inspecciona registros personales.
indices_2025/resultados/diccionarios/diccionario_egresados_titulados_esqueleto 2.json	diccionario_egresados_titulados_esqueleto 2.json	.json	543	2026-05-18T20:40:30-04:00	TRACKED_OR_UNMODIFIED	otro proceso: CNED/índices	NO_DETERMINADO	Inventario por ruta y metadatos; no inspecciona registros personales.
indices_2025/resultados/reportes_validacion/validacion_evolucion_carreras 2.json	validacion_evolucion_carreras 2.json	.json	13431	2026-05-18T21:10:09-04:00	TRACKED_OR_UNMODIFIED	otro proceso: CNED/índices	NO_DETERMINADO	Inventario por ruta y metadatos; no inspecciona registros personales.
indices_2025/resultados/reportes_validacion/PLANTILLA_REPORTE_dependencias 2.md	PLANTILLA_REPORTE_dependencias 2.md	.md	764	2026-05-18T20:40:30-04:00	TRACKED_OR_UNMODIFIED	otro proceso: CNED/índices	NO_DETERMINADO	Inventario por ruta y metadatos; no inspecciona registros personales.
indices_2025/resultados/reportes_validacion/FASE2_DIAGNOSTICO_ARQUITECTURA_INDICES_2025 2.md	FASE2_DIAGNOSTICO_ARQUITECTURA_INDICES_2025 2.md	.md	24014	2026-05-18T20:52:35-04:00	TRACKED_OR_UNMODIFIED	otro proceso: CNED/índices	NO_DETERMINADO	Inventario por ruta y metadatos; no inspecciona registros personales.
indices_2025/resultados/reportes_validacion/PLANTILLA_REPORTE_docentes 2.md	PLANTILLA_REPORTE_docentes 2.md	.md	752	2026-05-18T20:40:30-04:00	TRACKED_OR_UNMODIFIED	otro proceso: CNED/índices	NO_DETERMINADO	Inventario por ruta y metadatos; no inspecciona registros personales.
indices_2025/resultados/reportes_validacion/PLANTILLA_REPORTE_administracion 2.md	PLANTILLA_REPORTE_administracion 2.md	.md	772	2026-05-18T20:40:30-04:00	TRACKED_OR_UNMODIFIED	otro proceso: CNED/índices	NO_DETERMINADO	Inventario por ruta y metadatos; no inspecciona registros personales.
indices_2025/resultados/reportes_validacion/validacion_evolucion_carreras.xlsx	validacion_evolucion_carreras.xlsx	.xlsx	22073	2026-05-18T21:10:09.739164-04:00	TRACKED_OR_UNMODIFIED	otro proceso: CNED/índices	SI	Inventario por ruta y metadatos; no inspecciona registros personales.
indices_2025/resultados/reportes_validacion/FASE1_DICCIONARIO_EVOLUCION_CARRERAS 2.md	FASE1_DICCIONARIO_EVOLUCION_CARRERAS 2.md	.md	23828	2026-05-28T08:51:27-04:00	TRACKED_OR_UNMODIFIED	otro proceso: CNED/índices	NO_DETERMINADO	Inventario por ruta y metadatos; no inspecciona registros personales.
indices_2025/resultados/auditoria/estado_arquitectura_indices_2025 2.json	estado_arquitectura_indices_2025 2.json	.json	37890	2026-05-28T08:51:27-04:00	TRACKED_OR_UNMODIFIED	otro proceso: CNED/índices	NO_DETERMINADO	Inventario por ruta y metadatos; no inspecciona registros personales.
indices_2025/resultados/auditoria/ESTADO_PROYECTO_INDICES_2025 2.md	ESTADO_PROYECTO_INDICES_2025 2.md	.md	9359	2026-05-28T08:51:27-04:00	TRACKED_OR_UNMODIFIED	otro proceso: CNED/índices	NO_DETERMINADO	Inventario por ruta y metadatos; no inspecciona registros personales.
indices_2025/config/reglas_csv_evolucion_carreras 2.yaml	reglas_csv_evolucion_carreras 2.yaml	.yaml	15731	2026-05-18T18:36:40-04:00	TRACKED_OR_UNMODIFIED	otro proceso: CNED/índices	NO_DETERMINADO	Inventario por ruta y metadatos; no inspecciona registros personales.
indices_2025/config/procesos/procesos_indices_2025.csv	procesos_indices_2025.csv	.csv	12916	2026-05-18T21:10:00.667506-04:00	TRACKED_OR_UNMODIFIED	otro proceso: CNED/índices	NO_DETERMINADO	Inventario por ruta y metadatos; no inspecciona registros personales.
indices_2025/cned/resultados/CNED_AUDITORIA_20_CONFLICTOS_I162S2C3J2V2_20260604_225344.xlsx	CNED_AUDITORIA_20_CONFLICTOS_I162S2C3J2V2_20260604_225344.xlsx	.xlsx	15763	2026-06-04T22:53:44.339017-04:00	TRACKED_OR_UNMODIFIED	otro proceso: CNED/índices	SI	Inventario por ruta y metadatos; no inspecciona registros personales.
indices_2025/cned/resultados/CNED_BLOQUE_3_5_COLUMNAS_COMPLETADAS_20260604_145519.xlsx	CNED_BLOQUE_3_5_COLUMNAS_COMPLETADAS_20260604_145519.xlsx	.xlsx	814848	2026-06-04T14:55:23.151457-04:00	TRACKED_OR_UNMODIFIED	otro proceso: CNED/índices	SI	Inventario por ruta y metadatos; no inspecciona registros personales.
indices_2025/cned/resultados/CNED_CRUCE_END_TO_END_FINAL 2.json	CNED_CRUCE_END_TO_END_FINAL 2.json	.json	7616	2026-05-19T17:45:06-04:00	TRACKED_OR_UNMODIFIED	otro proceso: CNED/índices	NO_DETERMINADO	Inventario por ruta y metadatos; no inspecciona registros personales.
indices_2025/cned/resultados/CNED_PROGRAMAS_FALTANTES_APLICA_METODOLOGIA_COLUMNAS_20260604_122517.xlsx	CNED_PROGRAMAS_FALTANTES_APLICA_METODOLOGIA_COLUMNAS_20260604_122517.xlsx	.xlsx	756679	2026-06-04T12:25:30.466679-04:00	TRACKED_OR_UNMODIFIED	otro proceso: CNED/índices	SI	Inventario por ruta y metadatos; no inspecciona registros personales.
indices_2025/cned/resultados/CNED_AUDITORIA_FINAL_TRABAJO_MANUAL_CNED_20260605_101951.csv	CNED_AUDITORIA_FINAL_TRABAJO_MANUAL_CNED_20260605_101951.csv	.csv	310631	2026-06-05T10:19:53.113091-04:00	TRACKED_OR_UNMODIFIED	fuente normativa	SI	Inventario por ruta y metadatos; no inspecciona registros personales.
indices_2025/cned/resultados/CNED_CARGA_PARCIAL_SOLO_SIN_DECISION_PENDIENTE_20260605_112212.xlsx	CNED_CARGA_PARCIAL_SOLO_SIN_DECISION_PENDIENTE_20260605_112212.xlsx	.xlsx	26208	2026-06-05T11:22:12.693587-04:00	TRACKED_OR_UNMODIFIED	otro proceso: CNED/índices	SI	Inventario por ruta y metadatos; no inspecciona registros personales.
indices_2025/cned/resultados/CNED_RECONCILIACION_FINAL_69_MATCH_2_SIN_MATCH_20260604_114030.csv	CNED_RECONCILIACION_FINAL_69_MATCH_2_SIN_MATCH_20260604_114030.csv	.csv	37011	2026-06-04T11:40:31.415504-04:00	TRACKED_OR_UNMODIFIED	otro proceso: CNED/índices	SI	Inventario por ruta y metadatos; no inspecciona registros personales.
indices_2025/cned/resultados/CNED_MATRIZ_DIAGNOSTICA_PROMEDIOS_35 2.json	CNED_MATRIZ_DIAGNOSTICA_PROMEDIOS_35 2.json	.json	3292	2026-05-28T08:51:27-04:00	TRACKED_OR_UNMODIFIED	otro proceso: CNED/índices	NO_DETERMINADO	Inventario por ruta y metadatos; no inspecciona registros personales.
indices_2025/cned/resultados/CNED_BLOQUE_5_5_COLUMNAS_COMPLETADAS_20260604_163355.xlsx	CNED_BLOQUE_5_5_COLUMNAS_COMPLETADAS_20260604_163355.xlsx	.xlsx	873291	2026-06-04T16:33:59.041306-04:00	TRACKED_OR_UNMODIFIED	otro proceso: CNED/índices	SI	Inventario por ruta y metadatos; no inspecciona registros personales.
indices_2025/cned/resultados/CNED_PROGRAMAS_FALTANTES_CREAR_INDICES_DESDE_PROMEDIOS_20260604_082355.xlsx	CNED_PROGRAMAS_FALTANTES_CREAR_INDICES_DESDE_PROMEDIOS_20260604_082355.xlsx	.xlsx	166380	2026-06-04T08:23:57.255286-04:00	TRACKED_OR_UNMODIFIED	otro proceso: CNED/índices	SI	Inventario por ruta y metadatos; no inspecciona registros personales.
indices_2025/cned/resultados/CNED_AUDITORIA_FINAL_TRABAJO_MANUAL_CNED_20260605_101951.xlsx	CNED_AUDITORIA_FINAL_TRABAJO_MANUAL_CNED_20260605_101951.xlsx	.xlsx	66230	2026-06-05T10:19:53.197750-04:00	TRACKED_OR_UNMODIFIED	fuente normativa	SI	Inventario por ruta y metadatos; no inspecciona registros personales.
indices_2025/cned/resultados/CNED_CORRECCION_CRITICOS_POST_BLOQUE_12_20260604_195013.xlsx	CNED_CORRECCION_CRITICOS_POST_BLOQUE_12_20260604_195013.xlsx	.xlsx	1069124	2026-06-04T19:50:16.979584-04:00	TRACKED_OR_UNMODIFIED	otro proceso: CNED/índices	SI	Inventario por ruta y metadatos; no inspecciona registros personales.
indices_2025/cned/resultados/CNED_BLOQUE_2_5_COLUMNAS_COMPLETADAS_20260604_144635.xlsx	CNED_BLOQUE_2_5_COLUMNAS_COMPLETADAS_20260604_144635.xlsx	.xlsx	787715	2026-06-04T14:46:43.371141-04:00	TRACKED_OR_UNMODIFIED	otro proceso: CNED/índices	SI	Inventario por ruta y metadatos; no inspecciona registros personales.
indices_2025/cned/resultados/CNED_CORRECCION_20_CONFLICTOS_I162S2C3J2V2_20260604_225738.csv	CNED_CORRECCION_20_CONFLICTOS_I162S2C3J2V2_20260604_225738.csv	.csv	6647	2026-06-04T22:57:46.715419-04:00	TRACKED_OR_UNMODIFIED	otro proceso: CNED/índices	SI	Inventario por ruta y metadatos; no inspecciona registros personales.
indices_2025/cned/resultados/CNED_METODOLOGIA_MATCH_OFERTA_20260604_115045.csv	CNED_METODOLOGIA_MATCH_OFERTA_20260604_115045.csv	.csv	72045	2026-06-04T11:50:46.896405-04:00	TRACKED_OR_UNMODIFIED	otro proceso: CNED/índices	SI	Inventario por ruta y metadatos; no inspecciona registros personales.
indices_2025/cned/resultados/CNED_ARTEFACTO_OPERATIVO_LIMPIO_20260603_132333.md	CNED_ARTEFACTO_OPERATIVO_LIMPIO_20260603_132333.md	.md	3166	2026-06-03T13:23:33.357799-04:00	TRACKED_OR_UNMODIFIED	otro proceso: CNED/índices	NO_DETERMINADO	Inventario por ruta y metadatos; no inspecciona registros personales.
indices_2025/cned/resultados/CNED_ARCHIVO_OPERATIVO_TRABAJO_MANUAL_FINAL_20260604_221550.xlsx	CNED_ARCHIVO_OPERATIVO_TRABAJO_MANUAL_FINAL_20260604_221550.xlsx	.xlsx	1073167	2026-06-04T22:15:53.230643-04:00	TRACKED_OR_UNMODIFIED	fuente normativa	SI	Inventario por ruta y metadatos; no inspecciona registros personales.
indices_2025/cned/resultados/CNED_REVISION_MANUAL_46_COMPLETAR_CAMPOS.xlsx	CNED_REVISION_MANUAL_46_COMPLETAR_CAMPOS.xlsx	.xlsx	28187	2026-05-19T17:34:40.158574-04:00	TRACKED_OR_UNMODIFIED	fuente normativa	SI	Inventario por ruta y metadatos; no inspecciona registros personales.
indices_2025/cned/resultados/OFERTA_ACADEMICA_2026_DICCIONARIO_CON_ENCABEZADOS.xlsx	OFERTA_ACADEMICA_2026_DICCIONARIO_CON_ENCABEZADOS.xlsx	.xlsx	36832	2026-06-04T10:46:14.057879-04:00	TRACKED_OR_UNMODIFIED	otro proceso: CNED/índices	SI	Inventario por ruta y metadatos; no inspecciona registros personales.
indices_2025/cned/resultados/CNED_METODOLOGIA_COLUMNA_POR_COLUMNA_20260604_121448.xlsx	CNED_METODOLOGIA_COLUMNA_POR_COLUMNA_20260604_121448.xlsx	.xlsx	524632	2026-06-04T12:14:51.759375-04:00	TRACKED_OR_UNMODIFIED	otro proceso: CNED/índices	SI	Inventario por ruta y metadatos; no inspecciona registros personales.
indices_2025/cned/resultados/CNED_BLOQUE_8_5_COLUMNAS_COMPLETADAS_20260604_165759.xlsx	CNED_BLOQUE_8_5_COLUMNAS_COMPLETADAS_20260604_165759.xlsx	.xlsx	954138	2026-06-04T16:58:04.254480-04:00	TRACKED_OR_UNMODIFIED	otro proceso: CNED/índices	SI	Inventario por ruta y metadatos; no inspecciona registros personales.
indices_2025/cned/resultados/CNED_PROGRAMAS_FALTANTES_PARA_CREAR_INDICES_RESUELTO_LIMPIO_CON_DICCIONARIO_20260604_104613.xlsx	CNED_PROGRAMAS_FALTANTES_PARA_CREAR_INDICES_RESUELTO_LIMPIO_CON_DICCIONARIO_20260604_104613.xlsx	.xlsx	86751	2026-06-04T10:46:14.418240-04:00	TRACKED_OR_UNMODIFIED	otro proceso: CNED/índices	SI	Inventario por ruta y metadatos; no inspecciona registros personales.
indices_2025/cned/resultados/CNED_CONFIRMACION_METODOLOGICA_CORRECCION_I162S2C3J2V2_20260604_231857.csv	CNED_CONFIRMACION_METODOLOGICA_CORRECCION_I162S2C3J2V2_20260604_231857.csv	.csv	8163	2026-06-04T23:19:00.986528-04:00	TRACKED_OR_UNMODIFIED	otro proceso: CNED/índices	SI	Inventario por ruta y metadatos; no inspecciona registros personales.
indices_2025/cned/resultados/CNED_PROGRAMAS_FALTANTES_CREAR_INDICES_DESDE_PROMEDIOS_20260603_151235.xlsx	CNED_PROGRAMAS_FALTANTES_CREAR_INDICES_DESDE_PROMEDIOS_20260603_151235.xlsx	.xlsx	166374	2026-06-03T15:12:38.096422-04:00	TRACKED_OR_UNMODIFIED	otro proceso: CNED/índices	SI	Inventario por ruta y metadatos; no inspecciona registros personales.
indices_2025/cned/resultados/CNED_BLOQUE_1_5_COLUMNAS_COMPLETADAS_20260604_143728.xlsx	CNED_BLOQUE_1_5_COLUMNAS_COMPLETADAS_20260604_143728.xlsx	.xlsx	771823	2026-06-04T14:37:35.601144-04:00	TRACKED_OR_UNMODIFIED	otro proceso: CNED/índices	SI	Inventario por ruta y metadatos; no inspecciona registros personales.
indices_2025/cned/resultados/CNED_CARGA_PARCIAL_SOLO_SIN_DECISION_PENDIENTE_20260605_112212.tsv	CNED_CARGA_PARCIAL_SOLO_SIN_DECISION_PENDIENTE_20260605_112212.tsv	.tsv	93247	2026-06-05T11:22:12.730921-04:00	TRACKED_OR_UNMODIFIED	otro proceso: CNED/índices	SI	Inventario por ruta y metadatos; no inspecciona registros personales.
indices_2025/cned/resultados/CNED_METODOLOGIA_COLUMNA_POR_COLUMNA_20260604_121212.xlsx	CNED_METODOLOGIA_COLUMNA_POR_COLUMNA_20260604_121212.xlsx	.xlsx	532525	2026-06-04T12:12:15.926353-04:00	TRACKED_OR_UNMODIFIED	otro proceso: CNED/índices	SI	Inventario por ruta y metadatos; no inspecciona registros personales.
indices_2025/cned/resultados/CNED_TABLA_EJECUTIVA_DECISION_INSTITUCIONAL_20260605_103124.xlsx	CNED_TABLA_EJECUTIVA_DECISION_INSTITUCIONAL_20260605_103124.xlsx	.xlsx	12523	2026-06-05T10:31:25.878555-04:00	TRACKED_OR_UNMODIFIED	otro proceso: CNED/índices	SI	Inventario por ruta y metadatos; no inspecciona registros personales.
indices_2025/cned/resultados/CNED_BLOQUE_7_5_COLUMNAS_COMPLETADAS_20260604_164748.xlsx	CNED_BLOQUE_7_5_COLUMNAS_COMPLETADAS_20260604_164748.xlsx	.xlsx	927854	2026-06-04T16:47:52.737002-04:00	TRACKED_OR_UNMODIFIED	otro proceso: CNED/índices	SI	Inventario por ruta y metadatos; no inspecciona registros personales.
indices_2025/cned/resultados/CNED_BLOQUE_4_5_COLUMNAS_COMPLETADAS_20260604_150123.xlsx	CNED_BLOQUE_4_5_COLUMNAS_COMPLETADAS_20260604_150123.xlsx	.xlsx	844149	2026-06-04T15:01:27.501012-04:00	TRACKED_OR_UNMODIFIED	otro proceso: CNED/índices	SI	Inventario por ruta y metadatos; no inspecciona registros personales.
indices_2025/cned/resultados/CNED_TABLA_EJECUTIVA_DECISION_INSTITUCIONAL_20260605_103428.csv	CNED_TABLA_EJECUTIVA_DECISION_INSTITUCIONAL_20260605_103428.csv	.csv	13751	2026-06-05T10:34:30.572009-04:00	TRACKED_OR_UNMODIFIED	otro proceso: CNED/índices	SI	Inventario por ruta y metadatos; no inspecciona registros personales.
indices_2025/cned/resultados/CNED_PROGRAMAS_FALTANTES_CREAR_INDICES_DESDE_PROMEDIOS_20260604_082204.csv	CNED_PROGRAMAS_FALTANTES_CREAR_INDICES_DESDE_PROMEDIOS_20260604_082204.csv	.csv	54986	2026-06-04T08:22:06.551084-04:00	TRACKED_OR_UNMODIFIED	otro proceso: CNED/índices	SI	Inventario por ruta y metadatos; no inspecciona registros personales.
indices_2025/cned/resultados/CNED_RESOLUCION_ANIO_INICIO_POST_CRITICOS_20260604_213941.xlsx	CNED_RESOLUCION_ANIO_INICIO_POST_CRITICOS_20260604_213941.xlsx	.xlsx	1070299	2026-06-04T21:39:45.037773-04:00	TRACKED_OR_UNMODIFIED	otro proceso: CNED/índices	SI	Inventario por ruta y metadatos; no inspecciona registros personales.
indices_2025/cned/resultados/CNED_BLOQUE_11_5_COLUMNAS_COMPLETADAS_20260604_192753.xlsx	CNED_BLOQUE_11_5_COLUMNAS_COMPLETADAS_20260604_192753.xlsx	.xlsx	1027482	2026-06-04T19:27:57.077133-04:00	TRACKED_OR_UNMODIFIED	otro proceso: CNED/índices	SI	Inventario por ruta y metadatos; no inspecciona registros personales.
indices_2025/cned/resultados/CNED_AUDITORIA_GLOBAL_FINAL_POST_BLOQUE_12_20260604_194325.xlsx	CNED_AUDITORIA_GLOBAL_FINAL_POST_BLOQUE_12_20260604_194325.xlsx	.xlsx	105644	2026-06-04T19:43:25.763246-04:00	TRACKED_OR_UNMODIFIED	otro proceso: CNED/índices	SI	Inventario por ruta y metadatos; no inspecciona registros personales.
indices_2025/cned/resultados/CNED_resumen_comparacion 2.md	CNED_resumen_comparacion 2.md	.md	29990	2026-05-19T12:15:21-04:00	TRACKED_OR_UNMODIFIED	otro proceso: CNED/índices	NO_DETERMINADO	Inventario por ruta y metadatos; no inspecciona registros personales.
indices_2025/cned/resultados/CNED_BLOQUE_4_5_COLUMNAS_COMPLETADAS_20260604_162911.xlsx	CNED_BLOQUE_4_5_COLUMNAS_COMPLETADAS_20260604_162911.xlsx	.xlsx	844149	2026-06-04T16:29:15.526022-04:00	TRACKED_OR_UNMODIFIED	otro proceso: CNED/índices	SI	Inventario por ruta y metadatos; no inspecciona registros personales.
indices_2025/cned/resultados/CNED_AUDITORIA_FINAL_79_COLUMNAS_20260604_113425.csv	CNED_AUDITORIA_FINAL_79_COLUMNAS_20260604_113425.csv	.csv	37334	2026-06-04T11:34:26.478151-04:00	TRACKED_OR_UNMODIFIED	otro proceso: CNED/índices	SI	Inventario por ruta y metadatos; no inspecciona registros personales.
indices_2025/cned/resultados/CNED_APLICACION_METODOLOGIA_COLUMNAS_20260604_122517.csv	CNED_APLICACION_METODOLOGIA_COLUMNAS_20260604_122517.csv	.csv	1531956	2026-06-04T12:25:23.053415-04:00	TRACKED_OR_UNMODIFIED	otro proceso: CNED/índices	SI	Inventario por ruta y metadatos; no inspecciona registros personales.
indices_2025/cned/resultados/CNED_TRABAJO_MANUAL_DECISIONES_PENDIENTES_20260605_103853.xlsx	CNED_TRABAJO_MANUAL_DECISIONES_PENDIENTES_20260605_103853.xlsx	.xlsx	11374	2026-06-05T10:38:54.842417-04:00	TRACKED_OR_UNMODIFIED	fuente normativa	SI	Inventario por ruta y metadatos; no inspecciona registros personales.
indices_2025/cned/resultados/OFERTA_ACADEMICA_2026_DICCIONARIO_CON_ENCABEZADOS_COMPLEMENTADO_20260604_110722.tsv	OFERTA_ACADEMICA_2026_DICCIONARIO_CON_ENCABEZADOS_COMPLEMENTADO_20260604_110722.tsv	.tsv	55696	2026-06-04T11:07:23.174293-04:00	TRACKED_OR_UNMODIFIED	otro proceso: CNED/índices	SI	Inventario por ruta y metadatos; no inspecciona registros personales.
indices_2025/cned/resultados/CNED_REVISION_MANUAL_46_COMPLETAR_CAMPOS_RESUMEN 2.md	CNED_REVISION_MANUAL_46_COMPLETAR_CAMPOS_RESUMEN 2.md	.md	681	2026-05-19T17:34:40-04:00	TRACKED_OR_UNMODIFIED	fuente normativa	NO_DETERMINADO	Inventario por ruta y metadatos; no inspecciona registros personales.
indices_2025/cned/resultados/CNED_ARTEFACTO_OPERATIVO_LIMPIO_20260603_130339.md	CNED_ARTEFACTO_OPERATIVO_LIMPIO_20260603_130339.md	.md	3166	2026-06-03T13:03:39.176116-04:00	TRACKED_OR_UNMODIFIED	otro proceso: CNED/índices	NO_DETERMINADO	Inventario por ruta y metadatos; no inspecciona registros personales.
indices_2025/cned/resultados/CNED_BLOQUE_8_5_COLUMNAS_COMPLETADAS_20260604_165250.xlsx	CNED_BLOQUE_8_5_COLUMNAS_COMPLETADAS_20260604_165250.xlsx	.xlsx	954138	2026-06-04T16:52:55.020791-04:00	TRACKED_OR_UNMODIFIED	otro proceso: CNED/índices	SI	Inventario por ruta y metadatos; no inspecciona registros personales.
indices_2025/cned/resultados/CNED_METODOLOGIA_MATCH_OFERTA_20260604_115408.csv	CNED_METODOLOGIA_MATCH_OFERTA_20260604_115408.csv	.csv	73141	2026-06-04T11:54:10.285070-04:00	TRACKED_OR_UNMODIFIED	otro proceso: CNED/índices	SI	Inventario por ruta y metadatos; no inspecciona registros personales.
indices_2025/cned/resultados/CNED_BLOQUE_12_4_COLUMNAS_CIERRE_FINAL_20260604_193836.xlsx	CNED_BLOQUE_12_4_COLUMNAS_CIERRE_FINAL_20260604_193836.xlsx	.xlsx	1051470	2026-06-04T19:38:39.688563-04:00	TRACKED_OR_UNMODIFIED	otro proceso: CNED/índices	SI	Inventario por ruta y metadatos; no inspecciona registros personales.
indices_2025/cned/resultados/CNED_AUDITORIA_REVISAR_CONFLICTO_COLUMNAS_20260604_130403.xlsx	CNED_AUDITORIA_REVISAR_CONFLICTO_COLUMNAS_20260604_130403.xlsx	.xlsx	129992	2026-06-04T13:04:06.629838-04:00	TRACKED_OR_UNMODIFIED	otro proceso: CNED/índices	SI	Inventario por ruta y metadatos; no inspecciona registros personales.
indices_2025/cned/resultados/CNED_AUDITORIA_11_SIN_MATCH_DICCIONARIO_20260604_105355.xlsx	CNED_AUDITORIA_11_SIN_MATCH_DICCIONARIO_20260604_105355.xlsx	.xlsx	16711	2026-06-04T10:55:10.404136-04:00	TRACKED_OR_UNMODIFIED	otro proceso: CNED/índices	SI	Inventario por ruta y metadatos; no inspecciona registros personales.
indices_2025/cned/resultados/CNED_AUDITORIA_END_TO_END_COLUMNAS_FINAL_20260604_225040.csv	CNED_AUDITORIA_END_TO_END_COLUMNAS_FINAL_20260604_225040.csv	.csv	14548	2026-06-04T22:50:44.848362-04:00	TRACKED_OR_UNMODIFIED	otro proceso: CNED/índices	SI	Inventario por ruta y metadatos; no inspecciona registros personales.
indices_2025/cned/resultados/CNED_10_CARRERAS_PRUEBA_SUBIDA_CNED_20260605_114209.csv	CNED_10_CARRERAS_PRUEBA_SUBIDA_CNED_20260605_114209.csv	.csv	77056	2026-06-05T11:42:20.070968-04:00	TRACKED_OR_UNMODIFIED	otro proceso: CNED/índices	SI	Inventario por ruta y metadatos; no inspecciona registros personales.
indices_2025/cned/resultados/CNED_LISTO_CARGA_MANUAL_DESDE_DURACION_ESTUDIOS.xlsx	CNED_LISTO_CARGA_MANUAL_DESDE_DURACION_ESTUDIOS.xlsx	.xlsx	23480	2026-05-19T17:25:02.677799-04:00	TRACKED_OR_UNMODIFIED	fuente normativa	SI	Inventario por ruta y metadatos; no inspecciona registros personales.
indices_2025/cned/resultados/OFERTA_ACADEMICA_2026_DICCIONARIO_CON_ENCABEZADOS.tsv	OFERTA_ACADEMICA_2026_DICCIONARIO_CON_ENCABEZADOS.tsv	.tsv	49570	2026-06-04T10:46:13.983359-04:00	TRACKED_OR_UNMODIFIED	otro proceso: CNED/índices	SI	Inventario por ruta y metadatos; no inspecciona registros personales.
indices_2025/cned/resultados/CNED_AUDITORIA_20_CONFLICTOS_I162S2C3J2V2_20260604_225344.csv	CNED_AUDITORIA_20_CONFLICTOS_I162S2C3J2V2_20260604_225344.csv	.csv	5574	2026-06-04T22:53:44.341152-04:00	TRACKED_OR_UNMODIFIED	otro proceso: CNED/índices	SI	Inventario por ruta y metadatos; no inspecciona registros personales.
indices_2025/cned/resultados/CNED_RESOLUCION_DUDOSOS_4_CASOS_20260604_084248.xlsx	CNED_RESOLUCION_DUDOSOS_4_CASOS_20260604_084248.xlsx	.xlsx	26491	2026-06-04T08:42:49.579733-04:00	TRACKED_OR_UNMODIFIED	otro proceso: CNED/índices	SI	Inventario por ruta y metadatos; no inspecciona registros personales.
indices_2025/cned/resultados/CNED_PROGRAMAS_FALTANTES_CREAR_INDICES_DESDE_PROMEDIOS_20260603_151154.xlsx	CNED_PROGRAMAS_FALTANTES_CREAR_INDICES_DESDE_PROMEDIOS_20260603_151154.xlsx	.xlsx	166376	2026-06-03T15:11:57.727060-04:00	TRACKED_OR_UNMODIFIED	otro proceso: CNED/índices	SI	Inventario por ruta y metadatos; no inspecciona registros personales.
indices_2025/cned/resultados/CNED_METODOLOGIA_COLUMNA_POR_COLUMNA_20260604_121212.csv	CNED_METODOLOGIA_COLUMNA_POR_COLUMNA_20260604_121212.csv	.csv	1483808	2026-06-04T12:12:15.960976-04:00	TRACKED_OR_UNMODIFIED	otro proceso: CNED/índices	SI	Inventario por ruta y metadatos; no inspecciona registros personales.
indices_2025/cned/resultados/CNED_COMPARACION_TSV_ANTERIOR_VS_NUEVO_20260602_111240 2.md	CNED_COMPARACION_TSV_ANTERIOR_VS_NUEVO_20260602_111240 2.md	.md	1165	2026-06-02T11:12:41-04:00	TRACKED_OR_UNMODIFIED	otro proceso: CNED/índices	NO_DETERMINADO	Inventario por ruta y metadatos; no inspecciona registros personales.
indices_2025/cned/resultados/CNED_TABLA_DECISION_ANIO_INICIO_10_PENDIENTES_20260604_220338.xlsx	CNED_TABLA_DECISION_ANIO_INICIO_10_PENDIENTES_20260604_220338.xlsx	.xlsx	39363	2026-06-04T22:03:38.829498-04:00	TRACKED_OR_UNMODIFIED	otro proceso: CNED/índices	SI	Inventario por ruta y metadatos; no inspecciona registros personales.
indices_2025/cned/resultados/CNED_CONFIRMACION_METODOLOGICA_CORRECCION_I162S2C3J2V2_20260604_231857.xlsx	CNED_CONFIRMACION_METODOLOGICA_CORRECCION_I162S2C3J2V2_20260604_231857.xlsx	.xlsx	17299	2026-06-04T23:19:01.002407-04:00	TRACKED_OR_UNMODIFIED	otro proceso: CNED/índices	SI	Inventario por ruta y metadatos; no inspecciona registros personales.
indices_2025/cned/resultados/CNED_ARTEFACTO_OPERATIVO_LIMPIO_20260603_130339.xlsx	CNED_ARTEFACTO_OPERATIVO_LIMPIO_20260603_130339.xlsx	.xlsx	21753	2026-06-03T13:03:39.173626-04:00	TRACKED_OR_UNMODIFIED	otro proceso: CNED/índices	SI	Inventario por ruta y metadatos; no inspecciona registros personales.
indices_2025/cned/resultados/CNED_CRUCE_END_TO_END_FINAL.xlsx	CNED_CRUCE_END_TO_END_FINAL.xlsx	.xlsx	53992	2026-05-19T17:45:06.015555-04:00	TRACKED_OR_UNMODIFIED	otro proceso: CNED/índices	SI	Inventario por ruta y metadatos; no inspecciona registros personales.
indices_2025/cned/resultados/CNED_AUDITORIA_REVISAR_CONFLICTO_COLUMNAS_20260604_130607.csv	CNED_AUDITORIA_REVISAR_CONFLICTO_COLUMNAS_20260604_130607.csv	.csv	399566	2026-06-04T13:06:09.618254-04:00	TRACKED_OR_UNMODIFIED	otro proceso: CNED/índices	SI	Inventario por ruta y metadatos; no inspecciona registros personales.
indices_2025/cned/resultados/CNED_METODOLOGIA_MATCH_OFERTA_20260604_115045.xlsx	CNED_METODOLOGIA_MATCH_OFERTA_20260604_115045.xlsx	.xlsx	78784	2026-06-04T11:50:47.140512-04:00	TRACKED_OR_UNMODIFIED	otro proceso: CNED/índices	SI	Inventario por ruta y metadatos; no inspecciona registros personales.
indices_2025/cned/resultados/DIAGNOSTICO_END_TO_END_CNED_MU_20260603_085809 2.md	DIAGNOSTICO_END_TO_END_CNED_MU_20260603_085809 2.md	.md	2974	2026-06-03T08:58:10-04:00	TRACKED_OR_UNMODIFIED	otro proceso: CNED/índices	NO_DETERMINADO	Inventario por ruta y metadatos; no inspecciona registros personales.
indices_2025/cned/resultados/CNED_GUIA_OPERATIVA_CREACION_PROGRAMAS_CON_COD_CARRERA_CNED.xlsx	CNED_GUIA_OPERATIVA_CREACION_PROGRAMAS_CON_COD_CARRERA_CNED.xlsx	.xlsx	38104	2026-06-02T10:29:36.030947-04:00	TRACKED_OR_UNMODIFIED	otro proceso: CNED/índices	SI	Inventario por ruta y metadatos; no inspecciona registros personales.
indices_2025/cned/resultados/CNED_RESOLUCION_FINAL_11_SIN_MATCH_DICCIONARIO_20260604_110722.xlsx	CNED_RESOLUCION_FINAL_11_SIN_MATCH_DICCIONARIO_20260604_110722.xlsx	.xlsx	83521	2026-06-04T11:07:23.542741-04:00	TRACKED_OR_UNMODIFIED	otro proceso: CNED/índices	SI	Inventario por ruta y metadatos; no inspecciona registros personales.
indices_2025/cned/resultados/CNED_carreras_a_informar_comparacion.csv	CNED_carreras_a_informar_comparacion.csv	.csv	150630	2026-05-19T12:15:21.840645-04:00	TRACKED_OR_UNMODIFIED	otro proceso: CNED/índices	SI	Inventario por ruta y metadatos; no inspecciona registros personales.
indices_2025/cned/resultados/CNED_PROGRAMAS_FALTANTES_CREAR_INDICES_DESDE_PROMEDIOS_20260604_082355.csv	CNED_PROGRAMAS_FALTANTES_CREAR_INDICES_DESDE_PROMEDIOS_20260604_082355.csv	.csv	54986	2026-06-04T08:23:57.259678-04:00	TRACKED_OR_UNMODIFIED	otro proceso: CNED/índices	SI	Inventario por ruta y metadatos; no inspecciona registros personales.
indices_2025/cned/resultados/CNED_BLOQUE_9_5_COLUMNAS_COMPLETADAS_20260604_170429.xlsx	CNED_BLOQUE_9_5_COLUMNAS_COMPLETADAS_20260604_170429.xlsx	.xlsx	980269	2026-06-04T17:04:33.697743-04:00	TRACKED_OR_UNMODIFIED	otro proceso: CNED/índices	SI	Inventario por ruta y metadatos; no inspecciona registros personales.
indices_2025/cned/resultados/CNED_BLOQUE_10_5_COLUMNAS_COMPLETADAS_20260604_171248.xlsx	CNED_BLOQUE_10_5_COLUMNAS_COMPLETADAS_20260604_171248.xlsx	.xlsx	1004323	2026-06-04T17:12:51.961627-04:00	TRACKED_OR_UNMODIFIED	otro proceso: CNED/índices	SI	Inventario por ruta y metadatos; no inspecciona registros personales.
indices_2025/cned/resultados/CNED_CRUCE_FINAL_DURACION_ESTUDIOS_VS_CNED.xlsx	CNED_CRUCE_FINAL_DURACION_ESTUDIOS_VS_CNED.xlsx	.xlsx	32614	2026-05-19T17:33:28.735248-04:00	TRACKED_OR_UNMODIFIED	otro proceso: CNED/índices	SI	Inventario por ruta y metadatos; no inspecciona registros personales.
indices_2025/cned/resultados/CNED_PROGRAMAS_FALTANTES_PARA_CREAR_INDICES_CON_DICCIONARIO_REVISION.xlsx	CNED_PROGRAMAS_FALTANTES_PARA_CREAR_INDICES_CON_DICCIONARIO_REVISION.xlsx	.xlsx	86751	2026-06-04T10:46:14.691463-04:00	TRACKED_OR_UNMODIFIED	otro proceso: CNED/índices	SI	Inventario por ruta y metadatos; no inspecciona registros personales.
indices_2025/cned/resultados/CNED_GUIA_OPERATIVA_CREACION_PROGRAMAS.xlsx	CNED_GUIA_OPERATIVA_CREACION_PROGRAMAS.xlsx	.xlsx	30752	2026-05-20T13:01:35.845249-04:00	TRACKED_OR_UNMODIFIED	otro proceso: CNED/índices	SI	Inventario por ruta y metadatos; no inspecciona registros personales.
indices_2025/cned/resultados/CNED_PROGRAMAS_FALTANTES_CREAR_INDICES_DESDE_PROMEDIOS_20260603_151235.csv	CNED_PROGRAMAS_FALTANTES_CREAR_INDICES_DESDE_PROMEDIOS_20260603_151235.csv	.csv	54986	2026-06-03T15:12:38.104294-04:00	TRACKED_OR_UNMODIFIED	otro proceso: CNED/índices	SI	Inventario por ruta y metadatos; no inspecciona registros personales.
indices_2025/cned/resultados/CNED_TABLA_EJECUTIVA_DECISION_INSTITUCIONAL_20260605_103428.xlsx	CNED_TABLA_EJECUTIVA_DECISION_INSTITUCIONAL_20260605_103428.xlsx	.xlsx	12521	2026-06-05T10:34:30.617351-04:00	TRACKED_OR_UNMODIFIED	otro proceso: CNED/índices	SI	Inventario por ruta y metadatos; no inspecciona registros personales.
indices_2025/cned/resultados/CNED_ARTEFACTO_OPERATIVO_LIMPIO_20260603_105308.xlsx	CNED_ARTEFACTO_OPERATIVO_LIMPIO_20260603_105308.xlsx	.xlsx	21753	2026-06-03T10:53:08.434636-04:00	TRACKED_OR_UNMODIFIED	otro proceso: CNED/índices	SI	Inventario por ruta y metadatos; no inspecciona registros personales.
indices_2025/cned/resultados/CNED_10_CARRERAS_PRUEBA_SUBIDA_CNED_20260605_114209.xlsx	CNED_10_CARRERAS_PRUEBA_SUBIDA_CNED_20260605_114209.xlsx	.xlsx	35920	2026-06-05T11:42:20.030026-04:00	TRACKED_OR_UNMODIFIED	otro proceso: CNED/índices	SI	Inventario por ruta y metadatos; no inspecciona registros personales.
indices_2025/cned/resultados/OFERTA_ACADEMICA_2026_DICCIONARIO_CON_ENCABEZADOS_COMPLEMENTADO_20260604_110722.xlsx	OFERTA_ACADEMICA_2026_DICCIONARIO_CON_ENCABEZADOS_COMPLEMENTADO_20260604_110722.xlsx	.xlsx	43347	2026-06-04T11:07:23.272412-04:00	TRACKED_OR_UNMODIFIED	otro proceso: CNED/índices	SI	Inventario por ruta y metadatos; no inspecciona registros personales.
indices_2025/cned/resultados/CNED_ARTEFACTO_OPERATIVO_LIMPIO_20260603_132333.xlsx	CNED_ARTEFACTO_OPERATIVO_LIMPIO_20260603_132333.xlsx	.xlsx	21752	2026-06-03T13:23:33.353876-04:00	TRACKED_OR_UNMODIFIED	otro proceso: CNED/índices	SI	Inventario por ruta y metadatos; no inspecciona registros personales.
indices_2025/cned/resultados/CNED_LISTO_CARGA_MANUAL_DESDE_DURACION_ESTUDIOS 2.json	CNED_LISTO_CARGA_MANUAL_DESDE_DURACION_ESTUDIOS 2.json	.json	477	2026-05-19T17:25:02-04:00	TRACKED_OR_UNMODIFIED	fuente normativa	NO_DETERMINADO	Inventario por ruta y metadatos; no inspecciona registros personales.
indices_2025/cned/resultados/CNED_CORRECCION_20_CONFLICTOS_I162S2C3J2V2_20260604_225738.xlsx	CNED_CORRECCION_20_CONFLICTOS_I162S2C3J2V2_20260604_225738.xlsx	.xlsx	1049167	2026-06-04T22:57:42.554968-04:00	TRACKED_OR_UNMODIFIED	otro proceso: CNED/índices	SI	Inventario por ruta y metadatos; no inspecciona registros personales.
indices_2025/cned/resultados/CNED_GUIA_OPERATIVA_CREACION_PROGRAMAS 2.json	CNED_GUIA_OPERATIVA_CREACION_PROGRAMAS 2.json	.json	3529	2026-05-20T13:01:35-04:00	TRACKED_OR_UNMODIFIED	otro proceso: CNED/índices	NO_DETERMINADO	Inventario por ruta y metadatos; no inspecciona registros personales.
indices_2025/cned/resultados/CNED_AUDITORIA_REVISAR_CONFLICTO_COLUMNAS_20260604_130403.csv	CNED_AUDITORIA_REVISAR_CONFLICTO_COLUMNAS_20260604_130403.csv	.csv	399566	2026-06-04T13:04:06.643108-04:00	TRACKED_OR_UNMODIFIED	otro proceso: CNED/índices	SI	Inventario por ruta y metadatos; no inspecciona registros personales.
indices_2025/cned/resultados/CNED_PROGRAMAS_FALTANTES_CREAR_INDICES_DESDE_PROMEDIOS_20260603_151154.csv	CNED_PROGRAMAS_FALTANTES_CREAR_INDICES_DESDE_PROMEDIOS_20260603_151154.csv	.csv	54986	2026-06-03T15:11:57.729948-04:00	TRACKED_OR_UNMODIFIED	otro proceso: CNED/índices	SI	Inventario por ruta y metadatos; no inspecciona registros personales.
indices_2025/cned/resultados/CNED_TABLA_EJECUTIVA_DECISION_INSTITUCIONAL_20260605_103124.csv	CNED_TABLA_EJECUTIVA_DECISION_INSTITUCIONAL_20260605_103124.csv	.csv	13751	2026-06-05T10:31:25.835458-04:00	TRACKED_OR_UNMODIFIED	otro proceso: CNED/índices	SI	Inventario por ruta y metadatos; no inspecciona registros personales.
indices_2025/cned/resultados/CNED_ARCHIVO_OPERATIVO_TRABAJO_MANUAL_FINAL_SANEADO_20260604_225138.xlsx	CNED_ARCHIVO_OPERATIVO_TRABAJO_MANUAL_FINAL_SANEADO_20260604_225138.xlsx	.xlsx	1045684	2026-06-04T22:51:41.673055-04:00	TRACKED_OR_UNMODIFIED	fuente normativa	SI	Inventario por ruta y metadatos; no inspecciona registros personales.
indices_2025/cned/resultados/CNED_AUDITORIA_REVISION_MANUAL_FINAL.xlsx	CNED_AUDITORIA_REVISION_MANUAL_FINAL.xlsx	.xlsx	97766	2026-05-19T18:02:34.737875-04:00	TRACKED_OR_UNMODIFIED	fuente normativa	SI	Inventario por ruta y metadatos; no inspecciona registros personales.
indices_2025/cned/resultados/CNED_AUDITORIA_REVISAR_CONFLICTO_COLUMNAS_20260604_130607.xlsx	CNED_AUDITORIA_REVISAR_CONFLICTO_COLUMNAS_20260604_130607.xlsx	.xlsx	129660	2026-06-04T13:06:09.605205-04:00	TRACKED_OR_UNMODIFIED	otro proceso: CNED/índices	SI	Inventario por ruta y metadatos; no inspecciona registros personales.
indices_2025/cned/resultados/CNED_MATRIZ_MANUAL_CONSOLIDADA_FINAL.xlsx	CNED_MATRIZ_MANUAL_CONSOLIDADA_FINAL.xlsx	.xlsx	26151	2026-05-20T09:33:58.096667-04:00	TRACKED_OR_UNMODIFIED	fuente normativa	SI	Inventario por ruta y metadatos; no inspecciona registros personales.
indices_2025/cned/resultados/CNED_METODOLOGIA_COLUMNA_POR_COLUMNA_20260604_121448.csv	CNED_METODOLOGIA_COLUMNA_POR_COLUMNA_20260604_121448.csv	.csv	1465118	2026-06-04T12:14:51.800019-04:00	TRACKED_OR_UNMODIFIED	otro proceso: CNED/índices	SI	Inventario por ruta y metadatos; no inspecciona registros personales.
indices_2025/cned/resultados/CNED_CRUCE_FINAL_DURACION_ESTUDIOS_VS_CNED 2.json	CNED_CRUCE_FINAL_DURACION_ESTUDIOS_VS_CNED 2.json	.json	358	2026-05-28T08:51:27-04:00	TRACKED_OR_UNMODIFIED	otro proceso: CNED/índices	NO_DETERMINADO	Inventario por ruta y metadatos; no inspecciona registros personales.
indices_2025/cned/resultados/CNED_PROGRAMAS_FALTANTES_CREAR_INDICES_DESDE_PROMEDIOS_20260604_082204.xlsx	CNED_PROGRAMAS_FALTANTES_CREAR_INDICES_DESDE_PROMEDIOS_20260604_082204.xlsx	.xlsx	166375	2026-06-04T08:22:06.546669-04:00	TRACKED_OR_UNMODIFIED	otro proceso: CNED/índices	SI	Inventario por ruta y metadatos; no inspecciona registros personales.
indices_2025/cned/resultados/CNED_METODOLOGIA_MATCH_OFERTA_20260604_115408.xlsx	CNED_METODOLOGIA_MATCH_OFERTA_20260604_115408.xlsx	.xlsx	79052	2026-06-04T11:54:10.541260-04:00	TRACKED_OR_UNMODIFIED	otro proceso: CNED/índices	SI	Inventario por ruta y metadatos; no inspecciona registros personales.
indices_2025/cned/resultados/CNED_BLOQUE_6_5_COLUMNAS_COMPLETADAS_20260604_163845.xlsx	CNED_BLOQUE_6_5_COLUMNAS_COMPLETADAS_20260604_163845.xlsx	.xlsx	901112	2026-06-04T16:38:50.042243-04:00	TRACKED_OR_UNMODIFIED	otro proceso: CNED/índices	SI	Inventario por ruta y metadatos; no inspecciona registros personales.
indices_2025/cned/resultados/CNED_COMPARACION_TSV_ANTERIOR_VS_NUEVO_20260602_111240.xlsx	CNED_COMPARACION_TSV_ANTERIOR_VS_NUEVO_20260602_111240.xlsx	.xlsx	10877	2026-06-02T11:12:41.164200-04:00	TRACKED_OR_UNMODIFIED	otro proceso: CNED/índices	SI	Inventario por ruta y metadatos; no inspecciona registros personales.
indices_2025/cned/resultados/CNED_MATRIZ_DIAGNOSTICA_PROMEDIOS_35.xlsx	CNED_MATRIZ_DIAGNOSTICA_PROMEDIOS_35.xlsx	.xlsx	30599	2026-05-20T12:48:37.375670-04:00	TRACKED_OR_UNMODIFIED	otro proceso: CNED/índices	SI	Inventario por ruta y metadatos; no inspecciona registros personales.
indices_2025/cned/resultados/CNED_ARTEFACTO_OPERATIVO_LIMPIO_20260603_110045.xlsx	CNED_ARTEFACTO_OPERATIVO_LIMPIO_20260603_110045.xlsx	.xlsx	21756	2026-06-03T11:00:46.009994-04:00	TRACKED_OR_UNMODIFIED	otro proceso: CNED/índices	SI	Inventario por ruta y metadatos; no inspecciona registros personales.
indices_2025/cned/resultados/DIAGNOSTICO_END_TO_END_CNED_MU_20260603_085809.xlsx	DIAGNOSTICO_END_TO_END_CNED_MU_20260603_085809.xlsx	.xlsx	18422	2026-06-03T08:58:10.164961-04:00	TRACKED_OR_UNMODIFIED	otro proceso: CNED/índices	SI	Inventario por ruta y metadatos; no inspecciona registros personales.
indices_2025/cned/resultados/DIAGNOSTICO_END_TO_END_CNED_MU_20260603_085809 2.json	DIAGNOSTICO_END_TO_END_CNED_MU_20260603_085809 2.json	.json	2947	2026-06-03T08:58:10-04:00	TRACKED_OR_UNMODIFIED	otro proceso: CNED/índices	NO_DETERMINADO	Inventario por ruta y metadatos; no inspecciona registros personales.
indices_2025/cned/resultados/CNED_carreras_a_informar_comparacion.xlsx	CNED_carreras_a_informar_comparacion.xlsx	.xlsx	231438	2026-05-19T12:15:21.834286-04:00	TRACKED_OR_UNMODIFIED	otro proceso: CNED/índices	SI	Inventario por ruta y metadatos; no inspecciona registros personales.
indices_2025/cned/resultados/CNED_BLOQUE_1_5_COLUMNAS_COMPLETADAS_20260604_143511.xlsx	CNED_BLOQUE_1_5_COLUMNAS_COMPLETADAS_20260604_143511.xlsx	.xlsx	771819	2026-06-04T14:35:18.277699-04:00	TRACKED_OR_UNMODIFIED	otro proceso: CNED/índices	SI	Inventario por ruta y metadatos; no inspecciona registros personales.
indices_2025/cned/resultados/CNED_CORRECCION_CRITICOS_POST_BLOQUE_12_20260604_195230.xlsx	CNED_CORRECCION_CRITICOS_POST_BLOQUE_12_20260604_195230.xlsx	.xlsx	1068604	2026-06-04T19:52:33.959832-04:00	TRACKED_OR_UNMODIFIED	otro proceso: CNED/índices	SI	Inventario por ruta y metadatos; no inspecciona registros personales.
indices_2025/cned/resultados/CNED_RESOLUCION_DUDOSOS_4_CASOS_20260604_084306.xlsx	CNED_RESOLUCION_DUDOSOS_4_CASOS_20260604_084306.xlsx	.xlsx	26657	2026-06-04T08:43:06.975469-04:00	TRACKED_OR_UNMODIFIED	otro proceso: CNED/índices	SI	Inventario por ruta y metadatos; no inspecciona registros personales.
indices_2025/cned/resultados/DESCARTADOS_LOGICA_AGRUPACION_INCORRECTA_20260519_135719/CNED_DELTA_FALTANTES_POR_CREAR_SIES_VS_CNED_CORREGIDO.xlsx	CNED_DELTA_FALTANTES_POR_CREAR_SIES_VS_CNED_CORREGIDO.xlsx	.xlsx	19050	2026-05-19T13:19:03.581561-04:00	TRACKED_OR_UNMODIFIED	otro proceso: CNED/índices	SI	Inventario por ruta y metadatos; no inspecciona registros personales.
indices_2025/cned/resultados/DESCARTADOS_LOGICA_AGRUPACION_INCORRECTA_20260519_135719/CNED_DELTA_FALTANTES_POR_CREAR_SIES_VS_CNED.xlsx	CNED_DELTA_FALTANTES_POR_CREAR_SIES_VS_CNED.xlsx	.xlsx	7724	2026-05-19T13:17:47.957979-04:00	TRACKED_OR_UNMODIFIED	otro proceso: CNED/índices	SI	Inventario por ruta y metadatos; no inspecciona registros personales.
indices_2025/cned/resultados/DESCARTADOS_LOGICA_AGRUPACION_INCORRECTA_20260519_135719/CNED_DELTA_DEPURADO_FALTANTES_REALES_2026.xlsx	CNED_DELTA_DEPURADO_FALTANTES_REALES_2026.xlsx	.xlsx	24956	2026-05-19T13:21:28.789183-04:00	TRACKED_OR_UNMODIFIED	otro proceso: CNED/índices	SI	Inventario por ruta y metadatos; no inspecciona registros personales.
indices_2025/cned/resultados/DESCARTADOS_LOGICA_AGRUPACION_INCORRECTA_20260519_135719/CNED_DELTA_DEPURADO_FALTANTES_REALES_2026_RESUMEN 2.md	CNED_DELTA_DEPURADO_FALTANTES_REALES_2026_RESUMEN 2.md	.md	782	2026-05-19T13:21:28-04:00	TRACKED_OR_UNMODIFIED	otro proceso: CNED/índices	NO_DETERMINADO	Inventario por ruta y metadatos; no inspecciona registros personales.
indices_2025/cned/resultados/DESCARTADOS_SUPERADOS_20260519_135608/CNED_LISTO_CARGA_MANUAL_NUEVOS_PROGRAMAS_2026_FINAL.xlsx	CNED_LISTO_CARGA_MANUAL_NUEVOS_PROGRAMAS_2026_FINAL.xlsx	.xlsx	11489	2026-05-19T13:50:54.371093-04:00	TRACKED_OR_UNMODIFIED	fuente normativa	SI	Inventario por ruta y metadatos; no inspecciona registros personales.
indices_2025/cned/resultados/DESCARTADOS_SUPERADOS_20260519_135608/CNED_22_FALTANTES_REALES_2026_AGRUPADOS_PARA_CREAR.xlsx	CNED_22_FALTANTES_REALES_2026_AGRUPADOS_PARA_CREAR.xlsx	.xlsx	10823	2026-05-19T13:22:12.046335-04:00	TRACKED_OR_UNMODIFIED	otro proceso: CNED/índices	SI	Inventario por ruta y metadatos; no inspecciona registros personales.
indices_2025/cned/resultados/DESCARTADOS_SUPERADOS_20260519_135608/CNED_MAESTRO_CARGA_NUEVOS_PROGRAMAS.xlsx	CNED_MAESTRO_CARGA_NUEVOS_PROGRAMAS.xlsx	.xlsx	82447	2026-05-19T12:59:37.511260-04:00	TRACKED_OR_UNMODIFIED	otro proceso: CNED/índices	SI	Inventario por ruta y metadatos; no inspecciona registros personales.
indices_2025/cned/resultados/DESCARTADOS_SUPERADOS_20260519_135608/CNED_10_presenciales_para_cargar_primero.xlsx	CNED_10_presenciales_para_cargar_primero.xlsx	.xlsx	7696	2026-05-19T12:57:52.709064-04:00	TRACKED_OR_UNMODIFIED	otro proceso: CNED/índices	SI	Inventario por ruta y metadatos; no inspecciona registros personales.
indices_2025/cned/resultados/DESCARTADOS_SUPERADOS_20260519_135608/CNED_LISTO_CARGA_MANUAL_NUEVOS_PROGRAMAS_2026_FINAL 2.json	CNED_LISTO_CARGA_MANUAL_NUEVOS_PROGRAMAS_2026_FINAL 2.json	.json	28969	2026-05-19T13:50:54-04:00	TRACKED_OR_UNMODIFIED	fuente normativa	NO_DETERMINADO	Inventario por ruta y metadatos; no inspecciona registros personales.
indices_2025/cned/resultados/DESCARTADOS_SUPERADOS_20260519_135608/CNED_LISTO_CARGA_MANUAL_NUEVOS_PROGRAMAS_2026.xlsx	CNED_LISTO_CARGA_MANUAL_NUEVOS_PROGRAMAS_2026.xlsx	.xlsx	11192	2026-05-19T13:48:59.924285-04:00	TRACKED_OR_UNMODIFIED	fuente normativa	SI	Inventario por ruta y metadatos; no inspecciona registros personales.
indices_2025/cned/resultados/DESCARTADOS_SUPERADOS_20260519_135608/CNED_nuevos_programas_prioridad_carga.xlsx	CNED_nuevos_programas_prioridad_carga.xlsx	.xlsx	17105	2026-05-19T12:55:14.478231-04:00	TRACKED_OR_UNMODIFIED	otro proceso: CNED/índices	SI	Inventario por ruta y metadatos; no inspecciona registros personales.
indices_2025/cned/resultados/DESCARTADOS_SUPERADOS_20260519_135608/CNED_nuevos_programas_para_crear 2.json	CNED_nuevos_programas_para_crear 2.json	.json	100649	2026-05-19T12:53:29-04:00	TRACKED_OR_UNMODIFIED	otro proceso: CNED/índices	NO_DETERMINADO	Inventario por ruta y metadatos; no inspecciona registros personales.
indices_2025/cned/resultados/DESCARTADOS_SUPERADOS_20260519_135608/CNED_nuevos_programas_para_crear.csv	CNED_nuevos_programas_para_crear.csv	.csv	54465	2026-05-19T12:53:29.804812-04:00	TRACKED_OR_UNMODIFIED	otro proceso: CNED/índices	SI	Inventario por ruta y metadatos; no inspecciona registros personales.
indices_2025/cned/resultados/DESCARTADOS_SUPERADOS_20260519_135608/CNED_43_carreras_trazabilidad_alta_para_cargar.xlsx	CNED_43_carreras_trazabilidad_alta_para_cargar.xlsx	.xlsx	8870	2026-05-19T12:22:01.275941-04:00	TRACKED_OR_UNMODIFIED	otro proceso: CNED/índices	SI	Inventario por ruta y metadatos; no inspecciona registros personales.
indices_2025/cned/resultados/DESCARTADOS_SUPERADOS_20260519_135608/CNED_nuevos_programas_para_crear.xlsx	CNED_nuevos_programas_para_crear.xlsx	.xlsx	25680	2026-05-19T12:53:29.801825-04:00	TRACKED_OR_UNMODIFIED	otro proceso: CNED/índices	SI	Inventario por ruta y metadatos; no inspecciona registros personales.
indices_2025/cned/scripts/06_materializar_artefacto_operativo_cned_limpio 2.py	06_materializar_artefacto_operativo_cned_limpio 2.py	.py	95896	2026-06-03T10:55:33-04:00	TRACKED_OR_UNMODIFIED	otro proceso: CNED/índices	NO_DETERMINADO	Inventario por ruta y metadatos; no inspecciona registros personales.
indices_2025/cned/data/DATOS_VALIDACION_CNED_TSV_NUEVO_20260602_111037.tsv	DATOS_VALIDACION_CNED_TSV_NUEVO_20260602_111037.tsv	.tsv	17832	2026-06-02T11:10:37.991099-04:00	TRACKED_OR_UNMODIFIED	otro proceso: CNED/índices	SI	Inventario por ruta y metadatos; no inspecciona registros personales.
indices_2025/cned/data/DATOS_VALIDACION_CNED_TSV_NUEVO_MANUAL.tsv	DATOS_VALIDACION_CNED_TSV_NUEVO_MANUAL.tsv	.tsv	1410	2026-06-03T08:59:12.749616-04:00	TRACKED_OR_UNMODIFIED	fuente normativa	SI	Inventario por ruta y metadatos; no inspecciona registros personales.
indices_2025/cned/data/listado_referencia_cned.tsv	listado_referencia_cned.tsv	.tsv	24730	2026-05-19T12:08:09.878311-04:00	TRACKED_OR_UNMODIFIED	otro proceso: CNED/índices	SI	Inventario por ruta y metadatos; no inspecciona registros personales.
indices_2025/cned/data/DATOS_VALIDACION_CNED_TSV_NUEVO_20260602_111240.tsv	DATOS_VALIDACION_CNED_TSV_NUEVO_20260602_111240.tsv	.tsv	15579	2026-06-02T11:12:41.005637-04:00	TRACKED_OR_UNMODIFIED	otro proceso: CNED/índices	SI	Inventario por ruta y metadatos; no inspecciona registros personales.
indices_2025/cned/data/DATOS_VALIDACION_CNED_TSV.tsv	DATOS_VALIDACION_CNED_TSV.tsv	.tsv	19089	2026-06-02T10:00:48.644859-04:00	TRACKED_OR_UNMODIFIED	otro proceso: CNED/índices	SI	Inventario por ruta y metadatos; no inspecciona registros personales.
indices_2025/cned/data/DATOS_VALIDACION_CNED_TSV_NUEVO_20260602_110619.tsv	DATOS_VALIDACION_CNED_TSV_NUEVO_20260602_110619.tsv	.tsv	17832	2026-06-02T11:06:19.725513-04:00	TRACKED_OR_UNMODIFIED	otro proceso: CNED/índices	SI	Inventario por ruta y metadatos; no inspecciona registros personales.
indices_2025/cned/auditoria/diagnostico_listado_referencia_cned 2.json	diagnostico_listado_referencia_cned 2.json	.json	947	2026-05-28T08:51:27-04:00	TRACKED_OR_UNMODIFIED	otro proceso: CNED/índices	NO_DETERMINADO	Inventario por ruta y metadatos; no inspecciona registros personales.
indices_2025/docs/Manual_INDICES_2025 2.txt	Manual_INDICES_2025 2.txt	.txt	115659	2026-05-18T18:18:37-04:00	TRACKED_OR_UNMODIFIED	fuente normativa	NO_DETERMINADO	Inventario por ruta y metadatos; no inspecciona registros personales.
indices_2025/scripts/02_diagnostico_arquitectura_indices 2.py	02_diagnostico_arquitectura_indices 2.py	.py	8477	2026-05-18T20:39:41-04:00	TRACKED_OR_UNMODIFIED	otro proceso: CNED/índices	NO_DETERMINADO	Inventario por ruta y metadatos; no inspecciona registros personales.
indices_2025/data/fixtures/fixture_investigacion.csv	fixture_investigacion.csv	.csv	25	2026-05-18T20:40:30.817764-04:00	TRACKED_OR_UNMODIFIED	otro proceso: CNED/índices	SI	Inventario por ruta y metadatos; no inspecciona registros personales.
indices_2025/data/fixtures/fixture_ayudas_estudiantiles.csv	fixture_ayudas_estudiantiles.csv	.csv	25	2026-05-18T20:40:30.803952-04:00	TRACKED_OR_UNMODIFIED	otro proceso: CNED/índices	SI	Inventario por ruta y metadatos; no inspecciona registros personales.
indices_2025/data/fixtures/fixture_evolucion_carreras.csv	fixture_evolucion_carreras.csv	.csv	771	2026-05-18T20:40:30.953861-04:00	TRACKED_OR_UNMODIFIED	otro proceso: CNED/índices	SI	Inventario por ruta y metadatos; no inspecciona registros personales.
indices_2025/data/fixtures/fixture_nuevos_programas.csv	fixture_nuevos_programas.csv	.csv	25	2026-05-18T20:40:30.930111-04:00	TRACKED_OR_UNMODIFIED	otro proceso: CNED/índices	SI	Inventario por ruta y metadatos; no inspecciona registros personales.
indices_2025/data/fixtures/fixture_inmueble.csv	fixture_inmueble.csv	.csv	25	2026-05-18T20:40:30.899616-04:00	TRACKED_OR_UNMODIFIED	otro proceso: CNED/índices	SI	Inventario por ruta y metadatos; no inspecciona registros personales.
indices_2025/data/fixtures/fixture_campus.csv	fixture_campus.csv	.csv	25	2026-05-18T20:40:30.838416-04:00	TRACKED_OR_UNMODIFIED	otro proceso: CNED/índices	SI	Inventario por ruta y metadatos; no inspecciona registros personales.
indices_2025/data/fixtures/plantilla_evolucion_carreras.csv	plantilla_evolucion_carreras.csv	.csv	771	2026-05-18T21:09:12.318949-04:00	TRACKED_OR_UNMODIFIED	otro proceso: CNED/índices	SI	Inventario por ruta y metadatos; no inspecciona registros personales.
indices_2025/data/fixtures/fixture_errores_carga.csv	fixture_errores_carga.csv	.csv	25	2026-05-18T20:40:31.070508-04:00	TRACKED_OR_UNMODIFIED	otro proceso: CNED/índices	SI	Inventario por ruta y metadatos; no inspecciona registros personales.
indices_2025/data/fixtures/fixture_sobre_carga_datos.csv	fixture_sobre_carga_datos.csv	.csv	25	2026-05-18T20:40:30.998274-04:00	TRACKED_OR_UNMODIFIED	otro proceso: CNED/índices	SI	Inventario por ruta y metadatos; no inspecciona registros personales.
indices_2025/data/fixtures/fixture_obtencion_reportes.csv	fixture_obtencion_reportes.csv	.csv	25	2026-05-18T20:40:31.128823-04:00	TRACKED_OR_UNMODIFIED	otro proceso: CNED/índices	SI	Inventario por ruta y metadatos; no inspecciona registros personales.
indices_2025/data/fixtures/fixture_docentes.csv	fixture_docentes.csv	.csv	25	2026-05-18T20:40:30.868103-04:00	TRACKED_OR_UNMODIFIED	otro proceso: CNED/índices	SI	Inventario por ruta y metadatos; no inspecciona registros personales.
indices_2025/data/fixtures/fixture_administracion.csv	fixture_administracion.csv	.csv	25	2026-05-18T20:40:30.971666-04:00	TRACKED_OR_UNMODIFIED	otro proceso: CNED/índices	SI	Inventario por ruta y metadatos; no inspecciona registros personales.
indices_2025/data/fixtures/fixture_identificacion_casa_central.csv	fixture_identificacion_casa_central.csv	.csv	25	2026-05-18T20:40:30.784172-04:00	TRACKED_OR_UNMODIFIED	otro proceso: CNED/índices	SI	Inventario por ruta y metadatos; no inspecciona registros personales.
indices_2025/data/fixtures/fixture_evolucion_programas.csv	fixture_evolucion_programas.csv	.csv	25	2026-05-18T20:40:30.940481-04:00	TRACKED_OR_UNMODIFIED	otro proceso: CNED/índices	SI	Inventario por ruta y metadatos; no inspecciona registros personales.
indices_2025/data/fixtures/fixture_malla_curricular.csv	fixture_malla_curricular.csv	.csv	25	2026-05-18T20:40:30.983107-04:00	TRACKED_OR_UNMODIFIED	otro proceso: CNED/índices	SI	Inventario por ruta y metadatos; no inspecciona registros personales.
indices_2025/data/fixtures/fixture_sede.csv	fixture_sede.csv	.csv	25	2026-05-18T20:40:30.828324-04:00	TRACKED_OR_UNMODIFIED	otro proceso: CNED/índices	SI	Inventario por ruta y metadatos; no inspecciona registros personales.
indices_2025/data/fixtures/fixture_junta_directiva.csv	fixture_junta_directiva.csv	.csv	25	2026-05-18T20:40:30.794942-04:00	TRACKED_OR_UNMODIFIED	otro proceso: CNED/índices	SI	Inventario por ruta y metadatos; no inspecciona registros personales.
indices_2025/data/fixtures/fixture_laboratorios_talleres.csv	fixture_laboratorios_talleres.csv	.csv	25	2026-05-18T20:40:30.920810-04:00	TRACKED_OR_UNMODIFIED	otro proceso: CNED/índices	SI	Inventario por ruta y metadatos; no inspecciona registros personales.
indices_2025/data/fixtures/fixture_origen_estudiantes.csv	fixture_origen_estudiantes.csv	.csv	25	2026-05-18T20:40:30.889541-04:00	TRACKED_OR_UNMODIFIED	otro proceso: CNED/índices	SI	Inventario por ruta y metadatos; no inspecciona registros personales.
indices_2025/data/fixtures/fixture_egresados_titulados.csv	fixture_egresados_titulados.csv	.csv	25	2026-05-18T20:40:30.963702-04:00	TRACKED_OR_UNMODIFIED	otro proceso: CNED/índices	SI	Inventario por ruta y metadatos; no inspecciona registros personales.
indices_2025/data/fixtures/fixture_dependencias.csv	fixture_dependencias.csv	.csv	25	2026-05-18T20:40:30.848754-04:00	TRACKED_OR_UNMODIFIED	otro proceso: CNED/índices	SI	Inventario por ruta y metadatos; no inspecciona registros personales.
indices_2025/data/fixtures/fixture_biblioteca.csv	fixture_biblioteca.csv	.csv	25	2026-05-18T20:40:30.909838-04:00	TRACKED_OR_UNMODIFIED	otro proceso: CNED/índices	SI	Inventario por ruta y metadatos; no inspecciona registros personales.
personal_academico_2026/insumos/preliminares/backups/Libro1_base_preliminar_personal_academico_2026_PRE_FASE12_20260612_165745.xlsx	Libro1_base_preliminar_personal_academico_2026_PRE_FASE12_20260612_165745.xlsx	.xlsx	47633	2026-06-11T22:52:44.700748-04:00	TRACKED_OR_UNMODIFIED	otro proceso: personal académico	NO_DETERMINADO	Inventario por ruta y metadatos; no inspecciona registros personales.
personal_academico_2026/insumos/preliminares/backups/Libro1_base_preliminar_personal_academico_2026_PRE_FASE12B_20260612_172145.xlsx	Libro1_base_preliminar_personal_academico_2026_PRE_FASE12B_20260612_172145.xlsx	.xlsx	50027	2026-06-12T16:54:20.542503-04:00	TRACKED_OR_UNMODIFIED	otro proceso: personal académico	NO_DETERMINADO	Inventario por ruta y metadatos; no inspecciona registros personales.
personal_academico_2026/insumos/preliminares/backups/Libro1_base_preliminar_personal_academico_2026_20260612_165757.xlsx	Libro1_base_preliminar_personal_academico_2026_20260612_165757.xlsx	.xlsx	50027	2026-06-12T16:54:20.542503-04:00	TRACKED_OR_UNMODIFIED	otro proceso: personal académico	NO_DETERMINADO	Inventario por ruta y metadatos; no inspecciona registros personales.
personal_academico_2026/insumos/preliminares/backups/Libro1_base_preliminar_personal_academico_2026_PRE_FASE12C_20260612_173803.xlsx	Libro1_base_preliminar_personal_academico_2026_PRE_FASE12C_20260612_173803.xlsx	.xlsx	43673	2026-06-12T17:20:05.818591-04:00	TRACKED_OR_UNMODIFIED	otro proceso: personal académico	NO_DETERMINADO	Inventario por ruta y metadatos; no inspecciona registros personales.
personal_academico_2026/insumos/preliminares/backups/Libro1_base_preliminar_personal_academico_2026_20260612_172153.xlsx	Libro1_base_preliminar_personal_academico_2026_20260612_172153.xlsx	.xlsx	43673	2026-06-12T17:20:05.818591-04:00	TRACKED_OR_UNMODIFIED	otro proceso: personal académico	NO_DETERMINADO	Inventario por ruta y metadatos; no inspecciona registros personales.
personal_academico_2026/insumos/preliminares/backups/Libro1_base_preliminar_personal_academico_2026_20260612_173811.xlsx	Libro1_base_preliminar_personal_academico_2026_20260612_173811.xlsx	.xlsx	43673	2026-06-12T17:35:22.036142-04:00	TRACKED_OR_UNMODIFIED	otro proceso: personal académico	NO_DETERMINADO	Inventario por ruta y metadatos; no inspecciona registros personales.
personal_academico_2026/resultados/personal_academico_en_institucion_2026_PES_READY_PUNTO_COMA_WIN1252.csv	personal_academico_en_institucion_2026_PES_READY_PUNTO_COMA_WIN1252.csv	.csv	52519	2026-06-12T00:07:12.610007-04:00	TRACKED_OR_UNMODIFIED	otro proceso: personal académico	SI	Inventario por ruta y metadatos; no inspecciona registros personales.
personal_academico_2026/resultados/personal_academico_en_institucion_2026_PES_READY_20260611_234340.csv	personal_academico_en_institucion_2026_PES_READY_20260611_234340.csv	.csv	52630	2026-06-11T23:43:41.485805-04:00	TRACKED_OR_UNMODIFIED	otro proceso: personal académico	SI	Inventario por ruta y metadatos; no inspecciona registros personales.
personal_academico_2026/resultados/personal_academico_en_institucion_2026_PES_READY_PUNTO_COMA_FECHAS_DDMMYYYY_SIN_TILDES.csv	personal_academico_en_institucion_2026_PES_READY_PUNTO_COMA_FECHAS_DDMMYYYY_SIN_TILDES.csv	.csv	52519	2026-06-12T00:09:04.416542-04:00	TRACKED_OR_UNMODIFIED	otro proceso: personal académico	SI	Inventario por ruta y metadatos; no inspecciona registros personales.
personal_academico_2026/resultados/backups/personal_academico_en_institucion_2026_PES_READY_CANDIDATO_FILTRADO_20260612_165822.csv	personal_academico_en_institucion_2026_PES_READY_CANDIDATO_FILTRADO_20260612_165822.csv	.csv	47033	2026-06-12T00:51:54.024440-04:00	TRACKED_OR_UNMODIFIED	otro proceso: personal académico	SI	Inventario por ruta y metadatos; no inspecciona registros personales.
personal_academico_2026/resultados/backups/personal_academico_en_institucion_2026_PES_READY_CANDIDATO_FILTRADO_20260612_172218.csv	personal_academico_en_institucion_2026_PES_READY_CANDIDATO_FILTRADO_20260612_172218.csv	.csv	52552	2026-06-12T16:58:22.827285-04:00	TRACKED_OR_UNMODIFIED	otro proceso: personal académico	SI	Inventario por ruta y metadatos; no inspecciona registros personales.
personal_academico_2026/resultados/backups/Personal_Academico_2026_RESPALDO_CARGA_Y_KPI_backup_20260612_112008.xlsx	Personal_Academico_2026_RESPALDO_CARGA_Y_KPI_backup_20260612_112008.xlsx	.xlsx	174434	2026-06-12T11:19:51.517961-04:00	TRACKED_OR_UNMODIFIED	otro proceso: personal académico	SI	Inventario por ruta y metadatos; no inspecciona registros personales.
personal_academico_2026/resultados/backups/Personal_Academico_2026_RESPALDO_CARGA_Y_KPI_backup_20260612_145603.xlsx	Personal_Academico_2026_RESPALDO_CARGA_Y_KPI_backup_20260612_145603.xlsx	.xlsx	1412057	2026-06-12T14:31:30-04:00	TRACKED_OR_UNMODIFIED	otro proceso: personal académico	SI	Inventario por ruta y metadatos; no inspecciona registros personales.
personal_academico_2026/resultados/backups/Personal_Academico_2026_RESPALDO_CARGA_Y_KPI_backup_20260612_111951.xlsx	Personal_Academico_2026_RESPALDO_CARGA_Y_KPI_backup_20260612_111951.xlsx	.xlsx	117238	2026-06-12T11:02:59.728848-04:00	TRACKED_OR_UNMODIFIED	otro proceso: personal académico	SI	Inventario por ruta y metadatos; no inspecciona registros personales.
personal_academico_2026/resultados/backups/personal_academico_en_institucion_2026_PES_READY_CANDIDATO_FILTRADO_20260612_005154.csv	personal_academico_en_institucion_2026_PES_READY_CANDIDATO_FILTRADO_20260612_005154.csv	.csv	47038	2026-06-12T00:41:02.910505-04:00	TRACKED_OR_UNMODIFIED	otro proceso: personal académico	SI	Inventario por ruta y metadatos; no inspecciona registros personales.
personal_academico_2026/resultados/backups/Personal_Academico_2026_RESPALDO_CARGA_Y_KPI_backup_20260612_114820.xlsx	Personal_Academico_2026_RESPALDO_CARGA_Y_KPI_backup_20260612_114820.xlsx	.xlsx	125252	2026-06-12T11:47:50.571518-04:00	TRACKED_OR_UNMODIFIED	otro proceso: personal académico	SI	Inventario por ruta y metadatos; no inspecciona registros personales.
personal_academico_2026/resultados/backups/personal_academico_en_institucion_2026_PES_READY_CANDIDATO_FILTRADO_20260612_004102.csv	personal_academico_en_institucion_2026_PES_READY_CANDIDATO_FILTRADO_20260612_004102.csv	.csv	51612	2026-06-12T00:17:10.696894-04:00	TRACKED_OR_UNMODIFIED	otro proceso: personal académico	SI	Inventario por ruta y metadatos; no inspecciona registros personales.
personal_academico_2026/resultados/backups/Personal_Academico_2026_RESPALDO_CARGA_Y_KPI_backup_20260612_143130.xlsx	Personal_Academico_2026_RESPALDO_CARGA_Y_KPI_backup_20260612_143130.xlsx	.xlsx	131935	2026-06-12T14:31:17.624857-04:00	TRACKED_OR_UNMODIFIED	otro proceso: personal académico	SI	Inventario por ruta y metadatos; no inspecciona registros personales.
personal_academico_2026/resultados/backups/Personal_Academico_2026_RESPALDO_CARGA_Y_KPI_backup_20260612_165940.xlsx	Personal_Academico_2026_RESPALDO_CARGA_Y_KPI_backup_20260612_165940.xlsx	.xlsx	1414723	2026-06-12T14:56:04-04:00	TRACKED_OR_UNMODIFIED	otro proceso: personal académico	SI	Inventario por ruta y metadatos; no inspecciona registros personales.
personal_academico_2026/resultados/backups/Personal_Academico_2026_RESPALDO_CARGA_Y_KPI_backup_20260612_114750.xlsx	Personal_Academico_2026_RESPALDO_CARGA_Y_KPI_backup_20260612_114750.xlsx	.xlsx	174434	2026-06-12T11:20:08.338334-04:00	TRACKED_OR_UNMODIFIED	otro proceso: personal académico	SI	Inventario por ruta y metadatos; no inspecciona registros personales.
personal_academico_2026/resultados/backups/Personal_Academico_2026_RESPALDO_CARGA_Y_KPI_20260612_110259.xlsx	Personal_Academico_2026_RESPALDO_CARGA_Y_KPI_20260612_110259.xlsx	.xlsx	117139	2026-06-12T11:02:20.843678-04:00	TRACKED_OR_UNMODIFIED	otro proceso: personal académico	SI	Inventario por ruta y metadatos; no inspecciona registros personales.
personal_academico_2026/resultados/backups/Personal_Academico_2026_RESPALDO_CARGA_Y_KPI_backup_20260612_132059.xlsx	Personal_Academico_2026_RESPALDO_CARGA_Y_KPI_backup_20260612_132059.xlsx	.xlsx	130612	2026-06-12T13:20:34.733342-04:00	TRACKED_OR_UNMODIFIED	otro proceso: personal académico	SI	Inventario por ruta y metadatos; no inspecciona registros personales.
personal_academico_2026/resultados/backups/Personal_Academico_2026_RESPALDO_CARGA_Y_KPI_backup_20260612_132034.xlsx	Personal_Academico_2026_RESPALDO_CARGA_Y_KPI_backup_20260612_132034.xlsx	.xlsx	125254	2026-06-12T11:48:20.170490-04:00	TRACKED_OR_UNMODIFIED	otro proceso: personal académico	SI	Inventario por ruta y metadatos; no inspecciona registros personales.
personal_academico_2026/resultados/backups/Personal_Academico_2026_RESPALDO_CARGA_Y_KPI_backup_20260612_154057.xlsx	Personal_Academico_2026_RESPALDO_CARGA_Y_KPI_backup_20260612_154057.xlsx	.xlsx	1413145	2026-06-12T14:56:04.526201-04:00	TRACKED_OR_UNMODIFIED	otro proceso: personal académico	SI	Inventario por ruta y metadatos; no inspecciona registros personales.
personal_academico_2026/resultados/backups/Personal_Academico_2026_RESPALDO_CARGA_Y_KPI_backup_20260612_173922.xlsx	Personal_Academico_2026_RESPALDO_CARGA_Y_KPI_backup_20260612_173922.xlsx	.xlsx	1419688	2026-06-12T17:23:10.055962-04:00	TRACKED_OR_UNMODIFIED	otro proceso: personal académico	SI	Inventario por ruta y metadatos; no inspecciona registros personales.
personal_academico_2026/resultados/backups/Personal_Academico_2026_RESPALDO_CARGA_Y_KPI_backup_20260612_144743.xlsx	Personal_Academico_2026_RESPALDO_CARGA_Y_KPI_backup_20260612_144743.xlsx	.xlsx	131934	2026-06-12T14:31:30.660067-04:00	TRACKED_OR_UNMODIFIED	otro proceso: personal académico	SI	Inventario por ruta y metadatos; no inspecciona registros personales.
personal_academico_2026/resultados/backups/Personal_Academico_2026_RESPALDO_CARGA_Y_KPI_backup_20260612_143117.xlsx	Personal_Academico_2026_RESPALDO_CARGA_Y_KPI_backup_20260612_143117.xlsx	.xlsx	130603	2026-06-12T13:21:00.114239-04:00	TRACKED_OR_UNMODIFIED	otro proceso: personal académico	SI	Inventario por ruta y metadatos; no inspecciona registros personales.
personal_academico_2026/resultados/backups/Personal_Academico_2026_RESPALDO_CARGA_Y_KPI_backup_20260612_172308.xlsx	Personal_Academico_2026_RESPALDO_CARGA_Y_KPI_backup_20260612_172308.xlsx	.xlsx	1419685	2026-06-12T16:59:41.336177-04:00	TRACKED_OR_UNMODIFIED	otro proceso: personal académico	SI	Inventario por ruta y metadatos; no inspecciona registros personales.
personal_academico_2026/resultados/backups/personal_academico_en_institucion_2026_PES_READY_CANDIDATO_FILTRADO_20260612_173915.csv	personal_academico_en_institucion_2026_PES_READY_CANDIDATO_FILTRADO_20260612_173915.csv	.csv	52576	2026-06-12T17:22:18.668289-04:00	TRACKED_OR_UNMODIFIED	otro proceso: personal académico	SI	Inventario por ruta y metadatos; no inspecciona registros personales.
personal_academico_2026/resultados/backups/regeneracion_fase12_20260612_165715/personal_academico_en_institucion_2026_PES_READY_CANDIDATO_FILTRADO.csv	personal_academico_en_institucion_2026_PES_READY_CANDIDATO_FILTRADO.csv	.csv	47033	2026-06-12T00:51:54.024440-04:00	TRACKED_OR_UNMODIFIED	otro proceso: personal académico	SI	Inventario por ruta y metadatos; no inspecciona registros personales.
personal_academico_2026/resultados/backups/regeneracion_fase12_20260612_165715/Personal_Academico_2026_RESPALDO_CARGA_Y_KPI.xlsx	Personal_Academico_2026_RESPALDO_CARGA_Y_KPI.xlsx	.xlsx	1414723	2026-06-12T14:56:04-04:00	TRACKED_OR_UNMODIFIED	otro proceso: personal académico	SI	Inventario por ruta y metadatos; no inspecciona registros personales.
personal_academico_2026/resultados/backups/regeneracion_fase12_20260612_165715/Libro1_base_preliminar_personal_academico_2026.xlsx	Libro1_base_preliminar_personal_academico_2026.xlsx	.xlsx	47633	2026-06-11T22:52:44.700748-04:00	TRACKED_OR_UNMODIFIED	otro proceso: personal académico	SI	Inventario por ruta y metadatos; no inspecciona registros personales.
personal_academico_2026/resultados/backups/regeneracion_fase12_20260612_165715/base_general_personal_academico_en_institucion.tsv	base_general_personal_academico_en_institucion.tsv	.tsv	53597	2026-06-11T23:15:57.795753-04:00	TRACKED_OR_UNMODIFIED	otro proceso: personal académico	SI	Inventario por ruta y metadatos; no inspecciona registros personales.
personal_academico_2026/resultados/backups/regeneracion_fase12_20260612_165715/base_preliminar_personal_academico_en_institucion_RAW.tsv	base_preliminar_personal_academico_en_institucion_RAW.tsv	.tsv	54369	2026-06-11T23:15:57.751136-04:00	TRACKED_OR_UNMODIFIED	otro proceso: personal académico	SI	Inventario por ruta y metadatos; no inspecciona registros personales.
personal_academico_2026/resultados/backups/regeneracion_fase12b_20260612_172145/personal_academico_en_institucion_2026_PES_READY_CANDIDATO_FILTRADO.csv	personal_academico_en_institucion_2026_PES_READY_CANDIDATO_FILTRADO.csv	.csv	52552	2026-06-12T16:58:22.827285-04:00	TRACKED_OR_UNMODIFIED	otro proceso: personal académico	SI	Inventario por ruta y metadatos; no inspecciona registros personales.
personal_academico_2026/resultados/backups/regeneracion_fase12b_20260612_172145/Personal_Academico_2026_RESPALDO_CARGA_Y_KPI.xlsx	Personal_Academico_2026_RESPALDO_CARGA_Y_KPI.xlsx	.xlsx	1419685	2026-06-12T16:59:41.336177-04:00	TRACKED_OR_UNMODIFIED	otro proceso: personal académico	SI	Inventario por ruta y metadatos; no inspecciona registros personales.
personal_academico_2026/resultados/backups/regeneracion_fase12b_20260612_172145/Libro1_base_preliminar_personal_academico_2026.xlsx	Libro1_base_preliminar_personal_academico_2026.xlsx	.xlsx	50027	2026-06-12T16:54:20.542503-04:00	TRACKED_OR_UNMODIFIED	otro proceso: personal académico	SI	Inventario por ruta y metadatos; no inspecciona registros personales.
personal_academico_2026/resultados/backups/regeneracion_fase12b_20260612_172145/base_general_personal_academico_en_institucion.tsv	base_general_personal_academico_en_institucion.tsv	.tsv	57337	2026-06-12T16:57:58.044857-04:00	TRACKED_OR_UNMODIFIED	otro proceso: personal académico	SI	Inventario por ruta y metadatos; no inspecciona registros personales.
personal_academico_2026/resultados/backups/regeneracion_fase12b_20260612_172145/base_preliminar_personal_academico_en_institucion_RAW.tsv	base_preliminar_personal_academico_en_institucion_RAW.tsv	.tsv	57419	2026-06-12T16:57:58.000583-04:00	TRACKED_OR_UNMODIFIED	otro proceso: personal académico	SI	Inventario por ruta y metadatos; no inspecciona registros personales.
personal_academico_2026/resultados/backups/regeneracion_fase12c_20260612_173803/personal_academico_en_institucion_2026_PES_READY_CANDIDATO_FILTRADO.csv	personal_academico_en_institucion_2026_PES_READY_CANDIDATO_FILTRADO.csv	.csv	52576	2026-06-12T17:22:18.668289-04:00	TRACKED_OR_UNMODIFIED	otro proceso: personal académico	SI	Inventario por ruta y metadatos; no inspecciona registros personales.
personal_academico_2026/resultados/backups/regeneracion_fase12c_20260612_173803/Personal_Academico_2026_RESPALDO_CARGA_Y_KPI.xlsx	Personal_Academico_2026_RESPALDO_CARGA_Y_KPI.xlsx	.xlsx	1419688	2026-06-12T17:23:10.055962-04:00	TRACKED_OR_UNMODIFIED	otro proceso: personal académico	SI	Inventario por ruta y metadatos; no inspecciona registros personales.
personal_academico_2026/resultados/backups/regeneracion_fase12c_20260612_173803/Libro1_base_preliminar_personal_academico_2026.xlsx	Libro1_base_preliminar_personal_academico_2026.xlsx	.xlsx	43673	2026-06-12T17:20:05.818591-04:00	TRACKED_OR_UNMODIFIED	otro proceso: personal académico	SI	Inventario por ruta y metadatos; no inspecciona registros personales.
personal_academico_2026/resultados/backups/regeneracion_fase12c_20260612_173803/VALIDACION_EXCEL_RESPALDO_CARGA_Y_KPI 2.txt	VALIDACION_EXCEL_RESPALDO_CARGA_Y_KPI 2.txt	.txt	4190	2026-06-12T17:25:20-04:00	TRACKED_OR_UNMODIFIED	otro proceso: personal académico	NO_DETERMINADO	Inventario por ruta y metadatos; no inspecciona registros personales.
personal_academico_2026/resultados/backups/regeneracion_fase12c_20260612_173803/base_general_personal_academico_en_institucion.tsv	base_general_personal_academico_en_institucion.tsv	.tsv	57359	2026-06-12T17:21:53.379152-04:00	TRACKED_OR_UNMODIFIED	otro proceso: personal académico	SI	Inventario por ruta y metadatos; no inspecciona registros personales.
personal_academico_2026/resultados/backups/regeneracion_fase12c_20260612_173803/base_preliminar_personal_academico_en_institucion_RAW.tsv	base_preliminar_personal_academico_en_institucion_RAW.tsv	.tsv	57441	2026-06-12T17:21:53.335701-04:00	TRACKED_OR_UNMODIFIED	otro proceso: personal académico	SI	Inventario por ruta y metadatos; no inspecciona registros personales.
personal_academico_2026/bitacoras/BITACORA_FASE_12B_CORRECCION_INSTITUCION_TITULO 2.md	BITACORA_FASE_12B_CORRECCION_INSTITUCION_TITULO 2.md	.md	2749	2026-06-12T17:25:08-04:00	TRACKED_OR_UNMODIFIED	otro proceso: personal académico	NO_DETERMINADO	Inventario por ruta y metadatos; no inspecciona registros personales.
personal_academico_2026/docs/REPORTE_FASE_12_REGENERACION_COMPLETA_LIBRO1_ACTUALIZADO 2.md	REPORTE_FASE_12_REGENERACION_COMPLETA_LIBRO1_ACTUALIZADO 2.md	.md	5172	2026-06-12T17:25:08-04:00	TRACKED_OR_UNMODIFIED	otro proceso: personal académico	NO_DETERMINADO	Inventario por ruta y metadatos; no inspecciona registros personales.
personal_academico_2026/docs/REPORTE_FASE_12C_CORRECCION_CARGOS_Y_HORAS 2.md	REPORTE_FASE_12C_CORRECCION_CARGOS_Y_HORAS 2.md	.md	3863	2026-06-12T17:42:04-04:00	TRACKED_OR_UNMODIFIED	otro proceso: personal académico	NO_DETERMINADO	Inventario por ruta y metadatos; no inspecciona registros personales.
personal_academico_2026/docs/REPORTE_FASE_12B_CORRECCION_INSTITUCION_TITULO 2.md	REPORTE_FASE_12B_CORRECCION_INSTITUCION_TITULO 2.md	.md	4303	2026-06-12T17:25:08-04:00	TRACKED_OR_UNMODIFIED	otro proceso: personal académico	NO_DETERMINADO	Inventario por ruta y metadatos; no inspecciona registros personales.
personal_academico_2026/auditorias/auditoria_validacion_en_institucion_base_general_personal_academico_en_institucion_20260611_230132.csv	auditoria_validacion_en_institucion_base_general_personal_academico_en_institucion_20260611_230132.csv	.csv	138835	2026-06-11T23:01:32.813416-04:00	TRACKED_OR_UNMODIFIED	otro proceso: personal académico	NO_DETERMINADO	Inventario por ruta y metadatos; no inspecciona registros personales.
personal_academico_2026/auditorias/auditoria_exportacion_en_institucion_TEST_NO_DEBE_CREARSE_PES_READY_20260611_230218.csv	auditoria_exportacion_en_institucion_TEST_NO_DEBE_CREARSE_PES_READY_20260611_230218.csv	.csv	965	2026-06-11T23:02:18.038483-04:00	TRACKED_OR_UNMODIFIED	otro proceso: personal académico	NO_DETERMINADO	Inventario por ruta y metadatos; no inspecciona registros personales.
personal_academico_2026/auditorias/auditoria_validacion_fuera_institucion_fuera_institucion_valido_minimo_20260611_231529.csv	auditoria_validacion_fuera_institucion_fuera_institucion_valido_minimo_20260611_231529.csv	.csv	1348	2026-06-11T23:15:29.090546-04:00	TRACKED_OR_UNMODIFIED	otro proceso: personal académico	NO_DETERMINADO	Inventario por ruta y metadatos; no inspecciona registros personales.
personal_academico_2026/auditorias/auditoria_validacion_en_institucion_en_institucion_valido_minimo_20260608_172158.csv	auditoria_validacion_en_institucion_en_institucion_valido_minimo_20260608_172158.csv	.csv	1300	2026-06-08T17:21:58.674155-04:00	TRACKED_OR_UNMODIFIED	otro proceso: personal académico	NO_DETERMINADO	Inventario por ruta y metadatos; no inspecciona registros personales.
personal_academico_2026/auditorias/auditoria_validacion_en_institucion_base_general_personal_academico_en_institucion_20260612_165810.csv	auditoria_validacion_en_institucion_base_general_personal_academico_en_institucion_20260612_165810.csv	.csv	162562	2026-06-12T16:58:10.094907-04:00	TRACKED_OR_UNMODIFIED	otro proceso: personal académico	NO_DETERMINADO	Inventario por ruta y metadatos; no inspecciona registros personales.
personal_academico_2026/auditorias/auditoria_validacion_en_institucion_base_general_personal_academico_en_institucion_20260611_231558.csv	auditoria_validacion_en_institucion_base_general_personal_academico_en_institucion_20260611_231558.csv	.csv	152745	2026-06-11T23:15:58.919528-04:00	TRACKED_OR_UNMODIFIED	otro proceso: personal académico	NO_DETERMINADO	Inventario por ruta y metadatos; no inspecciona registros personales.
personal_academico_2026/auditorias/auditoria_exportacion_en_institucion_TEST_NO_DEBE_CREARSE_PES_READY_20260611_233138.csv	auditoria_exportacion_en_institucion_TEST_NO_DEBE_CREARSE_PES_READY_20260611_233138.csv	.csv	965	2026-06-11T23:31:38.866876-04:00	TRACKED_OR_UNMODIFIED	otro proceso: personal académico	NO_DETERMINADO	Inventario por ruta y metadatos; no inspecciona registros personales.
personal_academico_2026/auditorias/auditoria_validacion_en_institucion_base_general_personal_academico_en_institucion_20260612_172207.csv	auditoria_validacion_en_institucion_base_general_personal_academico_en_institucion_20260612_172207.csv	.csv	162562	2026-06-12T17:22:07.352459-04:00	TRACKED_OR_UNMODIFIED	otro proceso: personal académico	NO_DETERMINADO	Inventario por ruta y metadatos; no inspecciona registros personales.
personal_academico_2026/auditorias/auditoria_exportacion_en_institucion_personal_academico_en_institucion_2026_PES_READY_CANDIDATO_FILTRADO_20260612_173915.csv	auditoria_exportacion_en_institucion_personal_academico_en_institucion_2026_PES_READY_CANDIDATO_FILTRADO_20260612_173915.csv	.csv	709	2026-06-12T17:39:15.569158-04:00	TRACKED_OR_UNMODIFIED	otro proceso: personal académico	NO_DETERMINADO	Inventario por ruta y metadatos; no inspecciona registros personales.
personal_academico_2026/auditorias/auditoria_validacion_en_institucion_base_general_personal_academico_en_institucion_20260611_231529.csv	auditoria_validacion_en_institucion_base_general_personal_academico_en_institucion_20260611_231529.csv	.csv	152745	2026-06-11T23:15:29.106232-04:00	TRACKED_OR_UNMODIFIED	otro proceso: personal académico	NO_DETERMINADO	Inventario por ruta y metadatos; no inspecciona registros personales.
personal_academico_2026/auditorias/auditoria_exportacion_en_institucion_personal_academico_en_institucion_2026_PES_READY_CANDIDATO_FILTRADO_20260612_001710.csv	auditoria_exportacion_en_institucion_personal_academico_en_institucion_2026_PES_READY_CANDIDATO_FILTRADO_20260612_001710.csv	.csv	781	2026-06-12T00:17:10.654028-04:00	TRACKED_OR_UNMODIFIED	otro proceso: personal académico	NO_DETERMINADO	Inventario por ruta y metadatos; no inspecciona registros personales.
personal_academico_2026/auditorias/auditoria_validacion_fuera_institucion_fuera_institucion_valido_minimo_20260611_230132.csv	auditoria_validacion_fuera_institucion_fuera_institucion_valido_minimo_20260611_230132.csv	.csv	1348	2026-06-11T23:01:32.796184-04:00	TRACKED_OR_UNMODIFIED	otro proceso: personal académico	NO_DETERMINADO	Inventario por ruta y metadatos; no inspecciona registros personales.
personal_academico_2026/auditorias/auditoria_validacion_en_institucion_en_institucion_valido_minimo_20260610_235854.csv	auditoria_validacion_en_institucion_en_institucion_valido_minimo_20260610_235854.csv	.csv	1300	2026-06-10T23:58:54.217314-04:00	TRACKED_OR_UNMODIFIED	otro proceso: personal académico	NO_DETERMINADO	Inventario por ruta y metadatos; no inspecciona registros personales.
personal_academico_2026/auditorias/auditoria_validacion_en_institucion_base_general_personal_academico_en_institucion_20260612_173817.csv	auditoria_validacion_en_institucion_base_general_personal_academico_en_institucion_20260612_173817.csv	.csv	163156	2026-06-12T17:38:17.648135-04:00	TRACKED_OR_UNMODIFIED	otro proceso: personal académico	NO_DETERMINADO	Inventario por ruta y metadatos; no inspecciona registros personales.
personal_academico_2026/auditorias/auditoria_validacion_en_institucion_en_institucion_valido_minimo_20260611_230217.csv	auditoria_validacion_en_institucion_en_institucion_valido_minimo_20260611_230217.csv	.csv	1300	2026-06-11T23:02:17.078429-04:00	TRACKED_OR_UNMODIFIED	otro proceso: personal académico	NO_DETERMINADO	Inventario por ruta y metadatos; no inspecciona registros personales.
personal_academico_2026/auditorias/auditoria_exportacion_en_institucion_personal_academico_en_institucion_2026_PES_READY_20260608_172207.csv	auditoria_exportacion_en_institucion_personal_academico_en_institucion_2026_PES_READY_20260608_172207.csv	.csv	893	2026-06-08T17:22:07.464118-04:00	TRACKED_OR_UNMODIFIED	otro proceso: personal académico	NO_DETERMINADO	Inventario por ruta y metadatos; no inspecciona registros personales.
personal_academico_2026/auditorias/auditoria_exportacion_en_institucion_personal_academico_en_institucion_2026_PES_READY_20260608_172400.csv	auditoria_exportacion_en_institucion_personal_academico_en_institucion_2026_PES_READY_20260608_172400.csv	.csv	893	2026-06-08T17:24:00.413993-04:00	TRACKED_OR_UNMODIFIED	otro proceso: personal académico	NO_DETERMINADO	Inventario por ruta y metadatos; no inspecciona registros personales.
personal_academico_2026/auditorias/auditoria_exportacion_en_institucion_personal_academico_en_institucion_2026_PES_READY_20260611_234340_20260611_234341.csv	auditoria_exportacion_en_institucion_personal_academico_en_institucion_2026_PES_READY_20260611_234340_20260611_234341.csv	.csv	791	2026-06-11T23:43:41.483659-04:00	TRACKED_OR_UNMODIFIED	otro proceso: personal académico	NO_DETERMINADO	Inventario por ruta y metadatos; no inspecciona registros personales.
personal_academico_2026/auditorias/auditoria_validacion_en_institucion_en_institucion_valido_minimo_20260611_230038.csv	auditoria_validacion_en_institucion_en_institucion_valido_minimo_20260611_230038.csv	.csv	1300	2026-06-11T23:00:38.643188-04:00	TRACKED_OR_UNMODIFIED	otro proceso: personal académico	NO_DETERMINADO	Inventario por ruta y metadatos; no inspecciona registros personales.
personal_academico_2026/auditorias/auditoria_validacion_en_institucion_en_institucion_valido_minimo_20260611_232404.csv	auditoria_validacion_en_institucion_en_institucion_valido_minimo_20260611_232404.csv	.csv	1300	2026-06-11T23:24:04.068122-04:00	TRACKED_OR_UNMODIFIED	otro proceso: personal académico	NO_DETERMINADO	Inventario por ruta y metadatos; no inspecciona registros personales.
personal_academico_2026/auditorias/auditoria_validacion_fuera_institucion_fuera_institucion_valido_minimo_20260611_231558.csv	auditoria_validacion_fuera_institucion_fuera_institucion_valido_minimo_20260611_231558.csv	.csv	1348	2026-06-11T23:15:58.559738-04:00	TRACKED_OR_UNMODIFIED	otro proceso: personal académico	NO_DETERMINADO	Inventario por ruta y metadatos; no inspecciona registros personales.
personal_academico_2026/auditorias/auditoria_exportacion_en_institucion_TEST_NO_DEBE_CREARSE_PES_READY_20260611_231559.csv	auditoria_exportacion_en_institucion_TEST_NO_DEBE_CREARSE_PES_READY_20260611_231559.csv	.csv	965	2026-06-11T23:15:59.214379-04:00	TRACKED_OR_UNMODIFIED	otro proceso: personal académico	NO_DETERMINADO	Inventario por ruta y metadatos; no inspecciona registros personales.
personal_academico_2026/auditorias/auditoria_validacion_fuera_institucion_fuera_institucion_valido_minimo_20260608_172346.csv	auditoria_validacion_fuera_institucion_fuera_institucion_valido_minimo_20260608_172346.csv	.csv	1348	2026-06-08T17:23:46.027730-04:00	TRACKED_OR_UNMODIFIED	otro proceso: personal académico	NO_DETERMINADO	Inventario por ruta y metadatos; no inspecciona registros personales.
personal_academico_2026/auditorias/auditoria_validacion_en_institucion_base_general_personal_academico_en_institucion_20260611_233138.csv	auditoria_validacion_en_institucion_base_general_personal_academico_en_institucion_20260611_233138.csv	.csv	152745	2026-06-11T23:31:38.891310-04:00	TRACKED_OR_UNMODIFIED	otro proceso: personal académico	NO_DETERMINADO	Inventario por ruta y metadatos; no inspecciona registros personales.
personal_academico_2026/auditorias/auditoria_exportacion_en_institucion_TEST_NO_DEBE_CREARSE_PES_READY_20260611_231541.csv	auditoria_exportacion_en_institucion_TEST_NO_DEBE_CREARSE_PES_READY_20260611_231541.csv	.csv	965	2026-06-11T23:15:41.844102-04:00	TRACKED_OR_UNMODIFIED	otro proceso: personal académico	NO_DETERMINADO	Inventario por ruta y metadatos; no inspecciona registros personales.
personal_academico_2026/auditorias/auditoria_exportacion_en_institucion_personal_academico_en_institucion_2026_PES_READY_CANDIDATO_FILTRADO_20260612_005153.csv	auditoria_exportacion_en_institucion_personal_academico_en_institucion_2026_PES_READY_CANDIDATO_FILTRADO_20260612_005153.csv	.csv	781	2026-06-12T00:51:53.970678-04:00	TRACKED_OR_UNMODIFIED	otro proceso: personal académico	NO_DETERMINADO	Inventario por ruta y metadatos; no inspecciona registros personales.
personal_academico_2026/auditorias/auditoria_validacion_en_institucion_base_general_personal_academico_en_institucion_20260611_230038.csv	auditoria_validacion_en_institucion_base_general_personal_academico_en_institucion_20260611_230038.csv	.csv	140082	2026-06-11T23:00:38.659872-04:00	TRACKED_OR_UNMODIFIED	otro proceso: personal académico	NO_DETERMINADO	Inventario por ruta y metadatos; no inspecciona registros personales.
personal_academico_2026/auditorias/auditoria_validacion_en_institucion_base_general_personal_academico_en_institucion_20260611_232404.csv	auditoria_validacion_en_institucion_base_general_personal_academico_en_institucion_20260611_232404.csv	.csv	152745	2026-06-11T23:24:04.089821-04:00	TRACKED_OR_UNMODIFIED	otro proceso: personal académico	NO_DETERMINADO	Inventario por ruta y metadatos; no inspecciona registros personales.
personal_academico_2026/auditorias/auditoria_exportacion_en_institucion_personal_academico_en_institucion_2026_PES_READY_CANDIDATO_FILTRADO_20260612_173825.csv	auditoria_exportacion_en_institucion_personal_academico_en_institucion_2026_PES_READY_CANDIDATO_FILTRADO_20260612_173825.csv	.csv	709	2026-06-12T17:38:25.357030-04:00	TRACKED_OR_UNMODIFIED	otro proceso: personal académico	NO_DETERMINADO	Inventario por ruta y metadatos; no inspecciona registros personales.
personal_academico_2026/auditorias/auditoria_validacion_en_institucion_base_general_en_institucion_SIN_PENDIENTE_FECHA_FUTURA_20260611_234029_20260612_001700.csv	auditoria_validacion_en_institucion_base_general_en_institucion_SIN_PENDIENTE_FECHA_FUTURA_20260611_234029_20260612_001700.csv	.csv	165798	2026-06-12T00:17:00.411840-04:00	TRACKED_OR_UNMODIFIED	otro proceso: personal académico	NO_DETERMINADO	Inventario por ruta y metadatos; no inspecciona registros personales.
personal_academico_2026/auditorias/auditoria_validacion_en_institucion_en_institucion_valido_minimo_20260611_231529.csv	auditoria_validacion_en_institucion_en_institucion_valido_minimo_20260611_231529.csv	.csv	1300	2026-06-11T23:15:29.090563-04:00	TRACKED_OR_UNMODIFIED	otro proceso: personal académico	NO_DETERMINADO	Inventario por ruta y metadatos; no inspecciona registros personales.
personal_academico_2026/auditorias/auditoria_validacion_en_institucion_base_general_personal_academico_en_institucion_20260611_233537.csv	auditoria_validacion_en_institucion_base_general_personal_academico_en_institucion_20260611_233537.csv	.csv	152745	2026-06-11T23:35:37.216281-04:00	TRACKED_OR_UNMODIFIED	otro proceso: personal académico	NO_DETERMINADO	Inventario por ruta y metadatos; no inspecciona registros personales.
personal_academico_2026/auditorias/auditoria_exportacion_en_institucion_TEST_NO_DEBE_CREARSE_PES_READY_20260611_233543.csv	auditoria_exportacion_en_institucion_TEST_NO_DEBE_CREARSE_PES_READY_20260611_233543.csv	.csv	965	2026-06-11T23:35:43.402883-04:00	TRACKED_OR_UNMODIFIED	otro proceso: personal académico	NO_DETERMINADO	Inventario por ruta y metadatos; no inspecciona registros personales.
personal_academico_2026/auditorias/auditoria_exportacion_en_institucion_personal_academico_en_institucion_2026_PES_READY_CANDIDATO_FILTRADO_20260612_004048.csv	auditoria_exportacion_en_institucion_personal_academico_en_institucion_2026_PES_READY_CANDIDATO_FILTRADO_20260612_004048.csv	.csv	781	2026-06-12T00:40:48.410976-04:00	TRACKED_OR_UNMODIFIED	otro proceso: personal académico	NO_DETERMINADO	Inventario por ruta y metadatos; no inspecciona registros personales.
personal_academico_2026/auditorias/auditoria_exportacion_en_institucion_personal_academico_en_institucion_2026_PES_READY_CANDIDATO_FILTRADO_20260612_004102.csv	auditoria_exportacion_en_institucion_personal_academico_en_institucion_2026_PES_READY_CANDIDATO_FILTRADO_20260612_004102.csv	.csv	781	2026-06-12T00:41:02.860068-04:00	TRACKED_OR_UNMODIFIED	otro proceso: personal académico	NO_DETERMINADO	Inventario por ruta y metadatos; no inspecciona registros personales.
personal_academico_2026/auditorias/auditoria_validacion_en_institucion_base_general_personal_academico_en_institucion_20260611_230217.csv	auditoria_validacion_en_institucion_base_general_personal_academico_en_institucion_20260611_230217.csv	.csv	138835	2026-06-11T23:02:17.725975-04:00	TRACKED_OR_UNMODIFIED	otro proceso: personal académico	NO_DETERMINADO	Inventario por ruta y metadatos; no inspecciona registros personales.
personal_academico_2026/auditorias/auditoria_validacion_en_institucion_base_general_en_institucion_SIN_PENDIENTE_FECHA_FUTURA_20260611_234029_20260612_004041.csv	auditoria_validacion_en_institucion_base_general_en_institucion_SIN_PENDIENTE_FECHA_FUTURA_20260611_234029_20260612_004041.csv	.csv	165798	2026-06-12T00:40:41.128659-04:00	TRACKED_OR_UNMODIFIED	otro proceso: personal académico	NO_DETERMINADO	Inventario por ruta y metadatos; no inspecciona registros personales.
personal_academico_2026/auditorias/auditoria_validacion_fuera_institucion_fuera_institucion_valido_minimo_20260608_172158.csv	auditoria_validacion_fuera_institucion_fuera_institucion_valido_minimo_20260608_172158.csv	.csv	1348	2026-06-08T17:21:58.673285-04:00	TRACKED_OR_UNMODIFIED	otro proceso: personal académico	NO_DETERMINADO	Inventario por ruta y metadatos; no inspecciona registros personales.
personal_academico_2026/auditorias/auditoria_validacion_fuera_institucion_fuera_institucion_valido_minimo_20260611_232404.csv	auditoria_validacion_fuera_institucion_fuera_institucion_valido_minimo_20260611_232404.csv	.csv	1348	2026-06-11T23:24:04.068161-04:00	TRACKED_OR_UNMODIFIED	otro proceso: personal académico	NO_DETERMINADO	Inventario por ruta y metadatos; no inspecciona registros personales.
personal_academico_2026/auditorias/auditoria_validacion_en_institucion_en_institucion_valido_minimo_20260611_231558.csv	auditoria_validacion_en_institucion_en_institucion_valido_minimo_20260611_231558.csv	.csv	1300	2026-06-11T23:15:58.215872-04:00	TRACKED_OR_UNMODIFIED	otro proceso: personal académico	NO_DETERMINADO	Inventario por ruta y metadatos; no inspecciona registros personales.
personal_academico_2026/auditorias/auditoria_validacion_fuera_institucion_fuera_institucion_valido_minimo_20260611_230038.csv	auditoria_validacion_fuera_institucion_fuera_institucion_valido_minimo_20260611_230038.csv	.csv	1348	2026-06-11T23:00:38.643168-04:00	TRACKED_OR_UNMODIFIED	otro proceso: personal académico	NO_DETERMINADO	Inventario por ruta y metadatos; no inspecciona registros personales.
personal_academico_2026/auditorias/auditoria_exportacion_en_institucion_personal_academico_en_institucion_2026_PES_READY_CANDIDATO_FILTRADO_20260612_172218.csv	auditoria_exportacion_en_institucion_personal_academico_en_institucion_2026_PES_READY_CANDIDATO_FILTRADO_20260612_172218.csv	.csv	709	2026-06-12T17:22:18.617272-04:00	TRACKED_OR_UNMODIFIED	otro proceso: personal académico	NO_DETERMINADO	Inventario por ruta y metadatos; no inspecciona registros personales.
personal_academico_2026/auditorias/auditoria_exportacion_en_institucion_TEST_NO_DEBE_CREARSE_PES_READY_20260611_232404.csv	auditoria_exportacion_en_institucion_TEST_NO_DEBE_CREARSE_PES_READY_20260611_232404.csv	.csv	965	2026-06-11T23:24:04.059552-04:00	TRACKED_OR_UNMODIFIED	otro proceso: personal académico	NO_DETERMINADO	Inventario por ruta y metadatos; no inspecciona registros personales.
personal_academico_2026/auditorias/auditoria_exportacion_en_institucion_TEST_NO_DEBE_CREARSE_PES_READY_20260611_230207.csv	auditoria_exportacion_en_institucion_TEST_NO_DEBE_CREARSE_PES_READY_20260611_230207.csv	.csv	965	2026-06-11T23:02:07.296886-04:00	TRACKED_OR_UNMODIFIED	otro proceso: personal académico	NO_DETERMINADO	Inventario por ruta y metadatos; no inspecciona registros personales.
personal_academico_2026/auditorias/auditoria_exportacion_en_institucion_personal_academico_en_institucion_2026_PES_READY_CANDIDATO_FILTRADO_20260612_165822.csv	auditoria_exportacion_en_institucion_personal_academico_en_institucion_2026_PES_READY_CANDIDATO_FILTRADO_20260612_165822.csv	.csv	709	2026-06-12T16:58:22.772358-04:00	TRACKED_OR_UNMODIFIED	otro proceso: personal académico	NO_DETERMINADO	Inventario por ruta y metadatos; no inspecciona registros personales.
personal_academico_2026/auditorias/auditoria_validacion_en_institucion_en_institucion_valido_minimo_20260608_172346.csv	auditoria_validacion_en_institucion_en_institucion_valido_minimo_20260608_172346.csv	.csv	1300	2026-06-08T17:23:46.027724-04:00	TRACKED_OR_UNMODIFIED	otro proceso: personal académico	NO_DETERMINADO	Inventario por ruta y metadatos; no inspecciona registros personales.
personal_academico_2026/auditorias/auditoria_validacion_en_institucion_en_institucion_valido_minimo_20260611_230132.csv	auditoria_validacion_en_institucion_en_institucion_valido_minimo_20260611_230132.csv	.csv	1300	2026-06-11T23:01:32.796181-04:00	TRACKED_OR_UNMODIFIED	otro proceso: personal académico	NO_DETERMINADO	Inventario por ruta y metadatos; no inspecciona registros personales.
personal_academico_2026/auditorias/matriz_cumplimiento_formato_oficial_en_institucion_20260611_233128.csv	matriz_cumplimiento_formato_oficial_en_institucion_20260611_233128.csv	.csv	7427	2026-06-11T23:31:28.744106-04:00	TRACKED_OR_UNMODIFIED	otro proceso: personal académico	NO_DETERMINADO	Inventario por ruta y metadatos; no inspecciona registros personales.
personal_academico_2026/auditorias/auditoria_exportacion_en_institucion_TEST_NO_DEBE_CREARSE_PES_READY_20260610_235854.csv	auditoria_exportacion_en_institucion_TEST_NO_DEBE_CREARSE_PES_READY_20260610_235854.csv	.csv	893	2026-06-10T23:58:54.753439-04:00	TRACKED_OR_UNMODIFIED	otro proceso: personal académico	NO_DETERMINADO	Inventario por ruta y metadatos; no inspecciona registros personales.
personal_academico_2026/auditorias/auditoria_validacion_en_institucion_base_general_en_institucion_SIN_PENDIENTE_FECHA_FUTURA_20260611_234029_20260611_234341.csv	auditoria_validacion_en_institucion_base_general_en_institucion_SIN_PENDIENTE_FECHA_FUTURA_20260611_234029_20260611_234341.csv	.csv	165798	2026-06-11T23:43:41.216856-04:00	TRACKED_OR_UNMODIFIED	otro proceso: personal académico	NO_DETERMINADO	Inventario por ruta y metadatos; no inspecciona registros personales.
personal_academico_2026/auditorias/auditoria_validacion_fuera_institucion_fuera_institucion_valido_minimo_20260610_235854.csv	auditoria_validacion_fuera_institucion_fuera_institucion_valido_minimo_20260610_235854.csv	.csv	1348	2026-06-10T23:58:54.489520-04:00	TRACKED_OR_UNMODIFIED	otro proceso: personal académico	NO_DETERMINADO	Inventario por ruta y metadatos; no inspecciona registros personales.
personal_academico_2026/auditorias/auditoria_validacion_fuera_institucion_fuera_institucion_valido_minimo_20260611_230217.csv	auditoria_validacion_fuera_institucion_fuera_institucion_valido_minimo_20260611_230217.csv	.csv	1348	2026-06-11T23:02:17.389133-04:00	TRACKED_OR_UNMODIFIED	otro proceso: personal académico	NO_DETERMINADO	Inventario por ruta y metadatos; no inspecciona registros personales.
personal_academico_2026/auditorias/diagnostico_honorarios_20260615_120654/03_distribucion_honorarios.csv	03_distribucion_honorarios.csv	.csv	1523	2026-06-15T12:06:54.227174-04:00	TRACKED_OR_UNMODIFIED	otro proceso: personal académico	NO_DETERMINADO	Inventario por ruta y metadatos; no inspecciona registros personales.
personal_academico_2026/auditorias/diagnostico_honorarios_20260615_120654/08_honorarios_igual_horas_programa.csv	08_honorarios_igual_horas_programa.csv	.csv	8147	2026-06-15T12:06:54.230396-04:00	TRACKED_OR_UNMODIFIED	otro proceso: personal académico	NO_DETERMINADO	Inventario por ruta y metadatos; no inspecciona registros personales.
personal_academico_2026/auditorias/diagnostico_honorarios_20260615_120654/01_archivos_candidatos.csv	01_archivos_candidatos.csv	.csv	305	2026-06-15T12:06:54.225534-04:00	TRACKED_OR_UNMODIFIED	otro proceso: personal académico	NO_DETERMINADO	Inventario por ruta y metadatos; no inspecciona registros personales.
personal_academico_2026/auditorias/diagnostico_honorarios_20260615_120654/02_resumen_por_vigencia.csv	02_resumen_por_vigencia.csv	.csv	97	2026-06-15T12:06:54.226557-04:00	TRACKED_OR_UNMODIFIED	otro proceso: personal académico	NO_DETERMINADO	Inventario por ruta y metadatos; no inspecciona registros personales.
personal_academico_2026/auditorias/diagnostico_honorarios_20260615_120654/04_detalle_honorarios_persona.csv	04_detalle_honorarios_persona.csv	.csv	16847	2026-06-15T12:06:54.228593-04:00	TRACKED_OR_UNMODIFIED	otro proceso: personal académico	NO_DETERMINADO	Inventario por ruta y metadatos; no inspecciona registros personales.
personal_academico_2026/auditorias/diagnostico_honorarios_20260615_120654/05_documentos_repetidos.csv	05_documentos_repetidos.csv	.csv	65	2026-06-15T12:06:54.229025-04:00	TRACKED_OR_UNMODIFIED	otro proceso: personal académico	NO_DETERMINADO	Inventario por ruta y metadatos; no inspecciona registros personales.
personal_academico_2026/auditorias/diagnostico_honorarios_20260615_120654/06_horas_sobre_56.csv	06_horas_sobre_56.csv	.csv	137	2026-06-15T12:06:54.229253-04:00	TRACKED_OR_UNMODIFIED	otro proceso: personal académico	NO_DETERMINADO	Inventario por ruta y metadatos; no inspecciona registros personales.
personal_academico_2026/auditorias/diagnostico_honorarios_20260615_120654/07_no_vigentes_con_horas.csv	07_no_vigentes_con_horas.csv	.csv	102	2026-06-15T12:06:54.229483-04:00	TRACKED_OR_UNMODIFIED	otro proceso: personal académico	NO_DETERMINADO	Inventario por ruta y metadatos; no inspecciona registros personales.
personal_academico_2026/auditorias/exportacion_controlada/auditoria_transformaciones_pes_fase7_20260612_165822.csv	auditoria_transformaciones_pes_fase7_20260612_165822.csv	.csv	423466	2026-06-12T16:58:22.824183-04:00	TRACKED_OR_UNMODIFIED	otro proceso: personal académico	NO_DETERMINADO	Inventario por ruta y metadatos; no inspecciona registros personales.
personal_academico_2026/auditorias/exportacion_controlada/auditoria_transformaciones_pes_fase7_20260612_172218.csv	auditoria_transformaciones_pes_fase7_20260612_172218.csv	.csv	423740	2026-06-12T17:22:18.665824-04:00	TRACKED_OR_UNMODIFIED	otro proceso: personal académico	NO_DETERMINADO	Inventario por ruta y metadatos; no inspecciona registros personales.
personal_academico_2026/auditorias/exportacion_controlada/auditoria_exclusiones_pes_fase7_20260612_173915.csv	auditoria_exclusiones_pes_fase7_20260612_173915.csv	.csv	83	2026-06-12T17:39:15.625335-04:00	TRACKED_OR_UNMODIFIED	otro proceso: personal académico	NO_DETERMINADO	Inventario por ruta y metadatos; no inspecciona registros personales.
personal_academico_2026/auditorias/exportacion_controlada/resumen_cambios_fase12b_vs_fase12.xlsx	resumen_cambios_fase12b_vs_fase12.xlsx	.xlsx	12747	2026-06-12T17:23:54.169633-04:00	TRACKED_OR_UNMODIFIED	otro proceso: personal académico	NO_DETERMINADO	Inventario por ruta y metadatos; no inspecciona registros personales.
personal_academico_2026/auditorias/exportacion_controlada/auditoria_transformaciones_pes_fase7_20260612_173825.csv	auditoria_transformaciones_pes_fase7_20260612_173825.csv	.csv	423740	2026-06-12T17:38:25.406758-04:00	TRACKED_OR_UNMODIFIED	otro proceso: personal académico	NO_DETERMINADO	Inventario por ruta y metadatos; no inspecciona registros personales.
personal_academico_2026/auditorias/exportacion_controlada/auditoria_correcciones_fase12c.csv	auditoria_correcciones_fase12c.csv	.csv	3626	2026-06-12T17:40:18.395573-04:00	TRACKED_OR_UNMODIFIED	otro proceso: personal académico	NO_DETERMINADO	Inventario por ruta y metadatos; no inspecciona registros personales.
personal_academico_2026/auditorias/exportacion_controlada/auditoria_exclusiones_pes_fase7_20260612_173825.csv	auditoria_exclusiones_pes_fase7_20260612_173825.csv	.csv	352	2026-06-12T17:38:25.406995-04:00	TRACKED_OR_UNMODIFIED	otro proceso: personal académico	NO_DETERMINADO	Inventario por ruta y metadatos; no inspecciona registros personales.
personal_academico_2026/auditorias/exportacion_controlada/resumen_ruts_no_cargados_pes_fase12_20260612_165927.csv	resumen_ruts_no_cargados_pes_fase12_20260612_165927.csv	.csv	31	2026-06-12T16:59:27.716407-04:00	TRACKED_OR_UNMODIFIED	otro proceso: personal académico	NO_DETERMINADO	Inventario por ruta y metadatos; no inspecciona registros personales.
personal_academico_2026/auditorias/exportacion_controlada/auditoria_comparacion_fase12_vs_carga_anterior.csv	auditoria_comparacion_fase12_vs_carga_anterior.csv	.csv	7532	2026-06-12T16:59:27.716174-04:00	TRACKED_OR_UNMODIFIED	otro proceso: personal académico	NO_DETERMINADO	Inventario por ruta y metadatos; no inspecciona registros personales.
personal_academico_2026/auditorias/exportacion_controlada/auditoria_exclusiones_pes_fase7_20260612_165822.csv	auditoria_exclusiones_pes_fase7_20260612_165822.csv	.csv	83	2026-06-12T16:58:22.824884-04:00	TRACKED_OR_UNMODIFIED	otro proceso: personal académico	NO_DETERMINADO	Inventario por ruta y metadatos; no inspecciona registros personales.
personal_academico_2026/auditorias/exportacion_controlada/auditoria_exclusiones_pes_fase7_20260612_172218.csv	auditoria_exclusiones_pes_fase7_20260612_172218.csv	.csv	83	2026-06-12T17:22:18.666013-04:00	TRACKED_OR_UNMODIFIED	otro proceso: personal académico	NO_DETERMINADO	Inventario por ruta y metadatos; no inspecciona registros personales.
personal_academico_2026/auditorias/exportacion_controlada/auditoria_transformaciones_pes_fase7_20260612_173915.csv	auditoria_transformaciones_pes_fase7_20260612_173915.csv	.csv	423740	2026-06-12T17:39:15.625118-04:00	TRACKED_OR_UNMODIFIED	otro proceso: personal académico	NO_DETERMINADO	Inventario por ruta y metadatos; no inspecciona registros personales.
personal_academico_2026/auditorias/exportacion_controlada/auditoria_comparacion_fase12b_vs_fase12.csv	auditoria_comparacion_fase12b_vs_fase12.csv	.csv	1903	2026-06-12T17:23:54.159659-04:00	TRACKED_OR_UNMODIFIED	otro proceso: personal académico	NO_DETERMINADO	Inventario por ruta y metadatos; no inspecciona registros personales.
personal_academico_2026/auditorias/exportacion_controlada/resumen_cambios_fase12_vs_carga_anterior.xlsx	resumen_cambios_fase12_vs_carga_anterior.xlsx	.xlsx	18038	2026-06-12T16:59:27.727897-04:00	TRACKED_OR_UNMODIFIED	otro proceso: personal académico	NO_DETERMINADO	Inventario por ruta y metadatos; no inspecciona registros personales.
personal_academico_2026/auditorias/base_preliminar/auditoria_incorporacion_base_preliminar_20260612_172153.csv	auditoria_incorporacion_base_preliminar_20260612_172153.csv	.csv	314608	2026-06-12T17:21:53.474918-04:00	TRACKED_OR_UNMODIFIED	otro proceso: personal académico	NO_DETERMINADO	Inventario por ruta y metadatos; no inspecciona registros personales.
personal_academico_2026/auditorias/base_preliminar/diagnostico_fechas_base_general_20260612_173811.csv	diagnostico_fechas_base_general_20260612_173811.csv	.csv	91072	2026-06-12T17:38:11.343134-04:00	TRACKED_OR_UNMODIFIED	otro proceso: personal académico	NO_DETERMINADO	Inventario por ruta y metadatos; no inspecciona registros personales.
personal_academico_2026/auditorias/base_preliminar/auditoria_incorporacion_base_preliminar_20260611_231557.csv	auditoria_incorporacion_base_preliminar_20260611_231557.csv	.csv	308414	2026-06-11T23:15:57.824708-04:00	TRACKED_OR_UNMODIFIED	otro proceso: personal académico	NO_DETERMINADO	Inventario por ruta y metadatos; no inspecciona registros personales.
personal_academico_2026/auditorias/base_preliminar/diagnostico_fechas_base_general_20260611_231238.csv	diagnostico_fechas_base_general_20260611_231238.csv	.csv	86022	2026-06-11T23:12:38.204912-04:00	TRACKED_OR_UNMODIFIED	otro proceso: personal académico	NO_DETERMINADO	Inventario por ruta y metadatos; no inspecciona registros personales.
personal_academico_2026/auditorias/base_preliminar/auditoria_incorporacion_base_preliminar_20260611_230028.csv	auditoria_incorporacion_base_preliminar_20260611_230028.csv	.csv	296070	2026-06-11T23:00:29.013234-04:00	TRACKED_OR_UNMODIFIED	otro proceso: personal académico	NO_DETERMINADO	Inventario por ruta y metadatos; no inspecciona registros personales.
personal_academico_2026/auditorias/base_preliminar/auditoria_incorporacion_base_preliminar_20260611_230216.csv	auditoria_incorporacion_base_preliminar_20260611_230216.csv	.csv	296475	2026-06-11T23:02:16.683259-04:00	TRACKED_OR_UNMODIFIED	otro proceso: personal académico	NO_DETERMINADO	Inventario por ruta y metadatos; no inspecciona registros personales.
personal_academico_2026/auditorias/base_preliminar/auditoria_incorporacion_base_preliminar_20260611_231518.csv	auditoria_incorporacion_base_preliminar_20260611_231518.csv	.csv	308414	2026-06-11T23:15:18.467168-04:00	TRACKED_OR_UNMODIFIED	otro proceso: personal académico	NO_DETERMINADO	Inventario por ruta y metadatos; no inspecciona registros personales.
personal_academico_2026/auditorias/base_preliminar/auditoria_incorporacion_base_preliminar_20260612_173811.csv	auditoria_incorporacion_base_preliminar_20260612_173811.csv	.csv	314608	2026-06-12T17:38:11.381190-04:00	TRACKED_OR_UNMODIFIED	otro proceso: personal académico	NO_DETERMINADO	Inventario por ruta y metadatos; no inspecciona registros personales.
personal_academico_2026/auditorias/base_preliminar/diagnostico_fechas_base_general_20260612_165758.csv	diagnostico_fechas_base_general_20260612_165758.csv	.csv	91072	2026-06-12T16:57:58.052346-04:00	TRACKED_OR_UNMODIFIED	otro proceso: personal académico	NO_DETERMINADO	Inventario por ruta y metadatos; no inspecciona registros personales.
personal_academico_2026/auditorias/base_preliminar/diagnostico_fechas_base_general_20260612_172153.csv	diagnostico_fechas_base_general_20260612_172153.csv	.csv	91072	2026-06-12T17:21:53.387163-04:00	TRACKED_OR_UNMODIFIED	otro proceso: personal académico	NO_DETERMINADO	Inventario por ruta y metadatos; no inspecciona registros personales.
personal_academico_2026/auditorias/base_preliminar/auditoria_incorporacion_base_preliminar_20260612_165757.csv	auditoria_incorporacion_base_preliminar_20260612_165757.csv	.csv	314608	2026-06-12T16:57:58.144564-04:00	TRACKED_OR_UNMODIFIED	otro proceso: personal académico	NO_DETERMINADO	Inventario por ruta y metadatos; no inspecciona registros personales.
personal_academico_2026/auditorias/base_preliminar/auditoria_incorporacion_base_preliminar_20260611_230124.csv	auditoria_incorporacion_base_preliminar_20260611_230124.csv	.csv	296829	2026-06-11T23:01:24.341156-04:00	TRACKED_OR_UNMODIFIED	otro proceso: personal académico	NO_DETERMINADO	Inventario por ruta y metadatos; no inspecciona registros personales.
personal_academico_2026/auditorias/base_preliminar/diagnostico_fechas_base_general_20260611_231518.csv	diagnostico_fechas_base_general_20260611_231518.csv	.csv	86022	2026-06-11T23:15:18.398061-04:00	TRACKED_OR_UNMODIFIED	otro proceso: personal académico	NO_DETERMINADO	Inventario por ruta y metadatos; no inspecciona registros personales.
personal_academico_2026/data/base_general/base_preliminar_en_institucion_normalizada.tsv	base_preliminar_en_institucion_normalizada.tsv	.tsv	57355	2026-06-12T17:38:11.333855-04:00	TRACKED_OR_UNMODIFIED	otro proceso: personal académico	SI	Inventario por ruta y metadatos; no inspecciona registros personales.
personal_academico_2026/data/base_general/backups/base_general_personal_academico_en_institucion_20260611_231518.tsv	base_general_personal_academico_en_institucion_20260611_231518.tsv	.tsv	53597	2026-06-11T23:02:16.661234-04:00	TRACKED_OR_UNMODIFIED	otro proceso: personal académico	SI	Inventario por ruta y metadatos; no inspecciona registros personales.
personal_academico_2026/data/base_general/backups/base_general_personal_academico_en_institucion_20260611_230216.tsv	base_general_personal_academico_en_institucion_20260611_230216.tsv	.tsv	53597	2026-06-11T23:01:24.317463-04:00	TRACKED_OR_UNMODIFIED	otro proceso: personal académico	SI	Inventario por ruta y metadatos; no inspecciona registros personales.
personal_academico_2026/data/base_general/backups/base_general_personal_academico_en_institucion_PRE_REGENERACION_FASE12B_20260612_172145.tsv	base_general_personal_academico_en_institucion_PRE_REGENERACION_FASE12B_20260612_172145.tsv	.tsv	57337	2026-06-12T16:57:58.044857-04:00	TRACKED_OR_UNMODIFIED	otro proceso: personal académico	SI	Inventario por ruta y metadatos; no inspecciona registros personales.
personal_academico_2026/data/base_general/backups/base_general_personal_academico_en_institucion_20260611_231557.tsv	base_general_personal_academico_en_institucion_20260611_231557.tsv	.tsv	53597	2026-06-11T23:15:18.390419-04:00	TRACKED_OR_UNMODIFIED	otro proceso: personal académico	SI	Inventario por ruta y metadatos; no inspecciona registros personales.
personal_academico_2026/data/base_general/backups/base_general_personal_academico_en_institucion_20260611_230124.tsv	base_general_personal_academico_en_institucion_20260611_230124.tsv	.tsv	54298	2026-06-11T23:00:28.986552-04:00	TRACKED_OR_UNMODIFIED	otro proceso: personal académico	SI	Inventario por ruta y metadatos; no inspecciona registros personales.
personal_academico_2026/data/base_general/backups/base_general_personal_academico_en_institucion_PRE_REGENERACION_FASE12_20260612_165745.tsv	base_general_personal_academico_en_institucion_PRE_REGENERACION_FASE12_20260612_165745.tsv	.tsv	53597	2026-06-11T23:15:57.795753-04:00	TRACKED_OR_UNMODIFIED	otro proceso: personal académico	SI	Inventario por ruta y metadatos; no inspecciona registros personales.
personal_academico_2026/data/base_general/backups/base_general_personal_academico_en_institucion_PRE_REGENERACION_FASE12C_20260612_173803.tsv	base_general_personal_academico_en_institucion_PRE_REGENERACION_FASE12C_20260612_173803.tsv	.tsv	57359	2026-06-12T17:21:53.379152-04:00	TRACKED_OR_UNMODIFIED	otro proceso: personal académico	SI	Inventario por ruta y metadatos; no inspecciona registros personales.
tests/test_sies_resolver 2.py	test_sies_resolver 2.py	.py	2368	2026-06-25T18:25:45-04:00	TRACKED_OR_UNMODIFIED	otro	NO_DETERMINADO	Inventario por ruta y metadatos; no inspecciona registros personales.
tests/test_integracion_mu_extranjeros 2.py	test_integracion_mu_extranjeros 2.py	.py	2720	2026-06-25T21:57:41-04:00	TRACKED_OR_UNMODIFIED	otro	NO_DETERMINADO	Inventario por ruta y metadatos; no inspecciona registros personales.
diagnosticos/mu2026_postgrado/resumen_cierre_rut_invalido_postgrado_20260521_213650 2.json	resumen_cierre_rut_invalido_postgrado_20260521_213650 2.json	.json	10531	2026-05-21T21:37:59-04:00	TRACKED_OR_UNMODIFIED	otro	NO_DETERMINADO	Inventario por ruta y metadatos; no inspecciona registros personales.
diagnosticos/mu2026_postgrado/resumen_cierre_postgrado_postitulo_20260515_085742 2.json	resumen_cierre_postgrado_postitulo_20260515_085742 2.json	.json	1599	2026-05-15T08:57:42-04:00	TRACKED_OR_UNMODIFIED	otro	NO_DETERMINADO	Inventario por ruta y metadatos; no inspecciona registros personales.
diagnosticos/mu2026_postgrado/reconciliacion_66_a_54_postgrado 2.py	reconciliacion_66_a_54_postgrado 2.py	.py	33419	2026-05-28T08:51:27-04:00	TRACKED_OR_UNMODIFIED	otro	NO_DETERMINADO	Inventario por ruta y metadatos; no inspecciona registros personales.
diagnosticos/mu2026_postgrado/diagnostico_codcar_postgrado_20260508_084606.md	diagnostico_codcar_postgrado_20260508_084606.md	.md	135370301	2026-05-08T08:47:46.338880-04:00	TRACKED_OR_UNMODIFIED	otro	NO_DETERMINADO	Inventario por ruta y metadatos; no inspecciona registros personales.
diagnosticos/mu2026_postgrado/auditoria_final_pes_ready_postgrado_postitulo_20260515_085742 2.md	auditoria_final_pes_ready_postgrado_postitulo_20260515_085742 2.md	.md	7623	2026-05-15T09:29:25-04:00	TRACKED_OR_UNMODIFIED	otro	NO_DETERMINADO	Inventario por ruta y metadatos; no inspecciona registros personales.
diagnosticos/mu2026_postgrado/auditoria_for_ing_act_modalidad_jor_postgrado_20260521_210349 2.json	auditoria_for_ing_act_modalidad_jor_postgrado_20260521_210349 2.json	.json	3877	2026-05-21T21:03:50-04:00	TRACKED_OR_UNMODIFIED	otro	NO_DETERMINADO	Inventario por ruta y metadatos; no inspecciona registros personales.
diagnosticos/mu2026_postgrado/auditoria_for_ing_act_modalidad_jor_postgrado_20260521_210349 2.md	auditoria_for_ing_act_modalidad_jor_postgrado_20260521_210349 2.md	.md	5043	2026-05-21T21:03:50-04:00	TRACKED_OR_UNMODIFIED	otro	NO_DETERMINADO	Inventario por ruta y metadatos; no inspecciona registros personales.
diagnosticos/mu2026_postgrado/reconciliacion_66_a_54_postgrado_20260521_215748 2.json	reconciliacion_66_a_54_postgrado_20260521_215748 2.json	.json	2379	2026-05-21T21:57:53-04:00	TRACKED_OR_UNMODIFIED	otro	NO_DETERMINADO	Inventario por ruta y metadatos; no inspecciona registros personales.
docs/README.md	README.md	.md	64	2026-04-09T13:19:26.427435-04:00	TRACKED_OR_UNMODIFIED	otro	NO_DETERMINADO	Inventario por ruta y metadatos; no inspecciona registros personales.
docs/manual_matricula_unificada_v2.txt	manual_matricula_unificada_v2.txt	.txt	58	2026-04-09T13:19:26.427418-04:00	TRACKED_OR_UNMODIFIED	fuente normativa	NO_DETERMINADO	Inventario por ruta y metadatos; no inspecciona registros personales.
docs/manual_matricula_unificada.txt	manual_matricula_unificada.txt	.txt	57	2026-04-09T13:19:26.444299-04:00	TRACKED_OR_UNMODIFIED	fuente normativa	NO_DETERMINADO	Inventario por ruta y metadatos; no inspecciona registros personales.
docs/DOCUMENTACION_TECNICA.md	DOCUMENTACION_TECNICA.md	.md	79	2026-04-09T13:19:26.427462-04:00	TRACKED_OR_UNMODIFIED	otro	NO_DETERMINADO	Inventario por ruta y metadatos; no inspecciona registros personales.
docs/Manual_Matricula_Unificada_2026.pdf	Manual_Matricula_Unificada_2026.pdf	.pdf	62	2026-04-09T13:19:26.447577-04:00	TRACKED_OR_UNMODIFIED	fuente normativa	NO_DETERMINADO	Inventario por ruta y metadatos; no inspecciona registros personales.
estudiantes_extranjeros_2026/README 2.md	README 2.md	.md	14757	2026-06-24T18:02:00-04:00	TRACKED_OR_UNMODIFIED	otro proceso: estudiantes extranjeros	NO_DETERMINADO	Inventario por ruta y metadatos; no inspecciona registros personales.
estudiantes_extranjeros_2026/Reporte Precarga del Proceso Extranjeros Regulares 2026.csv	Reporte Precarga del Proceso Extranjeros Regulares 2026.csv	.csv	19836	2026-06-18T11:10:19.430504-04:00	TRACKED_OR_UNMODIFIED	precarga oficial o evidencia de precarga	NO_DETERMINADO	Inventario por ruta y metadatos; no inspecciona registros personales.
estudiantes_extranjeros_2026/.DS_Store	.DS_Store		8196	2026-06-26T00:25:05.181213-04:00	TRACKED_OR_UNMODIFIED	otro proceso: estudiantes extranjeros	NO_DETERMINADO	Inventario por ruta y metadatos; no inspecciona registros personales.
estudiantes_extranjeros_2026/20260602_97636_Estructura_Extranjeros_Regulares_2025.csv	20260602_97636_Estructura_Extranjeros_Regulares_2025.csv	.csv	356	2026-06-24T13:52:38.901794-04:00	TRACKED_OR_UNMODIFIED	otro proceso: estudiantes extranjeros	NO_DETERMINADO	Inventario por ruta y metadatos; no inspecciona registros personales.
estudiantes_extranjeros_2026/resultados/.DS_Store	.DS_Store		10244	2026-06-26T00:25:05.180687-04:00	TRACKED_OR_UNMODIFIED	otro proceso: estudiantes extranjeros	NO_DETERMINADO	Inventario por ruta y metadatos; no inspecciona registros personales.
estudiantes_extranjeros_2026/resultados/ejecuciones/.DS_Store	.DS_Store		14340	2026-06-26T00:27:46.544177-04:00	TRACKED_OR_UNMODIFIED	otro proceso: estudiantes extranjeros	NO_DETERMINADO	Inventario por ruta y metadatos; no inspecciona registros personales.
estudiantes_extranjeros_2026/resultados/ejecuciones/RECONSTRUCCION_FINAL_EXTRANJEROS_2025_20260625_234936/02_PRECARGA/RESUMEN_PRECARGA.csv	RESUMEN_PRECARGA.csv	.csv	719	2026-06-25T23:49:39.024959-04:00	TRACKED_OR_UNMODIFIED	precarga oficial o evidencia de precarga	SI	Inventario por ruta y metadatos; no inspecciona registros personales.
estudiantes_extranjeros_2026/resultados/ejecuciones/RECONSTRUCCION_FINAL_EXTRANJEROS_2025_20260625_234936/02_PRECARGA/DUPLICADOS_PRECARGA.csv	DUPLICADOS_PRECARGA.csv	.csv	511	2026-06-25T23:49:39.020414-04:00	TRACKED_OR_UNMODIFIED	precarga oficial o evidencia de precarga	SI	Inventario por ruta y metadatos; no inspecciona registros personales.
estudiantes_extranjeros_2026/resultados/ejecuciones/RECONSTRUCCION_FINAL_EXTRANJEROS_2025_20260625_234936/02_PRECARGA/PRECARGA_ORIGINAL_COPIA.csv	PRECARGA_ORIGINAL_COPIA.csv	.csv	19836	2026-06-18T11:10:19.430504-04:00	TRACKED_OR_UNMODIFIED	precarga oficial o evidencia de precarga	SI	Inventario por ruta y metadatos; no inspecciona registros personales.
estudiantes_extranjeros_2026/resultados/ejecuciones/RECONSTRUCCION_FINAL_EXTRANJEROS_2025_20260625_234936/02_PRECARGA/PRECARGA_NORMALIZADA_AUDITORIA.csv	PRECARGA_NORMALIZADA_AUDITORIA.csv	.csv	33424	2026-06-25T23:49:39.011973-04:00	TRACKED_OR_UNMODIFIED	precarga oficial o evidencia de precarga	SI	Inventario por ruta y metadatos; no inspecciona registros personales.
estudiantes_extranjeros_2026/resultados/ejecuciones/RECONSTRUCCION_FINAL_EXTRANJEROS_2025_20260625_234936/03_BASE_ACADEMICA/RESUMEN_BASE_ACADEMICA.csv	RESUMEN_BASE_ACADEMICA.csv	.csv	157	2026-06-25T23:49:47.630889-04:00	TRACKED_OR_UNMODIFIED	otro proceso: estudiantes extranjeros	SI	Inventario por ruta y metadatos; no inspecciona registros personales.
estudiantes_extranjeros_2026/resultados/ejecuciones/RECONSTRUCCION_FINAL_EXTRANJEROS_2025_20260625_234936/03_BASE_ACADEMICA/LINEA_TIEMPO_ACADEMICA.csv	LINEA_TIEMPO_ACADEMICA.csv	.csv	3340208	2026-06-25T23:49:47.629608-04:00	TRACKED_OR_UNMODIFIED	otro proceso: estudiantes extranjeros	SI	Inventario por ruta y metadatos; no inspecciona registros personales.
estudiantes_extranjeros_2026/resultados/ejecuciones/RECONSTRUCCION_FINAL_EXTRANJEROS_2025_20260625_234936/03_BASE_ACADEMICA/DATOS_ALUMNOS_2025_NORMALIZADA.csv	DATOS_ALUMNOS_2025_NORMALIZADA.csv	.csv	1557222	2026-06-25T23:49:47.549167-04:00	TRACKED_OR_UNMODIFIED	otro proceso: estudiantes extranjeros	SI	Inventario por ruta y metadatos; no inspecciona registros personales.
estudiantes_extranjeros_2026/resultados/ejecuciones/RECONSTRUCCION_FINAL_EXTRANJEROS_2025_20260625_234936/03_BASE_ACADEMICA/HOJA1_2025_NORMALIZADA.csv	HOJA1_2025_NORMALIZADA.csv	.csv	6277801	2026-06-25T23:49:47.508071-04:00	TRACKED_OR_UNMODIFIED	otro proceso: estudiantes extranjeros	SI	Inventario por ruta y metadatos; no inspecciona registros personales.
estudiantes_extranjeros_2026/resultados/ejecuciones/RECONSTRUCCION_FINAL_EXTRANJEROS_2025_20260625_234936/04_CONCILIACION/CONFLICTOS_IDENTIDAD.csv	CONFLICTOS_IDENTIDAD.csv	.csv	237	2026-06-25T23:49:49.053233-04:00	TRACKED_OR_UNMODIFIED	otro proceso: estudiantes extranjeros	SI	Inventario por ruta y metadatos; no inspecciona registros personales.
estudiantes_extranjeros_2026/resultados/ejecuciones/RECONSTRUCCION_FINAL_EXTRANJEROS_2025_20260625_234936/04_CONCILIACION/CONCILIACION_PRECARGA_BASE.csv	CONCILIACION_PRECARGA_BASE.csv	.csv	23411	2026-06-25T23:49:49.042963-04:00	TRACKED_OR_UNMODIFIED	precarga oficial o evidencia de precarga	SI	Inventario por ruta y metadatos; no inspecciona registros personales.
estudiantes_extranjeros_2026/resultados/ejecuciones/RECONSTRUCCION_FINAL_EXTRANJEROS_2025_20260625_234936/04_CONCILIACION/SOLO_BASE_INSTITUCIONAL.csv	SOLO_BASE_INSTITUCIONAL.csv	.csv	32197	2026-06-25T23:49:49.060131-04:00	TRACKED_OR_UNMODIFIED	otro proceso: estudiantes extranjeros	SI	Inventario por ruta y metadatos; no inspecciona registros personales.
estudiantes_extranjeros_2026/resultados/ejecuciones/RECONSTRUCCION_FINAL_EXTRANJEROS_2025_20260625_234936/04_CONCILIACION/SOLO_PRECARGA.csv	SOLO_PRECARGA.csv	.csv	1904	2026-06-25T23:49:49.053700-04:00	TRACKED_OR_UNMODIFIED	precarga oficial o evidencia de precarga	SI	Inventario por ruta y metadatos; no inspecciona registros personales.
estudiantes_extranjeros_2026/resultados/ejecuciones/RECONSTRUCCION_FINAL_EXTRANJEROS_2025_20260625_234936/04_CONCILIACION/MULTICARRERA.csv	MULTICARRERA.csv	.csv	719	2026-06-25T23:49:49.053037-04:00	TRACKED_OR_UNMODIFIED	otro proceso: estudiantes extranjeros	SI	Inventario por ruta y metadatos; no inspecciona registros personales.
estudiantes_extranjeros_2026/resultados/ejecuciones/RECONSTRUCCION_FINAL_EXTRANJEROS_2025_20260625_234936/04_CONCILIACION/MULTICODCLI.csv	MULTICODCLI.csv	.csv	719	2026-06-25T23:49:49.052590-04:00	TRACKED_OR_UNMODIFIED	otro proceso: estudiantes extranjeros	SI	Inventario por ruta y metadatos; no inspecciona registros personales.
estudiantes_extranjeros_2026/resultados/ejecuciones/RECONSTRUCCION_FINAL_EXTRANJEROS_2025_20260625_234936/01_INVENTARIO/INVENTARIO_FUENTES.csv	INVENTARIO_FUENTES.csv	.csv	1184	2026-06-25T23:49:38.320640-04:00	TRACKED_OR_UNMODIFIED	otro proceso: estudiantes extranjeros	SI	Inventario por ruta y metadatos; no inspecciona registros personales.
estudiantes_extranjeros_2026/resultados/ejecuciones/RECONSTRUCCION_FINAL_EXTRANJEROS_2025_20260625_234936/00_CONTROL/ESTADO_ARCHIVOS_CRITICOS.csv	ESTADO_ARCHIVOS_CRITICOS.csv	.csv	2140	2026-06-25T23:49:36.730180-04:00	TRACKED_OR_UNMODIFIED	otro proceso: estudiantes extranjeros	SI	Inventario por ruta y metadatos; no inspecciona registros personales.
estudiantes_extranjeros_2026/resultados/ejecuciones/RECONSTRUCCION_FINAL_EXTRANJEROS_2025_20260625_234936/05_VIGENCIA/AVANCE_ACADEMICO_2025_POR_CODCLI.csv	AVANCE_ACADEMICO_2025_POR_CODCLI.csv	.csv	1167843	2026-06-25T23:49:49.444126-04:00	TRACKED_OR_UNMODIFIED	otro proceso: estudiantes extranjeros	SI	Inventario por ruta y metadatos; no inspecciona registros personales.
estudiantes_extranjeros_2026/resultados/ejecuciones/RECONSTRUCCION_FINAL_EXTRANJEROS_2025_20260625_234936/05_VIGENCIA/DETALLE_ESTADOS_HOJA1.csv	DETALLE_ESTADOS_HOJA1.csv	.csv	1643480	2026-06-25T23:49:49.481705-04:00	TRACKED_OR_UNMODIFIED	otro proceso: estudiantes extranjeros	SI	Inventario por ruta y metadatos; no inspecciona registros personales.
estudiantes_extranjeros_2026/resultados/ejecuciones/RECONSTRUCCION_FINAL_EXTRANJEROS_2025_20260625_234936/05_VIGENCIA/VIGENCIA_PENDIENTE.csv	VIGENCIA_PENDIENTE.csv	.csv	4059	2026-06-25T23:49:50.668638-04:00	TRACKED_OR_UNMODIFIED	otro proceso: estudiantes extranjeros	SI	Inventario por ruta y metadatos; no inspecciona registros personales.
estudiantes_extranjeros_2026/resultados/ejecuciones/RECONSTRUCCION_FINAL_EXTRANJEROS_2025_20260625_234936/05_VIGENCIA/RESUMEN_VIGENCIA.csv	RESUMEN_VIGENCIA.csv	.csv	98	2026-06-25T23:49:50.669225-04:00	TRACKED_OR_UNMODIFIED	otro proceso: estudiantes extranjeros	SI	Inventario por ruta y metadatos; no inspecciona registros personales.
estudiantes_extranjeros_2026/resultados/ejecuciones/RECONSTRUCCION_FINAL_EXTRANJEROS_2025_20260625_234936/05_VIGENCIA/CRUCE_HOJA1_DATOS_ALUMNOS.csv	CRUCE_HOJA1_DATOS_ALUMNOS.csv	.csv	1564981	2026-06-25T23:49:49.520115-04:00	TRACKED_OR_UNMODIFIED	otro proceso: estudiantes extranjeros	SI	Inventario por ruta y metadatos; no inspecciona registros personales.
estudiantes_extranjeros_2026/resultados/ejecuciones/RECONSTRUCCION_FINAL_EXTRANJEROS_2025_20260625_234936/05_VIGENCIA/DECISION_VIGENCIA_COMPLETA.csv	DECISION_VIGENCIA_COMPLETA.csv	.csv	51308	2026-06-25T23:49:50.664837-04:00	TRACKED_OR_UNMODIFIED	otro proceso: estudiantes extranjeros	SI	Inventario por ruta y metadatos; no inspecciona registros personales.
estudiantes_extranjeros_2026/resultados/ejecuciones/RECONSTRUCCION_FINAL_EXTRANJEROS_2025_20260625_234936/05_VIGENCIA/VIGENCIA_0.csv	VIGENCIA_0.csv	.csv	5309	2026-06-25T23:49:50.666826-04:00	TRACKED_OR_UNMODIFIED	otro proceso: estudiantes extranjeros	SI	Inventario por ruta y metadatos; no inspecciona registros personales.
estudiantes_extranjeros_2026/resultados/ejecuciones/RECONSTRUCCION_FINAL_EXTRANJEROS_2025_20260625_234936/05_VIGENCIA/VIGENCIA_1.csv	VIGENCIA_1.csv	.csv	42516	2026-06-25T23:49:50.668019-04:00	TRACKED_OR_UNMODIFIED	otro proceso: estudiantes extranjeros	SI	Inventario por ruta y metadatos; no inspecciona registros personales.
estudiantes_extranjeros_2026/resultados/ejecuciones/RECONSTRUCCION_FINAL_EXTRANJEROS_2025_20260625_235423/02_PRECARGA/RESUMEN_PRECARGA.csv	RESUMEN_PRECARGA.csv	.csv	719	2026-06-25T23:54:25.737743-04:00	TRACKED_OR_UNMODIFIED	precarga oficial o evidencia de precarga	SI	Inventario por ruta y metadatos; no inspecciona registros personales.
estudiantes_extranjeros_2026/resultados/ejecuciones/RECONSTRUCCION_FINAL_EXTRANJEROS_2025_20260625_235423/02_PRECARGA/DUPLICADOS_PRECARGA.csv	DUPLICADOS_PRECARGA.csv	.csv	511	2026-06-25T23:54:25.734845-04:00	TRACKED_OR_UNMODIFIED	precarga oficial o evidencia de precarga	SI	Inventario por ruta y metadatos; no inspecciona registros personales.
estudiantes_extranjeros_2026/resultados/ejecuciones/RECONSTRUCCION_FINAL_EXTRANJEROS_2025_20260625_235423/02_PRECARGA/PRECARGA_ORIGINAL_COPIA.csv	PRECARGA_ORIGINAL_COPIA.csv	.csv	19836	2026-06-18T11:10:19.430504-04:00	TRACKED_OR_UNMODIFIED	precarga oficial o evidencia de precarga	SI	Inventario por ruta y metadatos; no inspecciona registros personales.
estudiantes_extranjeros_2026/resultados/ejecuciones/RECONSTRUCCION_FINAL_EXTRANJEROS_2025_20260625_235423/02_PRECARGA/PRECARGA_NORMALIZADA_AUDITORIA.csv	PRECARGA_NORMALIZADA_AUDITORIA.csv	.csv	33424	2026-06-25T23:54:25.728792-04:00	TRACKED_OR_UNMODIFIED	precarga oficial o evidencia de precarga	SI	Inventario por ruta y metadatos; no inspecciona registros personales.
estudiantes_extranjeros_2026/resultados/ejecuciones/RECONSTRUCCION_FINAL_EXTRANJEROS_2025_20260625_235423/03_BASE_ACADEMICA/RESUMEN_BASE_ACADEMICA.csv	RESUMEN_BASE_ACADEMICA.csv	.csv	157	2026-06-25T23:54:33.670620-04:00	TRACKED_OR_UNMODIFIED	otro proceso: estudiantes extranjeros	SI	Inventario por ruta y metadatos; no inspecciona registros personales.
estudiantes_extranjeros_2026/resultados/ejecuciones/RECONSTRUCCION_FINAL_EXTRANJEROS_2025_20260625_235423/03_BASE_ACADEMICA/LINEA_TIEMPO_ACADEMICA.csv	LINEA_TIEMPO_ACADEMICA.csv	.csv	3340208	2026-06-25T23:54:33.669639-04:00	TRACKED_OR_UNMODIFIED	otro proceso: estudiantes extranjeros	SI	Inventario por ruta y metadatos; no inspecciona registros personales.
estudiantes_extranjeros_2026/resultados/ejecuciones/RECONSTRUCCION_FINAL_EXTRANJEROS_2025_20260625_235423/03_BASE_ACADEMICA/DATOS_ALUMNOS_2025_NORMALIZADA.csv	DATOS_ALUMNOS_2025_NORMALIZADA.csv	.csv	1557210	2026-06-25T23:54:33.594187-04:00	TRACKED_OR_UNMODIFIED	otro proceso: estudiantes extranjeros	SI	Inventario por ruta y metadatos; no inspecciona registros personales.
estudiantes_extranjeros_2026/resultados/ejecuciones/RECONSTRUCCION_FINAL_EXTRANJEROS_2025_20260625_235423/03_BASE_ACADEMICA/HOJA1_2025_NORMALIZADA.csv	HOJA1_2025_NORMALIZADA.csv	.csv	6277801	2026-06-25T23:54:33.560338-04:00	TRACKED_OR_UNMODIFIED	otro proceso: estudiantes extranjeros	SI	Inventario por ruta y metadatos; no inspecciona registros personales.
estudiantes_extranjeros_2026/resultados/ejecuciones/RECONSTRUCCION_FINAL_EXTRANJEROS_2025_20260625_235423/04_CONCILIACION/CONFLICTOS_IDENTIDAD.csv	CONFLICTOS_IDENTIDAD.csv	.csv	237	2026-06-25T23:54:34.867827-04:00	TRACKED_OR_UNMODIFIED	otro proceso: estudiantes extranjeros	SI	Inventario por ruta y metadatos; no inspecciona registros personales.
estudiantes_extranjeros_2026/resultados/ejecuciones/RECONSTRUCCION_FINAL_EXTRANJEROS_2025_20260625_235423/04_CONCILIACION/CONCILIACION_PRECARGA_BASE.csv	CONCILIACION_PRECARGA_BASE.csv	.csv	23470	2026-06-25T23:54:34.859005-04:00	TRACKED_OR_UNMODIFIED	precarga oficial o evidencia de precarga	SI	Inventario por ruta y metadatos; no inspecciona registros personales.
estudiantes_extranjeros_2026/resultados/ejecuciones/RECONSTRUCCION_FINAL_EXTRANJEROS_2025_20260625_235423/04_CONCILIACION/SOLO_BASE_INSTITUCIONAL.csv	SOLO_BASE_INSTITUCIONAL.csv	.csv	32197	2026-06-25T23:54:34.871791-04:00	TRACKED_OR_UNMODIFIED	otro proceso: estudiantes extranjeros	SI	Inventario por ruta y metadatos; no inspecciona registros personales.
estudiantes_extranjeros_2026/resultados/ejecuciones/RECONSTRUCCION_FINAL_EXTRANJEROS_2025_20260625_235423/04_CONCILIACION/SOLO_PRECARGA.csv	SOLO_PRECARGA.csv	.csv	1833	2026-06-25T23:54:34.868240-04:00	TRACKED_OR_UNMODIFIED	precarga oficial o evidencia de precarga	SI	Inventario por ruta y metadatos; no inspecciona registros personales.
estudiantes_extranjeros_2026/resultados/ejecuciones/RECONSTRUCCION_FINAL_EXTRANJEROS_2025_20260625_235423/04_CONCILIACION/MULTICARRERA.csv	MULTICARRERA.csv	.csv	719	2026-06-25T23:54:34.867644-04:00	TRACKED_OR_UNMODIFIED	otro proceso: estudiantes extranjeros	SI	Inventario por ruta y metadatos; no inspecciona registros personales.
estudiantes_extranjeros_2026/resultados/ejecuciones/RECONSTRUCCION_FINAL_EXTRANJEROS_2025_20260625_235423/04_CONCILIACION/MULTICODCLI.csv	MULTICODCLI.csv	.csv	719	2026-06-25T23:54:34.867231-04:00	TRACKED_OR_UNMODIFIED	otro proceso: estudiantes extranjeros	SI	Inventario por ruta y metadatos; no inspecciona registros personales.
estudiantes_extranjeros_2026/resultados/ejecuciones/RECONSTRUCCION_FINAL_EXTRANJEROS_2025_20260625_235423/01_INVENTARIO/INVENTARIO_FUENTES.csv	INVENTARIO_FUENTES.csv	.csv	1184	2026-06-25T23:54:25.028797-04:00	TRACKED_OR_UNMODIFIED	otro proceso: estudiantes extranjeros	SI	Inventario por ruta y metadatos; no inspecciona registros personales.
estudiantes_extranjeros_2026/resultados/ejecuciones/RECONSTRUCCION_FINAL_EXTRANJEROS_2025_20260625_235423/00_CONTROL/ESTADO_ARCHIVOS_CRITICOS.csv	ESTADO_ARCHIVOS_CRITICOS.csv	.csv	2140	2026-06-25T23:54:23.364277-04:00	TRACKED_OR_UNMODIFIED	otro proceso: estudiantes extranjeros	SI	Inventario por ruta y metadatos; no inspecciona registros personales.
estudiantes_extranjeros_2026/resultados/ejecuciones/RECONSTRUCCION_FINAL_EXTRANJEROS_2025_20260625_235423/05_VIGENCIA/AVANCE_ACADEMICO_2025_POR_CODCLI.csv	AVANCE_ACADEMICO_2025_POR_CODCLI.csv	.csv	1167843	2026-06-25T23:54:35.234730-04:00	TRACKED_OR_UNMODIFIED	otro proceso: estudiantes extranjeros	SI	Inventario por ruta y metadatos; no inspecciona registros personales.
estudiantes_extranjeros_2026/resultados/ejecuciones/RECONSTRUCCION_FINAL_EXTRANJEROS_2025_20260625_235423/05_VIGENCIA/DETALLE_ESTADOS_HOJA1.csv	DETALLE_ESTADOS_HOJA1.csv	.csv	1643480	2026-06-25T23:54:35.269314-04:00	TRACKED_OR_UNMODIFIED	otro proceso: estudiantes extranjeros	SI	Inventario por ruta y metadatos; no inspecciona registros personales.
estudiantes_extranjeros_2026/resultados/ejecuciones/RECONSTRUCCION_FINAL_EXTRANJEROS_2025_20260625_235423/05_VIGENCIA/VIGENCIA_PENDIENTE.csv	VIGENCIA_PENDIENTE.csv	.csv	3914	2026-06-25T23:54:36.416464-04:00	TRACKED_OR_UNMODIFIED	otro proceso: estudiantes extranjeros	SI	Inventario por ruta y metadatos; no inspecciona registros personales.
estudiantes_extranjeros_2026/resultados/ejecuciones/RECONSTRUCCION_FINAL_EXTRANJEROS_2025_20260625_235423/05_VIGENCIA/REQUERIMIENTO_INSTITUCIONAL_FASE_06_VIGENCIA.csv	REQUERIMIENTO_INSTITUCIONAL_FASE_06_VIGENCIA.csv	.csv	12050	2026-06-25T23:54:36.417647-04:00	TRACKED_OR_UNMODIFIED	otro proceso: estudiantes extranjeros	SI	Inventario por ruta y metadatos; no inspecciona registros personales.
estudiantes_extranjeros_2026/resultados/ejecuciones/RECONSTRUCCION_FINAL_EXTRANJEROS_2025_20260625_235423/05_VIGENCIA/RESUMEN_VIGENCIA.csv	RESUMEN_VIGENCIA.csv	.csv	98	2026-06-25T23:54:36.418190-04:00	TRACKED_OR_UNMODIFIED	otro proceso: estudiantes extranjeros	SI	Inventario por ruta y metadatos; no inspecciona registros personales.
estudiantes_extranjeros_2026/resultados/ejecuciones/RECONSTRUCCION_FINAL_EXTRANJEROS_2025_20260625_235423/05_VIGENCIA/CRUCE_HOJA1_DATOS_ALUMNOS.csv	CRUCE_HOJA1_DATOS_ALUMNOS.csv	.csv	1564969	2026-06-25T23:54:35.305888-04:00	TRACKED_OR_UNMODIFIED	otro proceso: estudiantes extranjeros	SI	Inventario por ruta y metadatos; no inspecciona registros personales.
estudiantes_extranjeros_2026/resultados/ejecuciones/RECONSTRUCCION_FINAL_EXTRANJEROS_2025_20260625_235423/05_VIGENCIA/DECISION_VIGENCIA_COMPLETA.csv	DECISION_VIGENCIA_COMPLETA.csv	.csv	51542	2026-06-25T23:54:36.412889-04:00	TRACKED_OR_UNMODIFIED	otro proceso: estudiantes extranjeros	SI	Inventario por ruta y metadatos; no inspecciona registros personales.
estudiantes_extranjeros_2026/resultados/ejecuciones/RECONSTRUCCION_FINAL_EXTRANJEROS_2025_20260625_235423/05_VIGENCIA/VIGENCIA_0.csv	VIGENCIA_0.csv	.csv	5309	2026-06-25T23:54:36.414728-04:00	TRACKED_OR_UNMODIFIED	otro proceso: estudiantes extranjeros	SI	Inventario por ruta y metadatos; no inspecciona registros personales.
estudiantes_extranjeros_2026/resultados/ejecuciones/RECONSTRUCCION_FINAL_EXTRANJEROS_2025_20260625_235423/05_VIGENCIA/VIGENCIA_1.csv	VIGENCIA_1.csv	.csv	42895	2026-06-25T23:54:36.415886-04:00	TRACKED_OR_UNMODIFIED	otro proceso: estudiantes extranjeros	SI	Inventario por ruta y metadatos; no inspecciona registros personales.
estudiantes_extranjeros_2026/resultados/ejecuciones/RECONSTRUCCION_FINAL_EXTRANJEROS_2025_20260625_235455/.DS_Store	.DS_Store		8196	2026-06-26T00:27:46.543315-04:00	TRACKED_OR_UNMODIFIED	otro proceso: estudiantes extranjeros	NO_DETERMINADO	Inventario por ruta y metadatos; no inspecciona registros personales.
estudiantes_extranjeros_2026/resultados/ejecuciones/RECONSTRUCCION_FINAL_EXTRANJEROS_2025_20260625_235455/02_PRECARGA/RESUMEN_PRECARGA.csv	RESUMEN_PRECARGA.csv	.csv	719	2026-06-25T23:54:57.363022-04:00	TRACKED_OR_UNMODIFIED	precarga oficial o evidencia de precarga	SI	Inventario por ruta y metadatos; no inspecciona registros personales.
estudiantes_extranjeros_2026/resultados/ejecuciones/RECONSTRUCCION_FINAL_EXTRANJEROS_2025_20260625_235455/02_PRECARGA/DUPLICADOS_PRECARGA.csv	DUPLICADOS_PRECARGA.csv	.csv	511	2026-06-25T23:54:57.360624-04:00	TRACKED_OR_UNMODIFIED	precarga oficial o evidencia de precarga	SI	Inventario por ruta y metadatos; no inspecciona registros personales.
estudiantes_extranjeros_2026/resultados/ejecuciones/RECONSTRUCCION_FINAL_EXTRANJEROS_2025_20260625_235455/02_PRECARGA/PRECARGA_ORIGINAL_COPIA.csv	PRECARGA_ORIGINAL_COPIA.csv	.csv	19836	2026-06-18T11:10:19.430504-04:00	TRACKED_OR_UNMODIFIED	precarga oficial o evidencia de precarga	SI	Inventario por ruta y metadatos; no inspecciona registros personales.
estudiantes_extranjeros_2026/resultados/ejecuciones/RECONSTRUCCION_FINAL_EXTRANJEROS_2025_20260625_235455/02_PRECARGA/PRECARGA_NORMALIZADA_AUDITORIA.csv	PRECARGA_NORMALIZADA_AUDITORIA.csv	.csv	33424	2026-06-25T23:54:57.354916-04:00	TRACKED_OR_UNMODIFIED	precarga oficial o evidencia de precarga	SI	Inventario por ruta y metadatos; no inspecciona registros personales.
estudiantes_extranjeros_2026/resultados/ejecuciones/RECONSTRUCCION_FINAL_EXTRANJEROS_2025_20260625_235455/03_BASE_ACADEMICA/RESUMEN_BASE_ACADEMICA.csv	RESUMEN_BASE_ACADEMICA.csv	.csv	157	2026-06-25T23:55:05.335506-04:00	TRACKED_OR_UNMODIFIED	otro proceso: estudiantes extranjeros	SI	Inventario por ruta y metadatos; no inspecciona registros personales.
estudiantes_extranjeros_2026/resultados/ejecuciones/RECONSTRUCCION_FINAL_EXTRANJEROS_2025_20260625_235455/03_BASE_ACADEMICA/LINEA_TIEMPO_ACADEMICA.csv	LINEA_TIEMPO_ACADEMICA.csv	.csv	3340208	2026-06-25T23:55:05.334361-04:00	TRACKED_OR_UNMODIFIED	otro proceso: estudiantes extranjeros	SI	Inventario por ruta y metadatos; no inspecciona registros personales.
estudiantes_extranjeros_2026/resultados/ejecuciones/RECONSTRUCCION_FINAL_EXTRANJEROS_2025_20260625_235455/03_BASE_ACADEMICA/DATOS_ALUMNOS_2025_NORMALIZADA.csv	DATOS_ALUMNOS_2025_NORMALIZADA.csv	.csv	1557210	2026-06-25T23:55:05.261855-04:00	TRACKED_OR_UNMODIFIED	otro proceso: estudiantes extranjeros	SI	Inventario por ruta y metadatos; no inspecciona registros personales.
estudiantes_extranjeros_2026/resultados/ejecuciones/RECONSTRUCCION_FINAL_EXTRANJEROS_2025_20260625_235455/03_BASE_ACADEMICA/HOJA1_2025_NORMALIZADA.csv	HOJA1_2025_NORMALIZADA.csv	.csv	6277801	2026-06-25T23:55:05.229957-04:00	TRACKED_OR_UNMODIFIED	otro proceso: estudiantes extranjeros	SI	Inventario por ruta y metadatos; no inspecciona registros personales.
estudiantes_extranjeros_2026/resultados/ejecuciones/RECONSTRUCCION_FINAL_EXTRANJEROS_2025_20260625_235455/04_CONCILIACION/CONFLICTOS_IDENTIDAD.csv	CONFLICTOS_IDENTIDAD.csv	.csv	237	2026-06-25T23:55:06.551412-04:00	TRACKED_OR_UNMODIFIED	otro proceso: estudiantes extranjeros	SI	Inventario por ruta y metadatos; no inspecciona registros personales.
estudiantes_extranjeros_2026/resultados/ejecuciones/RECONSTRUCCION_FINAL_EXTRANJEROS_2025_20260625_235455/04_CONCILIACION/CONCILIACION_PRECARGA_BASE.csv	CONCILIACION_PRECARGA_BASE.csv	.csv	23470	2026-06-25T23:55:06.542475-04:00	TRACKED_OR_UNMODIFIED	precarga oficial o evidencia de precarga	SI	Inventario por ruta y metadatos; no inspecciona registros personales.
estudiantes_extranjeros_2026/resultados/ejecuciones/RECONSTRUCCION_FINAL_EXTRANJEROS_2025_20260625_235455/04_CONCILIACION/SOLO_BASE_INSTITUCIONAL.csv	SOLO_BASE_INSTITUCIONAL.csv	.csv	32197	2026-06-25T23:55:06.555350-04:00	TRACKED_OR_UNMODIFIED	otro proceso: estudiantes extranjeros	SI	Inventario por ruta y metadatos; no inspecciona registros personales.
estudiantes_extranjeros_2026/resultados/ejecuciones/RECONSTRUCCION_FINAL_EXTRANJEROS_2025_20260625_235455/04_CONCILIACION/SOLO_PRECARGA.csv	SOLO_PRECARGA.csv	.csv	1833	2026-06-25T23:55:06.551801-04:00	TRACKED_OR_UNMODIFIED	precarga oficial o evidencia de precarga	SI	Inventario por ruta y metadatos; no inspecciona registros personales.
estudiantes_extranjeros_2026/resultados/ejecuciones/RECONSTRUCCION_FINAL_EXTRANJEROS_2025_20260625_235455/04_CONCILIACION/MULTICARRERA.csv	MULTICARRERA.csv	.csv	719	2026-06-25T23:55:06.551229-04:00	TRACKED_OR_UNMODIFIED	otro proceso: estudiantes extranjeros	SI	Inventario por ruta y metadatos; no inspecciona registros personales.
estudiantes_extranjeros_2026/resultados/ejecuciones/RECONSTRUCCION_FINAL_EXTRANJEROS_2025_20260625_235455/04_CONCILIACION/MULTICODCLI.csv	MULTICODCLI.csv	.csv	719	2026-06-25T23:55:06.550784-04:00	TRACKED_OR_UNMODIFIED	otro proceso: estudiantes extranjeros	SI	Inventario por ruta y metadatos; no inspecciona registros personales.
estudiantes_extranjeros_2026/resultados/ejecuciones/RECONSTRUCCION_FINAL_EXTRANJEROS_2025_20260625_235455/01_INVENTARIO/INVENTARIO_FUENTES.csv	INVENTARIO_FUENTES.csv	.csv	1184	2026-06-25T23:54:56.686329-04:00	TRACKED_OR_UNMODIFIED	otro proceso: estudiantes extranjeros	SI	Inventario por ruta y metadatos; no inspecciona registros personales.
estudiantes_extranjeros_2026/resultados/ejecuciones/RECONSTRUCCION_FINAL_EXTRANJEROS_2025_20260625_235455/00_CONTROL/ESTADO_ARCHIVOS_CRITICOS.csv	ESTADO_ARCHIVOS_CRITICOS.csv	.csv	2140	2026-06-25T23:54:55.266420-04:00	TRACKED_OR_UNMODIFIED	otro proceso: estudiantes extranjeros	SI	Inventario por ruta y metadatos; no inspecciona registros personales.
estudiantes_extranjeros_2026/resultados/ejecuciones/RECONSTRUCCION_FINAL_EXTRANJEROS_2025_20260625_235455/05_VIGENCIA/AVANCE_ACADEMICO_2025_POR_CODCLI.csv	AVANCE_ACADEMICO_2025_POR_CODCLI.csv	.csv	1167843	2026-06-25T23:55:06.915554-04:00	TRACKED_OR_UNMODIFIED	otro proceso: estudiantes extranjeros	SI	Inventario por ruta y metadatos; no inspecciona registros personales.
estudiantes_extranjeros_2026/resultados/ejecuciones/RECONSTRUCCION_FINAL_EXTRANJEROS_2025_20260625_235455/05_VIGENCIA/DESAMBIGUACION_MULTICODCLI_24.csv	DESAMBIGUACION_MULTICODCLI_24.csv	.csv	1344	2026-06-26T00:37:15.306193-04:00	TRACKED_OR_UNMODIFIED	otro proceso: estudiantes extranjeros	SI	Inventario por ruta y metadatos; no inspecciona registros personales.
estudiantes_extranjeros_2026/resultados/ejecuciones/RECONSTRUCCION_FINAL_EXTRANJEROS_2025_20260625_235455/05_VIGENCIA/DETALLE_ESTADOS_HOJA1.csv	DETALLE_ESTADOS_HOJA1.csv	.csv	1643480	2026-06-25T23:55:06.949354-04:00	TRACKED_OR_UNMODIFIED	otro proceso: estudiantes extranjeros	SI	Inventario por ruta y metadatos; no inspecciona registros personales.
estudiantes_extranjeros_2026/resultados/ejecuciones/RECONSTRUCCION_FINAL_EXTRANJEROS_2025_20260625_235455/05_VIGENCIA/REQUERIMIENTO_INSTITUCIONAL_FASE_06_VIGENCIA_V2.csv	REQUERIMIENTO_INSTITUCIONAL_FASE_06_VIGENCIA_V2.csv	.csv	16963	2026-06-26T00:37:15.326000-04:00	TRACKED_OR_UNMODIFIED	otro proceso: estudiantes extranjeros	SI	Inventario por ruta y metadatos; no inspecciona registros personales.
estudiantes_extranjeros_2026/resultados/ejecuciones/RECONSTRUCCION_FINAL_EXTRANJEROS_2025_20260625_235455/05_VIGENCIA/VIGENCIA_PENDIENTE.csv	VIGENCIA_PENDIENTE.csv	.csv	4986	2026-06-26T00:37:15.322364-04:00	TRACKED_OR_UNMODIFIED	otro proceso: estudiantes extranjeros	SI	Inventario por ruta y metadatos; no inspecciona registros personales.
estudiantes_extranjeros_2026/resultados/ejecuciones/RECONSTRUCCION_FINAL_EXTRANJEROS_2025_20260625_235455/05_VIGENCIA/REQUERIMIENTO_INSTITUCIONAL_FASE_06_VIGENCIA.csv	REQUERIMIENTO_INSTITUCIONAL_FASE_06_VIGENCIA.csv	.csv	12050	2026-06-26T00:25:43.417149-04:00	TRACKED_OR_UNMODIFIED	otro proceso: estudiantes extranjeros	SI	Inventario por ruta y metadatos; no inspecciona registros personales.
estudiantes_extranjeros_2026/resultados/ejecuciones/RECONSTRUCCION_FINAL_EXTRANJEROS_2025_20260625_235455/05_VIGENCIA/RESUMEN_VIGENCIA.csv	RESUMEN_VIGENCIA.csv	.csv	270	2026-06-26T00:37:15.327515-04:00	TRACKED_OR_UNMODIFIED	otro proceso: estudiantes extranjeros	SI	Inventario por ruta y metadatos; no inspecciona registros personales.
estudiantes_extranjeros_2026/resultados/ejecuciones/RECONSTRUCCION_FINAL_EXTRANJEROS_2025_20260625_235455/05_VIGENCIA/FILAS_COMPLETAS_PRECARGA_24.csv	FILAS_COMPLETAS_PRECARGA_24.csv	.csv	6653	2026-06-26T00:37:07.270594-04:00	TRACKED_OR_UNMODIFIED	precarga oficial o evidencia de precarga	SI	Inventario por ruta y metadatos; no inspecciona registros personales.
estudiantes_extranjeros_2026/resultados/ejecuciones/RECONSTRUCCION_FINAL_EXTRANJEROS_2025_20260625_235455/05_VIGENCIA/CRUCE_HOJA1_DATOS_ALUMNOS.csv	CRUCE_HOJA1_DATOS_ALUMNOS.csv	.csv	1564969	2026-06-25T23:55:06.986057-04:00	TRACKED_OR_UNMODIFIED	otro proceso: estudiantes extranjeros	SI	Inventario por ruta y metadatos; no inspecciona registros personales.
estudiantes_extranjeros_2026/resultados/ejecuciones/RECONSTRUCCION_FINAL_EXTRANJEROS_2025_20260625_235455/05_VIGENCIA/DECISION_VIGENCIA_COMPLETA.csv	DECISION_VIGENCIA_COMPLETA.csv	.csv	54833	2026-06-26T00:37:15.317336-04:00	TRACKED_OR_UNMODIFIED	otro proceso: estudiantes extranjeros	SI	Inventario por ruta y metadatos; no inspecciona registros personales.
estudiantes_extranjeros_2026/resultados/ejecuciones/RECONSTRUCCION_FINAL_EXTRANJEROS_2025_20260625_235455/05_VIGENCIA/DECISION_RECONSTRUIDA_24_PENDIENTES.csv	DECISION_RECONSTRUIDA_24_PENDIENTES.csv	.csv	12488	2026-06-26T00:37:15.307904-04:00	TRACKED_OR_UNMODIFIED	otro proceso: estudiantes extranjeros	SI	Inventario por ruta y metadatos; no inspecciona registros personales.
estudiantes_extranjeros_2026/resultados/ejecuciones/RECONSTRUCCION_FINAL_EXTRANJEROS_2025_20260625_235455/05_VIGENCIA/CRUCE_CODIGO_UNICO_PRECARGA_24.csv	CRUCE_CODIGO_UNICO_PRECARGA_24.csv	.csv	35504	2026-06-26T00:37:15.073263-04:00	TRACKED_OR_UNMODIFIED	precarga oficial o evidencia de precarga	SI	Inventario por ruta y metadatos; no inspecciona registros personales.
estudiantes_extranjeros_2026/resultados/ejecuciones/RECONSTRUCCION_FINAL_EXTRANJEROS_2025_20260625_235455/05_VIGENCIA/VIGENCIA_0.csv	VIGENCIA_0.csv	.csv	5309	2026-06-26T00:37:15.319562-04:00	TRACKED_OR_UNMODIFIED	otro proceso: estudiantes extranjeros	SI	Inventario por ruta y metadatos; no inspecciona registros personales.
estudiantes_extranjeros_2026/resultados/ejecuciones/RECONSTRUCCION_FINAL_EXTRANJEROS_2025_20260625_235455/05_VIGENCIA/VIGENCIA_1.csv	VIGENCIA_1.csv	.csv	45114	2026-06-26T00:37:15.321525-04:00	TRACKED_OR_UNMODIFIED	otro proceso: estudiantes extranjeros	SI	Inventario por ruta y metadatos; no inspecciona registros personales.
estudiantes_extranjeros_2026/resultados/ejecuciones/RECONSTRUCCION_FINAL_EXTRANJEROS_2025_20260625_235202/02_PRECARGA/RESUMEN_PRECARGA.csv	RESUMEN_PRECARGA.csv	.csv	719	2026-06-25T23:52:04.872961-04:00	TRACKED_OR_UNMODIFIED	precarga oficial o evidencia de precarga	SI	Inventario por ruta y metadatos; no inspecciona registros personales.
estudiantes_extranjeros_2026/resultados/ejecuciones/RECONSTRUCCION_FINAL_EXTRANJEROS_2025_20260625_235202/02_PRECARGA/DUPLICADOS_PRECARGA.csv	DUPLICADOS_PRECARGA.csv	.csv	511	2026-06-25T23:52:04.870502-04:00	TRACKED_OR_UNMODIFIED	precarga oficial o evidencia de precarga	SI	Inventario por ruta y metadatos; no inspecciona registros personales.
estudiantes_extranjeros_2026/resultados/ejecuciones/RECONSTRUCCION_FINAL_EXTRANJEROS_2025_20260625_235202/02_PRECARGA/PRECARGA_ORIGINAL_COPIA.csv	PRECARGA_ORIGINAL_COPIA.csv	.csv	19836	2026-06-18T11:10:19.430504-04:00	TRACKED_OR_UNMODIFIED	precarga oficial o evidencia de precarga	SI	Inventario por ruta y metadatos; no inspecciona registros personales.
estudiantes_extranjeros_2026/resultados/ejecuciones/RECONSTRUCCION_FINAL_EXTRANJEROS_2025_20260625_235202/02_PRECARGA/PRECARGA_NORMALIZADA_AUDITORIA.csv	PRECARGA_NORMALIZADA_AUDITORIA.csv	.csv	33424	2026-06-25T23:52:04.864373-04:00	TRACKED_OR_UNMODIFIED	precarga oficial o evidencia de precarga	SI	Inventario por ruta y metadatos; no inspecciona registros personales.
estudiantes_extranjeros_2026/resultados/ejecuciones/RECONSTRUCCION_FINAL_EXTRANJEROS_2025_20260625_235202/03_BASE_ACADEMICA/RESUMEN_BASE_ACADEMICA.csv	RESUMEN_BASE_ACADEMICA.csv	.csv	157	2026-06-25T23:52:12.792284-04:00	TRACKED_OR_UNMODIFIED	otro proceso: estudiantes extranjeros	SI	Inventario por ruta y metadatos; no inspecciona registros personales.
estudiantes_extranjeros_2026/resultados/ejecuciones/RECONSTRUCCION_FINAL_EXTRANJEROS_2025_20260625_235202/03_BASE_ACADEMICA/LINEA_TIEMPO_ACADEMICA.csv	LINEA_TIEMPO_ACADEMICA.csv	.csv	3340208	2026-06-25T23:52:12.791305-04:00	TRACKED_OR_UNMODIFIED	otro proceso: estudiantes extranjeros	SI	Inventario por ruta y metadatos; no inspecciona registros personales.
estudiantes_extranjeros_2026/resultados/ejecuciones/RECONSTRUCCION_FINAL_EXTRANJEROS_2025_20260625_235202/03_BASE_ACADEMICA/DATOS_ALUMNOS_2025_NORMALIZADA.csv	DATOS_ALUMNOS_2025_NORMALIZADA.csv	.csv	1557210	2026-06-25T23:52:12.718430-04:00	TRACKED_OR_UNMODIFIED	otro proceso: estudiantes extranjeros	SI	Inventario por ruta y metadatos; no inspecciona registros personales.
estudiantes_extranjeros_2026/resultados/ejecuciones/RECONSTRUCCION_FINAL_EXTRANJEROS_2025_20260625_235202/03_BASE_ACADEMICA/HOJA1_2025_NORMALIZADA.csv	HOJA1_2025_NORMALIZADA.csv	.csv	6277801	2026-06-25T23:52:12.542260-04:00	TRACKED_OR_UNMODIFIED	otro proceso: estudiantes extranjeros	SI	Inventario por ruta y metadatos; no inspecciona registros personales.
estudiantes_extranjeros_2026/resultados/ejecuciones/RECONSTRUCCION_FINAL_EXTRANJEROS_2025_20260625_235202/04_CONCILIACION/CONFLICTOS_IDENTIDAD.csv	CONFLICTOS_IDENTIDAD.csv	.csv	237	2026-06-25T23:52:13.976502-04:00	TRACKED_OR_UNMODIFIED	otro proceso: estudiantes extranjeros	SI	Inventario por ruta y metadatos; no inspecciona registros personales.
estudiantes_extranjeros_2026/resultados/ejecuciones/RECONSTRUCCION_FINAL_EXTRANJEROS_2025_20260625_235202/04_CONCILIACION/CONCILIACION_PRECARGA_BASE.csv	CONCILIACION_PRECARGA_BASE.csv	.csv	23470	2026-06-25T23:52:13.967683-04:00	TRACKED_OR_UNMODIFIED	precarga oficial o evidencia de precarga	SI	Inventario por ruta y metadatos; no inspecciona registros personales.
estudiantes_extranjeros_2026/resultados/ejecuciones/RECONSTRUCCION_FINAL_EXTRANJEROS_2025_20260625_235202/04_CONCILIACION/SOLO_BASE_INSTITUCIONAL.csv	SOLO_BASE_INSTITUCIONAL.csv	.csv	32197	2026-06-25T23:52:13.980378-04:00	TRACKED_OR_UNMODIFIED	otro proceso: estudiantes extranjeros	SI	Inventario por ruta y metadatos; no inspecciona registros personales.
estudiantes_extranjeros_2026/resultados/ejecuciones/RECONSTRUCCION_FINAL_EXTRANJEROS_2025_20260625_235202/04_CONCILIACION/SOLO_PRECARGA.csv	SOLO_PRECARGA.csv	.csv	1833	2026-06-25T23:52:13.976897-04:00	TRACKED_OR_UNMODIFIED	precarga oficial o evidencia de precarga	SI	Inventario por ruta y metadatos; no inspecciona registros personales.
estudiantes_extranjeros_2026/resultados/ejecuciones/RECONSTRUCCION_FINAL_EXTRANJEROS_2025_20260625_235202/04_CONCILIACION/MULTICARRERA.csv	MULTICARRERA.csv	.csv	719	2026-06-25T23:52:13.976331-04:00	TRACKED_OR_UNMODIFIED	otro proceso: estudiantes extranjeros	SI	Inventario por ruta y metadatos; no inspecciona registros personales.
estudiantes_extranjeros_2026/resultados/ejecuciones/RECONSTRUCCION_FINAL_EXTRANJEROS_2025_20260625_235202/04_CONCILIACION/MULTICODCLI.csv	MULTICODCLI.csv	.csv	719	2026-06-25T23:52:13.975925-04:00	TRACKED_OR_UNMODIFIED	otro proceso: estudiantes extranjeros	SI	Inventario por ruta y metadatos; no inspecciona registros personales.
estudiantes_extranjeros_2026/resultados/ejecuciones/RECONSTRUCCION_FINAL_EXTRANJEROS_2025_20260625_235202/01_INVENTARIO/INVENTARIO_FUENTES.csv	INVENTARIO_FUENTES.csv	.csv	1184	2026-06-25T23:52:04.101204-04:00	TRACKED_OR_UNMODIFIED	otro proceso: estudiantes extranjeros	SI	Inventario por ruta y metadatos; no inspecciona registros personales.
estudiantes_extranjeros_2026/resultados/ejecuciones/RECONSTRUCCION_FINAL_EXTRANJEROS_2025_20260625_235202/00_CONTROL/ESTADO_ARCHIVOS_CRITICOS.csv	ESTADO_ARCHIVOS_CRITICOS.csv	.csv	2140	2026-06-25T23:52:02.554376-04:00	TRACKED_OR_UNMODIFIED	otro proceso: estudiantes extranjeros	SI	Inventario por ruta y metadatos; no inspecciona registros personales.
estudiantes_extranjeros_2026/resultados/ejecuciones/RECONSTRUCCION_FINAL_EXTRANJEROS_2025_20260625_235202/05_VIGENCIA/AVANCE_ACADEMICO_2025_POR_CODCLI.csv	AVANCE_ACADEMICO_2025_POR_CODCLI.csv	.csv	1167843	2026-06-25T23:52:14.338514-04:00	TRACKED_OR_UNMODIFIED	otro proceso: estudiantes extranjeros	SI	Inventario por ruta y metadatos; no inspecciona registros personales.
estudiantes_extranjeros_2026/resultados/ejecuciones/RECONSTRUCCION_FINAL_EXTRANJEROS_2025_20260625_235202/05_VIGENCIA/DETALLE_ESTADOS_HOJA1.csv	DETALLE_ESTADOS_HOJA1.csv	.csv	1643480	2026-06-25T23:52:14.372655-04:00	TRACKED_OR_UNMODIFIED	otro proceso: estudiantes extranjeros	SI	Inventario por ruta y metadatos; no inspecciona registros personales.
estudiantes_extranjeros_2026/resultados/ejecuciones/RECONSTRUCCION_FINAL_EXTRANJEROS_2025_20260625_235202/05_VIGENCIA/VIGENCIA_PENDIENTE.csv	VIGENCIA_PENDIENTE.csv	.csv	3914	2026-06-25T23:52:15.522091-04:00	TRACKED_OR_UNMODIFIED	otro proceso: estudiantes extranjeros	SI	Inventario por ruta y metadatos; no inspecciona registros personales.
estudiantes_extranjeros_2026/resultados/ejecuciones/RECONSTRUCCION_FINAL_EXTRANJEROS_2025_20260625_235202/05_VIGENCIA/RESUMEN_VIGENCIA.csv	RESUMEN_VIGENCIA.csv	.csv	98	2026-06-25T23:52:15.522619-04:00	TRACKED_OR_UNMODIFIED	otro proceso: estudiantes extranjeros	SI	Inventario por ruta y metadatos; no inspecciona registros personales.
estudiantes_extranjeros_2026/resultados/ejecuciones/RECONSTRUCCION_FINAL_EXTRANJEROS_2025_20260625_235202/05_VIGENCIA/CRUCE_HOJA1_DATOS_ALUMNOS.csv	CRUCE_HOJA1_DATOS_ALUMNOS.csv	.csv	1564969	2026-06-25T23:52:14.408597-04:00	TRACKED_OR_UNMODIFIED	otro proceso: estudiantes extranjeros	SI	Inventario por ruta y metadatos; no inspecciona registros personales.
estudiantes_extranjeros_2026/resultados/ejecuciones/RECONSTRUCCION_FINAL_EXTRANJEROS_2025_20260625_235202/05_VIGENCIA/DECISION_VIGENCIA_COMPLETA.csv	DECISION_VIGENCIA_COMPLETA.csv	.csv	51542	2026-06-25T23:52:15.518562-04:00	TRACKED_OR_UNMODIFIED	otro proceso: estudiantes extranjeros	SI	Inventario por ruta y metadatos; no inspecciona registros personales.
estudiantes_extranjeros_2026/resultados/ejecuciones/RECONSTRUCCION_FINAL_EXTRANJEROS_2025_20260625_235202/05_VIGENCIA/VIGENCIA_0.csv	VIGENCIA_0.csv	.csv	5309	2026-06-25T23:52:15.520354-04:00	TRACKED_OR_UNMODIFIED	otro proceso: estudiantes extranjeros	SI	Inventario por ruta y metadatos; no inspecciona registros personales.
estudiantes_extranjeros_2026/resultados/ejecuciones/RECONSTRUCCION_FINAL_EXTRANJEROS_2025_20260625_235202/05_VIGENCIA/VIGENCIA_1.csv	VIGENCIA_1.csv	.csv	42895	2026-06-25T23:52:15.521514-04:00	TRACKED_OR_UNMODIFIED	otro proceso: estudiantes extranjeros	SI	Inventario por ruta y metadatos; no inspecciona registros personales.
estudiantes_extranjeros_2026/resultados/ejecuciones/RECONSTRUCCION_FINAL_EXTRANJEROS_2025_20260625_235302/02_PRECARGA/RESUMEN_PRECARGA.csv	RESUMEN_PRECARGA.csv	.csv	719	2026-06-25T23:53:05.130620-04:00	TRACKED_OR_UNMODIFIED	precarga oficial o evidencia de precarga	SI	Inventario por ruta y metadatos; no inspecciona registros personales.
estudiantes_extranjeros_2026/resultados/ejecuciones/RECONSTRUCCION_FINAL_EXTRANJEROS_2025_20260625_235302/02_PRECARGA/DUPLICADOS_PRECARGA.csv	DUPLICADOS_PRECARGA.csv	.csv	511	2026-06-25T23:53:05.128194-04:00	TRACKED_OR_UNMODIFIED	precarga oficial o evidencia de precarga	SI	Inventario por ruta y metadatos; no inspecciona registros personales.
estudiantes_extranjeros_2026/resultados/ejecuciones/RECONSTRUCCION_FINAL_EXTRANJEROS_2025_20260625_235302/02_PRECARGA/PRECARGA_ORIGINAL_COPIA.csv	PRECARGA_ORIGINAL_COPIA.csv	.csv	19836	2026-06-18T11:10:19.430504-04:00	TRACKED_OR_UNMODIFIED	precarga oficial o evidencia de precarga	SI	Inventario por ruta y metadatos; no inspecciona registros personales.
estudiantes_extranjeros_2026/resultados/ejecuciones/RECONSTRUCCION_FINAL_EXTRANJEROS_2025_20260625_235302/02_PRECARGA/PRECARGA_NORMALIZADA_AUDITORIA.csv	PRECARGA_NORMALIZADA_AUDITORIA.csv	.csv	33424	2026-06-25T23:53:05.121505-04:00	TRACKED_OR_UNMODIFIED	precarga oficial o evidencia de precarga	SI	Inventario por ruta y metadatos; no inspecciona registros personales.
estudiantes_extranjeros_2026/resultados/ejecuciones/RECONSTRUCCION_FINAL_EXTRANJEROS_2025_20260625_235302/03_BASE_ACADEMICA/RESUMEN_BASE_ACADEMICA.csv	RESUMEN_BASE_ACADEMICA.csv	.csv	157	2026-06-25T23:53:13.436612-04:00	TRACKED_OR_UNMODIFIED	otro proceso: estudiantes extranjeros	SI	Inventario por ruta y metadatos; no inspecciona registros personales.
estudiantes_extranjeros_2026/resultados/ejecuciones/RECONSTRUCCION_FINAL_EXTRANJEROS_2025_20260625_235302/03_BASE_ACADEMICA/LINEA_TIEMPO_ACADEMICA.csv	LINEA_TIEMPO_ACADEMICA.csv	.csv	3340208	2026-06-25T23:53:13.435264-04:00	TRACKED_OR_UNMODIFIED	otro proceso: estudiantes extranjeros	SI	Inventario por ruta y metadatos; no inspecciona registros personales.
estudiantes_extranjeros_2026/resultados/ejecuciones/RECONSTRUCCION_FINAL_EXTRANJEROS_2025_20260625_235302/03_BASE_ACADEMICA/DATOS_ALUMNOS_2025_NORMALIZADA.csv	DATOS_ALUMNOS_2025_NORMALIZADA.csv	.csv	1557210	2026-06-25T23:53:13.357177-04:00	TRACKED_OR_UNMODIFIED	otro proceso: estudiantes extranjeros	SI	Inventario por ruta y metadatos; no inspecciona registros personales.
estudiantes_extranjeros_2026/resultados/ejecuciones/RECONSTRUCCION_FINAL_EXTRANJEROS_2025_20260625_235302/03_BASE_ACADEMICA/HOJA1_2025_NORMALIZADA.csv	HOJA1_2025_NORMALIZADA.csv	.csv	6277801	2026-06-25T23:53:13.321244-04:00	TRACKED_OR_UNMODIFIED	otro proceso: estudiantes extranjeros	SI	Inventario por ruta y metadatos; no inspecciona registros personales.
estudiantes_extranjeros_2026/resultados/ejecuciones/RECONSTRUCCION_FINAL_EXTRANJEROS_2025_20260625_235302/04_CONCILIACION/CONFLICTOS_IDENTIDAD.csv	CONFLICTOS_IDENTIDAD.csv	.csv	237	2026-06-25T23:53:14.893390-04:00	TRACKED_OR_UNMODIFIED	otro proceso: estudiantes extranjeros	SI	Inventario por ruta y metadatos; no inspecciona registros personales.
estudiantes_extranjeros_2026/resultados/ejecuciones/RECONSTRUCCION_FINAL_EXTRANJEROS_2025_20260625_235302/04_CONCILIACION/CONCILIACION_PRECARGA_BASE.csv	CONCILIACION_PRECARGA_BASE.csv	.csv	23470	2026-06-25T23:53:14.883355-04:00	TRACKED_OR_UNMODIFIED	precarga oficial o evidencia de precarga	SI	Inventario por ruta y metadatos; no inspecciona registros personales.
estudiantes_extranjeros_2026/resultados/ejecuciones/RECONSTRUCCION_FINAL_EXTRANJEROS_2025_20260625_235302/04_CONCILIACION/SOLO_BASE_INSTITUCIONAL.csv	SOLO_BASE_INSTITUCIONAL.csv	.csv	32197	2026-06-25T23:53:14.897284-04:00	TRACKED_OR_UNMODIFIED	otro proceso: estudiantes extranjeros	SI	Inventario por ruta y metadatos; no inspecciona registros personales.
estudiantes_extranjeros_2026/resultados/ejecuciones/RECONSTRUCCION_FINAL_EXTRANJEROS_2025_20260625_235302/04_CONCILIACION/SOLO_PRECARGA.csv	SOLO_PRECARGA.csv	.csv	1833	2026-06-25T23:53:14.893796-04:00	TRACKED_OR_UNMODIFIED	precarga oficial o evidencia de precarga	SI	Inventario por ruta y metadatos; no inspecciona registros personales.
estudiantes_extranjeros_2026/resultados/ejecuciones/RECONSTRUCCION_FINAL_EXTRANJEROS_2025_20260625_235302/04_CONCILIACION/MULTICARRERA.csv	MULTICARRERA.csv	.csv	719	2026-06-25T23:53:14.893199-04:00	TRACKED_OR_UNMODIFIED	otro proceso: estudiantes extranjeros	SI	Inventario por ruta y metadatos; no inspecciona registros personales.
estudiantes_extranjeros_2026/resultados/ejecuciones/RECONSTRUCCION_FINAL_EXTRANJEROS_2025_20260625_235302/04_CONCILIACION/MULTICODCLI.csv	MULTICODCLI.csv	.csv	719	2026-06-25T23:53:14.892779-04:00	TRACKED_OR_UNMODIFIED	otro proceso: estudiantes extranjeros	SI	Inventario por ruta y metadatos; no inspecciona registros personales.
estudiantes_extranjeros_2026/resultados/ejecuciones/RECONSTRUCCION_FINAL_EXTRANJEROS_2025_20260625_235302/01_INVENTARIO/INVENTARIO_FUENTES.csv	INVENTARIO_FUENTES.csv	.csv	1184	2026-06-25T23:53:04.442672-04:00	TRACKED_OR_UNMODIFIED	otro proceso: estudiantes extranjeros	SI	Inventario por ruta y metadatos; no inspecciona registros personales.
estudiantes_extranjeros_2026/resultados/ejecuciones/RECONSTRUCCION_FINAL_EXTRANJEROS_2025_20260625_235302/00_CONTROL/ESTADO_ARCHIVOS_CRITICOS.csv	ESTADO_ARCHIVOS_CRITICOS.csv	.csv	2140	2026-06-25T23:53:02.892589-04:00	TRACKED_OR_UNMODIFIED	otro proceso: estudiantes extranjeros	SI	Inventario por ruta y metadatos; no inspecciona registros personales.
estudiantes_extranjeros_2026/resultados/ejecuciones/RECONSTRUCCION_FINAL_EXTRANJEROS_2025_20260625_235302/05_VIGENCIA/AVANCE_ACADEMICO_2025_POR_CODCLI.csv	AVANCE_ACADEMICO_2025_POR_CODCLI.csv	.csv	1167843	2026-06-25T23:53:15.274504-04:00	TRACKED_OR_UNMODIFIED	otro proceso: estudiantes extranjeros	SI	Inventario por ruta y metadatos; no inspecciona registros personales.
estudiantes_extranjeros_2026/resultados/ejecuciones/RECONSTRUCCION_FINAL_EXTRANJEROS_2025_20260625_235302/05_VIGENCIA/DETALLE_ESTADOS_HOJA1.csv	DETALLE_ESTADOS_HOJA1.csv	.csv	1643480	2026-06-25T23:53:15.311144-04:00	TRACKED_OR_UNMODIFIED	otro proceso: estudiantes extranjeros	SI	Inventario por ruta y metadatos; no inspecciona registros personales.
estudiantes_extranjeros_2026/resultados/ejecuciones/RECONSTRUCCION_FINAL_EXTRANJEROS_2025_20260625_235302/05_VIGENCIA/VIGENCIA_PENDIENTE.csv	VIGENCIA_PENDIENTE.csv	.csv	3914	2026-06-25T23:53:16.744758-04:00	TRACKED_OR_UNMODIFIED	otro proceso: estudiantes extranjeros	SI	Inventario por ruta y metadatos; no inspecciona registros personales.
estudiantes_extranjeros_2026/resultados/ejecuciones/RECONSTRUCCION_FINAL_EXTRANJEROS_2025_20260625_235302/05_VIGENCIA/RESUMEN_VIGENCIA.csv	RESUMEN_VIGENCIA.csv	.csv	98	2026-06-25T23:53:16.745567-04:00	TRACKED_OR_UNMODIFIED	otro proceso: estudiantes extranjeros	SI	Inventario por ruta y metadatos; no inspecciona registros personales.
estudiantes_extranjeros_2026/resultados/ejecuciones/RECONSTRUCCION_FINAL_EXTRANJEROS_2025_20260625_235302/05_VIGENCIA/CRUCE_HOJA1_DATOS_ALUMNOS.csv	CRUCE_HOJA1_DATOS_ALUMNOS.csv	.csv	1564969	2026-06-25T23:53:15.348649-04:00	TRACKED_OR_UNMODIFIED	otro proceso: estudiantes extranjeros	SI	Inventario por ruta y metadatos; no inspecciona registros personales.
estudiantes_extranjeros_2026/resultados/ejecuciones/RECONSTRUCCION_FINAL_EXTRANJEROS_2025_20260625_235302/05_VIGENCIA/DECISION_VIGENCIA_COMPLETA.csv	DECISION_VIGENCIA_COMPLETA.csv	.csv	51542	2026-06-25T23:53:16.740002-04:00	TRACKED_OR_UNMODIFIED	otro proceso: estudiantes extranjeros	SI	Inventario por ruta y metadatos; no inspecciona registros personales.
estudiantes_extranjeros_2026/resultados/ejecuciones/RECONSTRUCCION_FINAL_EXTRANJEROS_2025_20260625_235302/05_VIGENCIA/VIGENCIA_0.csv	VIGENCIA_0.csv	.csv	5309	2026-06-25T23:53:16.742513-04:00	TRACKED_OR_UNMODIFIED	otro proceso: estudiantes extranjeros	SI	Inventario por ruta y metadatos; no inspecciona registros personales.
estudiantes_extranjeros_2026/resultados/ejecuciones/RECONSTRUCCION_FINAL_EXTRANJEROS_2025_20260625_235302/05_VIGENCIA/VIGENCIA_1.csv	VIGENCIA_1.csv	.csv	42895	2026-06-25T23:53:16.743990-04:00	TRACKED_OR_UNMODIFIED	otro proceso: estudiantes extranjeros	SI	Inventario por ruta y metadatos; no inspecciona registros personales.
estudiantes_extranjeros_2026/resultados/ejecuciones/RECONSTRUCCION_FINAL_EXTRANJEROS_2025_20260625_234801/02_PRECARGA/RESUMEN_PRECARGA.csv	RESUMEN_PRECARGA.csv	.csv	719	2026-06-25T23:48:31.579040-04:00	TRACKED_OR_UNMODIFIED	precarga oficial o evidencia de precarga	SI	Inventario por ruta y metadatos; no inspecciona registros personales.
estudiantes_extranjeros_2026/resultados/ejecuciones/RECONSTRUCCION_FINAL_EXTRANJEROS_2025_20260625_234801/02_PRECARGA/DUPLICADOS_PRECARGA.csv	DUPLICADOS_PRECARGA.csv	.csv	511	2026-06-25T23:48:31.576097-04:00	TRACKED_OR_UNMODIFIED	precarga oficial o evidencia de precarga	SI	Inventario por ruta y metadatos; no inspecciona registros personales.
estudiantes_extranjeros_2026/resultados/ejecuciones/RECONSTRUCCION_FINAL_EXTRANJEROS_2025_20260625_234801/02_PRECARGA/PRECARGA_ORIGINAL_COPIA.csv	PRECARGA_ORIGINAL_COPIA.csv	.csv	19836	2026-06-18T11:10:19.430504-04:00	TRACKED_OR_UNMODIFIED	precarga oficial o evidencia de precarga	SI	Inventario por ruta y metadatos; no inspecciona registros personales.
estudiantes_extranjeros_2026/resultados/ejecuciones/RECONSTRUCCION_FINAL_EXTRANJEROS_2025_20260625_234801/02_PRECARGA/PRECARGA_NORMALIZADA_AUDITORIA.csv	PRECARGA_NORMALIZADA_AUDITORIA.csv	.csv	33239	2026-06-25T23:48:31.568172-04:00	TRACKED_OR_UNMODIFIED	precarga oficial o evidencia de precarga	SI	Inventario por ruta y metadatos; no inspecciona registros personales.
estudiantes_extranjeros_2026/resultados/ejecuciones/RECONSTRUCCION_FINAL_EXTRANJEROS_2025_20260625_234801/03_BASE_ACADEMICA/RESUMEN_BASE_ACADEMICA.csv	RESUMEN_BASE_ACADEMICA.csv	.csv	157	2026-06-25T23:48:39.779912-04:00	TRACKED_OR_UNMODIFIED	otro proceso: estudiantes extranjeros	SI	Inventario por ruta y metadatos; no inspecciona registros personales.
estudiantes_extranjeros_2026/resultados/ejecuciones/RECONSTRUCCION_FINAL_EXTRANJEROS_2025_20260625_234801/03_BASE_ACADEMICA/LINEA_TIEMPO_ACADEMICA.csv	LINEA_TIEMPO_ACADEMICA.csv	.csv	3340208	2026-06-25T23:48:39.778230-04:00	TRACKED_OR_UNMODIFIED	otro proceso: estudiantes extranjeros	SI	Inventario por ruta y metadatos; no inspecciona registros personales.
estudiantes_extranjeros_2026/resultados/ejecuciones/RECONSTRUCCION_FINAL_EXTRANJEROS_2025_20260625_234801/03_BASE_ACADEMICA/DATOS_ALUMNOS_2025_NORMALIZADA.csv	DATOS_ALUMNOS_2025_NORMALIZADA.csv	.csv	1557210	2026-06-25T23:48:39.708162-04:00	TRACKED_OR_UNMODIFIED	otro proceso: estudiantes extranjeros	SI	Inventario por ruta y metadatos; no inspecciona registros personales.
estudiantes_extranjeros_2026/resultados/ejecuciones/RECONSTRUCCION_FINAL_EXTRANJEROS_2025_20260625_234801/03_BASE_ACADEMICA/HOJA1_2025_NORMALIZADA.csv	HOJA1_2025_NORMALIZADA.csv	.csv	6277801	2026-06-25T23:48:39.676053-04:00	TRACKED_OR_UNMODIFIED	otro proceso: estudiantes extranjeros	SI	Inventario por ruta y metadatos; no inspecciona registros personales.
estudiantes_extranjeros_2026/resultados/ejecuciones/RECONSTRUCCION_FINAL_EXTRANJEROS_2025_20260625_234801/04_CONCILIACION/CONFLICTOS_IDENTIDAD.csv	CONFLICTOS_IDENTIDAD.csv	.csv	237	2026-06-25T23:48:40.985329-04:00	TRACKED_OR_UNMODIFIED	otro proceso: estudiantes extranjeros	SI	Inventario por ruta y metadatos; no inspecciona registros personales.
estudiantes_extranjeros_2026/resultados/ejecuciones/RECONSTRUCCION_FINAL_EXTRANJEROS_2025_20260625_234801/04_CONCILIACION/CONCILIACION_PRECARGA_BASE.csv	CONCILIACION_PRECARGA_BASE.csv	.csv	14010	2026-06-25T23:48:40.976097-04:00	TRACKED_OR_UNMODIFIED	precarga oficial o evidencia de precarga	SI	Inventario por ruta y metadatos; no inspecciona registros personales.
estudiantes_extranjeros_2026/resultados/ejecuciones/RECONSTRUCCION_FINAL_EXTRANJEROS_2025_20260625_234801/04_CONCILIACION/SOLO_BASE_INSTITUCIONAL.csv	SOLO_BASE_INSTITUCIONAL.csv	.csv	32186	2026-06-25T23:48:40.989613-04:00	TRACKED_OR_UNMODIFIED	otro proceso: estudiantes extranjeros	SI	Inventario por ruta y metadatos; no inspecciona registros personales.
estudiantes_extranjeros_2026/resultados/ejecuciones/RECONSTRUCCION_FINAL_EXTRANJEROS_2025_20260625_234801/04_CONCILIACION/SOLO_PRECARGA.csv	SOLO_PRECARGA.csv	.csv	14010	2026-06-25T23:48:40.986086-04:00	TRACKED_OR_UNMODIFIED	precarga oficial o evidencia de precarga	SI	Inventario por ruta y metadatos; no inspecciona registros personales.
estudiantes_extranjeros_2026/resultados/ejecuciones/RECONSTRUCCION_FINAL_EXTRANJEROS_2025_20260625_234801/04_CONCILIACION/MULTICARRERA.csv	MULTICARRERA.csv	.csv	237	2026-06-25T23:48:40.985157-04:00	TRACKED_OR_UNMODIFIED	otro proceso: estudiantes extranjeros	SI	Inventario por ruta y metadatos; no inspecciona registros personales.
estudiantes_extranjeros_2026/resultados/ejecuciones/RECONSTRUCCION_FINAL_EXTRANJEROS_2025_20260625_234801/04_CONCILIACION/MULTICODCLI.csv	MULTICODCLI.csv	.csv	237	2026-06-25T23:48:40.984971-04:00	TRACKED_OR_UNMODIFIED	otro proceso: estudiantes extranjeros	SI	Inventario por ruta y metadatos; no inspecciona registros personales.
estudiantes_extranjeros_2026/resultados/ejecuciones/RECONSTRUCCION_FINAL_EXTRANJEROS_2025_20260625_234801/01_INVENTARIO/INVENTARIO_FUENTES.csv	INVENTARIO_FUENTES.csv	.csv	1184	2026-06-25T23:48:30.764656-04:00	TRACKED_OR_UNMODIFIED	otro proceso: estudiantes extranjeros	SI	Inventario por ruta y metadatos; no inspecciona registros personales.
estudiantes_extranjeros_2026/resultados/ejecuciones/RECONSTRUCCION_FINAL_EXTRANJEROS_2025_20260625_234801/00_CONTROL/ESTADO_ARCHIVOS_CRITICOS.csv	ESTADO_ARCHIVOS_CRITICOS.csv	.csv	2140	2026-06-25T23:48:01.590828-04:00	TRACKED_OR_UNMODIFIED	otro proceso: estudiantes extranjeros	SI	Inventario por ruta y metadatos; no inspecciona registros personales.
estudiantes_extranjeros_2026/resultados/ejecuciones/RECONSTRUCCION_FINAL_EXTRANJEROS_2025_20260625_234801/05_VIGENCIA/AVANCE_ACADEMICO_2025_POR_CODCLI.csv	AVANCE_ACADEMICO_2025_POR_CODCLI.csv	.csv	1167843	2026-06-25T23:48:41.353759-04:00	TRACKED_OR_UNMODIFIED	otro proceso: estudiantes extranjeros	SI	Inventario por ruta y metadatos; no inspecciona registros personales.
estudiantes_extranjeros_2026/resultados/ejecuciones/RECONSTRUCCION_FINAL_EXTRANJEROS_2025_20260625_234801/05_VIGENCIA/DETALLE_ESTADOS_HOJA1.csv	DETALLE_ESTADOS_HOJA1.csv	.csv	1643480	2026-06-25T23:48:41.388934-04:00	TRACKED_OR_UNMODIFIED	otro proceso: estudiantes extranjeros	SI	Inventario por ruta y metadatos; no inspecciona registros personales.
estudiantes_extranjeros_2026/resultados/ejecuciones/RECONSTRUCCION_FINAL_EXTRANJEROS_2025_20260625_234801/05_VIGENCIA/VIGENCIA_PENDIENTE.csv	VIGENCIA_PENDIENTE.csv	.csv	27055	2026-06-25T23:48:42.566301-04:00	TRACKED_OR_UNMODIFIED	otro proceso: estudiantes extranjeros	SI	Inventario por ruta y metadatos; no inspecciona registros personales.
estudiantes_extranjeros_2026/resultados/ejecuciones/RECONSTRUCCION_FINAL_EXTRANJEROS_2025_20260625_234801/05_VIGENCIA/RESUMEN_VIGENCIA.csv	RESUMEN_VIGENCIA.csv	.csv	96	2026-06-25T23:48:42.567094-04:00	TRACKED_OR_UNMODIFIED	otro proceso: estudiantes extranjeros	SI	Inventario por ruta y metadatos; no inspecciona registros personales.
estudiantes_extranjeros_2026/resultados/ejecuciones/RECONSTRUCCION_FINAL_EXTRANJEROS_2025_20260625_234801/05_VIGENCIA/CRUCE_HOJA1_DATOS_ALUMNOS.csv	CRUCE_HOJA1_DATOS_ALUMNOS.csv	.csv	1564969	2026-06-25T23:48:41.427207-04:00	TRACKED_OR_UNMODIFIED	otro proceso: estudiantes extranjeros	SI	Inventario por ruta y metadatos; no inspecciona registros personales.
estudiantes_extranjeros_2026/resultados/ejecuciones/RECONSTRUCCION_FINAL_EXTRANJEROS_2025_20260625_234801/05_VIGENCIA/DECISION_VIGENCIA_COMPLETA.csv	DECISION_VIGENCIA_COMPLETA.csv	.csv	27055	2026-06-25T23:48:42.563814-04:00	TRACKED_OR_UNMODIFIED	otro proceso: estudiantes extranjeros	SI	Inventario por ruta y metadatos; no inspecciona registros personales.
estudiantes_extranjeros_2026/resultados/ejecuciones/RECONSTRUCCION_FINAL_EXTRANJEROS_2025_20260625_234801/05_VIGENCIA/VIGENCIA_0.csv	VIGENCIA_0.csv	.csv	288	2026-06-25T23:48:42.565017-04:00	TRACKED_OR_UNMODIFIED	otro proceso: estudiantes extranjeros	SI	Inventario por ruta y metadatos; no inspecciona registros personales.
estudiantes_extranjeros_2026/resultados/ejecuciones/RECONSTRUCCION_FINAL_EXTRANJEROS_2025_20260625_234801/05_VIGENCIA/VIGENCIA_1.csv	VIGENCIA_1.csv	.csv	288	2026-06-25T23:48:42.565224-04:00	TRACKED_OR_UNMODIFIED	otro proceso: estudiantes extranjeros	SI	Inventario por ruta y metadatos; no inspecciona registros personales.
estudiantes_extranjeros_2026/resultados/reportes/REPORTE_CONCILIACION_PRECARGA 2.md	REPORTE_CONCILIACION_PRECARGA 2.md	.md	2099	2026-06-18T11:18:24-04:00	TRACKED_OR_UNMODIFIED	precarga oficial o evidencia de precarga	NO_DETERMINADO	Inventario por ruta y metadatos; no inspecciona registros personales.
estudiantes_extranjeros_2026/resultados/reportes/PRUEBA_REPORTE_INCORPORACION_RESPUESTAS_SIN_RESPUESTAS 2.md	PRUEBA_REPORTE_INCORPORACION_RESPUESTAS_SIN_RESPUESTAS 2.md	.md	961	2026-06-18T09:12:18-04:00	TRACKED_OR_UNMODIFIED	otro proceso: estudiantes extranjeros	NO_DETERMINADO	Inventario por ruta y metadatos; no inspecciona registros personales.
estudiantes_extranjeros_2026/resultados/reportes/REPORTE_RESOLUCION_CODIGOS_SIES_V6 2.md	REPORTE_RESOLUCION_CODIGOS_SIES_V6 2.md	.md	8469	2026-06-25T14:12:14-04:00	TRACKED_OR_UNMODIFIED	otro proceso: estudiantes extranjeros	NO_DETERMINADO	Inventario por ruta y metadatos; no inspecciona registros personales.
estudiantes_extranjeros_2026/resultados/reportes/REPORTE_CIERRE_PENDIENTES_BASE_62 2.md	REPORTE_CIERRE_PENDIENTES_BASE_62 2.md	.md	4415	2026-06-24T13:56:20-04:00	TRACKED_OR_UNMODIFIED	otro proceso: estudiantes extranjeros	NO_DETERMINADO	Inventario por ruta y metadatos; no inspecciona registros personales.
estudiantes_extranjeros_2026/resultados/reportes/REPORTE_BUSQUEDA_FINAL_PENDIENTES_V3 2.md	REPORTE_BUSQUEDA_FINAL_PENDIENTES_V3 2.md	.md	7004	2026-06-24T19:57:21-04:00	TRACKED_OR_UNMODIFIED	otro proceso: estudiantes extranjeros	NO_DETERMINADO	Inventario por ruta y metadatos; no inspecciona registros personales.
estudiantes_extranjeros_2026/resultados/reportes/REPORTE_AUDITORIA_NACIONALIDAD_257 2.md	REPORTE_AUDITORIA_NACIONALIDAD_257 2.md	.md	2786	2026-06-23T14:14:49-04:00	TRACKED_OR_UNMODIFIED	otro proceso: estudiantes extranjeros	NO_DETERMINADO	Inventario por ruta y metadatos; no inspecciona registros personales.
estudiantes_extranjeros_2026/resultados/reportes/REPORTE_GOBERNANZA_COLUMNAS_EXTRANJEROS_2025 2.md	REPORTE_GOBERNANZA_COLUMNAS_EXTRANJEROS_2025 2.md	.md	6444	2026-06-24T18:02:43-04:00	TRACKED_OR_UNMODIFIED	otro proceso: estudiantes extranjeros	NO_DETERMINADO	Inventario por ruta y metadatos; no inspecciona registros personales.
estudiantes_extranjeros_2026/resultados/reportes/REPORTE_CALIDAD_BASE_MAESTRA 2.md	REPORTE_CALIDAD_BASE_MAESTRA 2.md	.md	2924	2026-06-18T09:12:18-04:00	TRACKED_OR_UNMODIFIED	otro proceso: estudiantes extranjeros	NO_DETERMINADO	Inventario por ruta y metadatos; no inspecciona registros personales.
estudiantes_extranjeros_2026/resultados/reportes/DIAGNOSTICO_PRECARGA_PES 2.md	DIAGNOSTICO_PRECARGA_PES 2.md	.md	498	2026-06-18T10:52:06-04:00	TRACKED_OR_UNMODIFIED	precarga oficial o evidencia de precarga	NO_DETERMINADO	Inventario por ruta y metadatos; no inspecciona registros personales.
estudiantes_extranjeros_2026/resultados/reportes/REPORTE_CORRECCION_UNIVERSO 2.md	REPORTE_CORRECCION_UNIVERSO 2.md	.md	2535	2026-06-18T10:52:06-04:00	TRACKED_OR_UNMODIFIED	otro proceso: estudiantes extranjeros	NO_DETERMINADO	Inventario por ruta y metadatos; no inspecciona registros personales.
estudiantes_extranjeros_2026/resultados/reportes/REPORTE_CORRECCION_GOBERNANZA_EXTRANJEROS_2025_V2 2.md	REPORTE_CORRECCION_GOBERNANZA_EXTRANJEROS_2025_V2 2.md	.md	6076	2026-06-24T18:29:40-04:00	TRACKED_OR_UNMODIFIED	otro proceso: estudiantes extranjeros	NO_DETERMINADO	Inventario por ruta y metadatos; no inspecciona registros personales.
estudiantes_extranjeros_2026/resultados/reportes/DIAGNOSTICO_257_REGISTROS 2.txt	DIAGNOSTICO_257_REGISTROS 2.txt	.txt	145879	2026-06-23T13:30:28-04:00	TRACKED_OR_UNMODIFIED	otro proceso: estudiantes extranjeros	NO_DETERMINADO	Inventario por ruta y metadatos; no inspecciona registros personales.
estudiantes_extranjeros_2026/resultados/reportes/REPORTE_REGLAS_INSTITUCIONALES_EXTRANJEROS_V4 2.md	REPORTE_REGLAS_INSTITUCIONALES_EXTRANJEROS_V4 2.md	.md	8804	2026-06-25T11:51:42-04:00	TRACKED_OR_UNMODIFIED	otro proceso: estudiantes extranjeros	NO_DETERMINADO	Inventario por ruta y metadatos; no inspecciona registros personales.
estudiantes_extranjeros_2026/resultados/reportes/DIAGNOSTICO_PRECARGA_PES_CON_PRECARGA_OFICIAL 2.md	DIAGNOSTICO_PRECARGA_PES_CON_PRECARGA_OFICIAL 2.md	.md	460	2026-06-18T11:18:24-04:00	TRACKED_OR_UNMODIFIED	precarga oficial o evidencia de precarga	NO_DETERMINADO	Inventario por ruta y metadatos; no inspecciona registros personales.
estudiantes_extranjeros_2026/resultados/reportes/REPORTE_FASE_4_CRUCES 2.md	REPORTE_FASE_4_CRUCES 2.md	.md	4929	2026-06-18T11:55:40-04:00	TRACKED_OR_UNMODIFIED	otro proceso: estudiantes extranjeros	NO_DETERMINADO	Inventario por ruta y metadatos; no inspecciona registros personales.
estudiantes_extranjeros_2026/resultados/reportes/IDENTIFICACION_MATRICULA_OFICIAL_2025 2.md	IDENTIFICACION_MATRICULA_OFICIAL_2025 2.md	.md	1548	2026-06-18T10:52:06-04:00	TRACKED_OR_UNMODIFIED	otro proceso: estudiantes extranjeros	NO_DETERMINADO	Inventario por ruta y metadatos; no inspecciona registros personales.
estudiantes_extranjeros_2026/resultados/reportes/DIAGNOSTICO_ESTUDIANTES_INTERCAMBIO_2025 2.md	DIAGNOSTICO_ESTUDIANTES_INTERCAMBIO_2025 2.md	.md	399	2026-06-18T10:52:06-04:00	TRACKED_OR_UNMODIFIED	otro proceso: estudiantes extranjeros	NO_DETERMINADO	Inventario por ruta y metadatos; no inspecciona registros personales.
estudiantes_extranjeros_2026/resultados/reportes/REPORTE_EJECUCION_FASE2_FINAL 2.md	REPORTE_EJECUCION_FASE2_FINAL 2.md	.md	3904	2026-06-18T09:14:30-04:00	TRACKED_OR_UNMODIFIED	otro proceso: estudiantes extranjeros	NO_DETERMINADO	Inventario por ruta y metadatos; no inspecciona registros personales.
estudiantes_extranjeros_2026/resultados/reportes/REPORTE_DIAGNOSTICO_INICIAL 2.md	REPORTE_DIAGNOSTICO_INICIAL 2.md	.md	8934	2026-06-18T08:47:39-04:00	TRACKED_OR_UNMODIFIED	otro proceso: estudiantes extranjeros	NO_DETERMINADO	Inventario por ruta y metadatos; no inspecciona registros personales.
estudiantes_extranjeros_2026/resultados/reportes/REPORTE_BASE_MAESTRA_FASE2 2.md	REPORTE_BASE_MAESTRA_FASE2 2.md	.md	2846	2026-06-18T09:12:09-04:00	TRACKED_OR_UNMODIFIED	otro proceso: estudiantes extranjeros	NO_DETERMINADO	Inventario por ruta y metadatos; no inspecciona registros personales.
estudiantes_extranjeros_2026/resultados/pes/EXTRANJEROS_REGULARES_2025_FINAL_PES_20260625_195439 2.csv	EXTRANJEROS_REGULARES_2025_FINAL_PES_20260625_195439 2.csv	.csv	6193	2026-06-25T21:57:41-04:00	TRACKED_OR_UNMODIFIED	otro proceso: estudiantes extranjeros	SI	Inventario por ruta y metadatos; no inspecciona registros personales.
estudiantes_extranjeros_2026/resultados/gestion/NOMINA_LEVANTAMIENTO_PENDIENTES_EXTRANJEROS_2025.xlsx	NOMINA_LEVANTAMIENTO_PENDIENTES_EXTRANJEROS_2025.xlsx	.xlsx	31589	2026-06-24T19:57:21.175824-04:00	TRACKED_OR_UNMODIFIED	otro proceso: estudiantes extranjeros	SI	Inventario por ruta y metadatos; no inspecciona registros personales.
estudiantes_extranjeros_2026/resultados/gestion/NOMINA_PENDIENTES_EXTRANJEROS_2025_V4.xlsx	NOMINA_PENDIENTES_EXTRANJEROS_2025_V4.xlsx	.xlsx	13160	2026-06-25T11:51:41.488043-04:00	TRACKED_OR_UNMODIFIED	otro proceso: estudiantes extranjeros	SI	Inventario por ruta y metadatos; no inspecciona registros personales.
estudiantes_extranjeros_2026/resultados/auditorias/MATRIZ_MAPEO_INICIAL.csv	MATRIZ_MAPEO_INICIAL.csv	.csv	15652	2026-06-18T08:47:39.821894-04:00	TRACKED_OR_UNMODIFIED	otro proceso: estudiantes extranjeros	SI	Inventario por ruta y metadatos; no inspecciona registros personales.
estudiantes_extranjeros_2026/resultados/auditorias/MAPEO_COLUMNAS_BASE_CONGELADA_62.csv	MAPEO_COLUMNAS_BASE_CONGELADA_62.csv	.csv	1461	2026-06-24T13:34:16.233210-04:00	TRACKED_OR_UNMODIFIED	otro proceso: estudiantes extranjeros	SI	Inventario por ruta y metadatos; no inspecciona registros personales.
estudiantes_extranjeros_2026/resultados/auditorias/AUDITORIA_NACIONALIDAD_V6.csv	AUDITORIA_NACIONALIDAD_V6.csv	.csv	100	2026-06-25T14:12:13.667101-04:00	TRACKED_OR_UNMODIFIED	otro proceso: estudiantes extranjeros	SI	Inventario por ruta y metadatos; no inspecciona registros personales.
estudiantes_extranjeros_2026/resultados/auditorias/RESOLUCION_CONFLICTOS_EXPLICITOS.csv	RESOLUCION_CONFLICTOS_EXPLICITOS.csv	.csv	8154	2026-06-18T11:55:40.789837-04:00	TRACKED_OR_UNMODIFIED	otro proceso: estudiantes extranjeros	SI	Inventario por ruta y metadatos; no inspecciona registros personales.
estudiantes_extranjeros_2026/resultados/auditorias/CRUCE_1_PRECARGA_CONFIRMADA.csv	CRUCE_1_PRECARGA_CONFIRMADA.csv	.csv	20344	2026-06-18T11:55:40.781660-04:00	TRACKED_OR_UNMODIFIED	precarga oficial o evidencia de precarga	SI	Inventario por ruta y metadatos; no inspecciona registros personales.
estudiantes_extranjeros_2026/resultados/auditorias/RESOLUCION_RONALD_ANIO_INGRESO_V5.csv	RESOLUCION_RONALD_ANIO_INGRESO_V5.csv	.csv	2814	2026-06-25T12:16:07.331389-04:00	TRACKED_OR_UNMODIFIED	otro proceso: estudiantes extranjeros	SI	Inventario por ruta y metadatos; no inspecciona registros personales.
estudiantes_extranjeros_2026/resultados/auditorias/CONFLICTOS_IDENTIFICADORES_Y_CRUCES.csv	CONFLICTOS_IDENTIFICADORES_Y_CRUCES.csv	.csv	3874	2026-06-18T08:47:39.829069-04:00	TRACKED_OR_UNMODIFIED	otro proceso: estudiantes extranjeros	SI	Inventario por ruta y metadatos; no inspecciona registros personales.
estudiantes_extranjeros_2026/resultados/auditorias/RESOLUCION_4_SIN_EVIDENCIA_2025.csv	RESOLUCION_4_SIN_EVIDENCIA_2025.csv	.csv	1717	2026-06-24T13:54:41.243451-04:00	TRACKED_OR_UNMODIFIED	otro proceso: estudiantes extranjeros	SI	Inventario por ruta y metadatos; no inspecciona registros personales.
estudiantes_extranjeros_2026/resultados/auditorias/JERARQUIA_FUENTES_MATRICULA_2025.csv	JERARQUIA_FUENTES_MATRICULA_2025.csv	.csv	1193	2026-06-18T10:52:06.443492-04:00	TRACKED_OR_UNMODIFIED	otro proceso: estudiantes extranjeros	SI	Inventario por ruta y metadatos; no inspecciona registros personales.
estudiantes_extranjeros_2026/resultados/auditorias/MANIFIESTO_ARCHIVOS.csv	MANIFIESTO_ARCHIVOS.csv	.csv	3546	2026-06-18T08:47:39.836014-04:00	TRACKED_OR_UNMODIFIED	otro proceso: estudiantes extranjeros	SI	Inventario por ruta y metadatos; no inspecciona registros personales.
estudiantes_extranjeros_2026/resultados/auditorias/CONTROL_CAMBIOS_CIERRE_PENDIENTES_62.csv	CONTROL_CAMBIOS_CIERRE_PENDIENTES_62.csv	.csv	3494	2026-06-24T13:56:44.549747-04:00	TRACKED_OR_UNMODIFIED	otro proceso: estudiantes extranjeros	SI	Inventario por ruta y metadatos; no inspecciona registros personales.
estudiantes_extranjeros_2026/resultados/auditorias/CRUCE_4_MISMA_PERSONA_DISTINTA_CARRERA.csv	CRUCE_4_MISMA_PERSONA_DISTINTA_CARRERA.csv	.csv	23903	2026-06-18T11:55:40.788881-04:00	TRACKED_OR_UNMODIFIED	otro proceso: estudiantes extranjeros	SI	Inventario por ruta y metadatos; no inspecciona registros personales.
estudiantes_extranjeros_2026/resultados/auditorias/REVISION_CORRECCIONES_EXTRANJEROS_V5.xlsx	REVISION_CORRECCIONES_EXTRANJEROS_V5.xlsx	.xlsx	143068	2026-06-25T12:16:10.117694-04:00	TRACKED_OR_UNMODIFIED	otro proceso: estudiantes extranjeros	SI	Inventario por ruta y metadatos; no inspecciona registros personales.
estudiantes_extranjeros_2026/resultados/auditorias/NORMALIZACION_COMUN_DEPURACION_4_CRUCES.csv	NORMALIZACION_COMUN_DEPURACION_4_CRUCES.csv	.csv	291101	2026-06-18T11:55:40.780192-04:00	TRACKED_OR_UNMODIFIED	otro proceso: estudiantes extranjeros	SI	Inventario por ruta y metadatos; no inspecciona registros personales.
estudiantes_extranjeros_2026/resultados/auditorias/COMPARACION_UNIVERSO_ANTERIOR_VS_CORREGIDO.csv	COMPARACION_UNIVERSO_ANTERIOR_VS_CORREGIDO.csv	.csv	6962	2026-06-18T10:52:06.445093-04:00	TRACKED_OR_UNMODIFIED	otro proceso: estudiantes extranjeros	SI	Inventario por ruta y metadatos; no inspecciona registros personales.
estudiantes_extranjeros_2026/resultados/auditorias/NOMINA_GESTION_MANUAL_DETALLE_FASE2.csv	NOMINA_GESTION_MANUAL_DETALLE_FASE2.csv	.csv	19941	2026-06-18T09:12:09.386883-04:00	TRACKED_OR_UNMODIFIED	fuente normativa	SI	Inventario por ruta y metadatos; no inspecciona registros personales.
estudiantes_extranjeros_2026/resultados/auditorias/RESOLUCION_3_VIGENCIAS_V3.csv	RESOLUCION_3_VIGENCIAS_V3.csv	.csv	1310	2026-06-24T19:57:20.871736-04:00	TRACKED_OR_UNMODIFIED	otro proceso: estudiantes extranjeros	SI	Inventario por ruta y metadatos; no inspecciona registros personales.
estudiantes_extranjeros_2026/resultados/auditorias/CANDIDATOS_MAPEO_63_VS_20_COLUMNAS_OFICIALES.csv	CANDIDATOS_MAPEO_63_VS_20_COLUMNAS_OFICIALES.csv	.csv	11028	2026-06-24T18:13:40.992483-04:00	TRACKED_OR_UNMODIFIED	otro proceso: estudiantes extranjeros	SI	Inventario por ruta y metadatos; no inspecciona registros personales.
estudiantes_extranjeros_2026/resultados/auditorias/VALIDACION_CODIGOS_SIES_V6.csv	VALIDACION_CODIGOS_SIES_V6.csv	.csv	806	2026-06-25T14:12:13.692229-04:00	TRACKED_OR_UNMODIFIED	otro proceso: estudiantes extranjeros	SI	Inventario por ruta y metadatos; no inspecciona registros personales.
estudiantes_extranjeros_2026/resultados/auditorias/CONTROL_CAMBIOS_GOBERNANZA_COLUMNAS.csv	CONTROL_CAMBIOS_GOBERNANZA_COLUMNAS.csv	.csv	13734	2026-06-24T18:02:43.256423-04:00	TRACKED_OR_UNMODIFIED	otro proceso: estudiantes extranjeros	SI	Inventario por ruta y metadatos; no inspecciona registros personales.
estudiantes_extranjeros_2026/resultados/auditorias/RESOLUCION_11_CODIGOS_SIES_DESDE_MATRICULA_UNIFICADA.csv	RESOLUCION_11_CODIGOS_SIES_DESDE_MATRICULA_UNIFICADA.csv	.csv	4100	2026-06-25T12:16:07.042844-04:00	TRACKED_OR_UNMODIFIED	otro proceso: estudiantes extranjeros	SI	Inventario por ruta y metadatos; no inspecciona registros personales.
estudiantes_extranjeros_2026/resultados/auditorias/CONCILIACION_62_CONGELADOS_VS_257.csv	CONCILIACION_62_CONGELADOS_VS_257.csv	.csv	38328	2026-06-24T13:34:16.236387-04:00	TRACKED_OR_UNMODIFIED	otro proceso: estudiantes extranjeros	SI	Inventario por ruta y metadatos; no inspecciona registros personales.
estudiantes_extranjeros_2026/resultados/auditorias/RESOLUCION_DUPLICIDADES_DOCUMENTALES.csv	RESOLUCION_DUPLICIDADES_DOCUMENTALES.csv	.csv	2808	2026-06-18T11:55:40.789296-04:00	TRACKED_OR_UNMODIFIED	otro proceso: estudiantes extranjeros	SI	Inventario por ruta y metadatos; no inspecciona registros personales.
estudiantes_extranjeros_2026/resultados/auditorias/INVENTARIO_FUENTES_EXISTENTES.csv	INVENTARIO_FUENTES_EXISTENTES.csv	.csv	2598834	2026-06-18T08:47:39.820985-04:00	TRACKED_OR_UNMODIFIED	otro proceso: estudiantes extranjeros	SI	Inventario por ruta y metadatos; no inspecciona registros personales.
estudiantes_extranjeros_2026/resultados/auditorias/METADATA_BASE_EXTRANJEROS_CONGELADA.csv	METADATA_BASE_EXTRANJEROS_CONGELADA.csv	.csv	1073	2026-06-24T13:14:07.815963-04:00	TRACKED_OR_UNMODIFIED	otro proceso: estudiantes extranjeros	SI	Inventario por ruta y metadatos; no inspecciona registros personales.
estudiantes_extranjeros_2026/resultados/auditorias/VALIDACION_GOBERNANZA_EXTRANJEROS_2025_V2.csv	VALIDACION_GOBERNANZA_EXTRANJEROS_2025_V2.csv	.csv	929	2026-06-24T18:29:39.761464-04:00	TRACKED_OR_UNMODIFIED	otro proceso: estudiantes extranjeros	SI	Inventario por ruta y metadatos; no inspecciona registros personales.
estudiantes_extranjeros_2026/resultados/auditorias/UNIVERSO_CANDIDATOS_EXTRANJEROS_2025.csv	UNIVERSO_CANDIDATOS_EXTRANJEROS_2025.csv	.csv	10778	2026-06-18T09:12:09.381504-04:00	TRACKED_OR_UNMODIFIED	otro proceso: estudiantes extranjeros	SI	Inventario por ruta y metadatos; no inspecciona registros personales.
estudiantes_extranjeros_2026/resultados/auditorias/CONTROL_CAMBIOS.csv	CONTROL_CAMBIOS.csv	.csv	3546	2026-06-18T08:47:39.833152-04:00	TRACKED_OR_UNMODIFIED	otro proceso: estudiantes extranjeros	SI	Inventario por ruta y metadatos; no inspecciona registros personales.
estudiantes_extranjeros_2026/resultados/auditorias/VALIDACION_BUSQUEDA_FINAL_PENDIENTES_V3.csv	VALIDACION_BUSQUEDA_FINAL_PENDIENTES_V3.csv	.csv	1508	2026-06-24T19:57:21.183333-04:00	TRACKED_OR_UNMODIFIED	otro proceso: estudiantes extranjeros	SI	Inventario por ruta y metadatos; no inspecciona registros personales.
estudiantes_extranjeros_2026/resultados/auditorias/VALIDACION_GOBERNANZA_COLUMNAS_EXTRANJEROS_2025.csv	VALIDACION_GOBERNANZA_COLUMNAS_EXTRANJEROS_2025.csv	.csv	1929	2026-06-24T18:01:32.756654-04:00	TRACKED_OR_UNMODIFIED	otro proceso: estudiantes extranjeros	SI	Inventario por ruta y metadatos; no inspecciona registros personales.
estudiantes_extranjeros_2026/resultados/auditorias/APLICACION_RESIDENCIA_0_PAIS_ORIGEN_VACIO_V4.csv	APLICACION_RESIDENCIA_0_PAIS_ORIGEN_VACIO_V4.csv	.csv	22454	2026-06-25T11:51:40.807231-04:00	TRACKED_OR_UNMODIFIED	otro proceso: estudiantes extranjeros	SI	Inventario por ruta y metadatos; no inspecciona registros personales.
estudiantes_extranjeros_2026/resultados/auditorias/COBERTURA_POST_4_CRUCES.csv	COBERTURA_POST_4_CRUCES.csv	.csv	16314	2026-06-18T11:55:40.938841-04:00	TRACKED_OR_UNMODIFIED	otro proceso: estudiantes extranjeros	SI	Inventario por ruta y metadatos; no inspecciona registros personales.
estudiantes_extranjeros_2026/resultados/auditorias/VALIDACION_CORRECCIONES_V5.csv	VALIDACION_CORRECCIONES_V5.csv	.csv	625	2026-06-25T12:16:09.897288-04:00	TRACKED_OR_UNMODIFIED	otro proceso: estudiantes extranjeros	SI	Inventario por ruta y metadatos; no inspecciona registros personales.
estudiantes_extranjeros_2026/resultados/auditorias/MANIFIESTO_ARCHIVOS_FASE2.csv	MANIFIESTO_ARCHIVOS_FASE2.csv	.csv	3632	2026-06-18T09:12:09.424080-04:00	TRACKED_OR_UNMODIFIED	otro proceso: estudiantes extranjeros	SI	Inventario por ruta y metadatos; no inspecciona registros personales.
estudiantes_extranjeros_2026/resultados/auditorias/CRUCE_3_SOLO_MATRICULA_LOCAL_2025.csv	CRUCE_3_SOLO_MATRICULA_LOCAL_2025.csv	.csv	21358	2026-06-18T11:55:40.787678-04:00	TRACKED_OR_UNMODIFIED	otro proceso: estudiantes extranjeros	SI	Inventario por ruta y metadatos; no inspecciona registros personales.
estudiantes_extranjeros_2026/resultados/auditorias/MATRIZ_FUENTES_20_COLUMNAS_OFICIALES.csv	MATRIZ_FUENTES_20_COLUMNAS_OFICIALES.csv	.csv	35329	2026-06-24T18:29:39.734270-04:00	TRACKED_OR_UNMODIFIED	otro proceso: estudiantes extranjeros	SI	Inventario por ruta y metadatos; no inspecciona registros personales.
estudiantes_extranjeros_2026/resultados/auditorias/AUDITORIA_GENERACION_EXCEL_NACIONALIDAD_257.csv	AUDITORIA_GENERACION_EXCEL_NACIONALIDAD_257.csv	.csv	1482	2026-06-23T14:14:49.395236-04:00	TRACKED_OR_UNMODIFIED	otro proceso: estudiantes extranjeros	SI	Inventario por ruta y metadatos; no inspecciona registros personales.
estudiantes_extranjeros_2026/resultados/auditorias/INSPECCION_COMPLETA_3_CODCLI_EN_ARCHIVOS_SIES.csv	INSPECCION_COMPLETA_3_CODCLI_EN_ARCHIVOS_SIES.csv	.csv	426122	2026-06-25T13:46:45.062710-04:00	TRACKED_OR_UNMODIFIED	otro proceso: estudiantes extranjeros	SI	Inventario por ruta y metadatos; no inspecciona registros personales.
estudiantes_extranjeros_2026/resultados/auditorias/RESOLUCION_1_NACIONALIDAD_V3.csv	RESOLUCION_1_NACIONALIDAD_V3.csv	.csv	431	2026-06-24T19:57:20.873217-04:00	TRACKED_OR_UNMODIFIED	otro proceso: estudiantes extranjeros	SI	Inventario por ruta y metadatos; no inspecciona registros personales.
estudiantes_extranjeros_2026/resultados/auditorias/BRECHAS_DATOS_CRITICOS.csv	BRECHAS_DATOS_CRITICOS.csv	.csv	688	2026-06-18T08:47:39.827665-04:00	TRACKED_OR_UNMODIFIED	otro proceso: estudiantes extranjeros	SI	Inventario por ruta y metadatos; no inspecciona registros personales.
estudiantes_extranjeros_2026/resultados/auditorias/RESOLUCION_CODIGO_UNICO.csv	RESOLUCION_CODIGO_UNICO.csv	.csv	12159	2026-06-18T09:12:09.385571-04:00	TRACKED_OR_UNMODIFIED	otro proceso: estudiantes extranjeros	SI	Inventario por ruta y metadatos; no inspecciona registros personales.
estudiantes_extranjeros_2026/resultados/auditorias/GOBERNANZA_COLUMNAS_EXTRANJEROS_2025.xlsx	GOBERNANZA_COLUMNAS_EXTRANJEROS_2025.xlsx	.xlsx	303797	2026-06-24T18:01:33.411396-04:00	TRACKED_OR_UNMODIFIED	otro proceso: estudiantes extranjeros	SI	Inventario por ruta y metadatos; no inspecciona registros personales.
estudiantes_extranjeros_2026/resultados/auditorias/RESOLUCION_19_COINCIDENCIAS_MULTIPLES.csv	RESOLUCION_19_COINCIDENCIAS_MULTIPLES.csv	.csv	3773	2026-06-24T13:54:41.244090-04:00	TRACKED_OR_UNMODIFIED	otro proceso: estudiantes extranjeros	SI	Inventario por ruta y metadatos; no inspecciona registros personales.
estudiantes_extranjeros_2026/resultados/auditorias/DICCIONARIO_BASE_EXTRANJEROS_CONGELADA.csv	DICCIONARIO_BASE_EXTRANJEROS_CONGELADA.csv	.csv	6202	2026-06-24T13:14:07.815523-04:00	TRACKED_OR_UNMODIFIED	otro proceso: estudiantes extranjeros	SI	Inventario por ruta y metadatos; no inspecciona registros personales.
estudiantes_extranjeros_2026/resultados/auditorias/INSPECCION_PROMEDIOS_ALUMNOS_DATOS_PERSONALES.csv	INSPECCION_PROMEDIOS_ALUMNOS_DATOS_PERSONALES.csv	.csv	4824	2026-06-23T14:14:40.043904-04:00	TRACKED_OR_UNMODIFIED	otro proceso: estudiantes extranjeros	SI	Inventario por ruta y metadatos; no inspecciona registros personales.
estudiantes_extranjeros_2026/resultados/auditorias/COPIAS_ESCRITORIO_REGLAS_INSTITUCIONALES_V4.csv	COPIAS_ESCRITORIO_REGLAS_INSTITUCIONALES_V4.csv	.csv	3030	2026-06-25T11:51:42.547428-04:00	TRACKED_OR_UNMODIFIED	otro proceso: estudiantes extranjeros	SI	Inventario por ruta y metadatos; no inspecciona registros personales.
estudiantes_extranjeros_2026/resultados/auditorias/CONCILIACION_TRAZABLE_BASE_62_VS_UNIVERSO_257.xlsx	CONCILIACION_TRAZABLE_BASE_62_VS_UNIVERSO_257.xlsx	.xlsx	159769	2026-06-24T13:34:16.451731-04:00	TRACKED_OR_UNMODIFIED	otro proceso: estudiantes extranjeros	SI	Inventario por ruta y metadatos; no inspecciona registros personales.
estudiantes_extranjeros_2026/resultados/auditorias/MANIFIESTO_ARCHIVOS_CORRECCION_UNIVERSO.csv	MANIFIESTO_ARCHIVOS_CORRECCION_UNIVERSO.csv	.csv	3710	2026-06-18T10:52:06.539261-04:00	TRACKED_OR_UNMODIFIED	otro proceso: estudiantes extranjeros	SI	Inventario por ruta y metadatos; no inspecciona registros personales.
estudiantes_extranjeros_2026/resultados/auditorias/RESOLUCION_3_CODIGOS_SIES_V6.csv	RESOLUCION_3_CODIGOS_SIES_V6.csv	.csv	1277	2026-06-25T14:12:13.479856-04:00	TRACKED_OR_UNMODIFIED	otro proceso: estudiantes extranjeros	SI	Inventario por ruta y metadatos; no inspecciona registros personales.
estudiantes_extranjeros_2026/resultados/auditorias/RESOLUCION_12_INGRESO_CARRERA_ORIGEN_V3.csv	RESOLUCION_12_INGRESO_CARRERA_ORIGEN_V3.csv	.csv	2135	2026-06-24T19:57:20.870631-04:00	TRACKED_OR_UNMODIFIED	otro proceso: estudiantes extranjeros	SI	Inventario por ruta y metadatos; no inspecciona registros personales.
estudiantes_extranjeros_2026/resultados/auditorias/REGISTROS_195_NO_INCLUIDOS_RESUELTOS.csv	REGISTROS_195_NO_INCLUIDOS_RESUELTOS.csv	.csv	78650	2026-06-24T13:54:41.246510-04:00	TRACKED_OR_UNMODIFIED	otro proceso: estudiantes extranjeros	SI	Inventario por ruta y metadatos; no inspecciona registros personales.
estudiantes_extranjeros_2026/resultados/auditorias/REVISION_CODIGOS_SIES_EXTRANJEROS_V6.xlsx	REVISION_CODIGOS_SIES_EXTRANJEROS_V6.xlsx	.xlsx	203729	2026-06-25T14:12:14.034147-04:00	TRACKED_OR_UNMODIFIED	otro proceso: estudiantes extranjeros	SI	Inventario por ruta y metadatos; no inspecciona registros personales.
estudiantes_extranjeros_2026/resultados/auditorias/AUDITORIA_CRUCES_BASE_MAESTRA.csv	AUDITORIA_CRUCES_BASE_MAESTRA.csv	.csv	1123	2026-06-18T09:12:09.385009-04:00	TRACKED_OR_UNMODIFIED	otro proceso: estudiantes extranjeros	SI	Inventario por ruta y metadatos; no inspecciona registros personales.
estudiantes_extranjeros_2026/resultados/auditorias/RESOLUCION_2_CODIGOS_SIES_V6.csv	RESOLUCION_2_CODIGOS_SIES_V6.csv	.csv	12303	2026-06-25T14:12:13.478812-04:00	TRACKED_OR_UNMODIFIED	otro proceso: estudiantes extranjeros	SI	Inventario por ruta y metadatos; no inspecciona registros personales.
estudiantes_extranjeros_2026/resultados/auditorias/RESOLUCION_RESIDENCIA_PAIS_ORIGEN_V3.csv	RESOLUCION_RESIDENCIA_PAIS_ORIGEN_V3.csv	.csv	22206	2026-06-24T19:57:20.867160-04:00	TRACKED_OR_UNMODIFIED	otro proceso: estudiantes extranjeros	SI	Inventario por ruta y metadatos; no inspecciona registros personales.
estudiantes_extranjeros_2026/resultados/auditorias/REVISION_COMPLETA_63_COLUMNAS_BASE_CONGELADA.csv	REVISION_COMPLETA_63_COLUMNAS_BASE_CONGELADA.csv	.csv	17442	2026-06-24T18:13:40.989841-04:00	TRACKED_OR_UNMODIFIED	otro proceso: estudiantes extranjeros	SI	Inventario por ruta y metadatos; no inspecciona registros personales.
estudiantes_extranjeros_2026/resultados/auditorias/RESOLUCION_124_NO_SELECCIONADOS.csv	RESOLUCION_124_NO_SELECCIONADOS.csv	.csv	44778	2026-06-24T13:54:41.245009-04:00	TRACKED_OR_UNMODIFIED	otro proceso: estudiantes extranjeros	SI	Inventario por ruta y metadatos; no inspecciona registros personales.
estudiantes_extranjeros_2026/resultados/auditorias/CANDIDATOS_19_COINCIDENCIAS_MULTIPLES.csv	CANDIDATOS_19_COINCIDENCIAS_MULTIPLES.csv	.csv	15544	2026-06-24T13:54:41.243914-04:00	TRACKED_OR_UNMODIFIED	otro proceso: estudiantes extranjeros	SI	Inventario por ruta y metadatos; no inspecciona registros personales.
estudiantes_extranjeros_2026/resultados/auditorias/COBERTURA_GOBERNANZA_REGISTROS_62.csv	COBERTURA_GOBERNANZA_REGISTROS_62.csv	.csv	11404	2026-06-24T18:01:31.847730-04:00	TRACKED_OR_UNMODIFIED	otro proceso: estudiantes extranjeros	SI	Inventario por ruta y metadatos; no inspecciona registros personales.
estudiantes_extranjeros_2026/resultados/auditorias/RESOLUCION_NACIONALIDAD_AMBIGUA_62.csv	RESOLUCION_NACIONALIDAD_AMBIGUA_62.csv	.csv	1241	2026-06-24T13:54:41.243302-04:00	TRACKED_OR_UNMODIFIED	otro proceso: estudiantes extranjeros	SI	Inventario por ruta y metadatos; no inspecciona registros personales.
estudiantes_extranjeros_2026/resultados/auditorias/UNIVERSO_PENDIENTES_CIERRE_BASE_62.csv	UNIVERSO_PENDIENTES_CIERRE_BASE_62.csv	.csv	45298	2026-06-24T13:54:41.242699-04:00	TRACKED_OR_UNMODIFIED	otro proceso: estudiantes extranjeros	SI	Inventario por ruta y metadatos; no inspecciona registros personales.
estudiantes_extranjeros_2026/resultados/auditorias/INVENTARIO_DICCIONARIOS_CODIGO_UNICO_EXISTENTES.csv	INVENTARIO_DICCIONARIOS_CODIGO_UNICO_EXISTENTES.csv	.csv	2528318	2026-06-25T13:33:53.673977-04:00	TRACKED_OR_UNMODIFIED	otro proceso: estudiantes extranjeros	SI	Inventario por ruta y metadatos; no inspecciona registros personales.
estudiantes_extranjeros_2026/resultados/auditorias/CIERRE_TRAZABLE_PENDIENTES_BASE_62.xlsx	CIERRE_TRAZABLE_PENDIENTES_BASE_62.xlsx	.xlsx	214757	2026-06-24T13:54:41.497230-04:00	TRACKED_OR_UNMODIFIED	otro proceso: estudiantes extranjeros	SI	Inventario por ruta y metadatos; no inspecciona registros personales.
estudiantes_extranjeros_2026/resultados/auditorias/METADATA_FASE_DEPURACION_4_CRUCES.csv	METADATA_FASE_DEPURACION_4_CRUCES.csv	.csv	5039	2026-06-18T11:55:40.753536-04:00	TRACKED_OR_UNMODIFIED	otro proceso: estudiantes extranjeros	SI	Inventario por ruta y metadatos; no inspecciona registros personales.
estudiantes_extranjeros_2026/resultados/auditorias/METADATA_PRECARGA_PES.csv	METADATA_PRECARGA_PES.csv	.csv	1135	2026-06-18T11:18:24.775558-04:00	TRACKED_OR_UNMODIFIED	precarga oficial o evidencia de precarga	SI	Inventario por ruta y metadatos; no inspecciona registros personales.
estudiantes_extranjeros_2026/resultados/auditorias/COMPARACION_GOBERNANZA_V1_VS_V2.csv	COMPARACION_GOBERNANZA_V1_VS_V2.csv	.csv	1731	2026-06-24T18:29:39.736342-04:00	TRACKED_OR_UNMODIFIED	otro proceso: estudiantes extranjeros	SI	Inventario por ruta y metadatos; no inspecciona registros personales.
estudiantes_extranjeros_2026/resultados/auditorias/REVISION_104_REGISTROS_CONTRA_PRECARGA.csv	REVISION_104_REGISTROS_CONTRA_PRECARGA.csv	.csv	25652	2026-06-18T11:18:24.794070-04:00	TRACKED_OR_UNMODIFIED	precarga oficial o evidencia de precarga	SI	Inventario por ruta y metadatos; no inspecciona registros personales.
estudiantes_extranjeros_2026/resultados/auditorias/INVENTARIO_FUENTES_OFICIALES_2025.csv	INVENTARIO_FUENTES_OFICIALES_2025.csv	.csv	468066	2026-06-18T10:52:06.443295-04:00	TRACKED_OR_UNMODIFIED	otro proceso: estudiantes extranjeros	SI	Inventario por ruta y metadatos; no inspecciona registros personales.
estudiantes_extranjeros_2026/resultados/auditorias/REVISION_REGLAS_INSTITUCIONALES_EXTRANJEROS_V4.xlsx	REVISION_REGLAS_INSTITUCIONALES_EXTRANJEROS_V4.xlsx	.xlsx	197551	2026-06-25T11:51:41.998319-04:00	TRACKED_OR_UNMODIFIED	otro proceso: estudiantes extranjeros	SI	Inventario por ruta y metadatos; no inspecciona registros personales.
estudiantes_extranjeros_2026/resultados/auditorias/AUDITORIA_REUTILIZACION_CAMPOS_CORREGIDA.csv	AUDITORIA_REUTILIZACION_CAMPOS_CORREGIDA.csv	.csv	2284	2026-06-18T10:52:06.452187-04:00	TRACKED_OR_UNMODIFIED	otro proceso: estudiantes extranjeros	SI	Inventario por ruta y metadatos; no inspecciona registros personales.
estudiantes_extranjeros_2026/resultados/auditorias/UNIVERSO_CONCILIADO_PRECARGA_EXTRANJEROS_2025.csv	UNIVERSO_CONCILIADO_PRECARGA_EXTRANJEROS_2025.csv	.csv	91099	2026-06-18T11:18:24.786461-04:00	TRACKED_OR_UNMODIFIED	precarga oficial o evidencia de precarga	SI	Inventario por ruta y metadatos; no inspecciona registros personales.
estudiantes_extranjeros_2026/resultados/auditorias/VALIDACION_BASE_CONGELADA_XLSX_VS_TSV.csv	VALIDACION_BASE_CONGELADA_XLSX_VS_TSV.csv	.csv	891	2026-06-24T13:14:07.803608-04:00	TRACKED_OR_UNMODIFIED	otro proceso: estudiantes extranjeros	SI	Inventario por ruta y metadatos; no inspecciona registros personales.
estudiantes_extranjeros_2026/resultados/auditorias/UNIVERSO_RECONSTRUIDO_EXTRANJEROS_2025.csv	UNIVERSO_RECONSTRUIDO_EXTRANJEROS_2025.csv	.csv	71036	2026-06-18T10:52:06.444810-04:00	TRACKED_OR_UNMODIFIED	otro proceso: estudiantes extranjeros	SI	Inventario por ruta y metadatos; no inspecciona registros personales.
estudiantes_extranjeros_2026/resultados/auditorias/AUDITORIA_NACIONALIDAD_BASE_CONGELADA_62.csv	AUDITORIA_NACIONALIDAD_BASE_CONGELADA_62.csv	.csv	12025	2026-06-24T13:34:16.243722-04:00	TRACKED_OR_UNMODIFIED	otro proceso: estudiantes extranjeros	SI	Inventario por ruta y metadatos; no inspecciona registros personales.
estudiantes_extranjeros_2026/resultados/auditorias/RESOLUCION_17_CODIGOS_UNICOS_V3.csv	RESOLUCION_17_CODIGOS_UNICOS_V3.csv	.csv	4247	2026-06-24T19:57:20.869651-04:00	TRACKED_OR_UNMODIFIED	otro proceso: estudiantes extranjeros	SI	Inventario por ruta y metadatos; no inspecciona registros personales.
estudiantes_extranjeros_2026/resultados/auditorias/RESOLUCION_PAIS_ESTUDIOS_SECUNDARIOS_V4.csv	RESOLUCION_PAIS_ESTUDIOS_SECUNDARIOS_V4.csv	.csv	17014	2026-06-25T11:51:40.810506-04:00	TRACKED_OR_UNMODIFIED	otro proceso: estudiantes extranjeros	SI	Inventario por ruta y metadatos; no inspecciona registros personales.
estudiantes_extranjeros_2026/resultados/auditorias/COBERTURA_VARIABLES_BASE_MAESTRA.csv	COBERTURA_VARIABLES_BASE_MAESTRA.csv	.csv	1665	2026-06-18T09:12:09.387243-04:00	TRACKED_OR_UNMODIFIED	otro proceso: estudiantes extranjeros	SI	Inventario por ruta y metadatos; no inspecciona registros personales.
estudiantes_extranjeros_2026/resultados/auditorias/VALIDACION_BASE_MAESTRA.csv	VALIDACION_BASE_MAESTRA.csv	.csv	22436	2026-06-18T09:12:18.484008-04:00	TRACKED_OR_UNMODIFIED	otro proceso: estudiantes extranjeros	SI	Inventario por ruta y metadatos; no inspecciona registros personales.
estudiantes_extranjeros_2026/resultados/auditorias/CONCILIACION_62_VS_MATRICULA_2025.csv	CONCILIACION_62_VS_MATRICULA_2025.csv	.csv	6951	2026-06-24T13:34:16.239638-04:00	TRACKED_OR_UNMODIFIED	otro proceso: estudiantes extranjeros	SI	Inventario por ruta y metadatos; no inspecciona registros personales.
estudiantes_extranjeros_2026/resultados/auditorias/CATALOGO_PAISES_SIES_2026.csv	CATALOGO_PAISES_SIES_2026.csv	.csv	22162	2026-06-18T09:12:09.388020-04:00	TRACKED_OR_UNMODIFIED	otro proceso: estudiantes extranjeros	SI	Inventario por ruta y metadatos; no inspecciona registros personales.
estudiantes_extranjeros_2026/resultados/auditorias/VALIDACION_REGLAS_INSTITUCIONALES_V4.csv	VALIDACION_REGLAS_INSTITUCIONALES_V4.csv	.csv	1481	2026-06-25T11:51:41.504266-04:00	TRACKED_OR_UNMODIFIED	otro proceso: estudiantes extranjeros	SI	Inventario por ruta y metadatos; no inspecciona registros personales.
estudiantes_extranjeros_2026/resultados/auditorias/AUDITORIA_VIGENCIA_2025_CORREGIDA.csv	AUDITORIA_VIGENCIA_2025_CORREGIDA.csv	.csv	38916	2026-06-18T10:52:06.452035-04:00	TRACKED_OR_UNMODIFIED	otro proceso: estudiantes extranjeros	SI	Inventario por ruta y metadatos; no inspecciona registros personales.
estudiantes_extranjeros_2026/resultados/auditorias/INSPECCION_ESTRUCTURA_OFICIAL_EXTRANJEROS_2025.csv	INSPECCION_ESTRUCTURA_OFICIAL_EXTRANJEROS_2025.csv	.csv	1247	2026-06-24T18:01:26.739702-04:00	TRACKED_OR_UNMODIFIED	otro proceso: estudiantes extranjeros	SI	Inventario por ruta y metadatos; no inspecciona registros personales.
estudiantes_extranjeros_2026/resultados/auditorias/TRAZABILIDAD_EXCLUSION_RUT_<ID_MASKED>csv	TRAZABILIDAD_EXCLUSION_RUT_<ID_MASKED>csv	.csv	927	2026-06-25T12:16:06.874425-04:00	TRACKED_OR_UNMODIFIED	otro proceso: estudiantes extranjeros	SI	Inventario por ruta y metadatos; no inspecciona registros personales.
estudiantes_extranjeros_2026/resultados/auditorias/BUSQUEDA_DIRIGIDA_3_CODCLI_CODIGO_SIES.csv	BUSQUEDA_DIRIGIDA_3_CODCLI_CODIGO_SIES.csv	.csv	932132	2026-06-25T13:38:32.806109-04:00	TRACKED_OR_UNMODIFIED	otro proceso: estudiantes extranjeros	SI	Inventario por ruta y metadatos; no inspecciona registros personales.
estudiantes_extranjeros_2026/resultados/auditorias/CONCILIACION_PRECARGA_VS_MATRICULA_2025.csv	CONCILIACION_PRECARGA_VS_MATRICULA_2025.csv	.csv	94724	2026-06-18T11:18:24.784304-04:00	TRACKED_OR_UNMODIFIED	precarga oficial o evidencia de precarga	SI	Inventario por ruta y metadatos; no inspecciona registros personales.
estudiantes_extranjeros_2026/resultados/auditorias/NOMINA_GESTION_MANUAL.csv	NOMINA_GESTION_MANUAL.csv	.csv	35599	2026-06-18T08:47:39.828826-04:00	TRACKED_OR_UNMODIFIED	fuente normativa	SI	Inventario por ruta y metadatos; no inspecciona registros personales.
estudiantes_extranjeros_2026/resultados/auditorias/COPIAS_ESCRITORIO_CORRECCIONES_V5.csv	COPIAS_ESCRITORIO_CORRECCIONES_V5.csv	.csv	2536	2026-06-25T12:16:10.152912-04:00	TRACKED_OR_UNMODIFIED	otro proceso: estudiantes extranjeros	SI	Inventario por ruta y metadatos; no inspecciona registros personales.
estudiantes_extranjeros_2026/resultados/auditorias/AUDITORIA_TRAZABLE_NACIONALIDAD_257.xlsx	AUDITORIA_TRAZABLE_NACIONALIDAD_257.xlsx	.xlsx	6914743	2026-06-23T14:14:49.386729-04:00	TRACKED_OR_UNMODIFIED	otro proceso: estudiantes extranjeros	SI	Inventario por ruta y metadatos; no inspecciona registros personales.
estudiantes_extranjeros_2026/resultados/auditorias/VALORES_UNICOS_63_COLUMNAS_BASE_CONGELADA.csv	VALORES_UNICOS_63_COLUMNAS_BASE_CONGELADA.csv	.csv	46800	2026-06-24T18:13:40.991846-04:00	TRACKED_OR_UNMODIFIED	otro proceso: estudiantes extranjeros	SI	Inventario por ruta y metadatos; no inspecciona registros personales.
estudiantes_extranjeros_2026/resultados/auditorias/AUDITORIA_5_ADVERTENCIAS_V6.csv	AUDITORIA_5_ADVERTENCIAS_V6.csv	.csv	1099	2026-06-25T14:12:13.664862-04:00	TRACKED_OR_UNMODIFIED	otro proceso: estudiantes extranjeros	SI	Inventario por ruta y metadatos; no inspecciona registros personales.
estudiantes_extranjeros_2026/resultados/auditorias/MANIFIESTO_ARCHIVOS_FASE2_FINAL.csv	MANIFIESTO_ARCHIVOS_FASE2_FINAL.csv	.csv	6644	2026-06-18T09:14:30.361608-04:00	TRACKED_OR_UNMODIFIED	otro proceso: estudiantes extranjeros	SI	Inventario por ruta y metadatos; no inspecciona registros personales.
estudiantes_extranjeros_2026/resultados/auditorias/REVISION_COMPLETA_BASE_EXTRANJEROS_62.xlsx	REVISION_COMPLETA_BASE_EXTRANJEROS_62.xlsx	.xlsx	85914	2026-06-24T18:13:41.333233-04:00	TRACKED_OR_UNMODIFIED	otro proceso: estudiantes extranjeros	SI	Inventario por ruta y metadatos; no inspecciona registros personales.
estudiantes_extranjeros_2026/resultados/auditorias/AUDITORIA_VIGENCIA_2025.csv	AUDITORIA_VIGENCIA_2025.csv	.csv	7437	2026-06-18T09:12:09.385928-04:00	TRACKED_OR_UNMODIFIED	otro proceso: estudiantes extranjeros	SI	Inventario por ruta y metadatos; no inspecciona registros personales.
estudiantes_extranjeros_2026/resultados/auditorias/VALIDACION_FASE_4_CRUCES.csv	VALIDACION_FASE_4_CRUCES.csv	.csv	47211	2026-06-18T11:55:40.941872-04:00	TRACKED_OR_UNMODIFIED	otro proceso: estudiantes extranjeros	SI	Inventario por ruta y metadatos; no inspecciona registros personales.
estudiantes_extranjeros_2026/resultados/auditorias/COBERTURA_GOBERNANZA_COLUMNAS_EXTRANJEROS_2025.csv	COBERTURA_GOBERNANZA_COLUMNAS_EXTRANJEROS_2025.csv	.csv	1240	2026-06-24T18:01:31.847068-04:00	TRACKED_OR_UNMODIFIED	otro proceso: estudiantes extranjeros	SI	Inventario por ruta y metadatos; no inspecciona registros personales.
estudiantes_extranjeros_2026/resultados/auditorias/RESOLUCION_12_PAIS_ESTUDIOS_SECUNDARIOS_V3.csv	RESOLUCION_12_PAIS_ESTUDIOS_SECUNDARIOS_V3.csv	.csv	2369	2026-06-24T19:57:20.868586-04:00	TRACKED_OR_UNMODIFIED	otro proceso: estudiantes extranjeros	SI	Inventario por ruta y metadatos; no inspecciona registros personales.
estudiantes_extranjeros_2026/resultados/auditorias/COPIAS_ESCRITORIO_CODIGOS_SIES_V6.csv	COPIAS_ESCRITORIO_CODIGOS_SIES_V6.csv	.csv	2402	2026-06-25T14:12:14.170736-04:00	TRACKED_OR_UNMODIFIED	otro proceso: estudiantes extranjeros	SI	Inventario por ruta y metadatos; no inspecciona registros personales.
estudiantes_extranjeros_2026/resultados/auditorias/COMPARACION_GOBERNANZA_V2_VS_V3.csv	COMPARACION_GOBERNANZA_V2_VS_V3.csv	.csv	1175	2026-06-24T19:57:20.973593-04:00	TRACKED_OR_UNMODIFIED	otro proceso: estudiantes extranjeros	SI	Inventario por ruta y metadatos; no inspecciona registros personales.
estudiantes_extranjeros_2026/resultados/auditorias/VALIDACION_CIERRE_PENDIENTES_BASE_62.csv	VALIDACION_CIERRE_PENDIENTES_BASE_62.csv	.csv	1208	2026-06-24T13:54:41.652593-04:00	TRACKED_OR_UNMODIFIED	otro proceso: estudiantes extranjeros	SI	Inventario por ruta y metadatos; no inspecciona registros personales.
estudiantes_extranjeros_2026/resultados/auditorias/COMPARACION_GOBERNANZA_V4_V5.csv	COMPARACION_GOBERNANZA_V4_V5.csv	.csv	831	2026-06-25T12:16:09.875066-04:00	TRACKED_OR_UNMODIFIED	otro proceso: estudiantes extranjeros	SI	Inventario por ruta y metadatos; no inspecciona registros personales.
estudiantes_extranjeros_2026/resultados/auditorias/CANDIDATOS_CODIGOS_SIES_V6.csv	CANDIDATOS_CODIGOS_SIES_V6.csv	.csv	37552	2026-06-25T14:12:13.467332-04:00	TRACKED_OR_UNMODIFIED	otro proceso: estudiantes extranjeros	SI	Inventario por ruta y metadatos; no inspecciona registros personales.
estudiantes_extranjeros_2026/resultados/auditorias/REVISION_VARIABLES_PRESENTES_BASE_CONGELADA_62.csv	REVISION_VARIABLES_PRESENTES_BASE_CONGELADA_62.csv	.csv	621	2026-06-24T18:09:22.734893-04:00	TRACKED_OR_UNMODIFIED	otro proceso: estudiantes extranjeros	SI	Inventario por ruta y metadatos; no inspecciona registros personales.
estudiantes_extranjeros_2026/resultados/auditorias/INSPECCION_BASE_EXTRANJEROS_CONGELADA.csv	INSPECCION_BASE_EXTRANJEROS_CONGELADA.csv	.csv	1509	2026-06-24T13:14:07.787962-04:00	TRACKED_OR_UNMODIFIED	otro proceso: estudiantes extranjeros	SI	Inventario por ruta y metadatos; no inspecciona registros personales.
estudiantes_extranjeros_2026/resultados/auditorias/VALIDACION_CONCILIACION_PRECARGA.csv	VALIDACION_CONCILIACION_PRECARGA.csv	.csv	56602	2026-06-18T11:18:24.795564-04:00	TRACKED_OR_UNMODIFIED	precarga oficial o evidencia de precarga	SI	Inventario por ruta y metadatos; no inspecciona registros personales.
estudiantes_extranjeros_2026/resultados/auditorias/INVENTARIO_FUENTES_20_COLUMNAS_OFICIALES.csv	INVENTARIO_FUENTES_20_COLUMNAS_OFICIALES.csv	.csv	21481	2026-06-24T18:29:39.648378-04:00	TRACKED_OR_UNMODIFIED	otro proceso: estudiantes extranjeros	SI	Inventario por ruta y metadatos; no inspecciona registros personales.
estudiantes_extranjeros_2026/resultados/auditorias/REGISTROS_257_NO_INCLUIDOS_EN_BASE_62.csv	REGISTROS_257_NO_INCLUIDOS_EN_BASE_62.csv	.csv	70996	2026-06-24T13:34:16.238196-04:00	TRACKED_OR_UNMODIFIED	otro proceso: estudiantes extranjeros	SI	Inventario por ruta y metadatos; no inspecciona registros personales.
estudiantes_extranjeros_2026/resultados/auditorias/VALIDACION_CONCILIACION_62_VS_257.csv	VALIDACION_CONCILIACION_62_VS_257.csv	.csv	1014	2026-06-24T13:34:16.612696-04:00	TRACKED_OR_UNMODIFIED	otro proceso: estudiantes extranjeros	SI	Inventario por ruta y metadatos; no inspecciona registros personales.
estudiantes_extranjeros_2026/resultados/auditorias/MANIFIESTO_ARCHIVOS_DEPURACION_4_CRUCES.csv	MANIFIESTO_ARCHIVOS_DEPURACION_4_CRUCES.csv	.csv	4597	2026-06-18T11:55:40.960567-04:00	TRACKED_OR_UNMODIFIED	otro proceso: estudiantes extranjeros	SI	Inventario por ruta y metadatos; no inspecciona registros personales.
estudiantes_extranjeros_2026/resultados/auditorias/CONCILIACION_62_VS_PRECARGA_PES.csv	CONCILIACION_62_VS_PRECARGA_PES.csv	.csv	13774	2026-06-24T13:34:16.238918-04:00	TRACKED_OR_UNMODIFIED	precarga oficial o evidencia de precarga	SI	Inventario por ruta y metadatos; no inspecciona registros personales.
estudiantes_extranjeros_2026/resultados/auditorias/COMPARACION_GOBERNANZA_V3_VS_V4.csv	COMPARACION_GOBERNANZA_V3_VS_V4.csv	.csv	1278	2026-06-25T11:51:40.811702-04:00	TRACKED_OR_UNMODIFIED	otro proceso: estudiantes extranjeros	SI	Inventario por ruta y metadatos; no inspecciona registros personales.
estudiantes_extranjeros_2026/resultados/auditorias/RESOLUCION_CASO_18_INGRESO_ORIGEN_V4.csv	RESOLUCION_CASO_18_INGRESO_ORIGEN_V4.csv	.csv	665	2026-06-25T11:51:40.672548-04:00	TRACKED_OR_UNMODIFIED	otro proceso: estudiantes extranjeros	SI	Inventario por ruta y metadatos; no inspecciona registros personales.
estudiantes_extranjeros_2026/resultados/auditorias/MANIFIESTO_ARCHIVOS_CONCILIACION_PRECARGA.csv	MANIFIESTO_ARCHIVOS_CONCILIACION_PRECARGA.csv	.csv	3547	2026-06-18T11:18:24.885789-04:00	TRACKED_OR_UNMODIFIED	precarga oficial o evidencia de precarga	SI	Inventario por ruta y metadatos; no inspecciona registros personales.
estudiantes_extranjeros_2026/resultados/auditorias/MAPEO_COLUMNAS_PRECARGA_PES.csv	MAPEO_COLUMNAS_PRECARGA_PES.csv	.csv	2441	2026-06-18T11:18:24.776457-04:00	TRACKED_OR_UNMODIFIED	precarga oficial o evidencia de precarga	SI	Inventario por ruta y metadatos; no inspecciona registros personales.
estudiantes_extranjeros_2026/resultados/auditorias/INVENTARIO_FINAL_FUENTES_PENDIENTES_V3.csv	INVENTARIO_FINAL_FUENTES_PENDIENTES_V3.csv	.csv	487041	2026-06-24T19:57:19.660669-04:00	TRACKED_OR_UNMODIFIED	otro proceso: estudiantes extranjeros	SI	Inventario por ruta y metadatos; no inspecciona registros personales.
estudiantes_extranjeros_2026/resultados/auditorias/PRUEBA_AUDITORIA_INCORPORACION_RESPUESTAS_SIN_RESPUESTAS.csv	PRUEBA_AUDITORIA_INCORPORACION_RESPUESTAS_SIN_RESPUESTAS.csv	.csv	33348	2026-06-18T09:12:18.540835-04:00	TRACKED_OR_UNMODIFIED	otro proceso: estudiantes extranjeros	SI	Inventario por ruta y metadatos; no inspecciona registros personales.
estudiantes_extranjeros_2026/resultados/auditorias/DIAGNOSTICO_DETALLADO_257_REGISTROS.xlsx	DIAGNOSTICO_DETALLADO_257_REGISTROS.xlsx	.xlsx	91200	2026-06-23T13:30:28.785052-04:00	TRACKED_OR_UNMODIFIED	otro proceso: estudiantes extranjeros	SI	Inventario por ruta y metadatos; no inspecciona registros personales.
estudiantes_extranjeros_2026/resultados/auditorias/UNIVERSO_DEPURADO_EXTRANJEROS_REGULARES_2025.csv	UNIVERSO_DEPURADO_EXTRANJEROS_REGULARES_2025.csv	.csv	158930	2026-06-18T11:55:40.798574-04:00	TRACKED_OR_UNMODIFIED	otro proceso: estudiantes extranjeros	SI	Inventario por ruta y metadatos; no inspecciona registros personales.
estudiantes_extranjeros_2026/resultados/auditorias/CRUCE_2_SOLO_PRECARGA.csv	CRUCE_2_SOLO_PRECARGA.csv	.csv	118577	2026-06-18T11:55:40.786376-04:00	TRACKED_OR_UNMODIFIED	precarga oficial o evidencia de precarga	SI	Inventario por ruta y metadatos; no inspecciona registros personales.
estudiantes_extranjeros_2026/resultados/auditorias/PENDIENTES_EXACTOS_GOBERNANZA_V2.csv	PENDIENTES_EXACTOS_GOBERNANZA_V2.csv	.csv	44023	2026-06-24T19:56:34.725849-04:00	TRACKED_OR_UNMODIFIED	otro proceso: estudiantes extranjeros	SI	Inventario por ruta y metadatos; no inspecciona registros personales.
estudiantes_extranjeros_2026/resultados/auditorias/APLICACION_INGRESO_CARRERA_ORIGEN_V4.csv	APLICACION_INGRESO_CARRERA_ORIGEN_V4.csv	.csv	9208	2026-06-25T11:51:40.809116-04:00	TRACKED_OR_UNMODIFIED	otro proceso: estudiantes extranjeros	SI	Inventario por ruta y metadatos; no inspecciona registros personales.
estudiantes_extranjeros_2026/resultados/auditorias/NOMINA_SOLICITUD_DATOS_DOCENCIA.csv	NOMINA_SOLICITUD_DATOS_DOCENCIA.csv	.csv	6084	2026-06-18T09:12:09.386279-04:00	TRACKED_OR_UNMODIFIED	otro proceso: estudiantes extranjeros	SI	Inventario por ruta y metadatos; no inspecciona registros personales.
estudiantes_extranjeros_2026/resultados/auditorias/INSTRUCTIVO_LOCALIZACION.csv	INSTRUCTIVO_LOCALIZACION.csv	.csv	672	2026-06-18T08:47:39.829819-04:00	TRACKED_OR_UNMODIFIED	fuente normativa	SI	Inventario por ruta y metadatos; no inspecciona registros personales.
estudiantes_extranjeros_2026/resultados/auditorias/RECONCILIACION_FUENTES_20_COLUMNAS_BASE_62.csv	RECONCILIACION_FUENTES_20_COLUMNAS_BASE_62.csv	.csv	169827	2026-06-24T18:29:34.983690-04:00	TRACKED_OR_UNMODIFIED	otro proceso: estudiantes extranjeros	SI	Inventario por ruta y metadatos; no inspecciona registros personales.
estudiantes_extranjeros_2026/resultados/auditorias/VALIDACION_UNIVERSO_CORREGIDO.csv	VALIDACION_UNIVERSO_CORREGIDO.csv	.csv	28482	2026-06-18T10:52:06.452797-04:00	TRACKED_OR_UNMODIFIED	otro proceso: estudiantes extranjeros	SI	Inventario por ruta y metadatos; no inspecciona registros personales.
estudiantes_extranjeros_2026/resultados/auditorias/METADATA_CONCILIACION_62_VS_257.csv	METADATA_CONCILIACION_62_VS_257.csv	.csv	2843	2026-06-24T13:34:16.232893-04:00	TRACKED_OR_UNMODIFIED	otro proceso: estudiantes extranjeros	SI	Inventario por ruta y metadatos; no inspecciona registros personales.
estudiantes_extranjeros_2026/resultados/auditorias/EVIDENCIAS_NUEVAS_PENDIENTES_V3.csv	EVIDENCIAS_NUEVAS_PENDIENTES_V3.csv	.csv	75326	2026-06-24T19:57:20.876158-04:00	TRACKED_OR_UNMODIFIED	otro proceso: estudiantes extranjeros	SI	Inventario por ruta y metadatos; no inspecciona registros personales.
estudiantes_extranjeros_2026/resultados/auditorias/GOBERNANZA_COLUMNAS_EXTRANJEROS_2025_V2.xlsx	GOBERNANZA_COLUMNAS_EXTRANJEROS_2025_V2.xlsx	.xlsx	462803	2026-06-24T18:29:40.790344-04:00	TRACKED_OR_UNMODIFIED	otro proceso: estudiantes extranjeros	SI	Inventario por ruta y metadatos; no inspecciona registros personales.
estudiantes_extranjeros_2026/resultados/archivos_gestion/NOMINA_CONFIRMACION_MATRICULA_CARRERA_2025.xlsx	NOMINA_CONFIRMACION_MATRICULA_CARRERA_2025.xlsx	.xlsx	18995	2026-06-18T11:55:40.926728-04:00	TRACKED_OR_UNMODIFIED	otro proceso: estudiantes extranjeros	SI	Inventario por ruta y metadatos; no inspecciona registros personales.
estudiantes_extranjeros_2026/resultados/archivos_gestion/PLANILLA_GESTION_DOCENCIA_EXTRANJEROS_2025_CONCILIADA.xlsx	PLANILLA_GESTION_DOCENCIA_EXTRANJEROS_2025_CONCILIADA.xlsx	.xlsx	58738	2026-06-18T11:18:24.882699-04:00	TRACKED_OR_UNMODIFIED	otro proceso: estudiantes extranjeros	SI	Inventario por ruta y metadatos; no inspecciona registros personales.
estudiantes_extranjeros_2026/resultados/archivos_gestion/PLANILLA_GESTION_DOCENCIA_EXTRANJEROS_2025.xlsx	PLANILLA_GESTION_DOCENCIA_EXTRANJEROS_2025.xlsx	.xlsx	25235	2026-06-18T09:12:09.418746-04:00	TRACKED_OR_UNMODIFIED	otro proceso: estudiantes extranjeros	SI	Inventario por ruta y metadatos; no inspecciona registros personales.
estudiantes_extranjeros_2026/resultados/archivos_gestion/PRUEBA_PLANILLA_GESTION_DOCENCIA_EXTRANJEROS_2025_SIN_RESPUESTAS.xlsx	PRUEBA_PLANILLA_GESTION_DOCENCIA_EXTRANJEROS_2025_SIN_RESPUESTAS.xlsx	.xlsx	25235	2026-06-18T09:12:09.418746-04:00	TRACKED_OR_UNMODIFIED	otro proceso: estudiantes extranjeros	SI	Inventario por ruta y metadatos; no inspecciona registros personales.
estudiantes_extranjeros_2026/resultados/archivos_gestion/NOMINA_RESOLUCION_TECNICA_CODIGOS.xlsx	NOMINA_RESOLUCION_TECNICA_CODIGOS.xlsx	.xlsx	11792	2026-06-18T11:55:40.936976-04:00	TRACKED_OR_UNMODIFIED	otro proceso: estudiantes extranjeros	SI	Inventario por ruta y metadatos; no inspecciona registros personales.
estudiantes_extranjeros_2026/resultados/archivos_gestion/PLANILLA_GESTION_DOCENCIA_EXTRANJEROS_2025_CORREGIDA.xlsx	PLANILLA_GESTION_DOCENCIA_EXTRANJEROS_2025_CORREGIDA.xlsx	.xlsx	29813	2026-06-18T10:52:06.537558-04:00	TRACKED_OR_UNMODIFIED	otro proceso: estudiantes extranjeros	SI	Inventario por ruta y metadatos; no inspecciona registros personales.
estudiantes_extranjeros_2026/resultados/archivos_gestion/NOMINA_DATOS_PERSONALES_FALTANTES.xlsx	NOMINA_DATOS_PERSONALES_FALTANTES.xlsx	.xlsx	35465	2026-06-18T11:55:40.908071-04:00	TRACKED_OR_UNMODIFIED	otro proceso: estudiantes extranjeros	SI	Inventario por ruta y metadatos; no inspecciona registros personales.
estudiantes_extranjeros_2026/config/ESQUEMA_OFICIAL_EXTRANJEROS_REGULARES_2025.tsv	ESQUEMA_OFICIAL_EXTRANJEROS_REGULARES_2025.tsv	.tsv	8615	2026-06-24T18:01:26.740458-04:00	TRACKED_OR_UNMODIFIED	otro proceso: estudiantes extranjeros	NO_DETERMINADO	Inventario por ruta y metadatos; no inspecciona registros personales.
estudiantes_extranjeros_2026/config/DICCIONARIO_GOBERNANZA_EXTRANJEROS_2025.tsv	DICCIONARIO_GOBERNANZA_EXTRANJEROS_2025.tsv	.tsv	15015	2026-06-24T18:01:31.840869-04:00	TRACKED_OR_UNMODIFIED	otro proceso: estudiantes extranjeros	NO_DETERMINADO	Inventario por ruta y metadatos; no inspecciona registros personales.
estudiantes_extranjeros_2026/docs/REGLAS_VALIDACION_INSTRUCTIVO 2.md	REGLAS_VALIDACION_INSTRUCTIVO 2.md	.md	3749	2026-06-18T08:47:39-04:00	TRACKED_OR_UNMODIFIED	fuente normativa	NO_DETERMINADO	Inventario por ruta y metadatos; no inspecciona registros personales.
estudiantes_extranjeros_2026/docs/DICCIONARIO_VARIABLES_OFICIALES.csv	DICCIONARIO_VARIABLES_OFICIALES.csv	.csv	14782	2026-06-18T08:47:39.781523-04:00	TRACKED_OR_UNMODIFIED	otro proceso: estudiantes extranjeros	NO_DETERMINADO	Inventario por ruta y metadatos; no inspecciona registros personales.
estudiantes_extranjeros_2026/scripts/resolver_codigos_sies_v6 2.py	resolver_codigos_sies_v6 2.py	.py	30130	2026-06-25T14:09:43-04:00	TRACKED_OR_UNMODIFIED	otro proceso: estudiantes extranjeros	NO_DETERMINADO	Inventario por ruta y metadatos; no inspecciona registros personales.
estudiantes_extranjeros_2026/scripts/generar_diagnostico_inicial 2.py	generar_diagnostico_inicial 2.py	.py	66555	2026-06-18T08:46:22-04:00	TRACKED_OR_UNMODIFIED	otro proceso: estudiantes extranjeros	NO_DETERMINADO	Inventario por ruta y metadatos; no inspecciona registros personales.
estudiantes_extranjeros_2026/scripts/generar_base_maestra_fase2 2.py	generar_base_maestra_fase2 2.py	.py	55435	2026-06-18T09:11:06-04:00	TRACKED_OR_UNMODIFIED	otro proceso: estudiantes extranjeros	NO_DETERMINADO	Inventario por ruta y metadatos; no inspecciona registros personales.
estudiantes_extranjeros_2026/scripts/corregir_universo_extranjeros_2025 2.py	corregir_universo_extranjeros_2025 2.py	.py	60976	2026-06-18T10:50:53-04:00	TRACKED_OR_UNMODIFIED	otro proceso: estudiantes extranjeros	NO_DETERMINADO	Inventario por ruta y metadatos; no inspecciona registros personales.
estudiantes_extranjeros_2026/scripts/generar_auditoria_trazable_nacionalidad_257 2.py	generar_auditoria_trazable_nacionalidad_257 2.py	.py	83943	2026-06-23T14:11:40-04:00	TRACKED_OR_UNMODIFIED	otro proceso: estudiantes extranjeros	NO_DETERMINADO	Inventario por ruta y metadatos; no inspecciona registros personales.
estudiantes_extranjeros_2026/scripts/aplicar_reglas_institucionales_extranjeros_v4 2.py	aplicar_reglas_institucionales_extranjeros_v4 2.py	.py	48681	2026-06-25T11:51:35-04:00	TRACKED_OR_UNMODIFIED	otro proceso: estudiantes extranjeros	NO_DETERMINADO	Inventario por ruta y metadatos; no inspecciona registros personales.
estudiantes_extranjeros_2026/scripts/corregir_gobernanza_extranjeros_2025_v2 2.py	corregir_gobernanza_extranjeros_2025_v2 2.py	.py	73069	2026-06-24T18:29:21-04:00	TRACKED_OR_UNMODIFIED	otro proceso: estudiantes extranjeros	NO_DETERMINADO	Inventario por ruta y metadatos; no inspecciona registros personales.
estudiantes_extranjeros_2026/data/governed/columnas_extranjeros_2025/06_NOMBRES.tsv	06_NOMBRES.tsv	.tsv	21369	2026-06-24T18:01:31.821431-04:00	TRACKED_OR_UNMODIFIED	otro proceso: estudiantes extranjeros	SI	Inventario por ruta y metadatos; no inspecciona registros personales.
estudiantes_extranjeros_2026/data/governed/columnas_extranjeros_2025/13_CODIGO_UNICO.tsv	13_CODIGO_UNICO.tsv	.tsv	22480	2026-06-24T18:01:31.828372-04:00	TRACKED_OR_UNMODIFIED	otro proceso: estudiantes extranjeros	SI	Inventario por ruta y metadatos; no inspecciona registros personales.
estudiantes_extranjeros_2026/data/governed/columnas_extranjeros_2025/08_FECHA_NACIMIENTO.tsv	08_FECHA_NACIMIENTO.tsv	.tsv	21437	2026-06-24T18:01:31.823410-04:00	TRACKED_OR_UNMODIFIED	otro proceso: estudiantes extranjeros	SI	Inventario por ruta y metadatos; no inspecciona registros personales.
estudiantes_extranjeros_2026/data/governed/columnas_extranjeros_2025/02_NUM_DOCUMENTO.tsv	02_NUM_DOCUMENTO.tsv	.tsv	22823	2026-06-24T18:01:31.817464-04:00	TRACKED_OR_UNMODIFIED	otro proceso: estudiantes extranjeros	SI	Inventario por ruta y metadatos; no inspecciona registros personales.
estudiantes_extranjeros_2026/data/governed/columnas_extranjeros_2025/17_SEM_INGRESO_CARRERA_ORIGEN.tsv	17_SEM_INGRESO_CARRERA_ORIGEN.tsv	.tsv	20517	2026-06-24T18:01:31.832098-04:00	TRACKED_OR_UNMODIFIED	otro proceso: estudiantes extranjeros	SI	Inventario por ruta y metadatos; no inspecciona registros personales.
estudiantes_extranjeros_2026/data/governed/columnas_extranjeros_2025/07_SEXO.tsv	07_SEXO.tsv	.tsv	21339	2026-06-24T18:01:31.822393-04:00	TRACKED_OR_UNMODIFIED	otro proceso: estudiantes extranjeros	SI	Inventario por ruta y metadatos; no inspecciona registros personales.
estudiantes_extranjeros_2026/data/governed/columnas_extranjeros_2025/15_SEM_INGRESO_CARRERA_ACTUAL.tsv	15_SEM_INGRESO_CARRERA_ACTUAL.tsv	.tsv	19824	2026-06-24T18:01:31.830390-04:00	TRACKED_OR_UNMODIFIED	otro proceso: estudiantes extranjeros	SI	Inventario por ruta y metadatos; no inspecciona registros personales.
estudiantes_extranjeros_2026/data/governed/columnas_extranjeros_2025/03_DV.tsv	03_DV.tsv	.tsv	19077	2026-06-24T18:01:31.818363-04:00	TRACKED_OR_UNMODIFIED	otro proceso: estudiantes extranjeros	SI	Inventario por ruta y metadatos; no inspecciona registros personales.
estudiantes_extranjeros_2026/data/governed/columnas_extranjeros_2025/20_VIGENCIA.tsv	20_VIGENCIA.tsv	.tsv	24476	2026-06-24T18:01:31.834284-04:00	TRACKED_OR_UNMODIFIED	otro proceso: estudiantes extranjeros	SI	Inventario por ruta y metadatos; no inspecciona registros personales.
estudiantes_extranjeros_2026/data/governed/columnas_extranjeros_2025/10_TIPO_RESIDENCIA_ESTUDIANTE.tsv	10_TIPO_RESIDENCIA_ESTUDIANTE.tsv	.tsv	15992	2026-06-24T18:01:31.825159-04:00	TRACKED_OR_UNMODIFIED	otro proceso: estudiantes extranjeros	SI	Inventario por ruta y metadatos; no inspecciona registros personales.
estudiantes_extranjeros_2026/data/governed/columnas_extranjeros_2025/11_PAIS_ORIGEN.tsv	11_PAIS_ORIGEN.tsv	.tsv	16922	2026-06-24T18:01:31.826383-04:00	TRACKED_OR_UNMODIFIED	otro proceso: estudiantes extranjeros	SI	Inventario por ruta y metadatos; no inspecciona registros personales.
estudiantes_extranjeros_2026/data/governed/columnas_extranjeros_2025/12_PAIS_ESTUDIOS_SECUNDARIOS.tsv	12_PAIS_ESTUDIOS_SECUNDARIOS.tsv	.tsv	21583	2026-06-24T18:01:31.827506-04:00	TRACKED_OR_UNMODIFIED	otro proceso: estudiantes extranjeros	SI	Inventario por ruta y metadatos; no inspecciona registros personales.
estudiantes_extranjeros_2026/data/governed/columnas_extranjeros_2025/18_NOMBRE_UNIVERSIDAD_ORIGEN.tsv	18_NOMBRE_UNIVERSIDAD_ORIGEN.tsv	.tsv	17170	2026-06-24T18:01:31.832762-04:00	TRACKED_OR_UNMODIFIED	otro proceso: estudiantes extranjeros	SI	Inventario por ruta y metadatos; no inspecciona registros personales.
estudiantes_extranjeros_2026/data/governed/columnas_extranjeros_2025/16_ANIO_INGRESO_CARRERA_ORIGEN.tsv	16_ANIO_INGRESO_CARRERA_ORIGEN.tsv	.tsv	20596	2026-06-24T18:01:31.831251-04:00	TRACKED_OR_UNMODIFIED	otro proceso: estudiantes extranjeros	SI	Inventario por ruta y metadatos; no inspecciona registros personales.
estudiantes_extranjeros_2026/data/governed/columnas_extranjeros_2025/19_PAIS_UNIVERSIDAD_ORIGEN.tsv	19_PAIS_UNIVERSIDAD_ORIGEN.tsv	.tsv	16054	2026-06-24T18:01:31.833460-04:00	TRACKED_OR_UNMODIFIED	otro proceso: estudiantes extranjeros	SI	Inventario por ruta y metadatos; no inspecciona registros personales.
estudiantes_extranjeros_2026/data/governed/columnas_extranjeros_2025/05_SEGUNDO_APELLIDO.tsv	05_SEGUNDO_APELLIDO.tsv	.tsv	20433	2026-06-24T18:01:31.820392-04:00	TRACKED_OR_UNMODIFIED	otro proceso: estudiantes extranjeros	SI	Inventario por ruta y metadatos; no inspecciona registros personales.
estudiantes_extranjeros_2026/data/governed/columnas_extranjeros_2025/04_PRIMER_APELLIDO.tsv	04_PRIMER_APELLIDO.tsv	.tsv	20715	2026-06-24T18:01:31.819387-04:00	TRACKED_OR_UNMODIFIED	otro proceso: estudiantes extranjeros	SI	Inventario por ruta y metadatos; no inspecciona registros personales.
estudiantes_extranjeros_2026/data/governed/columnas_extranjeros_2025/14_ANIO_INGRESO_CARRERA_ACTUAL.tsv	14_ANIO_INGRESO_CARRERA_ACTUAL.tsv	.tsv	22702	2026-06-24T18:01:31.829458-04:00	TRACKED_OR_UNMODIFIED	otro proceso: estudiantes extranjeros	SI	Inventario por ruta y metadatos; no inspecciona registros personales.
estudiantes_extranjeros_2026/data/governed/columnas_extranjeros_2025/01_TIPO_DOCUMENTO.tsv	01_TIPO_DOCUMENTO.tsv	.tsv	22585	2026-06-24T18:01:31.816451-04:00	TRACKED_OR_UNMODIFIED	otro proceso: estudiantes extranjeros	SI	Inventario por ruta y metadatos; no inspecciona registros personales.
estudiantes_extranjeros_2026/data/governed/columnas_extranjeros_2025/09_NACIONALIDAD.tsv	09_NACIONALIDAD.tsv	.tsv	26153	2026-06-24T18:01:31.824357-04:00	TRACKED_OR_UNMODIFIED	otro proceso: estudiantes extranjeros	SI	Inventario por ruta y metadatos; no inspecciona registros personales.
estudiantes_extranjeros_2026/data/governed/columnas_extranjeros_2025_v5/06_NOMBRES.tsv	06_NOMBRES.tsv	.tsv	19531	2026-06-25T12:16:08.187419-04:00	TRACKED_OR_UNMODIFIED	otro proceso: estudiantes extranjeros	SI	Inventario por ruta y metadatos; no inspecciona registros personales.
estudiantes_extranjeros_2026/data/governed/columnas_extranjeros_2025_v5/13_CODIGO_UNICO.tsv	13_CODIGO_UNICO.tsv	.tsv	16406	2026-06-25T12:16:09.025736-04:00	TRACKED_OR_UNMODIFIED	otro proceso: estudiantes extranjeros	SI	Inventario por ruta y metadatos; no inspecciona registros personales.
estudiantes_extranjeros_2026/data/governed/columnas_extranjeros_2025_v5/08_FECHA_NACIMIENTO.tsv	08_FECHA_NACIMIENTO.tsv	.tsv	20571	2026-06-25T12:16:08.433163-04:00	TRACKED_OR_UNMODIFIED	otro proceso: estudiantes extranjeros	SI	Inventario por ruta y metadatos; no inspecciona registros personales.
estudiantes_extranjeros_2026/data/governed/columnas_extranjeros_2025_v5/02_NUM_DOCUMENTO.tsv	02_NUM_DOCUMENTO.tsv	.tsv	20817	2026-06-25T12:16:07.629997-04:00	TRACKED_OR_UNMODIFIED	otro proceso: estudiantes extranjeros	SI	Inventario por ruta y metadatos; no inspecciona registros personales.
estudiantes_extranjeros_2026/data/governed/columnas_extranjeros_2025_v5/17_SEM_INGRESO_CARRERA_ORIGEN.tsv	17_SEM_INGRESO_CARRERA_ORIGEN.tsv	.tsv	25005	2026-06-25T12:16:09.486669-04:00	TRACKED_OR_UNMODIFIED	otro proceso: estudiantes extranjeros	SI	Inventario por ruta y metadatos; no inspecciona registros personales.
estudiantes_extranjeros_2026/data/governed/columnas_extranjeros_2025_v5/07_SEXO.tsv	07_SEXO.tsv	.tsv	18061	2026-06-25T12:16:08.309912-04:00	TRACKED_OR_UNMODIFIED	otro proceso: estudiantes extranjeros	SI	Inventario por ruta y metadatos; no inspecciona registros personales.
estudiantes_extranjeros_2026/data/governed/columnas_extranjeros_2025_v5/15_SEM_INGRESO_CARRERA_ACTUAL.tsv	15_SEM_INGRESO_CARRERA_ACTUAL.tsv	.tsv	19561	2026-06-25T12:16:09.256831-04:00	TRACKED_OR_UNMODIFIED	otro proceso: estudiantes extranjeros	SI	Inventario por ruta y metadatos; no inspecciona registros personales.
estudiantes_extranjeros_2026/data/governed/columnas_extranjeros_2025_v5/03_DV.tsv	03_DV.tsv	.tsv	17597	2026-06-25T12:16:07.764438-04:00	TRACKED_OR_UNMODIFIED	otro proceso: estudiantes extranjeros	SI	Inventario por ruta y metadatos; no inspecciona registros personales.
estudiantes_extranjeros_2026/data/governed/columnas_extranjeros_2025_v5/20_VIGENCIA.tsv	20_VIGENCIA.tsv	.tsv	19526	2026-06-25T12:16:09.834636-04:00	TRACKED_OR_UNMODIFIED	otro proceso: estudiantes extranjeros	SI	Inventario por ruta y metadatos; no inspecciona registros personales.
estudiantes_extranjeros_2026/data/governed/columnas_extranjeros_2025_v5/10_TIPO_RESIDENCIA_ESTUDIANTE.tsv	10_TIPO_RESIDENCIA_ESTUDIANTE.tsv	.tsv	19105	2026-06-25T12:16:08.673355-04:00	TRACKED_OR_UNMODIFIED	otro proceso: estudiantes extranjeros	SI	Inventario por ruta y metadatos; no inspecciona registros personales.
estudiantes_extranjeros_2026/data/governed/columnas_extranjeros_2025_v5/11_PAIS_ORIGEN.tsv	11_PAIS_ORIGEN.tsv	.tsv	24168	2026-06-25T12:16:08.790134-04:00	TRACKED_OR_UNMODIFIED	otro proceso: estudiantes extranjeros	SI	Inventario por ruta y metadatos; no inspecciona registros personales.
estudiantes_extranjeros_2026/data/governed/columnas_extranjeros_2025_v5/12_PAIS_ESTUDIOS_SECUNDARIOS.tsv	12_PAIS_ESTUDIOS_SECUNDARIOS.tsv	.tsv	19128	2026-06-25T12:16:08.906817-04:00	TRACKED_OR_UNMODIFIED	otro proceso: estudiantes extranjeros	SI	Inventario por ruta y metadatos; no inspecciona registros personales.
estudiantes_extranjeros_2026/data/governed/columnas_extranjeros_2025_v5/18_NOMBRE_UNIVERSIDAD_ORIGEN.tsv	18_NOMBRE_UNIVERSIDAD_ORIGEN.tsv	.tsv	18678	2026-06-25T12:16:09.601485-04:00	TRACKED_OR_UNMODIFIED	otro proceso: estudiantes extranjeros	SI	Inventario por ruta y metadatos; no inspecciona registros personales.
estudiantes_extranjeros_2026/data/governed/columnas_extranjeros_2025_v5/16_ANIO_INGRESO_CARRERA_ORIGEN.tsv	16_ANIO_INGRESO_CARRERA_ORIGEN.tsv	.tsv	25399	2026-06-25T12:16:09.370435-04:00	TRACKED_OR_UNMODIFIED	otro proceso: estudiantes extranjeros	SI	Inventario por ruta y metadatos; no inspecciona registros personales.
estudiantes_extranjeros_2026/data/governed/columnas_extranjeros_2025_v5/19_PAIS_UNIVERSIDAD_ORIGEN.tsv	19_PAIS_UNIVERSIDAD_ORIGEN.tsv	.tsv	18556	2026-06-25T12:16:09.715384-04:00	TRACKED_OR_UNMODIFIED	otro proceso: estudiantes extranjeros	SI	Inventario por ruta y metadatos; no inspecciona registros personales.
estudiantes_extranjeros_2026/data/governed/columnas_extranjeros_2025_v5/05_SEGUNDO_APELLIDO.tsv	05_SEGUNDO_APELLIDO.tsv	.tsv	18609	2026-06-25T12:16:08.055747-04:00	TRACKED_OR_UNMODIFIED	otro proceso: estudiantes extranjeros	SI	Inventario por ruta y metadatos; no inspecciona registros personales.
estudiantes_extranjeros_2026/data/governed/columnas_extranjeros_2025_v5/04_PRIMER_APELLIDO.tsv	04_PRIMER_APELLIDO.tsv	.tsv	18995	2026-06-25T12:16:07.903881-04:00	TRACKED_OR_UNMODIFIED	otro proceso: estudiantes extranjeros	SI	Inventario por ruta y metadatos; no inspecciona registros personales.
estudiantes_extranjeros_2026/data/governed/columnas_extranjeros_2025_v5/14_ANIO_INGRESO_CARRERA_ACTUAL.tsv	14_ANIO_INGRESO_CARRERA_ACTUAL.tsv	.tsv	20321	2026-06-25T12:16:09.139555-04:00	TRACKED_OR_UNMODIFIED	otro proceso: estudiantes extranjeros	SI	Inventario por ruta y metadatos; no inspecciona registros personales.
estudiantes_extranjeros_2026/data/governed/columnas_extranjeros_2025_v5/01_TIPO_DOCUMENTO.tsv	01_TIPO_DOCUMENTO.tsv	.tsv	18819	2026-06-25T12:16:07.492383-04:00	TRACKED_OR_UNMODIFIED	otro proceso: estudiantes extranjeros	SI	Inventario por ruta y metadatos; no inspecciona registros personales.
estudiantes_extranjeros_2026/data/governed/columnas_extranjeros_2025_v5/09_NACIONALIDAD.tsv	09_NACIONALIDAD.tsv	.tsv	20626	2026-06-25T12:16:08.556939-04:00	TRACKED_OR_UNMODIFIED	otro proceso: estudiantes extranjeros	SI	Inventario por ruta y metadatos; no inspecciona registros personales.
estudiantes_extranjeros_2026/data/governed/columnas_extranjeros_2025_v2/06_NOMBRES.tsv	06_NOMBRES.tsv	.tsv	23145	2026-06-24T18:29:34.960150-04:00	TRACKED_OR_UNMODIFIED	otro proceso: estudiantes extranjeros	SI	Inventario por ruta y metadatos; no inspecciona registros personales.
estudiantes_extranjeros_2026/data/governed/columnas_extranjeros_2025_v2/13_CODIGO_UNICO.tsv	13_CODIGO_UNICO.tsv	.tsv	26309	2026-06-24T18:29:34.965222-04:00	TRACKED_OR_UNMODIFIED	otro proceso: estudiantes extranjeros	SI	Inventario por ruta y metadatos; no inspecciona registros personales.
estudiantes_extranjeros_2026/data/governed/columnas_extranjeros_2025_v2/08_FECHA_NACIMIENTO.tsv	08_FECHA_NACIMIENTO.tsv	.tsv	23723	2026-06-24T18:29:34.961545-04:00	TRACKED_OR_UNMODIFIED	otro proceso: estudiantes extranjeros	SI	Inventario por ruta y metadatos; no inspecciona registros personales.
estudiantes_extranjeros_2026/data/governed/columnas_extranjeros_2025_v2/02_NUM_DOCUMENTO.tsv	02_NUM_DOCUMENTO.tsv	.tsv	24030	2026-06-24T18:29:34.957348-04:00	TRACKED_OR_UNMODIFIED	otro proceso: estudiantes extranjeros	SI	Inventario por ruta y metadatos; no inspecciona registros personales.
estudiantes_extranjeros_2026/data/governed/columnas_extranjeros_2025_v2/17_SEM_INGRESO_CARRERA_ORIGEN.tsv	17_SEM_INGRESO_CARRERA_ORIGEN.tsv	.tsv	22083	2026-06-24T18:29:34.968504-04:00	TRACKED_OR_UNMODIFIED	otro proceso: estudiantes extranjeros	SI	Inventario por ruta y metadatos; no inspecciona registros personales.
estudiantes_extranjeros_2026/data/governed/columnas_extranjeros_2025_v2/07_SEXO.tsv	07_SEXO.tsv	.tsv	21817	2026-06-24T18:29:34.960833-04:00	TRACKED_OR_UNMODIFIED	otro proceso: estudiantes extranjeros	SI	Inventario por ruta y metadatos; no inspecciona registros personales.
estudiantes_extranjeros_2026/data/governed/columnas_extranjeros_2025_v2/15_SEM_INGRESO_CARRERA_ACTUAL.tsv	15_SEM_INGRESO_CARRERA_ACTUAL.tsv	.tsv	24079	2026-06-24T18:29:34.966887-04:00	TRACKED_OR_UNMODIFIED	otro proceso: estudiantes extranjeros	SI	Inventario por ruta y metadatos; no inspecciona registros personales.
estudiantes_extranjeros_2026/data/governed/columnas_extranjeros_2025_v2/03_DV.tsv	03_DV.tsv	.tsv	19542	2026-06-24T18:29:34.958004-04:00	TRACKED_OR_UNMODIFIED	otro proceso: estudiantes extranjeros	SI	Inventario por ruta y metadatos; no inspecciona registros personales.
estudiantes_extranjeros_2026/data/governed/columnas_extranjeros_2025_v2/20_VIGENCIA.tsv	20_VIGENCIA.tsv	.tsv	23611	2026-06-24T18:29:34.970768-04:00	TRACKED_OR_UNMODIFIED	otro proceso: estudiantes extranjeros	SI	Inventario por ruta y metadatos; no inspecciona registros personales.
estudiantes_extranjeros_2026/data/governed/columnas_extranjeros_2025_v2/10_TIPO_RESIDENCIA_ESTUDIANTE.tsv	10_TIPO_RESIDENCIA_ESTUDIANTE.tsv	.tsv	21208	2026-06-24T18:29:34.962902-04:00	TRACKED_OR_UNMODIFIED	otro proceso: estudiantes extranjeros	SI	Inventario por ruta y metadatos; no inspecciona registros personales.
estudiantes_extranjeros_2026/data/governed/columnas_extranjeros_2025_v2/11_PAIS_ORIGEN.tsv	11_PAIS_ORIGEN.tsv	.tsv	27098	2026-06-24T18:29:34.963695-04:00	TRACKED_OR_UNMODIFIED	otro proceso: estudiantes extranjeros	SI	Inventario por ruta y metadatos; no inspecciona registros personales.
estudiantes_extranjeros_2026/data/governed/columnas_extranjeros_2025_v2/12_PAIS_ESTUDIOS_SECUNDARIOS.tsv	12_PAIS_ESTUDIOS_SECUNDARIOS.tsv	.tsv	23359	2026-06-24T18:29:34.964436-04:00	TRACKED_OR_UNMODIFIED	otro proceso: estudiantes extranjeros	SI	Inventario por ruta y metadatos; no inspecciona registros personales.
estudiantes_extranjeros_2026/data/governed/columnas_extranjeros_2025_v2/18_NOMBRE_UNIVERSIDAD_ORIGEN.tsv	18_NOMBRE_UNIVERSIDAD_ORIGEN.tsv	.tsv	24122	2026-06-24T18:29:34.969230-04:00	TRACKED_OR_UNMODIFIED	otro proceso: estudiantes extranjeros	SI	Inventario por ruta y metadatos; no inspecciona registros personales.
estudiantes_extranjeros_2026/data/governed/columnas_extranjeros_2025_v2/16_ANIO_INGRESO_CARRERA_ORIGEN.tsv	16_ANIO_INGRESO_CARRERA_ORIGEN.tsv	.tsv	22245	2026-06-24T18:29:34.967732-04:00	TRACKED_OR_UNMODIFIED	otro proceso: estudiantes extranjeros	SI	Inventario por ruta y metadatos; no inspecciona registros personales.
estudiantes_extranjeros_2026/data/governed/columnas_extranjeros_2025_v2/19_PAIS_UNIVERSIDAD_ORIGEN.tsv	19_PAIS_UNIVERSIDAD_ORIGEN.tsv	.tsv	23998	2026-06-24T18:29:34.969988-04:00	TRACKED_OR_UNMODIFIED	otro proceso: estudiantes extranjeros	SI	Inventario por ruta y metadatos; no inspecciona registros personales.
estudiantes_extranjeros_2026/data/governed/columnas_extranjeros_2025_v2/05_SEGUNDO_APELLIDO.tsv	05_SEGUNDO_APELLIDO.tsv	.tsv	22221	2026-06-24T18:29:34.959378-04:00	TRACKED_OR_UNMODIFIED	otro proceso: estudiantes extranjeros	SI	Inventario por ruta y metadatos; no inspecciona registros personales.
estudiantes_extranjeros_2026/data/governed/columnas_extranjeros_2025_v2/04_PRIMER_APELLIDO.tsv	04_PRIMER_APELLIDO.tsv	.tsv	22593	2026-06-24T18:29:34.958688-04:00	TRACKED_OR_UNMODIFIED	otro proceso: estudiantes extranjeros	SI	Inventario por ruta y metadatos; no inspecciona registros personales.
estudiantes_extranjeros_2026/data/governed/columnas_extranjeros_2025_v2/14_ANIO_INGRESO_CARRERA_ACTUAL.tsv	14_ANIO_INGRESO_CARRERA_ACTUAL.tsv	.tsv	24601	2026-06-24T18:29:34.966039-04:00	TRACKED_OR_UNMODIFIED	otro proceso: estudiantes extranjeros	SI	Inventario por ruta y metadatos; no inspecciona registros personales.
estudiantes_extranjeros_2026/data/governed/columnas_extranjeros_2025_v2/01_TIPO_DOCUMENTO.tsv	01_TIPO_DOCUMENTO.tsv	.tsv	21944	2026-06-24T18:29:34.956616-04:00	TRACKED_OR_UNMODIFIED	otro proceso: estudiantes extranjeros	SI	Inventario por ruta y metadatos; no inspecciona registros personales.
estudiantes_extranjeros_2026/data/governed/columnas_extranjeros_2025_v2/09_NACIONALIDAD.tsv	09_NACIONALIDAD.tsv	.tsv	24377	2026-06-24T18:29:34.962231-04:00	TRACKED_OR_UNMODIFIED	otro proceso: estudiantes extranjeros	SI	Inventario por ruta y metadatos; no inspecciona registros personales.
estudiantes_extranjeros_2026/data/governed/columnas_extranjeros_2025_v3/06_NOMBRES.tsv	06_NOMBRES.tsv	.tsv	23082	2026-06-24T19:57:21.008713-04:00	TRACKED_OR_UNMODIFIED	otro proceso: estudiantes extranjeros	SI	Inventario por ruta y metadatos; no inspecciona registros personales.
estudiantes_extranjeros_2026/data/governed/columnas_extranjeros_2025_v3/13_CODIGO_UNICO.tsv	13_CODIGO_UNICO.tsv	.tsv	26273	2026-06-24T19:57:21.097593-04:00	TRACKED_OR_UNMODIFIED	otro proceso: estudiantes extranjeros	SI	Inventario por ruta y metadatos; no inspecciona registros personales.
estudiantes_extranjeros_2026/data/governed/columnas_extranjeros_2025_v3/08_FECHA_NACIMIENTO.tsv	08_FECHA_NACIMIENTO.tsv	.tsv	23660	2026-06-24T19:57:21.017403-04:00	TRACKED_OR_UNMODIFIED	otro proceso: estudiantes extranjeros	SI	Inventario por ruta y metadatos; no inspecciona registros personales.
estudiantes_extranjeros_2026/data/governed/columnas_extranjeros_2025_v3/02_NUM_DOCUMENTO.tsv	02_NUM_DOCUMENTO.tsv	.tsv	23967	2026-06-24T19:57:20.994775-04:00	TRACKED_OR_UNMODIFIED	otro proceso: estudiantes extranjeros	SI	Inventario por ruta y metadatos; no inspecciona registros personales.
estudiantes_extranjeros_2026/data/governed/columnas_extranjeros_2025_v3/17_SEM_INGRESO_CARRERA_ORIGEN.tsv	17_SEM_INGRESO_CARRERA_ORIGEN.tsv	.tsv	22020	2026-06-24T19:57:21.108783-04:00	TRACKED_OR_UNMODIFIED	otro proceso: estudiantes extranjeros	SI	Inventario por ruta y metadatos; no inspecciona registros personales.
estudiantes_extranjeros_2026/data/governed/columnas_extranjeros_2025_v3/07_SEXO.tsv	07_SEXO.tsv	.tsv	21754	2026-06-24T19:57:21.014184-04:00	TRACKED_OR_UNMODIFIED	otro proceso: estudiantes extranjeros	SI	Inventario por ruta y metadatos; no inspecciona registros personales.
estudiantes_extranjeros_2026/data/governed/columnas_extranjeros_2025_v3/15_SEM_INGRESO_CARRERA_ACTUAL.tsv	15_SEM_INGRESO_CARRERA_ACTUAL.tsv	.tsv	24016	2026-06-24T19:57:21.104203-04:00	TRACKED_OR_UNMODIFIED	otro proceso: estudiantes extranjeros	SI	Inventario por ruta y metadatos; no inspecciona registros personales.
estudiantes_extranjeros_2026/data/governed/columnas_extranjeros_2025_v3/03_DV.tsv	03_DV.tsv	.tsv	19479	2026-06-24T19:57:20.998600-04:00	TRACKED_OR_UNMODIFIED	otro proceso: estudiantes extranjeros	SI	Inventario por ruta y metadatos; no inspecciona registros personales.
estudiantes_extranjeros_2026/data/governed/columnas_extranjeros_2025_v3/20_VIGENCIA.tsv	20_VIGENCIA.tsv	.tsv	23680	2026-06-24T19:57:21.121513-04:00	TRACKED_OR_UNMODIFIED	otro proceso: estudiantes extranjeros	SI	Inventario por ruta y metadatos; no inspecciona registros personales.
estudiantes_extranjeros_2026/data/governed/columnas_extranjeros_2025_v3/10_TIPO_RESIDENCIA_ESTUDIANTE.tsv	10_TIPO_RESIDENCIA_ESTUDIANTE.tsv	.tsv	21145	2026-06-24T19:57:21.025082-04:00	TRACKED_OR_UNMODIFIED	otro proceso: estudiantes extranjeros	SI	Inventario por ruta y metadatos; no inspecciona registros personales.
estudiantes_extranjeros_2026/data/governed/columnas_extranjeros_2025_v3/11_PAIS_ORIGEN.tsv	11_PAIS_ORIGEN.tsv	.tsv	30011	2026-06-24T19:57:21.084983-04:00	TRACKED_OR_UNMODIFIED	otro proceso: estudiantes extranjeros	SI	Inventario por ruta y metadatos; no inspecciona registros personales.
estudiantes_extranjeros_2026/data/governed/columnas_extranjeros_2025_v3/12_PAIS_ESTUDIOS_SECUNDARIOS.tsv	12_PAIS_ESTUDIOS_SECUNDARIOS.tsv	.tsv	23296	2026-06-24T19:57:21.087564-04:00	TRACKED_OR_UNMODIFIED	otro proceso: estudiantes extranjeros	SI	Inventario por ruta y metadatos; no inspecciona registros personales.
estudiantes_extranjeros_2026/data/governed/columnas_extranjeros_2025_v3/18_NOMBRE_UNIVERSIDAD_ORIGEN.tsv	18_NOMBRE_UNIVERSIDAD_ORIGEN.tsv	.tsv	24059	2026-06-24T19:57:21.111938-04:00	TRACKED_OR_UNMODIFIED	otro proceso: estudiantes extranjeros	SI	Inventario por ruta y metadatos; no inspecciona registros personales.
estudiantes_extranjeros_2026/data/governed/columnas_extranjeros_2025_v3/16_ANIO_INGRESO_CARRERA_ORIGEN.tsv	16_ANIO_INGRESO_CARRERA_ORIGEN.tsv	.tsv	22182	2026-06-24T19:57:21.106626-04:00	TRACKED_OR_UNMODIFIED	otro proceso: estudiantes extranjeros	SI	Inventario por ruta y metadatos; no inspecciona registros personales.
estudiantes_extranjeros_2026/data/governed/columnas_extranjeros_2025_v3/19_PAIS_UNIVERSIDAD_ORIGEN.tsv	19_PAIS_UNIVERSIDAD_ORIGEN.tsv	.tsv	23935	2026-06-24T19:57:21.114485-04:00	TRACKED_OR_UNMODIFIED	otro proceso: estudiantes extranjeros	SI	Inventario por ruta y metadatos; no inspecciona registros personales.
estudiantes_extranjeros_2026/data/governed/columnas_extranjeros_2025_v3/05_SEGUNDO_APELLIDO.tsv	05_SEGUNDO_APELLIDO.tsv	.tsv	22158	2026-06-24T19:57:21.005483-04:00	TRACKED_OR_UNMODIFIED	otro proceso: estudiantes extranjeros	SI	Inventario por ruta y metadatos; no inspecciona registros personales.
estudiantes_extranjeros_2026/data/governed/columnas_extranjeros_2025_v3/04_PRIMER_APELLIDO.tsv	04_PRIMER_APELLIDO.tsv	.tsv	22530	2026-06-24T19:57:21.002326-04:00	TRACKED_OR_UNMODIFIED	otro proceso: estudiantes extranjeros	SI	Inventario por ruta y metadatos; no inspecciona registros personales.
estudiantes_extranjeros_2026/data/governed/columnas_extranjeros_2025_v3/14_ANIO_INGRESO_CARRERA_ACTUAL.tsv	14_ANIO_INGRESO_CARRERA_ACTUAL.tsv	.tsv	24538	2026-06-24T19:57:21.101671-04:00	TRACKED_OR_UNMODIFIED	otro proceso: estudiantes extranjeros	SI	Inventario por ruta y metadatos; no inspecciona registros personales.
estudiantes_extranjeros_2026/data/governed/columnas_extranjeros_2025_v3/01_TIPO_DOCUMENTO.tsv	01_TIPO_DOCUMENTO.tsv	.tsv	21881	2026-06-24T19:57:20.991170-04:00	TRACKED_OR_UNMODIFIED	otro proceso: estudiantes extranjeros	SI	Inventario por ruta y metadatos; no inspecciona registros personales.
estudiantes_extranjeros_2026/data/governed/columnas_extranjeros_2025_v3/09_NACIONALIDAD.tsv	09_NACIONALIDAD.tsv	.tsv	24314	2026-06-24T19:57:21.021163-04:00	TRACKED_OR_UNMODIFIED	otro proceso: estudiantes extranjeros	SI	Inventario por ruta y metadatos; no inspecciona registros personales.
estudiantes_extranjeros_2026/data/governed/columnas_extranjeros_2025_v4/06_NOMBRES.tsv	06_NOMBRES.tsv	.tsv	23082	2026-06-25T11:51:40.836931-04:00	TRACKED_OR_UNMODIFIED	otro proceso: estudiantes extranjeros	SI	Inventario por ruta y metadatos; no inspecciona registros personales.
estudiantes_extranjeros_2026/data/governed/columnas_extranjeros_2025_v4/13_CODIGO_UNICO.tsv	13_CODIGO_UNICO.tsv	.tsv	26273	2026-06-25T11:51:41.230860-04:00	TRACKED_OR_UNMODIFIED	otro proceso: estudiantes extranjeros	SI	Inventario por ruta y metadatos; no inspecciona registros personales.
estudiantes_extranjeros_2026/data/governed/columnas_extranjeros_2025_v4/08_FECHA_NACIMIENTO.tsv	08_FECHA_NACIMIENTO.tsv	.tsv	23660	2026-06-25T11:51:40.842111-04:00	TRACKED_OR_UNMODIFIED	otro proceso: estudiantes extranjeros	SI	Inventario por ruta y metadatos; no inspecciona registros personales.
estudiantes_extranjeros_2026/data/governed/columnas_extranjeros_2025_v4/02_NUM_DOCUMENTO.tsv	02_NUM_DOCUMENTO.tsv	.tsv	23967	2026-06-25T11:51:40.829107-04:00	TRACKED_OR_UNMODIFIED	otro proceso: estudiantes extranjeros	SI	Inventario por ruta y metadatos; no inspecciona registros personales.
estudiantes_extranjeros_2026/data/governed/columnas_extranjeros_2025_v4/17_SEM_INGRESO_CARRERA_ORIGEN.tsv	17_SEM_INGRESO_CARRERA_ORIGEN.tsv	.tsv	25406	2026-06-25T11:51:41.459821-04:00	TRACKED_OR_UNMODIFIED	otro proceso: estudiantes extranjeros	SI	Inventario por ruta y metadatos; no inspecciona registros personales.
estudiantes_extranjeros_2026/data/governed/columnas_extranjeros_2025_v4/07_SEXO.tsv	07_SEXO.tsv	.tsv	21754	2026-06-25T11:51:40.838761-04:00	TRACKED_OR_UNMODIFIED	otro proceso: estudiantes extranjeros	SI	Inventario por ruta y metadatos; no inspecciona registros personales.
estudiantes_extranjeros_2026/data/governed/columnas_extranjeros_2025_v4/15_SEM_INGRESO_CARRERA_ACTUAL.tsv	15_SEM_INGRESO_CARRERA_ACTUAL.tsv	.tsv	24016	2026-06-25T11:51:41.236733-04:00	TRACKED_OR_UNMODIFIED	otro proceso: estudiantes extranjeros	SI	Inventario por ruta y metadatos; no inspecciona registros personales.
estudiantes_extranjeros_2026/data/governed/columnas_extranjeros_2025_v4/03_DV.tsv	03_DV.tsv	.tsv	19479	2026-06-25T11:51:40.831044-04:00	TRACKED_OR_UNMODIFIED	otro proceso: estudiantes extranjeros	SI	Inventario por ruta y metadatos; no inspecciona registros personales.
estudiantes_extranjeros_2026/data/governed/columnas_extranjeros_2025_v4/20_VIGENCIA.tsv	20_VIGENCIA.tsv	.tsv	23680	2026-06-25T11:51:41.465377-04:00	TRACKED_OR_UNMODIFIED	otro proceso: estudiantes extranjeros	SI	Inventario por ruta y metadatos; no inspecciona registros personales.
estudiantes_extranjeros_2026/data/governed/columnas_extranjeros_2025_v4/10_TIPO_RESIDENCIA_ESTUDIANTE.tsv	10_TIPO_RESIDENCIA_ESTUDIANTE.tsv	.tsv	19409	2026-06-25T11:51:40.956233-04:00	TRACKED_OR_UNMODIFIED	otro proceso: estudiantes extranjeros	SI	Inventario por ruta y metadatos; no inspecciona registros personales.
estudiantes_extranjeros_2026/data/governed/columnas_extranjeros_2025_v4/11_PAIS_ORIGEN.tsv	11_PAIS_ORIGEN.tsv	.tsv	24555	2026-06-25T11:51:41.067470-04:00	TRACKED_OR_UNMODIFIED	otro proceso: estudiantes extranjeros	SI	Inventario por ruta y metadatos; no inspecciona registros personales.
estudiantes_extranjeros_2026/data/governed/columnas_extranjeros_2025_v4/12_PAIS_ESTUDIOS_SECUNDARIOS.tsv	12_PAIS_ESTUDIOS_SECUNDARIOS.tsv	.tsv	19512	2026-06-25T11:51:41.228674-04:00	TRACKED_OR_UNMODIFIED	otro proceso: estudiantes extranjeros	SI	Inventario por ruta y metadatos; no inspecciona registros personales.
estudiantes_extranjeros_2026/data/governed/columnas_extranjeros_2025_v4/18_NOMBRE_UNIVERSIDAD_ORIGEN.tsv	18_NOMBRE_UNIVERSIDAD_ORIGEN.tsv	.tsv	24059	2026-06-25T11:51:41.461876-04:00	TRACKED_OR_UNMODIFIED	otro proceso: estudiantes extranjeros	SI	Inventario por ruta y metadatos; no inspecciona registros personales.
estudiantes_extranjeros_2026/data/governed/columnas_extranjeros_2025_v4/16_ANIO_INGRESO_CARRERA_ORIGEN.tsv	16_ANIO_INGRESO_CARRERA_ORIGEN.tsv	.tsv	25801	2026-06-25T11:51:41.346590-04:00	TRACKED_OR_UNMODIFIED	otro proceso: estudiantes extranjeros	SI	Inventario por ruta y metadatos; no inspecciona registros personales.
estudiantes_extranjeros_2026/data/governed/columnas_extranjeros_2025_v4/19_PAIS_UNIVERSIDAD_ORIGEN.tsv	19_PAIS_UNIVERSIDAD_ORIGEN.tsv	.tsv	23935	2026-06-25T11:51:41.463620-04:00	TRACKED_OR_UNMODIFIED	otro proceso: estudiantes extranjeros	SI	Inventario por ruta y metadatos; no inspecciona registros personales.
estudiantes_extranjeros_2026/data/governed/columnas_extranjeros_2025_v4/05_SEGUNDO_APELLIDO.tsv	05_SEGUNDO_APELLIDO.tsv	.tsv	22158	2026-06-25T11:51:40.834988-04:00	TRACKED_OR_UNMODIFIED	otro proceso: estudiantes extranjeros	SI	Inventario por ruta y metadatos; no inspecciona registros personales.
estudiantes_extranjeros_2026/data/governed/columnas_extranjeros_2025_v4/04_PRIMER_APELLIDO.tsv	04_PRIMER_APELLIDO.tsv	.tsv	22530	2026-06-25T11:51:40.832999-04:00	TRACKED_OR_UNMODIFIED	otro proceso: estudiantes extranjeros	SI	Inventario por ruta y metadatos; no inspecciona registros personales.
estudiantes_extranjeros_2026/data/governed/columnas_extranjeros_2025_v4/14_ANIO_INGRESO_CARRERA_ACTUAL.tsv	14_ANIO_INGRESO_CARRERA_ACTUAL.tsv	.tsv	24538	2026-06-25T11:51:41.232809-04:00	TRACKED_OR_UNMODIFIED	otro proceso: estudiantes extranjeros	SI	Inventario por ruta y metadatos; no inspecciona registros personales.
estudiantes_extranjeros_2026/data/governed/columnas_extranjeros_2025_v4/01_TIPO_DOCUMENTO.tsv	01_TIPO_DOCUMENTO.tsv	.tsv	21881	2026-06-25T11:51:40.827256-04:00	TRACKED_OR_UNMODIFIED	otro proceso: estudiantes extranjeros	SI	Inventario por ruta y metadatos; no inspecciona registros personales.
estudiantes_extranjeros_2026/data/governed/columnas_extranjeros_2025_v4/09_NACIONALIDAD.tsv	09_NACIONALIDAD.tsv	.tsv	24314	2026-06-25T11:51:40.844286-04:00	TRACKED_OR_UNMODIFIED	otro proceso: estudiantes extranjeros	SI	Inventario por ruta y metadatos; no inspecciona registros personales.
estudiantes_extranjeros_2026/data/governed/catalogos/TIPO_DOCUMENTO.tsv	TIPO_DOCUMENTO.tsv	.tsv	129	2026-06-24T18:01:30.117933-04:00	TRACKED_OR_UNMODIFIED	otro proceso: estudiantes extranjeros	SI	Inventario por ruta y metadatos; no inspecciona registros personales.
estudiantes_extranjeros_2026/data/governed/catalogos/TIPO_RESIDENCIA_ESTUDIANTE.tsv	TIPO_RESIDENCIA_ESTUDIANTE.tsv	.tsv	211	2026-06-24T18:01:30.118239-04:00	TRACKED_OR_UNMODIFIED	otro proceso: estudiantes extranjeros	SI	Inventario por ruta y metadatos; no inspecciona registros personales.
estudiantes_extranjeros_2026/data/governed/catalogos/NACIONALIDAD_SIES.tsv	NACIONALIDAD_SIES.tsv	.tsv	16215	2026-06-24T18:01:30.123963-04:00	TRACKED_OR_UNMODIFIED	otro proceso: estudiantes extranjeros	SI	Inventario por ruta y metadatos; no inspecciona registros personales.
estudiantes_extranjeros_2026/data/governed/columnas_extranjeros_2025_v6/06_NOMBRES.tsv	06_NOMBRES.tsv	.tsv	19531	2026-06-25T14:12:13.513951-04:00	TRACKED_OR_UNMODIFIED	otro proceso: estudiantes extranjeros	SI	Inventario por ruta y metadatos; no inspecciona registros personales.
estudiantes_extranjeros_2026/data/governed/columnas_extranjeros_2025_v6/13_CODIGO_UNICO.tsv	13_CODIGO_UNICO.tsv	.tsv	16791	2026-06-25T14:12:13.639148-04:00	TRACKED_OR_UNMODIFIED	otro proceso: estudiantes extranjeros	SI	Inventario por ruta y metadatos; no inspecciona registros personales.
estudiantes_extranjeros_2026/data/governed/columnas_extranjeros_2025_v6/08_FECHA_NACIMIENTO.tsv	08_FECHA_NACIMIENTO.tsv	.tsv	20571	2026-06-25T14:12:13.517467-04:00	TRACKED_OR_UNMODIFIED	otro proceso: estudiantes extranjeros	SI	Inventario por ruta y metadatos; no inspecciona registros personales.
estudiantes_extranjeros_2026/data/governed/columnas_extranjeros_2025_v6/02_NUM_DOCUMENTO.tsv	02_NUM_DOCUMENTO.tsv	.tsv	20817	2026-06-25T14:12:13.507127-04:00	TRACKED_OR_UNMODIFIED	otro proceso: estudiantes extranjeros	SI	Inventario por ruta y metadatos; no inspecciona registros personales.
estudiantes_extranjeros_2026/data/governed/columnas_extranjeros_2025_v6/17_SEM_INGRESO_CARRERA_ORIGEN.tsv	17_SEM_INGRESO_CARRERA_ORIGEN.tsv	.tsv	25005	2026-06-25T14:12:13.646460-04:00	TRACKED_OR_UNMODIFIED	otro proceso: estudiantes extranjeros	SI	Inventario por ruta y metadatos; no inspecciona registros personales.
estudiantes_extranjeros_2026/data/governed/columnas_extranjeros_2025_v6/07_SEXO.tsv	07_SEXO.tsv	.tsv	18061	2026-06-25T14:12:13.515639-04:00	TRACKED_OR_UNMODIFIED	otro proceso: estudiantes extranjeros	SI	Inventario por ruta y metadatos; no inspecciona registros personales.
estudiantes_extranjeros_2026/data/governed/columnas_extranjeros_2025_v6/15_SEM_INGRESO_CARRERA_ACTUAL.tsv	15_SEM_INGRESO_CARRERA_ACTUAL.tsv	.tsv	19561	2026-06-25T14:12:13.642728-04:00	TRACKED_OR_UNMODIFIED	otro proceso: estudiantes extranjeros	SI	Inventario por ruta y metadatos; no inspecciona registros personales.
estudiantes_extranjeros_2026/data/governed/columnas_extranjeros_2025_v6/03_DV.tsv	03_DV.tsv	.tsv	17597	2026-06-25T14:12:13.508752-04:00	TRACKED_OR_UNMODIFIED	otro proceso: estudiantes extranjeros	SI	Inventario por ruta y metadatos; no inspecciona registros personales.
estudiantes_extranjeros_2026/data/governed/columnas_extranjeros_2025_v6/20_VIGENCIA.tsv	20_VIGENCIA.tsv	.tsv	19526	2026-06-25T14:12:13.651858-04:00	TRACKED_OR_UNMODIFIED	otro proceso: estudiantes extranjeros	SI	Inventario por ruta y metadatos; no inspecciona registros personales.
estudiantes_extranjeros_2026/data/governed/columnas_extranjeros_2025_v6/10_TIPO_RESIDENCIA_ESTUDIANTE.tsv	10_TIPO_RESIDENCIA_ESTUDIANTE.tsv	.tsv	19105	2026-06-25T14:12:13.520602-04:00	TRACKED_OR_UNMODIFIED	otro proceso: estudiantes extranjeros	SI	Inventario por ruta y metadatos; no inspecciona registros personales.
estudiantes_extranjeros_2026/data/governed/columnas_extranjeros_2025_v6/11_PAIS_ORIGEN.tsv	11_PAIS_ORIGEN.tsv	.tsv	24168	2026-06-25T14:12:13.522239-04:00	TRACKED_OR_UNMODIFIED	otro proceso: estudiantes extranjeros	SI	Inventario por ruta y metadatos; no inspecciona registros personales.
estudiantes_extranjeros_2026/data/governed/columnas_extranjeros_2025_v6/12_PAIS_ESTUDIOS_SECUNDARIOS.tsv	12_PAIS_ESTUDIOS_SECUNDARIOS.tsv	.tsv	19128	2026-06-25T14:12:13.523876-04:00	TRACKED_OR_UNMODIFIED	otro proceso: estudiantes extranjeros	SI	Inventario por ruta y metadatos; no inspecciona registros personales.
estudiantes_extranjeros_2026/data/governed/columnas_extranjeros_2025_v6/18_NOMBRE_UNIVERSIDAD_ORIGEN.tsv	18_NOMBRE_UNIVERSIDAD_ORIGEN.tsv	.tsv	18678	2026-06-25T14:12:13.648084-04:00	TRACKED_OR_UNMODIFIED	otro proceso: estudiantes extranjeros	SI	Inventario por ruta y metadatos; no inspecciona registros personales.
estudiantes_extranjeros_2026/data/governed/columnas_extranjeros_2025_v6/16_ANIO_INGRESO_CARRERA_ORIGEN.tsv	16_ANIO_INGRESO_CARRERA_ORIGEN.tsv	.tsv	25399	2026-06-25T14:12:13.644462-04:00	TRACKED_OR_UNMODIFIED	otro proceso: estudiantes extranjeros	SI	Inventario por ruta y metadatos; no inspecciona registros personales.
estudiantes_extranjeros_2026/data/governed/columnas_extranjeros_2025_v6/19_PAIS_UNIVERSIDAD_ORIGEN.tsv	19_PAIS_UNIVERSIDAD_ORIGEN.tsv	.tsv	18556	2026-06-25T14:12:13.650210-04:00	TRACKED_OR_UNMODIFIED	otro proceso: estudiantes extranjeros	SI	Inventario por ruta y metadatos; no inspecciona registros personales.
estudiantes_extranjeros_2026/data/governed/columnas_extranjeros_2025_v6/05_SEGUNDO_APELLIDO.tsv	05_SEGUNDO_APELLIDO.tsv	.tsv	18609	2026-06-25T14:12:13.512214-04:00	TRACKED_OR_UNMODIFIED	otro proceso: estudiantes extranjeros	SI	Inventario por ruta y metadatos; no inspecciona registros personales.
estudiantes_extranjeros_2026/data/governed/columnas_extranjeros_2025_v6/04_PRIMER_APELLIDO.tsv	04_PRIMER_APELLIDO.tsv	.tsv	18995	2026-06-25T14:12:13.510435-04:00	TRACKED_OR_UNMODIFIED	otro proceso: estudiantes extranjeros	SI	Inventario por ruta y metadatos; no inspecciona registros personales.
estudiantes_extranjeros_2026/data/governed/columnas_extranjeros_2025_v6/14_ANIO_INGRESO_CARRERA_ACTUAL.tsv	14_ANIO_INGRESO_CARRERA_ACTUAL.tsv	.tsv	20321	2026-06-25T14:12:13.641046-04:00	TRACKED_OR_UNMODIFIED	otro proceso: estudiantes extranjeros	SI	Inventario por ruta y metadatos; no inspecciona registros personales.
estudiantes_extranjeros_2026/data/governed/columnas_extranjeros_2025_v6/01_TIPO_DOCUMENTO.tsv	01_TIPO_DOCUMENTO.tsv	.tsv	18819	2026-06-25T14:12:13.505368-04:00	TRACKED_OR_UNMODIFIED	otro proceso: estudiantes extranjeros	SI	Inventario por ruta y metadatos; no inspecciona registros personales.
estudiantes_extranjeros_2026/data/governed/columnas_extranjeros_2025_v6/09_NACIONALIDAD.tsv	09_NACIONALIDAD.tsv	.tsv	20626	2026-06-25T14:12:13.519126-04:00	TRACKED_OR_UNMODIFIED	otro proceso: estudiantes extranjeros	SI	Inventario por ruta y metadatos; no inspecciona registros personales.
estudiantes_extranjeros_2026/data/governed/columnas_extranjeros_2025_v7/06_NOMBRES.tsv	06_NOMBRES.tsv	.tsv	19531	2026-06-25T14:12:13.513951-04:00	TRACKED_OR_UNMODIFIED	otro proceso: estudiantes extranjeros	SI	Inventario por ruta y metadatos; no inspecciona registros personales.
estudiantes_extranjeros_2026/data/governed/columnas_extranjeros_2025_v7/13_CODIGO_UNICO.tsv	13_CODIGO_UNICO.tsv	.tsv	16471	2026-06-25T18:26:55.849590-04:00	TRACKED_OR_UNMODIFIED	otro proceso: estudiantes extranjeros	SI	Inventario por ruta y metadatos; no inspecciona registros personales.
estudiantes_extranjeros_2026/data/governed/columnas_extranjeros_2025_v7/08_FECHA_NACIMIENTO.tsv	08_FECHA_NACIMIENTO.tsv	.tsv	20571	2026-06-25T14:12:13.517467-04:00	TRACKED_OR_UNMODIFIED	otro proceso: estudiantes extranjeros	SI	Inventario por ruta y metadatos; no inspecciona registros personales.
estudiantes_extranjeros_2026/data/governed/columnas_extranjeros_2025_v7/02_NUM_DOCUMENTO.tsv	02_NUM_DOCUMENTO.tsv	.tsv	20817	2026-06-25T14:12:13.507127-04:00	TRACKED_OR_UNMODIFIED	otro proceso: estudiantes extranjeros	SI	Inventario por ruta y metadatos; no inspecciona registros personales.
estudiantes_extranjeros_2026/data/governed/columnas_extranjeros_2025_v7/17_SEM_INGRESO_CARRERA_ORIGEN.tsv	17_SEM_INGRESO_CARRERA_ORIGEN.tsv	.tsv	25005	2026-06-25T14:12:13.646460-04:00	TRACKED_OR_UNMODIFIED	otro proceso: estudiantes extranjeros	SI	Inventario por ruta y metadatos; no inspecciona registros personales.
estudiantes_extranjeros_2026/data/governed/columnas_extranjeros_2025_v7/07_SEXO.tsv	07_SEXO.tsv	.tsv	18061	2026-06-25T14:12:13.515639-04:00	TRACKED_OR_UNMODIFIED	otro proceso: estudiantes extranjeros	SI	Inventario por ruta y metadatos; no inspecciona registros personales.
estudiantes_extranjeros_2026/data/governed/columnas_extranjeros_2025_v7/15_SEM_INGRESO_CARRERA_ACTUAL.tsv	15_SEM_INGRESO_CARRERA_ACTUAL.tsv	.tsv	19561	2026-06-25T14:12:13.642728-04:00	TRACKED_OR_UNMODIFIED	otro proceso: estudiantes extranjeros	SI	Inventario por ruta y metadatos; no inspecciona registros personales.
estudiantes_extranjeros_2026/data/governed/columnas_extranjeros_2025_v7/03_DV.tsv	03_DV.tsv	.tsv	17597	2026-06-25T14:12:13.508752-04:00	TRACKED_OR_UNMODIFIED	otro proceso: estudiantes extranjeros	SI	Inventario por ruta y metadatos; no inspecciona registros personales.
estudiantes_extranjeros_2026/data/governed/columnas_extranjeros_2025_v7/20_VIGENCIA.tsv	20_VIGENCIA.tsv	.tsv	19526	2026-06-25T14:12:13.651858-04:00	TRACKED_OR_UNMODIFIED	otro proceso: estudiantes extranjeros	SI	Inventario por ruta y metadatos; no inspecciona registros personales.
estudiantes_extranjeros_2026/data/governed/columnas_extranjeros_2025_v7/10_TIPO_RESIDENCIA_ESTUDIANTE.tsv	10_TIPO_RESIDENCIA_ESTUDIANTE.tsv	.tsv	19105	2026-06-25T14:12:13.520602-04:00	TRACKED_OR_UNMODIFIED	otro proceso: estudiantes extranjeros	SI	Inventario por ruta y metadatos; no inspecciona registros personales.
estudiantes_extranjeros_2026/data/governed/columnas_extranjeros_2025_v7/11_PAIS_ORIGEN.tsv	11_PAIS_ORIGEN.tsv	.tsv	24168	2026-06-25T14:12:13.522239-04:00	TRACKED_OR_UNMODIFIED	otro proceso: estudiantes extranjeros	SI	Inventario por ruta y metadatos; no inspecciona registros personales.
estudiantes_extranjeros_2026/data/governed/columnas_extranjeros_2025_v7/12_PAIS_ESTUDIOS_SECUNDARIOS.tsv	12_PAIS_ESTUDIOS_SECUNDARIOS.tsv	.tsv	19128	2026-06-25T14:12:13.523876-04:00	TRACKED_OR_UNMODIFIED	otro proceso: estudiantes extranjeros	SI	Inventario por ruta y metadatos; no inspecciona registros personales.
estudiantes_extranjeros_2026/data/governed/columnas_extranjeros_2025_v7/18_NOMBRE_UNIVERSIDAD_ORIGEN.tsv	18_NOMBRE_UNIVERSIDAD_ORIGEN.tsv	.tsv	18678	2026-06-25T14:12:13.648084-04:00	TRACKED_OR_UNMODIFIED	otro proceso: estudiantes extranjeros	SI	Inventario por ruta y metadatos; no inspecciona registros personales.
estudiantes_extranjeros_2026/data/governed/columnas_extranjeros_2025_v7/16_ANIO_INGRESO_CARRERA_ORIGEN.tsv	16_ANIO_INGRESO_CARRERA_ORIGEN.tsv	.tsv	25399	2026-06-25T14:12:13.644462-04:00	TRACKED_OR_UNMODIFIED	otro proceso: estudiantes extranjeros	SI	Inventario por ruta y metadatos; no inspecciona registros personales.
estudiantes_extranjeros_2026/data/governed/columnas_extranjeros_2025_v7/19_PAIS_UNIVERSIDAD_ORIGEN.tsv	19_PAIS_UNIVERSIDAD_ORIGEN.tsv	.tsv	18556	2026-06-25T14:12:13.650210-04:00	TRACKED_OR_UNMODIFIED	otro proceso: estudiantes extranjeros	SI	Inventario por ruta y metadatos; no inspecciona registros personales.
estudiantes_extranjeros_2026/data/governed/columnas_extranjeros_2025_v7/05_SEGUNDO_APELLIDO.tsv	05_SEGUNDO_APELLIDO.tsv	.tsv	18609	2026-06-25T14:12:13.512214-04:00	TRACKED_OR_UNMODIFIED	otro proceso: estudiantes extranjeros	SI	Inventario por ruta y metadatos; no inspecciona registros personales.
estudiantes_extranjeros_2026/data/governed/columnas_extranjeros_2025_v7/04_PRIMER_APELLIDO.tsv	04_PRIMER_APELLIDO.tsv	.tsv	18995	2026-06-25T14:12:13.510435-04:00	TRACKED_OR_UNMODIFIED	otro proceso: estudiantes extranjeros	SI	Inventario por ruta y metadatos; no inspecciona registros personales.
estudiantes_extranjeros_2026/data/governed/columnas_extranjeros_2025_v7/14_ANIO_INGRESO_CARRERA_ACTUAL.tsv	14_ANIO_INGRESO_CARRERA_ACTUAL.tsv	.tsv	20321	2026-06-25T14:12:13.641046-04:00	TRACKED_OR_UNMODIFIED	otro proceso: estudiantes extranjeros	SI	Inventario por ruta y metadatos; no inspecciona registros personales.
estudiantes_extranjeros_2026/data/governed/columnas_extranjeros_2025_v7/01_TIPO_DOCUMENTO.tsv	01_TIPO_DOCUMENTO.tsv	.tsv	18819	2026-06-25T14:12:13.505368-04:00	TRACKED_OR_UNMODIFIED	otro proceso: estudiantes extranjeros	SI	Inventario por ruta y metadatos; no inspecciona registros personales.
estudiantes_extranjeros_2026/data/governed/columnas_extranjeros_2025_v7/09_NACIONALIDAD.tsv	09_NACIONALIDAD.tsv	.tsv	20626	2026-06-25T14:12:13.519126-04:00	TRACKED_OR_UNMODIFIED	otro proceso: estudiantes extranjeros	SI	Inventario por ruta y metadatos; no inspecciona registros personales.
estudiantes_extranjeros_2026/data/frozen/BASE_EXTRANJEROS_2025_CONGELADA_V2_61.xlsx	BASE_EXTRANJEROS_2025_CONGELADA_V2_61.xlsx	.xlsx	28515	2026-06-25T12:16:06.933175-04:00	TRACKED_OR_UNMODIFIED	otro proceso: estudiantes extranjeros	SI	Inventario por ruta y metadatos; no inspecciona registros personales.
estudiantes_extranjeros_2026/data/frozen/MANIFIESTO_BASE_EXTRANJEROS_2025_CONGELADA_V2_61 2.json	MANIFIESTO_BASE_EXTRANJEROS_2025_CONGELADA_V2_61 2.json	.json	3294	2026-06-25T12:16:06-04:00	TRACKED_OR_UNMODIFIED	otro proceso: estudiantes extranjeros	NO_DETERMINADO	Inventario por ruta y metadatos; no inspecciona registros personales.
estudiantes_extranjeros_2026/data/frozen/BASE_EXTRANJEROS_2025_CONGELADA_V2_61.tsv	BASE_EXTRANJEROS_2025_CONGELADA_V2_61.tsv	.tsv	41717	2026-06-25T12:16:06.881738-04:00	TRACKED_OR_UNMODIFIED	otro proceso: estudiantes extranjeros	SI	Inventario por ruta y metadatos; no inspecciona registros personales.
estudiantes_extranjeros_2026/data/frozen/BASE_EXTRANJEROS_2025_CONGELADA.tsv	BASE_EXTRANJEROS_2025_CONGELADA.tsv	.tsv	42402	2026-06-24T13:14:07.801754-04:00	TRACKED_OR_UNMODIFIED	otro proceso: estudiantes extranjeros	SI	Inventario por ruta y metadatos; no inspecciona registros personales.
estudiantes_extranjeros_2026/data/frozen/BASE_EXTRANJEROS_2025_CONGELADA_ORIGINAL.xlsx	BASE_EXTRANJEROS_2025_CONGELADA_ORIGINAL.xlsx	.xlsx	38729	2026-06-24T13:06:31.060580-04:00	TRACKED_OR_UNMODIFIED	otro proceso: estudiantes extranjeros	SI	Inventario por ruta y metadatos; no inspecciona registros personales.
estudiantes_extranjeros_2026/data/interim/BASE_MAESTRA_EXTRANJEROS_REGULARES_2025_CORREGIDA.csv	BASE_MAESTRA_EXTRANJEROS_REGULARES_2025_CORREGIDA.csv	.csv	319893	2026-06-18T10:52:06.451211-04:00	TRACKED_OR_UNMODIFIED	otro proceso: estudiantes extranjeros	SI	Inventario por ruta y metadatos; no inspecciona registros personales.
estudiantes_extranjeros_2026/data/interim/PRECARGA_EXTRANJEROS_REGULARES_2026_NORMALIZADA.csv	PRECARGA_EXTRANJEROS_REGULARES_2026_NORMALIZADA.csv	.csv	148917	2026-06-18T11:18:24.782156-04:00	TRACKED_OR_UNMODIFIED	precarga oficial o evidencia de precarga	SI	Inventario por ruta y metadatos; no inspecciona registros personales.
estudiantes_extranjeros_2026/data/interim/BASE_MAESTRA_EXTRANJEROS_REGULARES_2025.csv	BASE_MAESTRA_EXTRANJEROS_REGULARES_2025.csv	.csv	134370	2026-06-18T09:12:09.384623-04:00	TRACKED_OR_UNMODIFIED	otro proceso: estudiantes extranjeros	SI	Inventario por ruta y metadatos; no inspecciona registros personales.
estudiantes_extranjeros_2026/data/interim/BASE_EXTRANJEROS_2025_CONGELADA_NORMALIZADA.csv	BASE_EXTRANJEROS_2025_CONGELADA_NORMALIZADA.csv	.csv	51570	2026-06-24T13:34:16.235007-04:00	TRACKED_OR_UNMODIFIED	otro proceso: estudiantes extranjeros	SI	Inventario por ruta y metadatos; no inspecciona registros personales.
estudiantes_extranjeros_2026/data/interim/BASE_MAESTRA_EXTRANJEROS_REGULARES_2025_DEPURADA.csv	BASE_MAESTRA_EXTRANJEROS_REGULARES_2025_DEPURADA.csv	.csv	1514653	2026-06-18T11:55:40.845364-04:00	TRACKED_OR_UNMODIFIED	otro proceso: estudiantes extranjeros	SI	Inventario por ruta y metadatos; no inspecciona registros personales.
estudiantes_extranjeros_2026/data/interim/BASE_MAESTRA_EXTRANJEROS_REGULARES_2025_CONCILIADA_PRECARGA.csv	BASE_MAESTRA_EXTRANJEROS_REGULARES_2025_CONCILIADA_PRECARGA.csv	.csv	197785	2026-06-18T11:18:24.792894-04:00	TRACKED_OR_UNMODIFIED	precarga oficial o evidencia de precarga	SI	Inventario por ruta y metadatos; no inspecciona registros personales.
estudiantes_extranjeros_2026/data/processed/BASE_EXTRANJEROS_2025_CONGELADA_ENRIQUECIDA_CIERRE.csv	BASE_EXTRANJEROS_2025_CONGELADA_ENRIQUECIDA_CIERRE.csv	.csv	56402	2026-06-24T13:54:41.248095-04:00	TRACKED_OR_UNMODIFIED	otro proceso: estudiantes extranjeros	SI	Inventario por ruta y metadatos; no inspecciona registros personales.
estudiantes_extranjeros_2026/data/processed/MATRIZ_GOBERNANZA_EXTRANJEROS_2025_V7.csv	MATRIZ_GOBERNANZA_EXTRANJEROS_2025_V7.csv	.csv	151955	2026-06-25T18:26:55.821373-04:00	TRACKED_OR_UNMODIFIED	otro proceso: estudiantes extranjeros	SI	Inventario por ruta y metadatos; no inspecciona registros personales.
estudiantes_extranjeros_2026/data/processed/MATRIZ_GOBERNANZA_EXTRANJEROS_2025_V6.csv	MATRIZ_GOBERNANZA_EXTRANJEROS_2025_V6.csv	.csv	150555	2026-06-25T14:12:13.494648-04:00	TRACKED_OR_UNMODIFIED	otro proceso: estudiantes extranjeros	SI	Inventario por ruta y metadatos; no inspecciona registros personales.
estudiantes_extranjeros_2026/data/processed/MATRIZ_GOBERNANZA_EXTRANJEROS_2025_V4.csv	MATRIZ_GOBERNANZA_EXTRANJEROS_2025_V4.csv	.csv	150396	2026-06-25T11:51:40.817727-04:00	TRACKED_OR_UNMODIFIED	otro proceso: estudiantes extranjeros	SI	Inventario por ruta y metadatos; no inspecciona registros personales.
estudiantes_extranjeros_2026/data/processed/MATRIZ_GOBERNANZA_EXTRANJEROS_2025_V5.csv	MATRIZ_GOBERNANZA_EXTRANJEROS_2025_V5.csv	.csv	149027	2026-06-25T12:16:07.358696-04:00	TRACKED_OR_UNMODIFIED	otro proceso: estudiantes extranjeros	SI	Inventario por ruta y metadatos; no inspecciona registros personales.
estudiantes_extranjeros_2026/data/processed/MATRIZ_GOBERNANZA_EXTRANJEROS_2025_V2.csv	MATRIZ_GOBERNANZA_EXTRANJEROS_2025_V2.csv	.csv	115474	2026-06-24T18:29:34.976822-04:00	TRACKED_OR_UNMODIFIED	otro proceso: estudiantes extranjeros	SI	Inventario por ruta y metadatos; no inspecciona registros personales.
estudiantes_extranjeros_2026/data/processed/MATRIZ_GOBERNANZA_EXTRANJEROS_2025_V3.csv	MATRIZ_GOBERNANZA_EXTRANJEROS_2025_V3.csv	.csv	113856	2026-06-24T19:57:20.979112-04:00	TRACKED_OR_UNMODIFIED	otro proceso: estudiantes extranjeros	SI	Inventario por ruta y metadatos; no inspecciona registros personales.
estudiantes_extranjeros_2026/data/processed/MATRIZ_GOBERNANZA_EXTRANJEROS_2025_V8 2.csv	MATRIZ_GOBERNANZA_EXTRANJEROS_2025_V8 2.csv	.csv	151945	2026-06-25T21:57:41-04:00	TRACKED_OR_UNMODIFIED	otro proceso: estudiantes extranjeros	SI	Inventario por ruta y metadatos; no inspecciona registros personales.
estudiantes_extranjeros_2026/data/processed/BASE_EXTRANJEROS_2025_CONGELADA_ENRIQUECIDA.csv	BASE_EXTRANJEROS_2025_CONGELADA_ENRIQUECIDA.csv	.csv	91346	2026-06-24T13:34:16.243045-04:00	TRACKED_OR_UNMODIFIED	otro proceso: estudiantes extranjeros	SI	Inventario por ruta y metadatos; no inspecciona registros personales.
estudiantes_extranjeros_2026/data/processed/MATRIZ_GOBERNANZA_EXTRANJEROS_2025.csv	MATRIZ_GOBERNANZA_EXTRANJEROS_2025.csv	.csv	110775	2026-06-24T18:01:31.840161-04:00	TRACKED_OR_UNMODIFIED	otro proceso: estudiantes extranjeros	SI	Inventario por ruta y metadatos; no inspecciona registros personales.
estudiantes_extranjeros_2026/data/raw/REPORTE_PRECARGA_EXTRANJEROS_REGULARES_2026_ORIGINAL.csv	REPORTE_PRECARGA_EXTRANJEROS_REGULARES_2026_ORIGINAL.csv	.csv	19836	2026-06-18T11:10:19.430504-04:00	TRACKED_OR_UNMODIFIED	precarga oficial o evidencia de precarga	SI	Inventario por ruta y metadatos; no inspecciona registros personales.
estudiantes_extranjeros_2026/backups/pre_depuracion_4_cruces_20260618_115137/PRECARGA_EXTRANJEROS_REGULARES_2026_NORMALIZADA.csv	PRECARGA_EXTRANJEROS_REGULARES_2026_NORMALIZADA.csv	.csv	148917	2026-06-18T11:18:24.782156-04:00	TRACKED_OR_UNMODIFIED	precarga oficial o evidencia de precarga	NO_DETERMINADO	Inventario por ruta y metadatos; no inspecciona registros personales.
estudiantes_extranjeros_2026/backups/pre_depuracion_4_cruces_20260618_115137/MANIFIESTO_RESPALDO_PRE_DEPURACION_4_CRUCES.csv	MANIFIESTO_RESPALDO_PRE_DEPURACION_4_CRUCES.csv	.csv	1669	2026-06-18T11:51:37.842577-04:00	TRACKED_OR_UNMODIFIED	otro proceso: estudiantes extranjeros	NO_DETERMINADO	Inventario por ruta y metadatos; no inspecciona registros personales.
estudiantes_extranjeros_2026/backups/pre_depuracion_4_cruces_20260618_115137/REVISION_104_REGISTROS_CONTRA_PRECARGA.csv	REVISION_104_REGISTROS_CONTRA_PRECARGA.csv	.csv	25652	2026-06-18T11:18:24.794070-04:00	TRACKED_OR_UNMODIFIED	precarga oficial o evidencia de precarga	NO_DETERMINADO	Inventario por ruta y metadatos; no inspecciona registros personales.
estudiantes_extranjeros_2026/backups/pre_depuracion_4_cruces_20260618_115137/UNIVERSO_CONCILIADO_PRECARGA_EXTRANJEROS_2025.csv	UNIVERSO_CONCILIADO_PRECARGA_EXTRANJEROS_2025.csv	.csv	91099	2026-06-18T11:18:24.786461-04:00	TRACKED_OR_UNMODIFIED	precarga oficial o evidencia de precarga	NO_DETERMINADO	Inventario por ruta y metadatos; no inspecciona registros personales.
estudiantes_extranjeros_2026/backups/pre_depuracion_4_cruces_20260618_115137/CONCILIACION_PRECARGA_VS_MATRICULA_2025.csv	CONCILIACION_PRECARGA_VS_MATRICULA_2025.csv	.csv	94724	2026-06-18T11:18:24.784304-04:00	TRACKED_OR_UNMODIFIED	precarga oficial o evidencia de precarga	NO_DETERMINADO	Inventario por ruta y metadatos; no inspecciona registros personales.
estudiantes_extranjeros_2026/backups/pre_depuracion_4_cruces_20260618_115137/BASE_MAESTRA_EXTRANJEROS_REGULARES_2025_CONCILIADA_PRECARGA.csv	BASE_MAESTRA_EXTRANJEROS_REGULARES_2025_CONCILIADA_PRECARGA.csv	.csv	197785	2026-06-18T11:18:24.792894-04:00	TRACKED_OR_UNMODIFIED	precarga oficial o evidencia de precarga	NO_DETERMINADO	Inventario por ruta y metadatos; no inspecciona registros personales.
estudiantes_extranjeros_2026/backups/pre_resolucion_codigos_sies_v6_20260625_140631/MANIFIESTO_RESPALDO_V6.csv	MANIFIESTO_RESPALDO_V6.csv	.csv	4113	2026-06-25T14:06:31.701366-04:00	TRACKED_OR_UNMODIFIED	otro proceso: estudiantes extranjeros	NO_DETERMINADO	Inventario por ruta y metadatos; no inspecciona registros personales.
estudiantes_extranjeros_2026/backups/pre_resolucion_codigos_sies_v6_20260625_140631/resultados/auditorias/VALIDACION_CODIGOS_SIES_V6.csv	VALIDACION_CODIGOS_SIES_V6.csv	.csv	806	2026-06-25T14:05:59.738243-04:00	TRACKED_OR_UNMODIFIED	otro proceso: estudiantes extranjeros	SI	Inventario por ruta y metadatos; no inspecciona registros personales.
estudiantes_extranjeros_2026/backups/pre_resolucion_codigos_sies_v6_20260625_140631/resultados/auditorias/RESOLUCION_11_CODIGOS_SIES_DESDE_MATRICULA_UNIFICADA.csv	RESOLUCION_11_CODIGOS_SIES_DESDE_MATRICULA_UNIFICADA.csv	.csv	4100	2026-06-25T12:16:07.042844-04:00	TRACKED_OR_UNMODIFIED	otro proceso: estudiantes extranjeros	SI	Inventario por ruta y metadatos; no inspecciona registros personales.
estudiantes_extranjeros_2026/backups/pre_resolucion_codigos_sies_v6_20260625_140631/resultados/auditorias/REVISION_CODIGOS_SIES_EXTRANJEROS_V6.xlsx	REVISION_CODIGOS_SIES_EXTRANJEROS_V6.xlsx	.xlsx	203735	2026-06-25T14:06:00.082110-04:00	TRACKED_OR_UNMODIFIED	otro proceso: estudiantes extranjeros	SI	Inventario por ruta y metadatos; no inspecciona registros personales.
estudiantes_extranjeros_2026/backups/pre_resolucion_codigos_sies_v6_20260625_140631/resultados/auditorias/RESOLUCION_2_CODIGOS_SIES_V6.csv	RESOLUCION_2_CODIGOS_SIES_V6.csv	.csv	905	2026-06-25T14:05:59.529058-04:00	TRACKED_OR_UNMODIFIED	otro proceso: estudiantes extranjeros	SI	Inventario por ruta y metadatos; no inspecciona registros personales.
estudiantes_extranjeros_2026/backups/pre_resolucion_codigos_sies_v6_20260625_140631/resultados/auditorias/AUDITORIA_5_ADVERTENCIAS_V6.csv	AUDITORIA_5_ADVERTENCIAS_V6.csv	.csv	1099	2026-06-25T14:05:59.713362-04:00	TRACKED_OR_UNMODIFIED	otro proceso: estudiantes extranjeros	SI	Inventario por ruta y metadatos; no inspecciona registros personales.
estudiantes_extranjeros_2026/backups/pre_resolucion_codigos_sies_v6_20260625_140631/data/governed/columnas_extranjeros_2025_v5/06_NOMBRES.tsv	06_NOMBRES.tsv	.tsv	19531	2026-06-25T12:16:08.187419-04:00	TRACKED_OR_UNMODIFIED	otro proceso: estudiantes extranjeros	SI	Inventario por ruta y metadatos; no inspecciona registros personales.
estudiantes_extranjeros_2026/backups/pre_resolucion_codigos_sies_v6_20260625_140631/data/governed/columnas_extranjeros_2025_v5/13_CODIGO_UNICO.tsv	13_CODIGO_UNICO.tsv	.tsv	16406	2026-06-25T12:16:09.025736-04:00	TRACKED_OR_UNMODIFIED	otro proceso: estudiantes extranjeros	SI	Inventario por ruta y metadatos; no inspecciona registros personales.
estudiantes_extranjeros_2026/backups/pre_resolucion_codigos_sies_v6_20260625_140631/data/governed/columnas_extranjeros_2025_v5/08_FECHA_NACIMIENTO.tsv	08_FECHA_NACIMIENTO.tsv	.tsv	20571	2026-06-25T12:16:08.433163-04:00	TRACKED_OR_UNMODIFIED	otro proceso: estudiantes extranjeros	SI	Inventario por ruta y metadatos; no inspecciona registros personales.
estudiantes_extranjeros_2026/backups/pre_resolucion_codigos_sies_v6_20260625_140631/data/governed/columnas_extranjeros_2025_v5/02_NUM_DOCUMENTO.tsv	02_NUM_DOCUMENTO.tsv	.tsv	20817	2026-06-25T12:16:07.629997-04:00	TRACKED_OR_UNMODIFIED	otro proceso: estudiantes extranjeros	SI	Inventario por ruta y metadatos; no inspecciona registros personales.
estudiantes_extranjeros_2026/backups/pre_resolucion_codigos_sies_v6_20260625_140631/data/governed/columnas_extranjeros_2025_v5/17_SEM_INGRESO_CARRERA_ORIGEN.tsv	17_SEM_INGRESO_CARRERA_ORIGEN.tsv	.tsv	25005	2026-06-25T12:16:09.486669-04:00	TRACKED_OR_UNMODIFIED	otro proceso: estudiantes extranjeros	SI	Inventario por ruta y metadatos; no inspecciona registros personales.
estudiantes_extranjeros_2026/backups/pre_resolucion_codigos_sies_v6_20260625_140631/data/governed/columnas_extranjeros_2025_v5/07_SEXO.tsv	07_SEXO.tsv	.tsv	18061	2026-06-25T12:16:08.309912-04:00	TRACKED_OR_UNMODIFIED	otro proceso: estudiantes extranjeros	SI	Inventario por ruta y metadatos; no inspecciona registros personales.
estudiantes_extranjeros_2026/backups/pre_resolucion_codigos_sies_v6_20260625_140631/data/governed/columnas_extranjeros_2025_v5/15_SEM_INGRESO_CARRERA_ACTUAL.tsv	15_SEM_INGRESO_CARRERA_ACTUAL.tsv	.tsv	19561	2026-06-25T12:16:09.256831-04:00	TRACKED_OR_UNMODIFIED	otro proceso: estudiantes extranjeros	SI	Inventario por ruta y metadatos; no inspecciona registros personales.
estudiantes_extranjeros_2026/backups/pre_resolucion_codigos_sies_v6_20260625_140631/data/governed/columnas_extranjeros_2025_v5/03_DV.tsv	03_DV.tsv	.tsv	17597	2026-06-25T12:16:07.764438-04:00	TRACKED_OR_UNMODIFIED	otro proceso: estudiantes extranjeros	SI	Inventario por ruta y metadatos; no inspecciona registros personales.
estudiantes_extranjeros_2026/backups/pre_resolucion_codigos_sies_v6_20260625_140631/data/governed/columnas_extranjeros_2025_v5/20_VIGENCIA.tsv	20_VIGENCIA.tsv	.tsv	19526	2026-06-25T12:16:09.834636-04:00	TRACKED_OR_UNMODIFIED	otro proceso: estudiantes extranjeros	SI	Inventario por ruta y metadatos; no inspecciona registros personales.
estudiantes_extranjeros_2026/backups/pre_resolucion_codigos_sies_v6_20260625_140631/data/governed/columnas_extranjeros_2025_v5/10_TIPO_RESIDENCIA_ESTUDIANTE.tsv	10_TIPO_RESIDENCIA_ESTUDIANTE.tsv	.tsv	19105	2026-06-25T12:16:08.673355-04:00	TRACKED_OR_UNMODIFIED	otro proceso: estudiantes extranjeros	SI	Inventario por ruta y metadatos; no inspecciona registros personales.
estudiantes_extranjeros_2026/backups/pre_resolucion_codigos_sies_v6_20260625_140631/data/governed/columnas_extranjeros_2025_v5/11_PAIS_ORIGEN.tsv	11_PAIS_ORIGEN.tsv	.tsv	24168	2026-06-25T12:16:08.790134-04:00	TRACKED_OR_UNMODIFIED	otro proceso: estudiantes extranjeros	SI	Inventario por ruta y metadatos; no inspecciona registros personales.
estudiantes_extranjeros_2026/backups/pre_resolucion_codigos_sies_v6_20260625_140631/data/governed/columnas_extranjeros_2025_v5/12_PAIS_ESTUDIOS_SECUNDARIOS.tsv	12_PAIS_ESTUDIOS_SECUNDARIOS.tsv	.tsv	19128	2026-06-25T12:16:08.906817-04:00	TRACKED_OR_UNMODIFIED	otro proceso: estudiantes extranjeros	SI	Inventario por ruta y metadatos; no inspecciona registros personales.
estudiantes_extranjeros_2026/backups/pre_resolucion_codigos_sies_v6_20260625_140631/data/governed/columnas_extranjeros_2025_v5/18_NOMBRE_UNIVERSIDAD_ORIGEN.tsv	18_NOMBRE_UNIVERSIDAD_ORIGEN.tsv	.tsv	18678	2026-06-25T12:16:09.601485-04:00	TRACKED_OR_UNMODIFIED	otro proceso: estudiantes extranjeros	SI	Inventario por ruta y metadatos; no inspecciona registros personales.
estudiantes_extranjeros_2026/backups/pre_resolucion_codigos_sies_v6_20260625_140631/data/governed/columnas_extranjeros_2025_v5/16_ANIO_INGRESO_CARRERA_ORIGEN.tsv	16_ANIO_INGRESO_CARRERA_ORIGEN.tsv	.tsv	25399	2026-06-25T12:16:09.370435-04:00	TRACKED_OR_UNMODIFIED	otro proceso: estudiantes extranjeros	SI	Inventario por ruta y metadatos; no inspecciona registros personales.
estudiantes_extranjeros_2026/backups/pre_resolucion_codigos_sies_v6_20260625_140631/data/governed/columnas_extranjeros_2025_v5/19_PAIS_UNIVERSIDAD_ORIGEN.tsv	19_PAIS_UNIVERSIDAD_ORIGEN.tsv	.tsv	18556	2026-06-25T12:16:09.715384-04:00	TRACKED_OR_UNMODIFIED	otro proceso: estudiantes extranjeros	SI	Inventario por ruta y metadatos; no inspecciona registros personales.
estudiantes_extranjeros_2026/backups/pre_resolucion_codigos_sies_v6_20260625_140631/data/governed/columnas_extranjeros_2025_v5/05_SEGUNDO_APELLIDO.tsv	05_SEGUNDO_APELLIDO.tsv	.tsv	18609	2026-06-25T12:16:08.055747-04:00	TRACKED_OR_UNMODIFIED	otro proceso: estudiantes extranjeros	SI	Inventario por ruta y metadatos; no inspecciona registros personales.
estudiantes_extranjeros_2026/backups/pre_resolucion_codigos_sies_v6_20260625_140631/data/governed/columnas_extranjeros_2025_v5/04_PRIMER_APELLIDO.tsv	04_PRIMER_APELLIDO.tsv	.tsv	18995	2026-06-25T12:16:07.903881-04:00	TRACKED_OR_UNMODIFIED	otro proceso: estudiantes extranjeros	SI	Inventario por ruta y metadatos; no inspecciona registros personales.
estudiantes_extranjeros_2026/backups/pre_resolucion_codigos_sies_v6_20260625_140631/data/governed/columnas_extranjeros_2025_v5/14_ANIO_INGRESO_CARRERA_ACTUAL.tsv	14_ANIO_INGRESO_CARRERA_ACTUAL.tsv	.tsv	20321	2026-06-25T12:16:09.139555-04:00	TRACKED_OR_UNMODIFIED	otro proceso: estudiantes extranjeros	SI	Inventario por ruta y metadatos; no inspecciona registros personales.
estudiantes_extranjeros_2026/backups/pre_resolucion_codigos_sies_v6_20260625_140631/data/governed/columnas_extranjeros_2025_v5/01_TIPO_DOCUMENTO.tsv	01_TIPO_DOCUMENTO.tsv	.tsv	18819	2026-06-25T12:16:07.492383-04:00	TRACKED_OR_UNMODIFIED	otro proceso: estudiantes extranjeros	SI	Inventario por ruta y metadatos; no inspecciona registros personales.
estudiantes_extranjeros_2026/backups/pre_resolucion_codigos_sies_v6_20260625_140631/data/governed/columnas_extranjeros_2025_v5/09_NACIONALIDAD.tsv	09_NACIONALIDAD.tsv	.tsv	20626	2026-06-25T12:16:08.556939-04:00	TRACKED_OR_UNMODIFIED	otro proceso: estudiantes extranjeros	SI	Inventario por ruta y metadatos; no inspecciona registros personales.
estudiantes_extranjeros_2026/backups/pre_resolucion_codigos_sies_v6_20260625_140631/data/governed/columnas_extranjeros_2025_v6/06_NOMBRES.tsv	06_NOMBRES.tsv	.tsv	19531	2026-06-25T14:05:59.556822-04:00	TRACKED_OR_UNMODIFIED	otro proceso: estudiantes extranjeros	SI	Inventario por ruta y metadatos; no inspecciona registros personales.
estudiantes_extranjeros_2026/backups/pre_resolucion_codigos_sies_v6_20260625_140631/data/governed/columnas_extranjeros_2025_v6/13_CODIGO_UNICO.tsv	13_CODIGO_UNICO.tsv	.tsv	16791	2026-06-25T14:05:59.685533-04:00	TRACKED_OR_UNMODIFIED	otro proceso: estudiantes extranjeros	SI	Inventario por ruta y metadatos; no inspecciona registros personales.
estudiantes_extranjeros_2026/backups/pre_resolucion_codigos_sies_v6_20260625_140631/data/governed/columnas_extranjeros_2025_v6/08_FECHA_NACIMIENTO.tsv	08_FECHA_NACIMIENTO.tsv	.tsv	20571	2026-06-25T14:05:59.560159-04:00	TRACKED_OR_UNMODIFIED	otro proceso: estudiantes extranjeros	SI	Inventario por ruta y metadatos; no inspecciona registros personales.
estudiantes_extranjeros_2026/backups/pre_resolucion_codigos_sies_v6_20260625_140631/data/governed/columnas_extranjeros_2025_v6/02_NUM_DOCUMENTO.tsv	02_NUM_DOCUMENTO.tsv	.tsv	20817	2026-06-25T14:05:59.550148-04:00	TRACKED_OR_UNMODIFIED	otro proceso: estudiantes extranjeros	SI	Inventario por ruta y metadatos; no inspecciona registros personales.
estudiantes_extranjeros_2026/backups/pre_resolucion_codigos_sies_v6_20260625_140631/data/governed/columnas_extranjeros_2025_v6/17_SEM_INGRESO_CARRERA_ORIGEN.tsv	17_SEM_INGRESO_CARRERA_ORIGEN.tsv	.tsv	25005	2026-06-25T14:05:59.695461-04:00	TRACKED_OR_UNMODIFIED	otro proceso: estudiantes extranjeros	SI	Inventario por ruta y metadatos; no inspecciona registros personales.
estudiantes_extranjeros_2026/backups/pre_resolucion_codigos_sies_v6_20260625_140631/data/governed/columnas_extranjeros_2025_v6/07_SEXO.tsv	07_SEXO.tsv	.tsv	18061	2026-06-25T14:05:59.558465-04:00	TRACKED_OR_UNMODIFIED	otro proceso: estudiantes extranjeros	SI	Inventario por ruta y metadatos; no inspecciona registros personales.
estudiantes_extranjeros_2026/backups/pre_resolucion_codigos_sies_v6_20260625_140631/data/governed/columnas_extranjeros_2025_v6/15_SEM_INGRESO_CARRERA_ACTUAL.tsv	15_SEM_INGRESO_CARRERA_ACTUAL.tsv	.tsv	19561	2026-06-25T14:05:59.691824-04:00	TRACKED_OR_UNMODIFIED	otro proceso: estudiantes extranjeros	SI	Inventario por ruta y metadatos; no inspecciona registros personales.
estudiantes_extranjeros_2026/backups/pre_resolucion_codigos_sies_v6_20260625_140631/data/governed/columnas_extranjeros_2025_v6/03_DV.tsv	03_DV.tsv	.tsv	17597	2026-06-25T14:05:59.551735-04:00	TRACKED_OR_UNMODIFIED	otro proceso: estudiantes extranjeros	SI	Inventario por ruta y metadatos; no inspecciona registros personales.
estudiantes_extranjeros_2026/backups/pre_resolucion_codigos_sies_v6_20260625_140631/data/governed/columnas_extranjeros_2025_v6/20_VIGENCIA.tsv	20_VIGENCIA.tsv	.tsv	19526	2026-06-25T14:05:59.700339-04:00	TRACKED_OR_UNMODIFIED	otro proceso: estudiantes extranjeros	SI	Inventario por ruta y metadatos; no inspecciona registros personales.
estudiantes_extranjeros_2026/backups/pre_resolucion_codigos_sies_v6_20260625_140631/data/governed/columnas_extranjeros_2025_v6/10_TIPO_RESIDENCIA_ESTUDIANTE.tsv	10_TIPO_RESIDENCIA_ESTUDIANTE.tsv	.tsv	19105	2026-06-25T14:05:59.564032-04:00	TRACKED_OR_UNMODIFIED	otro proceso: estudiantes extranjeros	SI	Inventario por ruta y metadatos; no inspecciona registros personales.
estudiantes_extranjeros_2026/backups/pre_resolucion_codigos_sies_v6_20260625_140631/data/governed/columnas_extranjeros_2025_v6/11_PAIS_ORIGEN.tsv	11_PAIS_ORIGEN.tsv	.tsv	24168	2026-06-25T14:05:59.566004-04:00	TRACKED_OR_UNMODIFIED	otro proceso: estudiantes extranjeros	SI	Inventario por ruta y metadatos; no inspecciona registros personales.
estudiantes_extranjeros_2026/backups/pre_resolucion_codigos_sies_v6_20260625_140631/data/governed/columnas_extranjeros_2025_v6/12_PAIS_ESTUDIOS_SECUNDARIOS.tsv	12_PAIS_ESTUDIOS_SECUNDARIOS.tsv	.tsv	19128	2026-06-25T14:05:59.567651-04:00	TRACKED_OR_UNMODIFIED	otro proceso: estudiantes extranjeros	SI	Inventario por ruta y metadatos; no inspecciona registros personales.
estudiantes_extranjeros_2026/backups/pre_resolucion_codigos_sies_v6_20260625_140631/data/governed/columnas_extranjeros_2025_v6/18_NOMBRE_UNIVERSIDAD_ORIGEN.tsv	18_NOMBRE_UNIVERSIDAD_ORIGEN.tsv	.tsv	18678	2026-06-25T14:05:59.697135-04:00	TRACKED_OR_UNMODIFIED	otro proceso: estudiantes extranjeros	SI	Inventario por ruta y metadatos; no inspecciona registros personales.
estudiantes_extranjeros_2026/backups/pre_resolucion_codigos_sies_v6_20260625_140631/data/governed/columnas_extranjeros_2025_v6/16_ANIO_INGRESO_CARRERA_ORIGEN.tsv	16_ANIO_INGRESO_CARRERA_ORIGEN.tsv	.tsv	25399	2026-06-25T14:05:59.693602-04:00	TRACKED_OR_UNMODIFIED	otro proceso: estudiantes extranjeros	SI	Inventario por ruta y metadatos; no inspecciona registros personales.
estudiantes_extranjeros_2026/backups/pre_resolucion_codigos_sies_v6_20260625_140631/data/governed/columnas_extranjeros_2025_v6/19_PAIS_UNIVERSIDAD_ORIGEN.tsv	19_PAIS_UNIVERSIDAD_ORIGEN.tsv	.tsv	18556	2026-06-25T14:05:59.698733-04:00	TRACKED_OR_UNMODIFIED	otro proceso: estudiantes extranjeros	SI	Inventario por ruta y metadatos; no inspecciona registros personales.
estudiantes_extranjeros_2026/backups/pre_resolucion_codigos_sies_v6_20260625_140631/data/governed/columnas_extranjeros_2025_v6/05_SEGUNDO_APELLIDO.tsv	05_SEGUNDO_APELLIDO.tsv	.tsv	18609	2026-06-25T14:05:59.555163-04:00	TRACKED_OR_UNMODIFIED	otro proceso: estudiantes extranjeros	SI	Inventario por ruta y metadatos; no inspecciona registros personales.
estudiantes_extranjeros_2026/backups/pre_resolucion_codigos_sies_v6_20260625_140631/data/governed/columnas_extranjeros_2025_v6/04_PRIMER_APELLIDO.tsv	04_PRIMER_APELLIDO.tsv	.tsv	18995	2026-06-25T14:05:59.553435-04:00	TRACKED_OR_UNMODIFIED	otro proceso: estudiantes extranjeros	SI	Inventario por ruta y metadatos; no inspecciona registros personales.
estudiantes_extranjeros_2026/backups/pre_resolucion_codigos_sies_v6_20260625_140631/data/governed/columnas_extranjeros_2025_v6/14_ANIO_INGRESO_CARRERA_ACTUAL.tsv	14_ANIO_INGRESO_CARRERA_ACTUAL.tsv	.tsv	20321	2026-06-25T14:05:59.688886-04:00	TRACKED_OR_UNMODIFIED	otro proceso: estudiantes extranjeros	SI	Inventario por ruta y metadatos; no inspecciona registros personales.
estudiantes_extranjeros_2026/backups/pre_resolucion_codigos_sies_v6_20260625_140631/data/governed/columnas_extranjeros_2025_v6/01_TIPO_DOCUMENTO.tsv	01_TIPO_DOCUMENTO.tsv	.tsv	18819	2026-06-25T14:05:59.548415-04:00	TRACKED_OR_UNMODIFIED	otro proceso: estudiantes extranjeros	SI	Inventario por ruta y metadatos; no inspecciona registros personales.
estudiantes_extranjeros_2026/backups/pre_resolucion_codigos_sies_v6_20260625_140631/data/governed/columnas_extranjeros_2025_v6/09_NACIONALIDAD.tsv	09_NACIONALIDAD.tsv	.tsv	20626	2026-06-25T14:05:59.561962-04:00	TRACKED_OR_UNMODIFIED	otro proceso: estudiantes extranjeros	SI	Inventario por ruta y metadatos; no inspecciona registros personales.
estudiantes_extranjeros_2026/backups/pre_resolucion_codigos_sies_v6_20260625_140631/data/processed/MATRIZ_GOBERNANZA_EXTRANJEROS_2025_V6.csv	MATRIZ_GOBERNANZA_EXTRANJEROS_2025_V6.csv	.csv	150555	2026-06-25T14:05:59.543820-04:00	TRACKED_OR_UNMODIFIED	otro proceso: estudiantes extranjeros	SI	Inventario por ruta y metadatos; no inspecciona registros personales.
estudiantes_extranjeros_2026/backups/pre_resolucion_codigos_sies_v6_20260625_140631/data/processed/MATRIZ_GOBERNANZA_EXTRANJEROS_2025_V5.csv	MATRIZ_GOBERNANZA_EXTRANJEROS_2025_V5.csv	.csv	149027	2026-06-25T12:16:07.358696-04:00	TRACKED_OR_UNMODIFIED	otro proceso: estudiantes extranjeros	SI	Inventario por ruta y metadatos; no inspecciona registros personales.
estudiantes_extranjeros_2026/backups/pre_aplicacion_reglas_institucionales_v4_20260624_231505/README 2.md	README 2.md	.md	14757	2026-06-24T18:02:00-04:00	TRACKED_OR_UNMODIFIED	otro proceso: estudiantes extranjeros	NO_DETERMINADO	Inventario por ruta y metadatos; no inspecciona registros personales.
estudiantes_extranjeros_2026/backups/pre_fase2_20260618_091118/NOMINA_GESTION_MANUAL_DETALLE_FASE2.csv	NOMINA_GESTION_MANUAL_DETALLE_FASE2.csv	.csv	19941	2026-06-18T09:10:06.488665-04:00	TRACKED_OR_UNMODIFIED	fuente normativa	NO_DETERMINADO	Inventario por ruta y metadatos; no inspecciona registros personales.
estudiantes_extranjeros_2026/backups/pre_fase2_20260618_091118/UNIVERSO_CANDIDATOS_EXTRANJEROS_2025.csv	UNIVERSO_CANDIDATOS_EXTRANJEROS_2025.csv	.csv	10778	2026-06-18T09:10:06.482066-04:00	TRACKED_OR_UNMODIFIED	otro proceso: estudiantes extranjeros	NO_DETERMINADO	Inventario por ruta y metadatos; no inspecciona registros personales.
estudiantes_extranjeros_2026/backups/pre_fase2_20260618_091118/MANIFIESTO_ARCHIVOS_FASE2.csv	MANIFIESTO_ARCHIVOS_FASE2.csv	.csv	3391	2026-06-18T09:10:06.518224-04:00	TRACKED_OR_UNMODIFIED	otro proceso: estudiantes extranjeros	NO_DETERMINADO	Inventario por ruta y metadatos; no inspecciona registros personales.
estudiantes_extranjeros_2026/backups/pre_fase2_20260618_091118/RESOLUCION_CODIGO_UNICO.csv	RESOLUCION_CODIGO_UNICO.csv	.csv	12159	2026-06-18T09:10:06.486843-04:00	TRACKED_OR_UNMODIFIED	otro proceso: estudiantes extranjeros	NO_DETERMINADO	Inventario por ruta y metadatos; no inspecciona registros personales.
estudiantes_extranjeros_2026/backups/pre_fase2_20260618_091118/AUDITORIA_CRUCES_BASE_MAESTRA.csv	AUDITORIA_CRUCES_BASE_MAESTRA.csv	.csv	1123	2026-06-18T09:10:06.486153-04:00	TRACKED_OR_UNMODIFIED	otro proceso: estudiantes extranjeros	NO_DETERMINADO	Inventario por ruta y metadatos; no inspecciona registros personales.
estudiantes_extranjeros_2026/backups/pre_fase2_20260618_091118/PLANILLA_GESTION_DOCENCIA_EXTRANJEROS_2025.xlsx	PLANILLA_GESTION_DOCENCIA_EXTRANJEROS_2025.xlsx	.xlsx	25251	2026-06-18T09:10:06.516475-04:00	TRACKED_OR_UNMODIFIED	otro proceso: estudiantes extranjeros	NO_DETERMINADO	Inventario por ruta y metadatos; no inspecciona registros personales.
estudiantes_extranjeros_2026/backups/pre_fase2_20260618_091118/BASE_MAESTRA_EXTRANJEROS_REGULARES_2025.csv	BASE_MAESTRA_EXTRANJEROS_REGULARES_2025.csv	.csv	134370	2026-06-18T09:10:06.485557-04:00	TRACKED_OR_UNMODIFIED	otro proceso: estudiantes extranjeros	NO_DETERMINADO	Inventario por ruta y metadatos; no inspecciona registros personales.
estudiantes_extranjeros_2026/backups/pre_fase2_20260618_091118/COBERTURA_VARIABLES_BASE_MAESTRA.csv	COBERTURA_VARIABLES_BASE_MAESTRA.csv	.csv	1665	2026-06-18T09:10:06.489130-04:00	TRACKED_OR_UNMODIFIED	otro proceso: estudiantes extranjeros	NO_DETERMINADO	Inventario por ruta y metadatos; no inspecciona registros personales.
estudiantes_extranjeros_2026/backups/pre_fase2_20260618_091118/CATALOGO_PAISES_SIES_2026.csv	CATALOGO_PAISES_SIES_2026.csv	.csv	22162	2026-06-18T09:10:06.489908-04:00	TRACKED_OR_UNMODIFIED	otro proceso: estudiantes extranjeros	NO_DETERMINADO	Inventario por ruta y metadatos; no inspecciona registros personales.
estudiantes_extranjeros_2026/backups/pre_fase2_20260618_091118/AUDITORIA_VIGENCIA_2025.csv	AUDITORIA_VIGENCIA_2025.csv	.csv	7437	2026-06-18T09:10:06.487390-04:00	TRACKED_OR_UNMODIFIED	otro proceso: estudiantes extranjeros	NO_DETERMINADO	Inventario por ruta y metadatos; no inspecciona registros personales.
estudiantes_extranjeros_2026/backups/pre_fase2_20260618_091118/NOMINA_SOLICITUD_DATOS_DOCENCIA.csv	NOMINA_SOLICITUD_DATOS_DOCENCIA.csv	.csv	6084	2026-06-18T09:10:06.487853-04:00	TRACKED_OR_UNMODIFIED	otro proceso: estudiantes extranjeros	NO_DETERMINADO	Inventario por ruta y metadatos; no inspecciona registros personales.
estudiantes_extranjeros_2026/backups/pre_fase2_20260618_091118/MANIFIESTO_RESPALDO_PRE_FASE2.csv	MANIFIESTO_RESPALDO_PRE_FASE2.csv	.csv	3393	2026-06-18T09:11:18.669646-04:00	TRACKED_OR_UNMODIFIED	otro proceso: estudiantes extranjeros	NO_DETERMINADO	Inventario por ruta y metadatos; no inspecciona registros personales.
estudiantes_extranjeros_2026/backups/pre_conciliacion_62_vs_257_salidas_20260624_133412/MANIFIESTO_RESPALDO_SALIDAS_CONCILIACION_62_VS_257.csv	MANIFIESTO_RESPALDO_SALIDAS_CONCILIACION_62_VS_257.csv	.csv	2864	2026-06-24T13:34:12.514993-04:00	TRACKED_OR_UNMODIFIED	otro proceso: estudiantes extranjeros	NO_DETERMINADO	Inventario por ruta y metadatos; no inspecciona registros personales.
estudiantes_extranjeros_2026/backups/pre_conciliacion_62_vs_257_salidas_20260624_133412/resultados/auditorias/MAPEO_COLUMNAS_BASE_CONGELADA_62.csv	MAPEO_COLUMNAS_BASE_CONGELADA_62.csv	.csv	1461	2026-06-24T13:32:52.004512-04:00	TRACKED_OR_UNMODIFIED	otro proceso: estudiantes extranjeros	SI	Inventario por ruta y metadatos; no inspecciona registros personales.
estudiantes_extranjeros_2026/backups/pre_conciliacion_62_vs_257_salidas_20260624_133412/resultados/auditorias/CONCILIACION_62_CONGELADOS_VS_257.csv	CONCILIACION_62_CONGELADOS_VS_257.csv	.csv	38352	2026-06-24T13:32:52.006793-04:00	TRACKED_OR_UNMODIFIED	otro proceso: estudiantes extranjeros	SI	Inventario por ruta y metadatos; no inspecciona registros personales.
estudiantes_extranjeros_2026/backups/pre_conciliacion_62_vs_257_salidas_20260624_133412/resultados/auditorias/CONCILIACION_TRAZABLE_BASE_62_VS_UNIVERSO_257.xlsx	CONCILIACION_TRAZABLE_BASE_62_VS_UNIVERSO_257.xlsx	.xlsx	158769	2026-06-24T13:32:52.199132-04:00	TRACKED_OR_UNMODIFIED	otro proceso: estudiantes extranjeros	SI	Inventario por ruta y metadatos; no inspecciona registros personales.
estudiantes_extranjeros_2026/backups/pre_conciliacion_62_vs_257_salidas_20260624_133412/resultados/auditorias/AUDITORIA_NACIONALIDAD_BASE_CONGELADA_62.csv	AUDITORIA_NACIONALIDAD_BASE_CONGELADA_62.csv	.csv	12025	2026-06-24T13:32:52.012911-04:00	TRACKED_OR_UNMODIFIED	otro proceso: estudiantes extranjeros	SI	Inventario por ruta y metadatos; no inspecciona registros personales.
estudiantes_extranjeros_2026/backups/pre_conciliacion_62_vs_257_salidas_20260624_133412/resultados/auditorias/CONCILIACION_62_VS_MATRICULA_2025.csv	CONCILIACION_62_VS_MATRICULA_2025.csv	.csv	6951	2026-06-24T13:32:52.009526-04:00	TRACKED_OR_UNMODIFIED	otro proceso: estudiantes extranjeros	SI	Inventario por ruta y metadatos; no inspecciona registros personales.
estudiantes_extranjeros_2026/backups/pre_conciliacion_62_vs_257_salidas_20260624_133412/resultados/auditorias/REGISTROS_257_NO_INCLUIDOS_EN_BASE_62.csv	REGISTROS_257_NO_INCLUIDOS_EN_BASE_62.csv	.csv	71048	2026-06-24T13:32:52.008427-04:00	TRACKED_OR_UNMODIFIED	otro proceso: estudiantes extranjeros	SI	Inventario por ruta y metadatos; no inspecciona registros personales.
estudiantes_extranjeros_2026/backups/pre_conciliacion_62_vs_257_salidas_20260624_133412/resultados/auditorias/VALIDACION_CONCILIACION_62_VS_257.csv	VALIDACION_CONCILIACION_62_VS_257.csv	.csv	1014	2026-06-24T13:32:52.356360-04:00	TRACKED_OR_UNMODIFIED	otro proceso: estudiantes extranjeros	SI	Inventario por ruta y metadatos; no inspecciona registros personales.
estudiantes_extranjeros_2026/backups/pre_conciliacion_62_vs_257_salidas_20260624_133412/resultados/auditorias/CONCILIACION_62_VS_PRECARGA_PES.csv	CONCILIACION_62_VS_PRECARGA_PES.csv	.csv	13774	2026-06-24T13:32:52.009020-04:00	TRACKED_OR_UNMODIFIED	precarga oficial o evidencia de precarga	SI	Inventario por ruta y metadatos; no inspecciona registros personales.
estudiantes_extranjeros_2026/backups/pre_conciliacion_62_vs_257_salidas_20260624_133412/resultados/auditorias/METADATA_CONCILIACION_62_VS_257.csv	METADATA_CONCILIACION_62_VS_257.csv	.csv	2794	2026-06-24T13:32:52.004323-04:00	TRACKED_OR_UNMODIFIED	otro proceso: estudiantes extranjeros	SI	Inventario por ruta y metadatos; no inspecciona registros personales.
estudiantes_extranjeros_2026/backups/pre_conciliacion_62_vs_257_salidas_20260624_133412/data/interim/BASE_EXTRANJEROS_2025_CONGELADA_NORMALIZADA.csv	BASE_EXTRANJEROS_2025_CONGELADA_NORMALIZADA.csv	.csv	51570	2026-06-24T13:32:52.005836-04:00	TRACKED_OR_UNMODIFIED	otro proceso: estudiantes extranjeros	SI	Inventario por ruta y metadatos; no inspecciona registros personales.
estudiantes_extranjeros_2026/backups/pre_conciliacion_62_vs_257_salidas_20260624_133412/data/processed/BASE_EXTRANJEROS_2025_CONGELADA_ENRIQUECIDA.csv	BASE_EXTRANJEROS_2025_CONGELADA_ENRIQUECIDA.csv	.csv	91346	2026-06-24T13:32:52.012439-04:00	TRACKED_OR_UNMODIFIED	otro proceso: estudiantes extranjeros	SI	Inventario por ruta y metadatos; no inspecciona registros personales.
estudiantes_extranjeros_2026/backups/pre_gobernanza_columnas_extranjeros_20260624_180026/MANIFIESTO_RESPALDO_PRE_GOBERNANZA_COLUMNAS.csv	MANIFIESTO_RESPALDO_PRE_GOBERNANZA_COLUMNAS.csv	.csv	4260	2026-06-24T18:00:26.406275-04:00	TRACKED_OR_UNMODIFIED	otro proceso: estudiantes extranjeros	NO_DETERMINADO	Inventario por ruta y metadatos; no inspecciona registros personales.
estudiantes_extranjeros_2026/backups/pre_gobernanza_columnas_extranjeros_20260624_180026/resultados/auditorias/GOBERNANZA_COLUMNAS_EXTRANJEROS_2025.xlsx	GOBERNANZA_COLUMNAS_EXTRANJEROS_2025.xlsx	.xlsx	299406	2026-06-24T18:00:04.299897-04:00	TRACKED_OR_UNMODIFIED	otro proceso: estudiantes extranjeros	SI	Inventario por ruta y metadatos; no inspecciona registros personales.
estudiantes_extranjeros_2026/backups/pre_gobernanza_columnas_extranjeros_20260624_180026/resultados/auditorias/COBERTURA_GOBERNANZA_REGISTROS_62.csv	COBERTURA_GOBERNANZA_REGISTROS_62.csv	.csv	10552	2026-06-24T18:00:03.598249-04:00	TRACKED_OR_UNMODIFIED	otro proceso: estudiantes extranjeros	SI	Inventario por ruta y metadatos; no inspecciona registros personales.
estudiantes_extranjeros_2026/backups/pre_gobernanza_columnas_extranjeros_20260624_180026/resultados/auditorias/INSPECCION_ESTRUCTURA_OFICIAL_EXTRANJEROS_2025.csv	INSPECCION_ESTRUCTURA_OFICIAL_EXTRANJEROS_2025.csv	.csv	1247	2026-06-24T17:59:58.338389-04:00	TRACKED_OR_UNMODIFIED	otro proceso: estudiantes extranjeros	SI	Inventario por ruta y metadatos; no inspecciona registros personales.
estudiantes_extranjeros_2026/backups/pre_gobernanza_columnas_extranjeros_20260624_180026/resultados/auditorias/COBERTURA_GOBERNANZA_COLUMNAS_EXTRANJEROS_2025.csv	COBERTURA_GOBERNANZA_COLUMNAS_EXTRANJEROS_2025.csv	.csv	1240	2026-06-24T18:00:03.597674-04:00	TRACKED_OR_UNMODIFIED	otro proceso: estudiantes extranjeros	SI	Inventario por ruta y metadatos; no inspecciona registros personales.
estudiantes_extranjeros_2026/backups/pre_gobernanza_columnas_extranjeros_20260624_180026/config/ESQUEMA_OFICIAL_EXTRANJEROS_REGULARES_2025.tsv	ESQUEMA_OFICIAL_EXTRANJEROS_REGULARES_2025.tsv	.tsv	8615	2026-06-24T17:59:58.338881-04:00	TRACKED_OR_UNMODIFIED	otro proceso: estudiantes extranjeros	NO_DETERMINADO	Inventario por ruta y metadatos; no inspecciona registros personales.
estudiantes_extranjeros_2026/backups/pre_gobernanza_columnas_extranjeros_20260624_180026/config/DICCIONARIO_GOBERNANZA_EXTRANJEROS_2025.tsv	DICCIONARIO_GOBERNANZA_EXTRANJEROS_2025.tsv	.tsv	15015	2026-06-24T18:00:03.590273-04:00	TRACKED_OR_UNMODIFIED	otro proceso: estudiantes extranjeros	NO_DETERMINADO	Inventario por ruta y metadatos; no inspecciona registros personales.
estudiantes_extranjeros_2026/backups/pre_gobernanza_columnas_extranjeros_20260624_180026/scripts/gobernar_columnas_extranjeros_2025 2.py	gobernar_columnas_extranjeros_2025 2.py	.py	87591	2026-06-24T18:00:21-04:00	TRACKED_OR_UNMODIFIED	otro proceso: estudiantes extranjeros	NO_DETERMINADO	Inventario por ruta y metadatos; no inspecciona registros personales.
estudiantes_extranjeros_2026/backups/pre_gobernanza_columnas_extranjeros_20260624_180026/data/governed/columnas_extranjeros_2025/06_NOMBRES.tsv	06_NOMBRES.tsv	.tsv	21369	2026-06-24T18:00:03.572912-04:00	TRACKED_OR_UNMODIFIED	otro proceso: estudiantes extranjeros	SI	Inventario por ruta y metadatos; no inspecciona registros personales.
estudiantes_extranjeros_2026/backups/pre_gobernanza_columnas_extranjeros_20260624_180026/data/governed/columnas_extranjeros_2025/13_CODIGO_UNICO.tsv	13_CODIGO_UNICO.tsv	.tsv	22480	2026-06-24T18:00:03.578115-04:00	TRACKED_OR_UNMODIFIED	otro proceso: estudiantes extranjeros	SI	Inventario por ruta y metadatos; no inspecciona registros personales.
estudiantes_extranjeros_2026/backups/pre_gobernanza_columnas_extranjeros_20260624_180026/data/governed/columnas_extranjeros_2025/08_FECHA_NACIMIENTO.tsv	08_FECHA_NACIMIENTO.tsv	.tsv	21437	2026-06-24T18:00:03.574309-04:00	TRACKED_OR_UNMODIFIED	otro proceso: estudiantes extranjeros	SI	Inventario por ruta y metadatos; no inspecciona registros personales.
estudiantes_extranjeros_2026/backups/pre_gobernanza_columnas_extranjeros_20260624_180026/data/governed/columnas_extranjeros_2025/02_NUM_DOCUMENTO.tsv	02_NUM_DOCUMENTO.tsv	.tsv	22823	2026-06-24T18:00:03.570281-04:00	TRACKED_OR_UNMODIFIED	otro proceso: estudiantes extranjeros	SI	Inventario por ruta y metadatos; no inspecciona registros personales.
estudiantes_extranjeros_2026/backups/pre_gobernanza_columnas_extranjeros_20260624_180026/data/governed/columnas_extranjeros_2025/17_SEM_INGRESO_CARRERA_ORIGEN.tsv	17_SEM_INGRESO_CARRERA_ORIGEN.tsv	.tsv	20517	2026-06-24T18:00:03.580846-04:00	TRACKED_OR_UNMODIFIED	otro proceso: estudiantes extranjeros	SI	Inventario por ruta y metadatos; no inspecciona registros personales.
estudiantes_extranjeros_2026/backups/pre_gobernanza_columnas_extranjeros_20260624_180026/data/governed/columnas_extranjeros_2025/07_SEXO.tsv	07_SEXO.tsv	.tsv	21339	2026-06-24T18:00:03.573600-04:00	TRACKED_OR_UNMODIFIED	otro proceso: estudiantes extranjeros	SI	Inventario por ruta y metadatos; no inspecciona registros personales.
estudiantes_extranjeros_2026/backups/pre_gobernanza_columnas_extranjeros_20260624_180026/data/governed/columnas_extranjeros_2025/15_SEM_INGRESO_CARRERA_ACTUAL.tsv	15_SEM_INGRESO_CARRERA_ACTUAL.tsv	.tsv	19824	2026-06-24T18:00:03.579562-04:00	TRACKED_OR_UNMODIFIED	otro proceso: estudiantes extranjeros	SI	Inventario por ruta y metadatos; no inspecciona registros personales.
estudiantes_extranjeros_2026/backups/pre_gobernanza_columnas_extranjeros_20260624_180026/data/governed/columnas_extranjeros_2025/03_DV.tsv	03_DV.tsv	.tsv	19077	2026-06-24T18:00:03.570927-04:00	TRACKED_OR_UNMODIFIED	otro proceso: estudiantes extranjeros	SI	Inventario por ruta y metadatos; no inspecciona registros personales.
estudiantes_extranjeros_2026/backups/pre_gobernanza_columnas_extranjeros_20260624_180026/data/governed/columnas_extranjeros_2025/20_VIGENCIA.tsv	20_VIGENCIA.tsv	.tsv	24476	2026-06-24T18:00:03.582708-04:00	TRACKED_OR_UNMODIFIED	otro proceso: estudiantes extranjeros	SI	Inventario por ruta y metadatos; no inspecciona registros personales.
estudiantes_extranjeros_2026/backups/pre_gobernanza_columnas_extranjeros_20260624_180026/data/governed/columnas_extranjeros_2025/10_TIPO_RESIDENCIA_ESTUDIANTE.tsv	10_TIPO_RESIDENCIA_ESTUDIANTE.tsv	.tsv	15992	2026-06-24T18:00:03.575840-04:00	TRACKED_OR_UNMODIFIED	otro proceso: estudiantes extranjeros	SI	Inventario por ruta y metadatos; no inspecciona registros personales.
estudiantes_extranjeros_2026/backups/pre_gobernanza_columnas_extranjeros_20260624_180026/data/governed/columnas_extranjeros_2025/11_PAIS_ORIGEN.tsv	11_PAIS_ORIGEN.tsv	.tsv	16922	2026-06-24T18:00:03.576545-04:00	TRACKED_OR_UNMODIFIED	otro proceso: estudiantes extranjeros	SI	Inventario por ruta y metadatos; no inspecciona registros personales.
estudiantes_extranjeros_2026/backups/pre_gobernanza_columnas_extranjeros_20260624_180026/data/governed/columnas_extranjeros_2025/12_PAIS_ESTUDIOS_SECUNDARIOS.tsv	12_PAIS_ESTUDIOS_SECUNDARIOS.tsv	.tsv	21583	2026-06-24T18:00:03.577354-04:00	TRACKED_OR_UNMODIFIED	otro proceso: estudiantes extranjeros	SI	Inventario por ruta y metadatos; no inspecciona registros personales.
estudiantes_extranjeros_2026/backups/pre_gobernanza_columnas_extranjeros_20260624_180026/data/governed/columnas_extranjeros_2025/18_NOMBRE_UNIVERSIDAD_ORIGEN.tsv	18_NOMBRE_UNIVERSIDAD_ORIGEN.tsv	.tsv	17170	2026-06-24T18:00:03.581440-04:00	TRACKED_OR_UNMODIFIED	otro proceso: estudiantes extranjeros	SI	Inventario por ruta y metadatos; no inspecciona registros personales.
estudiantes_extranjeros_2026/backups/pre_gobernanza_columnas_extranjeros_20260624_180026/data/governed/columnas_extranjeros_2025/16_ANIO_INGRESO_CARRERA_ORIGEN.tsv	16_ANIO_INGRESO_CARRERA_ORIGEN.tsv	.tsv	20596	2026-06-24T18:00:03.580206-04:00	TRACKED_OR_UNMODIFIED	otro proceso: estudiantes extranjeros	SI	Inventario por ruta y metadatos; no inspecciona registros personales.
estudiantes_extranjeros_2026/backups/pre_gobernanza_columnas_extranjeros_20260624_180026/data/governed/columnas_extranjeros_2025/19_PAIS_UNIVERSIDAD_ORIGEN.tsv	19_PAIS_UNIVERSIDAD_ORIGEN.tsv	.tsv	16054	2026-06-24T18:00:03.582034-04:00	TRACKED_OR_UNMODIFIED	otro proceso: estudiantes extranjeros	SI	Inventario por ruta y metadatos; no inspecciona registros personales.
estudiantes_extranjeros_2026/backups/pre_gobernanza_columnas_extranjeros_20260624_180026/data/governed/columnas_extranjeros_2025/05_SEGUNDO_APELLIDO.tsv	05_SEGUNDO_APELLIDO.tsv	.tsv	20433	2026-06-24T18:00:03.572241-04:00	TRACKED_OR_UNMODIFIED	otro proceso: estudiantes extranjeros	SI	Inventario por ruta y metadatos; no inspecciona registros personales.
estudiantes_extranjeros_2026/backups/pre_gobernanza_columnas_extranjeros_20260624_180026/data/governed/columnas_extranjeros_2025/04_PRIMER_APELLIDO.tsv	04_PRIMER_APELLIDO.tsv	.tsv	20715	2026-06-24T18:00:03.571591-04:00	TRACKED_OR_UNMODIFIED	otro proceso: estudiantes extranjeros	SI	Inventario por ruta y metadatos; no inspecciona registros personales.
estudiantes_extranjeros_2026/backups/pre_gobernanza_columnas_extranjeros_20260624_180026/data/governed/columnas_extranjeros_2025/14_ANIO_INGRESO_CARRERA_ACTUAL.tsv	14_ANIO_INGRESO_CARRERA_ACTUAL.tsv	.tsv	22702	2026-06-24T18:00:03.578863-04:00	TRACKED_OR_UNMODIFIED	otro proceso: estudiantes extranjeros	SI	Inventario por ruta y metadatos; no inspecciona registros personales.
estudiantes_extranjeros_2026/backups/pre_gobernanza_columnas_extranjeros_20260624_180026/data/governed/columnas_extranjeros_2025/01_TIPO_DOCUMENTO.tsv	01_TIPO_DOCUMENTO.tsv	.tsv	22585	2026-06-24T18:00:03.569527-04:00	TRACKED_OR_UNMODIFIED	otro proceso: estudiantes extranjeros	SI	Inventario por ruta y metadatos; no inspecciona registros personales.
estudiantes_extranjeros_2026/backups/pre_gobernanza_columnas_extranjeros_20260624_180026/data/governed/columnas_extranjeros_2025/09_NACIONALIDAD.tsv	09_NACIONALIDAD.tsv	.tsv	26153	2026-06-24T18:00:03.575074-04:00	TRACKED_OR_UNMODIFIED	otro proceso: estudiantes extranjeros	SI	Inventario por ruta y metadatos; no inspecciona registros personales.
estudiantes_extranjeros_2026/backups/pre_gobernanza_columnas_extranjeros_20260624_180026/data/governed/catalogos/TIPO_DOCUMENTO.tsv	TIPO_DOCUMENTO.tsv	.tsv	129	2026-06-24T18:00:01.838381-04:00	TRACKED_OR_UNMODIFIED	otro proceso: estudiantes extranjeros	SI	Inventario por ruta y metadatos; no inspecciona registros personales.
estudiantes_extranjeros_2026/backups/pre_gobernanza_columnas_extranjeros_20260624_180026/data/governed/catalogos/TIPO_RESIDENCIA_ESTUDIANTE.tsv	TIPO_RESIDENCIA_ESTUDIANTE.tsv	.tsv	211	2026-06-24T18:00:01.838591-04:00	TRACKED_OR_UNMODIFIED	otro proceso: estudiantes extranjeros	SI	Inventario por ruta y metadatos; no inspecciona registros personales.
estudiantes_extranjeros_2026/backups/pre_gobernanza_columnas_extranjeros_20260624_180026/data/governed/catalogos/NACIONALIDAD_SIES.tsv	NACIONALIDAD_SIES.tsv	.tsv	16215	2026-06-24T18:00:01.850304-04:00	TRACKED_OR_UNMODIFIED	otro proceso: estudiantes extranjeros	SI	Inventario por ruta y metadatos; no inspecciona registros personales.
estudiantes_extranjeros_2026/backups/pre_gobernanza_columnas_extranjeros_20260624_180026/data/processed/MATRIZ_GOBERNANZA_EXTRANJEROS_2025.csv	MATRIZ_GOBERNANZA_EXTRANJEROS_2025.csv	.csv	101911	2026-06-24T18:00:03.589440-04:00	TRACKED_OR_UNMODIFIED	otro proceso: estudiantes extranjeros	SI	Inventario por ruta y metadatos; no inspecciona registros personales.
estudiantes_extranjeros_2026/backups/pre_correccion_gobernanza_extranjeros_2025_v2_20260624_182929/MANIFIESTO_RESPALDO_PRE_CORRECCION_GOBERNANZA_V2.csv	MANIFIESTO_RESPALDO_PRE_CORRECCION_GOBERNANZA_V2.csv	.csv	160	2026-06-24T18:29:29.620115-04:00	TRACKED_OR_UNMODIFIED	otro proceso: estudiantes extranjeros	NO_DETERMINADO	Inventario por ruta y metadatos; no inspecciona registros personales.
estudiantes_extranjeros_2026/backups/pre_busqueda_final_pendientes_v3_20260624_195634/README 2.md	README 2.md	.md	14757	2026-06-24T18:02:00-04:00	TRACKED_OR_UNMODIFIED	otro proceso: estudiantes extranjeros	NO_DETERMINADO	Inventario por ruta y metadatos; no inspecciona registros personales.
estudiantes_extranjeros_2026/backups/pre_busqueda_final_pendientes_v3_20260624_195634/resultados/gestion/NOMINA_LEVANTAMIENTO_PENDIENTES_EXTRANJEROS_2025.xlsx	NOMINA_LEVANTAMIENTO_PENDIENTES_EXTRANJEROS_2025.xlsx	.xlsx	31589	2026-06-24T19:55:19.437162-04:00	TRACKED_OR_UNMODIFIED	otro proceso: estudiantes extranjeros	SI	Inventario por ruta y metadatos; no inspecciona registros personales.
estudiantes_extranjeros_2026/backups/pre_busqueda_final_pendientes_v3_20260624_195634/resultados/auditorias/RESOLUCION_3_VIGENCIAS_V3.csv	RESOLUCION_3_VIGENCIAS_V3.csv	.csv	1310	2026-06-24T19:55:19.151739-04:00	TRACKED_OR_UNMODIFIED	otro proceso: estudiantes extranjeros	SI	Inventario por ruta y metadatos; no inspecciona registros personales.
estudiantes_extranjeros_2026/backups/pre_busqueda_final_pendientes_v3_20260624_195634/resultados/auditorias/VALIDACION_BUSQUEDA_FINAL_PENDIENTES_V3.csv	VALIDACION_BUSQUEDA_FINAL_PENDIENTES_V3.csv	.csv	1508	2026-06-24T19:55:19.444185-04:00	TRACKED_OR_UNMODIFIED	otro proceso: estudiantes extranjeros	SI	Inventario por ruta y metadatos; no inspecciona registros personales.
estudiantes_extranjeros_2026/backups/pre_busqueda_final_pendientes_v3_20260624_195634/resultados/auditorias/RESOLUCION_1_NACIONALIDAD_V3.csv	RESOLUCION_1_NACIONALIDAD_V3.csv	.csv	431	2026-06-24T19:55:19.152363-04:00	TRACKED_OR_UNMODIFIED	otro proceso: estudiantes extranjeros	SI	Inventario por ruta y metadatos; no inspecciona registros personales.
estudiantes_extranjeros_2026/backups/pre_busqueda_final_pendientes_v3_20260624_195634/resultados/auditorias/RESOLUCION_12_INGRESO_CARRERA_ORIGEN_V3.csv	RESOLUCION_12_INGRESO_CARRERA_ORIGEN_V3.csv	.csv	2135	2026-06-24T19:55:19.151236-04:00	TRACKED_OR_UNMODIFIED	otro proceso: estudiantes extranjeros	SI	Inventario por ruta y metadatos; no inspecciona registros personales.
estudiantes_extranjeros_2026/backups/pre_busqueda_final_pendientes_v3_20260624_195634/resultados/auditorias/RESOLUCION_RESIDENCIA_PAIS_ORIGEN_V3.csv	RESOLUCION_RESIDENCIA_PAIS_ORIGEN_V3.csv	.csv	22206	2026-06-24T19:55:19.148238-04:00	TRACKED_OR_UNMODIFIED	otro proceso: estudiantes extranjeros	SI	Inventario por ruta y metadatos; no inspecciona registros personales.
estudiantes_extranjeros_2026/backups/pre_busqueda_final_pendientes_v3_20260624_195634/resultados/auditorias/RESOLUCION_17_CODIGOS_UNICOS_V3.csv	RESOLUCION_17_CODIGOS_UNICOS_V3.csv	.csv	4247	2026-06-24T19:55:19.150512-04:00	TRACKED_OR_UNMODIFIED	otro proceso: estudiantes extranjeros	SI	Inventario por ruta y metadatos; no inspecciona registros personales.
estudiantes_extranjeros_2026/backups/pre_busqueda_final_pendientes_v3_20260624_195634/resultados/auditorias/RESOLUCION_12_PAIS_ESTUDIOS_SECUNDARIOS_V3.csv	RESOLUCION_12_PAIS_ESTUDIOS_SECUNDARIOS_V3.csv	.csv	2369	2026-06-24T19:55:19.149688-04:00	TRACKED_OR_UNMODIFIED	otro proceso: estudiantes extranjeros	SI	Inventario por ruta y metadatos; no inspecciona registros personales.
estudiantes_extranjeros_2026/backups/pre_busqueda_final_pendientes_v3_20260624_195634/resultados/auditorias/COMPARACION_GOBERNANZA_V2_VS_V3.csv	COMPARACION_GOBERNANZA_V2_VS_V3.csv	.csv	1175	2026-06-24T19:55:19.243833-04:00	TRACKED_OR_UNMODIFIED	otro proceso: estudiantes extranjeros	SI	Inventario por ruta y metadatos; no inspecciona registros personales.
estudiantes_extranjeros_2026/backups/pre_busqueda_final_pendientes_v3_20260624_195634/resultados/auditorias/INVENTARIO_FINAL_FUENTES_PENDIENTES_V3.csv	INVENTARIO_FINAL_FUENTES_PENDIENTES_V3.csv	.csv	490918	2026-06-24T19:55:17.927067-04:00	TRACKED_OR_UNMODIFIED	otro proceso: estudiantes extranjeros	SI	Inventario por ruta y metadatos; no inspecciona registros personales.
estudiantes_extranjeros_2026/backups/pre_busqueda_final_pendientes_v3_20260624_195634/resultados/auditorias/PENDIENTES_EXACTOS_GOBERNANZA_V2.csv	PENDIENTES_EXACTOS_GOBERNANZA_V2.csv	.csv	44023	2026-06-24T19:54:35.369454-04:00	TRACKED_OR_UNMODIFIED	otro proceso: estudiantes extranjeros	SI	Inventario por ruta y metadatos; no inspecciona registros personales.
estudiantes_extranjeros_2026/backups/pre_busqueda_final_pendientes_v3_20260624_195634/resultados/auditorias/EVIDENCIAS_NUEVAS_PENDIENTES_V3.csv	EVIDENCIAS_NUEVAS_PENDIENTES_V3.csv	.csv	75326	2026-06-24T19:55:19.155003-04:00	TRACKED_OR_UNMODIFIED	otro proceso: estudiantes extranjeros	SI	Inventario por ruta y metadatos; no inspecciona registros personales.
estudiantes_extranjeros_2026/backups/pre_busqueda_final_pendientes_v3_20260624_195634/scripts/buscar_y_resolver_pendientes_extranjeros_v3 2.py	buscar_y_resolver_pendientes_extranjeros_v3 2.py	.py	59836	2026-06-24T19:56:29-04:00	TRACKED_OR_UNMODIFIED	otro proceso: estudiantes extranjeros	NO_DETERMINADO	Inventario por ruta y metadatos; no inspecciona registros personales.
estudiantes_extranjeros_2026/backups/pre_busqueda_final_pendientes_v3_20260624_195634/data/governed/columnas_extranjeros_2025_v3/06_NOMBRES.tsv	06_NOMBRES.tsv	.tsv	23082	2026-06-24T19:55:19.279675-04:00	TRACKED_OR_UNMODIFIED	otro proceso: estudiantes extranjeros	SI	Inventario por ruta y metadatos; no inspecciona registros personales.
estudiantes_extranjeros_2026/backups/pre_busqueda_final_pendientes_v3_20260624_195634/data/governed/columnas_extranjeros_2025_v3/13_CODIGO_UNICO.tsv	13_CODIGO_UNICO.tsv	.tsv	26273	2026-06-24T19:55:19.363804-04:00	TRACKED_OR_UNMODIFIED	otro proceso: estudiantes extranjeros	SI	Inventario por ruta y metadatos; no inspecciona registros personales.
estudiantes_extranjeros_2026/backups/pre_busqueda_final_pendientes_v3_20260624_195634/data/governed/columnas_extranjeros_2025_v3/08_FECHA_NACIMIENTO.tsv	08_FECHA_NACIMIENTO.tsv	.tsv	23660	2026-06-24T19:55:19.283899-04:00	TRACKED_OR_UNMODIFIED	otro proceso: estudiantes extranjeros	SI	Inventario por ruta y metadatos; no inspecciona registros personales.
estudiantes_extranjeros_2026/backups/pre_busqueda_final_pendientes_v3_20260624_195634/data/governed/columnas_extranjeros_2025_v3/02_NUM_DOCUMENTO.tsv	02_NUM_DOCUMENTO.tsv	.tsv	23967	2026-06-24T19:55:19.266996-04:00	TRACKED_OR_UNMODIFIED	otro proceso: estudiantes extranjeros	SI	Inventario por ruta y metadatos; no inspecciona registros personales.
estudiantes_extranjeros_2026/backups/pre_busqueda_final_pendientes_v3_20260624_195634/data/governed/columnas_extranjeros_2025_v3/17_SEM_INGRESO_CARRERA_ORIGEN.tsv	17_SEM_INGRESO_CARRERA_ORIGEN.tsv	.tsv	22020	2026-06-24T19:55:19.375055-04:00	TRACKED_OR_UNMODIFIED	otro proceso: estudiantes extranjeros	SI	Inventario por ruta y metadatos; no inspecciona registros personales.
estudiantes_extranjeros_2026/backups/pre_busqueda_final_pendientes_v3_20260624_195634/data/governed/columnas_extranjeros_2025_v3/07_SEXO.tsv	07_SEXO.tsv	.tsv	21754	2026-06-24T19:55:19.282024-04:00	TRACKED_OR_UNMODIFIED	otro proceso: estudiantes extranjeros	SI	Inventario por ruta y metadatos; no inspecciona registros personales.
estudiantes_extranjeros_2026/backups/pre_busqueda_final_pendientes_v3_20260624_195634/data/governed/columnas_extranjeros_2025_v3/15_SEM_INGRESO_CARRERA_ACTUAL.tsv	15_SEM_INGRESO_CARRERA_ACTUAL.tsv	.tsv	24016	2026-06-24T19:55:19.368753-04:00	TRACKED_OR_UNMODIFIED	otro proceso: estudiantes extranjeros	SI	Inventario por ruta y metadatos; no inspecciona registros personales.
estudiantes_extranjeros_2026/backups/pre_busqueda_final_pendientes_v3_20260624_195634/data/governed/columnas_extranjeros_2025_v3/03_DV.tsv	03_DV.tsv	.tsv	19479	2026-06-24T19:55:19.270511-04:00	TRACKED_OR_UNMODIFIED	otro proceso: estudiantes extranjeros	SI	Inventario por ruta y metadatos; no inspecciona registros personales.
estudiantes_extranjeros_2026/backups/pre_busqueda_final_pendientes_v3_20260624_195634/data/governed/columnas_extranjeros_2025_v3/20_VIGENCIA.tsv	20_VIGENCIA.tsv	.tsv	23680	2026-06-24T19:55:19.386049-04:00	TRACKED_OR_UNMODIFIED	otro proceso: estudiantes extranjeros	SI	Inventario por ruta y metadatos; no inspecciona registros personales.
estudiantes_extranjeros_2026/backups/pre_busqueda_final_pendientes_v3_20260624_195634/data/governed/columnas_extranjeros_2025_v3/10_TIPO_RESIDENCIA_ESTUDIANTE.tsv	10_TIPO_RESIDENCIA_ESTUDIANTE.tsv	.tsv	21145	2026-06-24T19:55:19.287678-04:00	TRACKED_OR_UNMODIFIED	otro proceso: estudiantes extranjeros	SI	Inventario por ruta y metadatos; no inspecciona registros personales.
estudiantes_extranjeros_2026/backups/pre_busqueda_final_pendientes_v3_20260624_195634/data/governed/columnas_extranjeros_2025_v3/11_PAIS_ORIGEN.tsv	11_PAIS_ORIGEN.tsv	.tsv	30011	2026-06-24T19:55:19.351801-04:00	TRACKED_OR_UNMODIFIED	otro proceso: estudiantes extranjeros	SI	Inventario por ruta y metadatos; no inspecciona registros personales.
estudiantes_extranjeros_2026/backups/pre_busqueda_final_pendientes_v3_20260624_195634/data/governed/columnas_extranjeros_2025_v3/12_PAIS_ESTUDIOS_SECUNDARIOS.tsv	12_PAIS_ESTUDIOS_SECUNDARIOS.tsv	.tsv	23296	2026-06-24T19:55:19.354534-04:00	TRACKED_OR_UNMODIFIED	otro proceso: estudiantes extranjeros	SI	Inventario por ruta y metadatos; no inspecciona registros personales.
estudiantes_extranjeros_2026/backups/pre_busqueda_final_pendientes_v3_20260624_195634/data/governed/columnas_extranjeros_2025_v3/18_NOMBRE_UNIVERSIDAD_ORIGEN.tsv	18_NOMBRE_UNIVERSIDAD_ORIGEN.tsv	.tsv	24059	2026-06-24T19:55:19.378124-04:00	TRACKED_OR_UNMODIFIED	otro proceso: estudiantes extranjeros	SI	Inventario por ruta y metadatos; no inspecciona registros personales.
estudiantes_extranjeros_2026/backups/pre_busqueda_final_pendientes_v3_20260624_195634/data/governed/columnas_extranjeros_2025_v3/16_ANIO_INGRESO_CARRERA_ORIGEN.tsv	16_ANIO_INGRESO_CARRERA_ORIGEN.tsv	.tsv	22182	2026-06-24T19:55:19.371066-04:00	TRACKED_OR_UNMODIFIED	otro proceso: estudiantes extranjeros	SI	Inventario por ruta y metadatos; no inspecciona registros personales.
estudiantes_extranjeros_2026/backups/pre_busqueda_final_pendientes_v3_20260624_195634/data/governed/columnas_extranjeros_2025_v3/19_PAIS_UNIVERSIDAD_ORIGEN.tsv	19_PAIS_UNIVERSIDAD_ORIGEN.tsv	.tsv	23935	2026-06-24T19:55:19.381397-04:00	TRACKED_OR_UNMODIFIED	otro proceso: estudiantes extranjeros	SI	Inventario por ruta y metadatos; no inspecciona registros personales.
estudiantes_extranjeros_2026/backups/pre_busqueda_final_pendientes_v3_20260624_195634/data/governed/columnas_extranjeros_2025_v3/05_SEGUNDO_APELLIDO.tsv	05_SEGUNDO_APELLIDO.tsv	.tsv	22158	2026-06-24T19:55:19.276364-04:00	TRACKED_OR_UNMODIFIED	otro proceso: estudiantes extranjeros	SI	Inventario por ruta y metadatos; no inspecciona registros personales.
estudiantes_extranjeros_2026/backups/pre_busqueda_final_pendientes_v3_20260624_195634/data/governed/columnas_extranjeros_2025_v3/04_PRIMER_APELLIDO.tsv	04_PRIMER_APELLIDO.tsv	.tsv	22530	2026-06-24T19:55:19.273819-04:00	TRACKED_OR_UNMODIFIED	otro proceso: estudiantes extranjeros	SI	Inventario por ruta y metadatos; no inspecciona registros personales.
estudiantes_extranjeros_2026/backups/pre_busqueda_final_pendientes_v3_20260624_195634/data/governed/columnas_extranjeros_2025_v3/14_ANIO_INGRESO_CARRERA_ACTUAL.tsv	14_ANIO_INGRESO_CARRERA_ACTUAL.tsv	.tsv	24538	2026-06-24T19:55:19.366786-04:00	TRACKED_OR_UNMODIFIED	otro proceso: estudiantes extranjeros	SI	Inventario por ruta y metadatos; no inspecciona registros personales.
estudiantes_extranjeros_2026/backups/pre_busqueda_final_pendientes_v3_20260624_195634/data/governed/columnas_extranjeros_2025_v3/01_TIPO_DOCUMENTO.tsv	01_TIPO_DOCUMENTO.tsv	.tsv	21881	2026-06-24T19:55:19.264854-04:00	TRACKED_OR_UNMODIFIED	otro proceso: estudiantes extranjeros	SI	Inventario por ruta y metadatos; no inspecciona registros personales.
estudiantes_extranjeros_2026/backups/pre_busqueda_final_pendientes_v3_20260624_195634/data/governed/columnas_extranjeros_2025_v3/09_NACIONALIDAD.tsv	09_NACIONALIDAD.tsv	.tsv	24314	2026-06-24T19:55:19.285662-04:00	TRACKED_OR_UNMODIFIED	otro proceso: estudiantes extranjeros	SI	Inventario por ruta y metadatos; no inspecciona registros personales.
estudiantes_extranjeros_2026/backups/pre_busqueda_final_pendientes_v3_20260624_195634/data/processed/MATRIZ_GOBERNANZA_EXTRANJEROS_2025_V3.csv	MATRIZ_GOBERNANZA_EXTRANJEROS_2025_V3.csv	.csv	113856	2026-06-24T19:55:19.255430-04:00	TRACKED_OR_UNMODIFIED	otro proceso: estudiantes extranjeros	SI	Inventario por ruta y metadatos; no inspecciona registros personales.
estudiantes_extranjeros_2026/backups/pre_correcciones_v5_20260625_121606/MANIFIESTO_RESPALDO_CORRECCIONES_V5.csv	MANIFIESTO_RESPALDO_CORRECCIONES_V5.csv	.csv	3759	2026-06-25T12:16:06.797972-04:00	TRACKED_OR_UNMODIFIED	otro proceso: estudiantes extranjeros	NO_DETERMINADO	Inventario por ruta y metadatos; no inspecciona registros personales.
estudiantes_extranjeros_2026/backups/pre_correcciones_v5_20260625_121606/resultados/auditorias/RESOLUCION_RONALD_ANIO_INGRESO_V5.csv	RESOLUCION_RONALD_ANIO_INGRESO_V5.csv	.csv	2814	2026-06-25T12:15:27.751738-04:00	TRACKED_OR_UNMODIFIED	otro proceso: estudiantes extranjeros	SI	Inventario por ruta y metadatos; no inspecciona registros personales.
estudiantes_extranjeros_2026/backups/pre_correcciones_v5_20260625_121606/resultados/auditorias/RESOLUCION_11_CODIGOS_SIES_DESDE_MATRICULA_UNIFICADA.csv	RESOLUCION_11_CODIGOS_SIES_DESDE_MATRICULA_UNIFICADA.csv	.csv	4100	2026-06-25T12:15:27.460403-04:00	TRACKED_OR_UNMODIFIED	otro proceso: estudiantes extranjeros	SI	Inventario por ruta y metadatos; no inspecciona registros personales.
estudiantes_extranjeros_2026/backups/pre_correcciones_v5_20260625_121606/resultados/auditorias/VALIDACION_CORRECCIONES_V5.csv	VALIDACION_CORRECCIONES_V5.csv	.csv	639	2026-06-25T12:15:30.463778-04:00	TRACKED_OR_UNMODIFIED	otro proceso: estudiantes extranjeros	SI	Inventario por ruta y metadatos; no inspecciona registros personales.
estudiantes_extranjeros_2026/backups/pre_correcciones_v5_20260625_121606/resultados/auditorias/TRAZABILIDAD_EXCLUSION_RUT_<ID_MASKED>csv	TRAZABILIDAD_EXCLUSION_RUT_<ID_MASKED>csv	.csv	927	2026-06-25T12:15:27.274066-04:00	TRACKED_OR_UNMODIFIED	otro proceso: estudiantes extranjeros	SI	Inventario por ruta y metadatos; no inspecciona registros personales.
estudiantes_extranjeros_2026/backups/pre_correcciones_v5_20260625_121606/scripts/aplicar_correcciones_extranjeros_v5 2.py	aplicar_correcciones_extranjeros_v5 2.py	.py	32714	2026-06-25T12:16:02-04:00	TRACKED_OR_UNMODIFIED	otro proceso: estudiantes extranjeros	NO_DETERMINADO	Inventario por ruta y metadatos; no inspecciona registros personales.
estudiantes_extranjeros_2026/backups/pre_correcciones_v5_20260625_121606/data/governed/columnas_extranjeros_2025_v5/06_NOMBRES.tsv	06_NOMBRES.tsv	.tsv	19531	2026-06-25T12:15:28.616486-04:00	TRACKED_OR_UNMODIFIED	otro proceso: estudiantes extranjeros	SI	Inventario por ruta y metadatos; no inspecciona registros personales.
estudiantes_extranjeros_2026/backups/pre_correcciones_v5_20260625_121606/data/governed/columnas_extranjeros_2025_v5/13_CODIGO_UNICO.tsv	13_CODIGO_UNICO.tsv	.tsv	16406	2026-06-25T12:15:29.578328-04:00	TRACKED_OR_UNMODIFIED	otro proceso: estudiantes extranjeros	SI	Inventario por ruta y metadatos; no inspecciona registros personales.
estudiantes_extranjeros_2026/backups/pre_correcciones_v5_20260625_121606/data/governed/columnas_extranjeros_2025_v5/08_FECHA_NACIMIENTO.tsv	08_FECHA_NACIMIENTO.tsv	.tsv	20571	2026-06-25T12:15:28.853615-04:00	TRACKED_OR_UNMODIFIED	otro proceso: estudiantes extranjeros	SI	Inventario por ruta y metadatos; no inspecciona registros personales.
estudiantes_extranjeros_2026/backups/pre_correcciones_v5_20260625_121606/data/governed/columnas_extranjeros_2025_v5/02_NUM_DOCUMENTO.tsv	02_NUM_DOCUMENTO.tsv	.tsv	20817	2026-06-25T12:15:28.057393-04:00	TRACKED_OR_UNMODIFIED	otro proceso: estudiantes extranjeros	SI	Inventario por ruta y metadatos; no inspecciona registros personales.
estudiantes_extranjeros_2026/backups/pre_correcciones_v5_20260625_121606/data/governed/columnas_extranjeros_2025_v5/17_SEM_INGRESO_CARRERA_ORIGEN.tsv	17_SEM_INGRESO_CARRERA_ORIGEN.tsv	.tsv	25005	2026-06-25T12:15:30.049675-04:00	TRACKED_OR_UNMODIFIED	otro proceso: estudiantes extranjeros	SI	Inventario por ruta y metadatos; no inspecciona registros personales.
estudiantes_extranjeros_2026/backups/pre_correcciones_v5_20260625_121606/data/governed/columnas_extranjeros_2025_v5/07_SEXO.tsv	07_SEXO.tsv	.tsv	18061	2026-06-25T12:15:28.735489-04:00	TRACKED_OR_UNMODIFIED	otro proceso: estudiantes extranjeros	SI	Inventario por ruta y metadatos; no inspecciona registros personales.
estudiantes_extranjeros_2026/backups/pre_correcciones_v5_20260625_121606/data/governed/columnas_extranjeros_2025_v5/15_SEM_INGRESO_CARRERA_ACTUAL.tsv	15_SEM_INGRESO_CARRERA_ACTUAL.tsv	.tsv	19561	2026-06-25T12:15:29.813671-04:00	TRACKED_OR_UNMODIFIED	otro proceso: estudiantes extranjeros	SI	Inventario por ruta y metadatos; no inspecciona registros personales.
estudiantes_extranjeros_2026/backups/pre_correcciones_v5_20260625_121606/data/governed/columnas_extranjeros_2025_v5/03_DV.tsv	03_DV.tsv	.tsv	17597	2026-06-25T12:15:28.215584-04:00	TRACKED_OR_UNMODIFIED	otro proceso: estudiantes extranjeros	SI	Inventario por ruta y metadatos; no inspecciona registros personales.
estudiantes_extranjeros_2026/backups/pre_correcciones_v5_20260625_121606/data/governed/columnas_extranjeros_2025_v5/20_VIGENCIA.tsv	20_VIGENCIA.tsv	.tsv	19526	2026-06-25T12:15:30.401956-04:00	TRACKED_OR_UNMODIFIED	otro proceso: estudiantes extranjeros	SI	Inventario por ruta y metadatos; no inspecciona registros personales.
estudiantes_extranjeros_2026/backups/pre_correcciones_v5_20260625_121606/data/governed/columnas_extranjeros_2025_v5/10_TIPO_RESIDENCIA_ESTUDIANTE.tsv	10_TIPO_RESIDENCIA_ESTUDIANTE.tsv	.tsv	19105	2026-06-25T12:15:29.113030-04:00	TRACKED_OR_UNMODIFIED	otro proceso: estudiantes extranjeros	SI	Inventario por ruta y metadatos; no inspecciona registros personales.
estudiantes_extranjeros_2026/backups/pre_correcciones_v5_20260625_121606/data/governed/columnas_extranjeros_2025_v5/11_PAIS_ORIGEN.tsv	11_PAIS_ORIGEN.tsv	.tsv	24168	2026-06-25T12:15:29.254916-04:00	TRACKED_OR_UNMODIFIED	otro proceso: estudiantes extranjeros	SI	Inventario por ruta y metadatos; no inspecciona registros personales.
estudiantes_extranjeros_2026/backups/pre_correcciones_v5_20260625_121606/data/governed/columnas_extranjeros_2025_v5/12_PAIS_ESTUDIOS_SECUNDARIOS.tsv	12_PAIS_ESTUDIOS_SECUNDARIOS.tsv	.tsv	19128	2026-06-25T12:15:29.457591-04:00	TRACKED_OR_UNMODIFIED	otro proceso: estudiantes extranjeros	SI	Inventario por ruta y metadatos; no inspecciona registros personales.
estudiantes_extranjeros_2026/backups/pre_correcciones_v5_20260625_121606/data/governed/columnas_extranjeros_2025_v5/18_NOMBRE_UNIVERSIDAD_ORIGEN.tsv	18_NOMBRE_UNIVERSIDAD_ORIGEN.tsv	.tsv	18678	2026-06-25T12:15:30.165831-04:00	TRACKED_OR_UNMODIFIED	otro proceso: estudiantes extranjeros	SI	Inventario por ruta y metadatos; no inspecciona registros personales.
estudiantes_extranjeros_2026/backups/pre_correcciones_v5_20260625_121606/data/governed/columnas_extranjeros_2025_v5/16_ANIO_INGRESO_CARRERA_ORIGEN.tsv	16_ANIO_INGRESO_CARRERA_ORIGEN.tsv	.tsv	25399	2026-06-25T12:15:29.933149-04:00	TRACKED_OR_UNMODIFIED	otro proceso: estudiantes extranjeros	SI	Inventario por ruta y metadatos; no inspecciona registros personales.
estudiantes_extranjeros_2026/backups/pre_correcciones_v5_20260625_121606/data/governed/columnas_extranjeros_2025_v5/19_PAIS_UNIVERSIDAD_ORIGEN.tsv	19_PAIS_UNIVERSIDAD_ORIGEN.tsv	.tsv	18556	2026-06-25T12:15:30.285113-04:00	TRACKED_OR_UNMODIFIED	otro proceso: estudiantes extranjeros	SI	Inventario por ruta y metadatos; no inspecciona registros personales.
estudiantes_extranjeros_2026/backups/pre_correcciones_v5_20260625_121606/data/governed/columnas_extranjeros_2025_v5/05_SEGUNDO_APELLIDO.tsv	05_SEGUNDO_APELLIDO.tsv	.tsv	18609	2026-06-25T12:15:28.494612-04:00	TRACKED_OR_UNMODIFIED	otro proceso: estudiantes extranjeros	SI	Inventario por ruta y metadatos; no inspecciona registros personales.
estudiantes_extranjeros_2026/backups/pre_correcciones_v5_20260625_121606/data/governed/columnas_extranjeros_2025_v5/04_PRIMER_APELLIDO.tsv	04_PRIMER_APELLIDO.tsv	.tsv	18995	2026-06-25T12:15:28.369380-04:00	TRACKED_OR_UNMODIFIED	otro proceso: estudiantes extranjeros	SI	Inventario por ruta y metadatos; no inspecciona registros personales.
estudiantes_extranjeros_2026/backups/pre_correcciones_v5_20260625_121606/data/governed/columnas_extranjeros_2025_v5/14_ANIO_INGRESO_CARRERA_ACTUAL.tsv	14_ANIO_INGRESO_CARRERA_ACTUAL.tsv	.tsv	20321	2026-06-25T12:15:29.694804-04:00	TRACKED_OR_UNMODIFIED	otro proceso: estudiantes extranjeros	SI	Inventario por ruta y metadatos; no inspecciona registros personales.
estudiantes_extranjeros_2026/backups/pre_correcciones_v5_20260625_121606/data/governed/columnas_extranjeros_2025_v5/01_TIPO_DOCUMENTO.tsv	01_TIPO_DOCUMENTO.tsv	.tsv	18819	2026-06-25T12:15:27.924599-04:00	TRACKED_OR_UNMODIFIED	otro proceso: estudiantes extranjeros	SI	Inventario por ruta y metadatos; no inspecciona registros personales.
estudiantes_extranjeros_2026/backups/pre_correcciones_v5_20260625_121606/data/governed/columnas_extranjeros_2025_v5/09_NACIONALIDAD.tsv	09_NACIONALIDAD.tsv	.tsv	20626	2026-06-25T12:15:28.972028-04:00	TRACKED_OR_UNMODIFIED	otro proceso: estudiantes extranjeros	SI	Inventario por ruta y metadatos; no inspecciona registros personales.
estudiantes_extranjeros_2026/backups/pre_correcciones_v5_20260625_121606/data/frozen/BASE_EXTRANJEROS_2025_CONGELADA_V2_61.xlsx	BASE_EXTRANJEROS_2025_CONGELADA_V2_61.xlsx	.xlsx	28516	2026-06-25T12:15:27.346317-04:00	TRACKED_OR_UNMODIFIED	otro proceso: estudiantes extranjeros	SI	Inventario por ruta y metadatos; no inspecciona registros personales.
estudiantes_extranjeros_2026/backups/pre_correcciones_v5_20260625_121606/data/frozen/BASE_EXTRANJEROS_2025_CONGELADA_V2_61.tsv	BASE_EXTRANJEROS_2025_CONGELADA_V2_61.tsv	.tsv	41717	2026-06-25T12:15:27.280210-04:00	TRACKED_OR_UNMODIFIED	otro proceso: estudiantes extranjeros	SI	Inventario por ruta y metadatos; no inspecciona registros personales.
estudiantes_extranjeros_2026/backups/pre_correcciones_v5_20260625_121606/data/processed/MATRIZ_GOBERNANZA_EXTRANJEROS_2025_V5.csv	MATRIZ_GOBERNANZA_EXTRANJEROS_2025_V5.csv	.csv	149027	2026-06-25T12:15:27.778612-04:00	TRACKED_OR_UNMODIFIED	otro proceso: estudiantes extranjeros	SI	Inventario por ruta y metadatos; no inspecciona registros personales.
estudiantes_extranjeros_2026/backups/pre_correccion_gobernanza_extranjeros_2025_v2_20260624_182153/MANIFIESTO_RESPALDO_PRE_CORRECCION_GOBERNANZA_V2 2.sha256	MANIFIESTO_RESPALDO_PRE_CORRECCION_GOBERNANZA_V2 2.sha256	.sha256	221	2026-06-24T18:21:54-04:00	TRACKED_OR_UNMODIFIED	otro proceso: estudiantes extranjeros	NO_DETERMINADO	Inventario por ruta y metadatos; no inspecciona registros personales.
estudiantes_extranjeros_2026/backups/pre_aplicacion_reglas_institucionales_v4_20260624_231036/README 2.md	README 2.md	.md	14757	2026-06-24T18:02:00-04:00	TRACKED_OR_UNMODIFIED	otro proceso: estudiantes extranjeros	NO_DETERMINADO	Inventario por ruta y metadatos; no inspecciona registros personales.
estudiantes_extranjeros_2026/backups/pre_busqueda_final_pendientes_v3_20260624_195330/README 2.md	README 2.md	.md	14757	2026-06-24T18:02:00-04:00	TRACKED_OR_UNMODIFIED	otro proceso: estudiantes extranjeros	NO_DETERMINADO	Inventario por ruta y metadatos; no inspecciona registros personales.
estudiantes_extranjeros_2026/backups/pre_busqueda_final_pendientes_v3_20260624_195330/resultados/auditorias/RESOLUCION_3_VIGENCIAS_V3.csv	RESOLUCION_3_VIGENCIAS_V3.csv	.csv	1310	2026-06-24T19:53:18.845478-04:00	TRACKED_OR_UNMODIFIED	otro proceso: estudiantes extranjeros	SI	Inventario por ruta y metadatos; no inspecciona registros personales.
estudiantes_extranjeros_2026/backups/pre_busqueda_final_pendientes_v3_20260624_195330/resultados/auditorias/RESOLUCION_1_NACIONALIDAD_V3.csv	RESOLUCION_1_NACIONALIDAD_V3.csv	.csv	431	2026-06-24T19:53:18.846701-04:00	TRACKED_OR_UNMODIFIED	otro proceso: estudiantes extranjeros	SI	Inventario por ruta y metadatos; no inspecciona registros personales.
estudiantes_extranjeros_2026/backups/pre_busqueda_final_pendientes_v3_20260624_195330/resultados/auditorias/RESOLUCION_12_INGRESO_CARRERA_ORIGEN_V3.csv	RESOLUCION_12_INGRESO_CARRERA_ORIGEN_V3.csv	.csv	2135	2026-06-24T19:53:18.844792-04:00	TRACKED_OR_UNMODIFIED	otro proceso: estudiantes extranjeros	SI	Inventario por ruta y metadatos; no inspecciona registros personales.
estudiantes_extranjeros_2026/backups/pre_busqueda_final_pendientes_v3_20260624_195330/resultados/auditorias/RESOLUCION_RESIDENCIA_PAIS_ORIGEN_V3.csv	RESOLUCION_RESIDENCIA_PAIS_ORIGEN_V3.csv	.csv	22206	2026-06-24T19:53:18.841022-04:00	TRACKED_OR_UNMODIFIED	otro proceso: estudiantes extranjeros	SI	Inventario por ruta y metadatos; no inspecciona registros personales.
estudiantes_extranjeros_2026/backups/pre_busqueda_final_pendientes_v3_20260624_195330/resultados/auditorias/RESOLUCION_17_CODIGOS_UNICOS_V3.csv	RESOLUCION_17_CODIGOS_UNICOS_V3.csv	.csv	4247	2026-06-24T19:53:18.843524-04:00	TRACKED_OR_UNMODIFIED	otro proceso: estudiantes extranjeros	SI	Inventario por ruta y metadatos; no inspecciona registros personales.
estudiantes_extranjeros_2026/backups/pre_busqueda_final_pendientes_v3_20260624_195330/resultados/auditorias/RESOLUCION_12_PAIS_ESTUDIOS_SECUNDARIOS_V3.csv	RESOLUCION_12_PAIS_ESTUDIOS_SECUNDARIOS_V3.csv	.csv	2369	2026-06-24T19:53:18.841888-04:00	TRACKED_OR_UNMODIFIED	otro proceso: estudiantes extranjeros	SI	Inventario por ruta y metadatos; no inspecciona registros personales.
estudiantes_extranjeros_2026/backups/pre_busqueda_final_pendientes_v3_20260624_195330/resultados/auditorias/INVENTARIO_FINAL_FUENTES_PENDIENTES_V3.csv	INVENTARIO_FINAL_FUENTES_PENDIENTES_V3.csv	.csv	483752	2026-06-24T19:53:17.362177-04:00	TRACKED_OR_UNMODIFIED	otro proceso: estudiantes extranjeros	SI	Inventario por ruta y metadatos; no inspecciona registros personales.
estudiantes_extranjeros_2026/backups/pre_busqueda_final_pendientes_v3_20260624_195330/resultados/auditorias/PENDIENTES_EXACTOS_GOBERNANZA_V2.csv	PENDIENTES_EXACTOS_GOBERNANZA_V2.csv	.csv	44023	2026-06-24T19:52:36.639100-04:00	TRACKED_OR_UNMODIFIED	otro proceso: estudiantes extranjeros	SI	Inventario por ruta y metadatos; no inspecciona registros personales.
estudiantes_extranjeros_2026/backups/pre_busqueda_final_pendientes_v3_20260624_195330/resultados/auditorias/EVIDENCIAS_NUEVAS_PENDIENTES_V3.csv	EVIDENCIAS_NUEVAS_PENDIENTES_V3.csv	.csv	75326	2026-06-24T19:53:18.849350-04:00	TRACKED_OR_UNMODIFIED	otro proceso: estudiantes extranjeros	SI	Inventario por ruta y metadatos; no inspecciona registros personales.
estudiantes_extranjeros_2026/backups/pre_depuracion_4_cruces_20260618_115522/RESOLUCION_CONFLICTOS_EXPLICITOS.csv	RESOLUCION_CONFLICTOS_EXPLICITOS.csv	.csv	8154	2026-06-18T11:52:52.679106-04:00	TRACKED_OR_UNMODIFIED	otro proceso: estudiantes extranjeros	NO_DETERMINADO	Inventario por ruta y metadatos; no inspecciona registros personales.
estudiantes_extranjeros_2026/backups/pre_depuracion_4_cruces_20260618_115522/CRUCE_1_PRECARGA_CONFIRMADA.csv	CRUCE_1_PRECARGA_CONFIRMADA.csv	.csv	20344	2026-06-18T11:52:52.671044-04:00	TRACKED_OR_UNMODIFIED	precarga oficial o evidencia de precarga	NO_DETERMINADO	Inventario por ruta y metadatos; no inspecciona registros personales.
estudiantes_extranjeros_2026/backups/pre_depuracion_4_cruces_20260618_115522/NOMINA_CONFIRMACION_MATRICULA_CARRERA_2025.xlsx	NOMINA_CONFIRMACION_MATRICULA_CARRERA_2025.xlsx	.xlsx	18902	2026-06-18T11:52:52.817681-04:00	TRACKED_OR_UNMODIFIED	otro proceso: estudiantes extranjeros	NO_DETERMINADO	Inventario por ruta y metadatos; no inspecciona registros personales.
estudiantes_extranjeros_2026/backups/pre_depuracion_4_cruces_20260618_115522/CRUCE_4_MISMA_PERSONA_DISTINTA_CARRERA.csv	CRUCE_4_MISMA_PERSONA_DISTINTA_CARRERA.csv	.csv	23903	2026-06-18T11:52:52.678384-04:00	TRACKED_OR_UNMODIFIED	otro proceso: estudiantes extranjeros	NO_DETERMINADO	Inventario por ruta y metadatos; no inspecciona registros personales.
estudiantes_extranjeros_2026/backups/pre_depuracion_4_cruces_20260618_115522/NORMALIZACION_COMUN_DEPURACION_4_CRUCES.csv	NORMALIZACION_COMUN_DEPURACION_4_CRUCES.csv	.csv	291101	2026-06-18T11:52:52.669912-04:00	TRACKED_OR_UNMODIFIED	otro proceso: estudiantes extranjeros	NO_DETERMINADO	Inventario por ruta y metadatos; no inspecciona registros personales.
estudiantes_extranjeros_2026/backups/pre_depuracion_4_cruces_20260618_115522/RESOLUCION_DUPLICIDADES_DOCUMENTALES.csv	RESOLUCION_DUPLICIDADES_DOCUMENTALES.csv	.csv	2808	2026-06-18T11:52:52.678645-04:00	TRACKED_OR_UNMODIFIED	otro proceso: estudiantes extranjeros	NO_DETERMINADO	Inventario por ruta y metadatos; no inspecciona registros personales.
estudiantes_extranjeros_2026/backups/pre_depuracion_4_cruces_20260618_115522/COBERTURA_POST_4_CRUCES.csv	COBERTURA_POST_4_CRUCES.csv	.csv	16255	2026-06-18T11:52:52.830676-04:00	TRACKED_OR_UNMODIFIED	otro proceso: estudiantes extranjeros	NO_DETERMINADO	Inventario por ruta y metadatos; no inspecciona registros personales.
estudiantes_extranjeros_2026/backups/pre_depuracion_4_cruces_20260618_115522/CRUCE_3_SOLO_MATRICULA_LOCAL_2025.csv	CRUCE_3_SOLO_MATRICULA_LOCAL_2025.csv	.csv	21358	2026-06-18T11:52:52.677261-04:00	TRACKED_OR_UNMODIFIED	otro proceso: estudiantes extranjeros	NO_DETERMINADO	Inventario por ruta y metadatos; no inspecciona registros personales.
estudiantes_extranjeros_2026/backups/pre_depuracion_4_cruces_20260618_115522/PRECARGA_EXTRANJEROS_REGULARES_2026_NORMALIZADA.csv	PRECARGA_EXTRANJEROS_REGULARES_2026_NORMALIZADA.csv	.csv	148917	2026-06-18T11:18:24.782156-04:00	TRACKED_OR_UNMODIFIED	precarga oficial o evidencia de precarga	NO_DETERMINADO	Inventario por ruta y metadatos; no inspecciona registros personales.
estudiantes_extranjeros_2026/backups/pre_depuracion_4_cruces_20260618_115522/MANIFIESTO_RESPALDO_PRE_DEPURACION_4_CRUCES.csv	MANIFIESTO_RESPALDO_PRE_DEPURACION_4_CRUCES.csv	.csv	6722	2026-06-18T11:55:22.225930-04:00	TRACKED_OR_UNMODIFIED	otro proceso: estudiantes extranjeros	NO_DETERMINADO	Inventario por ruta y metadatos; no inspecciona registros personales.
estudiantes_extranjeros_2026/backups/pre_depuracion_4_cruces_20260618_115522/METADATA_FASE_DEPURACION_4_CRUCES.csv	METADATA_FASE_DEPURACION_4_CRUCES.csv	.csv	4877	2026-06-18T11:52:52.643127-04:00	TRACKED_OR_UNMODIFIED	otro proceso: estudiantes extranjeros	NO_DETERMINADO	Inventario por ruta y metadatos; no inspecciona registros personales.
estudiantes_extranjeros_2026/backups/pre_depuracion_4_cruces_20260618_115522/REVISION_104_REGISTROS_CONTRA_PRECARGA.csv	REVISION_104_REGISTROS_CONTRA_PRECARGA.csv	.csv	25652	2026-06-18T11:18:24.794070-04:00	TRACKED_OR_UNMODIFIED	precarga oficial o evidencia de precarga	NO_DETERMINADO	Inventario por ruta y metadatos; no inspecciona registros personales.
estudiantes_extranjeros_2026/backups/pre_depuracion_4_cruces_20260618_115522/UNIVERSO_CONCILIADO_PRECARGA_EXTRANJEROS_2025.csv	UNIVERSO_CONCILIADO_PRECARGA_EXTRANJEROS_2025.csv	.csv	91099	2026-06-18T11:18:24.786461-04:00	TRACKED_OR_UNMODIFIED	precarga oficial o evidencia de precarga	NO_DETERMINADO	Inventario por ruta y metadatos; no inspecciona registros personales.
estudiantes_extranjeros_2026/backups/pre_depuracion_4_cruces_20260618_115522/CONCILIACION_PRECARGA_VS_MATRICULA_2025.csv	CONCILIACION_PRECARGA_VS_MATRICULA_2025.csv	.csv	94724	2026-06-18T11:18:24.784304-04:00	TRACKED_OR_UNMODIFIED	precarga oficial o evidencia de precarga	NO_DETERMINADO	Inventario por ruta y metadatos; no inspecciona registros personales.
estudiantes_extranjeros_2026/backups/pre_depuracion_4_cruces_20260618_115522/BASE_MAESTRA_EXTRANJEROS_REGULARES_2025_DEPURADA.csv	BASE_MAESTRA_EXTRANJEROS_REGULARES_2025_DEPURADA.csv	.csv	1514214	2026-06-18T11:52:52.735614-04:00	TRACKED_OR_UNMODIFIED	otro proceso: estudiantes extranjeros	NO_DETERMINADO	Inventario por ruta y metadatos; no inspecciona registros personales.
estudiantes_extranjeros_2026/backups/pre_depuracion_4_cruces_20260618_115522/VALIDACION_FASE_4_CRUCES.csv	VALIDACION_FASE_4_CRUCES.csv	.csv	47868	2026-06-18T11:52:52.833663-04:00	TRACKED_OR_UNMODIFIED	otro proceso: estudiantes extranjeros	NO_DETERMINADO	Inventario por ruta y metadatos; no inspecciona registros personales.
estudiantes_extranjeros_2026/backups/pre_depuracion_4_cruces_20260618_115522/BASE_MAESTRA_EXTRANJEROS_REGULARES_2025_CONCILIADA_PRECARGA.csv	BASE_MAESTRA_EXTRANJEROS_REGULARES_2025_CONCILIADA_PRECARGA.csv	.csv	197785	2026-06-18T11:18:24.792894-04:00	TRACKED_OR_UNMODIFIED	precarga oficial o evidencia de precarga	NO_DETERMINADO	Inventario por ruta y metadatos; no inspecciona registros personales.
estudiantes_extranjeros_2026/backups/pre_depuracion_4_cruces_20260618_115522/MANIFIESTO_ARCHIVOS_DEPURACION_4_CRUCES.csv	MANIFIESTO_ARCHIVOS_DEPURACION_4_CRUCES.csv	.csv	4597	2026-06-18T11:52:52.850546-04:00	TRACKED_OR_UNMODIFIED	otro proceso: estudiantes extranjeros	NO_DETERMINADO	Inventario por ruta y metadatos; no inspecciona registros personales.
estudiantes_extranjeros_2026/backups/pre_depuracion_4_cruces_20260618_115522/NOMINA_RESOLUCION_TECNICA_CODIGOS.xlsx	NOMINA_RESOLUCION_TECNICA_CODIGOS.xlsx	.xlsx	12445	2026-06-18T11:52:52.828771-04:00	TRACKED_OR_UNMODIFIED	otro proceso: estudiantes extranjeros	NO_DETERMINADO	Inventario por ruta y metadatos; no inspecciona registros personales.
estudiantes_extranjeros_2026/backups/pre_depuracion_4_cruces_20260618_115522/UNIVERSO_DEPURADO_EXTRANJEROS_REGULARES_2025.csv	UNIVERSO_DEPURADO_EXTRANJEROS_REGULARES_2025.csv	.csv	158306	2026-06-18T11:52:52.687872-04:00	TRACKED_OR_UNMODIFIED	otro proceso: estudiantes extranjeros	NO_DETERMINADO	Inventario por ruta y metadatos; no inspecciona registros personales.
estudiantes_extranjeros_2026/backups/pre_depuracion_4_cruces_20260618_115522/CRUCE_2_SOLO_PRECARGA.csv	CRUCE_2_SOLO_PRECARGA.csv	.csv	118577	2026-06-18T11:52:52.675941-04:00	TRACKED_OR_UNMODIFIED	precarga oficial o evidencia de precarga	NO_DETERMINADO	Inventario por ruta y metadatos; no inspecciona registros personales.
estudiantes_extranjeros_2026/backups/pre_depuracion_4_cruces_20260618_115522/NOMINA_DATOS_PERSONALES_FALTANTES.xlsx	NOMINA_DATOS_PERSONALES_FALTANTES.xlsx	.xlsx	35387	2026-06-18T11:52:52.798671-04:00	TRACKED_OR_UNMODIFIED	otro proceso: estudiantes extranjeros	NO_DETERMINADO	Inventario por ruta y metadatos; no inspecciona registros personales.
estudiantes_extranjeros_2026/backups/pre_correcciones_v5_20260625_121515/MANIFIESTO_RESPALDO_CORRECCIONES_V5.csv	MANIFIESTO_RESPALDO_CORRECCIONES_V5.csv	.csv	388	2026-06-25T12:15:15.014122-04:00	TRACKED_OR_UNMODIFIED	otro proceso: estudiantes extranjeros	NO_DETERMINADO	Inventario por ruta y metadatos; no inspecciona registros personales.
estudiantes_extranjeros_2026/backups/pre_correcciones_v5_20260625_121515/scripts/aplicar_correcciones_extranjeros_v5 2.py	aplicar_correcciones_extranjeros_v5 2.py	.py	32712	2026-06-25T12:15:10-04:00	TRACKED_OR_UNMODIFIED	otro proceso: estudiantes extranjeros	NO_DETERMINADO	Inventario por ruta y metadatos; no inspecciona registros personales.
estudiantes_extranjeros_2026/backups/pre_readme_precarga_20260618_111909/README 2.md	README 2.md	.md	3356	2026-06-18T08:47:39-04:00	TRACKED_OR_UNMODIFIED	otro proceso: estudiantes extranjeros	NO_DETERMINADO	Inventario por ruta y metadatos; no inspecciona registros personales.
estudiantes_extranjeros_2026/backups/pre_readme_precarga_20260618_111909/README 2.sha256	README 2.sha256	.sha256	105	2026-06-18T11:19:09-04:00	TRACKED_OR_UNMODIFIED	otro proceso: estudiantes extranjeros	NO_DETERMINADO	Inventario por ruta y metadatos; no inspecciona registros personales.
estudiantes_extranjeros_2026/backups/pre_aplicacion_reglas_institucionales_v4_20260625_115140/resultados/gestion/NOMINA_PENDIENTES_EXTRANJEROS_2025_V4.xlsx	NOMINA_PENDIENTES_EXTRANJEROS_2025_V4.xlsx	.xlsx	13160	2026-06-25T11:50:19.536482-04:00	TRACKED_OR_UNMODIFIED	otro proceso: estudiantes extranjeros	SI	Inventario por ruta y metadatos; no inspecciona registros personales.
estudiantes_extranjeros_2026/backups/pre_aplicacion_reglas_institucionales_v4_20260625_115140/resultados/auditorias/APLICACION_RESIDENCIA_0_PAIS_ORIGEN_VACIO_V4.csv	APLICACION_RESIDENCIA_0_PAIS_ORIGEN_VACIO_V4.csv	.csv	22454	2026-06-25T11:50:18.878969-04:00	TRACKED_OR_UNMODIFIED	otro proceso: estudiantes extranjeros	SI	Inventario por ruta y metadatos; no inspecciona registros personales.
estudiantes_extranjeros_2026/backups/pre_aplicacion_reglas_institucionales_v4_20260625_115140/resultados/auditorias/REVISION_REGLAS_INSTITUCIONALES_EXTRANJEROS_V4.xlsx	REVISION_REGLAS_INSTITUCIONALES_EXTRANJEROS_V4.xlsx	.xlsx	197545	2026-06-25T11:50:19.830696-04:00	TRACKED_OR_UNMODIFIED	otro proceso: estudiantes extranjeros	SI	Inventario por ruta y metadatos; no inspecciona registros personales.
estudiantes_extranjeros_2026/backups/pre_aplicacion_reglas_institucionales_v4_20260625_115140/resultados/auditorias/RESOLUCION_PAIS_ESTUDIOS_SECUNDARIOS_V4.csv	RESOLUCION_PAIS_ESTUDIOS_SECUNDARIOS_V4.csv	.csv	17014	2026-06-25T11:50:18.881131-04:00	TRACKED_OR_UNMODIFIED	otro proceso: estudiantes extranjeros	SI	Inventario por ruta y metadatos; no inspecciona registros personales.
estudiantes_extranjeros_2026/backups/pre_aplicacion_reglas_institucionales_v4_20260625_115140/resultados/auditorias/VALIDACION_REGLAS_INSTITUCIONALES_V4.csv	VALIDACION_REGLAS_INSTITUCIONALES_V4.csv	.csv	1481	2026-06-25T11:50:19.552749-04:00	TRACKED_OR_UNMODIFIED	otro proceso: estudiantes extranjeros	SI	Inventario por ruta y metadatos; no inspecciona registros personales.
estudiantes_extranjeros_2026/backups/pre_aplicacion_reglas_institucionales_v4_20260625_115140/resultados/auditorias/COMPARACION_GOBERNANZA_V3_VS_V4.csv	COMPARACION_GOBERNANZA_V3_VS_V4.csv	.csv	1278	2026-06-25T11:50:18.881641-04:00	TRACKED_OR_UNMODIFIED	otro proceso: estudiantes extranjeros	SI	Inventario por ruta y metadatos; no inspecciona registros personales.
estudiantes_extranjeros_2026/backups/pre_aplicacion_reglas_institucionales_v4_20260625_115140/resultados/auditorias/RESOLUCION_CASO_18_INGRESO_ORIGEN_V4.csv	RESOLUCION_CASO_18_INGRESO_ORIGEN_V4.csv	.csv	665	2026-06-25T11:50:18.752656-04:00	TRACKED_OR_UNMODIFIED	otro proceso: estudiantes extranjeros	SI	Inventario por ruta y metadatos; no inspecciona registros personales.
estudiantes_extranjeros_2026/backups/pre_aplicacion_reglas_institucionales_v4_20260625_115140/resultados/auditorias/APLICACION_INGRESO_CARRERA_ORIGEN_V4.csv	APLICACION_INGRESO_CARRERA_ORIGEN_V4.csv	.csv	9208	2026-06-25T11:50:18.880280-04:00	TRACKED_OR_UNMODIFIED	otro proceso: estudiantes extranjeros	SI	Inventario por ruta y metadatos; no inspecciona registros personales.
estudiantes_extranjeros_2026/backups/pre_aplicacion_reglas_institucionales_v4_20260625_115140/scripts/aplicar_reglas_institucionales_extranjeros_v4 2.py	aplicar_reglas_institucionales_extranjeros_v4 2.py	.py	48681	2026-06-25T11:51:35-04:00	TRACKED_OR_UNMODIFIED	otro proceso: estudiantes extranjeros	NO_DETERMINADO	Inventario por ruta y metadatos; no inspecciona registros personales.
estudiantes_extranjeros_2026/backups/pre_aplicacion_reglas_institucionales_v4_20260625_115140/data/governed/columnas_extranjeros_2025_v4/06_NOMBRES.tsv	06_NOMBRES.tsv	.tsv	23082	2026-06-25T11:50:18.899618-04:00	TRACKED_OR_UNMODIFIED	otro proceso: estudiantes extranjeros	SI	Inventario por ruta y metadatos; no inspecciona registros personales.
estudiantes_extranjeros_2026/backups/pre_aplicacion_reglas_institucionales_v4_20260625_115140/data/governed/columnas_extranjeros_2025_v4/13_CODIGO_UNICO.tsv	13_CODIGO_UNICO.tsv	.tsv	26273	2026-06-25T11:50:19.279696-04:00	TRACKED_OR_UNMODIFIED	otro proceso: estudiantes extranjeros	SI	Inventario por ruta y metadatos; no inspecciona registros personales.
estudiantes_extranjeros_2026/backups/pre_aplicacion_reglas_institucionales_v4_20260625_115140/data/governed/columnas_extranjeros_2025_v4/08_FECHA_NACIMIENTO.tsv	08_FECHA_NACIMIENTO.tsv	.tsv	23660	2026-06-25T11:50:18.903051-04:00	TRACKED_OR_UNMODIFIED	otro proceso: estudiantes extranjeros	SI	Inventario por ruta y metadatos; no inspecciona registros personales.
estudiantes_extranjeros_2026/backups/pre_aplicacion_reglas_institucionales_v4_20260625_115140/data/governed/columnas_extranjeros_2025_v4/02_NUM_DOCUMENTO.tsv	02_NUM_DOCUMENTO.tsv	.tsv	23967	2026-06-25T11:50:18.891508-04:00	TRACKED_OR_UNMODIFIED	otro proceso: estudiantes extranjeros	SI	Inventario por ruta y metadatos; no inspecciona registros personales.
estudiantes_extranjeros_2026/backups/pre_aplicacion_reglas_institucionales_v4_20260625_115140/data/governed/columnas_extranjeros_2025_v4/17_SEM_INGRESO_CARRERA_ORIGEN.tsv	17_SEM_INGRESO_CARRERA_ORIGEN.tsv	.tsv	25406	2026-06-25T11:50:19.508424-04:00	TRACKED_OR_UNMODIFIED	otro proceso: estudiantes extranjeros	SI	Inventario por ruta y metadatos; no inspecciona registros personales.
estudiantes_extranjeros_2026/backups/pre_aplicacion_reglas_institucionales_v4_20260625_115140/data/governed/columnas_extranjeros_2025_v4/07_SEXO.tsv	07_SEXO.tsv	.tsv	21754	2026-06-25T11:50:18.901349-04:00	TRACKED_OR_UNMODIFIED	otro proceso: estudiantes extranjeros	SI	Inventario por ruta y metadatos; no inspecciona registros personales.
estudiantes_extranjeros_2026/backups/pre_aplicacion_reglas_institucionales_v4_20260625_115140/data/governed/columnas_extranjeros_2025_v4/15_SEM_INGRESO_CARRERA_ACTUAL.tsv	15_SEM_INGRESO_CARRERA_ACTUAL.tsv	.tsv	24016	2026-06-25T11:50:19.285622-04:00	TRACKED_OR_UNMODIFIED	otro proceso: estudiantes extranjeros	SI	Inventario por ruta y metadatos; no inspecciona registros personales.
estudiantes_extranjeros_2026/backups/pre_aplicacion_reglas_institucionales_v4_20260625_115140/data/governed/columnas_extranjeros_2025_v4/03_DV.tsv	03_DV.tsv	.tsv	19479	2026-06-25T11:50:18.893431-04:00	TRACKED_OR_UNMODIFIED	otro proceso: estudiantes extranjeros	SI	Inventario por ruta y metadatos; no inspecciona registros personales.
estudiantes_extranjeros_2026/backups/pre_aplicacion_reglas_institucionales_v4_20260625_115140/data/governed/columnas_extranjeros_2025_v4/20_VIGENCIA.tsv	20_VIGENCIA.tsv	.tsv	23680	2026-06-25T11:50:19.514261-04:00	TRACKED_OR_UNMODIFIED	otro proceso: estudiantes extranjeros	SI	Inventario por ruta y metadatos; no inspecciona registros personales.
estudiantes_extranjeros_2026/backups/pre_aplicacion_reglas_institucionales_v4_20260625_115140/data/governed/columnas_extranjeros_2025_v4/10_TIPO_RESIDENCIA_ESTUDIANTE.tsv	10_TIPO_RESIDENCIA_ESTUDIANTE.tsv	.tsv	19409	2026-06-25T11:50:19.015578-04:00	TRACKED_OR_UNMODIFIED	otro proceso: estudiantes extranjeros	SI	Inventario por ruta y metadatos; no inspecciona registros personales.
estudiantes_extranjeros_2026/backups/pre_aplicacion_reglas_institucionales_v4_20260625_115140/data/governed/columnas_extranjeros_2025_v4/11_PAIS_ORIGEN.tsv	11_PAIS_ORIGEN.tsv	.tsv	24555	2026-06-25T11:50:19.130233-04:00	TRACKED_OR_UNMODIFIED	otro proceso: estudiantes extranjeros	SI	Inventario por ruta y metadatos; no inspecciona registros personales.
estudiantes_extranjeros_2026/backups/pre_aplicacion_reglas_institucionales_v4_20260625_115140/data/governed/columnas_extranjeros_2025_v4/12_PAIS_ESTUDIOS_SECUNDARIOS.tsv	12_PAIS_ESTUDIOS_SECUNDARIOS.tsv	.tsv	19512	2026-06-25T11:50:19.277480-04:00	TRACKED_OR_UNMODIFIED	otro proceso: estudiantes extranjeros	SI	Inventario por ruta y metadatos; no inspecciona registros personales.
estudiantes_extranjeros_2026/backups/pre_aplicacion_reglas_institucionales_v4_20260625_115140/data/governed/columnas_extranjeros_2025_v4/18_NOMBRE_UNIVERSIDAD_ORIGEN.tsv	18_NOMBRE_UNIVERSIDAD_ORIGEN.tsv	.tsv	24059	2026-06-25T11:50:19.510366-04:00	TRACKED_OR_UNMODIFIED	otro proceso: estudiantes extranjeros	SI	Inventario por ruta y metadatos; no inspecciona registros personales.
estudiantes_extranjeros_2026/backups/pre_aplicacion_reglas_institucionales_v4_20260625_115140/data/governed/columnas_extranjeros_2025_v4/16_ANIO_INGRESO_CARRERA_ORIGEN.tsv	16_ANIO_INGRESO_CARRERA_ORIGEN.tsv	.tsv	25801	2026-06-25T11:50:19.396565-04:00	TRACKED_OR_UNMODIFIED	otro proceso: estudiantes extranjeros	SI	Inventario por ruta y metadatos; no inspecciona registros personales.
estudiantes_extranjeros_2026/backups/pre_aplicacion_reglas_institucionales_v4_20260625_115140/data/governed/columnas_extranjeros_2025_v4/19_PAIS_UNIVERSIDAD_ORIGEN.tsv	19_PAIS_UNIVERSIDAD_ORIGEN.tsv	.tsv	23935	2026-06-25T11:50:19.512223-04:00	TRACKED_OR_UNMODIFIED	otro proceso: estudiantes extranjeros	SI	Inventario por ruta y metadatos; no inspecciona registros personales.
estudiantes_extranjeros_2026/backups/pre_aplicacion_reglas_institucionales_v4_20260625_115140/data/governed/columnas_extranjeros_2025_v4/05_SEGUNDO_APELLIDO.tsv	05_SEGUNDO_APELLIDO.tsv	.tsv	22158	2026-06-25T11:50:18.897839-04:00	TRACKED_OR_UNMODIFIED	otro proceso: estudiantes extranjeros	SI	Inventario por ruta y metadatos; no inspecciona registros personales.
estudiantes_extranjeros_2026/backups/pre_aplicacion_reglas_institucionales_v4_20260625_115140/data/governed/columnas_extranjeros_2025_v4/04_PRIMER_APELLIDO.tsv	04_PRIMER_APELLIDO.tsv	.tsv	22530	2026-06-25T11:50:18.895643-04:00	TRACKED_OR_UNMODIFIED	otro proceso: estudiantes extranjeros	SI	Inventario por ruta y metadatos; no inspecciona registros personales.
estudiantes_extranjeros_2026/backups/pre_aplicacion_reglas_institucionales_v4_20260625_115140/data/governed/columnas_extranjeros_2025_v4/14_ANIO_INGRESO_CARRERA_ACTUAL.tsv	14_ANIO_INGRESO_CARRERA_ACTUAL.tsv	.tsv	24538	2026-06-25T11:50:19.283804-04:00	TRACKED_OR_UNMODIFIED	otro proceso: estudiantes extranjeros	SI	Inventario por ruta y metadatos; no inspecciona registros personales.
estudiantes_extranjeros_2026/backups/pre_aplicacion_reglas_institucionales_v4_20260625_115140/data/governed/columnas_extranjeros_2025_v4/01_TIPO_DOCUMENTO.tsv	01_TIPO_DOCUMENTO.tsv	.tsv	21881	2026-06-25T11:50:18.889341-04:00	TRACKED_OR_UNMODIFIED	otro proceso: estudiantes extranjeros	SI	Inventario por ruta y metadatos; no inspecciona registros personales.
estudiantes_extranjeros_2026/backups/pre_aplicacion_reglas_institucionales_v4_20260625_115140/data/governed/columnas_extranjeros_2025_v4/09_NACIONALIDAD.tsv	09_NACIONALIDAD.tsv	.tsv	24314	2026-06-25T11:50:18.904682-04:00	TRACKED_OR_UNMODIFIED	otro proceso: estudiantes extranjeros	SI	Inventario por ruta y metadatos; no inspecciona registros personales.
estudiantes_extranjeros_2026/backups/pre_aplicacion_reglas_institucionales_v4_20260625_115140/data/processed/MATRIZ_GOBERNANZA_EXTRANJEROS_2025_V4.csv	MATRIZ_GOBERNANZA_EXTRANJEROS_2025_V4.csv	.csv	150396	2026-06-25T11:50:18.886779-04:00	TRACKED_OR_UNMODIFIED	otro proceso: estudiantes extranjeros	SI	Inventario por ruta y metadatos; no inspecciona registros personales.
estudiantes_extranjeros_2026/backups/pre_conciliacion_precarga_20260618_111824/PLANILLA_GESTION_DOCENCIA_EXTRANJEROS_2025_CONCILIADA.xlsx	PLANILLA_GESTION_DOCENCIA_EXTRANJEROS_2025_CONCILIADA.xlsx	.xlsx	58737	2026-06-18T11:18:06.580866-04:00	TRACKED_OR_UNMODIFIED	otro proceso: estudiantes extranjeros	NO_DETERMINADO	Inventario por ruta y metadatos; no inspecciona registros personales.
estudiantes_extranjeros_2026/backups/pre_conciliacion_precarga_20260618_111824/PRECARGA_EXTRANJEROS_REGULARES_2026_NORMALIZADA.csv	PRECARGA_EXTRANJEROS_REGULARES_2026_NORMALIZADA.csv	.csv	148917	2026-06-18T11:18:06.486957-04:00	TRACKED_OR_UNMODIFIED	precarga oficial o evidencia de precarga	NO_DETERMINADO	Inventario por ruta y metadatos; no inspecciona registros personales.
estudiantes_extranjeros_2026/backups/pre_conciliacion_precarga_20260618_111824/REPORTE_PRECARGA_EXTRANJEROS_REGULARES_2026_ORIGINAL.csv	REPORTE_PRECARGA_EXTRANJEROS_REGULARES_2026_ORIGINAL.csv	.csv	19836	2026-06-18T11:10:19.430504-04:00	TRACKED_OR_UNMODIFIED	precarga oficial o evidencia de precarga	NO_DETERMINADO	Inventario por ruta y metadatos; no inspecciona registros personales.
estudiantes_extranjeros_2026/backups/pre_conciliacion_precarga_20260618_111824/METADATA_PRECARGA_PES.csv	METADATA_PRECARGA_PES.csv	.csv	1135	2026-06-18T11:18:06.482452-04:00	TRACKED_OR_UNMODIFIED	precarga oficial o evidencia de precarga	NO_DETERMINADO	Inventario por ruta y metadatos; no inspecciona registros personales.
estudiantes_extranjeros_2026/backups/pre_conciliacion_precarga_20260618_111824/REVISION_104_REGISTROS_CONTRA_PRECARGA.csv	REVISION_104_REGISTROS_CONTRA_PRECARGA.csv	.csv	25652	2026-06-18T11:18:06.497705-04:00	TRACKED_OR_UNMODIFIED	precarga oficial o evidencia de precarga	NO_DETERMINADO	Inventario por ruta y metadatos; no inspecciona registros personales.
estudiantes_extranjeros_2026/backups/pre_conciliacion_precarga_20260618_111824/UNIVERSO_CONCILIADO_PRECARGA_EXTRANJEROS_2025.csv	UNIVERSO_CONCILIADO_PRECARGA_EXTRANJEROS_2025.csv	.csv	91099	2026-06-18T11:18:06.490735-04:00	TRACKED_OR_UNMODIFIED	precarga oficial o evidencia de precarga	NO_DETERMINADO	Inventario por ruta y metadatos; no inspecciona registros personales.
estudiantes_extranjeros_2026/backups/pre_conciliacion_precarga_20260618_111824/CONCILIACION_PRECARGA_VS_MATRICULA_2025.csv	CONCILIACION_PRECARGA_VS_MATRICULA_2025.csv	.csv	94724	2026-06-18T11:18:06.488840-04:00	TRACKED_OR_UNMODIFIED	precarga oficial o evidencia de precarga	NO_DETERMINADO	Inventario por ruta y metadatos; no inspecciona registros personales.
estudiantes_extranjeros_2026/backups/pre_conciliacion_precarga_20260618_111824/BASE_MAESTRA_EXTRANJEROS_REGULARES_2025_CONCILIADA_PRECARGA.csv	BASE_MAESTRA_EXTRANJEROS_REGULARES_2025_CONCILIADA_PRECARGA.csv	.csv	197785	2026-06-18T11:18:06.496969-04:00	TRACKED_OR_UNMODIFIED	precarga oficial o evidencia de precarga	NO_DETERMINADO	Inventario por ruta y metadatos; no inspecciona registros personales.
estudiantes_extranjeros_2026/backups/pre_conciliacion_precarga_20260618_111824/VALIDACION_CONCILIACION_PRECARGA.csv	VALIDACION_CONCILIACION_PRECARGA.csv	.csv	56602	2026-06-18T11:18:06.499014-04:00	TRACKED_OR_UNMODIFIED	precarga oficial o evidencia de precarga	NO_DETERMINADO	Inventario por ruta y metadatos; no inspecciona registros personales.
estudiantes_extranjeros_2026/backups/pre_conciliacion_precarga_20260618_111824/MANIFIESTO_RESPALDO_PRE_CONCILIACION_PRECARGA.csv	MANIFIESTO_RESPALDO_PRE_CONCILIACION_PRECARGA.csv	.csv	3518	2026-06-18T11:18:24.418009-04:00	TRACKED_OR_UNMODIFIED	precarga oficial o evidencia de precarga	NO_DETERMINADO	Inventario por ruta y metadatos; no inspecciona registros personales.
estudiantes_extranjeros_2026/backups/pre_conciliacion_precarga_20260618_111824/MAPEO_COLUMNAS_PRECARGA_PES.csv	MAPEO_COLUMNAS_PRECARGA_PES.csv	.csv	2441	2026-06-18T11:18:06.482664-04:00	TRACKED_OR_UNMODIFIED	precarga oficial o evidencia de precarga	NO_DETERMINADO	Inventario por ruta y metadatos; no inspecciona registros personales.
estudiantes_extranjeros_2026/backups/pre_busqueda_final_pendientes_v3_20260624_195435/resultados/gestion/NOMINA_LEVANTAMIENTO_PENDIENTES_EXTRANJEROS_2025.xlsx	NOMINA_LEVANTAMIENTO_PENDIENTES_EXTRANJEROS_2025.xlsx	.xlsx	31588	2026-06-24T19:54:14.168736-04:00	TRACKED_OR_UNMODIFIED	otro proceso: estudiantes extranjeros	SI	Inventario por ruta y metadatos; no inspecciona registros personales.
estudiantes_extranjeros_2026/backups/pre_busqueda_final_pendientes_v3_20260624_195435/resultados/auditorias/RESOLUCION_3_VIGENCIAS_V3.csv	RESOLUCION_3_VIGENCIAS_V3.csv	.csv	1310	2026-06-24T19:54:13.893579-04:00	TRACKED_OR_UNMODIFIED	otro proceso: estudiantes extranjeros	SI	Inventario por ruta y metadatos; no inspecciona registros personales.
estudiantes_extranjeros_2026/backups/pre_busqueda_final_pendientes_v3_20260624_195435/resultados/auditorias/VALIDACION_BUSQUEDA_FINAL_PENDIENTES_V3.csv	VALIDACION_BUSQUEDA_FINAL_PENDIENTES_V3.csv	.csv	1508	2026-06-24T19:54:14.178856-04:00	TRACKED_OR_UNMODIFIED	otro proceso: estudiantes extranjeros	SI	Inventario por ruta y metadatos; no inspecciona registros personales.
estudiantes_extranjeros_2026/backups/pre_busqueda_final_pendientes_v3_20260624_195435/resultados/auditorias/RESOLUCION_1_NACIONALIDAD_V3.csv	RESOLUCION_1_NACIONALIDAD_V3.csv	.csv	431	2026-06-24T19:54:13.894597-04:00	TRACKED_OR_UNMODIFIED	otro proceso: estudiantes extranjeros	SI	Inventario por ruta y metadatos; no inspecciona registros personales.
estudiantes_extranjeros_2026/backups/pre_busqueda_final_pendientes_v3_20260624_195435/resultados/auditorias/RESOLUCION_12_INGRESO_CARRERA_ORIGEN_V3.csv	RESOLUCION_12_INGRESO_CARRERA_ORIGEN_V3.csv	.csv	2135	2026-06-24T19:54:13.891514-04:00	TRACKED_OR_UNMODIFIED	otro proceso: estudiantes extranjeros	SI	Inventario por ruta y metadatos; no inspecciona registros personales.
estudiantes_extranjeros_2026/backups/pre_busqueda_final_pendientes_v3_20260624_195435/resultados/auditorias/RESOLUCION_RESIDENCIA_PAIS_ORIGEN_V3.csv	RESOLUCION_RESIDENCIA_PAIS_ORIGEN_V3.csv	.csv	22206	2026-06-24T19:54:13.884760-04:00	TRACKED_OR_UNMODIFIED	otro proceso: estudiantes extranjeros	SI	Inventario por ruta y metadatos; no inspecciona registros personales.
estudiantes_extranjeros_2026/backups/pre_busqueda_final_pendientes_v3_20260624_195435/resultados/auditorias/RESOLUCION_17_CODIGOS_UNICOS_V3.csv	RESOLUCION_17_CODIGOS_UNICOS_V3.csv	.csv	4247	2026-06-24T19:54:13.887627-04:00	TRACKED_OR_UNMODIFIED	otro proceso: estudiantes extranjeros	SI	Inventario por ruta y metadatos; no inspecciona registros personales.
estudiantes_extranjeros_2026/backups/pre_busqueda_final_pendientes_v3_20260624_195435/resultados/auditorias/RESOLUCION_12_PAIS_ESTUDIOS_SECUNDARIOS_V3.csv	RESOLUCION_12_PAIS_ESTUDIOS_SECUNDARIOS_V3.csv	.csv	2369	2026-06-24T19:54:13.886477-04:00	TRACKED_OR_UNMODIFIED	otro proceso: estudiantes extranjeros	SI	Inventario por ruta y metadatos; no inspecciona registros personales.
estudiantes_extranjeros_2026/backups/pre_busqueda_final_pendientes_v3_20260624_195435/resultados/auditorias/COMPARACION_GOBERNANZA_V2_VS_V3.csv	COMPARACION_GOBERNANZA_V2_VS_V3.csv	.csv	1175	2026-06-24T19:54:13.983471-04:00	TRACKED_OR_UNMODIFIED	otro proceso: estudiantes extranjeros	SI	Inventario por ruta y metadatos; no inspecciona registros personales.
estudiantes_extranjeros_2026/backups/pre_busqueda_final_pendientes_v3_20260624_195435/resultados/auditorias/INVENTARIO_FINAL_FUENTES_PENDIENTES_V3.csv	INVENTARIO_FINAL_FUENTES_PENDIENTES_V3.csv	.csv	485371	2026-06-24T19:54:12.610600-04:00	TRACKED_OR_UNMODIFIED	otro proceso: estudiantes extranjeros	SI	Inventario por ruta y metadatos; no inspecciona registros personales.
estudiantes_extranjeros_2026/backups/pre_busqueda_final_pendientes_v3_20260624_195435/resultados/auditorias/PENDIENTES_EXACTOS_GOBERNANZA_V2.csv	PENDIENTES_EXACTOS_GOBERNANZA_V2.csv	.csv	44023	2026-06-24T19:53:30.622225-04:00	TRACKED_OR_UNMODIFIED	otro proceso: estudiantes extranjeros	SI	Inventario por ruta y metadatos; no inspecciona registros personales.
estudiantes_extranjeros_2026/backups/pre_busqueda_final_pendientes_v3_20260624_195435/resultados/auditorias/EVIDENCIAS_NUEVAS_PENDIENTES_V3.csv	EVIDENCIAS_NUEVAS_PENDIENTES_V3.csv	.csv	75326	2026-06-24T19:54:13.897545-04:00	TRACKED_OR_UNMODIFIED	otro proceso: estudiantes extranjeros	SI	Inventario por ruta y metadatos; no inspecciona registros personales.
estudiantes_extranjeros_2026/backups/pre_busqueda_final_pendientes_v3_20260624_195435/scripts/buscar_y_resolver_pendientes_extranjeros_v3 2.py	buscar_y_resolver_pendientes_extranjeros_v3 2.py	.py	59456	2026-06-24T19:54:29-04:00	TRACKED_OR_UNMODIFIED	otro proceso: estudiantes extranjeros	NO_DETERMINADO	Inventario por ruta y metadatos; no inspecciona registros personales.
estudiantes_extranjeros_2026/backups/pre_busqueda_final_pendientes_v3_20260624_195435/data/governed/columnas_extranjeros_2025_v3/06_NOMBRES.tsv	06_NOMBRES.tsv	.tsv	23082	2026-06-24T19:54:14.007946-04:00	TRACKED_OR_UNMODIFIED	otro proceso: estudiantes extranjeros	SI	Inventario por ruta y metadatos; no inspecciona registros personales.
estudiantes_extranjeros_2026/backups/pre_busqueda_final_pendientes_v3_20260624_195435/data/governed/columnas_extranjeros_2025_v3/13_CODIGO_UNICO.tsv	13_CODIGO_UNICO.tsv	.tsv	26273	2026-06-24T19:54:14.093119-04:00	TRACKED_OR_UNMODIFIED	otro proceso: estudiantes extranjeros	SI	Inventario por ruta y metadatos; no inspecciona registros personales.
estudiantes_extranjeros_2026/backups/pre_busqueda_final_pendientes_v3_20260624_195435/data/governed/columnas_extranjeros_2025_v3/08_FECHA_NACIMIENTO.tsv	08_FECHA_NACIMIENTO.tsv	.tsv	23660	2026-06-24T19:54:14.014047-04:00	TRACKED_OR_UNMODIFIED	otro proceso: estudiantes extranjeros	SI	Inventario por ruta y metadatos; no inspecciona registros personales.
estudiantes_extranjeros_2026/backups/pre_busqueda_final_pendientes_v3_20260624_195435/data/governed/columnas_extranjeros_2025_v3/02_NUM_DOCUMENTO.tsv	02_NUM_DOCUMENTO.tsv	.tsv	23967	2026-06-24T19:54:13.995775-04:00	TRACKED_OR_UNMODIFIED	otro proceso: estudiantes extranjeros	SI	Inventario por ruta y metadatos; no inspecciona registros personales.
estudiantes_extranjeros_2026/backups/pre_busqueda_final_pendientes_v3_20260624_195435/data/governed/columnas_extranjeros_2025_v3/17_SEM_INGRESO_CARRERA_ORIGEN.tsv	17_SEM_INGRESO_CARRERA_ORIGEN.tsv	.tsv	22020	2026-06-24T19:54:14.105052-04:00	TRACKED_OR_UNMODIFIED	otro proceso: estudiantes extranjeros	SI	Inventario por ruta y metadatos; no inspecciona registros personales.
estudiantes_extranjeros_2026/backups/pre_busqueda_final_pendientes_v3_20260624_195435/data/governed/columnas_extranjeros_2025_v3/07_SEXO.tsv	07_SEXO.tsv	.tsv	21754	2026-06-24T19:54:14.010874-04:00	TRACKED_OR_UNMODIFIED	otro proceso: estudiantes extranjeros	SI	Inventario por ruta y metadatos; no inspecciona registros personales.
estudiantes_extranjeros_2026/backups/pre_busqueda_final_pendientes_v3_20260624_195435/data/governed/columnas_extranjeros_2025_v3/15_SEM_INGRESO_CARRERA_ACTUAL.tsv	15_SEM_INGRESO_CARRERA_ACTUAL.tsv	.tsv	24016	2026-06-24T19:54:14.100511-04:00	TRACKED_OR_UNMODIFIED	otro proceso: estudiantes extranjeros	SI	Inventario por ruta y metadatos; no inspecciona registros personales.
estudiantes_extranjeros_2026/backups/pre_busqueda_final_pendientes_v3_20260624_195435/data/governed/columnas_extranjeros_2025_v3/03_DV.tsv	03_DV.tsv	.tsv	19479	2026-06-24T19:54:13.998615-04:00	TRACKED_OR_UNMODIFIED	otro proceso: estudiantes extranjeros	SI	Inventario por ruta y metadatos; no inspecciona registros personales.
estudiantes_extranjeros_2026/backups/pre_busqueda_final_pendientes_v3_20260624_195435/data/governed/columnas_extranjeros_2025_v3/20_VIGENCIA.tsv	20_VIGENCIA.tsv	.tsv	23680	2026-06-24T19:54:14.114569-04:00	TRACKED_OR_UNMODIFIED	otro proceso: estudiantes extranjeros	SI	Inventario por ruta y metadatos; no inspecciona registros personales.
estudiantes_extranjeros_2026/backups/pre_busqueda_final_pendientes_v3_20260624_195435/data/governed/columnas_extranjeros_2025_v3/10_TIPO_RESIDENCIA_ESTUDIANTE.tsv	10_TIPO_RESIDENCIA_ESTUDIANTE.tsv	.tsv	21145	2026-06-24T19:54:14.019899-04:00	TRACKED_OR_UNMODIFIED	otro proceso: estudiantes extranjeros	SI	Inventario por ruta y metadatos; no inspecciona registros personales.
estudiantes_extranjeros_2026/backups/pre_busqueda_final_pendientes_v3_20260624_195435/data/governed/columnas_extranjeros_2025_v3/11_PAIS_ORIGEN.tsv	11_PAIS_ORIGEN.tsv	.tsv	30011	2026-06-24T19:54:14.080348-04:00	TRACKED_OR_UNMODIFIED	otro proceso: estudiantes extranjeros	SI	Inventario por ruta y metadatos; no inspecciona registros personales.
estudiantes_extranjeros_2026/backups/pre_busqueda_final_pendientes_v3_20260624_195435/data/governed/columnas_extranjeros_2025_v3/12_PAIS_ESTUDIOS_SECUNDARIOS.tsv	12_PAIS_ESTUDIOS_SECUNDARIOS.tsv	.tsv	23296	2026-06-24T19:54:14.084019-04:00	TRACKED_OR_UNMODIFIED	otro proceso: estudiantes extranjeros	SI	Inventario por ruta y metadatos; no inspecciona registros personales.
estudiantes_extranjeros_2026/backups/pre_busqueda_final_pendientes_v3_20260624_195435/data/governed/columnas_extranjeros_2025_v3/18_NOMBRE_UNIVERSIDAD_ORIGEN.tsv	18_NOMBRE_UNIVERSIDAD_ORIGEN.tsv	.tsv	24059	2026-06-24T19:54:14.107112-04:00	TRACKED_OR_UNMODIFIED	otro proceso: estudiantes extranjeros	SI	Inventario por ruta y metadatos; no inspecciona registros personales.
estudiantes_extranjeros_2026/backups/pre_busqueda_final_pendientes_v3_20260624_195435/data/governed/columnas_extranjeros_2025_v3/16_ANIO_INGRESO_CARRERA_ORIGEN.tsv	16_ANIO_INGRESO_CARRERA_ORIGEN.tsv	.tsv	22182	2026-06-24T19:54:14.102928-04:00	TRACKED_OR_UNMODIFIED	otro proceso: estudiantes extranjeros	SI	Inventario por ruta y metadatos; no inspecciona registros personales.
estudiantes_extranjeros_2026/backups/pre_busqueda_final_pendientes_v3_20260624_195435/data/governed/columnas_extranjeros_2025_v3/19_PAIS_UNIVERSIDAD_ORIGEN.tsv	19_PAIS_UNIVERSIDAD_ORIGEN.tsv	.tsv	23935	2026-06-24T19:54:14.109227-04:00	TRACKED_OR_UNMODIFIED	otro proceso: estudiantes extranjeros	SI	Inventario por ruta y metadatos; no inspecciona registros personales.
estudiantes_extranjeros_2026/backups/pre_busqueda_final_pendientes_v3_20260624_195435/data/governed/columnas_extranjeros_2025_v3/05_SEGUNDO_APELLIDO.tsv	05_SEGUNDO_APELLIDO.tsv	.tsv	22158	2026-06-24T19:54:14.005101-04:00	TRACKED_OR_UNMODIFIED	otro proceso: estudiantes extranjeros	SI	Inventario por ruta y metadatos; no inspecciona registros personales.
estudiantes_extranjeros_2026/backups/pre_busqueda_final_pendientes_v3_20260624_195435/data/governed/columnas_extranjeros_2025_v3/04_PRIMER_APELLIDO.tsv	04_PRIMER_APELLIDO.tsv	.tsv	22530	2026-06-24T19:54:14.001912-04:00	TRACKED_OR_UNMODIFIED	otro proceso: estudiantes extranjeros	SI	Inventario por ruta y metadatos; no inspecciona registros personales.
estudiantes_extranjeros_2026/backups/pre_busqueda_final_pendientes_v3_20260624_195435/data/governed/columnas_extranjeros_2025_v3/14_ANIO_INGRESO_CARRERA_ACTUAL.tsv	14_ANIO_INGRESO_CARRERA_ACTUAL.tsv	.tsv	24538	2026-06-24T19:54:14.096636-04:00	TRACKED_OR_UNMODIFIED	otro proceso: estudiantes extranjeros	SI	Inventario por ruta y metadatos; no inspecciona registros personales.
estudiantes_extranjeros_2026/backups/pre_busqueda_final_pendientes_v3_20260624_195435/data/governed/columnas_extranjeros_2025_v3/01_TIPO_DOCUMENTO.tsv	01_TIPO_DOCUMENTO.tsv	.tsv	21881	2026-06-24T19:54:13.993247-04:00	TRACKED_OR_UNMODIFIED	otro proceso: estudiantes extranjeros	SI	Inventario por ruta y metadatos; no inspecciona registros personales.
estudiantes_extranjeros_2026/backups/pre_busqueda_final_pendientes_v3_20260624_195435/data/governed/columnas_extranjeros_2025_v3/09_NACIONALIDAD.tsv	09_NACIONALIDAD.tsv	.tsv	24314	2026-06-24T19:54:14.017346-04:00	TRACKED_OR_UNMODIFIED	otro proceso: estudiantes extranjeros	SI	Inventario por ruta y metadatos; no inspecciona registros personales.
estudiantes_extranjeros_2026/backups/pre_busqueda_final_pendientes_v3_20260624_195435/data/processed/MATRIZ_GOBERNANZA_EXTRANJEROS_2025_V3.csv	MATRIZ_GOBERNANZA_EXTRANJEROS_2025_V3.csv	.csv	113856	2026-06-24T19:54:13.989000-04:00	TRACKED_OR_UNMODIFIED	otro proceso: estudiantes extranjeros	SI	Inventario por ruta y metadatos; no inspecciona registros personales.
estudiantes_extranjeros_2026/backups/pre_resolucion_codigos_sies_v6_20260625_140341/MANIFIESTO_RESPALDO_V6.csv	MANIFIESTO_RESPALDO_V6.csv	.csv	1871	2026-06-25T14:03:41.057895-04:00	TRACKED_OR_UNMODIFIED	otro proceso: estudiantes extranjeros	NO_DETERMINADO	Inventario por ruta y metadatos; no inspecciona registros personales.
estudiantes_extranjeros_2026/backups/pre_resolucion_codigos_sies_v6_20260625_140341/resultados/auditorias/RESOLUCION_11_CODIGOS_SIES_DESDE_MATRICULA_UNIFICADA.csv	RESOLUCION_11_CODIGOS_SIES_DESDE_MATRICULA_UNIFICADA.csv	.csv	4100	2026-06-25T12:16:07.042844-04:00	TRACKED_OR_UNMODIFIED	otro proceso: estudiantes extranjeros	SI	Inventario por ruta y metadatos; no inspecciona registros personales.
estudiantes_extranjeros_2026/backups/pre_resolucion_codigos_sies_v6_20260625_140341/data/governed/columnas_extranjeros_2025_v5/06_NOMBRES.tsv	06_NOMBRES.tsv	.tsv	19531	2026-06-25T12:16:08.187419-04:00	TRACKED_OR_UNMODIFIED	otro proceso: estudiantes extranjeros	SI	Inventario por ruta y metadatos; no inspecciona registros personales.
estudiantes_extranjeros_2026/backups/pre_resolucion_codigos_sies_v6_20260625_140341/data/governed/columnas_extranjeros_2025_v5/13_CODIGO_UNICO.tsv	13_CODIGO_UNICO.tsv	.tsv	16406	2026-06-25T12:16:09.025736-04:00	TRACKED_OR_UNMODIFIED	otro proceso: estudiantes extranjeros	SI	Inventario por ruta y metadatos; no inspecciona registros personales.
estudiantes_extranjeros_2026/backups/pre_resolucion_codigos_sies_v6_20260625_140341/data/governed/columnas_extranjeros_2025_v5/08_FECHA_NACIMIENTO.tsv	08_FECHA_NACIMIENTO.tsv	.tsv	20571	2026-06-25T12:16:08.433163-04:00	TRACKED_OR_UNMODIFIED	otro proceso: estudiantes extranjeros	SI	Inventario por ruta y metadatos; no inspecciona registros personales.
estudiantes_extranjeros_2026/backups/pre_resolucion_codigos_sies_v6_20260625_140341/data/governed/columnas_extranjeros_2025_v5/02_NUM_DOCUMENTO.tsv	02_NUM_DOCUMENTO.tsv	.tsv	20817	2026-06-25T12:16:07.629997-04:00	TRACKED_OR_UNMODIFIED	otro proceso: estudiantes extranjeros	SI	Inventario por ruta y metadatos; no inspecciona registros personales.
estudiantes_extranjeros_2026/backups/pre_resolucion_codigos_sies_v6_20260625_140341/data/governed/columnas_extranjeros_2025_v5/17_SEM_INGRESO_CARRERA_ORIGEN.tsv	17_SEM_INGRESO_CARRERA_ORIGEN.tsv	.tsv	25005	2026-06-25T12:16:09.486669-04:00	TRACKED_OR_UNMODIFIED	otro proceso: estudiantes extranjeros	SI	Inventario por ruta y metadatos; no inspecciona registros personales.
estudiantes_extranjeros_2026/backups/pre_resolucion_codigos_sies_v6_20260625_140341/data/governed/columnas_extranjeros_2025_v5/07_SEXO.tsv	07_SEXO.tsv	.tsv	18061	2026-06-25T12:16:08.309912-04:00	TRACKED_OR_UNMODIFIED	otro proceso: estudiantes extranjeros	SI	Inventario por ruta y metadatos; no inspecciona registros personales.
estudiantes_extranjeros_2026/backups/pre_resolucion_codigos_sies_v6_20260625_140341/data/governed/columnas_extranjeros_2025_v5/15_SEM_INGRESO_CARRERA_ACTUAL.tsv	15_SEM_INGRESO_CARRERA_ACTUAL.tsv	.tsv	19561	2026-06-25T12:16:09.256831-04:00	TRACKED_OR_UNMODIFIED	otro proceso: estudiantes extranjeros	SI	Inventario por ruta y metadatos; no inspecciona registros personales.
estudiantes_extranjeros_2026/backups/pre_resolucion_codigos_sies_v6_20260625_140341/data/governed/columnas_extranjeros_2025_v5/03_DV.tsv	03_DV.tsv	.tsv	17597	2026-06-25T12:16:07.764438-04:00	TRACKED_OR_UNMODIFIED	otro proceso: estudiantes extranjeros	SI	Inventario por ruta y metadatos; no inspecciona registros personales.
estudiantes_extranjeros_2026/backups/pre_resolucion_codigos_sies_v6_20260625_140341/data/governed/columnas_extranjeros_2025_v5/20_VIGENCIA.tsv	20_VIGENCIA.tsv	.tsv	19526	2026-06-25T12:16:09.834636-04:00	TRACKED_OR_UNMODIFIED	otro proceso: estudiantes extranjeros	SI	Inventario por ruta y metadatos; no inspecciona registros personales.
estudiantes_extranjeros_2026/backups/pre_resolucion_codigos_sies_v6_20260625_140341/data/governed/columnas_extranjeros_2025_v5/10_TIPO_RESIDENCIA_ESTUDIANTE.tsv	10_TIPO_RESIDENCIA_ESTUDIANTE.tsv	.tsv	19105	2026-06-25T12:16:08.673355-04:00	TRACKED_OR_UNMODIFIED	otro proceso: estudiantes extranjeros	SI	Inventario por ruta y metadatos; no inspecciona registros personales.
estudiantes_extranjeros_2026/backups/pre_resolucion_codigos_sies_v6_20260625_140341/data/governed/columnas_extranjeros_2025_v5/11_PAIS_ORIGEN.tsv	11_PAIS_ORIGEN.tsv	.tsv	24168	2026-06-25T12:16:08.790134-04:00	TRACKED_OR_UNMODIFIED	otro proceso: estudiantes extranjeros	SI	Inventario por ruta y metadatos; no inspecciona registros personales.
estudiantes_extranjeros_2026/backups/pre_resolucion_codigos_sies_v6_20260625_140341/data/governed/columnas_extranjeros_2025_v5/12_PAIS_ESTUDIOS_SECUNDARIOS.tsv	12_PAIS_ESTUDIOS_SECUNDARIOS.tsv	.tsv	19128	2026-06-25T12:16:08.906817-04:00	TRACKED_OR_UNMODIFIED	otro proceso: estudiantes extranjeros	SI	Inventario por ruta y metadatos; no inspecciona registros personales.
estudiantes_extranjeros_2026/backups/pre_resolucion_codigos_sies_v6_20260625_140341/data/governed/columnas_extranjeros_2025_v5/18_NOMBRE_UNIVERSIDAD_ORIGEN.tsv	18_NOMBRE_UNIVERSIDAD_ORIGEN.tsv	.tsv	18678	2026-06-25T12:16:09.601485-04:00	TRACKED_OR_UNMODIFIED	otro proceso: estudiantes extranjeros	SI	Inventario por ruta y metadatos; no inspecciona registros personales.
estudiantes_extranjeros_2026/backups/pre_resolucion_codigos_sies_v6_20260625_140341/data/governed/columnas_extranjeros_2025_v5/16_ANIO_INGRESO_CARRERA_ORIGEN.tsv	16_ANIO_INGRESO_CARRERA_ORIGEN.tsv	.tsv	25399	2026-06-25T12:16:09.370435-04:00	TRACKED_OR_UNMODIFIED	otro proceso: estudiantes extranjeros	SI	Inventario por ruta y metadatos; no inspecciona registros personales.
estudiantes_extranjeros_2026/backups/pre_resolucion_codigos_sies_v6_20260625_140341/data/governed/columnas_extranjeros_2025_v5/19_PAIS_UNIVERSIDAD_ORIGEN.tsv	19_PAIS_UNIVERSIDAD_ORIGEN.tsv	.tsv	18556	2026-06-25T12:16:09.715384-04:00	TRACKED_OR_UNMODIFIED	otro proceso: estudiantes extranjeros	SI	Inventario por ruta y metadatos; no inspecciona registros personales.
estudiantes_extranjeros_2026/backups/pre_resolucion_codigos_sies_v6_20260625_140341/data/governed/columnas_extranjeros_2025_v5/05_SEGUNDO_APELLIDO.tsv	05_SEGUNDO_APELLIDO.tsv	.tsv	18609	2026-06-25T12:16:08.055747-04:00	TRACKED_OR_UNMODIFIED	otro proceso: estudiantes extranjeros	SI	Inventario por ruta y metadatos; no inspecciona registros personales.
estudiantes_extranjeros_2026/backups/pre_resolucion_codigos_sies_v6_20260625_140341/data/governed/columnas_extranjeros_2025_v5/04_PRIMER_APELLIDO.tsv	04_PRIMER_APELLIDO.tsv	.tsv	18995	2026-06-25T12:16:07.903881-04:00	TRACKED_OR_UNMODIFIED	otro proceso: estudiantes extranjeros	SI	Inventario por ruta y metadatos; no inspecciona registros personales.
estudiantes_extranjeros_2026/backups/pre_resolucion_codigos_sies_v6_20260625_140341/data/governed/columnas_extranjeros_2025_v5/14_ANIO_INGRESO_CARRERA_ACTUAL.tsv	14_ANIO_INGRESO_CARRERA_ACTUAL.tsv	.tsv	20321	2026-06-25T12:16:09.139555-04:00	TRACKED_OR_UNMODIFIED	otro proceso: estudiantes extranjeros	SI	Inventario por ruta y metadatos; no inspecciona registros personales.
estudiantes_extranjeros_2026/backups/pre_resolucion_codigos_sies_v6_20260625_140341/data/governed/columnas_extranjeros_2025_v5/01_TIPO_DOCUMENTO.tsv	01_TIPO_DOCUMENTO.tsv	.tsv	18819	2026-06-25T12:16:07.492383-04:00	TRACKED_OR_UNMODIFIED	otro proceso: estudiantes extranjeros	SI	Inventario por ruta y metadatos; no inspecciona registros personales.
estudiantes_extranjeros_2026/backups/pre_resolucion_codigos_sies_v6_20260625_140341/data/governed/columnas_extranjeros_2025_v5/09_NACIONALIDAD.tsv	09_NACIONALIDAD.tsv	.tsv	20626	2026-06-25T12:16:08.556939-04:00	TRACKED_OR_UNMODIFIED	otro proceso: estudiantes extranjeros	SI	Inventario por ruta y metadatos; no inspecciona registros personales.
estudiantes_extranjeros_2026/backups/pre_resolucion_codigos_sies_v6_20260625_140341/data/processed/MATRIZ_GOBERNANZA_EXTRANJEROS_2025_V5.csv	MATRIZ_GOBERNANZA_EXTRANJEROS_2025_V5.csv	.csv	149027	2026-06-25T12:16:07.358696-04:00	TRACKED_OR_UNMODIFIED	otro proceso: estudiantes extranjeros	SI	Inventario por ruta y metadatos; no inspecciona registros personales.
estudiantes_extranjeros_2026/backups/pre_fase2_20260618_090921/NOMINA_GESTION_MANUAL_DETALLE_FASE2.csv	NOMINA_GESTION_MANUAL_DETALLE_FASE2.csv	.csv	19941	2026-06-18T09:09:00.899111-04:00	TRACKED_OR_UNMODIFIED	fuente normativa	NO_DETERMINADO	Inventario por ruta y metadatos; no inspecciona registros personales.
estudiantes_extranjeros_2026/backups/pre_fase2_20260618_090921/UNIVERSO_CANDIDATOS_EXTRANJEROS_2025.csv	UNIVERSO_CANDIDATOS_EXTRANJEROS_2025.csv	.csv	10778	2026-06-18T09:09:00.894611-04:00	TRACKED_OR_UNMODIFIED	otro proceso: estudiantes extranjeros	NO_DETERMINADO	Inventario por ruta y metadatos; no inspecciona registros personales.
estudiantes_extranjeros_2026/backups/pre_fase2_20260618_090921/RESOLUCION_CODIGO_UNICO.csv	RESOLUCION_CODIGO_UNICO.csv	.csv	12159	2026-06-18T09:09:00.898114-04:00	TRACKED_OR_UNMODIFIED	otro proceso: estudiantes extranjeros	NO_DETERMINADO	Inventario por ruta y metadatos; no inspecciona registros personales.
estudiantes_extranjeros_2026/backups/pre_fase2_20260618_090921/AUDITORIA_CRUCES_BASE_MAESTRA.csv	AUDITORIA_CRUCES_BASE_MAESTRA.csv	.csv	1123	2026-06-18T09:09:00.897762-04:00	TRACKED_OR_UNMODIFIED	otro proceso: estudiantes extranjeros	NO_DETERMINADO	Inventario por ruta y metadatos; no inspecciona registros personales.
estudiantes_extranjeros_2026/backups/pre_fase2_20260618_090921/BASE_MAESTRA_EXTRANJEROS_REGULARES_2025.csv	BASE_MAESTRA_EXTRANJEROS_REGULARES_2025.csv	.csv	134370	2026-06-18T09:09:00.897570-04:00	TRACKED_OR_UNMODIFIED	otro proceso: estudiantes extranjeros	NO_DETERMINADO	Inventario por ruta y metadatos; no inspecciona registros personales.
estudiantes_extranjeros_2026/backups/pre_fase2_20260618_090921/COBERTURA_VARIABLES_BASE_MAESTRA.csv	COBERTURA_VARIABLES_BASE_MAESTRA.csv	.csv	1665	2026-06-18T09:09:00.899267-04:00	TRACKED_OR_UNMODIFIED	otro proceso: estudiantes extranjeros	NO_DETERMINADO	Inventario por ruta y metadatos; no inspecciona registros personales.
estudiantes_extranjeros_2026/backups/pre_fase2_20260618_090921/CATALOGO_PAISES_SIES_2026.csv	CATALOGO_PAISES_SIES_2026.csv	.csv	22162	2026-06-18T09:09:00.899841-04:00	TRACKED_OR_UNMODIFIED	otro proceso: estudiantes extranjeros	NO_DETERMINADO	Inventario por ruta y metadatos; no inspecciona registros personales.
estudiantes_extranjeros_2026/backups/pre_fase2_20260618_090921/AUDITORIA_VIGENCIA_2025.csv	AUDITORIA_VIGENCIA_2025.csv	.csv	7437	2026-06-18T09:09:00.898378-04:00	TRACKED_OR_UNMODIFIED	otro proceso: estudiantes extranjeros	NO_DETERMINADO	Inventario por ruta y metadatos; no inspecciona registros personales.
estudiantes_extranjeros_2026/backups/pre_fase2_20260618_090921/NOMINA_SOLICITUD_DATOS_DOCENCIA.csv	NOMINA_SOLICITUD_DATOS_DOCENCIA.csv	.csv	6084	2026-06-18T09:09:00.898627-04:00	TRACKED_OR_UNMODIFIED	otro proceso: estudiantes extranjeros	NO_DETERMINADO	Inventario por ruta y metadatos; no inspecciona registros personales.
estudiantes_extranjeros_2026/backups/pre_fase2_20260618_090921/MANIFIESTO_RESPALDO_PRE_FASE2.csv	MANIFIESTO_RESPALDO_PRE_FASE2.csv	.csv	2557	2026-06-18T09:09:21.229354-04:00	TRACKED_OR_UNMODIFIED	otro proceso: estudiantes extranjeros	NO_DETERMINADO	Inventario por ruta y metadatos; no inspecciona registros personales.
estudiantes_extranjeros_2026/backups/pre_busqueda_final_pendientes_v3_20260624_195236/resultados/auditorias/PENDIENTES_EXACTOS_GOBERNANZA_V2.csv	PENDIENTES_EXACTOS_GOBERNANZA_V2.csv	.csv	44023	2026-06-24T19:50:35.401525-04:00	TRACKED_OR_UNMODIFIED	otro proceso: estudiantes extranjeros	SI	Inventario por ruta y metadatos; no inspecciona registros personales.
estudiantes_extranjeros_2026/backups/pre_busqueda_final_pendientes_v3_20260624_195236/scripts/buscar_y_resolver_pendientes_extranjeros_v3 2.py	buscar_y_resolver_pendientes_extranjeros_v3 2.py	.py	58778	2026-06-24T19:52:31-04:00	TRACKED_OR_UNMODIFIED	otro proceso: estudiantes extranjeros	NO_DETERMINADO	Inventario por ruta y metadatos; no inspecciona registros personales.
estudiantes_extranjeros_2026/backups/pre_depuracion_4_cruces_20260618_115233/RESOLUCION_CONFLICTOS_EXPLICITOS.csv	RESOLUCION_CONFLICTOS_EXPLICITOS.csv	.csv	8154	2026-06-18T11:51:59.947720-04:00	TRACKED_OR_UNMODIFIED	otro proceso: estudiantes extranjeros	NO_DETERMINADO	Inventario por ruta y metadatos; no inspecciona registros personales.
estudiantes_extranjeros_2026/backups/pre_depuracion_4_cruces_20260618_115233/CRUCE_1_PRECARGA_CONFIRMADA.csv	CRUCE_1_PRECARGA_CONFIRMADA.csv	.csv	20344	2026-06-18T11:51:59.939783-04:00	TRACKED_OR_UNMODIFIED	precarga oficial o evidencia de precarga	NO_DETERMINADO	Inventario por ruta y metadatos; no inspecciona registros personales.
estudiantes_extranjeros_2026/backups/pre_depuracion_4_cruces_20260618_115233/NOMINA_CONFIRMACION_MATRICULA_CARRERA_2025.xlsx	NOMINA_CONFIRMACION_MATRICULA_CARRERA_2025.xlsx	.xlsx	12673	2026-06-18T11:52:00.079256-04:00	TRACKED_OR_UNMODIFIED	otro proceso: estudiantes extranjeros	NO_DETERMINADO	Inventario por ruta y metadatos; no inspecciona registros personales.
estudiantes_extranjeros_2026/backups/pre_depuracion_4_cruces_20260618_115233/CRUCE_4_MISMA_PERSONA_DISTINTA_CARRERA.csv	CRUCE_4_MISMA_PERSONA_DISTINTA_CARRERA.csv	.csv	23903	2026-06-18T11:51:59.946959-04:00	TRACKED_OR_UNMODIFIED	otro proceso: estudiantes extranjeros	NO_DETERMINADO	Inventario por ruta y metadatos; no inspecciona registros personales.
estudiantes_extranjeros_2026/backups/pre_depuracion_4_cruces_20260618_115233/NORMALIZACION_COMUN_DEPURACION_4_CRUCES.csv	NORMALIZACION_COMUN_DEPURACION_4_CRUCES.csv	.csv	291101	2026-06-18T11:51:59.938698-04:00	TRACKED_OR_UNMODIFIED	otro proceso: estudiantes extranjeros	NO_DETERMINADO	Inventario por ruta y metadatos; no inspecciona registros personales.
estudiantes_extranjeros_2026/backups/pre_depuracion_4_cruces_20260618_115233/RESOLUCION_DUPLICIDADES_DOCUMENTALES.csv	RESOLUCION_DUPLICIDADES_DOCUMENTALES.csv	.csv	2808	2026-06-18T11:51:59.947233-04:00	TRACKED_OR_UNMODIFIED	otro proceso: estudiantes extranjeros	NO_DETERMINADO	Inventario por ruta y metadatos; no inspecciona registros personales.
estudiantes_extranjeros_2026/backups/pre_depuracion_4_cruces_20260618_115233/COBERTURA_POST_4_CRUCES.csv	COBERTURA_POST_4_CRUCES.csv	.csv	16255	2026-06-18T11:52:00.091992-04:00	TRACKED_OR_UNMODIFIED	otro proceso: estudiantes extranjeros	NO_DETERMINADO	Inventario por ruta y metadatos; no inspecciona registros personales.
estudiantes_extranjeros_2026/backups/pre_depuracion_4_cruces_20260618_115233/CRUCE_3_SOLO_MATRICULA_LOCAL_2025.csv	CRUCE_3_SOLO_MATRICULA_LOCAL_2025.csv	.csv	21358	2026-06-18T11:51:59.945864-04:00	TRACKED_OR_UNMODIFIED	otro proceso: estudiantes extranjeros	NO_DETERMINADO	Inventario por ruta y metadatos; no inspecciona registros personales.
estudiantes_extranjeros_2026/backups/pre_depuracion_4_cruces_20260618_115233/PRECARGA_EXTRANJEROS_REGULARES_2026_NORMALIZADA.csv	PRECARGA_EXTRANJEROS_REGULARES_2026_NORMALIZADA.csv	.csv	148917	2026-06-18T11:18:24.782156-04:00	TRACKED_OR_UNMODIFIED	precarga oficial o evidencia de precarga	NO_DETERMINADO	Inventario por ruta y metadatos; no inspecciona registros personales.
estudiantes_extranjeros_2026/backups/pre_depuracion_4_cruces_20260618_115233/MANIFIESTO_RESPALDO_PRE_DEPURACION_4_CRUCES.csv	MANIFIESTO_RESPALDO_PRE_DEPURACION_4_CRUCES.csv	.csv	6148	2026-06-18T11:52:33.972536-04:00	TRACKED_OR_UNMODIFIED	otro proceso: estudiantes extranjeros	NO_DETERMINADO	Inventario por ruta y metadatos; no inspecciona registros personales.
estudiantes_extranjeros_2026/backups/pre_depuracion_4_cruces_20260618_115233/METADATA_FASE_DEPURACION_4_CRUCES.csv	METADATA_FASE_DEPURACION_4_CRUCES.csv	.csv	4877	2026-06-18T11:51:59.911700-04:00	TRACKED_OR_UNMODIFIED	otro proceso: estudiantes extranjeros	NO_DETERMINADO	Inventario por ruta y metadatos; no inspecciona registros personales.
estudiantes_extranjeros_2026/backups/pre_depuracion_4_cruces_20260618_115233/REVISION_104_REGISTROS_CONTRA_PRECARGA.csv	REVISION_104_REGISTROS_CONTRA_PRECARGA.csv	.csv	25652	2026-06-18T11:18:24.794070-04:00	TRACKED_OR_UNMODIFIED	precarga oficial o evidencia de precarga	NO_DETERMINADO	Inventario por ruta y metadatos; no inspecciona registros personales.
estudiantes_extranjeros_2026/backups/pre_depuracion_4_cruces_20260618_115233/UNIVERSO_CONCILIADO_PRECARGA_EXTRANJEROS_2025.csv	UNIVERSO_CONCILIADO_PRECARGA_EXTRANJEROS_2025.csv	.csv	91099	2026-06-18T11:18:24.786461-04:00	TRACKED_OR_UNMODIFIED	precarga oficial o evidencia de precarga	NO_DETERMINADO	Inventario por ruta y metadatos; no inspecciona registros personales.
estudiantes_extranjeros_2026/backups/pre_depuracion_4_cruces_20260618_115233/CONCILIACION_PRECARGA_VS_MATRICULA_2025.csv	CONCILIACION_PRECARGA_VS_MATRICULA_2025.csv	.csv	94724	2026-06-18T11:18:24.784304-04:00	TRACKED_OR_UNMODIFIED	precarga oficial o evidencia de precarga	NO_DETERMINADO	Inventario por ruta y metadatos; no inspecciona registros personales.
estudiantes_extranjeros_2026/backups/pre_depuracion_4_cruces_20260618_115233/BASE_MAESTRA_EXTRANJEROS_REGULARES_2025_DEPURADA.csv	BASE_MAESTRA_EXTRANJEROS_REGULARES_2025_DEPURADA.csv	.csv	1487961	2026-06-18T11:52:00.003010-04:00	TRACKED_OR_UNMODIFIED	otro proceso: estudiantes extranjeros	NO_DETERMINADO	Inventario por ruta y metadatos; no inspecciona registros personales.
estudiantes_extranjeros_2026/backups/pre_depuracion_4_cruces_20260618_115233/VALIDACION_FASE_4_CRUCES.csv	VALIDACION_FASE_4_CRUCES.csv	.csv	47868	2026-06-18T11:52:00.094949-04:00	TRACKED_OR_UNMODIFIED	otro proceso: estudiantes extranjeros	NO_DETERMINADO	Inventario por ruta y metadatos; no inspecciona registros personales.
estudiantes_extranjeros_2026/backups/pre_depuracion_4_cruces_20260618_115233/BASE_MAESTRA_EXTRANJEROS_REGULARES_2025_CONCILIADA_PRECARGA.csv	BASE_MAESTRA_EXTRANJEROS_REGULARES_2025_CONCILIADA_PRECARGA.csv	.csv	197785	2026-06-18T11:18:24.792894-04:00	TRACKED_OR_UNMODIFIED	precarga oficial o evidencia de precarga	NO_DETERMINADO	Inventario por ruta y metadatos; no inspecciona registros personales.
estudiantes_extranjeros_2026/backups/pre_depuracion_4_cruces_20260618_115233/NOMINA_RESOLUCION_TECNICA_CODIGOS.xlsx	NOMINA_RESOLUCION_TECNICA_CODIGOS.xlsx	.xlsx	11886	2026-06-18T11:52:00.090116-04:00	TRACKED_OR_UNMODIFIED	otro proceso: estudiantes extranjeros	NO_DETERMINADO	Inventario por ruta y metadatos; no inspecciona registros personales.
estudiantes_extranjeros_2026/backups/pre_depuracion_4_cruces_20260618_115233/UNIVERSO_DEPURADO_EXTRANJEROS_REGULARES_2025.csv	UNIVERSO_DEPURADO_EXTRANJEROS_REGULARES_2025.csv	.csv	158306	2026-06-18T11:51:59.956554-04:00	TRACKED_OR_UNMODIFIED	otro proceso: estudiantes extranjeros	NO_DETERMINADO	Inventario por ruta y metadatos; no inspecciona registros personales.
estudiantes_extranjeros_2026/backups/pre_depuracion_4_cruces_20260618_115233/CRUCE_2_SOLO_PRECARGA.csv	CRUCE_2_SOLO_PRECARGA.csv	.csv	118577	2026-06-18T11:51:59.944596-04:00	TRACKED_OR_UNMODIFIED	precarga oficial o evidencia de precarga	NO_DETERMINADO	Inventario por ruta y metadatos; no inspecciona registros personales.
estudiantes_extranjeros_2026/backups/pre_depuracion_4_cruces_20260618_115233/NOMINA_DATOS_PERSONALES_FALTANTES.xlsx	NOMINA_DATOS_PERSONALES_FALTANTES.xlsx	.xlsx	32718	2026-06-18T11:52:00.066978-04:00	TRACKED_OR_UNMODIFIED	otro proceso: estudiantes extranjeros	NO_DETERMINADO	Inventario por ruta y metadatos; no inspecciona registros personales.
estudiantes_extranjeros_2026/backups/pre_resolucion_codigos_sies_v6_20260625_140952/MANIFIESTO_RESPALDO_V6.csv	MANIFIESTO_RESPALDO_V6.csv	.csv	4503	2026-06-25T14:09:52.401784-04:00	TRACKED_OR_UNMODIFIED	otro proceso: estudiantes extranjeros	NO_DETERMINADO	Inventario por ruta y metadatos; no inspecciona registros personales.
estudiantes_extranjeros_2026/backups/pre_resolucion_codigos_sies_v6_20260625_140952/resultados/auditorias/VALIDACION_CODIGOS_SIES_V6.csv	VALIDACION_CODIGOS_SIES_V6.csv	.csv	806	2026-06-25T14:08:49.922891-04:00	TRACKED_OR_UNMODIFIED	otro proceso: estudiantes extranjeros	SI	Inventario por ruta y metadatos; no inspecciona registros personales.
estudiantes_extranjeros_2026/backups/pre_resolucion_codigos_sies_v6_20260625_140952/resultados/auditorias/RESOLUCION_11_CODIGOS_SIES_DESDE_MATRICULA_UNIFICADA.csv	RESOLUCION_11_CODIGOS_SIES_DESDE_MATRICULA_UNIFICADA.csv	.csv	4100	2026-06-25T12:16:07.042844-04:00	TRACKED_OR_UNMODIFIED	otro proceso: estudiantes extranjeros	SI	Inventario por ruta y metadatos; no inspecciona registros personales.
estudiantes_extranjeros_2026/backups/pre_resolucion_codigos_sies_v6_20260625_140952/resultados/auditorias/REVISION_CODIGOS_SIES_EXTRANJEROS_V6.xlsx	REVISION_CODIGOS_SIES_EXTRANJEROS_V6.xlsx	.xlsx	203739	2026-06-25T14:08:50.268141-04:00	TRACKED_OR_UNMODIFIED	otro proceso: estudiantes extranjeros	SI	Inventario por ruta y metadatos; no inspecciona registros personales.
estudiantes_extranjeros_2026/backups/pre_resolucion_codigos_sies_v6_20260625_140952/resultados/auditorias/RESOLUCION_2_CODIGOS_SIES_V6.csv	RESOLUCION_2_CODIGOS_SIES_V6.csv	.csv	905	2026-06-25T14:08:49.698045-04:00	TRACKED_OR_UNMODIFIED	otro proceso: estudiantes extranjeros	SI	Inventario por ruta y metadatos; no inspecciona registros personales.
estudiantes_extranjeros_2026/backups/pre_resolucion_codigos_sies_v6_20260625_140952/resultados/auditorias/AUDITORIA_5_ADVERTENCIAS_V6.csv	AUDITORIA_5_ADVERTENCIAS_V6.csv	.csv	1099	2026-06-25T14:08:49.887988-04:00	TRACKED_OR_UNMODIFIED	otro proceso: estudiantes extranjeros	SI	Inventario por ruta y metadatos; no inspecciona registros personales.
estudiantes_extranjeros_2026/backups/pre_resolucion_codigos_sies_v6_20260625_140952/scripts/resolver_codigos_sies_v6 2.py	resolver_codigos_sies_v6 2.py	.py	30130	2026-06-25T14:09:43-04:00	TRACKED_OR_UNMODIFIED	otro proceso: estudiantes extranjeros	NO_DETERMINADO	Inventario por ruta y metadatos; no inspecciona registros personales.
estudiantes_extranjeros_2026/backups/pre_resolucion_codigos_sies_v6_20260625_140952/scripts/aplicar_correcciones_extranjeros_v5 2.py	aplicar_correcciones_extranjeros_v5 2.py	.py	32714	2026-06-25T12:16:02-04:00	TRACKED_OR_UNMODIFIED	otro proceso: estudiantes extranjeros	NO_DETERMINADO	Inventario por ruta y metadatos; no inspecciona registros personales.
estudiantes_extranjeros_2026/backups/pre_resolucion_codigos_sies_v6_20260625_140952/data/governed/columnas_extranjeros_2025_v5/06_NOMBRES.tsv	06_NOMBRES.tsv	.tsv	19531	2026-06-25T12:16:08.187419-04:00	TRACKED_OR_UNMODIFIED	otro proceso: estudiantes extranjeros	SI	Inventario por ruta y metadatos; no inspecciona registros personales.
estudiantes_extranjeros_2026/backups/pre_resolucion_codigos_sies_v6_20260625_140952/data/governed/columnas_extranjeros_2025_v5/13_CODIGO_UNICO.tsv	13_CODIGO_UNICO.tsv	.tsv	16406	2026-06-25T12:16:09.025736-04:00	TRACKED_OR_UNMODIFIED	otro proceso: estudiantes extranjeros	SI	Inventario por ruta y metadatos; no inspecciona registros personales.
estudiantes_extranjeros_2026/backups/pre_resolucion_codigos_sies_v6_20260625_140952/data/governed/columnas_extranjeros_2025_v5/08_FECHA_NACIMIENTO.tsv	08_FECHA_NACIMIENTO.tsv	.tsv	20571	2026-06-25T12:16:08.433163-04:00	TRACKED_OR_UNMODIFIED	otro proceso: estudiantes extranjeros	SI	Inventario por ruta y metadatos; no inspecciona registros personales.
estudiantes_extranjeros_2026/backups/pre_resolucion_codigos_sies_v6_20260625_140952/data/governed/columnas_extranjeros_2025_v5/02_NUM_DOCUMENTO.tsv	02_NUM_DOCUMENTO.tsv	.tsv	20817	2026-06-25T12:16:07.629997-04:00	TRACKED_OR_UNMODIFIED	otro proceso: estudiantes extranjeros	SI	Inventario por ruta y metadatos; no inspecciona registros personales.
estudiantes_extranjeros_2026/backups/pre_resolucion_codigos_sies_v6_20260625_140952/data/governed/columnas_extranjeros_2025_v5/17_SEM_INGRESO_CARRERA_ORIGEN.tsv	17_SEM_INGRESO_CARRERA_ORIGEN.tsv	.tsv	25005	2026-06-25T12:16:09.486669-04:00	TRACKED_OR_UNMODIFIED	otro proceso: estudiantes extranjeros	SI	Inventario por ruta y metadatos; no inspecciona registros personales.
estudiantes_extranjeros_2026/backups/pre_resolucion_codigos_sies_v6_20260625_140952/data/governed/columnas_extranjeros_2025_v5/07_SEXO.tsv	07_SEXO.tsv	.tsv	18061	2026-06-25T12:16:08.309912-04:00	TRACKED_OR_UNMODIFIED	otro proceso: estudiantes extranjeros	SI	Inventario por ruta y metadatos; no inspecciona registros personales.
estudiantes_extranjeros_2026/backups/pre_resolucion_codigos_sies_v6_20260625_140952/data/governed/columnas_extranjeros_2025_v5/15_SEM_INGRESO_CARRERA_ACTUAL.tsv	15_SEM_INGRESO_CARRERA_ACTUAL.tsv	.tsv	19561	2026-06-25T12:16:09.256831-04:00	TRACKED_OR_UNMODIFIED	otro proceso: estudiantes extranjeros	SI	Inventario por ruta y metadatos; no inspecciona registros personales.
estudiantes_extranjeros_2026/backups/pre_resolucion_codigos_sies_v6_20260625_140952/data/governed/columnas_extranjeros_2025_v5/03_DV.tsv	03_DV.tsv	.tsv	17597	2026-06-25T12:16:07.764438-04:00	TRACKED_OR_UNMODIFIED	otro proceso: estudiantes extranjeros	SI	Inventario por ruta y metadatos; no inspecciona registros personales.
estudiantes_extranjeros_2026/backups/pre_resolucion_codigos_sies_v6_20260625_140952/data/governed/columnas_extranjeros_2025_v5/20_VIGENCIA.tsv	20_VIGENCIA.tsv	.tsv	19526	2026-06-25T12:16:09.834636-04:00	TRACKED_OR_UNMODIFIED	otro proceso: estudiantes extranjeros	SI	Inventario por ruta y metadatos; no inspecciona registros personales.
estudiantes_extranjeros_2026/backups/pre_resolucion_codigos_sies_v6_20260625_140952/data/governed/columnas_extranjeros_2025_v5/10_TIPO_RESIDENCIA_ESTUDIANTE.tsv	10_TIPO_RESIDENCIA_ESTUDIANTE.tsv	.tsv	19105	2026-06-25T12:16:08.673355-04:00	TRACKED_OR_UNMODIFIED	otro proceso: estudiantes extranjeros	SI	Inventario por ruta y metadatos; no inspecciona registros personales.
estudiantes_extranjeros_2026/backups/pre_resolucion_codigos_sies_v6_20260625_140952/data/governed/columnas_extranjeros_2025_v5/11_PAIS_ORIGEN.tsv	11_PAIS_ORIGEN.tsv	.tsv	24168	2026-06-25T12:16:08.790134-04:00	TRACKED_OR_UNMODIFIED	otro proceso: estudiantes extranjeros	SI	Inventario por ruta y metadatos; no inspecciona registros personales.
estudiantes_extranjeros_2026/backups/pre_resolucion_codigos_sies_v6_20260625_140952/data/governed/columnas_extranjeros_2025_v5/12_PAIS_ESTUDIOS_SECUNDARIOS.tsv	12_PAIS_ESTUDIOS_SECUNDARIOS.tsv	.tsv	19128	2026-06-25T12:16:08.906817-04:00	TRACKED_OR_UNMODIFIED	otro proceso: estudiantes extranjeros	SI	Inventario por ruta y metadatos; no inspecciona registros personales.
estudiantes_extranjeros_2026/backups/pre_resolucion_codigos_sies_v6_20260625_140952/data/governed/columnas_extranjeros_2025_v5/18_NOMBRE_UNIVERSIDAD_ORIGEN.tsv	18_NOMBRE_UNIVERSIDAD_ORIGEN.tsv	.tsv	18678	2026-06-25T12:16:09.601485-04:00	TRACKED_OR_UNMODIFIED	otro proceso: estudiantes extranjeros	SI	Inventario por ruta y metadatos; no inspecciona registros personales.
estudiantes_extranjeros_2026/backups/pre_resolucion_codigos_sies_v6_20260625_140952/data/governed/columnas_extranjeros_2025_v5/16_ANIO_INGRESO_CARRERA_ORIGEN.tsv	16_ANIO_INGRESO_CARRERA_ORIGEN.tsv	.tsv	25399	2026-06-25T12:16:09.370435-04:00	TRACKED_OR_UNMODIFIED	otro proceso: estudiantes extranjeros	SI	Inventario por ruta y metadatos; no inspecciona registros personales.
estudiantes_extranjeros_2026/backups/pre_resolucion_codigos_sies_v6_20260625_140952/data/governed/columnas_extranjeros_2025_v5/19_PAIS_UNIVERSIDAD_ORIGEN.tsv	19_PAIS_UNIVERSIDAD_ORIGEN.tsv	.tsv	18556	2026-06-25T12:16:09.715384-04:00	TRACKED_OR_UNMODIFIED	otro proceso: estudiantes extranjeros	SI	Inventario por ruta y metadatos; no inspecciona registros personales.
estudiantes_extranjeros_2026/backups/pre_resolucion_codigos_sies_v6_20260625_140952/data/governed/columnas_extranjeros_2025_v5/05_SEGUNDO_APELLIDO.tsv	05_SEGUNDO_APELLIDO.tsv	.tsv	18609	2026-06-25T12:16:08.055747-04:00	TRACKED_OR_UNMODIFIED	otro proceso: estudiantes extranjeros	SI	Inventario por ruta y metadatos; no inspecciona registros personales.
estudiantes_extranjeros_2026/backups/pre_resolucion_codigos_sies_v6_20260625_140952/data/governed/columnas_extranjeros_2025_v5/04_PRIMER_APELLIDO.tsv	04_PRIMER_APELLIDO.tsv	.tsv	18995	2026-06-25T12:16:07.903881-04:00	TRACKED_OR_UNMODIFIED	otro proceso: estudiantes extranjeros	SI	Inventario por ruta y metadatos; no inspecciona registros personales.
estudiantes_extranjeros_2026/backups/pre_resolucion_codigos_sies_v6_20260625_140952/data/governed/columnas_extranjeros_2025_v5/14_ANIO_INGRESO_CARRERA_ACTUAL.tsv	14_ANIO_INGRESO_CARRERA_ACTUAL.tsv	.tsv	20321	2026-06-25T12:16:09.139555-04:00	TRACKED_OR_UNMODIFIED	otro proceso: estudiantes extranjeros	SI	Inventario por ruta y metadatos; no inspecciona registros personales.
estudiantes_extranjeros_2026/backups/pre_resolucion_codigos_sies_v6_20260625_140952/data/governed/columnas_extranjeros_2025_v5/01_TIPO_DOCUMENTO.tsv	01_TIPO_DOCUMENTO.tsv	.tsv	18819	2026-06-25T12:16:07.492383-04:00	TRACKED_OR_UNMODIFIED	otro proceso: estudiantes extranjeros	SI	Inventario por ruta y metadatos; no inspecciona registros personales.
estudiantes_extranjeros_2026/backups/pre_resolucion_codigos_sies_v6_20260625_140952/data/governed/columnas_extranjeros_2025_v5/09_NACIONALIDAD.tsv	09_NACIONALIDAD.tsv	.tsv	20626	2026-06-25T12:16:08.556939-04:00	TRACKED_OR_UNMODIFIED	otro proceso: estudiantes extranjeros	SI	Inventario por ruta y metadatos; no inspecciona registros personales.
estudiantes_extranjeros_2026/backups/pre_resolucion_codigos_sies_v6_20260625_140952/data/governed/columnas_extranjeros_2025_v6/06_NOMBRES.tsv	06_NOMBRES.tsv	.tsv	19531	2026-06-25T14:08:49.733451-04:00	TRACKED_OR_UNMODIFIED	otro proceso: estudiantes extranjeros	SI	Inventario por ruta y metadatos; no inspecciona registros personales.
estudiantes_extranjeros_2026/backups/pre_resolucion_codigos_sies_v6_20260625_140952/data/governed/columnas_extranjeros_2025_v6/13_CODIGO_UNICO.tsv	13_CODIGO_UNICO.tsv	.tsv	16791	2026-06-25T14:08:49.861536-04:00	TRACKED_OR_UNMODIFIED	otro proceso: estudiantes extranjeros	SI	Inventario por ruta y metadatos; no inspecciona registros personales.
estudiantes_extranjeros_2026/backups/pre_resolucion_codigos_sies_v6_20260625_140952/data/governed/columnas_extranjeros_2025_v6/08_FECHA_NACIMIENTO.tsv	08_FECHA_NACIMIENTO.tsv	.tsv	20571	2026-06-25T14:08:49.737031-04:00	TRACKED_OR_UNMODIFIED	otro proceso: estudiantes extranjeros	SI	Inventario por ruta y metadatos; no inspecciona registros personales.
estudiantes_extranjeros_2026/backups/pre_resolucion_codigos_sies_v6_20260625_140952/data/governed/columnas_extranjeros_2025_v6/02_NUM_DOCUMENTO.tsv	02_NUM_DOCUMENTO.tsv	.tsv	20817	2026-06-25T14:08:49.726800-04:00	TRACKED_OR_UNMODIFIED	otro proceso: estudiantes extranjeros	SI	Inventario por ruta y metadatos; no inspecciona registros personales.
estudiantes_extranjeros_2026/backups/pre_resolucion_codigos_sies_v6_20260625_140952/data/governed/columnas_extranjeros_2025_v6/17_SEM_INGRESO_CARRERA_ORIGEN.tsv	17_SEM_INGRESO_CARRERA_ORIGEN.tsv	.tsv	25005	2026-06-25T14:08:49.868774-04:00	TRACKED_OR_UNMODIFIED	otro proceso: estudiantes extranjeros	SI	Inventario por ruta y metadatos; no inspecciona registros personales.
estudiantes_extranjeros_2026/backups/pre_resolucion_codigos_sies_v6_20260625_140952/data/governed/columnas_extranjeros_2025_v6/07_SEXO.tsv	07_SEXO.tsv	.tsv	18061	2026-06-25T14:08:49.735318-04:00	TRACKED_OR_UNMODIFIED	otro proceso: estudiantes extranjeros	SI	Inventario por ruta y metadatos; no inspecciona registros personales.
estudiantes_extranjeros_2026/backups/pre_resolucion_codigos_sies_v6_20260625_140952/data/governed/columnas_extranjeros_2025_v6/15_SEM_INGRESO_CARRERA_ACTUAL.tsv	15_SEM_INGRESO_CARRERA_ACTUAL.tsv	.tsv	19561	2026-06-25T14:08:49.865179-04:00	TRACKED_OR_UNMODIFIED	otro proceso: estudiantes extranjeros	SI	Inventario por ruta y metadatos; no inspecciona registros personales.
estudiantes_extranjeros_2026/backups/pre_resolucion_codigos_sies_v6_20260625_140952/data/governed/columnas_extranjeros_2025_v6/03_DV.tsv	03_DV.tsv	.tsv	17597	2026-06-25T14:08:49.728377-04:00	TRACKED_OR_UNMODIFIED	otro proceso: estudiantes extranjeros	SI	Inventario por ruta y metadatos; no inspecciona registros personales.
estudiantes_extranjeros_2026/backups/pre_resolucion_codigos_sies_v6_20260625_140952/data/governed/columnas_extranjeros_2025_v6/20_VIGENCIA.tsv	20_VIGENCIA.tsv	.tsv	19526	2026-06-25T14:08:49.874053-04:00	TRACKED_OR_UNMODIFIED	otro proceso: estudiantes extranjeros	SI	Inventario por ruta y metadatos; no inspecciona registros personales.
estudiantes_extranjeros_2026/backups/pre_resolucion_codigos_sies_v6_20260625_140952/data/governed/columnas_extranjeros_2025_v6/10_TIPO_RESIDENCIA_ESTUDIANTE.tsv	10_TIPO_RESIDENCIA_ESTUDIANTE.tsv	.tsv	19105	2026-06-25T14:08:49.740360-04:00	TRACKED_OR_UNMODIFIED	otro proceso: estudiantes extranjeros	SI	Inventario por ruta y metadatos; no inspecciona registros personales.
estudiantes_extranjeros_2026/backups/pre_resolucion_codigos_sies_v6_20260625_140952/data/governed/columnas_extranjeros_2025_v6/11_PAIS_ORIGEN.tsv	11_PAIS_ORIGEN.tsv	.tsv	24168	2026-06-25T14:08:49.742076-04:00	TRACKED_OR_UNMODIFIED	otro proceso: estudiantes extranjeros	SI	Inventario por ruta y metadatos; no inspecciona registros personales.
estudiantes_extranjeros_2026/backups/pre_resolucion_codigos_sies_v6_20260625_140952/data/governed/columnas_extranjeros_2025_v6/12_PAIS_ESTUDIOS_SECUNDARIOS.tsv	12_PAIS_ESTUDIOS_SECUNDARIOS.tsv	.tsv	19128	2026-06-25T14:08:49.743695-04:00	TRACKED_OR_UNMODIFIED	otro proceso: estudiantes extranjeros	SI	Inventario por ruta y metadatos; no inspecciona registros personales.
estudiantes_extranjeros_2026/backups/pre_resolucion_codigos_sies_v6_20260625_140952/data/governed/columnas_extranjeros_2025_v6/18_NOMBRE_UNIVERSIDAD_ORIGEN.tsv	18_NOMBRE_UNIVERSIDAD_ORIGEN.tsv	.tsv	18678	2026-06-25T14:08:49.870489-04:00	TRACKED_OR_UNMODIFIED	otro proceso: estudiantes extranjeros	SI	Inventario por ruta y metadatos; no inspecciona registros personales.
estudiantes_extranjeros_2026/backups/pre_resolucion_codigos_sies_v6_20260625_140952/data/governed/columnas_extranjeros_2025_v6/16_ANIO_INGRESO_CARRERA_ORIGEN.tsv	16_ANIO_INGRESO_CARRERA_ORIGEN.tsv	.tsv	25399	2026-06-25T14:08:49.866855-04:00	TRACKED_OR_UNMODIFIED	otro proceso: estudiantes extranjeros	SI	Inventario por ruta y metadatos; no inspecciona registros personales.
estudiantes_extranjeros_2026/backups/pre_resolucion_codigos_sies_v6_20260625_140952/data/governed/columnas_extranjeros_2025_v6/19_PAIS_UNIVERSIDAD_ORIGEN.tsv	19_PAIS_UNIVERSIDAD_ORIGEN.tsv	.tsv	18556	2026-06-25T14:08:49.872246-04:00	TRACKED_OR_UNMODIFIED	otro proceso: estudiantes extranjeros	SI	Inventario por ruta y metadatos; no inspecciona registros personales.
estudiantes_extranjeros_2026/backups/pre_resolucion_codigos_sies_v6_20260625_140952/data/governed/columnas_extranjeros_2025_v6/05_SEGUNDO_APELLIDO.tsv	05_SEGUNDO_APELLIDO.tsv	.tsv	18609	2026-06-25T14:08:49.731777-04:00	TRACKED_OR_UNMODIFIED	otro proceso: estudiantes extranjeros	SI	Inventario por ruta y metadatos; no inspecciona registros personales.
estudiantes_extranjeros_2026/backups/pre_resolucion_codigos_sies_v6_20260625_140952/data/governed/columnas_extranjeros_2025_v6/04_PRIMER_APELLIDO.tsv	04_PRIMER_APELLIDO.tsv	.tsv	18995	2026-06-25T14:08:49.729943-04:00	TRACKED_OR_UNMODIFIED	otro proceso: estudiantes extranjeros	SI	Inventario por ruta y metadatos; no inspecciona registros personales.
estudiantes_extranjeros_2026/backups/pre_resolucion_codigos_sies_v6_20260625_140952/data/governed/columnas_extranjeros_2025_v6/14_ANIO_INGRESO_CARRERA_ACTUAL.tsv	14_ANIO_INGRESO_CARRERA_ACTUAL.tsv	.tsv	20321	2026-06-25T14:08:49.863481-04:00	TRACKED_OR_UNMODIFIED	otro proceso: estudiantes extranjeros	SI	Inventario por ruta y metadatos; no inspecciona registros personales.
estudiantes_extranjeros_2026/backups/pre_resolucion_codigos_sies_v6_20260625_140952/data/governed/columnas_extranjeros_2025_v6/01_TIPO_DOCUMENTO.tsv	01_TIPO_DOCUMENTO.tsv	.tsv	18819	2026-06-25T14:08:49.725055-04:00	TRACKED_OR_UNMODIFIED	otro proceso: estudiantes extranjeros	SI	Inventario por ruta y metadatos; no inspecciona registros personales.
estudiantes_extranjeros_2026/backups/pre_resolucion_codigos_sies_v6_20260625_140952/data/governed/columnas_extranjeros_2025_v6/09_NACIONALIDAD.tsv	09_NACIONALIDAD.tsv	.tsv	20626	2026-06-25T14:08:49.738702-04:00	TRACKED_OR_UNMODIFIED	otro proceso: estudiantes extranjeros	SI	Inventario por ruta y metadatos; no inspecciona registros personales.
estudiantes_extranjeros_2026/backups/pre_resolucion_codigos_sies_v6_20260625_140952/data/processed/MATRIZ_GOBERNANZA_EXTRANJEROS_2025_V6.csv	MATRIZ_GOBERNANZA_EXTRANJEROS_2025_V6.csv	.csv	150555	2026-06-25T14:08:49.713450-04:00	TRACKED_OR_UNMODIFIED	otro proceso: estudiantes extranjeros	SI	Inventario por ruta y metadatos; no inspecciona registros personales.
estudiantes_extranjeros_2026/backups/pre_resolucion_codigos_sies_v6_20260625_140952/data/processed/MATRIZ_GOBERNANZA_EXTRANJEROS_2025_V5.csv	MATRIZ_GOBERNANZA_EXTRANJEROS_2025_V5.csv	.csv	149027	2026-06-25T12:16:07.358696-04:00	TRACKED_OR_UNMODIFIED	otro proceso: estudiantes extranjeros	SI	Inventario por ruta y metadatos; no inspecciona registros personales.
estudiantes_extranjeros_2026/backups/pre_conciliacion_precarga_20260618_111806/MANIFIESTO_RESPALDO_PRE_CONCILIACION_PRECARGA.csv	MANIFIESTO_RESPALDO_PRE_CONCILIACION_PRECARGA.csv	.csv	79	2026-06-18T11:18:06.136981-04:00	TRACKED_OR_UNMODIFIED	precarga oficial o evidencia de precarga	NO_DETERMINADO	Inventario por ruta y metadatos; no inspecciona registros personales.
estudiantes_extranjeros_2026/backups/pre_aplicacion_reglas_institucionales_v4_20260625_115018/README 2.md	README 2.md	.md	14757	2026-06-24T18:02:00-04:00	TRACKED_OR_UNMODIFIED	otro proceso: estudiantes extranjeros	NO_DETERMINADO	Inventario por ruta y metadatos; no inspecciona registros personales.
estudiantes_extranjeros_2026/backups/pre_aplicacion_reglas_institucionales_v4_20260625_115018/resultados/reportes/REPORTE_REGLAS_INSTITUCIONALES_EXTRANJEROS_V4 2.md	REPORTE_REGLAS_INSTITUCIONALES_EXTRANJEROS_V4 2.md	.md	3195	2026-06-24T23:16:36-04:00	TRACKED_OR_UNMODIFIED	otro proceso: estudiantes extranjeros	NO_DETERMINADO	Inventario por ruta y metadatos; no inspecciona registros personales.
estudiantes_extranjeros_2026/backups/pre_aplicacion_reglas_institucionales_v4_20260625_115018/resultados/auditorias/APLICACION_RESIDENCIA_0_PAIS_ORIGEN_VACIO_V4.csv	APLICACION_RESIDENCIA_0_PAIS_ORIGEN_VACIO_V4.csv	.csv	22454	2026-06-24T23:16:36.027761-04:00	TRACKED_OR_UNMODIFIED	otro proceso: estudiantes extranjeros	SI	Inventario por ruta y metadatos; no inspecciona registros personales.
estudiantes_extranjeros_2026/backups/pre_aplicacion_reglas_institucionales_v4_20260625_115018/resultados/auditorias/VALIDACION_REGLAS_INSTITUCIONALES_V4.csv	VALIDACION_REGLAS_INSTITUCIONALES_V4.csv	.csv	537	2026-06-24T23:16:36.028842-04:00	TRACKED_OR_UNMODIFIED	otro proceso: estudiantes extranjeros	SI	Inventario por ruta y metadatos; no inspecciona registros personales.
estudiantes_extranjeros_2026/backups/pre_aplicacion_reglas_institucionales_v4_20260625_115018/resultados/auditorias/APLICACION_INGRESO_CARRERA_ORIGEN_V4.csv	APLICACION_INGRESO_CARRERA_ORIGEN_V4.csv	.csv	8745	2026-06-24T23:16:36.028551-04:00	TRACKED_OR_UNMODIFIED	otro proceso: estudiantes extranjeros	SI	Inventario por ruta y metadatos; no inspecciona registros personales.
estudiantes_extranjeros_2026/backups/pre_gobernanza_columnas_extranjeros_20260624_175958/MANIFIESTO_RESPALDO_PRE_GOBERNANZA_COLUMNAS.csv	MANIFIESTO_RESPALDO_PRE_GOBERNANZA_COLUMNAS.csv	.csv	237	2026-06-24T17:59:58.337870-04:00	TRACKED_OR_UNMODIFIED	otro proceso: estudiantes extranjeros	NO_DETERMINADO	Inventario por ruta y metadatos; no inspecciona registros personales.
estudiantes_extranjeros_2026/backups/pre_gobernanza_columnas_extranjeros_20260624_175958/scripts/gobernar_columnas_extranjeros_2025 2.py	gobernar_columnas_extranjeros_2025 2.py	.py	86694	2026-06-24T17:59:44-04:00	TRACKED_OR_UNMODIFIED	otro proceso: estudiantes extranjeros	NO_DETERMINADO	Inventario por ruta y metadatos; no inspecciona registros personales.
estudiantes_extranjeros_2026/backups/pre_rerun_<ID_MASKED>/MATRIZ_MAPEO_INICIAL.csv	MATRIZ_MAPEO_INICIAL.csv	.csv	15652	2026-06-18T08:45:24.160508-04:00	TRACKED_OR_UNMODIFIED	otro proceso: estudiantes extranjeros	NO_DETERMINADO	Inventario por ruta y metadatos; no inspecciona registros personales.
estudiantes_extranjeros_2026/backups/pre_rerun_<ID_MASKED>/MANIFIESTO_BACKUP_PRE_RERUN.csv	MANIFIESTO_BACKUP_PRE_RERUN.csv	.csv	1445	2026-06-18T08:48:19.182332-04:00	TRACKED_OR_UNMODIFIED	otro proceso: estudiantes extranjeros	NO_DETERMINADO	Inventario por ruta y metadatos; no inspecciona registros personales.
estudiantes_extranjeros_2026/backups/pre_rerun_<ID_MASKED>/CONFLICTOS_IDENTIFICADORES_Y_CRUCES.csv	CONFLICTOS_IDENTIFICADORES_Y_CRUCES.csv	.csv	3874	2026-06-18T08:45:24.167284-04:00	TRACKED_OR_UNMODIFIED	otro proceso: estudiantes extranjeros	NO_DETERMINADO	Inventario por ruta y metadatos; no inspecciona registros personales.
estudiantes_extranjeros_2026/backups/pre_rerun_<ID_MASKED>/MANIFIESTO_ARCHIVOS.csv	MANIFIESTO_ARCHIVOS.csv	.csv	3281	2026-06-18T08:45:24.172790-04:00	TRACKED_OR_UNMODIFIED	otro proceso: estudiantes extranjeros	NO_DETERMINADO	Inventario por ruta y metadatos; no inspecciona registros personales.
estudiantes_extranjeros_2026/backups/pre_rerun_<ID_MASKED>/INVENTARIO_FUENTES_EXISTENTES.csv	INVENTARIO_FUENTES_EXISTENTES.csv	.csv	2598834	2026-06-18T08:45:24.157281-04:00	TRACKED_OR_UNMODIFIED	otro proceso: estudiantes extranjeros	NO_DETERMINADO	Inventario por ruta y metadatos; no inspecciona registros personales.
estudiantes_extranjeros_2026/backups/pre_rerun_<ID_MASKED>/CONTROL_CAMBIOS.csv	CONTROL_CAMBIOS.csv	.csv	3280	2026-06-18T08:45:24.170216-04:00	TRACKED_OR_UNMODIFIED	otro proceso: estudiantes extranjeros	NO_DETERMINADO	Inventario por ruta y metadatos; no inspecciona registros personales.
estudiantes_extranjeros_2026/backups/pre_rerun_<ID_MASKED>/BRECHAS_DATOS_CRITICOS.csv	BRECHAS_DATOS_CRITICOS.csv	.csv	688	2026-06-18T08:45:24.166278-04:00	TRACKED_OR_UNMODIFIED	otro proceso: estudiantes extranjeros	NO_DETERMINADO	Inventario por ruta y metadatos; no inspecciona registros personales.
estudiantes_extranjeros_2026/backups/pre_rerun_<ID_MASKED>/NOMINA_GESTION_MANUAL.csv	NOMINA_GESTION_MANUAL.csv	.csv	35599	2026-06-18T08:45:24.167120-04:00	TRACKED_OR_UNMODIFIED	fuente normativa	NO_DETERMINADO	Inventario por ruta y metadatos; no inspecciona registros personales.
estudiantes_extranjeros_2026/backups/pre_rerun_<ID_MASKED>/DICCIONARIO_VARIABLES_OFICIALES.csv	DICCIONARIO_VARIABLES_OFICIALES.csv	.csv	14782	2026-06-18T08:45:24.120768-04:00	TRACKED_OR_UNMODIFIED	otro proceso: estudiantes extranjeros	NO_DETERMINADO	Inventario por ruta y metadatos; no inspecciona registros personales.
estudiantes_extranjeros_2026/backups/pre_rerun_<ID_MASKED>/INSTRUCTIVO_LOCALIZACION.csv	INSTRUCTIVO_LOCALIZACION.csv	.csv	648	2026-06-18T08:45:24.167790-04:00	TRACKED_OR_UNMODIFIED	fuente normativa	NO_DETERMINADO	Inventario por ruta y metadatos; no inspecciona registros personales.
estudiantes_extranjeros_2026/backups/pre_rerun_<ID_MASKED>/REPORTE_DIAGNOSTICO_INICIAL 2.md	REPORTE_DIAGNOSTICO_INICIAL 2.md	.md	8934	2026-06-18T08:45:24-04:00	TRACKED_OR_UNMODIFIED	otro proceso: estudiantes extranjeros	NO_DETERMINADO	Inventario por ruta y metadatos; no inspecciona registros personales.
estudiantes_extranjeros_2026/backups/pre_fase2_20260618_090815/MANIFIESTO_RESPALDO_PRE_FASE2.csv	MANIFIESTO_RESPALDO_PRE_FASE2.csv	.csv	79	2026-06-18T09:08:15.713759-04:00	TRACKED_OR_UNMODIFIED	otro proceso: estudiantes extranjeros	NO_DETERMINADO	Inventario por ruta y metadatos; no inspecciona registros personales.
estudiantes_extranjeros_2026/backups/pre_correccion_universo_20260618_105106/MANIFIESTO_RESPALDO_PRE_CORRECCION_UNIVERSO.csv	MANIFIESTO_RESPALDO_PRE_CORRECCION_UNIVERSO.csv	.csv	79	2026-06-18T10:51:06.195635-04:00	TRACKED_OR_UNMODIFIED	otro proceso: estudiantes extranjeros	NO_DETERMINADO	Inventario por ruta y metadatos; no inspecciona registros personales.
estudiantes_extranjeros_2026/backups/pre_gobernanza_columnas_extranjeros_20260624_180126/README 2.md	README 2.md	.md	11973	2026-06-24T13:55:57-04:00	TRACKED_OR_UNMODIFIED	otro proceso: estudiantes extranjeros	NO_DETERMINADO	Inventario por ruta y metadatos; no inspecciona registros personales.
estudiantes_extranjeros_2026/backups/pre_gobernanza_columnas_extranjeros_20260624_180126/MANIFIESTO_RESPALDO_PRE_GOBERNANZA_COLUMNAS.csv	MANIFIESTO_RESPALDO_PRE_GOBERNANZA_COLUMNAS.csv	.csv	4678	2026-06-24T18:01:26.738668-04:00	TRACKED_OR_UNMODIFIED	otro proceso: estudiantes extranjeros	NO_DETERMINADO	Inventario por ruta y metadatos; no inspecciona registros personales.
estudiantes_extranjeros_2026/backups/pre_gobernanza_columnas_extranjeros_20260624_180126/resultados/auditorias/CONTROL_CAMBIOS_GOBERNANZA_COLUMNAS.csv	CONTROL_CAMBIOS_GOBERNANZA_COLUMNAS.csv	.csv	11576	2026-06-24T18:00:33.652967-04:00	TRACKED_OR_UNMODIFIED	otro proceso: estudiantes extranjeros	SI	Inventario por ruta y metadatos; no inspecciona registros personales.
estudiantes_extranjeros_2026/backups/pre_gobernanza_columnas_extranjeros_20260624_180126/resultados/auditorias/VALIDACION_GOBERNANZA_COLUMNAS_EXTRANJEROS_2025.csv	VALIDACION_GOBERNANZA_COLUMNAS_EXTRANJEROS_2025.csv	.csv	1929	2026-06-24T18:00:32.634270-04:00	TRACKED_OR_UNMODIFIED	otro proceso: estudiantes extranjeros	SI	Inventario por ruta y metadatos; no inspecciona registros personales.
estudiantes_extranjeros_2026/backups/pre_gobernanza_columnas_extranjeros_20260624_180126/resultados/auditorias/GOBERNANZA_COLUMNAS_EXTRANJEROS_2025.xlsx	GOBERNANZA_COLUMNAS_EXTRANJEROS_2025.xlsx	.xlsx	303792	2026-06-24T18:00:33.302924-04:00	TRACKED_OR_UNMODIFIED	otro proceso: estudiantes extranjeros	SI	Inventario por ruta y metadatos; no inspecciona registros personales.
estudiantes_extranjeros_2026/backups/pre_gobernanza_columnas_extranjeros_20260624_180126/resultados/auditorias/COBERTURA_GOBERNANZA_REGISTROS_62.csv	COBERTURA_GOBERNANZA_REGISTROS_62.csv	.csv	11404	2026-06-24T18:00:31.702112-04:00	TRACKED_OR_UNMODIFIED	otro proceso: estudiantes extranjeros	SI	Inventario por ruta y metadatos; no inspecciona registros personales.
estudiantes_extranjeros_2026/backups/pre_gobernanza_columnas_extranjeros_20260624_180126/resultados/auditorias/INSPECCION_ESTRUCTURA_OFICIAL_EXTRANJEROS_2025.csv	INSPECCION_ESTRUCTURA_OFICIAL_EXTRANJEROS_2025.csv	.csv	1247	2026-06-24T18:00:26.406869-04:00	TRACKED_OR_UNMODIFIED	otro proceso: estudiantes extranjeros	SI	Inventario por ruta y metadatos; no inspecciona registros personales.
estudiantes_extranjeros_2026/backups/pre_gobernanza_columnas_extranjeros_20260624_180126/resultados/auditorias/COBERTURA_GOBERNANZA_COLUMNAS_EXTRANJEROS_2025.csv	COBERTURA_GOBERNANZA_COLUMNAS_EXTRANJEROS_2025.csv	.csv	1240	2026-06-24T18:00:31.701593-04:00	TRACKED_OR_UNMODIFIED	otro proceso: estudiantes extranjeros	SI	Inventario por ruta y metadatos; no inspecciona registros personales.
estudiantes_extranjeros_2026/backups/pre_gobernanza_columnas_extranjeros_20260624_180126/config/ESQUEMA_OFICIAL_EXTRANJEROS_REGULARES_2025.tsv	ESQUEMA_OFICIAL_EXTRANJEROS_REGULARES_2025.tsv	.tsv	8615	2026-06-24T18:00:26.407233-04:00	TRACKED_OR_UNMODIFIED	otro proceso: estudiantes extranjeros	NO_DETERMINADO	Inventario por ruta y metadatos; no inspecciona registros personales.
estudiantes_extranjeros_2026/backups/pre_gobernanza_columnas_extranjeros_20260624_180126/config/DICCIONARIO_GOBERNANZA_EXTRANJEROS_2025.tsv	DICCIONARIO_GOBERNANZA_EXTRANJEROS_2025.tsv	.tsv	15015	2026-06-24T18:00:31.696024-04:00	TRACKED_OR_UNMODIFIED	otro proceso: estudiantes extranjeros	NO_DETERMINADO	Inventario por ruta y metadatos; no inspecciona registros personales.
estudiantes_extranjeros_2026/backups/pre_gobernanza_columnas_extranjeros_20260624_180126/scripts/gobernar_columnas_extranjeros_2025 2.py	gobernar_columnas_extranjeros_2025 2.py	.py	87750	2026-06-24T18:01:21-04:00	TRACKED_OR_UNMODIFIED	otro proceso: estudiantes extranjeros	NO_DETERMINADO	Inventario por ruta y metadatos; no inspecciona registros personales.
estudiantes_extranjeros_2026/backups/pre_gobernanza_columnas_extranjeros_20260624_180126/data/governed/columnas_extranjeros_2025/06_NOMBRES.tsv	06_NOMBRES.tsv	.tsv	21369	2026-06-24T18:00:31.678863-04:00	TRACKED_OR_UNMODIFIED	otro proceso: estudiantes extranjeros	SI	Inventario por ruta y metadatos; no inspecciona registros personales.
estudiantes_extranjeros_2026/backups/pre_gobernanza_columnas_extranjeros_20260624_180126/data/governed/columnas_extranjeros_2025/13_CODIGO_UNICO.tsv	13_CODIGO_UNICO.tsv	.tsv	22480	2026-06-24T18:00:31.684119-04:00	TRACKED_OR_UNMODIFIED	otro proceso: estudiantes extranjeros	SI	Inventario por ruta y metadatos; no inspecciona registros personales.
estudiantes_extranjeros_2026/backups/pre_gobernanza_columnas_extranjeros_20260624_180126/data/governed/columnas_extranjeros_2025/08_FECHA_NACIMIENTO.tsv	08_FECHA_NACIMIENTO.tsv	.tsv	21437	2026-06-24T18:00:31.680276-04:00	TRACKED_OR_UNMODIFIED	otro proceso: estudiantes extranjeros	SI	Inventario por ruta y metadatos; no inspecciona registros personales.
estudiantes_extranjeros_2026/backups/pre_gobernanza_columnas_extranjeros_20260624_180126/data/governed/columnas_extranjeros_2025/02_NUM_DOCUMENTO.tsv	02_NUM_DOCUMENTO.tsv	.tsv	22823	2026-06-24T18:00:31.675710-04:00	TRACKED_OR_UNMODIFIED	otro proceso: estudiantes extranjeros	SI	Inventario por ruta y metadatos; no inspecciona registros personales.
estudiantes_extranjeros_2026/backups/pre_gobernanza_columnas_extranjeros_20260624_180126/data/governed/columnas_extranjeros_2025/17_SEM_INGRESO_CARRERA_ORIGEN.tsv	17_SEM_INGRESO_CARRERA_ORIGEN.tsv	.tsv	20517	2026-06-24T18:00:31.687162-04:00	TRACKED_OR_UNMODIFIED	otro proceso: estudiantes extranjeros	SI	Inventario por ruta y metadatos; no inspecciona registros personales.
estudiantes_extranjeros_2026/backups/pre_gobernanza_columnas_extranjeros_20260624_180126/data/governed/columnas_extranjeros_2025/07_SEXO.tsv	07_SEXO.tsv	.tsv	21339	2026-06-24T18:00:31.679591-04:00	TRACKED_OR_UNMODIFIED	otro proceso: estudiantes extranjeros	SI	Inventario por ruta y metadatos; no inspecciona registros personales.
estudiantes_extranjeros_2026/backups/pre_gobernanza_columnas_extranjeros_20260624_180126/data/governed/columnas_extranjeros_2025/15_SEM_INGRESO_CARRERA_ACTUAL.tsv	15_SEM_INGRESO_CARRERA_ACTUAL.tsv	.tsv	19824	2026-06-24T18:00:31.685683-04:00	TRACKED_OR_UNMODIFIED	otro proceso: estudiantes extranjeros	SI	Inventario por ruta y metadatos; no inspecciona registros personales.
estudiantes_extranjeros_2026/backups/pre_gobernanza_columnas_extranjeros_20260624_180126/data/governed/columnas_extranjeros_2025/03_DV.tsv	03_DV.tsv	.tsv	19077	2026-06-24T18:00:31.676598-04:00	TRACKED_OR_UNMODIFIED	otro proceso: estudiantes extranjeros	SI	Inventario por ruta y metadatos; no inspecciona registros personales.
estudiantes_extranjeros_2026/backups/pre_gobernanza_columnas_extranjeros_20260624_180126/data/governed/columnas_extranjeros_2025/20_VIGENCIA.tsv	20_VIGENCIA.tsv	.tsv	24476	2026-06-24T18:00:31.689193-04:00	TRACKED_OR_UNMODIFIED	otro proceso: estudiantes extranjeros	SI	Inventario por ruta y metadatos; no inspecciona registros personales.
estudiantes_extranjeros_2026/backups/pre_gobernanza_columnas_extranjeros_20260624_180126/data/governed/columnas_extranjeros_2025/10_TIPO_RESIDENCIA_ESTUDIANTE.tsv	10_TIPO_RESIDENCIA_ESTUDIANTE.tsv	.tsv	15992	2026-06-24T18:00:31.681910-04:00	TRACKED_OR_UNMODIFIED	otro proceso: estudiantes extranjeros	SI	Inventario por ruta y metadatos; no inspecciona registros personales.
estudiantes_extranjeros_2026/backups/pre_gobernanza_columnas_extranjeros_20260624_180126/data/governed/columnas_extranjeros_2025/11_PAIS_ORIGEN.tsv	11_PAIS_ORIGEN.tsv	.tsv	16922	2026-06-24T18:00:31.682696-04:00	TRACKED_OR_UNMODIFIED	otro proceso: estudiantes extranjeros	SI	Inventario por ruta y metadatos; no inspecciona registros personales.
estudiantes_extranjeros_2026/backups/pre_gobernanza_columnas_extranjeros_20260624_180126/data/governed/columnas_extranjeros_2025/12_PAIS_ESTUDIOS_SECUNDARIOS.tsv	12_PAIS_ESTUDIOS_SECUNDARIOS.tsv	.tsv	21583	2026-06-24T18:00:31.683425-04:00	TRACKED_OR_UNMODIFIED	otro proceso: estudiantes extranjeros	SI	Inventario por ruta y metadatos; no inspecciona registros personales.
estudiantes_extranjeros_2026/backups/pre_gobernanza_columnas_extranjeros_20260624_180126/data/governed/columnas_extranjeros_2025/18_NOMBRE_UNIVERSIDAD_ORIGEN.tsv	18_NOMBRE_UNIVERSIDAD_ORIGEN.tsv	.tsv	17170	2026-06-24T18:00:31.687841-04:00	TRACKED_OR_UNMODIFIED	otro proceso: estudiantes extranjeros	SI	Inventario por ruta y metadatos; no inspecciona registros personales.
estudiantes_extranjeros_2026/backups/pre_gobernanza_columnas_extranjeros_20260624_180126/data/governed/columnas_extranjeros_2025/16_ANIO_INGRESO_CARRERA_ORIGEN.tsv	16_ANIO_INGRESO_CARRERA_ORIGEN.tsv	.tsv	20596	2026-06-24T18:00:31.686442-04:00	TRACKED_OR_UNMODIFIED	otro proceso: estudiantes extranjeros	SI	Inventario por ruta y metadatos; no inspecciona registros personales.
estudiantes_extranjeros_2026/backups/pre_gobernanza_columnas_extranjeros_20260624_180126/data/governed/columnas_extranjeros_2025/19_PAIS_UNIVERSIDAD_ORIGEN.tsv	19_PAIS_UNIVERSIDAD_ORIGEN.tsv	.tsv	16054	2026-06-24T18:00:31.688433-04:00	TRACKED_OR_UNMODIFIED	otro proceso: estudiantes extranjeros	SI	Inventario por ruta y metadatos; no inspecciona registros personales.
estudiantes_extranjeros_2026/backups/pre_gobernanza_columnas_extranjeros_20260624_180126/data/governed/columnas_extranjeros_2025/05_SEGUNDO_APELLIDO.tsv	05_SEGUNDO_APELLIDO.tsv	.tsv	20433	2026-06-24T18:00:31.678133-04:00	TRACKED_OR_UNMODIFIED	otro proceso: estudiantes extranjeros	SI	Inventario por ruta y metadatos; no inspecciona registros personales.
estudiantes_extranjeros_2026/backups/pre_gobernanza_columnas_extranjeros_20260624_180126/data/governed/columnas_extranjeros_2025/04_PRIMER_APELLIDO.tsv	04_PRIMER_APELLIDO.tsv	.tsv	20715	2026-06-24T18:00:31.677392-04:00	TRACKED_OR_UNMODIFIED	otro proceso: estudiantes extranjeros	SI	Inventario por ruta y metadatos; no inspecciona registros personales.
estudiantes_extranjeros_2026/backups/pre_gobernanza_columnas_extranjeros_20260624_180126/data/governed/columnas_extranjeros_2025/14_ANIO_INGRESO_CARRERA_ACTUAL.tsv	14_ANIO_INGRESO_CARRERA_ACTUAL.tsv	.tsv	22702	2026-06-24T18:00:31.684911-04:00	TRACKED_OR_UNMODIFIED	otro proceso: estudiantes extranjeros	SI	Inventario por ruta y metadatos; no inspecciona registros personales.
estudiantes_extranjeros_2026/backups/pre_gobernanza_columnas_extranjeros_20260624_180126/data/governed/columnas_extranjeros_2025/01_TIPO_DOCUMENTO.tsv	01_TIPO_DOCUMENTO.tsv	.tsv	22585	2026-06-24T18:00:31.673741-04:00	TRACKED_OR_UNMODIFIED	otro proceso: estudiantes extranjeros	SI	Inventario por ruta y metadatos; no inspecciona registros personales.
estudiantes_extranjeros_2026/backups/pre_gobernanza_columnas_extranjeros_20260624_180126/data/governed/columnas_extranjeros_2025/09_NACIONALIDAD.tsv	09_NACIONALIDAD.tsv	.tsv	26153	2026-06-24T18:00:31.681047-04:00	TRACKED_OR_UNMODIFIED	otro proceso: estudiantes extranjeros	SI	Inventario por ruta y metadatos; no inspecciona registros personales.
estudiantes_extranjeros_2026/backups/pre_gobernanza_columnas_extranjeros_20260624_180126/data/governed/catalogos/TIPO_DOCUMENTO.tsv	TIPO_DOCUMENTO.tsv	.tsv	129	2026-06-24T18:00:29.900943-04:00	TRACKED_OR_UNMODIFIED	otro proceso: estudiantes extranjeros	SI	Inventario por ruta y metadatos; no inspecciona registros personales.
estudiantes_extranjeros_2026/backups/pre_gobernanza_columnas_extranjeros_20260624_180126/data/governed/catalogos/TIPO_RESIDENCIA_ESTUDIANTE.tsv	TIPO_RESIDENCIA_ESTUDIANTE.tsv	.tsv	211	2026-06-24T18:00:29.901169-04:00	TRACKED_OR_UNMODIFIED	otro proceso: estudiantes extranjeros	SI	Inventario por ruta y metadatos; no inspecciona registros personales.
estudiantes_extranjeros_2026/backups/pre_gobernanza_columnas_extranjeros_20260624_180126/data/governed/catalogos/NACIONALIDAD_SIES.tsv	NACIONALIDAD_SIES.tsv	.tsv	16215	2026-06-24T18:00:29.910145-04:00	TRACKED_OR_UNMODIFIED	otro proceso: estudiantes extranjeros	SI	Inventario por ruta y metadatos; no inspecciona registros personales.
estudiantes_extranjeros_2026/backups/pre_gobernanza_columnas_extranjeros_20260624_180126/data/processed/MATRIZ_GOBERNANZA_EXTRANJEROS_2025.csv	MATRIZ_GOBERNANZA_EXTRANJEROS_2025.csv	.csv	110775	2026-06-24T18:00:31.695510-04:00	TRACKED_OR_UNMODIFIED	otro proceso: estudiantes extranjeros	SI	Inventario por ruta y metadatos; no inspecciona registros personales.
estudiantes_extranjeros_2026/backups/pre_cierre_pendientes_base_62_20260624_135441/MANIFIESTO_RESPALDO_PRE_CIERRE_PENDIENTES.csv	MANIFIESTO_RESPALDO_PRE_CIERRE_PENDIENTES.csv	.csv	1768	2026-06-24T13:54:41.197744-04:00	TRACKED_OR_UNMODIFIED	otro proceso: estudiantes extranjeros	NO_DETERMINADO	Inventario por ruta y metadatos; no inspecciona registros personales.
estudiantes_extranjeros_2026/backups/pre_correcciones_v5_20260625_121527/MANIFIESTO_RESPALDO_CORRECCIONES_V5.csv	MANIFIESTO_RESPALDO_CORRECCIONES_V5.csv	.csv	3390	2026-06-25T12:15:27.207030-04:00	TRACKED_OR_UNMODIFIED	otro proceso: estudiantes extranjeros	NO_DETERMINADO	Inventario por ruta y metadatos; no inspecciona registros personales.
estudiantes_extranjeros_2026/backups/pre_correcciones_v5_20260625_121527/resultados/auditorias/RESOLUCION_RONALD_ANIO_INGRESO_V5.csv	RESOLUCION_RONALD_ANIO_INGRESO_V5.csv	.csv	2814	2026-06-25T12:15:15.538926-04:00	TRACKED_OR_UNMODIFIED	otro proceso: estudiantes extranjeros	SI	Inventario por ruta y metadatos; no inspecciona registros personales.
estudiantes_extranjeros_2026/backups/pre_correcciones_v5_20260625_121527/resultados/auditorias/RESOLUCION_11_CODIGOS_SIES_DESDE_MATRICULA_UNIFICADA.csv	RESOLUCION_11_CODIGOS_SIES_DESDE_MATRICULA_UNIFICADA.csv	.csv	4100	2026-06-25T12:15:15.247221-04:00	TRACKED_OR_UNMODIFIED	otro proceso: estudiantes extranjeros	SI	Inventario por ruta y metadatos; no inspecciona registros personales.
estudiantes_extranjeros_2026/backups/pre_correcciones_v5_20260625_121527/resultados/auditorias/TRAZABILIDAD_EXCLUSION_RUT_<ID_MASKED>csv	TRAZABILIDAD_EXCLUSION_RUT_<ID_MASKED>csv	.csv	927	2026-06-25T12:15:15.082316-04:00	TRACKED_OR_UNMODIFIED	otro proceso: estudiantes extranjeros	SI	Inventario por ruta y metadatos; no inspecciona registros personales.
estudiantes_extranjeros_2026/backups/pre_correcciones_v5_20260625_121527/scripts/aplicar_correcciones_extranjeros_v5 2.py	aplicar_correcciones_extranjeros_v5 2.py	.py	32718	2026-06-25T12:15:22-04:00	TRACKED_OR_UNMODIFIED	otro proceso: estudiantes extranjeros	NO_DETERMINADO	Inventario por ruta y metadatos; no inspecciona registros personales.
estudiantes_extranjeros_2026/backups/pre_correcciones_v5_20260625_121527/data/governed/columnas_extranjeros_2025_v5/06_NOMBRES.tsv	06_NOMBRES.tsv	.tsv	19531	2026-06-25T12:15:16.364067-04:00	TRACKED_OR_UNMODIFIED	otro proceso: estudiantes extranjeros	SI	Inventario por ruta y metadatos; no inspecciona registros personales.
estudiantes_extranjeros_2026/backups/pre_correcciones_v5_20260625_121527/data/governed/columnas_extranjeros_2025_v5/08_FECHA_NACIMIENTO.tsv	08_FECHA_NACIMIENTO.tsv	.tsv	20571	2026-06-25T12:15:16.603380-04:00	TRACKED_OR_UNMODIFIED	otro proceso: estudiantes extranjeros	SI	Inventario por ruta y metadatos; no inspecciona registros personales.
estudiantes_extranjeros_2026/backups/pre_correcciones_v5_20260625_121527/data/governed/columnas_extranjeros_2025_v5/02_NUM_DOCUMENTO.tsv	02_NUM_DOCUMENTO.tsv	.tsv	20817	2026-06-25T12:15:15.859080-04:00	TRACKED_OR_UNMODIFIED	otro proceso: estudiantes extranjeros	SI	Inventario por ruta y metadatos; no inspecciona registros personales.
estudiantes_extranjeros_2026/backups/pre_correcciones_v5_20260625_121527/data/governed/columnas_extranjeros_2025_v5/07_SEXO.tsv	07_SEXO.tsv	.tsv	18061	2026-06-25T12:15:16.485049-04:00	TRACKED_OR_UNMODIFIED	otro proceso: estudiantes extranjeros	SI	Inventario por ruta y metadatos; no inspecciona registros personales.
estudiantes_extranjeros_2026/backups/pre_correcciones_v5_20260625_121527/data/governed/columnas_extranjeros_2025_v5/03_DV.tsv	03_DV.tsv	.tsv	17597	2026-06-25T12:15:15.988234-04:00	TRACKED_OR_UNMODIFIED	otro proceso: estudiantes extranjeros	SI	Inventario por ruta y metadatos; no inspecciona registros personales.
estudiantes_extranjeros_2026/backups/pre_correcciones_v5_20260625_121527/data/governed/columnas_extranjeros_2025_v5/10_TIPO_RESIDENCIA_ESTUDIANTE.tsv	10_TIPO_RESIDENCIA_ESTUDIANTE.tsv	.tsv	19105	2026-06-25T12:15:16.837822-04:00	TRACKED_OR_UNMODIFIED	otro proceso: estudiantes extranjeros	SI	Inventario por ruta y metadatos; no inspecciona registros personales.
estudiantes_extranjeros_2026/backups/pre_correcciones_v5_20260625_121527/data/governed/columnas_extranjeros_2025_v5/11_PAIS_ORIGEN.tsv	11_PAIS_ORIGEN.tsv	.tsv	24168	2026-06-25T12:15:16.955646-04:00	TRACKED_OR_UNMODIFIED	otro proceso: estudiantes extranjeros	SI	Inventario por ruta y metadatos; no inspecciona registros personales.
estudiantes_extranjeros_2026/backups/pre_correcciones_v5_20260625_121527/data/governed/columnas_extranjeros_2025_v5/12_PAIS_ESTUDIOS_SECUNDARIOS.tsv	12_PAIS_ESTUDIOS_SECUNDARIOS.tsv	.tsv	19128	2026-06-25T12:15:17.072718-04:00	TRACKED_OR_UNMODIFIED	otro proceso: estudiantes extranjeros	SI	Inventario por ruta y metadatos; no inspecciona registros personales.
estudiantes_extranjeros_2026/backups/pre_correcciones_v5_20260625_121527/data/governed/columnas_extranjeros_2025_v5/05_SEGUNDO_APELLIDO.tsv	05_SEGUNDO_APELLIDO.tsv	.tsv	18609	2026-06-25T12:15:16.239872-04:00	TRACKED_OR_UNMODIFIED	otro proceso: estudiantes extranjeros	SI	Inventario por ruta y metadatos; no inspecciona registros personales.
estudiantes_extranjeros_2026/backups/pre_correcciones_v5_20260625_121527/data/governed/columnas_extranjeros_2025_v5/04_PRIMER_APELLIDO.tsv	04_PRIMER_APELLIDO.tsv	.tsv	18995	2026-06-25T12:15:16.115499-04:00	TRACKED_OR_UNMODIFIED	otro proceso: estudiantes extranjeros	SI	Inventario por ruta y metadatos; no inspecciona registros personales.
estudiantes_extranjeros_2026/backups/pre_correcciones_v5_20260625_121527/data/governed/columnas_extranjeros_2025_v5/01_TIPO_DOCUMENTO.tsv	01_TIPO_DOCUMENTO.tsv	.tsv	18819	2026-06-25T12:15:15.697057-04:00	TRACKED_OR_UNMODIFIED	otro proceso: estudiantes extranjeros	SI	Inventario por ruta y metadatos; no inspecciona registros personales.
estudiantes_extranjeros_2026/backups/pre_correcciones_v5_20260625_121527/data/governed/columnas_extranjeros_2025_v5/09_NACIONALIDAD.tsv	09_NACIONALIDAD.tsv	.tsv	20626	2026-06-25T12:15:16.721215-04:00	TRACKED_OR_UNMODIFIED	otro proceso: estudiantes extranjeros	SI	Inventario por ruta y metadatos; no inspecciona registros personales.
estudiantes_extranjeros_2026/backups/pre_correcciones_v5_20260625_121527/data/frozen/BASE_EXTRANJEROS_2025_CONGELADA_V2_61.xlsx	BASE_EXTRANJEROS_2025_CONGELADA_V2_61.xlsx	.xlsx	28515	2026-06-25T12:15:15.139781-04:00	TRACKED_OR_UNMODIFIED	otro proceso: estudiantes extranjeros	SI	Inventario por ruta y metadatos; no inspecciona registros personales.
estudiantes_extranjeros_2026/backups/pre_correcciones_v5_20260625_121527/data/frozen/MANIFIESTO_BASE_EXTRANJEROS_2025_CONGELADA_V2_61 2.json	MANIFIESTO_BASE_EXTRANJEROS_2025_CONGELADA_V2_61 2.json	.json	3294	2026-06-25T12:15:15-04:00	TRACKED_OR_UNMODIFIED	otro proceso: estudiantes extranjeros	NO_DETERMINADO	Inventario por ruta y metadatos; no inspecciona registros personales.
estudiantes_extranjeros_2026/backups/pre_correcciones_v5_20260625_121527/data/frozen/BASE_EXTRANJEROS_2025_CONGELADA_V2_61.tsv	BASE_EXTRANJEROS_2025_CONGELADA_V2_61.tsv	.tsv	41717	2026-06-25T12:15:15.087446-04:00	TRACKED_OR_UNMODIFIED	otro proceso: estudiantes extranjeros	SI	Inventario por ruta y metadatos; no inspecciona registros personales.
estudiantes_extranjeros_2026/backups/pre_correcciones_v5_20260625_121527/data/processed/MATRIZ_GOBERNANZA_EXTRANJEROS_2025_V5.csv	MATRIZ_GOBERNANZA_EXTRANJEROS_2025_V5.csv	.csv	149027	2026-06-25T12:15:15.567391-04:00	TRACKED_OR_UNMODIFIED	otro proceso: estudiantes extranjeros	SI	Inventario por ruta y metadatos; no inspecciona registros personales.
catalogos/exclusiones_beneficios_estudiantes_con_mas_de_una_carrera_activa.tsv	exclusiones_beneficios_estudiantes_con_mas_de_una_carrera_activa.tsv	.tsv	676	2026-04-08T15:48:25.893925-04:00	TRACKED_OR_UNMODIFIED	otro	NO_DETERMINADO	Inventario por ruta y metadatos; no inspecciona registros personales.
catalogos/exclusiones_beneficios_estudiantes_con_mas_de_una_carrera_activa.json	exclusiones_beneficios_estudiantes_con_mas_de_una_carrera_activa.json	.json	717	2026-04-09T09:07:14.478000-04:00	TRACKED_OR_UNMODIFIED	otro	NO_DETERMINADO	Inventario por ruta y metadatos; no inspecciona registros personales.
auditoria_codigo_unico_codcarpr/03_auditoria_codigo_unico_codcarpr.xlsx	03_auditoria_codigo_unico_codcarpr.xlsx	.xlsx	14993	2026-04-05T03:18:05.982356-04:00	TRACKED_OR_UNMODIFIED	otro	NO_DETERMINADO	Inventario por ruta y metadatos; no inspecciona registros personales.
auditoria_codigo_unico_codcarpr/01_resumen_codigo_unico_codcarpr.tsv	01_resumen_codigo_unico_codcarpr.tsv	.tsv	10326	2026-04-05T00:56:40.010931-04:00	TRACKED_OR_UNMODIFIED	otro	NO_DETERMINADO	Inventario por ruta y metadatos; no inspecciona registros personales.
auditoria_codigo_unico_codcarpr/04_auditoria_codigo_unico_codcarpr_enriquecido.xlsx	04_auditoria_codigo_unico_codcarpr_enriquecido.xlsx	.xlsx	17290	2026-04-05T04:08:09.524118-04:00	TRACKED_OR_UNMODIFIED	otro	NO_DETERMINADO	Inventario por ruta y metadatos; no inspecciona registros personales.
auditoria_codigo_unico_codcarpr/02_detalle_codigo_unico_codcarpr.tsv	02_detalle_codigo_unico_codcarpr.tsv	.tsv	13211	2026-04-05T00:56:40.011638-04:00	TRACKED_OR_UNMODIFIED	otro	NO_DETERMINADO	Inventario por ruta y metadatos; no inspecciona registros personales.
scripts/auditar_74_ajustes_sede_mu2026 2.py	auditar_74_ajustes_sede_mu2026 2.py	.py	20123	2026-06-25T18:07:03-04:00	TRACKED_OR_UNMODIFIED	código activo o transicional	NO_DETERMINADO	Inventario por ruta y metadatos; no inspecciona registros personales.
scripts/compile_puente_sies_compilado.py	compile_puente_sies_compilado.py	.py	16128	2026-06-26T00:47:07.990364-04:00	TRACKED_OR_UNMODIFIED	código activo o transicional	NO_DETERMINADO	Inventario por ruta y metadatos; no inspecciona registros personales.
scripts/validate_oficial.sh	validate_oficial.sh	.sh	1307	2026-06-26T00:47:07.996388-04:00	TRACKED_OR_UNMODIFIED	código activo o transicional	NO_DETERMINADO	Inventario por ruta y metadatos; no inspecciona registros personales.
scripts/auditoria_integral_multicodcli_2026 2.py	auditoria_integral_multicodcli_2026 2.py	.py	67220	2026-06-18T14:46:32-04:00	TRACKED_OR_UNMODIFIED	código activo o transicional	NO_DETERMINADO	Inventario por ruta y metadatos; no inspecciona registros personales.
scripts/fase1_fase2_duracion_unica.py	fase1_fase2_duracion_unica.py	.py	4986	2026-04-09T09:07:14.566839-04:00	TRACKED_OR_UNMODIFIED	código activo o transicional	NO_DETERMINADO	Inventario por ruta y metadatos; no inspecciona registros personales.
scripts/fase4_adaptador_paralelo_codcarpr 2.py	fase4_adaptador_paralelo_codcarpr 2.py	.py	5312	2026-06-26T00:47:07.991622-04:00	TRACKED_OR_UNMODIFIED	código activo o transicional	NO_DETERMINADO	Inventario por ruta y metadatos; no inspecciona registros personales.
scripts/run_loop_remediacion_codcli 2.sh	run_loop_remediacion_codcli 2.sh	.sh	1768	2026-06-26T00:47:07.994293-04:00	TRACKED_OR_UNMODIFIED	código activo o transicional	NO_DETERMINADO	Inventario por ruta y metadatos; no inspecciona registros personales.
scripts/run_loop_remediacion_codcli.sh	run_loop_remediacion_codcli.sh	.sh	1768	2026-04-09T09:07:14.571949-04:00	TRACKED_OR_UNMODIFIED	código activo o transicional	NO_DETERMINADO	Inventario por ruta y metadatos; no inspecciona registros personales.
scripts/fase1_fase2_duracion_unica 2.py	fase1_fase2_duracion_unica 2.py	.py	4986	2026-06-26T00:47:07.991026-04:00	TRACKED_OR_UNMODIFIED	código activo o transicional	NO_DETERMINADO	Inventario por ruta y metadatos; no inspecciona registros personales.
scripts/run_mu_operativo.sh	run_mu_operativo.sh	.sh	763	2026-04-09T09:07:14.572233-04:00	TRACKED_OR_UNMODIFIED	código activo o transicional	NO_DETERMINADO	Inventario por ruta y metadatos; no inspecciona registros personales.
scripts/marcar_alertas_codcar 2.py	marcar_alertas_codcar 2.py	.py	3343	2026-06-26T00:47:07.992579-04:00	TRACKED_OR_UNMODIFIED	código activo o transicional	NO_DETERMINADO	Inventario por ruta y metadatos; no inspecciona registros personales.
scripts/motor_for_ing_act.py	motor_for_ing_act.py	.py	23262	2026-04-09T09:07:14.569888-04:00	TRACKED_OR_UNMODIFIED	código activo o transicional	NO_DETERMINADO	Inventario por ruta y metadatos; no inspecciona registros personales.
scripts/test_campos_ing.py	test_campos_ing.py	.py	12437	2026-04-09T09:07:14.572933-04:00	TRACKED_OR_UNMODIFIED	código activo o transicional	NO_DETERMINADO	Inventario por ruta y metadatos; no inspecciona registros personales.
scripts/run_integracion_tests 2.py	run_integracion_tests 2.py	.py	1395	2026-06-25T18:26:33-04:00	TRACKED_OR_UNMODIFIED	código activo o transicional	NO_DETERMINADO	Inventario por ruta y metadatos; no inspecciona registros personales.
scripts/test_vig_fecha 2.py	test_vig_fecha 2.py	.py	9846	2026-06-26T00:47:07.995873-04:00	TRACKED_OR_UNMODIFIED	código activo o transicional	NO_DETERMINADO	Inventario por ruta y metadatos; no inspecciona registros personales.
scripts/agregar_columnas_faltantes 2.py	agregar_columnas_faltantes 2.py	.py	1178	2026-06-26T00:47:07.988134-04:00	TRACKED_OR_UNMODIFIED	código activo o transicional	NO_DETERMINADO	Inventario por ruta y metadatos; no inspecciona registros personales.
scripts/test_for_ing_act 2.py	test_for_ing_act 2.py	.py	9676	2026-06-26T00:47:07.995297-04:00	TRACKED_OR_UNMODIFIED	código activo o transicional	NO_DETERMINADO	Inventario por ruta y metadatos; no inspecciona registros personales.
scripts/motor_for_ing_act 2.py	motor_for_ing_act 2.py	.py	23262	2026-06-26T00:47:07.993303-04:00	TRACKED_OR_UNMODIFIED	código activo o transicional	NO_DETERMINADO	Inventario por ruta y metadatos; no inspecciona registros personales.
scripts/test_vig_fecha.py	test_vig_fecha.py	.py	9846	2026-04-09T09:07:14.574317-04:00	TRACKED_OR_UNMODIFIED	código activo o transicional	NO_DETERMINADO	Inventario por ruta y metadatos; no inspecciona registros personales.
scripts/verificar_4_columnas_mu.py	verificar_4_columnas_mu.py	.py	3332	2026-04-09T09:07:14.576203-04:00	TRACKED_OR_UNMODIFIED	código activo o transicional	NO_DETERMINADO	Inventario por ruta y metadatos; no inspecciona registros personales.
scripts/_test_for_ing_act_v2.py	_test_for_ing_act_v2.py	.py	7849	2026-04-09T09:07:14.561378-04:00	TRACKED_OR_UNMODIFIED	código activo o transicional	NO_DETERMINADO	Inventario por ruta y metadatos; no inspecciona registros personales.
scripts/fase4_adaptador_paralelo_codcarpr.py	fase4_adaptador_paralelo_codcarpr.py	.py	5312	2026-04-09T09:07:14.568233-04:00	TRACKED_OR_UNMODIFIED	código activo o transicional	NO_DETERMINADO	Inventario por ruta y metadatos; no inspecciona registros personales.
scripts/depurar_rut_multi_codcli.py	depurar_rut_multi_codcli.py	.py	5865	2026-04-09T09:07:14.565881-04:00	TRACKED_OR_UNMODIFIED	código activo o transicional	NO_DETERMINADO	Inventario por ruta y metadatos; no inspecciona registros personales.
scripts/_test_for_ing_act_v2 2.py	_test_for_ing_act_v2 2.py	.py	7849	2026-06-26T00:47:07.987520-04:00	TRACKED_OR_UNMODIFIED	código activo o transicional	NO_DETERMINADO	Inventario por ruta y metadatos; no inspecciona registros personales.
scripts/test_niv_aca_priority 2.py	test_niv_aca_priority 2.py	.py	5453	2026-06-26T00:47:07.995573-04:00	TRACKED_OR_UNMODIFIED	código activo o transicional	NO_DETERMINADO	Inventario por ruta y metadatos; no inspecciona registros personales.
scripts/compile_puente_sies_compilado 2.py	compile_puente_sies_compilado 2.py	.py	16128	2026-06-26T00:47:07.990042-04:00	TRACKED_OR_UNMODIFIED	código activo o transicional	NO_DETERMINADO	Inventario por ruta y metadatos; no inspecciona registros personales.
scripts/_test_for_ing_act.py	_test_for_ing_act.py	.py	8216	2026-04-09T09:07:14.561111-04:00	TRACKED_OR_UNMODIFIED	código activo o transicional	NO_DETERMINADO	Inventario por ruta y metadatos; no inspecciona registros personales.
scripts/gobernanza_codcarpr_anoingreso.py	gobernanza_codcarpr_anoingreso.py	.py	13678	2026-04-09T09:07:14.568741-04:00	TRACKED_OR_UNMODIFIED	código activo o transicional	NO_DETERMINADO	Inventario por ruta y metadatos; no inspecciona registros personales.
scripts/auditoria_maestra 2.py	auditoria_maestra 2.py	.py	46571	2026-06-26T00:47:07.988819-04:00	TRACKED_OR_UNMODIFIED	código activo o transicional	NO_DETERMINADO	Inventario por ruta y metadatos; no inspecciona registros personales.
scripts/test_campos_ing 2.py	test_campos_ing 2.py	.py	12437	2026-06-26T00:47:07.994982-04:00	TRACKED_OR_UNMODIFIED	código activo o transicional	NO_DETERMINADO	Inventario por ruta y metadatos; no inspecciona registros personales.
scripts/depurar_rut_multi_codcli 2.py	depurar_rut_multi_codcli 2.py	.py	5865	2026-06-26T00:47:07.990654-04:00	TRACKED_OR_UNMODIFIED	código activo o transicional	NO_DETERMINADO	Inventario por ruta y metadatos; no inspecciona registros personales.
scripts/auditar_caso_netmre016_mu2026 2.py	auditar_caso_netmre016_mu2026 2.py	.py	31679	2026-06-25T17:30:10-04:00	TRACKED_OR_UNMODIFIED	código activo o transicional	NO_DETERMINADO	Inventario por ruta y metadatos; no inspecciona registros personales.
scripts/motor_vig_fecha.py	motor_vig_fecha.py	.py	24451	2026-04-09T09:07:14.570575-04:00	TRACKED_OR_UNMODIFIED	código activo o transicional	NO_DETERMINADO	Inventario por ruta y metadatos; no inspecciona registros personales.
scripts/aplicar_exclusiones_multi_carrera.py	aplicar_exclusiones_multi_carrera.py	.py	5025	2026-04-09T09:07:14.561956-04:00	TRACKED_OR_UNMODIFIED	código activo o transicional	NO_DETERMINADO	Inventario por ruta y metadatos; no inspecciona registros personales.
scripts/run_oficial.sh	run_oficial.sh	.sh	1613	2026-04-09T09:07:14.572626-04:00	TRACKED_OR_UNMODIFIED	código activo o transicional	NO_DETERMINADO	Inventario por ruta y metadatos; no inspecciona registros personales.
scripts/cerrar_icre068_extranjeros_v8 2.py	cerrar_icre068_extranjeros_v8 2.py	.py	32560	2026-06-25T21:57:41-04:00	TRACKED_OR_UNMODIFIED	código activo o transicional	NO_DETERMINADO	Inventario por ruta y metadatos; no inspecciona registros personales.
scripts/marcar_alertas_codcar.py	marcar_alertas_codcar.py	.py	3343	2026-04-09T09:07:14.569046-04:00	TRACKED_OR_UNMODIFIED	código activo o transicional	NO_DETERMINADO	Inventario por ruta y metadatos; no inspecciona registros personales.
scripts/_test_for_ing_act 2.py	_test_for_ing_act 2.py	.py	8216	2026-06-26T00:47:07.987112-04:00	TRACKED_OR_UNMODIFIED	código activo o transicional	NO_DETERMINADO	Inventario por ruta y metadatos; no inspecciona registros personales.
scripts/motor_vig_fecha 2.py	motor_vig_fecha 2.py	.py	24451	2026-06-26T00:47:07.993628-04:00	TRACKED_OR_UNMODIFIED	código activo o transicional	NO_DETERMINADO	Inventario por ruta y metadatos; no inspecciona registros personales.
scripts/test_niv_aca_priority.py	test_niv_aca_priority.py	.py	5453	2026-04-09T09:07:14.573931-04:00	TRACKED_OR_UNMODIFIED	código activo o transicional	NO_DETERMINADO	Inventario por ruta y metadatos; no inspecciona registros personales.
scripts/fase3_resolucion_codcarpr.py	fase3_resolucion_codcarpr.py	.py	6382	2026-04-09T09:07:14.567350-04:00	TRACKED_OR_UNMODIFIED	código activo o transicional	NO_DETERMINADO	Inventario por ruta y metadatos; no inspecciona registros personales.
scripts/remediar_duracion_desde_sin_match 2.py	remediar_duracion_desde_sin_match 2.py	.py	9509	2026-06-26T00:47:07.994051-04:00	TRACKED_OR_UNMODIFIED	código activo o transicional	NO_DETERMINADO	Inventario por ruta y metadatos; no inspecciona registros personales.
scripts/test_for_ing_act.py	test_for_ing_act.py	.py	9676	2026-04-09T09:07:14.573279-04:00	TRACKED_OR_UNMODIFIED	código activo o transicional	NO_DETERMINADO	Inventario por ruta y metadatos; no inspecciona registros personales.
scripts/postprocesar_base_dinamica_respuestas 2.py	postprocesar_base_dinamica_respuestas 2.py	.py	19531	2026-05-12T13:53:26-04:00	TRACKED_OR_UNMODIFIED	código activo o transicional	NO_DETERMINADO	Inventario por ruta y metadatos; no inspecciona registros personales.
scripts/agregar_columnas_faltantes.py	agregar_columnas_faltantes.py	.py	1178	2026-04-09T09:07:14.561645-04:00	TRACKED_OR_UNMODIFIED	código activo o transicional	NO_DETERMINADO	Inventario por ruta y metadatos; no inspecciona registros personales.
scripts/motor_campos_ing.py	motor_campos_ing.py	.py	31111	2026-04-09T09:07:14.569383-04:00	TRACKED_OR_UNMODIFIED	código activo o transicional	NO_DETERMINADO	Inventario por ruta y metadatos; no inspecciona registros personales.
scripts/verificar_4_columnas_mu 2.py	verificar_4_columnas_mu 2.py	.py	3332	2026-06-26T00:47:07.996628-04:00	TRACKED_OR_UNMODIFIED	código activo o transicional	NO_DETERMINADO	Inventario por ruta y metadatos; no inspecciona registros personales.
scripts/auditar_combinaciones_sies_mu2026 2.py	auditar_combinaciones_sies_mu2026 2.py	.py	31429	2026-06-25T17:19:25-04:00	TRACKED_OR_UNMODIFIED	código activo o transicional	NO_DETERMINADO	Inventario por ruta y metadatos; no inspecciona registros personales.
scripts/auditoria_maestra.py	auditoria_maestra.py	.py	49929	2026-06-26T00:47:07.989366-04:00	TRACKED_OR_UNMODIFIED	código activo o transicional	NO_DETERMINADO	Inventario por ruta y metadatos; no inspecciona registros personales.
scripts/motor_campos_ing 2.py	motor_campos_ing 2.py	.py	31111	2026-06-26T00:47:07.992996-04:00	TRACKED_OR_UNMODIFIED	código activo o transicional	NO_DETERMINADO	Inventario por ruta y metadatos; no inspecciona registros personales.
scripts/gobernanza_codcarpr_anoingreso 2.py	gobernanza_codcarpr_anoingreso 2.py	.py	13678	2026-06-26T00:47:07.992053-04:00	TRACKED_OR_UNMODIFIED	código activo o transicional	NO_DETERMINADO	Inventario por ruta y metadatos; no inspecciona registros personales.
scripts/run_mu_operativo 2.sh	run_mu_operativo 2.sh	.sh	763	2026-06-26T00:47:07.994550-04:00	TRACKED_OR_UNMODIFIED	código activo o transicional	NO_DETERMINADO	Inventario por ruta y metadatos; no inspecciona registros personales.
scripts/fase3_resolucion_codcarpr 2.py	fase3_resolucion_codcarpr 2.py	.py	6382	2026-06-26T00:47:07.991335-04:00	TRACKED_OR_UNMODIFIED	código activo o transicional	NO_DETERMINADO	Inventario por ruta y metadatos; no inspecciona registros personales.
scripts/remediar_duracion_desde_sin_match.py	remediar_duracion_desde_sin_match.py	.py	9509	2026-04-09T09:07:14.571249-04:00	TRACKED_OR_UNMODIFIED	código activo o transicional	NO_DETERMINADO	Inventario por ruta y metadatos; no inspecciona registros personales.
scripts/aplicar_exclusiones_multi_carrera 2.py	aplicar_exclusiones_multi_carrera 2.py	.py	5025	2026-06-26T00:47:07.988436-04:00	TRACKED_OR_UNMODIFIED	código activo o transicional	NO_DETERMINADO	Inventario por ruta y metadatos; no inspecciona registros personales.
scripts/run_and_validate_oficial.sh	run_and_validate_oficial.sh	.sh	881	2026-04-03T22:16:01.038443-03:00	TRACKED_OR_UNMODIFIED	código activo o transicional	NO_DETERMINADO	Inventario por ruta y metadatos; no inspecciona registros personales.
.github/agents/avance-curricular-mu-2026.capabilities.md	avance-curricular-mu-2026.capabilities.md	.md	1959	2026-04-09T09:07:14.406781-04:00	TRACKED_OR_UNMODIFIED	otro	NO_DETERMINADO	Inventario por ruta y metadatos; no inspecciona registros personales.
.github/agents/avance-curricular-mu-2026.agent.md	avance-curricular-mu-2026.agent.md	.md	4880	2026-04-09T09:07:14.406007-04:00	TRACKED_OR_UNMODIFIED	otro	NO_DETERMINADO	Inventario por ruta y metadatos; no inspecciona registros personales.
.github/agents/avance-curricular-mu-2026-auditoria-validacion.agent.md	avance-curricular-mu-2026-auditoria-validacion.agent.md	.md	2868	2026-04-09T09:07:14.404145-04:00	TRACKED_OR_UNMODIFIED	otro	NO_DETERMINADO	Inventario por ruta y metadatos; no inspecciona registros personales.
.github/agents/avance-curricular-mu-2026.config.json	avance-curricular-mu-2026.config.json	.json	6193	2026-04-09T09:07:14.407121-04:00	TRACKED_OR_UNMODIFIED	otro	NO_DETERMINADO	Inventario por ruta y metadatos; no inspecciona registros personales.
.github/skills/avance-curricular-mu-2026-for-ing-act/SKILL.md	SKILL.md	.md	1755	2026-04-09T09:07:14.409352-04:00	TRACKED_OR_UNMODIFIED	otro	NO_DETERMINADO	Inventario por ruta y metadatos; no inspecciona registros personales.
.github/skills/avance-curricular-mu-2026-auditoria-validacion/SKILL.md	SKILL.md	.md	1592	2026-04-09T09:07:14.407586-04:00	TRACKED_OR_UNMODIFIED	otro	NO_DETERMINADO	Inventario por ruta y metadatos; no inspecciona registros personales.
.github/skills/avance-curricular-mu-2026-vig-fecha/SKILL.md	SKILL.md	.md	1611	2026-04-09T09:07:14.409596-04:00	TRACKED_OR_UNMODIFIED	otro	NO_DETERMINADO	Inventario por ruta y metadatos; no inspecciona registros personales.
.github/skills/avance-curricular-mu-2026-campos-ing/SKILL.md	SKILL.md	.md	1670	2026-04-09T09:07:14.408203-04:00	TRACKED_OR_UNMODIFIED	otro	NO_DETERMINADO	Inventario por ruta y metadatos; no inspecciona registros personales.
.github/skills/avance-curricular-mu-2026-evidencia-divergencias/SKILL.md	SKILL.md	.md	1722	2026-04-09T09:07:14.409117-04:00	TRACKED_OR_UNMODIFIED	otro	NO_DETERMINADO	Inventario por ruta y metadatos; no inspecciona registros personales.
backup_estable_2026/resultados/consolidacion_identidad_final.tsv	consolidacion_identidad_final.tsv	.tsv	3307	2026-04-03T21:48:51.251395-03:00	TRACKED_OR_UNMODIFIED	otro	SI	Inventario por ruta y metadatos; no inspecciona registros personales.
backup_estable_2026/resultados/sies_pendientes_analisis_patrones.csv	sies_pendientes_analisis_patrones.csv	.csv	3355	2026-04-03T21:48:51.251944-03:00	TRACKED_OR_UNMODIFIED	otro	SI	Inventario por ruta y metadatos; no inspecciona registros personales.
backup_estable_2026/resultados/archivo_listo_para_sies_auditado.xlsx	archivo_listo_para_sies_auditado.xlsx	.xlsx	22167021	2026-04-03T21:48:51.284951-03:00	TRACKED_OR_UNMODIFIED	otro	SI	Inventario por ruta y metadatos; no inspecciona registros personales.
backup_estable_2026/resultados/matricula_unificada_2026_pregrado.csv	matricula_unificada_2026_pregrado.csv	.csv	329225	2026-04-03T21:48:51.287077-03:00	TRACKED_OR_UNMODIFIED	otro	SI	Inventario por ruta y metadatos; no inspecciona registros personales.
backup_estable_2026/resultados/sies_asignacion_sugerida_por_ies.csv	sies_asignacion_sugerida_por_ies.csv	.csv	23978	2026-04-03T21:48:51.288401-03:00	TRACKED_OR_UNMODIFIED	otro	SI	Inventario por ruta y metadatos; no inspecciona registros personales.
backup_estable_2026/resultados/sies_resolucion_por_combinacion.csv	sies_resolucion_por_combinacion.csv	.csv	11553	2026-04-03T21:48:51.289081-03:00	TRACKED_OR_UNMODIFIED	otro	SI	Inventario por ruta y metadatos; no inspecciona registros personales.
backup_estable_2026/resultados/sies_pendientes_enriquecido_por_candidato.csv	sies_pendientes_enriquecido_por_candidato.csv	.csv	1140403	2026-04-03T21:48:51.291983-03:00	TRACKED_OR_UNMODIFIED	otro	SI	Inventario por ruta y metadatos; no inspecciona registros personales.
backup_estable_2026/resultados/archivo_listo_para_sies.xlsx	archivo_listo_para_sies.xlsx	.xlsx	23621055	2026-04-03T21:48:51.328593-03:00	TRACKED_OR_UNMODIFIED	otro	SI	Inventario por ruta y metadatos; no inspecciona registros personales.
backup_estable_2026/resultados/auditoria_consolidacion_codcli.tsv	auditoria_consolidacion_codcli.tsv	.tsv	2316982	2026-04-03T21:48:51.337448-03:00	TRACKED_OR_UNMODIFIED	otro	SI	Inventario por ruta y metadatos; no inspecciona registros personales.
backup_estable_2026/resultados/diagnostico_duplicados_mu_2026.tsv	diagnostico_duplicados_mu_2026.tsv	.tsv	12430	2026-04-03T21:48:51.338531-03:00	TRACKED_OR_UNMODIFIED	otro	SI	Inventario por ruta y metadatos; no inspecciona registros personales.
backup_estable_2026/control/tablero_mu_2026.tsv	tablero_mu_2026.tsv	.tsv	12001	2026-04-03T21:48:51.245609-03:00	TRACKED_OR_UNMODIFIED	otro	NO_DETERMINADO	Inventario por ruta y metadatos; no inspecciona registros personales.
backup_estable_2026/control/reportes/resumen_historico_mu_2026.csv	resumen_historico_mu_2026.csv	.csv	601401	2026-04-03T21:48:51.211172-03:00	TRACKED_OR_UNMODIFIED	otro	NO_DETERMINADO	Inventario por ruta y metadatos; no inspecciona registros personales.
backup_estable_2026/control/reportes/reporte_nac_pais_sec.tsv	reporte_nac_pais_sec.tsv	.tsv	102	2026-04-03T21:48:51.211774-03:00	TRACKED_OR_UNMODIFIED	otro	NO_DETERMINADO	Inventario por ruta y metadatos; no inspecciona registros personales.
backup_estable_2026/control/reportes/reporte_fech_nac.tsv	reporte_fech_nac.tsv	.tsv	79	2026-04-03T21:48:51.213407-03:00	TRACKED_OR_UNMODIFIED	otro	NO_DETERMINADO	Inventario por ruta y metadatos; no inspecciona registros personales.
backup_estable_2026/control/pendientes/backlog_residual_mu_2026.tsv	backlog_residual_mu_2026.tsv	.tsv	2090	2026-04-03T21:48:51.246600-03:00	TRACKED_OR_UNMODIFIED	otro	NO_DETERMINADO	Inventario por ruta y metadatos; no inspecciona registros personales.
backup_estable_2026/control/pendientes/plantilla_backlog_residual_bloqueo.tsv	plantilla_backlog_residual_bloqueo.tsv	.tsv	379	2026-04-03T21:48:51.247175-03:00	TRACKED_OR_UNMODIFIED	otro	NO_DETERMINADO	Inventario por ruta y metadatos; no inspecciona registros personales.
gobernanza_columnas_mu/gob_mu_n_doc.tsv	gob_mu_n_doc.tsv	.tsv	742	2026-04-03T21:53:32.875932-03:00	TRACKED_OR_UNMODIFIED	gobernanza existente	NO_DETERMINADO	Inventario por ruta y metadatos; no inspecciona registros personales.
gobernanza_columnas_mu/gob_mu_cod_sed.tsv	gob_mu_cod_sed.tsv	.tsv	765	2026-04-03T21:53:32.872092-03:00	TRACKED_OR_UNMODIFIED	gobernanza existente	NO_DETERMINADO	Inventario por ruta y metadatos; no inspecciona registros personales.
gobernanza_columnas_mu/gob_mu_fech_nac.tsv	gob_mu_fech_nac.tsv	.tsv	718	2026-04-03T21:53:32.873404-03:00	TRACKED_OR_UNMODIFIED	gobernanza existente	NO_DETERMINADO	Inventario por ruta y metadatos; no inspecciona registros personales.
gobernanza_columnas_mu/gob_mu_cod_car.tsv	gob_mu_cod_car.tsv	.tsv	829	2026-04-03T21:53:32.871627-03:00	TRACKED_OR_UNMODIFIED	gobernanza existente	NO_DETERMINADO	Inventario por ruta y metadatos; no inspecciona registros personales.
gobernanza_columnas_mu/gob_mu_niv_aca.tsv	gob_mu_niv_aca.tsv	.tsv	776	2026-04-03T21:53:32.877243-03:00	TRACKED_OR_UNMODIFIED	gobernanza existente	NO_DETERMINADO	Inventario por ruta y metadatos; no inspecciona registros personales.
gobernanza_columnas_mu/gob_mu_asi_apr_his.tsv	gob_mu_asi_apr_his.tsv	.tsv	927	2026-04-09T14:53:07.256631-04:00	TRACKED_OR_UNMODIFIED	gobernanza existente	NO_DETERMINADO	Inventario por ruta y metadatos; no inspecciona registros personales.
gobernanza_columnas_mu/gob_mu_segundo_apellido.tsv	gob_mu_segundo_apellido.tsv	.tsv	798	2026-04-03T21:53:32.880387-03:00	TRACKED_OR_UNMODIFIED	gobernanza existente	NO_DETERMINADO	Inventario por ruta y metadatos; no inspecciona registros personales.
gobernanza_columnas_mu/gob_mu_tipo_doc.tsv	gob_mu_tipo_doc.tsv	.tsv	728	2026-04-03T21:53:32.883964-03:00	TRACKED_OR_UNMODIFIED	gobernanza existente	NO_DETERMINADO	Inventario por ruta y metadatos; no inspecciona registros personales.
gobernanza_columnas_mu/gob_mu_pais_est_sec.tsv	gob_mu_pais_est_sec.tsv	.tsv	752	2026-04-03T21:53:32.877954-03:00	TRACKED_OR_UNMODIFIED	gobernanza existente	NO_DETERMINADO	Inventario por ruta y metadatos; no inspecciona registros personales.
gobernanza_columnas_mu/gob_mu_nombre.tsv	gob_mu_nombre.tsv	.tsv	723	2026-04-03T21:53:32.877702-03:00	TRACKED_OR_UNMODIFIED	gobernanza existente	NO_DETERMINADO	Inventario por ruta y metadatos; no inspecciona registros personales.
gobernanza_columnas_mu/gob_mu_sem_ing_act.tsv	gob_mu_sem_ing_act.tsv	.tsv	714	2026-04-03T21:53:32.880866-03:00	TRACKED_OR_UNMODIFIED	gobernanza existente	NO_DETERMINADO	Inventario por ruta y metadatos; no inspecciona registros personales.
gobernanza_columnas_mu/gob_mu_modalidad.tsv	gob_mu_modalidad.tsv	.tsv	758	2026-04-03T21:53:32.875491-03:00	TRACKED_OR_UNMODIFIED	gobernanza existente	NO_DETERMINADO	Inventario por ruta y metadatos; no inspecciona registros personales.
gobernanza_columnas_mu/gob_mu_asi_ins_ant.tsv	gob_mu_asi_ins_ant.tsv	.tsv	635	2026-04-03T21:53:32.870792-03:00	TRACKED_OR_UNMODIFIED	gobernanza existente	NO_DETERMINADO	Inventario por ruta y metadatos; no inspecciona registros personales.
gobernanza_columnas_mu/gob_mu_nac.tsv	gob_mu_nac.tsv	.tsv	682	2026-04-03T21:53:32.876739-03:00	TRACKED_OR_UNMODIFIED	gobernanza existente	NO_DETERMINADO	Inventario por ruta y metadatos; no inspecciona registros personales.
gobernanza_columnas_mu/gob_mu_for_ing_act.tsv	gob_mu_for_ing_act.tsv	.tsv	764	2026-04-03T21:53:32.874585-03:00	TRACKED_OR_UNMODIFIED	gobernanza existente	NO_DETERMINADO	Inventario por ruta y metadatos; no inspecciona registros personales.
gobernanza_columnas_mu/gob_mu_anio_ing_ori.tsv	gob_mu_anio_ing_ori.tsv	.tsv	742	2026-04-03T21:53:32.869285-03:00	TRACKED_OR_UNMODIFIED	gobernanza existente	NO_DETERMINADO	Inventario por ruta y metadatos; no inspecciona registros personales.
gobernanza_columnas_mu/_INDICE_COLUMNAS.tsv	_INDICE_COLUMNAS.tsv	.tsv	4393	2026-04-09T14:53:26.276881-04:00	TRACKED_OR_UNMODIFIED	gobernanza existente	NO_DETERMINADO	Inventario por ruta y metadatos; no inspecciona registros personales.
gobernanza_columnas_mu/gob_mu_prom_seg_sem.tsv	gob_mu_prom_seg_sem.tsv	.tsv	784	2026-04-09T09:07:14.319843-04:00	TRACKED_OR_UNMODIFIED	gobernanza existente	NO_DETERMINADO	Inventario por ruta y metadatos; no inspecciona registros personales.
gobernanza_columnas_mu/gob_mu_sexo.tsv	gob_mu_sexo.tsv	.tsv	670	2026-04-03T21:53:32.881760-03:00	TRACKED_OR_UNMODIFIED	gobernanza existente	NO_DETERMINADO	Inventario por ruta y metadatos; no inspecciona registros personales.
gobernanza_columnas_mu/gob_mu_primer_apellido.tsv	gob_mu_primer_apellido.tsv	.tsv	760	2026-04-03T21:53:32.878576-03:00	TRACKED_OR_UNMODIFIED	gobernanza existente	NO_DETERMINADO	Inventario por ruta y metadatos; no inspecciona registros personales.
gobernanza_columnas_mu/gob_mu_sem_ing_ori.tsv	gob_mu_sem_ing_ori.tsv	.tsv	736	2026-04-03T21:53:32.881388-03:00	TRACKED_OR_UNMODIFIED	gobernanza existente	NO_DETERMINADO	Inventario por ruta y metadatos; no inspecciona registros personales.
gobernanza_columnas_mu/gob_mu_fecha_matricula.tsv	gob_mu_fecha_matricula.tsv	.tsv	802	2026-04-03T21:53:32.874033-03:00	TRACKED_OR_UNMODIFIED	gobernanza existente	NO_DETERMINADO	Inventario por ruta y metadatos; no inspecciona registros personales.
gobernanza_columnas_mu/gob_mu_prom_pri_sem.tsv	gob_mu_prom_pri_sem.tsv	.tsv	782	2026-04-09T09:07:14.317362-04:00	TRACKED_OR_UNMODIFIED	gobernanza existente	NO_DETERMINADO	Inventario por ruta y metadatos; no inspecciona registros personales.
gobernanza_columnas_mu/gob_mu_asi_apr_ant.tsv	gob_mu_asi_apr_ant.tsv	.tsv	656	2026-04-03T21:53:32.869725-03:00	TRACKED_OR_UNMODIFIED	gobernanza existente	NO_DETERMINADO	Inventario por ruta y metadatos; no inspecciona registros personales.
gobernanza_columnas_mu/gob_mu_vig.tsv	gob_mu_vig.tsv	.tsv	667	2026-04-03T21:53:32.885029-03:00	TRACKED_OR_UNMODIFIED	gobernanza existente	NO_DETERMINADO	Inventario por ruta y metadatos; no inspecciona registros personales.
gobernanza_columnas_mu/gob_mu_sit_fon_sol.tsv	gob_mu_sit_fon_sol.tsv	.tsv	689	2026-04-03T21:53:32.882258-03:00	TRACKED_OR_UNMODIFIED	gobernanza existente	NO_DETERMINADO	Inventario por ruta y metadatos; no inspecciona registros personales.
gobernanza_columnas_mu/gob_mu_anio_ing_act.tsv	gob_mu_anio_ing_act.tsv	.tsv	751	2026-04-03T21:53:32.868901-03:00	TRACKED_OR_UNMODIFIED	gobernanza existente	NO_DETERMINADO	Inventario por ruta y metadatos; no inspecciona registros personales.
gobernanza_columnas_mu/gob_mu_asi_ins_his.tsv	gob_mu_asi_ins_his.tsv	.tsv	849	2026-04-09T14:52:46.721337-04:00	TRACKED_OR_UNMODIFIED	gobernanza existente	NO_DETERMINADO	Inventario por ruta y metadatos; no inspecciona registros personales.
gobernanza_columnas_mu/gob_mu_sus_pre.tsv	gob_mu_sus_pre.tsv	.tsv	681	2026-04-03T21:53:32.883142-03:00	TRACKED_OR_UNMODIFIED	gobernanza existente	NO_DETERMINADO	Inventario por ruta y metadatos; no inspecciona registros personales.
gobernanza_columnas_mu/gob_mu_reincorporacion.tsv	gob_mu_reincorporacion.tsv	.tsv	722	2026-04-03T21:53:32.879756-03:00	TRACKED_OR_UNMODIFIED	gobernanza existente	NO_DETERMINADO	Inventario por ruta y metadatos; no inspecciona registros personales.
gobernanza_columnas_mu/gob_mu_dv.tsv	gob_mu_dv.tsv	.tsv	688	2026-04-03T21:53:32.872675-03:00	TRACKED_OR_UNMODIFIED	gobernanza existente	NO_DETERMINADO	Inventario por ruta y metadatos; no inspecciona registros personales.
gobernanza_columnas_mu/gob_mu_jor.tsv	gob_mu_jor.tsv	.tsv	738	2026-04-03T21:53:32.875041-03:00	TRACKED_OR_UNMODIFIED	gobernanza existente	NO_DETERMINADO	Inventario por ruta y metadatos; no inspecciona registros personales.
gobernanza_columnas_mu/gob_mu_version.tsv	gob_mu_version.tsv	.tsv	712	2026-04-03T21:53:32.884412-03:00	TRACKED_OR_UNMODIFIED	gobernanza existente	NO_DETERMINADO	Inventario por ruta y metadatos; no inspecciona registros personales.
avance_curricular_2026/09_pendientes/REGISTRO_BLOQUEOS.tsv	REGISTRO_BLOQUEOS.tsv	.tsv	1841	2026-06-26T01:22:38.293376-04:00	??	otro	NO_DETERMINADO	Inventario por ruta y metadatos; no inspecciona registros personales.
avance_curricular_2026/09_pendientes/FUENTES_INSTITUCIONALES_FALTANTES.tsv	FUENTES_INSTITUCIONALES_FALTANTES.tsv	.tsv	7669	2026-06-26T01:22:38.292751-04:00	??	otro	NO_DETERMINADO	Inventario por ruta y metadatos; no inspecciona registros personales.
avance_curricular_2026/07_control/DICCIONARIO_PROMEDIOSDEALUMNOS.tsv	DICCIONARIO_PROMEDIOSDEALUMNOS.tsv	.tsv	37023	2026-06-26T01:22:38.291259-04:00	??	otro	NO_DETERMINADO	Inventario por ruta y metadatos; no inspecciona registros personales.
avance_curricular_2026/07_control/PERFIL_HOJAS_PROMEDIOSDEALUMNOS.tsv	PERFIL_HOJAS_PROMEDIOSDEALUMNOS.tsv	.tsv	1437	2026-06-26T01:22:38.289908-04:00	??	otro	NO_DETERMINADO	Inventario por ruta y metadatos; no inspecciona registros personales.
avance_curricular_2026/07_control/MATRIZ_FUENTES_CAMPOS.tsv	MATRIZ_FUENTES_CAMPOS.tsv	.tsv	8884	2026-06-26T01:22:38.292065-04:00	??	otro	NO_DETERMINADO	Inventario por ruta y metadatos; no inspecciona registros personales.
avance_curricular_2026/07_control/INVENTARIO_REPOSITORIO.tsv	INVENTARIO_REPOSITORIO.tsv	.tsv	810858	2026-06-26T01:01:20.425966-04:00	TRACKED_OR_UNMODIFIED	otro	NO_DETERMINADO	Inventario por ruta y metadatos; no inspecciona registros personales.
avance_curricular_2026/07_control/ESTRUCTURA_OBSERVADA_CARRERAS.tsv	ESTRUCTURA_OBSERVADA_CARRERAS.tsv	.tsv	1584	2026-06-26T00:58:27.298398-04:00	TRACKED_OR_UNMODIFIED	otro	NO_DETERMINADO	Inventario por ruta y metadatos; no inspecciona registros personales.
avance_curricular_2026/07_control/CONTROL_FINAL_FASE_00AR_05P.json	CONTROL_FINAL_FASE_00AR_05P.json	.json	506	2026-06-26T01:22:38.525283-04:00	??	otro	NO_DETERMINADO	Inventario por ruta y metadatos; no inspecciona registros personales.
avance_curricular_2026/07_control/MATRIZ_NORMATIVA.tsv	MATRIZ_NORMATIVA.tsv	.tsv	42990	2026-06-26T00:58:38.645464-04:00	TRACKED_OR_UNMODIFIED	otro	NO_DETERMINADO	Inventario por ruta y metadatos; no inspecciona registros personales.
avance_curricular_2026/07_control/INVENTARIO_CODIGO_AVANCE_CURRICULAR.tsv	INVENTARIO_CODIGO_AVANCE_CURRICULAR.tsv	.tsv	19833	2026-06-26T01:01:21.074496-04:00	TRACKED_OR_UNMODIFIED	otro	NO_DETERMINADO	Inventario por ruta y metadatos; no inspecciona registros personales.
avance_curricular_2026/07_control/INVENTARIO_FUENTES.tsv	INVENTARIO_FUENTES.tsv	.tsv	3102	2026-06-26T01:21:26.834968-04:00	 M	otro	NO_DETERMINADO	Inventario por ruta y metadatos; no inspecciona registros personales.
avance_curricular_2026/07_control/ESTRUCTURA_OBSERVADA_MATRICULA.tsv	ESTRUCTURA_OBSERVADA_MATRICULA.tsv	.tsv	1647	2026-06-26T00:58:27.353239-04:00	TRACKED_OR_UNMODIFIED	otro	NO_DETERMINADO	Inventario por ruta y metadatos; no inspecciona registros personales.
avance_curricular_2026/07_control/RESUMEN_FASE_00AR_05P.json	RESUMEN_FASE_00AR_05P.json	.json	2746	2026-06-26T01:22:38.525544-04:00	??	otro	NO_DETERMINADO	Inventario por ruta y metadatos; no inspecciona registros personales.
avance_curricular_2026/07_control/CONCILIACION_WORKING_TREE.tsv	CONCILIACION_WORKING_TREE.tsv	.tsv	3713	2026-06-26T01:22:38.493613-04:00	??	otro	NO_DETERMINADO	Inventario por ruta y metadatos; no inspecciona registros personales.
avance_curricular_2026/07_control/MATRIZ_CRUCES_PROPUESTA.tsv	MATRIZ_CRUCES_PROPUESTA.tsv	.tsv	2356	2026-06-26T01:22:38.292224-04:00	??	otro	NO_DETERMINADO	Inventario por ruta y metadatos; no inspecciona registros personales.
avance_curricular_2026/07_control/COBERTURA_CAMPOS_DESDE_PROMEDIOS.tsv	COBERTURA_CAMPOS_DESDE_PROMEDIOS.tsv	.tsv	3965	2026-06-26T01:22:38.291546-04:00	??	otro	NO_DETERMINADO	Inventario por ruta y metadatos; no inspecciona registros personales.
avance_curricular_2026/05_scripts/fase_00a_03_inicial.py	fase_00a_03_inicial.py	.py	86664	2026-06-26T01:21:26.843376-04:00	 M	otro	NO_DETERMINADO	Inventario por ruta y metadatos; no inspecciona registros personales.
avance_curricular_2026/05_scripts/fase_00ar_05p_documental.py	fase_00ar_05p_documental.py	.py	83601	2026-06-26T01:23:41.172789-04:00	??	otro	NO_DETERMINADO	Inventario por ruta y metadatos; no inspecciona registros personales.
avance_curricular_2026/02_contratos/CONTRATO_MATRICULA_AVANCE_CURRICULAR_2026.tsv	CONTRATO_MATRICULA_AVANCE_CURRICULAR_2026.tsv	.tsv	14940	2026-06-26T00:58:38.646855-04:00	TRACKED_OR_UNMODIFIED	otro	NO_DETERMINADO	Inventario por ruta y metadatos; no inspecciona registros personales.
avance_curricular_2026/02_contratos/CONTRATO_CARRERAS_AVANCE_CURRICULAR_2026.tsv	CONTRATO_CARRERAS_AVANCE_CURRICULAR_2026.tsv	.tsv	14724	2026-06-26T00:58:38.646307-04:00	TRACKED_OR_UNMODIFIED	otro	NO_DETERMINADO	Inventario por ruta y metadatos; no inspecciona registros personales.
avance_curricular_2026/01_documentacion/09_PLAN_IMPLEMENTACION.md	09_PLAN_IMPLEMENTACION.md	.md	1709	2026-06-26T01:22:38.293216-04:00	??	otro	NO_DETERMINADO	Inventario por ruta y metadatos; no inspecciona registros personales.
avance_curricular_2026/01_documentacion/07_DISENO_PIPELINE_MATRICULA.md	07_DISENO_PIPELINE_MATRICULA.md	.md	977	2026-06-26T01:22:38.293036-04:00	??	otro	NO_DETERMINADO	Inventario por ruta y metadatos; no inspecciona registros personales.
avance_curricular_2026/01_documentacion/06_DISENO_PIPELINE_CARRERAS.md	06_DISENO_PIPELINE_CARRERAS.md	.md	859	2026-06-26T01:22:38.292932-04:00	??	otro	NO_DETERMINADO	Inventario por ruta y metadatos; no inspecciona registros personales.
avance_curricular_2026/01_documentacion/08_ORQUESTACION_Y_GATES.md	08_ORQUESTACION_Y_GATES.md	.md	456	2026-06-26T01:22:38.293124-04:00	??	otro	NO_DETERMINADO	Inventario por ruta y metadatos; no inspecciona registros personales.
avance_curricular_2026/01_documentacion/POLITICA_DATOS_Y_GIT.md	POLITICA_DATOS_Y_GIT.md	.md	1639	2026-06-26T00:58:37.815528-04:00	TRACKED_OR_UNMODIFIED	otro	NO_DETERMINADO	Inventario por ruta y metadatos; no inspecciona registros personales.
avance_curricular_2026/01_documentacion/02_REPORTE_PRECARGAS.md	02_REPORTE_PRECARGAS.md	.md	1440	2026-06-26T00:58:38.647007-04:00	TRACKED_OR_UNMODIFIED	precarga oficial o evidencia de precarga	NO_DETERMINADO	Inventario por ruta y metadatos; no inspecciona registros personales.
avance_curricular_2026/01_documentacion/00_DIAGNOSTICO_REPOSITORIO.md	00_DIAGNOSTICO_REPOSITORIO.md	.md	1241	2026-06-26T01:01:21.074661-04:00	TRACKED_OR_UNMODIFIED	otro	NO_DETERMINADO	Inventario por ruta y metadatos; no inspecciona registros personales.
avance_curricular_2026/01_documentacion/04_CONCILIACION_GIT.md	04_CONCILIACION_GIT.md	.md	904	2026-06-26T01:22:38.493824-04:00	??	otro	NO_DETERMINADO	Inventario por ruta y metadatos; no inspecciona registros personales.
avance_curricular_2026/01_documentacion/DECISION_INTERNA_DI-AC-2026-001.md	DECISION_INTERNA_DI-AC-2026-001.md	.md	2222	2026-06-26T01:21:26.841111-04:00	??	otro	NO_DETERMINADO	Inventario por ruta y metadatos; no inspecciona registros personales.
avance_curricular_2026/01_documentacion/01_MATRIZ_NORMATIVA.md	01_MATRIZ_NORMATIVA.md	.md	1210	2026-06-26T01:21:26.842141-04:00	 M	otro	NO_DETERMINADO	Inventario por ruta y metadatos; no inspecciona registros personales.
avance_curricular_2026/08_auditorias/RETIRO_PDF_INSTRUCTIVO_20260626.tsv	RETIRO_PDF_INSTRUCTIVO_20260626.tsv	.tsv	951	2026-06-26T01:21:26.840976-04:00	??	fuente normativa	NO_DETERMINADO	Inventario por ruta y metadatos; no inspecciona registros personales.
avance_curricular_2026/00_fuentes_congeladas/CARGA_CONGELADA_20260626_005826/README_CARGA_CONGELADA.md	README_CARGA_CONGELADA.md	.md	1875	2026-06-26T01:21:26.841236-04:00	TRACKED_OR_UNMODIFIED	carga congelada local	NO_DETERMINADO	Inventario por ruta y metadatos; no inspecciona registros personales.
avance_curricular_2026/00_fuentes_congeladas/CARGA_CONGELADA_20260626_005826/manifiestos/ARCHIVOS_EXCLUIDOS_DESCARGAS.tsv	ARCHIVOS_EXCLUIDOS_DESCARGAS.tsv	.tsv	446	2026-06-26T00:58:37.814973-04:00	TRACKED_OR_UNMODIFIED	carga congelada local	SI	Inventario por ruta y metadatos; no inspecciona registros personales.
avance_curricular_2026/00_fuentes_congeladas/CARGA_CONGELADA_20260626_005826/manifiestos/MANIFIESTO_DERIVADOS_TSV.tsv	MANIFIESTO_DERIVADOS_TSV.tsv	.tsv	5365	2026-06-26T00:58:37.815237-04:00	TRACKED_OR_UNMODIFIED	carga congelada local	SI	Inventario por ruta y metadatos; no inspecciona registros personales.
avance_curricular_2026/00_fuentes_congeladas/CARGA_CONGELADA_20260626_005826/manifiestos/MANIFIESTO_CARGA_CONGELADA.tsv	MANIFIESTO_CARGA_CONGELADA.tsv	.tsv	6030	2026-06-26T01:21:26.834186-04:00	TRACKED_OR_UNMODIFIED	carga congelada local	SI	Inventario por ruta y metadatos; no inspecciona registros personales.
avance_curricular_2026/00_fuentes_congeladas/CARGA_CONGELADA_20260626_005826/logs/resumen_fase_00a_03.json	resumen_fase_00a_03.json	.json	547	2026-06-26T00:58:38.647672-04:00	TRACKED_OR_UNMODIFIED	carga congelada local	NO_DETERMINADO	Inventario por ruta y metadatos; no inspecciona registros personales.
avance_curricular_2026/00_fuentes_congeladas/CARGA_CONGELADA_20260626_005826/perfiles/VALIDACION_EQUIVALENCIA_PRECARGA_CARRERAS.json	VALIDACION_EQUIVALENCIA_PRECARGA_CARRERAS.json	.json	1184	2026-06-26T00:58:27.297929-04:00	TRACKED_OR_UNMODIFIED	carga congelada local	NO_DETERMINADO	Inventario por ruta y metadatos; no inspecciona registros personales.
avance_curricular_2026/00_fuentes_congeladas/CARGA_CONGELADA_20260626_005826/perfiles/PERFIL_PRECARGA_MATRICULA.json	PERFIL_PRECARGA_MATRICULA.json	.json	4915	2026-06-26T00:58:27.338576-04:00	TRACKED_OR_UNMODIFIED	carga congelada local	NO_DETERMINADO	Inventario por ruta y metadatos; no inspecciona registros personales.
avance_curricular_2026/00_fuentes_congeladas/CARGA_CONGELADA_20260626_005826/perfiles/VALIDACION_EQUIVALENCIA_PRECARGA_MATRICULA.json	VALIDACION_EQUIVALENCIA_PRECARGA_MATRICULA.json	.json	1191	2026-06-26T00:58:27.351743-04:00	TRACKED_OR_UNMODIFIED	carga congelada local	NO_DETERMINADO	Inventario por ruta y metadatos; no inspecciona registros personales.
avance_curricular_2026/00_fuentes_congeladas/CARGA_CONGELADA_20260626_005826/perfiles/PERFIL_PROMEDIOSDEALUMNOS_7804.json	PERFIL_PROMEDIOSDEALUMNOS_7804.json	.json	7552	2026-06-26T00:58:37.797612-04:00	TRACKED_OR_UNMODIFIED	carga congelada local	NO_DETERMINADO	Inventario por ruta y metadatos; no inspecciona registros personales.
avance_curricular_2026/00_fuentes_congeladas/CARGA_CONGELADA_20260626_005826/perfiles/PERFIL_PRECARGA_CARRERAS.json	PERFIL_PRECARGA_CARRERAS.json	.json	4632	2026-06-26T00:58:27.296519-04:00	TRACKED_OR_UNMODIFIED	carga congelada local	NO_DETERMINADO	Inventario por ruta y metadatos; no inspecciona registros personales.
avance_curricular_2026/00_fuentes_congeladas/CARGA_CONGELADA_20260626_005826/originales/5809_Precarga Matrícula Avance Curricular 2026.csv	5809_Precarga Matrícula Avance Curricular 2026.csv	.csv	254294	2026-06-25T23:44:02-04:00	TRACKED_OR_UNMODIFIED	carga congelada local	SI	Inventario por ruta y metadatos; no inspecciona registros personales.
avance_curricular_2026/00_fuentes_congeladas/CARGA_CONGELADA_20260626_005826/originales/5810_Precarga Carreras Avance Curricular 20268.csv	5810_Precarga Carreras Avance Curricular 20268.csv	.csv	4558	2026-06-25T23:43:58-04:00	TRACKED_OR_UNMODIFIED	carga congelada local	SI	Inventario por ruta y metadatos; no inspecciona registros personales.
avance_curricular_2026/00_fuentes_congeladas/CARGA_CONGELADA_20260626_005826/originales/Instructivo_Avance Curricular SIES - 2026.txt	Instructivo_Avance Curricular SIES - 2026.txt	.txt	45400	2026-06-25T23:46:04.937439-04:00	TRACKED_OR_UNMODIFIED	carga congelada local	NO_DETERMINADO	Inventario por ruta y metadatos; no inspecciona registros personales.
avance_curricular_2026/00_fuentes_congeladas/CARGA_CONGELADA_20260626_005826/originales/PROMEDIOSDEALUMNOS_7804.xlsx	PROMEDIOSDEALUMNOS_7804.xlsx	.xlsx	11013966	2026-06-25T18:08:40.535336-04:00	TRACKED_OR_UNMODIFIED	carga congelada local	SI	Inventario por ruta y metadatos; no inspecciona registros personales.
avance_curricular_2026/00_fuentes_congeladas/CARGA_CONGELADA_20260626_005826/derivados_tsv/PROMEDIOSDEALUMNOS_7804__HOJA_BASE_DATOS.tsv	PROMEDIOSDEALUMNOS_7804__HOJA_BASE_DATOS.tsv	.tsv	1719	2026-06-26T00:58:37.791208-04:00	TRACKED_OR_UNMODIFIED	carga congelada local	SI	Inventario por ruta y metadatos; no inspecciona registros personales.
avance_curricular_2026/00_fuentes_congeladas/CARGA_CONGELADA_20260626_005826/derivados_tsv/PROMEDIOSDEALUMNOS_7804__HOJA_HOJA1.tsv	PROMEDIOSDEALUMNOS_7804__HOJA_HOJA1.tsv	.tsv	8581298	2026-06-26T00:58:36.583049-04:00	TRACKED_OR_UNMODIFIED	carga congelada local	SI	Inventario por ruta y metadatos; no inspecciona registros personales.
avance_curricular_2026/00_fuentes_congeladas/CARGA_CONGELADA_20260626_005826/derivados_tsv/5809_PRECARGA_MATRICULA_AVANCE_CURRICULAR_2026_CONGELADA.tsv	5809_PRECARGA_MATRICULA_AVANCE_CURRICULAR_2026_CONGELADA.tsv	.tsv	254512	2026-06-26T00:58:27.347271-04:00	TRACKED_OR_UNMODIFIED	carga congelada local	SI	Inventario por ruta y metadatos; no inspecciona registros personales.
avance_curricular_2026/00_fuentes_congeladas/CARGA_CONGELADA_20260626_005826/derivados_tsv/5810_PRECARGA_CARRERAS_AVANCE_CURRICULAR_2026_CONGELADA.tsv	5810_PRECARGA_CARRERAS_AVANCE_CURRICULAR_2026_CONGELADA.tsv	.tsv	4558	2026-06-26T00:58:27.297522-04:00	TRACKED_OR_UNMODIFIED	carga congelada local	SI	Inventario por ruta y metadatos; no inspecciona registros personales.
avance_curricular_2026/00_fuentes_congeladas/CARGA_CONGELADA_20260626_005826/derivados_tsv/PROMEDIOSDEALUMNOS_7804__HOJA_DATOSALUMNOS.tsv	PROMEDIOSDEALUMNOS_7804__HOJA_DATOSALUMNOS.tsv	.tsv	10254917	2026-06-26T00:58:37.761236-04:00	TRACKED_OR_UNMODIFIED	carga congelada local	SI	Inventario por ruta y metadatos; no inspecciona registros personales.
avance_curricular_2026/00_fuentes_congeladas/CARGA_CONGELADA_20260626_005826/derivados_tsv/PROMEDIOSDEALUMNOS_7804__HOJA_MATRIZ.tsv	PROMEDIOSDEALUMNOS_7804__HOJA_MATRIZ.tsv	.tsv	21653	2026-06-26T00:58:37.784834-04:00	TRACKED_OR_UNMODIFIED	carga congelada local	SI	Inventario por ruta y metadatos; no inspecciona registros personales.
avance_curricular_2026/03_gobernanza_columnas/_INDICE_COLUMNAS_MATRICULA.tsv	_INDICE_COLUMNAS_MATRICULA.tsv	.tsv	6492	2026-06-26T01:21:26.851937-04:00	??	otro	NO_DETERMINADO	Inventario por ruta y metadatos; no inspecciona registros personales.
avance_curricular_2026/03_gobernanza_columnas/_INDICE_COLUMNAS_CARRERAS.tsv	_INDICE_COLUMNAS_CARRERAS.tsv	.tsv	6835	2026-06-26T01:21:26.851602-04:00	??	otro	NO_DETERMINADO	Inventario por ruta y metadatos; no inspecciona registros personales.
avance_curricular_2026/03_gobernanza_columnas/carreras/02_PLAN_ESTUDIOS.tsv	02_PLAN_ESTUDIOS.tsv	.tsv	2495	2026-06-26T01:21:26.844556-04:00	??	otro	NO_DETERMINADO	Inventario por ruta y metadatos; no inspecciona registros personales.
avance_curricular_2026/03_gobernanza_columnas/carreras/16_UNIDADES_3ER_ANIO.tsv	16_UNIDADES_3ER_ANIO.tsv	.tsv	2379	2026-06-26T01:21:26.846788-04:00	??	otro	NO_DETERMINADO	Inventario por ruta y metadatos; no inspecciona registros personales.
avance_curricular_2026/03_gobernanza_columnas/carreras/06_VERSION.tsv	06_VERSION.tsv	.tsv	2123	2026-06-26T01:21:26.845184-04:00	??	otro	NO_DETERMINADO	Inventario por ruta y metadatos; no inspecciona registros personales.
avance_curricular_2026/03_gobernanza_columnas/carreras/04_NOMBRE_CARRERA.tsv	04_NOMBRE_CARRERA.tsv	.tsv	2144	2026-06-26T01:21:26.844843-04:00	??	otro	NO_DETERMINADO	Inventario por ruta y metadatos; no inspecciona registros personales.
avance_curricular_2026/03_gobernanza_columnas/carreras/05_JORNADA.tsv	05_JORNADA.tsv	.tsv	2228	2026-06-26T01:21:26.845047-04:00	??	otro	NO_DETERMINADO	Inventario por ruta y metadatos; no inspecciona registros personales.
avance_curricular_2026/03_gobernanza_columnas/carreras/14_UNIDADES_1ER_ANIO.tsv	14_UNIDADES_1ER_ANIO.tsv	.tsv	2379	2026-06-26T01:21:26.846431-04:00	??	otro	NO_DETERMINADO	Inventario por ruta y metadatos; no inspecciona registros personales.
avance_curricular_2026/03_gobernanza_columnas/carreras/07_DURACION_ESTUDIOS.tsv	07_DURACION_ESTUDIOS.tsv	.tsv	2194	2026-06-26T01:21:26.845316-04:00	??	otro	NO_DETERMINADO	Inventario por ruta y metadatos; no inspecciona registros personales.
avance_curricular_2026/03_gobernanza_columnas/carreras/21_VIGENCIA.tsv	21_VIGENCIA.tsv	.tsv	2352	2026-06-26T01:21:26.847858-04:00	??	otro	NO_DETERMINADO	Inventario por ruta y metadatos; no inspecciona registros personales.
avance_curricular_2026/03_gobernanza_columnas/carreras/20_UNIDADES_7MO_ANIO.tsv	20_UNIDADES_7MO_ANIO.tsv	.tsv	2381	2026-06-26T01:21:26.847689-04:00	??	otro	NO_DETERMINADO	Inventario por ruta y metadatos; no inspecciona registros personales.
avance_curricular_2026/03_gobernanza_columnas/carreras/09_DURACION_TOTAL.tsv	09_DURACION_TOTAL.tsv	.tsv	2149	2026-06-26T01:21:26.845710-04:00	??	otro	NO_DETERMINADO	Inventario por ruta y metadatos; no inspecciona registros personales.
avance_curricular_2026/03_gobernanza_columnas/carreras/01_CODIGO_UNICO.tsv	01_CODIGO_UNICO.tsv	.tsv	2188	2026-06-26T01:21:26.844290-04:00	??	otro	NO_DETERMINADO	Inventario por ruta y metadatos; no inspecciona registros personales.
avance_curricular_2026/03_gobernanza_columnas/carreras/18_UNIDADES_5TO_ANIO.tsv	18_UNIDADES_5TO_ANIO.tsv	.tsv	2379	2026-06-26T01:21:26.847293-04:00	??	otro	NO_DETERMINADO	Inventario por ruta y metadatos; no inspecciona registros personales.
avance_curricular_2026/03_gobernanza_columnas/carreras/10_NIVEL_CARRERA.tsv	10_NIVEL_CARRERA.tsv	.tsv	2409	2026-06-26T01:21:26.845868-04:00	??	otro	NO_DETERMINADO	Inventario por ruta y metadatos; no inspecciona registros personales.
avance_curricular_2026/03_gobernanza_columnas/carreras/03_NOMBRE_SEDE.tsv	03_NOMBRE_SEDE.tsv	.tsv	2128	2026-06-26T01:21:26.844702-04:00	??	otro	NO_DETERMINADO	Inventario por ruta y metadatos; no inspecciona registros personales.
avance_curricular_2026/03_gobernanza_columnas/carreras/12_OTRA_UNIDAD_MEDIDA.tsv	12_OTRA_UNIDAD_MEDIDA.tsv	.tsv	2458	2026-06-26T01:21:26.846164-04:00	??	otro	NO_DETERMINADO	Inventario por ruta y metadatos; no inspecciona registros personales.
avance_curricular_2026/03_gobernanza_columnas/carreras/19_UNIDADES_6TO_ANIO.tsv	19_UNIDADES_6TO_ANIO.tsv	.tsv	2378	2026-06-26T01:21:26.847449-04:00	??	otro	NO_DETERMINADO	Inventario por ruta y metadatos; no inspecciona registros personales.
avance_curricular_2026/03_gobernanza_columnas/carreras/11_TIPO_UNIDAD_MEDIDA.tsv	11_TIPO_UNIDAD_MEDIDA.tsv	.tsv	2537	2026-06-26T01:21:26.846021-04:00	??	otro	NO_DETERMINADO	Inventario por ruta y metadatos; no inspecciona registros personales.
avance_curricular_2026/03_gobernanza_columnas/carreras/08_DURACION_TITULACION.tsv	08_DURACION_TITULACION.tsv	.tsv	2181	2026-06-26T01:21:26.845556-04:00	??	otro	NO_DETERMINADO	Inventario por ruta y metadatos; no inspecciona registros personales.
avance_curricular_2026/03_gobernanza_columnas/carreras/17_UNIDADES_4TO_ANIO.tsv	17_UNIDADES_4TO_ANIO.tsv	.tsv	2379	2026-06-26T01:21:26.847086-04:00	??	otro	NO_DETERMINADO	Inventario por ruta y metadatos; no inspecciona registros personales.
avance_curricular_2026/03_gobernanza_columnas/carreras/13_TOTAL_UNIDADES_MEDIDA.tsv	13_TOTAL_UNIDADES_MEDIDA.tsv	.tsv	2427	2026-06-26T01:21:26.846297-04:00	??	otro	NO_DETERMINADO	Inventario por ruta y metadatos; no inspecciona registros personales.
avance_curricular_2026/03_gobernanza_columnas/carreras/15_UNIDADES_2DO_ANIO.tsv	15_UNIDADES_2DO_ANIO.tsv	.tsv	2380	2026-06-26T01:21:26.846563-04:00	??	otro	NO_DETERMINADO	Inventario por ruta y metadatos; no inspecciona registros personales.
avance_curricular_2026/03_gobernanza_columnas/matricula/06_NOMBRES.tsv	06_NOMBRES.tsv	.tsv	2168	2026-06-26T01:21:26.848713-04:00	??	otro	NO_DETERMINADO	Inventario por ruta y metadatos; no inspecciona registros personales.
avance_curricular_2026/03_gobernanza_columnas/matricula/12_SEM_INGRESO_CARRERA_ACTUAL.tsv	12_SEM_INGRESO_CARRERA_ACTUAL.tsv	.tsv	2243	2026-06-26T01:21:26.849784-04:00	??	otro	NO_DETERMINADO	Inventario por ruta y metadatos; no inspecciona registros personales.
avance_curricular_2026/03_gobernanza_columnas/matricula/08_FECHA_NACIMIENTO.tsv	08_FECHA_NACIMIENTO.tsv	.tsv	2208	2026-06-26T01:21:26.849125-04:00	??	otro	NO_DETERMINADO	Inventario por ruta y metadatos; no inspecciona registros personales.
avance_curricular_2026/03_gobernanza_columnas/matricula/02_NUM_DOCUMENTO.tsv	02_NUM_DOCUMENTO.tsv	.tsv	2201	2026-06-26T01:21:26.848161-04:00	??	otro	NO_DETERMINADO	Inventario por ruta y metadatos; no inspecciona registros personales.
avance_curricular_2026/03_gobernanza_columnas/matricula/15_CURSO_1ER_SEM.tsv	15_CURSO_1ER_SEM.tsv	.tsv	2356	2026-06-26T01:21:26.850236-04:00	??	otro	NO_DETERMINADO	Inventario por ruta y metadatos; no inspecciona registros personales.
avance_curricular_2026/03_gobernanza_columnas/matricula/17_UNIDADES_CURSADAS.tsv	17_UNIDADES_CURSADAS.tsv	.tsv	2561	2026-06-26T01:21:26.850537-04:00	??	otro	NO_DETERMINADO	Inventario por ruta y metadatos; no inspecciona registros personales.
avance_curricular_2026/03_gobernanza_columnas/matricula/07_SEXO.tsv	07_SEXO.tsv	.tsv	2226	2026-06-26T01:21:26.848902-04:00	??	otro	NO_DETERMINADO	Inventario por ruta y metadatos; no inspecciona registros personales.
avance_curricular_2026/03_gobernanza_columnas/matricula/20_UNID_APROBADAS_TOTAL.tsv	20_UNID_APROBADAS_TOTAL.tsv	.tsv	2544	2026-06-26T01:21:26.851026-04:00	??	otro	NO_DETERMINADO	Inventario por ruta y metadatos; no inspecciona registros personales.
avance_curricular_2026/03_gobernanza_columnas/matricula/21_VIGENCIA.tsv	21_VIGENCIA.tsv	.tsv	2352	2026-06-26T01:21:26.851182-04:00	??	otro	NO_DETERMINADO	Inventario por ruta y metadatos; no inspecciona registros personales.
avance_curricular_2026/03_gobernanza_columnas/matricula/03_DV.tsv	03_DV.tsv	.tsv	2177	2026-06-26T01:21:26.848299-04:00	??	otro	NO_DETERMINADO	Inventario por ruta y metadatos; no inspecciona registros personales.
avance_curricular_2026/03_gobernanza_columnas/matricula/09_CODIGO_UNICO.tsv	09_CODIGO_UNICO.tsv	.tsv	2214	2026-06-26T01:21:26.849274-04:00	??	otro	NO_DETERMINADO	Inventario por ruta y metadatos; no inspecciona registros personales.
avance_curricular_2026/03_gobernanza_columnas/matricula/16_CURSO_2DO_SEM.tsv	16_CURSO_2DO_SEM.tsv	.tsv	2358	2026-06-26T01:21:26.850393-04:00	??	otro	NO_DETERMINADO	Inventario por ruta y metadatos; no inspecciona registros personales.
avance_curricular_2026/03_gobernanza_columnas/matricula/13_ANIO_INGRESO_CARRERA_ORIGEN.tsv	13_ANIO_INGRESO_CARRERA_ORIGEN.tsv	.tsv	2300	2026-06-26T01:21:26.849941-04:00	??	otro	NO_DETERMINADO	Inventario por ruta y metadatos; no inspecciona registros personales.
avance_curricular_2026/03_gobernanza_columnas/matricula/10_PLAN_ESTUDIOS.tsv	10_PLAN_ESTUDIOS.tsv	.tsv	2472	2026-06-26T01:21:26.849429-04:00	??	otro	NO_DETERMINADO	Inventario por ruta y metadatos; no inspecciona registros personales.
avance_curricular_2026/03_gobernanza_columnas/matricula/19_UNID_CURSADAS_TOTAL.tsv	19_UNID_CURSADAS_TOTAL.tsv	.tsv	2541	2026-06-26T01:21:26.850865-04:00	??	otro	NO_DETERMINADO	Inventario por ruta y metadatos; no inspecciona registros personales.
avance_curricular_2026/03_gobernanza_columnas/matricula/05_SEGUNDO_APELLIDO.tsv	05_SEGUNDO_APELLIDO.tsv	.tsv	2212	2026-06-26T01:21:26.848561-04:00	??	otro	NO_DETERMINADO	Inventario por ruta y metadatos; no inspecciona registros personales.
avance_curricular_2026/03_gobernanza_columnas/matricula/04_PRIMER_APELLIDO.tsv	04_PRIMER_APELLIDO.tsv	.tsv	2199	2026-06-26T01:21:26.848430-04:00	??	otro	NO_DETERMINADO	Inventario por ruta y metadatos; no inspecciona registros personales.
avance_curricular_2026/03_gobernanza_columnas/matricula/18_UNIDADES_APROBADAS.tsv	18_UNIDADES_APROBADAS.tsv	.tsv	2564	2026-06-26T01:21:26.850689-04:00	??	otro	NO_DETERMINADO	Inventario por ruta y metadatos; no inspecciona registros personales.
avance_curricular_2026/03_gobernanza_columnas/matricula/01_TIPO_DOCUMENTO.tsv	01_TIPO_DOCUMENTO.tsv	.tsv	2224	2026-06-26T01:21:26.848019-04:00	??	otro	NO_DETERMINADO	Inventario por ruta y metadatos; no inspecciona registros personales.
avance_curricular_2026/03_gobernanza_columnas/matricula/14_SEM_INGRESO_CARRERA_ORIGEN.tsv	14_SEM_INGRESO_CARRERA_ORIGEN.tsv	.tsv	2263	2026-06-26T01:21:26.850099-04:00	??	otro	NO_DETERMINADO	Inventario por ruta y metadatos; no inspecciona registros personales.
avance_curricular_2026/03_gobernanza_columnas/matricula/11_ANIO_INGRESO_CARRERA_ACTUAL.tsv	11_ANIO_INGRESO_CARRERA_ACTUAL.tsv	.tsv	2278	2026-06-26T01:21:26.849611-04:00	??	otro	NO_DETERMINADO	Inventario por ruta y metadatos; no inspecciona registros personales.
avance_curricular_2026/04_configuracion/CATALOGO_VALIDACIONES_CRUZADAS.tsv	CATALOGO_VALIDACIONES_CRUZADAS.tsv	.tsv	3674	2026-06-26T01:21:26.852864-04:00	??	otro	NO_DETERMINADO	Inventario por ruta y metadatos; no inspecciona registros personales.
avance_curricular_2026/04_configuracion/CATALOGO_VALIDACIONES_MATRICULA.tsv	CATALOGO_VALIDACIONES_MATRICULA.tsv	.tsv	5039	2026-06-26T01:21:26.852660-04:00	??	otro	NO_DETERMINADO	Inventario por ruta y metadatos; no inspecciona registros personales.
avance_curricular_2026/04_configuracion/CATALOGO_VALIDACIONES_CARRERAS.tsv	CATALOGO_VALIDACIONES_CARRERAS.tsv	.tsv	3975	2026-06-26T01:21:26.852288-04:00	??	otro	NO_DETERMINADO	Inventario por ruta y metadatos; no inspecciona registros personales.
avance_curricular_2026/04_configuracion/RELACIONES_COLUMNAS.tsv	RELACIONES_COLUMNAS.tsv	.tsv	2510	2026-06-26T01:21:26.853048-04:00	??	otro	NO_DETERMINADO	Inventario por ruta y metadatos; no inspecciona registros personales.
data/gobernanza_for_ing_act.tsv	gobernanza_for_ing_act.tsv	.tsv	52	2026-04-09T13:19:26.449397-04:00	TRACKED_OR_UNMODIFIED	otro	SI	Inventario por ruta y metadatos; no inspecciona registros personales.
data/gobernanza_sede.tsv	gobernanza_sede.tsv	.tsv	45	2026-04-09T13:19:26.450945-04:00	TRACKED_OR_UNMODIFIED	otro	SI	Inventario por ruta y metadatos; no inspecciona registros personales.
data/fallback_report.tsv	fallback_report.tsv	.tsv	45	2026-04-09T13:41:41.892639-04:00	TRACKED_OR_UNMODIFIED	otro	SI	Inventario por ruta y metadatos; no inspecciona registros personales.
data/DURACION_ESTUDIOS.tsv	DURACION_ESTUDIOS.tsv	.tsv	47	2026-04-09T13:19:26.449343-04:00	TRACKED_OR_UNMODIFIED	otro	SI	Inventario por ruta y metadatos; no inspecciona registros personales.
data/cruces_proyecto.tsv	cruces_proyecto.tsv	.tsv	45	2026-04-09T13:41:41.887525-04:00	TRACKED_OR_UNMODIFIED	otro	SI	Inventario por ruta y metadatos; no inspecciona registros personales.
data/gobernanza_pais_est_sec.tsv	gobernanza_pais_est_sec.tsv	.tsv	53	2026-04-09T13:19:26.450937-04:00	TRACKED_OR_UNMODIFIED	otro	SI	Inventario por ruta y metadatos; no inspecciona registros personales.
data/salida_validacion.txt	salida_validacion.txt	.txt	47	2026-04-09T13:19:26.450954-04:00	TRACKED_OR_UNMODIFIED	otro	NO_DETERMINADO	Inventario por ruta y metadatos; no inspecciona registros personales.
data/REGLAS_MU2026.tsv	REGLAS_MU2026.tsv	.tsv	43	2026-04-09T13:41:41.887191-04:00	TRACKED_OR_UNMODIFIED	otro	SI	Inventario por ruta y metadatos; no inspecciona registros personales.
data/gobernanza_niveles.tsv	gobernanza_niveles.tsv	.tsv	48	2026-04-09T13:19:26.450922-04:00	TRACKED_OR_UNMODIFIED	otro	SI	Inventario por ruta y metadatos; no inspecciona registros personales.
data/salida_validacion_v2.txt	salida_validacion_v2.txt	.txt	62	2026-04-09T13:19:26.450973-04:00	TRACKED_OR_UNMODIFIED	otro	NO_DETERMINADO	Inventario por ruta y metadatos; no inspecciona registros personales.
data/gobernanza_nac.tsv	gobernanza_nac.tsv	.tsv	44	2026-04-09T13:19:26.450113-04:00	TRACKED_OR_UNMODIFIED	otro	SI	Inventario por ruta y metadatos; no inspecciona registros personales.
data/gobernanza_escala_notas.tsv	gobernanza_escala_notas.tsv	.tsv	53	2026-04-09T13:19:26.449364-04:00	TRACKED_OR_UNMODIFIED	otro	SI	Inventario por ruta y metadatos; no inspecciona registros personales.
data/resultados/README.md	README.md	.md	46	2026-04-09T13:19:26.450989-04:00	TRACKED_OR_UNMODIFIED	otro	NO_DETERMINADO	Inventario por ruta y metadatos; no inspecciona registros personales.
data/resultados/salida_validacion_v2.txt	salida_validacion_v2.txt	.txt	48	2026-04-09T13:19:26.409203-04:00	TRACKED_OR_UNMODIFIED	otro	NO_DETERMINADO	Inventario por ruta y metadatos; no inspecciona registros personales.
data/catalogos/exclusiones_beneficios_estudiantes_con_mas_de_una_carrera_activa.tsv	exclusiones_beneficios_estudiantes_con_mas_de_una_carrera_activa.tsv	.tsv	104	2026-04-09T13:41:41.887059-04:00	TRACKED_OR_UNMODIFIED	otro	SI	Inventario por ruta y metadatos; no inspecciona registros personales.
data/catalogos/README.md	README.md	.md	45	2026-04-09T13:19:26.450965-04:00	TRACKED_OR_UNMODIFIED	otro	NO_DETERMINADO	Inventario por ruta y metadatos; no inspecciona registros personales.
data/catalogos/exclusiones_beneficios_estudiantes_con_mas_de_una_carrera_activa.json	exclusiones_beneficios_estudiantes_con_mas_de_una_carrera_activa.json	.json	105	2026-04-09T13:19:26.427514-04:00	TRACKED_OR_UNMODIFIED	otro	NO_DETERMINADO	Inventario por ruta y metadatos; no inspecciona registros personales.
data/auditoria_codigo_unico_codcarpr/README.md	README.md	.md	67	2026-04-09T13:19:26.451009-04:00	TRACKED_OR_UNMODIFIED	otro	NO_DETERMINADO	Inventario por ruta y metadatos; no inspecciona registros personales.
data/auditoria_codigo_unico_codcarpr/01_resumen_codigo_unico_codcarpr.tsv	01_resumen_codigo_unico_codcarpr.tsv	.tsv	94	2026-04-09T13:41:41.887062-04:00	TRACKED_OR_UNMODIFIED	otro	SI	Inventario por ruta y metadatos; no inspecciona registros personales.
data/auditoria_codigo_unico_codcarpr/02_detalle_codigo_unico_codcarpr.tsv	02_detalle_codigo_unico_codcarpr.tsv	.tsv	94	2026-04-09T13:41:41.887203-04:00	TRACKED_OR_UNMODIFIED	otro	SI	Inventario por ruta y metadatos; no inspecciona registros personales.
data/control/campos_ing_golden_cases.json	campos_ing_golden_cases.json	.json	62	2026-04-09T13:19:26.444285-04:00	TRACKED_OR_UNMODIFIED	otro	NO_DETERMINADO	Inventario por ruta y metadatos; no inspecciona registros personales.
data/control/baseline_mu_2026.json	baseline_mu_2026.json	.json	55	2026-04-09T13:19:26.444284-04:00	TRACKED_OR_UNMODIFIED	otro	NO_DETERMINADO	Inventario por ruta y metadatos; no inspecciona registros personales.
data/control/README.md	README.md	.md	43	2026-04-09T13:19:26.450980-04:00	TRACKED_OR_UNMODIFIED	otro	NO_DETERMINADO	Inventario por ruta y metadatos; no inspecciona registros personales.
backups/pre_auditoria_logica_versiones_sies_mu_20260625_143054/INVENTARIO_LOGICA_SELECCION_VERSION_SIES_MU.csv	INVENTARIO_LOGICA_SELECCION_VERSION_SIES_MU.csv	.csv	144707	2026-06-25T14:30:41.109383-04:00	TRACKED_OR_UNMODIFIED	otro	NO_DETERMINADO	Inventario por ruta y metadatos; no inspecciona registros personales.
backups/pre_auditoria_logica_versiones_sies_mu_20260625_143054/RECONSTRUCCION_DECISIONES_VERSION_SIES_MU.csv	RECONSTRUCCION_DECISIONES_VERSION_SIES_MU.csv	.csv	3377194	2026-06-25T14:30:41.850054-04:00	TRACKED_OR_UNMODIFIED	otro	NO_DETERMINADO	Inventario por ruta y metadatos; no inspecciona registros personales.
backups/pre_auditoria_logica_versiones_sies_mu_20260625_143054/LOGICA_CODIGO_SIES_EXTRAIDA_DE_SCRIPTS_MU 2.md	LOGICA_CODIGO_SIES_EXTRAIDA_DE_SCRIPTS_MU 2.md	.md	6520	2026-06-25T14:30:41-04:00	TRACKED_OR_UNMODIFIED	otro	NO_DETERMINADO	Inventario por ruta y metadatos; no inspecciona registros personales.
backups/pre_auditoria_logica_versiones_sies_mu_20260625_143054/PRUEBA_HIPOTESIS_LOGICA_VERSION_SIES_MU.csv	PRUEBA_HIPOTESIS_LOGICA_VERSION_SIES_MU.csv	.csv	8807	2026-06-25T14:30:41.959142-04:00	TRACKED_OR_UNMODIFIED	otro	NO_DETERMINADO	Inventario por ruta y metadatos; no inspecciona registros personales.
backups/pre_auditoria_logica_versiones_sies_mu_20260625_143054/VALIDACION_REPRODUCCION_LOGICA_SIES_MU.csv	VALIDACION_REPRODUCCION_LOGICA_SIES_MU.csv	.csv	1418567	2026-06-25T14:30:42.199062-04:00	TRACKED_OR_UNMODIFIED	otro	NO_DETERMINADO	Inventario por ruta y metadatos; no inspecciona registros personales.
backups/pre_auditoria_transversal_gobernanza_sies_mu2026_20260625_175606/auditar_caso_netmre016_mu2026 2.py	auditar_caso_netmre016_mu2026 2.py	.py	31679	2026-06-25T17:30:10-04:00	TRACKED_OR_UNMODIFIED	otro	NO_DETERMINADO	Inventario por ruta y metadatos; no inspecciona registros personales.
backups/pre_auditoria_transversal_gobernanza_sies_mu2026_20260625_175606/MANIFIESTO_FUENTES_AUDITORIA_TRANSVERSAL_SIES_MU2026 2.json	MANIFIESTO_FUENTES_AUDITORIA_TRANSVERSAL_SIES_MU2026 2.json	.json	11477	2026-06-25T17:55:49-04:00	TRACKED_OR_UNMODIFIED	otro	NO_DETERMINADO	Inventario por ruta y metadatos; no inspecciona registros personales.
backups/pre_auditoria_transversal_gobernanza_sies_mu2026_20260625_175606/auditar_combinaciones_sies_mu2026 2.py	auditar_combinaciones_sies_mu2026 2.py	.py	31429	2026-06-25T17:19:25-04:00	TRACKED_OR_UNMODIFIED	otro	NO_DETERMINADO	Inventario por ruta y metadatos; no inspecciona registros personales.
backups/pre_auditoria_combinaciones_sies_mu2026_20260625_171929/INCONSISTENCIAS_CODIGO_SIES_POR_COMBINACION_MU2026.csv	INCONSISTENCIAS_CODIGO_SIES_POR_COMBINACION_MU2026.csv	.csv	1011	2026-06-25T17:17:50.503825-04:00	TRACKED_OR_UNMODIFIED	otro	NO_DETERMINADO	Inventario por ruta y metadatos; no inspecciona registros personales.
backups/pre_auditoria_combinaciones_sies_mu2026_20260625_171929/UNIVERSO_CARRERAS_CODIGOS_SIES_MU2026.csv	UNIVERSO_CARRERAS_CODIGOS_SIES_MU2026.csv	.csv	309	2026-06-25T17:17:50.500255-04:00	TRACKED_OR_UNMODIFIED	otro	NO_DETERMINADO	Inventario por ruta y metadatos; no inspecciona registros personales.
backups/pre_auditoria_combinaciones_sies_mu2026_20260625_171929/REVISION_CARRERAS_CODIGOS_SIES_MU2026.xlsx	REVISION_CARRERAS_CODIGOS_SIES_MU2026.xlsx	.xlsx	89341	2026-06-25T17:17:50.751758-04:00	TRACKED_OR_UNMODIFIED	otro	NO_DETERMINADO	Inventario por ruta y metadatos; no inspecciona registros personales.
backups/pre_auditoria_combinaciones_sies_mu2026_20260625_171929/RESUMEN_CARRERAS_RESOLUCION_SIES_MU2026.csv	RESUMEN_CARRERAS_RESOLUCION_SIES_MU2026.csv	.csv	3896	2026-06-25T17:17:50.527289-04:00	TRACKED_OR_UNMODIFIED	otro	NO_DETERMINADO	Inventario por ruta y metadatos; no inspecciona registros personales.
backups/pre_auditoria_combinaciones_sies_mu2026_20260625_171929/MATRIZ_COMBINACIONES_ACADEMICAS_SIES_MU2026.csv	MATRIZ_COMBINACIONES_ACADEMICAS_SIES_MU2026.csv	.csv	107975	2026-06-25T17:17:50.463575-04:00	TRACKED_OR_UNMODIFIED	otro	NO_DETERMINADO	Inventario por ruta y metadatos; no inspecciona registros personales.
backups/pre_auditoria_combinaciones_sies_mu2026_20260625_171929/IMPACTO_INCONSISTENCIAS_SIES_MU2026.csv	IMPACTO_INCONSISTENCIAS_SIES_MU2026.csv	.csv	905	2026-06-25T17:17:50.505395-04:00	TRACKED_OR_UNMODIFIED	otro	NO_DETERMINADO	Inventario por ruta y metadatos; no inspecciona registros personales.
backups/pre_auditoria_logica_versiones_sies_mu_20260625_143228/INVENTARIO_LOGICA_SELECCION_VERSION_SIES_MU.csv	INVENTARIO_LOGICA_SELECCION_VERSION_SIES_MU.csv	.csv	144707	2026-06-25T14:31:35.943400-04:00	TRACKED_OR_UNMODIFIED	otro	NO_DETERMINADO	Inventario por ruta y metadatos; no inspecciona registros personales.
backups/pre_auditoria_logica_versiones_sies_mu_20260625_143228/REVISION_LOGICA_VERSIONES_SIES_MU.xlsx	REVISION_LOGICA_VERSIONES_SIES_MU.xlsx	.xlsx	1431792	2026-06-25T14:31:45.436177-04:00	TRACKED_OR_UNMODIFIED	otro	NO_DETERMINADO	Inventario por ruta y metadatos; no inspecciona registros personales.
backups/pre_auditoria_logica_versiones_sies_mu_20260625_143228/RECONSTRUCCION_DECISIONES_VERSION_SIES_MU.csv	RECONSTRUCCION_DECISIONES_VERSION_SIES_MU.csv	.csv	3377194	2026-06-25T14:31:36.681110-04:00	TRACKED_OR_UNMODIFIED	otro	NO_DETERMINADO	Inventario por ruta y metadatos; no inspecciona registros personales.
backups/pre_auditoria_logica_versiones_sies_mu_20260625_143228/PRUEBA_HIPOTESIS_LOGICA_VERSION_SIES_MU.csv	PRUEBA_HIPOTESIS_LOGICA_VERSION_SIES_MU.csv	.csv	8807	2026-06-25T14:31:36.780716-04:00	TRACKED_OR_UNMODIFIED	otro	NO_DETERMINADO	Inventario por ruta y metadatos; no inspecciona registros personales.
backups/pre_auditoria_logica_versiones_sies_mu_20260625_143228/VALIDACION_REPRODUCCION_LOGICA_SIES_MU.csv	VALIDACION_REPRODUCCION_LOGICA_SIES_MU.csv	.csv	1418567	2026-06-25T14:31:36.992978-04:00	TRACKED_OR_UNMODIFIED	otro	NO_DETERMINADO	Inventario por ruta y metadatos; no inspecciona registros personales.
backups/pre_integracion_mu_extranjeros_sies_20260625_181842/extranjeros_v6/columnas_extranjeros_2025_v6 2.tgz	columnas_extranjeros_2025_v6 2.tgz	.tgz	19136	2026-06-25T18:18:42-04:00	TRACKED_OR_UNMODIFIED	otro	NO_DETERMINADO	Inventario por ruta y metadatos; no inspecciona registros personales.
backups/pre_integracion_mu_extranjeros_sies_20260625_181842/extranjeros_v6/MATRIZ_GOBERNANZA_EXTRANJEROS_2025_V6.csv	MATRIZ_GOBERNANZA_EXTRANJEROS_2025_V6.csv	.csv	150555	2026-06-25T14:12:13.494648-04:00	TRACKED_OR_UNMODIFIED	otro	NO_DETERMINADO	Inventario por ruta y metadatos; no inspecciona registros personales.
backups/pre_integracion_mu_extranjeros_sies_20260625_181842/scripts/codigo_gobernanza_v2 2.py	codigo_gobernanza_v2 2.py	.py	337226	2026-06-04T14:50:23-04:00	TRACKED_OR_UNMODIFIED	otro	NO_DETERMINADO	Inventario por ruta y metadatos; no inspecciona registros personales.
backups/pre_auditoria_transversal_gobernanza_sies_mu2026_20260625_175504/auditar_caso_netmre016_mu2026 2.py	auditar_caso_netmre016_mu2026 2.py	.py	31679	2026-06-25T17:30:10-04:00	TRACKED_OR_UNMODIFIED	otro	NO_DETERMINADO	Inventario por ruta y metadatos; no inspecciona registros personales.
backups/pre_auditoria_transversal_gobernanza_sies_mu2026_20260625_175504/auditar_combinaciones_sies_mu2026 2.py	auditar_combinaciones_sies_mu2026 2.py	.py	31429	2026-06-25T17:19:25-04:00	TRACKED_OR_UNMODIFIED	otro	NO_DETERMINADO	Inventario por ruta y metadatos; no inspecciona registros personales.
backups/pre_auditoria_transversal_gobernanza_sies_mu2026_20260625_175930/IMPACTO_TRANSVERSAL_INCONSISTENCIAS_SIES_MU2026.csv	IMPACTO_TRANSVERSAL_INCONSISTENCIAS_SIES_MU2026.csv	.csv	24724	2026-06-25T17:57:58.174629-04:00	TRACKED_OR_UNMODIFIED	otro	NO_DETERMINADO	Inventario por ruta y metadatos; no inspecciona registros personales.
backups/pre_auditoria_transversal_gobernanza_sies_mu2026_20260625_175930/MATRIZ_TRANSVERSAL_GOBERNANZA_VS_CARGA_SIES_MU2026.csv	MATRIZ_TRANSVERSAL_GOBERNANZA_VS_CARGA_SIES_MU2026.csv	.csv	1889823	2026-06-25T17:57:58.169698-04:00	TRACKED_OR_UNMODIFIED	otro	NO_DETERMINADO	Inventario por ruta y metadatos; no inspecciona registros personales.
backups/pre_auditoria_transversal_gobernanza_sies_mu2026_20260625_175930/TRAZABILIDAD_ASIGNACION_VERSION_MU2026.csv	TRAZABILIDAD_ASIGNACION_VERSION_MU2026.csv	.csv	922	2026-06-25T17:57:58.171516-04:00	TRACKED_OR_UNMODIFIED	otro	NO_DETERMINADO	Inventario por ruta y metadatos; no inspecciona registros personales.
backups/pre_auditoria_transversal_gobernanza_sies_mu2026_20260625_175930/DIFERENCIAS_STAGING_VS_CSV_FINAL_MU2026.csv	DIFERENCIAS_STAGING_VS_CSV_FINAL_MU2026.csv	.csv	4	2026-06-25T17:57:58.170704-04:00	TRACKED_OR_UNMODIFIED	otro	NO_DETERMINADO	Inventario por ruta y metadatos; no inspecciona registros personales.
backups/pre_auditoria_transversal_gobernanza_sies_mu2026_20260625_175930/MANIFIESTO_FUENTES_AUDITORIA_TRANSVERSAL_SIES_MU2026 2.json	MANIFIESTO_FUENTES_AUDITORIA_TRANSVERSAL_SIES_MU2026 2.json	.json	11477	2026-06-25T17:57:57-04:00	TRACKED_OR_UNMODIFIED	otro	NO_DETERMINADO	Inventario por ruta y metadatos; no inspecciona registros personales.
backups/pre_auditoria_transversal_gobernanza_sies_mu2026_20260625_175930/VALIDACION_COHERENCIA_SIES_4115_MU2026.csv	VALIDACION_COHERENCIA_SIES_4115_MU2026.csv	.csv	1152	2026-06-25T17:57:58.173253-04:00	TRACKED_OR_UNMODIFIED	otro	NO_DETERMINADO	Inventario por ruta y metadatos; no inspecciona registros personales.
backups/pre_auditoria_transversal_gobernanza_sies_mu2026_20260625_175930/PATRONES_INCONSISTENCIAS_VERSION_MU2026.csv	PATRONES_INCONSISTENCIAS_VERSION_MU2026.csv	.csv	2069	2026-06-25T17:57:58.173641-04:00	TRACKED_OR_UNMODIFIED	otro	NO_DETERMINADO	Inventario por ruta y metadatos; no inspecciona registros personales.
backups/pre_auditoria_transversal_gobernanza_sies_mu2026_20260625_175930/REVISION_TRANSVERSAL_GOBERNANZA_VS_CARGA_MU2026.xlsx	REVISION_TRANSVERSAL_GOBERNANZA_VS_CARGA_MU2026.xlsx	.xlsx	1755729	2026-06-25T17:58:08.080099-04:00	TRACKED_OR_UNMODIFIED	otro	NO_DETERMINADO	Inventario por ruta y metadatos; no inspecciona registros personales.
backups/pre_auditoria_transversal_gobernanza_sies_mu2026_20260625_175930/REPORTE_AUDITORIA_TRANSVERSAL_GOBERNANZA_SIES_MU2026 2.md	REPORTE_AUDITORIA_TRANSVERSAL_GOBERNANZA_SIES_MU2026 2.md	.md	2412	2026-06-25T17:58:08-04:00	TRACKED_OR_UNMODIFIED	otro	NO_DETERMINADO	Inventario por ruta y metadatos; no inspecciona registros personales.
backups/pre_auditoria_74_ajustes_sede_mu2026_20260625_180707/REVISION_74_AJUSTES_SEDE_MU2026.xlsx	REVISION_74_AJUSTES_SEDE_MU2026.xlsx	.xlsx	255739	2026-06-25T18:06:51.117532-04:00	TRACKED_OR_UNMODIFIED	otro	NO_DETERMINADO	Inventario por ruta y metadatos; no inspecciona registros personales.
backups/pre_auditoria_74_ajustes_sede_mu2026_20260625_180707/REPORTE_AUDITORIA_74_AJUSTES_SEDE_MU2026 2.md	REPORTE_AUDITORIA_74_AJUSTES_SEDE_MU2026 2.md	.md	1817	2026-06-25T18:06:51-04:00	TRACKED_OR_UNMODIFIED	otro	NO_DETERMINADO	Inventario por ruta y metadatos; no inspecciona registros personales.
backups/pre_auditoria_combinaciones_sies_mu2026_20260625_171701/INCONSISTENCIAS_CODIGO_SIES_POR_COMBINACION_MU2026.csv	INCONSISTENCIAS_CODIGO_SIES_POR_COMBINACION_MU2026.csv	.csv	883	2026-06-25T17:16:28.641824-04:00	TRACKED_OR_UNMODIFIED	otro	NO_DETERMINADO	Inventario por ruta y metadatos; no inspecciona registros personales.
backups/pre_auditoria_combinaciones_sies_mu2026_20260625_171701/UNIVERSO_CARRERAS_CODIGOS_SIES_MU2026.csv	UNIVERSO_CARRERAS_CODIGOS_SIES_MU2026.csv	.csv	309	2026-06-25T17:16:28.638127-04:00	TRACKED_OR_UNMODIFIED	otro	NO_DETERMINADO	Inventario por ruta y metadatos; no inspecciona registros personales.
backups/pre_auditoria_combinaciones_sies_mu2026_20260625_171701/REVISION_CARRERAS_CODIGOS_SIES_MU2026.xlsx	REVISION_CARRERAS_CODIGOS_SIES_MU2026.xlsx	.xlsx	88417	2026-06-25T17:16:28.883856-04:00	TRACKED_OR_UNMODIFIED	otro	NO_DETERMINADO	Inventario por ruta y metadatos; no inspecciona registros personales.
backups/pre_auditoria_combinaciones_sies_mu2026_20260625_171701/RESUMEN_CARRERAS_RESOLUCION_SIES_MU2026.csv	RESUMEN_CARRERAS_RESOLUCION_SIES_MU2026.csv	.csv	3896	2026-06-25T17:16:28.663796-04:00	TRACKED_OR_UNMODIFIED	otro	NO_DETERMINADO	Inventario por ruta y metadatos; no inspecciona registros personales.
backups/pre_auditoria_combinaciones_sies_mu2026_20260625_171701/MATRIZ_COMBINACIONES_ACADEMICAS_SIES_MU2026.csv	MATRIZ_COMBINACIONES_ACADEMICAS_SIES_MU2026.csv	.csv	107847	2026-06-25T17:16:28.602348-04:00	TRACKED_OR_UNMODIFIED	otro	NO_DETERMINADO	Inventario por ruta y metadatos; no inspecciona registros personales.
backups/pre_auditoria_combinaciones_sies_mu2026_20260625_171701/IMPACTO_INCONSISTENCIAS_SIES_MU2026.csv	IMPACTO_INCONSISTENCIAS_SIES_MU2026.csv	.csv	741	2026-06-25T17:16:28.642696-04:00	TRACKED_OR_UNMODIFIED	otro	NO_DETERMINADO	Inventario por ruta y metadatos; no inspecciona registros personales.
backups/pre_auditoria_caso_netmre016_mu2026_20260625_173014/IDENTIFICACION_ARCHIVO_REAL_CARGA_MU2026.csv	IDENTIFICACION_ARCHIVO_REAL_CARGA_MU2026.csv	.csv	2048	2026-06-25T17:28:51.639243-04:00	TRACKED_OR_UNMODIFIED	otro	NO_DETERMINADO	Inventario por ruta y metadatos; no inspecciona registros personales.
backups/pre_auditoria_caso_netmre016_mu2026_20260625_173014/FILA_REAL_CARGADA_20171NETMRE016.csv	FILA_REAL_CARGADA_20171NETMRE016.csv	.csv	823	2026-06-25T17:28:51.653346-04:00	TRACKED_OR_UNMODIFIED	otro	NO_DETERMINADO	Inventario por ruta y metadatos; no inspecciona registros personales.
backups/pre_auditoria_caso_netmre016_mu2026_20260625_173014/ESTADO_POST_CARGA_20171NETMRE016.csv	ESTADO_POST_CARGA_20171NETMRE016.csv	.csv	1881	2026-06-25T17:28:51.692733-04:00	TRACKED_OR_UNMODIFIED	otro	NO_DETERMINADO	Inventario por ruta y metadatos; no inspecciona registros personales.
backups/pre_auditoria_caso_netmre016_mu2026_20260625_173014/IMPACTO_FINAL_20171NETMRE016.csv	IMPACTO_FINAL_20171NETMRE016.csv	.csv	599	2026-06-25T17:28:51.693897-04:00	TRACKED_OR_UNMODIFIED	otro	NO_DETERMINADO	Inventario por ruta y metadatos; no inspecciona registros personales.
backups/pre_auditoria_caso_netmre016_mu2026_20260625_173014/COMPARACION_V1_V2_NETMRE.csv	COMPARACION_V1_V2_NETMRE.csv	.csv	888	2026-06-25T17:28:51.656788-04:00	TRACKED_OR_UNMODIFIED	otro	NO_DETERMINADO	Inventario por ruta y metadatos; no inspecciona registros personales.
backups/pre_auditoria_caso_netmre016_mu2026_20260625_173014/REVISION_CASO_NETMRE016_MU2026.xlsx	REVISION_CASO_NETMRE016_MU2026.xlsx	.xlsx	33709	2026-06-25T17:28:51.814055-04:00	TRACKED_OR_UNMODIFIED	otro	NO_DETERMINADO	Inventario por ruta y metadatos; no inspecciona registros personales.
backups/pre_auditoria_caso_netmre016_mu2026_20260625_173014/PLAN_NETMRE20121_Y_HOMOLOGOS.csv	PLAN_NETMRE20121_Y_HOMOLOGOS.csv	.csv	373	2026-06-25T17:28:51.689548-04:00	TRACKED_OR_UNMODIFIED	otro	NO_DETERMINADO	Inventario por ruta y metadatos; no inspecciona registros personales.
backups/pre_auditoria_caso_netmre016_mu2026_20260625_173014/INVENTARIO_APARICIONES_20171NETMRE016.csv	INVENTARIO_APARICIONES_20171NETMRE016.csv	.csv	59313	2026-06-25T17:28:50.079167-04:00	TRACKED_OR_UNMODIFIED	otro	NO_DETERMINADO	Inventario por ruta y metadatos; no inspecciona registros personales.
backups/pre_auditoria_transversal_gobernanza_sies_mu2026_20260625_175712/auditar_caso_netmre016_mu2026 2.py	auditar_caso_netmre016_mu2026 2.py	.py	31679	2026-06-25T17:30:10-04:00	TRACKED_OR_UNMODIFIED	otro	NO_DETERMINADO	Inventario por ruta y metadatos; no inspecciona registros personales.
backups/pre_auditoria_transversal_gobernanza_sies_mu2026_20260625_175712/MANIFIESTO_FUENTES_AUDITORIA_TRANSVERSAL_SIES_MU2026 2.json	MANIFIESTO_FUENTES_AUDITORIA_TRANSVERSAL_SIES_MU2026 2.json	.json	11477	2026-06-25T17:56:58-04:00	TRACKED_OR_UNMODIFIED	otro	NO_DETERMINADO	Inventario por ruta y metadatos; no inspecciona registros personales.
backups/pre_auditoria_transversal_gobernanza_sies_mu2026_20260625_175712/auditar_combinaciones_sies_mu2026 2.py	auditar_combinaciones_sies_mu2026 2.py	.py	31429	2026-06-25T17:19:25-04:00	TRACKED_OR_UNMODIFIED	otro	NO_DETERMINADO	Inventario por ruta y metadatos; no inspecciona registros personales.
control/config_for_ing_act 2.json	config_for_ing_act 2.json	.json	5344	2026-06-26T00:47:07.956746-04:00	TRACKED_OR_UNMODIFIED	control, auditoría o gobernanza	NO_DETERMINADO	Inventario por ruta y metadatos; no inspecciona registros personales.
control/campos_ing_golden_cases.json	campos_ing_golden_cases.json	.json	2414	2026-04-09T09:07:14.488853-04:00	TRACKED_OR_UNMODIFIED	control, auditoría o gobernanza	NO_DETERMINADO	Inventario por ruta y metadatos; no inspecciona registros personales.
control/vig_fecha_golden_cases.json	vig_fecha_golden_cases.json	.json	1213	2026-04-09T09:07:14.528188-04:00	TRACKED_OR_UNMODIFIED	control, auditoría o gobernanza	NO_DETERMINADO	Inventario por ruta y metadatos; no inspecciona registros personales.
control/codcarpr_long.tsv	codcarpr_long.tsv	.tsv	27180	2026-04-08T11:46:03.054567-04:00	TRACKED_OR_UNMODIFIED	control, auditoría o gobernanza	NO_DETERMINADO	Inventario por ruta y metadatos; no inspecciona registros personales.
control/for_ing_act_golden_cases 2.json	for_ing_act_golden_cases 2.json	.json	5325	2026-06-26T00:47:07.959701-04:00	TRACKED_OR_UNMODIFIED	control, auditoría o gobernanza	NO_DETERMINADO	Inventario por ruta y metadatos; no inspecciona registros personales.
control/baseline_mu_2026.json	baseline_mu_2026.json	.json	1987	2026-04-03T22:50:00.302280-03:00	TRACKED_OR_UNMODIFIED	control, auditoría o gobernanza	NO_DETERMINADO	Inventario por ruta y metadatos; no inspecciona registros personales.
control/campos_ing_rules.tsv	campos_ing_rules.tsv	.tsv	2523	2026-04-08T08:06:29.065636-04:00	TRACKED_OR_UNMODIFIED	control, auditoría o gobernanza	NO_DETERMINADO	Inventario por ruta y metadatos; no inspecciona registros personales.
control/config_for_ing_act.json	config_for_ing_act.json	.json	5344	2026-04-09T09:07:14.490011-04:00	TRACKED_OR_UNMODIFIED	control, auditoría o gobernanza	NO_DETERMINADO	Inventario por ruta y metadatos; no inspecciona registros personales.
control/for_ing_act_rules.tsv	for_ing_act_rules.tsv	.tsv	1320	2026-04-08T04:07:14.808383-04:00	TRACKED_OR_UNMODIFIED	control, auditoría o gobernanza	NO_DETERMINADO	Inventario por ruta y metadatos; no inspecciona registros personales.
control/campos_ing_trace_long.tsv	campos_ing_trace_long.tsv	.tsv	198797	2026-04-08T04:38:14.101994-04:00	TRACKED_OR_UNMODIFIED	control, auditoría o gobernanza	NO_DETERMINADO	Inventario por ruta y metadatos; no inspecciona registros personales.
control/vig_fecha_trace_long.tsv	vig_fecha_trace_long.tsv	.tsv	174805	2026-04-08T04:52:41.392147-04:00	TRACKED_OR_UNMODIFIED	control, auditoría o gobernanza	NO_DETERMINADO	Inventario por ruta y metadatos; no inspecciona registros personales.
control/for_ing_act_trace_long.tsv	for_ing_act_trace_long.tsv	.tsv	237346	2026-04-08T15:20:44.738501-04:00	TRACKED_OR_UNMODIFIED	control, auditoría o gobernanza	NO_DETERMINADO	Inventario por ruta y metadatos; no inspecciona registros personales.
control/README.md	README.md	.md	4082	2026-04-09T09:07:14.479888-04:00	TRACKED_OR_UNMODIFIED	control, auditoría o gobernanza	NO_DETERMINADO	Inventario por ruta y metadatos; no inspecciona registros personales.
control/for_ing_act_golden_cases.json	for_ing_act_golden_cases.json	.json	5325	2026-04-09T09:07:14.495764-04:00	TRACKED_OR_UNMODIFIED	control, auditoría o gobernanza	NO_DETERMINADO	Inventario por ruta y metadatos; no inspecciona registros personales.
control/vig_fecha_rules.tsv	vig_fecha_rules.tsv	.tsv	1849	2026-04-08T08:06:29.065666-04:00	TRACKED_OR_UNMODIFIED	control, auditoría o gobernanza	NO_DETERMINADO	Inventario por ruta y metadatos; no inspecciona registros personales.
control/vig_fecha_governance_report.md	vig_fecha_governance_report.md	.md	1077	2026-04-09T09:07:14.530299-04:00	TRACKED_OR_UNMODIFIED	control, auditoría o gobernanza	NO_DETERMINADO	Inventario por ruta y metadatos; no inspecciona registros personales.
control/config_vig_fecha.json	config_vig_fecha.json	.json	2798	2026-04-09T09:07:14.490773-04:00	TRACKED_OR_UNMODIFIED	control, auditoría o gobernanza	NO_DETERMINADO	Inventario por ruta y metadatos; no inspecciona registros personales.
control/for_ing_act_governance_report.md	for_ing_act_governance_report.md	.md	2393	2026-04-09T09:07:14.496135-04:00	TRACKED_OR_UNMODIFIED	control, auditoría o gobernanza	NO_DETERMINADO	Inventario por ruta y metadatos; no inspecciona registros personales.
control/campos_ing_governance_report.md	campos_ing_governance_report.md	.md	1607	2026-04-09T09:07:14.489366-04:00	TRACKED_OR_UNMODIFIED	control, auditoría o gobernanza	NO_DETERMINADO	Inventario por ruta y metadatos; no inspecciona registros personales.
control/config_campos_ing.json	config_campos_ing.json	.json	4862	2026-04-09T09:07:14.489677-04:00	TRACKED_OR_UNMODIFIED	control, auditoría o gobernanza	NO_DETERMINADO	Inventario por ruta y metadatos; no inspecciona registros personales.
control/tablero_mu_2026.tsv	tablero_mu_2026.tsv	.tsv	10514	2026-06-26T00:47:07.975842-04:00	TRACKED_OR_UNMODIFIED	control, auditoría o gobernanza	NO_DETERMINADO	Inventario por ruta y metadatos; no inspecciona registros personales.
control/gob_codcarpr_anioingreso_long.tsv	gob_codcarpr_anioingreso_long.tsv	.tsv	29753	2026-04-08T00:27:46.826421-04:00	TRACKED_OR_UNMODIFIED	control, auditoría o gobernanza	NO_DETERMINADO	Inventario por ruta y metadatos; no inspecciona registros personales.
control/reportes/reporte_fase3_resolucion_codcarpr.tsv	reporte_fase3_resolucion_codcarpr.tsv	.tsv	381	2026-04-08T00:03:26.354604-04:00	TRACKED_OR_UNMODIFIED	control, auditoría o gobernanza	NO_DETERMINADO	Inventario por ruta y metadatos; no inspecciona registros personales.
control/reportes/plan_remediacion_duracion_desde_sin_match_iter3.tsv	plan_remediacion_duracion_desde_sin_match_iter3.tsv	.tsv	1184	2026-04-08T01:10:15.159860-04:00	TRACKED_OR_UNMODIFIED	control, auditoría o gobernanza	NO_DETERMINADO	Inventario por ruta y metadatos; no inspecciona registros personales.
control/reportes/reporte_fase_1_identidad_mu_2026.md	reporte_fase_1_identidad_mu_2026.md	.md	726	2026-06-26T00:47:07.965780-04:00	TRACKED_OR_UNMODIFIED	control, auditoría o gobernanza	NO_DETERMINADO	Inventario por ruta y metadatos; no inspecciona registros personales.
control/reportes/plan_remediacion_duracion_desde_sin_match_iter2.tsv	plan_remediacion_duracion_desde_sin_match_iter2.tsv	.tsv	1049	2026-04-08T00:54:58.668981-04:00	TRACKED_OR_UNMODIFIED	control, auditoría o gobernanza	NO_DETERMINADO	Inventario por ruta y metadatos; no inspecciona registros personales.
control/reportes/reporte_fase_2_sies_oferta_mu_2026.md	reporte_fase_2_sies_oferta_mu_2026.md	.md	1076	2026-06-26T00:47:07.966686-04:00	TRACKED_OR_UNMODIFIED	control, auditoría o gobernanza	NO_DETERMINADO	Inventario por ruta y metadatos; no inspecciona registros personales.
control/reportes/resumen_historico_mu_2026.csv	resumen_historico_mu_2026.csv	.csv	1244500	2026-06-26T00:47:07.973910-04:00	TRACKED_OR_UNMODIFIED	control, auditoría o gobernanza	NO_DETERMINADO	Inventario por ruta y metadatos; no inspecciona registros personales.
control/reportes/huella_DURACION_ESTUDIOS.tsv.txt	huella_DURACION_ESTUDIOS.tsv.txt	.txt	274	2026-04-09T09:08:57.283183-04:00	TRACKED_OR_UNMODIFIED	control, auditoría o gobernanza	NO_DETERMINADO	Inventario por ruta y metadatos; no inspecciona registros personales.
control/reportes/reporte_nac_pais_sec.tsv	reporte_nac_pais_sec.tsv	.tsv	102	2026-06-26T00:47:07.968740-04:00	TRACKED_OR_UNMODIFIED	control, auditoría o gobernanza	NO_DETERMINADO	Inventario por ruta y metadatos; no inspecciona registros personales.
control/reportes/fase4_adaptador_detalle.tsv	fase4_adaptador_detalle.tsv	.tsv	6456969	2026-04-08T00:09:21.003106-04:00	TRACKED_OR_UNMODIFIED	control, auditoría o gobernanza	NO_DETERMINADO	Inventario por ruta y metadatos; no inspecciona registros personales.
control/reportes/plan_remediacion_duracion_desde_sin_match_iter4.tsv	plan_remediacion_duracion_desde_sin_match_iter4.tsv	.tsv	1275	2026-04-08T01:19:09.989736-04:00	TRACKED_OR_UNMODIFIED	control, auditoría o gobernanza	NO_DETERMINADO	Inventario por ruta y metadatos; no inspecciona registros personales.
control/reportes/reporte_fase_5_estado_admin_mu_2026.md	reporte_fase_5_estado_admin_mu_2026.md	.md	1681	2026-06-26T00:47:07.967950-04:00	TRACKED_OR_UNMODIFIED	control, auditoría o gobernanza	NO_DETERMINADO	Inventario por ruta y metadatos; no inspecciona registros personales.
control/reportes/puente_sies_necesidad_eval_2026-04-09.tsv	puente_sies_necesidad_eval_2026-04-09.tsv	.tsv	623	2026-04-09T07:57:53.350407-04:00	TRACKED_OR_UNMODIFIED	control, auditoría o gobernanza	NO_DETERMINADO	Inventario por ruta y metadatos; no inspecciona registros personales.
control/reportes/inventario_limpieza_mu_2026.tsv	inventario_limpieza_mu_2026.tsv	.tsv	4642	2026-04-03T22:50:00.319426-03:00	TRACKED_OR_UNMODIFIED	control, auditoría o gobernanza	NO_DETERMINADO	Inventario por ruta y metadatos; no inspecciona registros personales.
control/reportes/resultado_corrida_referencia_mu_2026.md	resultado_corrida_referencia_mu_2026.md	.md	2726	2026-06-26T00:47:07.970641-04:00	TRACKED_OR_UNMODIFIED	control, auditoría o gobernanza	NO_DETERMINADO	Inventario por ruta y metadatos; no inspecciona registros personales.
control/reportes/reporte_fech_nac.tsv	reporte_fech_nac.tsv	.tsv	79	2026-04-20T00:14:22.325468-04:00	TRACKED_OR_UNMODIFIED	control, auditoría o gobernanza	NO_DETERMINADO	Inventario por ruta y metadatos; no inspecciona registros personales.
control/reportes/reporte_cronologia_mu_2026.json	reporte_cronologia_mu_2026.json	.json	2584	2026-06-26T00:47:07.965098-04:00	TRACKED_OR_UNMODIFIED	control, auditoría o gobernanza	NO_DETERMINADO	Inventario por ruta y metadatos; no inspecciona registros personales.
control/reportes/reporte_niv_fecha_mu_2026.json	reporte_niv_fecha_mu_2026.json	.json	503	2026-06-26T00:47:07.969162-04:00	TRACKED_OR_UNMODIFIED	control, auditoría o gobernanza	NO_DETERMINADO	Inventario por ruta y metadatos; no inspecciona registros personales.
control/reportes/decision_operativa_mu_2026.md	decision_operativa_mu_2026.md	.md	2629	2026-06-26T00:47:07.962288-04:00	TRACKED_OR_UNMODIFIED	control, auditoría o gobernanza	NO_DETERMINADO	Inventario por ruta y metadatos; no inspecciona registros personales.
control/reportes/reporte_estado_admin_mu_2026.json	reporte_estado_admin_mu_2026.json	.json	2851	2026-06-26T00:47:07.965533-04:00	TRACKED_OR_UNMODIFIED	control, auditoría o gobernanza	NO_DETERMINADO	Inventario por ruta y metadatos; no inspecciona registros personales.
control/reportes/audit_eliminacion_puente_sies_2026-04-09.md	audit_eliminacion_puente_sies_2026-04-09.md	.md	4542	2026-04-09T09:07:14.501511-04:00	TRACKED_OR_UNMODIFIED	control, auditoría o gobernanza	NO_DETERMINADO	Inventario por ruta y metadatos; no inspecciona registros personales.
control/reportes/audit_gitignore_duracion_activada_2026-04-09.md	audit_gitignore_duracion_activada_2026-04-09.md	.md	3460	2026-04-09T09:08:57.291341-04:00	TRACKED_OR_UNMODIFIED	control, auditoría o gobernanza	NO_DETERMINADO	Inventario por ruta y metadatos; no inspecciona registros personales.
control/reportes/audit_catalogos_sies_resolucion_cicre_2026-04-09.md	audit_catalogos_sies_resolucion_cicre_2026-04-09.md	.md	4166	2026-04-09T09:07:14.500293-04:00	TRACKED_OR_UNMODIFIED	control, auditoría o gobernanza	NO_DETERMINADO	Inventario por ruta y metadatos; no inspecciona registros personales.
control/reportes/catalogo_resolucion_codcarpr_fase3.tsv	catalogo_resolucion_codcarpr_fase3.tsv	.tsv	10449	2026-04-08T00:01:49.580440-04:00	TRACKED_OR_UNMODIFIED	control, auditoría o gobernanza	NO_DETERMINADO	Inventario por ruta y metadatos; no inspecciona registros personales.
control/reportes/reporte_fase_4_rendimiento_mu_2026.md	reporte_fase_4_rendimiento_mu_2026.md	.md	1410	2026-06-26T00:47:07.967507-04:00	TRACKED_OR_UNMODIFIED	control, auditoría o gobernanza	NO_DETERMINADO	Inventario por ruta y metadatos; no inspecciona registros personales.
control/reportes/sies_pendientes.tsv	sies_pendientes.tsv	.tsv	30987	2026-06-26T00:47:07.974864-04:00	TRACKED_OR_UNMODIFIED	control, auditoría o gobernanza	NO_DETERMINADO	Inventario por ruta y metadatos; no inspecciona registros personales.
control/reportes/resumen_ejecutivo_mu_2026.md	resumen_ejecutivo_mu_2026.md	.md	3663	2026-06-26T00:47:07.971097-04:00	TRACKED_OR_UNMODIFIED	control, auditoría o gobernanza	NO_DETERMINADO	Inventario por ruta y metadatos; no inspecciona registros personales.
control/reportes/reporte_fase_3_cronologia_mu_2026.md	reporte_fase_3_cronologia_mu_2026.md	.md	890	2026-06-26T00:47:07.967068-04:00	TRACKED_OR_UNMODIFIED	control, auditoría o gobernanza	NO_DETERMINADO	Inventario por ruta y metadatos; no inspecciona registros personales.
control/reportes/reporte_compilacion_puente_sies_diag_pre.json	reporte_compilacion_puente_sies_diag_pre.json	.json	571	2026-04-09T09:07:14.504796-04:00	TRACKED_OR_UNMODIFIED	control, auditoría o gobernanza	NO_DETERMINADO	Inventario por ruta y metadatos; no inspecciona registros personales.
control/reportes/reporte_compilacion_puente_sies.json	reporte_compilacion_puente_sies.json	.json	472	2026-06-26T00:47:07.963723-04:00	TRACKED_OR_UNMODIFIED	control, auditoría o gobernanza	NO_DETERMINADO	Inventario por ruta y metadatos; no inspecciona registros personales.
control/reportes/auditoria_evidencia_trackeable_mu_2026.md	auditoria_evidencia_trackeable_mu_2026.md	.md	1337	2026-04-03T22:50:00.316931-03:00	TRACKED_OR_UNMODIFIED	control, auditoría o gobernanza	NO_DETERMINADO	Inventario por ruta y metadatos; no inspecciona registros personales.
control/reportes/reporte_rendimiento_mu_2026.json	reporte_rendimiento_mu_2026.json	.json	2885	2026-06-26T00:47:07.969714-04:00	TRACKED_OR_UNMODIFIED	control, auditoría o gobernanza	NO_DETERMINADO	Inventario por ruta y metadatos; no inspecciona registros personales.
control/reportes/reporte_sies_oferta_mu_2026.json	reporte_sies_oferta_mu_2026.json	.json	2199	2026-06-26T00:47:07.970013-04:00	TRACKED_OR_UNMODIFIED	control, auditoría o gobernanza	NO_DETERMINADO	Inventario por ruta y metadatos; no inspecciona registros personales.
control/reportes/audit_eliminacion_puente_sies_2026-04-09 2.md	audit_eliminacion_puente_sies_2026-04-09 2.md	.md	4542	2026-06-26T00:47:07.961826-04:00	TRACKED_OR_UNMODIFIED	control, auditoría o gobernanza	NO_DETERMINADO	Inventario por ruta y metadatos; no inspecciona registros personales.
control/reportes/ejecucion_oficial_mu_2026.md	ejecucion_oficial_mu_2026.md	.md	3513	2026-06-26T00:47:07.963152-04:00	TRACKED_OR_UNMODIFIED	control, auditoría o gobernanza	NO_DETERMINADO	Inventario por ruta y metadatos; no inspecciona registros personales.
control/reportes/reporte_fase4_adaptador_paralelo.tsv	reporte_fase4_adaptador_paralelo.tsv	.tsv	287	2026-04-08T00:09:21.094902-04:00	TRACKED_OR_UNMODIFIED	control, auditoría o gobernanza	NO_DETERMINADO	Inventario por ruta y metadatos; no inspecciona registros personales.
control/reportes/plan_remediacion_duracion_desde_sin_match.tsv	plan_remediacion_duracion_desde_sin_match.tsv	.tsv	2501	2026-04-08T00:43:12.276448-04:00	TRACKED_OR_UNMODIFIED	control, auditoría o gobernanza	NO_DETERMINADO	Inventario por ruta y metadatos; no inspecciona registros personales.
control/reportes/inventario_limpieza_mu_2026.md	inventario_limpieza_mu_2026.md	.md	6508	2026-04-03T22:50:00.318994-03:00	TRACKED_OR_UNMODIFIED	control, auditoría o gobernanza	NO_DETERMINADO	Inventario por ruta y metadatos; no inspecciona registros personales.
control/reportes/audit_catalogos_sies_2026-04-09.md	audit_catalogos_sies_2026-04-09.md	.md	5757	2026-04-09T09:07:14.498955-04:00	TRACKED_OR_UNMODIFIED	control, auditoría o gobernanza	NO_DETERMINADO	Inventario por ruta y metadatos; no inspecciona registros personales.
control/reportes/README_AUDIT_CRUCES.md	README_AUDIT_CRUCES.md	.md	5673	2026-04-09T09:07:14.498109-04:00	TRACKED_OR_UNMODIFIED	control, auditoría o gobernanza	NO_DETERMINADO	Inventario por ruta y metadatos; no inspecciona registros personales.
control/reportes/reporte_compilacion_puente_sies_diag_pre 2.json	reporte_compilacion_puente_sies_diag_pre 2.json	.json	571	2026-06-26T00:47:07.963989-04:00	TRACKED_OR_UNMODIFIED	control, auditoría o gobernanza	NO_DETERMINADO	Inventario por ruta y metadatos; no inspecciona registros personales.
control/reportes/matriz_bloqueos_residuales_mu_2026.md	matriz_bloqueos_residuales_mu_2026.md	.md	3987	2026-04-03T22:50:00.319795-03:00	TRACKED_OR_UNMODIFIED	control, auditoría o gobernanza	NO_DETERMINADO	Inventario por ruta y metadatos; no inspecciona registros personales.
control/reportes/reporte_compilacion_puente_sies_empty_override_test.json	reporte_compilacion_puente_sies_empty_override_test.json	.json	513	2026-04-09T09:07:14.505287-04:00	TRACKED_OR_UNMODIFIED	control, auditoría o gobernanza	NO_DETERMINADO	Inventario por ruta y metadatos; no inspecciona registros personales.
control/reportes/reporte_identidad_mu_2026.json	reporte_identidad_mu_2026.json	.json	2219	2026-06-26T00:47:07.968435-04:00	TRACKED_OR_UNMODIFIED	control, auditoría o gobernanza	NO_DETERMINADO	Inventario por ruta y metadatos; no inspecciona registros personales.
control/reportes/auditoria_control_mu_2026.md	auditoria_control_mu_2026.md	.md	1474	2026-04-03T22:50:00.316600-03:00	TRACKED_OR_UNMODIFIED	control, auditoría o gobernanza	NO_DETERMINADO	Inventario por ruta y metadatos; no inspecciona registros personales.
control/reportes/validacion_oficial_mu_2026.md	validacion_oficial_mu_2026.md	.md	2788	2026-06-26T00:47:07.975232-04:00	TRACKED_OR_UNMODIFIED	control, auditoría o gobernanza	NO_DETERMINADO	Inventario por ruta y metadatos; no inspecciona registros personales.
control/reportes/reporte_fase1_fase2_duracion_unica.tsv	reporte_fase1_fase2_duracion_unica.tsv	.tsv	261	2026-04-08T00:00:22.305406-04:00	TRACKED_OR_UNMODIFIED	control, auditoría o gobernanza	NO_DETERMINADO	Inventario por ruta y metadatos; no inspecciona registros personales.
control/reportes/mu2026_cicib_remediacion/RESUMEN_CICIB.json	RESUMEN_CICIB.json	.json	286	2026-04-09T09:07:14.503884-04:00	TRACKED_OR_UNMODIFIED	control, auditoría o gobernanza	NO_DETERMINADO	Inventario por ruta y metadatos; no inspecciona registros personales.
control/reportes/mu2026_cicib_remediacion/DIAGNOSTICO_ANTES_CICIB.tsv	DIAGNOSTICO_ANTES_CICIB.tsv	.tsv	4096459	2026-04-08T21:31:17.028378-04:00	TRACKED_OR_UNMODIFIED	control, auditoría o gobernanza	NO_DETERMINADO	Inventario por ruta y metadatos; no inspecciona registros personales.
control/reportes/mu2026_cicib_remediacion/archivo_listo_para_sies_ANTES.xlsx	archivo_listo_para_sies_ANTES.xlsx	.xlsx	6160000	2026-04-08T21:28:06.085099-04:00	TRACKED_OR_UNMODIFIED	control, auditoría o gobernanza	NO_DETERMINADO	Inventario por ruta y metadatos; no inspecciona registros personales.
control/reportes/mu2026_cicib_remediacion/INFORME_CAMBIO_CICIB_MU2026.md	INFORME_CAMBIO_CICIB_MU2026.md	.md	4576	2026-04-09T09:07:14.503255-04:00	TRACKED_OR_UNMODIFIED	control, auditoría o gobernanza	NO_DETERMINADO	Inventario por ruta y metadatos; no inspecciona registros personales.
control/reportes/mu2026_cicib_remediacion/EVIDENCIA_CAMBIO_CICIB.tsv	EVIDENCIA_CAMBIO_CICIB.tsv	.tsv	311235	2026-04-08T21:31:17.035788-04:00	TRACKED_OR_UNMODIFIED	control, auditoría o gobernanza	NO_DETERMINADO	Inventario por ruta y metadatos; no inspecciona registros personales.
control/reportes/mu2026_cicib_remediacion/AUDITORIA_RUT_CICIB.tsv	AUDITORIA_RUT_CICIB.tsv	.tsv	167966	2026-04-08T21:31:17.039224-04:00	TRACKED_OR_UNMODIFIED	control, auditoría o gobernanza	NO_DETERMINADO	Inventario por ruta y metadatos; no inspecciona registros personales.
control/evidencias/O_version.md	O_version.md	.md	1415	2026-04-03T22:50:00.310724-03:00	TRACKED_OR_UNMODIFIED	control, auditoría o gobernanza	NO_DETERMINADO	Inventario por ruta y metadatos; no inspecciona registros personales.
control/evidencias/AD_fecha_matricula.md	AD_fecha_matricula.md	.md	1685	2026-04-03T22:50:00.303822-03:00	TRACKED_OR_UNMODIFIED	control, auditoría o gobernanza	NO_DETERMINADO	Inventario por ruta y metadatos; no inspecciona registros personales.
control/evidencias/AE_reincorporacion.md	AE_reincorporacion.md	.md	2389	2026-04-09T09:07:14.493057-04:00	TRACKED_OR_UNMODIFIED	control, auditoría o gobernanza	NO_DETERMINADO	Inventario por ruta y metadatos; no inspecciona registros personales.
control/evidencias/V_asi_apr_ant.md	V_asi_apr_ant.md	.md	1775	2026-04-03T22:50:00.313810-03:00	TRACKED_OR_UNMODIFIED	control, auditoría o gobernanza	NO_DETERMINADO	Inventario por ruta y metadatos; no inspecciona registros personales.
control/evidencias/U_asi_ins_ant.md	U_asi_ins_ant.md	.md	1586	2026-04-03T22:50:00.313529-03:00	TRACKED_OR_UNMODIFIED	control, auditoría o gobernanza	NO_DETERMINADO	Inventario por ruta y metadatos; no inspecciona registros personales.
control/evidencias/AC_sus_pre.md	AC_sus_pre.md	.md	2110	2026-04-09T09:07:14.492651-04:00	TRACKED_OR_UNMODIFIED	control, auditoría o gobernanza	NO_DETERMINADO	Inventario por ruta y metadatos; no inspecciona registros personales.
control/evidencias/R_sem_ing_act.md	R_sem_ing_act.md	.md	1304	2026-04-03T22:50:00.312038-03:00	TRACKED_OR_UNMODIFIED	control, auditoría o gobernanza	NO_DETERMINADO	Inventario por ruta y metadatos; no inspecciona registros personales.
control/evidencias/Y_asi_ins_his.md	Y_asi_ins_his.md	.md	2577	2026-04-09T09:07:14.494307-04:00	TRACKED_OR_UNMODIFIED	control, auditoría o gobernanza	NO_DETERMINADO	Inventario por ruta y metadatos; no inspecciona registros personales.
control/evidencias/E_segundo_apellido.md	E_segundo_apellido.md	.md	935	2026-04-03T22:50:00.306895-03:00	TRACKED_OR_UNMODIFIED	control, auditoría o gobernanza	NO_DETERMINADO	Inventario por ruta y metadatos; no inspecciona registros personales.
control/evidencias/S_anio_ing_ori.md	S_anio_ing_ori.md	.md	1310	2026-06-26T00:47:07.958907-04:00	TRACKED_OR_UNMODIFIED	control, auditoría o gobernanza	NO_DETERMINADO	Inventario por ruta y metadatos; no inspecciona registros personales.
control/evidencias/Z_asi_apr_his.md	Z_asi_apr_his.md	.md	2868	2026-04-09T09:07:14.494999-04:00	TRACKED_OR_UNMODIFIED	control, auditoría o gobernanza	NO_DETERMINADO	Inventario por ruta y metadatos; no inspecciona registros personales.
control/evidencias/J_pais_est_sec.md	J_pais_est_sec.md	.md	1043	2026-04-03T22:50:00.308705-03:00	TRACKED_OR_UNMODIFIED	control, auditoría o gobernanza	NO_DETERMINADO	Inventario por ruta y metadatos; no inspecciona registros personales.
control/evidencias/G_sexo.md	G_sexo.md	.md	633	2026-04-03T22:50:00.307674-03:00	TRACKED_OR_UNMODIFIED	control, auditoría o gobernanza	NO_DETERMINADO	Inventario por ruta y metadatos; no inspecciona registros personales.
control/evidencias/Q_anio_ing_act.md	Q_anio_ing_act.md	.md	1467	2026-04-03T22:50:00.311440-03:00	TRACKED_OR_UNMODIFIED	control, auditoría o gobernanza	NO_DETERMINADO	Inventario por ruta y metadatos; no inspecciona registros personales.
control/evidencias/X_prom_seg_sem.md	X_prom_seg_sem.md	.md	1915	2026-04-03T22:50:00.314423-03:00	TRACKED_OR_UNMODIFIED	control, auditoría o gobernanza	NO_DETERMINADO	Inventario por ruta y metadatos; no inspecciona registros personales.
control/evidencias/K_cod_sed.md	K_cod_sed.md	.md	1412	2026-04-03T22:50:00.308965-03:00	TRACKED_OR_UNMODIFIED	control, auditoría o gobernanza	NO_DETERMINADO	Inventario por ruta y metadatos; no inspecciona registros personales.
control/evidencias/RUN_STATUS 2.json	RUN_STATUS 2.json	.json	1651	2026-06-26T00:47:07.958059-04:00	TRACKED_OR_UNMODIFIED	control, auditoría o gobernanza	NO_DETERMINADO	Inventario por ruta y metadatos; no inspecciona registros personales.
control/evidencias/H_fech_nac.md	H_fech_nac.md	.md	875	2026-04-03T22:50:00.308102-03:00	TRACKED_OR_UNMODIFIED	control, auditoría o gobernanza	NO_DETERMINADO	Inventario por ruta y metadatos; no inspecciona registros personales.
control/evidencias/AF_vig.md	AF_vig.md	.md	1710	2026-04-03T22:50:00.304470-03:00	TRACKED_OR_UNMODIFIED	control, auditoría o gobernanza	NO_DETERMINADO	Inventario por ruta y metadatos; no inspecciona registros personales.
control/evidencias/AB_sit_fon_sol.md	AB_sit_fon_sol.md	.md	1953	2026-04-09T09:07:14.491779-04:00	TRACKED_OR_UNMODIFIED	control, auditoría o gobernanza	NO_DETERMINADO	Inventario por ruta y metadatos; no inspecciona registros personales.
control/evidencias/M_modalidad.md	M_modalidad.md	.md	1483	2026-04-03T22:50:00.309821-03:00	TRACKED_OR_UNMODIFIED	control, auditoría o gobernanza	NO_DETERMINADO	Inventario por ruta y metadatos; no inspecciona registros personales.
control/evidencias/README.md	README.md	.md	493	2026-04-03T22:50:00.311786-03:00	TRACKED_OR_UNMODIFIED	control, auditoría o gobernanza	NO_DETERMINADO	Inventario por ruta y metadatos; no inspecciona registros personales.
control/evidencias/AA_niv_aca.md	AA_niv_aca.md	.md	1536	2026-04-03T22:50:00.302775-03:00	TRACKED_OR_UNMODIFIED	control, auditoría o gobernanza	NO_DETERMINADO	Inventario por ruta y metadatos; no inspecciona registros personales.
control/evidencias/W_prom_pri_sem.md	W_prom_pri_sem.md	.md	1915	2026-04-03T22:50:00.314057-03:00	TRACKED_OR_UNMODIFIED	control, auditoría o gobernanza	NO_DETERMINADO	Inventario por ruta y metadatos; no inspecciona registros personales.
control/evidencias/A_tipo_doc.md	A_tipo_doc.md	.md	1005	2026-04-03T22:50:00.304912-03:00	TRACKED_OR_UNMODIFIED	control, auditoría o gobernanza	NO_DETERMINADO	Inventario por ruta y metadatos; no inspecciona registros personales.
control/evidencias/F_nombre.md	F_nombre.md	.md	659	2026-04-03T22:50:00.307235-03:00	TRACKED_OR_UNMODIFIED	control, auditoría o gobernanza	NO_DETERMINADO	Inventario por ruta y metadatos; no inspecciona registros personales.
control/evidencias/P_for_ing_act.md	P_for_ing_act.md	.md	660	2026-06-26T00:47:07.957480-04:00	TRACKED_OR_UNMODIFIED	control, auditoría o gobernanza	NO_DETERMINADO	Inventario por ruta y metadatos; no inspecciona registros personales.
control/evidencias/I_nac.md	I_nac.md	.md	889	2026-04-03T22:50:00.308412-03:00	TRACKED_OR_UNMODIFIED	control, auditoría o gobernanza	NO_DETERMINADO	Inventario por ruta y metadatos; no inspecciona registros personales.
control/evidencias/N_jor.md	N_jor.md	.md	1547	2026-04-03T22:50:00.310344-03:00	TRACKED_OR_UNMODIFIED	control, auditoría o gobernanza	NO_DETERMINADO	Inventario por ruta y metadatos; no inspecciona registros personales.
control/evidencias/RUN_STATUS.json	RUN_STATUS.json	.json	1651	2026-04-09T09:07:14.493605-04:00	TRACKED_OR_UNMODIFIED	control, auditoría o gobernanza	NO_DETERMINADO	Inventario por ruta y metadatos; no inspecciona registros personales.
control/evidencias/T_sem_ing_ori.md	T_sem_ing_ori.md	.md	1300	2026-06-26T00:47:07.959360-04:00	TRACKED_OR_UNMODIFIED	control, auditoría o gobernanza	NO_DETERMINADO	Inventario por ruta y metadatos; no inspecciona registros personales.
control/evidencias/L_cod_car.md	L_cod_car.md	.md	1415	2026-04-03T22:50:00.309593-03:00	TRACKED_OR_UNMODIFIED	control, auditoría o gobernanza	NO_DETERMINADO	Inventario por ruta y metadatos; no inspecciona registros personales.
control/evidencias/C_dv.md	C_dv.md	.md	850	2026-04-03T22:50:00.305942-03:00	TRACKED_OR_UNMODIFIED	control, auditoría o gobernanza	NO_DETERMINADO	Inventario por ruta y metadatos; no inspecciona registros personales.
control/evidencias/EVIDENCIA_CRUCE_ERRONEO.tsv	EVIDENCIA_CRUCE_ERRONEO.tsv	.tsv	1876	2026-04-08T09:20:25.905217-04:00	TRACKED_OR_UNMODIFIED	control, auditoría o gobernanza	NO_DETERMINADO	Inventario por ruta y metadatos; no inspecciona registros personales.
control/evidencias/B_n_doc.md	B_n_doc.md	.md	851	2026-04-03T22:50:00.305314-03:00	TRACKED_OR_UNMODIFIED	control, auditoría o gobernanza	NO_DETERMINADO	Inventario por ruta y metadatos; no inspecciona registros personales.
control/evidencias/D_primer_apellido.md	D_primer_apellido.md	.md	686	2026-04-03T22:50:00.306570-03:00	TRACKED_OR_UNMODIFIED	control, auditoría o gobernanza	NO_DETERMINADO	Inventario por ruta y metadatos; no inspecciona registros personales.
control/evidencias/2026-04-04_22-54-51_fix5_recovery_estable/matricula_unificada_2026_oficial.xlsx	matricula_unificada_2026_oficial.xlsx	.xlsx	363483	2026-04-04T22:54:51.851382-03:00	TRACKED_OR_UNMODIFIED	control, auditoría o gobernanza	NO_DETERMINADO	Inventario por ruta y metadatos; no inspecciona registros personales.
control/evidencias/2026-04-04_22-54-51_fix5_recovery_estable/archivo_listo_para_sies.xlsx	archivo_listo_para_sies.xlsx	.xlsx	23620818	2026-04-04T22:54:51.844812-03:00	TRACKED_OR_UNMODIFIED	control, auditoría o gobernanza	NO_DETERMINADO	Inventario por ruta y metadatos; no inspecciona registros personales.
control/evidencias/2026-04-04_22-54-51_fix5_recovery_estable/matricula_unificada_2026_control.csv	matricula_unificada_2026_control.csv	.csv	329552	2026-04-04T22:54:51.848415-03:00	TRACKED_OR_UNMODIFIED	control, auditoría o gobernanza	NO_DETERMINADO	Inventario por ruta y metadatos; no inspecciona registros personales.
control/evidencias/2026-04-04_22-54-51_fix5_recovery_estable/audits_trace_50_codcli_niv_aca_current/01_trace_50_codcli_niv_aca.csv	01_trace_50_codcli_niv_aca.csv	.csv	9303	2026-04-04T22:54:51.887380-03:00	TRACKED_OR_UNMODIFIED	control, auditoría o gobernanza	NO_DETERMINADO	Inventario por ruta y metadatos; no inspecciona registros personales.
control/evidencias/2026-04-04_22-54-51_fix5_recovery_estable/audits_trace_50_codcli_niv_aca_current/01_trace_50_codcli_niv_aca.tsv	01_trace_50_codcli_niv_aca.tsv	.tsv	9303	2026-04-04T22:54:51.888577-03:00	TRACKED_OR_UNMODIFIED	control, auditoría o gobernanza	NO_DETERMINADO	Inventario por ruta y metadatos; no inspecciona registros personales.
control/evidencias/2026-04-04_22-54-51_fix5_recovery_estable/audits_reconstruccion_codigo_unico_nivmax/02_matricula_unificada_32_vs_maestra.csv	02_matricula_unificada_32_vs_maestra.csv	.csv	1019502	2026-04-04T22:54:51.862908-03:00	TRACKED_OR_UNMODIFIED	control, auditoría o gobernanza	NO_DETERMINADO	Inventario por ruta y metadatos; no inspecciona registros personales.
control/evidencias/2026-04-04_22-54-51_fix5_recovery_estable/audits_reconstruccion_codigo_unico_nivmax/08_ambiguo_maestro.csv	08_ambiguo_maestro.csv	.csv	3771	2026-04-04T22:54:51.863512-03:00	TRACKED_OR_UNMODIFIED	control, auditoría o gobernanza	NO_DETERMINADO	Inventario por ruta y metadatos; no inspecciona registros personales.
control/evidencias/2026-04-04_22-54-51_fix5_recovery_estable/audits_reconstruccion_codigo_unico_nivmax/01_archivo_listo_subida_ok_carga_vs_maestra.csv	01_archivo_listo_subida_ok_carga_vs_maestra.csv	.csv	7613013	2026-04-04T22:54:51.872326-03:00	TRACKED_OR_UNMODIFIED	control, auditoría o gobernanza	NO_DETERMINADO	Inventario por ruta y metadatos; no inspecciona registros personales.
control/evidencias/2026-04-04_22-54-51_fix5_recovery_estable/audits_reconstruccion_codigo_unico_nivmax/03_control_vs_maestra.csv	03_control_vs_maestra.csv	.csv	991045	2026-04-04T22:54:51.875335-03:00	TRACKED_OR_UNMODIFIED	control, auditoría o gobernanza	NO_DETERMINADO	Inventario por ruta y metadatos; no inspecciona registros personales.
control/evidencias/2026-04-04_22-54-51_fix5_recovery_estable/audits_reconstruccion_codigo_unico_nivmax/06_mismatches_vs_maestra.csv	06_mismatches_vs_maestra.csv	.csv	3771	2026-04-04T22:54:51.875961-03:00	TRACKED_OR_UNMODIFIED	control, auditoría o gobernanza	NO_DETERMINADO	Inventario por ruta y metadatos; no inspecciona registros personales.
control/evidencias/2026-04-04_22-54-51_fix5_recovery_estable/audits_reconstruccion_codigo_unico_nivmax/07_sin_match_maestro.csv	07_sin_match_maestro.csv	.csv	3771	2026-04-04T22:54:51.876459-03:00	TRACKED_OR_UNMODIFIED	control, auditoría o gobernanza	NO_DETERMINADO	Inventario por ruta y metadatos; no inspecciona registros personales.
control/evidencias/2026-04-04_22-54-51_fix5_recovery_estable/audits_reconstruccion_codigo_unico_nivmax/09_niv_aca_supera_max_estructural.csv	09_niv_aca_supera_max_estructural.csv	.csv	3771	2026-04-04T22:54:51.876940-03:00	TRACKED_OR_UNMODIFIED	control, auditoría o gobernanza	NO_DETERMINADO	Inventario por ruta y metadatos; no inspecciona registros personales.
control/evidencias/2026-04-04_22-54-51_fix5_recovery_estable/audits_reconstruccion_codigo_unico_nivmax/04_oficial_vs_maestra.csv	04_oficial_vs_maestra.csv	.csv	993632	2026-04-04T22:54:51.878262-03:00	TRACKED_OR_UNMODIFIED	control, auditoría o gobernanza	NO_DETERMINADO	Inventario por ruta y metadatos; no inspecciona registros personales.
control/evidencias/2026-04-04_22-54-51_fix5_recovery_estable/audits_reconstruccion_codigo_unico_nivmax/05_maestra_usada.csv	05_maestra_usada.csv	.csv	25790	2026-04-04T22:54:51.878861-03:00	TRACKED_OR_UNMODIFIED	control, auditoría o gobernanza	NO_DETERMINADO	Inventario por ruta y metadatos; no inspecciona registros personales.
control/evidencias/2026-04-04_22-54-11_fix5_recovery_estable/matricula_unificada_2026_oficial.xlsx	matricula_unificada_2026_oficial.xlsx	.xlsx	363483	2026-04-04T22:54:11.920943-03:00	TRACKED_OR_UNMODIFIED	control, auditoría o gobernanza	NO_DETERMINADO	Inventario por ruta y metadatos; no inspecciona registros personales.
control/evidencias/2026-04-04_22-54-11_fix5_recovery_estable/archivo_listo_para_sies.xlsx	archivo_listo_para_sies.xlsx	.xlsx	23620818	2026-04-04T22:54:11.913861-03:00	TRACKED_OR_UNMODIFIED	control, auditoría o gobernanza	NO_DETERMINADO	Inventario por ruta y metadatos; no inspecciona registros personales.
control/evidencias/2026-04-04_22-54-11_fix5_recovery_estable/matricula_unificada_2026_control.csv	matricula_unificada_2026_control.csv	.csv	329552	2026-04-04T22:54:11.917922-03:00	TRACKED_OR_UNMODIFIED	control, auditoría o gobernanza	NO_DETERMINADO	Inventario por ruta y metadatos; no inspecciona registros personales.
control/evidencias/2026-04-04_22-54-11_fix5_recovery_estable/audits_trace_50_codcli_niv_aca_current/01_trace_50_codcli_niv_aca.csv	01_trace_50_codcli_niv_aca.csv	.csv	9303	2026-04-04T22:54:11.959660-03:00	TRACKED_OR_UNMODIFIED	control, auditoría o gobernanza	NO_DETERMINADO	Inventario por ruta y metadatos; no inspecciona registros personales.
control/evidencias/2026-04-04_22-54-11_fix5_recovery_estable/audits_trace_50_codcli_niv_aca_current/01_trace_50_codcli_niv_aca.tsv	01_trace_50_codcli_niv_aca.tsv	.tsv	9303	2026-04-04T22:54:11.960791-03:00	TRACKED_OR_UNMODIFIED	control, auditoría o gobernanza	NO_DETERMINADO	Inventario por ruta y metadatos; no inspecciona registros personales.
control/evidencias/2026-04-04_22-54-11_fix5_recovery_estable/audits_reconstruccion_codigo_unico_nivmax/02_matricula_unificada_32_vs_maestra.csv	02_matricula_unificada_32_vs_maestra.csv	.csv	1019502	2026-04-04T22:54:11.934141-03:00	TRACKED_OR_UNMODIFIED	control, auditoría o gobernanza	NO_DETERMINADO	Inventario por ruta y metadatos; no inspecciona registros personales.
control/evidencias/2026-04-04_22-54-11_fix5_recovery_estable/audits_reconstruccion_codigo_unico_nivmax/08_ambiguo_maestro.csv	08_ambiguo_maestro.csv	.csv	3771	2026-04-04T22:54:11.934677-03:00	TRACKED_OR_UNMODIFIED	control, auditoría o gobernanza	NO_DETERMINADO	Inventario por ruta y metadatos; no inspecciona registros personales.
control/evidencias/2026-04-04_22-54-11_fix5_recovery_estable/audits_reconstruccion_codigo_unico_nivmax/01_archivo_listo_subida_ok_carga_vs_maestra.csv	01_archivo_listo_subida_ok_carga_vs_maestra.csv	.csv	7613013	2026-04-04T22:54:11.947422-03:00	TRACKED_OR_UNMODIFIED	control, auditoría o gobernanza	NO_DETERMINADO	Inventario por ruta y metadatos; no inspecciona registros personales.
control/evidencias/2026-04-04_22-54-11_fix5_recovery_estable/audits_reconstruccion_codigo_unico_nivmax/03_control_vs_maestra.csv	03_control_vs_maestra.csv	.csv	991045	2026-04-04T22:54:11.950339-03:00	TRACKED_OR_UNMODIFIED	control, auditoría o gobernanza	NO_DETERMINADO	Inventario por ruta y metadatos; no inspecciona registros personales.
control/evidencias/2026-04-04_22-54-11_fix5_recovery_estable/audits_reconstruccion_codigo_unico_nivmax/06_mismatches_vs_maestra.csv	06_mismatches_vs_maestra.csv	.csv	3771	2026-04-04T22:54:11.950862-03:00	TRACKED_OR_UNMODIFIED	control, auditoría o gobernanza	NO_DETERMINADO	Inventario por ruta y metadatos; no inspecciona registros personales.
control/evidencias/2026-04-04_22-54-11_fix5_recovery_estable/audits_reconstruccion_codigo_unico_nivmax/07_sin_match_maestro.csv	07_sin_match_maestro.csv	.csv	3771	2026-04-04T22:54:11.951296-03:00	TRACKED_OR_UNMODIFIED	control, auditoría o gobernanza	NO_DETERMINADO	Inventario por ruta y metadatos; no inspecciona registros personales.
control/evidencias/2026-04-04_22-54-11_fix5_recovery_estable/audits_reconstruccion_codigo_unico_nivmax/09_niv_aca_supera_max_estructural.csv	09_niv_aca_supera_max_estructural.csv	.csv	3771	2026-04-04T22:54:11.951818-03:00	TRACKED_OR_UNMODIFIED	control, auditoría o gobernanza	NO_DETERMINADO	Inventario por ruta y metadatos; no inspecciona registros personales.
control/evidencias/2026-04-04_22-54-11_fix5_recovery_estable/audits_reconstruccion_codigo_unico_nivmax/04_oficial_vs_maestra.csv	04_oficial_vs_maestra.csv	.csv	993632	2026-04-04T22:54:11.952972-03:00	TRACKED_OR_UNMODIFIED	control, auditoría o gobernanza	NO_DETERMINADO	Inventario por ruta y metadatos; no inspecciona registros personales.
control/evidencias/2026-04-04_22-54-11_fix5_recovery_estable/audits_reconstruccion_codigo_unico_nivmax/05_maestra_usada.csv	05_maestra_usada.csv	.csv	25790	2026-04-04T22:54:11.953776-03:00	TRACKED_OR_UNMODIFIED	control, auditoría o gobernanza	NO_DETERMINADO	Inventario por ruta y metadatos; no inspecciona registros personales.
control/punto_0_carga_principal_mu2026/VALIDACION_PUNTO_0_CARGA_PRINCIPAL_MU2026.xlsx	VALIDACION_PUNTO_0_CARGA_PRINCIPAL_MU2026.xlsx	.xlsx	6854	2026-05-09T00:17:12.062686-04:00	TRACKED_OR_UNMODIFIED	control, auditoría o gobernanza	NO_DETERMINADO	Inventario por ruta y metadatos; no inspecciona registros personales.
control/punto_0_carga_principal_mu2026/VALIDACION_PUNTO_0_CARGA_PRINCIPAL_MU2026.csv	VALIDACION_PUNTO_0_CARGA_PRINCIPAL_MU2026.csv	.csv	581	2026-05-09T00:17:11.941077-04:00	TRACKED_OR_UNMODIFIED	control, auditoría o gobernanza	NO_DETERMINADO	Inventario por ruta y metadatos; no inspecciona registros personales.
control/punto_0_carga_principal_mu2026/archivos_congelados/AUDITORIA_EXCLUSIONES_PES_READY__auditoria_exclusiones_pes_ready_20260508_230900.csv	AUDITORIA_EXCLUSIONES_PES_READY__auditoria_exclusiones_pes_ready_20260508_230900.csv	.csv	7261	2026-05-08T23:09:00.486238-04:00	TRACKED_OR_UNMODIFIED	control, auditoría o gobernanza	NO_DETERMINADO	Inventario por ruta y metadatos; no inspecciona registros personales.
control/punto_0_carga_principal_mu2026/archivos_congelados/AUDITORIA_VIG0_RUT__auditoria_ruts_forzados_vigencia_0.csv	AUDITORIA_VIG0_RUT__auditoria_ruts_forzados_vigencia_0.csv	.csv	34877	2026-05-08T23:09:00.462423-04:00	TRACKED_OR_UNMODIFIED	control, auditoría o gobernanza	NO_DETERMINADO	Inventario por ruta y metadatos; no inspecciona registros personales.
control/punto_0_carga_principal_mu2026/archivos_congelados/AUDITORIA_CONSOLIDACION_CODCLI__auditoria_consolidacion_codcli.tsv	AUDITORIA_CONSOLIDACION_CODCLI__auditoria_consolidacion_codcli.tsv	.tsv	3333652	2026-05-08T23:09:00.651236-04:00	TRACKED_OR_UNMODIFIED	control, auditoría o gobernanza	NO_DETERMINADO	Inventario por ruta y metadatos; no inspecciona registros personales.
control/punto_0_carga_principal_mu2026/archivos_congelados/PARA_SUBIR_DESKTOP__matricula_unificada_2026_pregrado_PARA_SUBIR.csv	PARA_SUBIR_DESKTOP__matricula_unificada_2026_pregrado_PARA_SUBIR.csv	.csv	508017	2026-05-08T23:09:00.571960-04:00	TRACKED_OR_UNMODIFIED	control, auditoría o gobernanza	NO_DETERMINADO	Inventario por ruta y metadatos; no inspecciona registros personales.
control/punto_0_carga_principal_mu2026/archivos_congelados/BRUTO_REPO__matricula_unificada_2026_pregrado.csv	BRUTO_REPO__matricula_unificada_2026_pregrado.csv	.csv	513582	2026-05-08T23:09:00.261820-04:00	TRACKED_OR_UNMODIFIED	control, auditoría o gobernanza	NO_DETERMINADO	Inventario por ruta y metadatos; no inspecciona registros personales.
control/punto_0_carga_principal_mu2026/archivos_congelados/PES_READY_REPO__matricula_unificada_2026_pregrado_PES_READY.csv	PES_READY_REPO__matricula_unificada_2026_pregrado_PES_READY.csv	.csv	508017	2026-05-08T23:09:00.480195-04:00	TRACKED_OR_UNMODIFIED	control, auditoría o gobernanza	NO_DETERMINADO	Inventario por ruta y metadatos; no inspecciona registros personales.
control/punto_0_carga_principal_mu2026/archivos_congelados/VERIFICACION_EXCLUSIONES_PES_READY__verificacion_exclusiones_pes_ready_20260508_230900.csv	VERIFICACION_EXCLUSIONES_PES_READY__verificacion_exclusiones_pes_ready_20260508_230900.csv	.csv	7025	2026-05-08T23:09:00.553679-04:00	TRACKED_OR_UNMODIFIED	control, auditoría o gobernanza	NO_DETERMINADO	Inventario por ruta y metadatos; no inspecciona registros personales.
control/auditoria_mu2026_punto0_complemento95/HASHES_COPIAS.tsv	HASHES_COPIAS.tsv	.tsv	5919	2026-05-09T00:34:54.677009-04:00	TRACKED_OR_UNMODIFIED	control, auditoría o gobernanza	NO_DETERMINADO	Inventario por ruta y metadatos; no inspecciona registros personales.
control/auditoria_mu2026_punto0_complemento95/VALIDACION_CARGA_PRINCIPAL.tsv	VALIDACION_CARGA_PRINCIPAL.tsv	.tsv	621	2026-05-09T00:34:54.677810-04:00	TRACKED_OR_UNMODIFIED	control, auditoría o gobernanza	NO_DETERMINADO	Inventario por ruta y metadatos; no inspecciona registros personales.
control/auditoria_mu2026_punto0_complemento95/VALIDACION_COMPLEMENTO_95.tsv	VALIDACION_COMPLEMENTO_95.tsv	.tsv	625	2026-05-09T00:34:54.678027-04:00	TRACKED_OR_UNMODIFIED	control, auditoría o gobernanza	NO_DETERMINADO	Inventario por ruta y metadatos; no inspecciona registros personales.
control/auditoria_mu2026_punto0_complemento95/HASHES_ORIGINALES.tsv	HASHES_ORIGINALES.tsv	.tsv	4625	2026-05-09T00:34:54.676793-04:00	TRACKED_OR_UNMODIFIED	control, auditoría o gobernanza	NO_DETERMINADO	Inventario por ruta y metadatos; no inspecciona registros personales.
control/auditoria_mu2026_punto0_complemento95/VALIDACION_ARCHIVOS.tsv	VALIDACION_ARCHIVOS.tsv	.tsv	4100	2026-05-09T00:34:54.677505-04:00	TRACKED_OR_UNMODIFIED	control, auditoría o gobernanza	NO_DETERMINADO	Inventario por ruta y metadatos; no inspecciona registros personales.
control/auditoria_mu2026_punto0_complemento95/COMPARACION_HASHES.tsv	COMPARACION_HASHES.tsv	.tsv	6847	2026-05-09T00:34:54.677267-04:00	TRACKED_OR_UNMODIFIED	control, auditoría o gobernanza	NO_DETERMINADO	Inventario por ruta y metadatos; no inspecciona registros personales.
control/auditoria_mu2026_punto0_complemento95/archivos_congelados/auditorias_previas/auditoria_multi_codcli_decision_final.xlsx	auditoria_multi_codcli_decision_final.xlsx	.xlsx	14376	2026-05-08T23:39:41.819933-04:00	TRACKED_OR_UNMODIFIED	control, auditoría o gobernanza	NO_DETERMINADO	Inventario por ruta y metadatos; no inspecciona registros personales.
control/auditoria_mu2026_punto0_complemento95/archivos_congelados/auditorias_previas/auditoria_multi_codcli_decision_final.csv	auditoria_multi_codcli_decision_final.csv	.csv	29313	2026-05-08T23:39:41.801822-04:00	TRACKED_OR_UNMODIFIED	control, auditoría o gobernanza	NO_DETERMINADO	Inventario por ruta y metadatos; no inspecciona registros personales.
control/auditoria_mu2026_punto0_complemento95/archivos_congelados/auditorias_previas/auditoria_riesgo_no_subir_95_codcli.xlsx	auditoria_riesgo_no_subir_95_codcli.xlsx	.xlsx	11346	2026-05-08T23:54:37.453091-04:00	TRACKED_OR_UNMODIFIED	control, auditoría o gobernanza	NO_DETERMINADO	Inventario por ruta y metadatos; no inspecciona registros personales.
control/auditoria_mu2026_punto0_complemento95/archivos_congelados/auditorias_previas/auditoria_confirmacion_vigencia_real_95_codcli.xlsx	auditoria_confirmacion_vigencia_real_95_codcli.xlsx	.xlsx	20202	2026-05-08T23:46:42.211889-04:00	TRACKED_OR_UNMODIFIED	control, auditoría o gobernanza	NO_DETERMINADO	Inventario por ruta y metadatos; no inspecciona registros personales.
control/auditoria_mu2026_punto0_complemento95/archivos_congelados/auditorias_previas/nomina_codcli_vigentes_a_reincorporar_mu2026.csv	nomina_codcli_vigentes_a_reincorporar_mu2026.csv	.csv	24342	2026-05-08T23:40:43.960310-04:00	TRACKED_OR_UNMODIFIED	control, auditoría o gobernanza	NO_DETERMINADO	Inventario por ruta y metadatos; no inspecciona registros personales.
control/auditoria_mu2026_punto0_complemento95/archivos_congelados/auditorias_previas/auditoria_confirmacion_vigencia_real_95_codcli.csv	auditoria_confirmacion_vigencia_real_95_codcli.csv	.csv	34029	2026-05-08T23:46:42.182279-04:00	TRACKED_OR_UNMODIFIED	control, auditoría o gobernanza	NO_DETERMINADO	Inventario por ruta y metadatos; no inspecciona registros personales.
control/auditoria_mu2026_punto0_complemento95/archivos_congelados/auditorias_previas/nomina_codcli_vigentes_a_reincorporar_mu2026.xlsx	nomina_codcli_vigentes_a_reincorporar_mu2026.xlsx	.xlsx	10110	2026-05-08T23:40:44.055573-04:00	TRACKED_OR_UNMODIFIED	control, auditoría o gobernanza	NO_DETERMINADO	Inventario por ruta y metadatos; no inspecciona registros personales.
control/auditoria_mu2026_punto0_complemento95/archivos_congelados/complemento_95/00_resguardo_carga_principal.csv	00_resguardo_carga_principal.csv	.csv	247	2026-05-09T00:10:38.805608-04:00	TRACKED_OR_UNMODIFIED	control, auditoría o gobernanza	NO_DETERMINADO	Inventario por ruta y metadatos; no inspecciona registros personales.
control/auditoria_mu2026_punto0_complemento95/archivos_congelados/complemento_95/02_auditoria_vigencia_datosalumnos.csv	02_auditoria_vigencia_datosalumnos.csv	.csv	5639	2026-05-09T00:10:42.242968-04:00	TRACKED_OR_UNMODIFIED	control, auditoría o gobernanza	NO_DETERMINADO	Inventario por ruta y metadatos; no inspecciona registros personales.
control/auditoria_mu2026_punto0_complemento95/archivos_congelados/complemento_95/01_auditoria_nomina_95.csv	01_auditoria_nomina_95.csv	.csv	24339	2026-05-09T00:10:38.809885-04:00	TRACKED_OR_UNMODIFIED	control, auditoría o gobernanza	NO_DETERMINADO	Inventario por ruta y metadatos; no inspecciona registros personales.
control/auditoria_mu2026_punto0_complemento95/archivos_congelados/complemento_95/04_auditoria_32_campos_complemento_95.csv	04_auditoria_32_campos_complemento_95.csv	.csv	117657	2026-05-09T00:10:42.318636-04:00	TRACKED_OR_UNMODIFIED	control, auditoría o gobernanza	NO_DETERMINADO	Inventario por ruta y metadatos; no inspecciona registros personales.
control/auditoria_mu2026_punto0_complemento95/archivos_congelados/complemento_95/matricula_unificada_2026_COMPLEMENTO_95_CODCLI_PARA_SUBIR.csv	matricula_unificada_2026_COMPLEMENTO_95_CODCLI_PARA_SUBIR.csv	.csv	11611	2026-05-09T00:10:42.320752-04:00	TRACKED_OR_UNMODIFIED	control, auditoría o gobernanza	NO_DETERMINADO	Inventario por ruta y metadatos; no inspecciona registros personales.
control/auditoria_mu2026_punto0_complemento95/archivos_congelados/carga_principal/matricula_unificada_2026_pregrado_PES_READY.csv	matricula_unificada_2026_pregrado_PES_READY.csv	.csv	508017	2026-05-08T23:09:00.480195-04:00	TRACKED_OR_UNMODIFIED	control, auditoría o gobernanza	NO_DETERMINADO	Inventario por ruta y metadatos; no inspecciona registros personales.
control/auditoria_mu2026_punto0_complemento95/archivos_congelados/carga_principal/matricula_unificada_2026_pregrado.csv	matricula_unificada_2026_pregrado.csv	.csv	513582	2026-05-08T23:09:00.261820-04:00	TRACKED_OR_UNMODIFIED	control, auditoría o gobernanza	NO_DETERMINADO	Inventario por ruta y metadatos; no inspecciona registros personales.
control/auditoria_mu2026_punto0_complemento95/archivos_congelados/carga_principal/matricula_unificada_2026_pregrado_PARA_SUBIR.csv	matricula_unificada_2026_pregrado_PARA_SUBIR.csv	.csv	508017	2026-05-08T23:09:00.571960-04:00	TRACKED_OR_UNMODIFIED	control, auditoría o gobernanza	NO_DETERMINADO	Inventario por ruta y metadatos; no inspecciona registros personales.
control/auditoria_mu2026_punto0_complemento95/evidencia/punto_0/punto_0_carga_principal_mu2026/VALIDACION_PUNTO_0_CARGA_PRINCIPAL_MU2026.xlsx	VALIDACION_PUNTO_0_CARGA_PRINCIPAL_MU2026.xlsx	.xlsx	6854	2026-05-09T00:17:12.062686-04:00	TRACKED_OR_UNMODIFIED	control, auditoría o gobernanza	NO_DETERMINADO	Inventario por ruta y metadatos; no inspecciona registros personales.
control/auditoria_mu2026_punto0_complemento95/evidencia/punto_0/punto_0_carga_principal_mu2026/VALIDACION_PUNTO_0_CARGA_PRINCIPAL_MU2026.csv	VALIDACION_PUNTO_0_CARGA_PRINCIPAL_MU2026.csv	.csv	581	2026-05-09T00:17:11.941077-04:00	TRACKED_OR_UNMODIFIED	control, auditoría o gobernanza	NO_DETERMINADO	Inventario por ruta y metadatos; no inspecciona registros personales.
control/auditoria_mu2026_punto0_complemento95/evidencia/punto_0/punto_0_carga_principal_mu2026/archivos_congelados/AUDITORIA_EXCLUSIONES_PES_READY__auditoria_exclusiones_pes_ready_20260508_230900.csv	AUDITORIA_EXCLUSIONES_PES_READY__auditoria_exclusiones_pes_ready_20260508_230900.csv	.csv	7261	2026-05-08T23:09:00.486238-04:00	TRACKED_OR_UNMODIFIED	control, auditoría o gobernanza	NO_DETERMINADO	Inventario por ruta y metadatos; no inspecciona registros personales.
control/auditoria_mu2026_punto0_complemento95/evidencia/punto_0/punto_0_carga_principal_mu2026/archivos_congelados/AUDITORIA_VIG0_RUT__auditoria_ruts_forzados_vigencia_0.csv	AUDITORIA_VIG0_RUT__auditoria_ruts_forzados_vigencia_0.csv	.csv	34877	2026-05-08T23:09:00.462423-04:00	TRACKED_OR_UNMODIFIED	control, auditoría o gobernanza	NO_DETERMINADO	Inventario por ruta y metadatos; no inspecciona registros personales.
control/auditoria_mu2026_punto0_complemento95/evidencia/punto_0/punto_0_carga_principal_mu2026/archivos_congelados/AUDITORIA_CONSOLIDACION_CODCLI__auditoria_consolidacion_codcli.tsv	AUDITORIA_CONSOLIDACION_CODCLI__auditoria_consolidacion_codcli.tsv	.tsv	3333652	2026-05-08T23:09:00.651236-04:00	TRACKED_OR_UNMODIFIED	control, auditoría o gobernanza	NO_DETERMINADO	Inventario por ruta y metadatos; no inspecciona registros personales.
control/auditoria_mu2026_punto0_complemento95/evidencia/punto_0/punto_0_carga_principal_mu2026/archivos_congelados/PARA_SUBIR_DESKTOP__matricula_unificada_2026_pregrado_PARA_SUBIR.csv	PARA_SUBIR_DESKTOP__matricula_unificada_2026_pregrado_PARA_SUBIR.csv	.csv	508017	2026-05-08T23:09:00.571960-04:00	TRACKED_OR_UNMODIFIED	control, auditoría o gobernanza	NO_DETERMINADO	Inventario por ruta y metadatos; no inspecciona registros personales.
control/auditoria_mu2026_punto0_complemento95/evidencia/punto_0/punto_0_carga_principal_mu2026/archivos_congelados/BRUTO_REPO__matricula_unificada_2026_pregrado.csv	BRUTO_REPO__matricula_unificada_2026_pregrado.csv	.csv	513582	2026-05-08T23:09:00.261820-04:00	TRACKED_OR_UNMODIFIED	control, auditoría o gobernanza	NO_DETERMINADO	Inventario por ruta y metadatos; no inspecciona registros personales.
control/auditoria_mu2026_punto0_complemento95/evidencia/punto_0/punto_0_carga_principal_mu2026/archivos_congelados/PES_READY_REPO__matricula_unificada_2026_pregrado_PES_READY.csv	PES_READY_REPO__matricula_unificada_2026_pregrado_PES_READY.csv	.csv	508017	2026-05-08T23:09:00.480195-04:00	TRACKED_OR_UNMODIFIED	control, auditoría o gobernanza	NO_DETERMINADO	Inventario por ruta y metadatos; no inspecciona registros personales.
control/auditoria_mu2026_punto0_complemento95/evidencia/punto_0/punto_0_carga_principal_mu2026/archivos_congelados/VERIFICACION_EXCLUSIONES_PES_READY__verificacion_exclusiones_pes_ready_20260508_230900.csv	VERIFICACION_EXCLUSIONES_PES_READY__verificacion_exclusiones_pes_ready_20260508_230900.csv	.csv	7025	2026-05-08T23:09:00.553679-04:00	TRACKED_OR_UNMODIFIED	control, auditoría o gobernanza	NO_DETERMINADO	Inventario por ruta y metadatos; no inspecciona registros personales.
control/auditoria_mu2026_punto0_complemento95/evidencia/complemento_95/complemento_95_codcli/00_resguardo_carga_principal.csv	00_resguardo_carga_principal.csv	.csv	247	2026-05-09T00:10:38.805608-04:00	TRACKED_OR_UNMODIFIED	control, auditoría o gobernanza	NO_DETERMINADO	Inventario por ruta y metadatos; no inspecciona registros personales.
control/auditoria_mu2026_punto0_complemento95/evidencia/complemento_95/complemento_95_codcli/02_auditoria_vigencia_datosalumnos.csv	02_auditoria_vigencia_datosalumnos.csv	.csv	5639	2026-05-09T00:10:42.242968-04:00	TRACKED_OR_UNMODIFIED	control, auditoría o gobernanza	NO_DETERMINADO	Inventario por ruta y metadatos; no inspecciona registros personales.
control/auditoria_mu2026_punto0_complemento95/evidencia/complemento_95/complemento_95_codcli/01_auditoria_nomina_95.csv	01_auditoria_nomina_95.csv	.csv	24339	2026-05-09T00:10:38.809885-04:00	TRACKED_OR_UNMODIFIED	control, auditoría o gobernanza	NO_DETERMINADO	Inventario por ruta y metadatos; no inspecciona registros personales.
control/auditoria_mu2026_punto0_complemento95/evidencia/complemento_95/complemento_95_codcli/04_auditoria_32_campos_complemento_95.csv	04_auditoria_32_campos_complemento_95.csv	.csv	117657	2026-05-09T00:10:42.318636-04:00	TRACKED_OR_UNMODIFIED	control, auditoría o gobernanza	NO_DETERMINADO	Inventario por ruta y metadatos; no inspecciona registros personales.
control/auditoria_mu2026_punto0_complemento95/evidencia/complemento_95/complemento_95_codcli/matricula_unificada_2026_COMPLEMENTO_95_CODCLI_PARA_SUBIR.csv	matricula_unificada_2026_COMPLEMENTO_95_CODCLI_PARA_SUBIR.csv	.csv	11611	2026-05-09T00:10:42.320752-04:00	TRACKED_OR_UNMODIFIED	control, auditoría o gobernanza	NO_DETERMINADO	Inventario por ruta y metadatos; no inspecciona registros personales.
control/auditoria_ayz/detalle_errores_ayz.csv	detalle_errores_ayz.csv	.csv	54	2026-05-07T08:30:50.758976-04:00	TRACKED_OR_UNMODIFIED	control, auditoría o gobernanza	NO_DETERMINADO	Inventario por ruta y metadatos; no inspecciona registros personales.
control/auditoria_ayz/detalle_errores_ayz.xlsx	detalle_errores_ayz.xlsx	.xlsx	4879	2026-05-07T08:30:50.867058-04:00	TRACKED_OR_UNMODIFIED	control, auditoría o gobernanza	NO_DETERMINADO	Inventario por ruta y metadatos; no inspecciona registros personales.
control/catalogos/PUENTE_SIES_COMPILADO.tsv	PUENTE_SIES_COMPILADO.tsv	.tsv	55099	2026-05-07T22:52:03.679623-04:00	TRACKED_OR_UNMODIFIED	control, auditoría o gobernanza	NO_DETERMINADO	Inventario por ruta y metadatos; no inspecciona registros personales.
control/diccionarios/diccionario_postgrado_postitulo_mu2026_backup_20260508_090455.tsv	diccionario_postgrado_postitulo_mu2026_backup_20260508_090455.tsv	.tsv	4392	2026-05-08T09:04:55.977516-04:00	TRACKED_OR_UNMODIFIED	control, auditoría o gobernanza	NO_DETERMINADO	Inventario por ruta y metadatos; no inspecciona registros personales.
control/diccionarios/diccionario_postgrado_postitulo_mu2026.tsv	diccionario_postgrado_postitulo_mu2026.tsv	.tsv	5385	2026-05-08T09:21:13.607417-04:00	TRACKED_OR_UNMODIFIED	control, auditoría o gobernanza	NO_DETERMINADO	Inventario por ruta y metadatos; no inspecciona registros personales.
control/diccionarios/diccionario_postgrado_postitulo_mu2026_backup_pre_dsof_20260508_092113.tsv	diccionario_postgrado_postitulo_mu2026_backup_pre_dsof_20260508_092113.tsv	.tsv	5136	2026-05-08T09:21:13.537629-04:00	TRACKED_OR_UNMODIFIED	control, auditoría o gobernanza	NO_DETERMINADO	Inventario por ruta y metadatos; no inspecciona registros personales.
control/gate/gate_final_mu_2026.md	gate_final_mu_2026.md	.md	3109	2026-06-26T00:47:07.961139-04:00	TRACKED_OR_UNMODIFIED	control, auditoría o gobernanza	NO_DETERMINADO	Inventario por ruta y metadatos; no inspecciona registros personales.
control/fixtures/mu2026_validacion_cruzada/reglas_manual.tsv	reglas_manual.tsv	.tsv	2167	2026-05-07T09:18:09.297863-04:00	TRACKED_OR_UNMODIFIED	fuente normativa	NO_DETERMINADO	Inventario por ruta y metadatos; no inspecciona registros personales.
control/fixtures/mu2026_validacion_cruzada/guia_comparacion.tsv	guia_comparacion.tsv	.tsv	1087	2026-05-07T09:18:09.317350-04:00	TRACKED_OR_UNMODIFIED	control, auditoría o gobernanza	NO_DETERMINADO	Inventario por ruta y metadatos; no inspecciona registros personales.
control/fixtures/mu2026_validacion_cruzada/casos_error_controlados.tsv	casos_error_controlados.tsv	.tsv	3941	2026-05-07T09:18:09.297930-04:00	TRACKED_OR_UNMODIFIED	control, auditoría o gobernanza	NO_DETERMINADO	Inventario por ruta y metadatos; no inspecciona registros personales.
control/fixtures/mu2026_validacion_cruzada/entrada_correcta_20.tsv	entrada_correcta_20.tsv	.tsv	5279	2026-05-07T09:18:09.297900-04:00	TRACKED_OR_UNMODIFIED	control, auditoría o gobernanza	NO_DETERMINADO	Inventario por ruta y metadatos; no inspecciona registros personales.
control/fixtures/mu2026_validacion_cruzada/salida_esperada_mu32.tsv	salida_esperada_mu32.tsv	.tsv	4771	2026-05-07T09:18:09.297931-04:00	TRACKED_OR_UNMODIFIED	control, auditoría o gobernanza	NO_DETERMINADO	Inventario por ruta y metadatos; no inspecciona registros personales.
control/fixtures/mu2026_validacion_cruzada/resultados/resultado_fixture_validos.tsv	resultado_fixture_validos.tsv	.tsv	1979	2026-05-07T09:31:57.632569-04:00	TRACKED_OR_UNMODIFIED	control, auditoría o gobernanza	SI	Inventario por ruta y metadatos; no inspecciona registros personales.
control/fixtures/mu2026_validacion_cruzada/resultados/comparacion_esperado_vs_obtenido.tsv	comparacion_esperado_vs_obtenido.tsv	.tsv	56	2026-05-07T09:31:57.634676-04:00	TRACKED_OR_UNMODIFIED	control, auditoría o gobernanza	SI	Inventario por ruta y metadatos; no inspecciona registros personales.
control/fixtures/mu2026_validacion_cruzada/resultados/resultado_fixture_errores.tsv	resultado_fixture_errores.tsv	.tsv	1715	2026-05-07T09:31:57.633940-04:00	TRACKED_OR_UNMODIFIED	control, auditoría o gobernanza	SI	Inventario por ruta y metadatos; no inspecciona registros personales.
control/pendientes/backlog_residual_mu_2026.tsv	backlog_residual_mu_2026.tsv	.tsv	1	2026-06-26T00:47:07.961510-04:00	TRACKED_OR_UNMODIFIED	control, auditoría o gobernanza	NO_DETERMINADO	Inventario por ruta y metadatos; no inspecciona registros personales.
control/pendientes/backfill_duracion_desde_matriz.tsv	backfill_duracion_desde_matriz.tsv	.tsv	1147	2026-04-08T00:00:22.304851-04:00	TRACKED_OR_UNMODIFIED	control, auditoría o gobernanza	NO_DETERMINADO	Inventario por ruta y metadatos; no inspecciona registros personales.
control/pendientes/codcli_pendientes_resolucion_manual.tsv	codcli_pendientes_resolucion_manual.tsv	.tsv	112549	2026-04-08T01:29:47.984964-04:00	TRACKED_OR_UNMODIFIED	fuente normativa	NO_DETERMINADO	Inventario por ruta y metadatos; no inspecciona registros personales.
control/pendientes/cierres_backlog_mu_2026.tsv	cierres_backlog_mu_2026.tsv	.tsv	699	2026-05-07T08:48:29.772063-04:00	TRACKED_OR_UNMODIFIED	control, auditoría o gobernanza	NO_DETERMINADO	Inventario por ruta y metadatos; no inspecciona registros personales.
control/pendientes/fase4_adaptador_pendientes.tsv	fase4_adaptador_pendientes.tsv	.tsv	2009775	2026-04-08T00:09:21.065430-04:00	TRACKED_OR_UNMODIFIED	control, auditoría o gobernanza	NO_DETERMINADO	Inventario por ruta y metadatos; no inspecciona registros personales.
control/pendientes/codcarpr_resolucion_ambigua_fase3.tsv	codcarpr_resolucion_ambigua_fase3.tsv	.tsv	6728	2026-04-08T00:01:49.587289-04:00	TRACKED_OR_UNMODIFIED	control, auditoría o gobernanza	NO_DETERMINADO	Inventario por ruta y metadatos; no inspecciona registros personales.
control/pendientes/plantilla_backlog_residual_bloqueo.tsv	plantilla_backlog_residual_bloqueo.tsv	.tsv	379	2026-04-03T22:02:03.645603-03:00	TRACKED_OR_UNMODIFIED	control, auditoría o gobernanza	NO_DETERMINADO	Inventario por ruta y metadatos; no inspecciona registros personales.
control/auditoria_mu2026_complemento95_cierre_final/HASH_ARCHIVO_FINAL_COMPLEMENTO_95.tsv	HASH_ARCHIVO_FINAL_COMPLEMENTO_95.tsv	.tsv	635	2026-05-11T13:22:06.039572-04:00	TRACKED_OR_UNMODIFIED	control, auditoría o gobernanza	NO_DETERMINADO	Inventario por ruta y metadatos; no inspecciona registros personales.
control/auditoria_mu2026_complemento95_cierre_final/MANIFEST_CIERRE_COMPLEMENTO_95 2.json	MANIFEST_CIERRE_COMPLEMENTO_95 2.json	.json	2790	2026-05-11T12:29:13-04:00	TRACKED_OR_UNMODIFIED	control, auditoría o gobernanza	NO_DETERMINADO	Inventario por ruta y metadatos; no inspecciona registros personales.
control/auditoria_mu2026_complemento95_cierre_final/BITACORA_CIERRE_COMPLEMENTO_95.tsv	BITACORA_CIERRE_COMPLEMENTO_95.tsv	.tsv	1505	2026-05-11T13:22:06.039577-04:00	TRACKED_OR_UNMODIFIED	control, auditoría o gobernanza	NO_DETERMINADO	Inventario por ruta y metadatos; no inspecciona registros personales.
gobernanza_catalogos/gob_datosalumnos_estadoacademico_situacion.tsv	gob_datosalumnos_estadoacademico_situacion.tsv	.tsv	3407	2026-04-09T09:08:38.705404-04:00	TRACKED_OR_UNMODIFIED	gobernanza existente	NO_DETERMINADO	Inventario por ruta y metadatos; no inspecciona registros personales.
gobernanza_catalogos/gob_promedios_hoja1_estado_academico_descripcion.tsv	gob_promedios_hoja1_estado_academico_descripcion.tsv	.tsv	2206	2026-04-09T09:08:31.079399-04:00	TRACKED_OR_UNMODIFIED	gobernanza existente	NO_DETERMINADO	Inventario por ruta y metadatos; no inspecciona registros personales.
src/__init__.py	__init__.py	.py	44	2026-04-09T09:47:02.688136-04:00	TRACKED_OR_UNMODIFIED	código activo o transicional	NO_DETERMINADO	Inventario por ruta y metadatos; no inspecciona registros personales.
src/patches/__init__.py	__init__.py	.py	664	2026-04-09T09:51:16.985170-04:00	TRACKED_OR_UNMODIFIED	código activo o transicional	NO_DETERMINADO	Inventario por ruta y metadatos; no inspecciona registros personales.
src/patches/apply_patches.py	apply_patches.py	.py	8720	2026-04-09T09:51:16.988420-04:00	TRACKED_OR_UNMODIFIED	código activo o transicional	NO_DETERMINADO	Inventario por ruta y metadatos; no inspecciona registros personales.
